date,actual_open,actual_high,actual_low,actual_close,actual_volume,actual_amount,pred_open,pred_high,pred_low,pred_close,pred_volume,pred_amount,window_index,training_loss
2022-06-24,634.3499755859375,642.4500122070312,631.6500244140625,634.0,6918584.0,4386382256.0,632.4442138671875,640.51611328125,625.9951782226562,632.7356567382812,6537725.0,4533659136.0,0,2.781491279602051
2022-06-27,644.0,646.9000244140625,634.7000122070312,637.0999755859375,4552114.0,2900151718.2644043,647.1666259765625,659.5927124023438,635.9657592773438,646.465087890625,6683615.0,4606210048.0,1,2.781491279602051
2022-06-28,634.0,644.7000122070312,632.0,642.3499755859375,10711123.0,6880289597.547974,634.5079345703125,653.299072265625,631.7049560546875,649.6712646484375,9144727.0,6146538496.0,2,2.781491279602051
2022-06-29,636.3499755859375,637.7999877929688,623.5,625.5499877929688,13620084.0,8520043379.939209,635.416259765625,645.6768798828125,630.3502807617188,640.3317260742188,3914869.5,2719324160.0,3,2.781491279602051
2022-06-30,624.0,639.2999877929688,623.6500244140625,636.7999877929688,10563138.0,6726606149.455444,635.2987060546875,647.5045166015625,627.2791748046875,638.2908325195312,10325197.0,6976839680.0,4,2.781491279602051
2022-07-01,633.0,646.5999755859375,631.7999877929688,643.9500122070312,6549359.0,4217459807.99823,640.1793823242188,656.023193359375,636.033203125,648.7316284179688,11304839.0,7700654592.0,5,2.781491279602051
2022-07-04,641.5499877929688,655.1500244140625,640.5,654.3499755859375,3933384.0,2573809724.370117,639.538818359375,648.7028198242188,622.8861694335938,642.802001953125,6117114.0,4194632960.0,6,2.781491279602051
2022-07-05,656.0999755859375,659.9000244140625,646.0,648.5,5044787.0,3271544369.5,645.0986938476562,649.508544921875,636.8021850585938,640.7003784179688,5703133.0,3980712192.0,7,2.781491279602051
2022-07-06,652.0,659.4000244140625,651.0,657.9500122070312,6684686.0,4398189235.300171,651.3028564453125,656.6138916015625,644.0963134765625,647.6094360351562,6673569.0,4500836864.0,8,2.814648389816284
2022-07-07,663.4500122070312,664.5,651.6500244140625,658.1500244140625,11171714.0,7352663841.846924,679.9509887695312,685.2675170898438,601.59375,673.8718872070312,10527116.0,7133577728.0,9,2.814648389816284
2022-07-08,667.0,676.7999877929688,661.4000244140625,669.1500244140625,12669533.0,8477818316.2647705,658.1427612304688,669.1151123046875,654.1572875976562,663.597900390625,7890848.5,5484917248.0,10,2.814648389816284
2022-07-11,666.5499877929688,681.9500122070312,665.3499755859375,679.8499755859375,14864123.0,10105373658.656372,663.9322509765625,667.43310546875,655.2120971679688,658.90283203125,5753690.0,4073616896.0,11,2.814648389816284
2022-07-12,677.0,685.25,673.0,676.2000122070312,6446810.0,4359333000.696411,668.9263916015625,673.5048828125,659.4703979492188,664.1829223632812,7060275.5,4955912192.0,12,2.814648389816284
2022-07-13,680.0,685.0,676.9500122070312,679.9000244140625,9614674.0,6537017087.333252,673.6241455078125,679.6810913085938,668.0568237304688,673.6964111328125,5458832.0,3907858944.0,13,2.814648389816284
2022-07-14,678.5999755859375,680.4500122070312,665.5999755859375,668.25,8026311.0,5363582325.75,678.4445190429688,713.9536743164062,673.89111328125,694.4271240234375,12154884.0,8661903360.0,14,2.814648389816284
2022-07-15,670.0,674.2000122070312,659.0999755859375,662.2000122070312,6015057.0,3983170818.825989,664.0791625976562,668.9237670898438,648.3982543945312,658.0260620117188,6031876.5,4393158144.0,15,2.814648389816284
2022-07-18,668.0499877929688,688.0,663.4500122070312,684.5,12464664.0,8532062508.0,667.186279296875,672.9462890625,661.0482788085938,665.9268798828125,6462882.5,4526471680.0,16,2.8613200187683105
2022-07-19,678.5999755859375,703.8499755859375,678.5999755859375,700.5999755859375,10171314.0,7126022340.076904,662.0335083007812,695.5755004882812,622.225830078125,689.8692016601562,11945689.0,8274674176.0,17,2.8613200187683105
2022-07-20,706.2999877929688,714.5,702.7000122070312,705.7000122070312,11620331.0,8200467728.549744,707.9857177734375,709.2344360351562,701.0137939453125,702.788330078125,12460785.0,8841059328.0,18,2.8613200187683105
2022-07-21,707.9500122070312,718.4500122070312,704.3499755859375,715.5499877929688,8036515.0,5750528210.14801,708.472900390625,722.1229858398438,704.17578125,715.9238891601562,13259922.0,9389555712.0,19,2.8613200187683105
2022-07-22,717.0,735.0,715.0999755859375,730.75,9713490.0,7098132817.5,712.33251953125,762.0369262695312,708.0025024414062,737.9756469726562,9728790.0,7607533056.0,20,2.8613200187683105
2022-07-25,733.5,738.7999877929688,722.5,727.3499755859375,6230411.0,4531689288.740356,718.453857421875,768.0942993164062,714.7764892578125,762.003662109375,18423288.0,13453347840.0,21,2.8613200187683105
2022-07-26,722.9000244140625,723.4500122070312,702.0499877929688,706.4500122070312,14135744.0,9986196521.355469,726.1868896484375,746.65478515625,719.7342529296875,727.6620483398438,9365232.0,6799146496.0,22,2.8613200187683105
2022-07-27,707.9500122070312,720.5499877929688,703.5999755859375,718.9500122070312,6106880.0,4390541450.546875,701.629638671875,713.524658203125,695.3572387695312,710.4353637695312,7148676.0,5135022080.0,23,2.8613200187683105
2022-07-28,725.0,733.7000122070312,723.0499877929688,725.9000244140625,6964838.0,5055776074.23999,717.2142944335938,728.3926391601562,713.8947143554688,724.0806884765625,7287445.0,5284427264.0,24,3.010733127593994
2022-07-29,733.9000244140625,734.9500122070312,723.0,724.75,6624854.0,4801362936.5,725.6632080078125,737.3748168945312,720.1909790039062,732.3341674804688,6059241.5,4425492480.0,25,3.010733127593994
2022-08-01,726.0,732.2999877929688,720.4000244140625,730.7999877929688,5493105.0,4014361066.9454956,729.330810546875,746.7144775390625,727.2301635742188,742.6001586914062,8463938.0,6153138176.0,26,3.010733127593994
2022-08-02,727.0,734.3499755859375,721.0999755859375,730.4500122070312,7275626.0,5314481100.513794,726.634765625,730.871337890625,720.5684204101562,723.8720703125,4902663.0,3646534656.0,27,3.010733127593994
2022-08-03,730.0,738.5,727.5,730.5,9458761.0,6909624910.5,724.9036865234375,731.3838500976562,705.5698852539062,714.310546875,11207269.0,7891087360.0,28,3.010733127593994
2022-08-04,735.2000122070312,736.7000122070312,712.2000122070312,721.5999755859375,7466635.0,5387923633.709106,729.6516723632812,737.6539916992188,716.5311279296875,725.3927001953125,10901134.0,7859106816.0,29,3.010733127593994
2022-08-05,724.0,731.2000122070312,721.2000122070312,728.5,4583196.0,3338858286.0,711.4327392578125,745.719482421875,709.1329345703125,728.1390991210938,8838088.0,6578433536.0,30,3.010733127593994
2022-08-08,730.0,747.3499755859375,728.0999755859375,745.5499877929688,8191870.0,6107448578.501587,723.6383666992188,735.1412963867188,720.121826171875,729.992919921875,7732206.0,5596045312.0,31,3.010733127593994
2022-08-10,745.0,747.8499755859375,736.1500244140625,739.0,9069541.0,6702390799.0,752.5289916992188,783.6365966796875,751.6516723632812,780.0219116210938,6968899.0,5207454720.0,32,3.027777671813965
2022-08-11,743.0499877929688,760.6500244140625,743.0499877929688,758.8499755859375,12384073.0,9397653493.704468,736.2099609375,750.6654663085938,711.5599975585938,735.3138427734375,6466097.5,4871127552.0,33,3.027777671813965
2022-08-12,758.7000122070312,762.0,753.4000244140625,760.5499877929688,4614341.0,3509436991.222595,754.6661376953125,761.462890625,746.0320434570312,752.38671875,7228451.0,5279657984.0,34,3.027777671813965
2022-08-16,765.0,772.0,758.4500122070312,764.6500244140625,7051498.0,5391928117.855713,752.6735229492188,762.1260986328125,743.3632202148438,754.581787109375,9802980.0,7203783680.0,35,3.027777671813965
2022-08-17,771.4000244140625,773.75,766.25,772.0999755859375,7674390.0,5925396331.636963,769.3719482421875,778.2593383789062,761.5955200195312,770.0101928710938,8235447.5,6066804736.0,36,3.027777671813965
2022-08-18,772.0,776.0,762.0999755859375,765.0499877929688,9449924.0,7229664240.844482,769.8762817382812,777.6668090820312,766.4888305664062,774.8280029296875,4756780.0,3404371200.0,37,3.027777671813965
2022-08-19,772.0,772.6500244140625,750.25,757.5,7553270.0,5721602025.0,764.836669921875,772.814453125,759.274169921875,767.7594604492188,6767088.0,4963390464.0,38,3.027777671813965
2022-08-22,753.4000244140625,754.4500122070312,739.2000122070312,741.8499755859375,4994311.0,3705029493.418579,753.6119384765625,761.77099609375,748.5718994140625,756.80859375,7180386.5,5249453568.0,39,3.027777671813965
2022-08-23,738.0,750.8499755859375,733.7999877929688,747.0499877929688,6594634.0,4926521249.199097,742.9281005859375,754.1083984375,738.9157104492188,749.3207397460938,5930396.0,4331194368.0,40,2.9882214069366455
2022-08-24,745.0,752.0499877929688,742.0,750.1500244140625,6875820.0,5157896540.866699,743.37353515625,753.1453247070312,739.9644775390625,747.542724609375,5876302.5,4421282816.0,41,2.9882214069366455
2022-08-25,753.9000244140625,758.5999755859375,740.0,743.3499755859375,6320890.0,4698633427.1813965,705.7947387695312,740.1973266601562,704.544189453125,722.2609252929688,7636378.0,5501702144.0,42,2.9882214069366455
2022-08-26,748.0,755.0,741.2999877929688,744.9000244140625,4613713.0,3436754926.3394775,751.2681274414062,757.3988647460938,745.2701416015625,752.0802001953125,5888886.0,4309521408.0,43,2.9882214069366455
2022-08-29,730.0,734.9000244140625,722.0499877929688,728.7000122070312,5904146.0,4302351262.272095,751.1312255859375,758.5537109375,747.0628662109375,753.6148071289062,4990428.0,3584763904.0,44,2.9882214069366455
2022-08-30,733.0,753.5499877929688,733.0,751.5,9193270.0,6908742405.0,729.7423095703125,736.7872314453125,724.521484375,730.985595703125,5493595.5,3986187776.0,45,2.9882214069366455
2022-09-01,733.5,754.9000244140625,733.5,744.1500244140625,9353805.0,6960634219.11438,747.6736450195312,752.6511840820312,736.8809814453125,744.0643310546875,8543142.0,6245556736.0,46,2.9882214069366455
2022-09-02,749.0,754.5499877929688,740.25,750.2000122070312,7767812.0,5827412657.221924,738.6068725585938,743.1725463867188,726.136962890625,732.76806640625,8278074.0,6007826944.0,47,2.9882214069366455
2022-09-05,750.2000122070312,758.7999877929688,749.3499755859375,756.0999755859375,5894055.0,4456494841.602173,751.1510620117188,755.9483642578125,741.1755981445312,747.7738037109375,8486359.0,6210295808.0,48,2.992326259613037
2022-09-06,758.0,761.5499877929688,748.7999877929688,750.0,7606181.0,5704635750.0,748.1752319335938,750.0487670898438,742.185791015625,746.61572265625,5887336.5,4251567616.0,49,2.992326259613037
2022-09-07,743.1500244140625,758.0,739.0499877929688,755.4000244140625,10156460.0,7672190131.960449,739.6015625,752.5786743164062,727.7196044921875,740.6005859375,18306124.0,13374898176.0,50,2.992326259613037
2022-09-08,761.75,782.2000122070312,757.0999755859375,779.75,13410790.0,10457063502.5,750.1795043945312,755.1815185546875,743.2639770507812,748.9627685546875,6205031.5,4510682112.0,51,2.992326259613037
2022-09-09,787.9500122070312,787.9500122070312,780.0,784.8499755859375,8732302.0,6853547011.509033,794.3389892578125,801.909912109375,785.7359008789062,793.0781860351562,8405158.0,6426055680.0,52,2.992326259613037
2022-09-12,789.0,805.0,786.7999877929688,801.0,15521649.0,12432840849.0,780.6727905273438,786.7113647460938,771.9908447265625,780.0217895507812,6574978.0,4904439296.0,53,2.992326259613037
2022-09-13,805.0,808.9500122070312,803.1500244140625,805.5499877929688,9887516.0,7964888393.102783,791.1043090820312,803.1226196289062,773.4617309570312,784.4716186523438,19668812.0,15144894464.0,54,2.992326259613037
2022-09-14,794.4000244140625,811.3499755859375,794.4000244140625,803.0499877929688,10494713.0,8427779146.54071,805.9928588867188,813.6369018554688,798.9628295898438,808.750732421875,6847606.0,5197472256.0,55,2.992326259613037
2022-09-15,805.5,806.5,787.6500244140625,790.0,5996899.0,4737550210.0,799.4041748046875,804.7076416015625,786.566650390625,794.413818359375,10867541.0,8379358208.0,56,2.9841060638427734
2022-09-16,786.0499877929688,792.5999755859375,776.0999755859375,789.2999877929688,11467351.0,9051180004.317688,800.32421875,810.3056030273438,795.87158203125,805.7225341796875,7199569.5,5477809152.0,57,2.9841060638427734
2022-09-19,789.2999877929688,802.0,786.7000122070312,798.0999755859375,11427799.0,9120526102.901001,779.1627197265625,783.2515869140625,762.0828857421875,770.1331176757812,9869809.0,7380431360.0,58,2.9841060638427734
2022-09-20,806.7999877929688,816.2000122070312,802.0,812.75,8274079.0,6724757707.25,768.47998046875,789.4702758789062,761.83251953125,786.7244873046875,13489898.0,10451904512.0,59,2.9841060638427734
2022-09-21,809.25,816.0,803.3499755859375,806.5499877929688,6567084.0,5296681520.0354,811.8870239257812,826.461669921875,809.079833984375,823.5556640625,7062705.0,5375857152.0,60,2.9841060638427734
2022-09-22,805.0,808.7999877929688,784.2999877929688,789.2000122070312,7804275.0,6159133925.267029,806.8017578125,825.19384765625,802.3049926757812,820.0450439453125,11746453.0,9055143936.0,61,2.9841060638427734
2022-09-23,789.0,789.0,764.25,768.5999755859375,10278805.0,7900289272.052612,789.7721557617188,805.9849853515625,783.8931884765625,801.7557373046875,14887127.0,11374925824.0,62,2.9841060638427734
2022-09-26,759.0,763.5,741.0,742.5999755859375,11090327.0,8235676559.440063,753.758056640625,770.8954467773438,739.4608764648438,761.2197875976562,11057994.0,8036162560.0,63,2.9841060638427734
2022-09-27,746.3499755859375,754.1500244140625,730.5,737.5,11358306.0,8376750675.0,732.9180297851562,745.5347290039062,730.4158325195312,738.943115234375,4216589.0,3110347264.0,64,3.013622283935547
2022-09-28,733.9000244140625,733.9000244140625,707.7000122070312,716.4500122070312,13170668.0,9436125249.374756,727.5382690429688,746.0944213867188,713.9830322265625,729.2169799804688,7242110.0,5236979712.0,65,3.013622283935547
2022-09-29,722.25,730.7999877929688,711.0,719.0,12090981.0,8693415339.0,721.3770751953125,730.4418334960938,711.1732788085938,718.4951171875,11126741.0,8032571392.0,66,3.013622283935547
2022-09-30,720.0,737.75,714.4000244140625,733.2000122070312,9536017.0,6991807780.8064575,724.0294799804688,736.2379760742188,719.322509765625,730.462890625,8261681.5,5994109952.0,67,3.013622283935547
2022-10-03,731.0,742.0,721.0499877929688,722.75,6405645.0,4629679923.75,733.9920654296875,746.3499145507812,728.1170654296875,739.169189453125,8254249.5,6074420736.0,68,3.013622283935547
2022-10-04,733.4000244140625,744.5,732.0,742.7999877929688,5438934.0,4040040108.8067627,728.1569213867188,743.0257568359375,722.9288940429688,741.1227416992188,11589428.0,8403958272.0,69,3.013622283935547
2022-10-06,750.0,760.4000244140625,746.0,755.0999755859375,9376433.0,7080144329.383179,748.6198120117188,757.4137573242188,742.6834106445312,750.8250122070312,6868826.5,5071566336.0,70,3.013622283935547
2022-10-07,753.7999877929688,757.5,742.2999877929688,755.7000122070312,7500540.0,5668158169.559326,760.0404052734375,767.069091796875,753.0429077148438,759.2341918945312,6815513.5,5016467456.0,71,3.013622283935547
2022-10-10,748.0,778.7000122070312,745.0,776.8499755859375,14106654.0,10958753815.499268,756.196044921875,763.8233032226562,750.4747314453125,758.1441650390625,6330214.5,4678773760.0,72,3.0111899375915527
2022-10-11,780.0,795.5,774.5,785.5499877929688,15953495.0,12532267802.505188,770.0286254882812,784.5579223632812,759.1510620117188,762.0482177734375,10303624.0,7690580992.0,73,3.0111899375915527
2022-10-12,789.5,810.7999877929688,783.4500122070312,808.7000122070312,21228018.0,17167098415.73108,788.4719848632812,798.5718994140625,777.997802734375,789.7698364257812,10795992.0,8215012352.0,74,3.0111899375915527
2022-10-13,807.0,814.9500122070312,795.5999755859375,802.0,13024911.0,10445978622.0,806.9658813476562,807.74267578125,776.2334594726562,779.49365234375,16261839.0,12457665536.0,75,3.0111899375915527
2022-10-14,815.5499877929688,820.7000122070312,794.4500122070312,800.5,8220645.0,6580626322.5,802.2803955078125,803.7728271484375,766.3484497070312,771.74951171875,22871262.0,16947025920.0,76,3.0111899375915527
2022-10-17,803.5,817.0,797.0999755859375,814.1500244140625,9463827.0,7704974983.100464,807.7647705078125,824.6533203125,803.6300048828125,821.169677734375,8278411.5,6388615680.0,77,3.0111899375915527
2022-10-18,820.0,822.9000244140625,811.5499877929688,816.3499755859375,8470882.0,6915204313.891357,804.3829345703125,812.5359497070312,798.9127807617188,806.9573364257812,7925168.5,6074772992.0,78,3.0111899375915527
2022-10-19,818.4500122070312,838.4500122070312,816.9000244140625,829.8499755859375,10868663.0,9019359725.201782,824.06201171875,821.7349243164062,801.4551391601562,806.1279296875,9810857.0,7467975168.0,79,3.0111899375915527
2022-10-20,824.9000244140625,831.9000244140625,816.9500122070312,825.8499755859375,11813817.0,9756440481.026733,825.0101318359375,835.778076171875,806.9126586914062,824.6380004882812,10498610.0,8356421632.0,80,2.8196535110473633
2022-10-21,860.0999755859375,906.0,855.8499755859375,900.4000244140625,58057724.0,52275176107.0249,814.4412231445312,826.400146484375,811.3665161132812,822.6536254882812,6781095.0,5232697856.0,81,2.8196535110473633
2022-10-24,916.0,918.4500122070312,905.0,909.4500122070312,3085307.0,2805932488.812439,898.57373046875,946.7374877929688,834.1954956054688,896.8510131835938,34037032.0,28602679296.0,82,2.8196535110473633
2022-10-25,905.7000122070312,910.5999755859375,891.5999755859375,902.8499755859375,13187308.0,11906160705.844238,891.1494140625,915.9779052734375,804.5013427734375,856.5521240234375,25575580.0,21013573632.0,83,2.8196535110473633
2022-10-27,909.0,919.9500122070312,901.25,915.1500244140625,11967044.0,10951640608.76416,846.009033203125,895.3593139648438,811.7344970703125,814.8025512695312,14648364.0,10874297344.0,84,2.8196535110473633
2022-10-28,915.0,917.9500122070312,898.9000244140625,903.0499877929688,7320207.0,6610512841.992004,928.547119140625,931.2742309570312,881.6376953125,893.4819946289062,10980906.0,8995966976.0,85,2.8196535110473633
2022-10-31,908.0,918.0,902.0999755859375,906.0,9038777.0,8189131962.0,879.4071044921875,925.392822265625,867.9335327148438,874.9332275390625,15614866.0,13920863232.0,86,2.8196535110473633
2022-11-01,904.0,904.0,869.0,871.75,29191921.0,25448057131.75,906.71142578125,914.4095458984375,898.2868041992188,908.2161865234375,7691303.0,5920113664.0,87,2.8196535110473633
2022-11-02,875.0,877.0,861.5999755859375,863.5499877929688,11029140.0,9524213712.366943,867.888916015625,889.9667358398438,850.2952880859375,867.10546875,19350108.0,16661975040.0,88,2.783794403076172
2022-11-03,857.9000244140625,880.4000244140625,856.0,864.0499877929688,10185978.0,8801194166.559448,862.8992919921875,865.6104736328125,823.93603515625,831.8045654296875,11774516.0,9206497280.0,89,2.783794403076172
2022-11-04,869.0,872.9000244140625,862.2999877929688,868.0999755859375,7323879.0,6357859181.09436,866.6707763671875,877.158447265625,850.1287231445312,860.0416259765625,11279510.0,8747117568.0,90,2.783794403076172
2022-11-07,876.25,876.7999877929688,861.2999877929688,872.9500122070312,9931261.0,8669494411.181213,857.5028686523438,855.1244506835938,806.3165283203125,813.5476684570312,15293762.0,12397778944.0,91,2.783794403076172
2022-11-09,875.0499877929688,880.75,868.5,873.7000122070312,10190209.0,8903185727.6922,856.838623046875,858.4222412109375,838.9102172851562,844.3016967773438,7195724.5,5311037440.0,92,2.783794403076172
2022-11-10,843.7000122070312,856.7000122070312,841.0,843.7000122070312,18956575.0,15993662558.903503,872.1201171875,882.9904174804688,869.4088745117188,879.2266235351562,6162805.0,4382680064.0,93,2.783794403076172
2022-11-11,847.0,854.7000122070312,844.1500244140625,850.7000122070312,19329819.0,16443877259.259705,836.4347534179688,846.6058349609375,817.9317016601562,828.822509765625,19205078.0,15942837248.0,94,2.783794403076172
2022-11-14,850.5,853.9000244140625,847.3499755859375,851.0,6985306.0,5944495406.0,848.9452514648438,855.598876953125,829.6107177734375,837.5111694335938,13017426.0,10733238272.0,95,2.783794403076172
2022-11-15,851.25,859.8499755859375,847.2000122070312,858.6500244140625,7124767.0,6117681358.494507,853.9615478515625,860.0625610351562,847.4238891601562,853.4674682617188,6722239.5,4950112256.0,96,2.626688241958618
2022-11-16,858.0,861.5999755859375,850.5999755859375,855.4000244140625,6521854.0,5578794070.824951,837.2919921875,848.5701293945312,831.134521484375,840.1448974609375,7418992.0,5299239424.0,97,2.626688241958618
2022-11-17,855.4000244140625,861.4000244140625,852.7000122070312,858.2000122070312,4909607.0,4213424787.331726,856.4258422851562,866.0823974609375,852.2681274414062,861.659912109375,8410367.0,6485270016.0,98,2.626688241958618
2022-11-18,859.2999877929688,865.7999877929688,855.0,859.2000122070312,7065304.0,6070509283.046387,864.4727783203125,876.1212158203125,862.71484375,872.6464233398438,7173177.0,5354872320.0,99,2.626688241958618
2022-11-21,860.0,870.9500122070312,859.0,870.0499877929688,7209207.0,6272370462.346985,853.8062744140625,857.4053344726562,845.5277099609375,850.54150390625,7113764.5,5287570432.0,100,2.626688241958618
2022-11-22,874.9500122070312,877.0,868.3499755859375,870.0499877929688,5535233.0,4815929404.081238,861.74462890625,865.4923706054688,853.3773803710938,858.5218505859375,8203161.0,6334150656.0,101,2.626688241958618
2022-11-23,873.9000244140625,877.7999877929688,868.75,874.7000122070312,5861417.0,5126981521.4505005,872.3819580078125,875.488525390625,853.0587158203125,860.0571899414062,9060606.0,7200424960.0,102,2.626688241958618
2022-11-24,878.0,880.7999877929688,873.0999755859375,878.5499877929688,4928778.0,4330177851.734253,869.6465454101562,872.3064575195312,860.36669921875,864.6293334960938,8051170.0,6215215104.0,103,2.626688241958618
2022-11-25,883.0,891.7999877929688,880.9000244140625,887.75,7614047.0,6759370224.25,868.6553955078125,870.5266723632812,852.4384765625,855.580078125,8782090.0,6828813312.0,104,2.519106864929199
2022-11-28,887.7000122070312,899.5,885.2999877929688,891.7000122070312,7928147.0,7069528776.679138,880.4396362304688,882.1994018554688,871.7715454101562,875.2738647460938,7390714.0,5554877952.0,105,2.519106864929199
2022-11-29,894.4000244140625,901.9000244140625,890.0,892.5499877929688,5661158.0,5052866503.794067,893.8923950195312,902.2396240234375,890.4456176757812,899.0889892578125,6280036.0,4573531648.0,106,2.519106864929199
2022-11-30,895.0,905.0999755859375,885.4500122070312,901.25,10452798.0,9420584197.5,900.6921997070312,907.602294921875,892.8045654296875,900.560791015625,8894216.0,6952824832.0,107,2.519106864929199
2022-12-01,909.5,909.5,899.5,903.8499755859375,7053100.0,6374944262.805176,906.1619873046875,910.9964599609375,880.08837890625,883.8713989257812,9842923.0,7798721024.0,108,2.519106864929199
2022-12-02,898.2999877929688,907.0,891.4000244140625,905.1500244140625,7988851.0,7231108677.690308,892.5267333984375,900.6279296875,875.7522583007812,885.7189331054688,8869181.0,6908118016.0,109,2.519106864929199
2022-12-05,907.0,907.2999877929688,897.5999755859375,899.2000122070312,5098164.0,4584269131.033447,890.085693359375,895.970947265625,883.904541015625,889.97900390625,6490771.0,4842075136.0,110,2.519106864929199
2022-12-06,897.5,906.9000244140625,895.7000122070312,904.6500244140625,5351099.0,4840871840.992065,894.1443481445312,895.0866088867188,878.2249755859375,881.300537109375,7560995.5,5837166080.0,111,2.519106864929199
2022-12-07,902.7999877929688,918.0,899.8499755859375,914.6500244140625,9103656.0,8326659182.657227,897.716552734375,900.2972412109375,889.8914184570312,893.3720092773438,5920597.5,4331342848.0,112,2.5488967895507812
2022-12-08,915.6500244140625,943.9500122070312,913.75,939.3499755859375,17466047.0,16406730823.032837,902.2330932617188,904.9141845703125,895.248779296875,899.235595703125,4810858.5,3505799168.0,113,2.5488967895507812
2022-12-09,944.0,945.0,927.5999755859375,933.7000122070312,8018981.0,7487322657.587952,928.2191162109375,932.1083374023438,919.3309326171875,924.2655029296875,5883092.0,4504737280.0,114,2.5488967895507812
2022-12-12,929.9000244140625,941.1500244140625,922.0,938.6500244140625,7621788.0,7154191492.278809,927.101806640625,953.9223022460938,910.2495727539062,906.789794921875,14824320.0,12884592640.0,115,2.5488967895507812
2022-12-13,940.2000122070312,949.2999877929688,936.5999755859375,944.5999755859375,8136559.0,7685793432.75354,933.61279296875,936.1531372070312,923.792236328125,928.9605712890625,6884097.0,5432688640.0,116,2.5488967895507812
2022-12-14,945.6500244140625,950.1500244140625,938.5,942.4000244140625,8573479.0,8079646818.913452,954.2769775390625,972.9525756835938,951.3494262695312,969.938720703125,8989754.0,7638031360.0,117,2.5488967895507812
2022-12-15,939.75,944.9500122070312,932.5999755859375,938.1500244140625,7359261.0,6904090886.819458,939.3601684570312,948.8455810546875,937.7356567382812,946.3965454101562,5874035.0,4514005504.0,118,2.5488967895507812
2022-12-16,932.25,945.2000122070312,929.0999755859375,935.0999755859375,6926928.0,6477370203.685547,919.3001098632812,924.6558837890625,908.1796875,916.2830200195312,7418325.5,5902095360.0,119,2.5488967895507812
2022-12-19,935.0999755859375,948.0999755859375,932.4000244140625,946.2000122070312,4842336.0,4581818382.310547,931.86279296875,936.6455078125,926.74462890625,932.4843139648438,6617599.0,5233482752.0,120,2.528820037841797
2022-12-20,943.75,952.75,940.4500122070312,949.75,9511818.0,9033849145.5,937.3003540039062,944.8482666015625,930.8687744140625,941.0167236328125,6700157.0,5458630144.0,121,2.528820037841797
2022-12-21,953.0999755859375,958.9000244140625,928.0,932.2999877929688,8368960.0,7802381305.839844,937.4832763671875,941.9879150390625,932.7142944335938,938.046875,5355804.0,4130956032.0,122,2.528820037841797
2022-12-22,936.0,936.0,912.9500122070312,919.5499877929688,9202717.0,8462358305.012146,931.906005859375,936.1372680664062,923.9033813476562,928.6995849609375,6056723.0,4824235520.0,123,2.528820037841797
2022-12-23,912.0,917.25,904.0,906.5999755859375,6371695.0,5776578531.44104,920.979248046875,932.9745483398438,907.5887451171875,922.7973022460938,14757937.0,12648239104.0,124,2.528820037841797
2022-12-26,908.0,932.9500122070312,905.0999755859375,928.7000122070312,4764440.0,4424735486.159668,906.6214599609375,916.7661743164062,901.6801147460938,913.2952270507812,7408507.5,5988194304.0,125,2.528820037841797
2022-12-27,932.4500122070312,937.7999877929688,922.5999755859375,932.2000122070312,3346083.0,3119218613.4457397,924.59619140625,932.353759765625,919.5433959960938,926.1844482421875,6257005.0,5032844288.0,126,2.528820037841797
2022-12-28,930.9500122070312,937.4500122070312,921.2999877929688,924.7000122070312,5956496.0,5507971923.911133,940.9115600585938,950.42431640625,936.848388671875,947.109130859375,5465218.0,4233118976.0,127,2.528820037841797
2022-12-29,922.7999877929688,944.0,915.7999877929688,934.5499877929688,12204113.0,11405353655.174011,937.0362548828125,942.9158935546875,930.9970092773438,938.09033203125,6122831.0,4895329280.0,128,2.5739049911499023
2022-12-30,941.25,943.5,930.3499755859375,933.75,3704449.0,3459029253.75,935.5418090820312,939.0118408203125,923.3963623046875,929.3087768554688,7147578.0,5876696576.0,129,2.5739049911499023
2023-01-02,932.25,945.0,931.7999877929688,941.5999755859375,3498198.0,3293903151.3947754,947.149658203125,957.083251953125,944.80419921875,954.0751953125,4953207.5,3823254016.0,130,2.5739049911499023
2023-01-03,944.75,965.5999755859375,942.5999755859375,962.2999877929688,6927819.0,6666640139.131897,937.1115112304688,945.1289672851562,930.2797241210938,938.983642578125,7372556.0,6230427648.0,131,2.5739049911499023
2023-01-04,963.5,970.0,955.0,957.4500122070312,9059392.0,8673914980.988281,950.9669799804688,955.9068603515625,941.5603637695312,948.5730590820312,5946717.0,4900355072.0,132,2.5739049911499023
2023-01-05,960.0,961.9000244140625,938.25,949.5499877929688,6998980.0,6645881373.563232,963.41748046875,971.0840454101562,957.6083984375,964.51025390625,6857113.0,5822053888.0,133,2.5739049911499023
2023-01-06,946.5499877929688,950.9500122070312,934.2999877929688,939.9000244140625,5787783.0,5439937383.003296,951.79541015625,961.1921997070312,934.1104125976562,945.72119140625,8725427.0,7425273344.0,134,2.5739049911499023
2023-01-09,946.7999877929688,960.0,941.3499755859375,958.75,7025747.0,6735934936.25,940.5772705078125,945.1025390625,934.5469360351562,939.8576049804688,4106093.5,3252877312.0,135,2.5739049911499023
2023-01-10,964.0,964.0,942.75,952.1500244140625,7140150.0,6798493996.820068,946.7528076171875,952.1868896484375,937.2709350585938,945.180419921875,5825488.0,4920000512.0,136,2.549799919128418
2023-01-11,953.0,955.75,942.7999877929688,949.75,7100355.0,6743562161.25,952.5352783203125,959.979248046875,941.3768920898438,953.4658813476562,8443986.0,7318994944.0,137,2.549799919128418
2023-01-12,949.3499755859375,949.7000122070312,924.0,935.5499877929688,8661375.0,8103149275.520325,943.798583984375,949.4705810546875,929.399169921875,939.38720703125,9778918.0,8583165440.0,138,2.549799919128418
2023-01-13,935.5,937.4500122070312,923.0,934.1500244140625,9083608.0,8485452634.967773,936.6224365234375,943.3423461914062,931.1928100585938,939.1327514648438,4478498.0,3639333632.0,139,2.549799919128418
2023-01-16,940.4500122070312,941.75,911.7000122070312,913.1500244140625,10008273.0,9139054734.292603,930.1098022460938,937.286376953125,922.9404907226562,932.1075439453125,5804214.0,4883491840.0,140,2.549799919128418
2023-01-17,914.9500122070312,919.7000122070312,906.7000122070312,917.7000122070312,6904960.0,6336681876.2890625,912.3941040039062,917.798095703125,902.0905151367188,909.1278076171875,5469280.0,4708173824.0,141,2.549799919128418
2023-01-18,921.9000244140625,925.5999755859375,913.25,924.0,5730939.0,5295387636.0,909.8089599609375,916.7119140625,902.9791259765625,911.1582641601562,6418685.0,5464938496.0,142,2.549799919128418
2023-01-19,923.5999755859375,938.0,920.75,928.7000122070312,7721730.0,7171170745.259399,922.1730346679688,927.4952392578125,914.7235107421875,922.3737182617188,6311827.0,5377570304.0,143,2.549799919128418
2023-01-20,931.25,934.8499755859375,924.6500244140625,930.5499877929688,4511360.0,4198045992.9296875,935.400390625,939.6195678710938,925.3546142578125,931.8325805664062,7683107.0,6662471168.0,144,2.5961499214172363
2023-01-23,936.0,939.7000122070312,924.4500122070312,932.7000122070312,5236124.0,4883732918.717529,931.8595581054688,937.725830078125,924.141357421875,931.4963989257812,7277587.5,6295060480.0,145,2.5961499214172363
2023-01-24,935.0,935.0,903.75,910.2000122070312,18527897.0,16864092075.570618,930.39306640625,944.1629028320312,926.7545776367188,940.3386840820312,7640114.0,6678811136.0,146,2.5961499214172363
2023-01-25,905.0,907.4500122070312,884.2000122070312,892.3499755859375,11921748.0,10638371536.7417,906.40283203125,912.3868408203125,899.3755493164062,905.1849365234375,14800623.0,13045635072.0,147,2.5961499214172363
2023-01-27,892.3499755859375,892.5,851.0,873.75,17300736.0,15116518080.0,891.4360961914062,901.1243286132812,884.4599609375,894.5527954101562,7744812.0,6649843712.0,148,2.5961499214172363
2023-01-30,851.9000244140625,885.5,846.1500244140625,871.8499755859375,21233998.0,18512860637.891846,807.2688598632812,853.7203369140625,809.2882690429688,839.068359375,15167094.0,12971772928.0,149,2.5961499214172363
2023-01-31,873.0,879.2999877929688,861.0999755859375,871.5999755859375,16856151.0,14691820800.072876,873.5057373046875,881.5673828125,863.4495239257812,871.0223388671875,11393304.0,9818991616.0,150,2.5961499214172363
2023-02-01,876.2999877929688,895.2000122070312,833.2999877929688,857.25,12409819.0,10638317337.75,875.3540649414062,882.1753540039062,864.1533203125,872.6605224609375,13871492.0,12019837952.0,151,2.5961499214172363
2023-02-02,850.9500122070312,872.0,837.0499877929688,868.4500122070312,9567053.0,8308507294.635315,842.1023559570312,852.4479370117188,821.2440795898438,837.103759765625,13480269.0,11389723648.0,152,2.579833507537842
2023-02-03,873.0,885.0,859.25,882.5999755859375,7365732.0,6500994883.372559,879.32861328125,892.2007446289062,871.240966796875,887.5856323242188,13313891.0,11720051712.0,153,2.579833507537842
2023-02-06,871.8499755859375,899.1500244140625,870.5999755859375,882.6500244140625,10129098.0,8940448596.992432,869.6724853515625,916.1454467773438,855.9370727539062,893.9454956054688,8751699.0,7580599296.0,154,2.579833507537842
2023-02-07,886.8499755859375,888.4000244140625,871.5,879.0999755859375,5055187.0,4444014768.282349,891.3021240234375,896.501953125,881.3754272460938,889.4304809570312,12083668.0,10571065344.0,155,2.579833507537842
2023-02-08,882.0999755859375,886.4500122070312,868.25,871.75,6572818.0,5729854091.5,879.5830078125,887.136474609375,874.491943359375,882.3609619140625,3973732.0,3319618048.0,156,2.579833507537842
2023-02-09,876.1500244140625,876.1500244140625,862.5499877929688,867.7000122070312,5993312.0,5200396895.560547,872.1571655273438,872.4959106445312,848.8613891601562,852.1229858398438,10318357.0,8891294720.0,157,2.579833507537842
2023-02-10,872.0499877929688,872.7000122070312,865.1500244140625,867.25,4603464.0,3992354154.0,866.3378295898438,870.4235229492188,851.3653564453125,857.243408203125,9915391.0,8334023680.0,158,2.579833507537842
2023-02-13,867.25,870.4500122070312,856.5,859.0999755859375,5707194.0,4903050226.064209,872.9407348632812,879.067138671875,866.3598022460938,873.7623291015625,4975481.0,4255507200.0,159,2.579833507537842
2023-02-14,862.5499877929688,871.9000244140625,854.25,870.75,7527755.0,6554792666.25,861.9632568359375,868.1380615234375,857.11328125,863.1399536132812,4715398.0,3980981248.0,160,2.6304855346679688
2023-02-15,872.0,872.2000122070312,861.5999755859375,868.2999877929688,7322266.0,6357923478.41687,874.7310791015625,883.4652099609375,857.65185546875,864.9010620117188,5758998.5,4940599808.0,161,2.6304855346679688
2023-02-16,872.7999877929688,874.2999877929688,862.25,864.75,5843235.0,5052937466.25,866.6738891601562,885.6063842773438,851.6641845703125,868.2466430664062,14471172.0,12523657216.0,162,2.6304855346679688
2023-02-17,861.0,868.25,850.0,854.9000244140625,8420479.0,7198667702.678101,869.732421875,874.943115234375,864.94384765625,869.6240844726562,5416253.0,4681875968.0,163,2.6304855346679688
2023-02-20,859.7000122070312,861.2000122070312,842.5,846.75,5992322.0,5073998653.5,854.822265625,861.1605834960938,848.6533203125,855.340576171875,5031314.0,4231158016.0,164,2.6304855346679688
2023-02-21,849.0,849.0,837.4000244140625,844.0499877929688,9677064.0,8167925751.071777,844.4652709960938,848.5809326171875,835.1305541992188,840.4937744140625,5646509.0,4780747264.0,165,2.6304855346679688
2023-02-22,840.0,843.0,829.5499877929688,833.3499755859375,6984037.0,5820147063.441284,840.5661010742188,839.8966674804688,827.8695068359375,829.4647827148438,11631283.0,9831000064.0,166,2.6304855346679688
2023-02-23,833.0499877929688,848.25,830.2000122070312,844.3499755859375,8437003.0,7123783277.068481,829.1567993164062,837.8875732421875,819.4137573242188,829.7221069335938,8371771.5,7042182144.0,167,2.6304855346679688
2023-02-24,850.0999755859375,854.5999755859375,844.4500122070312,851.4000244140625,7763814.0,6610111429.14624,844.6627197265625,842.8630981445312,825.3792724609375,822.1228637695312,6803766.5,5903432704.0,168,2.6962785720825195
2023-02-27,851.8499755859375,858.4500122070312,845.9500122070312,854.3499755859375,8064267.0,6889706314.568481,849.2030639648438,857.1685791015625,845.0655517578125,852.4998779296875,6085534.0,5200345088.0,169,2.6962785720825195
2023-02-28,855.9500122070312,857.5999755859375,840.0,844.0999755859375,13012372.0,10983742887.515137,857.0562744140625,867.5281982421875,846.2424926757812,851.9104614257812,6150850.5,5271024640.0,170,2.6962785720825195
2023-03-01,846.0499877929688,868.75,845.0499877929688,865.1500244140625,12345125.0,10680385195.144653,844.374267578125,847.8931884765625,829.2696533203125,832.4620361328125,8115197.5,6985551872.0,171,2.6962785720825195
2023-03-02,866.0,866.7999877929688,843.5,845.4500122070312,13900508.0,11752184658.283936,862.5153198242188,870.6925659179688,857.396484375,863.5069580078125,10238376.0,8896454656.0,172,2.6962785720825195
2023-03-03,849.75,858.5999755859375,845.5999755859375,852.6500244140625,7977804.0,6802274775.370605,842.089111328125,848.115234375,808.92333984375,832.33349609375,13413495.0,11411103744.0,173,2.6962785720825195
2023-03-06,856.9500122070312,863.75,855.5999755859375,859.5,10781567.0,9266756836.5,862.088623046875,867.3784790039062,859.791015625,863.5555419921875,6565102.0,5823468032.0,174,2.6962785720825195
2023-03-08,858.5,862.5,853.0499877929688,860.9500122070312,8785735.0,7564078655.497742,864.4688720703125,873.0903930664062,858.8357543945312,868.14794921875,9698761.0,8393473536.0,175,2.6962785720825195
2023-03-09,862.5,874.25,862.0,867.7999877929688,14746065.0,12796635026.994324,859.187255859375,865.4234619140625,853.0108642578125,860.7393798828125,6971254.0,6019409408.0,176,2.7709670066833496
2023-03-10,859.5999755859375,861.5999755859375,845.5,851.9000244140625,11198583.0,9540073131.102905,870.9338989257812,878.4112548828125,865.4192504882812,870.9767456054688,10499850.0,9186949120.0,177,2.7709670066833496
2023-03-13,845.5999755859375,857.0,828.4500122070312,832.3499755859375,8315798.0,6921654262.277588,849.8709716796875,854.9016723632812,831.4500122070312,842.8484497070312,20963300.0,18248458240.0,178,2.7709670066833496
2023-03-14,828.0,835.7000122070312,817.4000244140625,832.8499755859375,12573734.0,10472034054.924072,838.4520874023438,834.7379150390625,832.8824462890625,827.5780029296875,7244880.0,6096972288.0,179,2.7709670066833496
2023-03-15,838.0499877929688,843.5,819.3499755859375,824.0499877929688,6652641.0,5482108734.841003,823.2999267578125,845.7410888671875,821.007080078125,839.7435913085938,9277563.0,8024713216.0,180,2.7709670066833496
2023-03-16,821.5,837.9000244140625,814.2999877929688,830.5499877929688,8791383.0,7301683043.333313,829.3199462890625,833.734130859375,819.2235107421875,824.4796752929688,8451776.0,7275633664.0,181,2.7709670066833496
2023-03-17,835.0,841.5,823.0,837.4000244140625,7762461.0,6500285030.913208,824.7100219726562,836.4090576171875,814.6204833984375,829.1211547851562,10106837.0,8676013056.0,182,2.7709670066833496
2023-03-20,836.0,841.0,825.5499877929688,837.5499877929688,10744023.0,8998656332.497375,837.8191528320312,845.9302978515625,832.846435546875,840.8330688476562,6253213.5,5429982720.0,183,2.7709670066833496
2023-03-21,840.0999755859375,857.3499755859375,838.75,855.5999755859375,11489951.0,9830801795.083618,839.4092407226562,857.5524291992188,835.6920166015625,853.2979736328125,8044593.0,6980806656.0,184,2.8795440196990967
2023-03-22,855.5999755859375,859.7999877929688,847.0499877929688,849.6500244140625,8018924.0,6813278972.374512,856.759521484375,872.4525146484375,852.2993774414062,866.8799438476562,11405045.0,9928059904.0,185,2.8795440196990967
2023-03-23,847.0,861.1500244140625,845.0999755859375,848.7999877929688,9857892.0,8367378609.264404,858.2254028320312,867.2210083007812,852.8638305664062,861.5740356445312,8114584.0,7088625664.0,186,2.8795440196990967
2023-03-24,846.25,852.5,837.25,839.9000244140625,8078718.0,6785315445.434326,850.491455078125,859.1702880859375,840.2247314453125,853.662353515625,10270137.0,8919343104.0,187,2.8795440196990967
2023-03-27,841.0499877929688,842.2000122070312,829.2000122070312,833.3499755859375,10602508.0,8835599782.949707,841.10546875,848.996826171875,835.8272094726562,843.5630493164062,6403921.0,5539238912.0,188,2.8795440196990967
2023-03-28,837.4000244140625,837.4000244140625,826.0499877929688,832.4500122070312,11002402.0,9158949679.206665,834.5546875,840.3441772460938,826.0783081054688,831.99658203125,6293072.0,5416787968.0,189,2.8795440196990967
2023-03-29,832.5,848.4500122070312,830.0,842.5999755859375,17121194.0,14426317646.4021,830.860107421875,843.3492431640625,822.2302856445312,838.2259521484375,11594936.0,10271032320.0,190,2.8795440196990967
2023-03-31,854.9000244140625,860.9000244140625,847.5,858.5,12946752.0,11114786592.0,844.1217651367188,853.8111572265625,837.8726196289062,847.218017578125,9592175.0,8388722688.0,191,2.8795440196990967
2023-04-03,864.0,866.7999877929688,856.4500122070312,864.5999755859375,13266882.0,11470545853.301514,857.5274047851562,869.4385986328125,850.0966186523438,863.3042602539062,9903135.0,8750910464.0,192,2.9539997577667236
2023-04-05,871.0,871.0,857.0,860.5,11890015.0,10231357907.5,865.7492065429688,883.7101440429688,858.6909790039062,880.3905029296875,8729470.0,7725798400.0,193,2.9539997577667236
2023-04-06,861.7999877929688,863.25,849.0,851.9500122070312,19677316.0,16764089606.401611,863.6882934570312,868.7975463867188,858.03564453125,862.4010009765625,9923168.0,8727818240.0,194,2.9539997577667236
2023-04-10,854.7999877929688,854.9500122070312,843.9500122070312,847.3499755859375,15656078.0,13266177311.071533,842.0817260742188,871.0538330078125,842.5859985351562,864.2379150390625,12463228.0,10960475136.0,195,2.9539997577667236
2023-04-11,848.25,855.7000122070312,844.0499877929688,853.2999877929688,23930907.0,20420242650.97467,848.3218383789062,858.4608764648438,842.9329833984375,852.844482421875,8480000.0,7395914752.0,196,2.9539997577667236
2023-04-12,854.9000244140625,856.6500244140625,846.6500244140625,851.0499877929688,13480335.0,11472438937.19513,855.0401611328125,864.6688232421875,848.1235961914062,857.7332763671875,14898799.0,12950804480.0,197,2.9539997577667236
2023-04-13,853.6500244140625,867.7000122070312,845.0,864.3499755859375,23934570.0,20687844995.159912,841.945556640625,860.8377685546875,831.7551879882812,855.78076171875,12139686.0,10424550400.0,198,2.9539997577667236
2023-04-17,882.0,882.0,861.0,864.5499877929688,22577380.0,19519273603.397217,840.577392578125,855.3877563476562,828.6212158203125,845.7272338867188,17514884.0,15194458112.0,199,2.9539997577667236
2023-04-18,865.3499755859375,872.0,857.0999755859375,863.3499755859375,17238709.0,14883038994.283081,873.2473754882812,887.2222290039062,866.6787109375,880.7056884765625,18672716.0,16304328704.0,200,3.018918514251709
2023-04-19,865.0,874.5,862.5499877929688,873.4000244140625,23494247.0,20519875903.390015,864.3419799804688,872.1478271484375,854.76416015625,862.3622436523438,13930214.0,12167917568.0,201,3.018918514251709
2023-04-20,874.7999877929688,875.5999755859375,864.1500244140625,868.75,19444753.0,16892629168.75,861.9434814453125,896.438720703125,857.3379516601562,869.6798095703125,20461908.0,18263314432.0,202,3.018918514251709
2023-04-21,870.7999877929688,873.8499755859375,857.5,864.2000122070312,15520786.0,13413063450.66272,844.3341064453125,858.6760864257812,832.7098999023438,849.1054077148438,16379636.0,14102331392.0,203,3.018918514251709
2023-04-24,868.0,884.4000244140625,860.5,882.2999877929688,18201632.0,16059299691.41211,862.5214233398438,867.7271118164062,849.0747680664062,855.8311767578125,20805472.0,17924511744.0,204,3.018918514251709
2023-04-25,885.0,895.7999877929688,874.4000244140625,878.3499755859375,36394389.0,31967010689.615112,872.751953125,882.083251953125,856.7732543945312,868.9489135742188,23439404.0,20229709824.0,205,3.018918514251709
2023-04-26,877.4000244140625,889.4500122070312,875.2000122070312,887.6500244140625,19468723.0,17281412446.26062,883.9771118164062,897.5446166992188,876.6187133789062,889.7421264648438,21790256.0,19134091264.0,206,3.018918514251709
2023-04-27,888.0,890.0,877.5,881.4000244140625,15992383.0,14095686766.639038,883.7753295898438,903.128662109375,877.46875,886.6263427734375,21507274.0,19110256640.0,207,3.018918514251709
2023-04-28,885.0999755859375,890.0499877929688,853.6500244140625,860.0,23004117.0,19783540620.0,879.8792724609375,891.9419555664062,872.33642578125,884.381103515625,15486802.0,13623654400.0,208,2.967550039291382
2023-05-02,870.0,876.4000244140625,864.25,870.6500244140625,12947953.0,11273135595.562134,852.0046997070312,874.8646240234375,845.3699340820312,861.705810546875,17776348.0,15513419776.0,209,2.967550039291382
2023-05-03,863.8499755859375,866.8499755859375,854.0499877929688,859.8499755859375,15103015.0,12986327079.024048,871.0255126953125,881.2265014648438,864.845947265625,875.916259765625,12864530.0,11180237824.0,210,2.967550039291382
2023-05-04,860.0,867.1500244140625,857.5,865.9500122070312,9756391.0,8448546905.54657,857.218994140625,861.0382690429688,838.6809692382812,845.7393188476562,14379412.0,12383762432.0,211,2.967550039291382
2023-05-05,867.1500244140625,885.0,862.75,865.2999877929688,14343308.0,12411264237.310791,868.1087646484375,872.6925659179688,859.4583129882812,865.4932250976562,12082338.0,10443067392.0,212,2.967550039291382
2023-05-08,865.2999877929688,881.4000244140625,865.2999877929688,878.4500122070312,7007882.0,6156074028.445435,869.2431640625,875.3431396484375,861.8568115234375,869.1871337890625,10972407.0,9502224384.0,213,2.967550039291382
2023-05-09,882.2000122070312,890.2000122070312,880.0,888.25,12117151.0,10763059375.75,876.3987426757812,881.663330078125,867.2395629882812,875.8296508789062,8469075.0,7403258368.0,214,2.967550039291382
2023-05-10,892.0,892.5,877.5499877929688,889.9000244140625,11893027.0,10583605017.657104,888.7334594726562,894.579345703125,880.6919555664062,888.4322509765625,8377141.0,7426972160.0,215,2.967550039291382
2023-05-11,891.0,900.0,889.0,895.9500122070312,13816121.0,12378553778.60382,888.1729125976562,893.5013427734375,879.32275390625,886.615234375,10938744.0,9630774272.0,216,2.9934463500976562
2023-05-12,895.2000122070312,913.5999755859375,894.0,910.6500244140625,10533272.0,9592124403.95996,890.542236328125,902.2443237304688,875.4763793945312,883.05029296875,8782943.0,7787550720.0,217,2.9934463500976562
2023-05-15,910.6500244140625,919.5,909.1500244140625,915.7999877929688,7339579.0,6721586358.60553,906.386474609375,911.6818237304688,896.3075561523438,903.9730834960938,11117278.0,9935631360.0,218,2.9934463500976562
2023-05-16,916.2000122070312,922.5,912.0,917.7999877929688,12567615.0,11534556893.586731,915.279052734375,930.0465087890625,906.2881469726562,921.4935302734375,15698770.0,14305677312.0,219,2.9934463500976562
2023-05-17,917.7000122070312,918.9000244140625,911.25,914.7999877929688,10248327.0,9375169414.498352,916.8602905273438,923.2821655273438,907.6283569335938,915.759521484375,8868716.0,7956395008.0,220,2.9934463500976562
2023-05-18,920.0,929.5,912.5999755859375,914.7000122070312,13614127.0,12452842133.088074,913.912353515625,921.8892822265625,907.0541381835938,916.0772094726562,8717364.0,7823347200.0,221,2.9934463500976562
2023-05-19,920.9000244140625,927.0,908.9500122070312,924.0499877929688,8393002.0,7755553395.646362,917.8406982421875,926.56298828125,908.5716552734375,919.5362548828125,12678465.0,11515028480.0,222,2.9934463500976562
2023-05-22,923.0,927.75,914.4000244140625,917.5499877929688,9383158.0,8609516508.359497,925.2753295898438,932.6309204101562,916.9940795898438,925.8331298828125,7634261.0,6951070720.0,223,2.9934463500976562
2023-05-23,917.5499877929688,922.5,912.4000244140625,916.1500244140625,8273445.0,7579716838.738403,918.2620239257812,924.5361328125,910.1229248046875,918.6541748046875,8422350.0,7574780416.0,224,2.9259705543518066
2023-05-24,911.1500244140625,920.8499755859375,910.2000122070312,917.7000122070312,6248545.0,5734289822.776184,910.6124877929688,926.396484375,903.1981201171875,909.7460327148438,13349344.0,11983759360.0,225,2.9259705543518066
2023-05-25,916.7000122070312,923.5499877929688,912.4500122070312,921.0499877929688,8149350.0,7505958718.02063,914.053466796875,927.4793090820312,903.52197265625,909.0121459960938,11121242.0,10095724544.0,226,2.9259705543518066
2023-05-26,918.0,927.9000244140625,915.0,926.9500122070312,4908462.0,4549898910.817749,917.3470458984375,926.9983520507812,910.8135375976562,922.7024536132812,8751647.0,7880045568.0,227,2.9259705543518066
2023-05-29,931.0,937.7000122070312,928.0499877929688,929.7999877929688,7133871.0,6633073168.716614,925.0595703125,939.0565185546875,921.4129028320312,935.5625610351562,6422912.0,5790682112.0,228,2.9259705543518066
2023-05-30,930.7999877929688,939.7000122070312,928.0499877929688,937.4500122070312,7804403.0,7316237687.618591,934.7091674804688,946.1337890625,927.3707885742188,940.4236450195312,8244786.5,7582523904.0,229,2.9259705543518066
2023-05-31,937.3499755859375,939.9000244140625,910.2000122070312,914.8499755859375,34757004.0,31797444260.840332,939.138427734375,949.7279052734375,932.07177734375,943.0980834960938,10081227.0,9325136896.0,230,2.9259705543518066
2023-06-01,922.0,930.9500122070312,916.0499877929688,919.7000122070312,11817533.0,10868585244.356995,910.349365234375,930.6316528320312,904.498779296875,927.6866455078125,15744242.0,14165819392.0,231,2.9259705543518066
2023-06-02,922.6500244140625,930.5,920.25,926.0999755859375,11616991.0,10758495081.482056,927.1898193359375,942.9126586914062,920.90283203125,935.9846801757812,14063916.0,12976058368.0,232,2.9444642066955566
2023-06-05,927.5999755859375,953.9000244140625,927.5999755859375,950.8499755859375,14520005.0,13806346399.75769,930.300537109375,934.3944702148438,920.8262329101562,927.3379516601562,6337391.0,5673781248.0,233,2.9444642066955566
2023-06-06,951.0999755859375,970.75,951.0999755859375,968.2000122070312,14457988.0,13998224158.089111,943.5255126953125,950.5433349609375,928.0721435546875,939.9227294921875,16431892.0,15272286208.0,234,2.9444642066955566
2023-06-07,972.9500122070312,981.25,968.0999755859375,976.75,15795824.0,15428571092.0,961.4777221679688,968.2761840820312,950.4785766601562,959.285888671875,10427054.0,9721524224.0,235,2.9444642066955566
2023-06-08,973.0499877929688,974.8499755859375,959.9000244140625,962.0999755859375,10209982.0,9823023432.932861,975.9983520507812,982.929931640625,958.0941162109375,966.8143310546875,11981499.0,11708694528.0,236,2.9444642066955566
2023-06-09,967.0,981.7000122070312,963.2999877929688,974.75,12947464.0,12620540534.0,960.0067138671875,966.121826171875,950.6591186523438,958.1443481445312,8598327.0,7856197632.0,237,2.9444642066955566
2023-06-12,973.0,977.9000244140625,968.5999755859375,974.2000122070312,7465375.0,7272768416.130066,969.57373046875,981.0689697265625,963.346435546875,975.8851928710938,10146513.0,9496041472.0,238,2.9444642066955566
2023-06-13,974.2999877929688,989.7000122070312,974.2999877929688,985.8499755859375,15233785.0,15018226570.33142,970.5990600585938,977.8718872070312,963.2403564453125,970.7642211914062,7626061.0,6955114496.0,239,2.9444642066955566
2023-06-14,986.0,988.2000122070312,976.0,977.7000122070312,8644423.0,8451652472.622742,981.3973999023438,987.4202270507812,971.0928344726562,978.4092407226562,8522892.0,7872041984.0,240,2.9470043182373047
2023-06-15,988.3499755859375,989.0,972.2000122070312,977.1500244140625,15978311.0,15613206983.745483,979.4345703125,983.6791381835938,965.0629272460938,970.8238525390625,10376352.0,9802249216.0,241,2.9470043182373047
2023-06-16,982.7999877929688,985.4500122070312,977.2000122070312,981.5499877929688,8860900.0,8697416286.834717,979.1171875,985.5032348632812,965.6886596679688,972.1786499023438,8814956.0,8166117888.0,242,2.9470043182373047
2023-06-19,983.8499755859375,986.0,961.0,965.6500244140625,11025846.0,10647108459.085693,978.674072265625,983.1688232421875,965.26123046875,972.2626953125,11448787.0,10780487680.0,243,2.9470043182373047
2023-06-20,965.9500122070312,977.0,958.5499877929688,974.8499755859375,7596593.0,7405538500.586304,972.8504638671875,977.2723388671875,958.0028686523438,963.3778076171875,13563708.0,12886218752.0,244,2.9470043182373047
2023-06-21,978.2999877929688,978.2999877929688,963.1500244140625,966.0,7805855.0,7540455930.0,968.0230712890625,973.4337158203125,959.093994140625,965.4493408203125,7863806.5,7294395392.0,245,2.9470043182373047
2023-06-22,962.2000122070312,973.4500122070312,958.7000122070312,966.5999755859375,10135883.0,9797344260.341919,974.9866943359375,980.7859497070312,963.3261108398438,972.4444580078125,9528718.0,9031934976.0,246,2.9470043182373047
2023-06-23,960.0,965.5,954.5499877929688,958.4000244140625,6188008.0,5930587018.274414,968.073974609375,971.9146118164062,960.9448852539062,966.7111206054688,5225664.0,4859699712.0,247,2.9470043182373047
2023-06-26,959.5,963.5,953.0999755859375,960.5499877929688,5799528.0,5570736549.60498,955.8936767578125,963.4971923828125,948.134765625,956.8139038085938,11017102.0,10272722944.0,248,2.8817386627197266
2023-06-27,967.0,976.0,960.7999877929688,973.25,6921886.0,6736725549.5,958.9967041015625,965.1654663085938,951.3097534179688,959.7068481445312,6630483.0,6144926720.0,249,2.8817386627197266
2023-06-28,979.0,984.0,967.0,978.2000122070312,10010996.0,9792756409.404541,970.7717895507812,975.546630859375,961.3818359375,968.1499633789062,7886152.5,7340464128.0,250,2.8817386627197266
2023-06-30,977.0999755859375,989.8499755859375,976.0,987.4500122070312,7096350.0,7007290894.125366,992.5435791015625,996.1138916015625,980.6607666015625,988.0458374023438,6959873.5,6480564224.0,251,2.8817386627197266
2023-07-03,990.0,990.0,978.0,982.0999755859375,5562743.0,5463169764.490845,984.4776611328125,998.6405639648438,978.5685424804688,991.586181640625,15663100.0,15688543232.0,252,2.8817386627197266
2023-07-04,982.0999755859375,984.8499755859375,969.0,970.7000122070312,7396806.0,7180079674.493042,978.2918090820312,984.4093017578125,971.0529174804688,978.0191040039062,8096397.0,7578653696.0,253,2.8817386627197266
2023-07-05,969.0,975.5,962.0999755859375,966.5,8200047.0,7925345425.5,975.8984985351562,981.9119262695312,968.095458984375,974.5046997070312,9658770.0,9118823424.0,254,2.8817386627197266
2023-07-06,961.0,986.0999755859375,961.0,980.9500122070312,10221727.0,10027003225.42694,965.6814575195312,971.7844848632812,958.0523071289062,964.8759765625,9481502.0,8859813888.0,255,2.8817386627197266
2023-07-07,976.25,989.4500122070312,971.7999877929688,976.7000122070312,6236524.0,6091213066.929443,973.899169921875,977.5072021484375,958.4090576171875,963.9778442382812,9809570.0,9173880832.0,256,2.845203161239624
2023-07-10,976.7000122070312,986.0,960.4000244140625,964.0499877929688,7138850.0,6882208255.355835,969.7821044921875,972.7724609375,957.9297485351562,962.7876586914062,6805592.5,6332768768.0,257,2.845203161239624
2023-07-11,967.9000244140625,971.75,950.5999755859375,953.2000122070312,10616390.0,10119543077.594604,972.6536865234375,984.5564575195312,967.9205932617188,979.2808837890625,7149309.0,6601601024.0,258,2.845203161239624
2023-07-12,956.7000122070312,957.5499877929688,947.0,950.0,10141257.0,9634194150.0,952.40185546875,960.4795532226562,944.89404296875,953.706787109375,8333388.0,7671015936.0,259,2.845203161239624
2023-07-13,956.2999877929688,966.0,952.1500244140625,960.1500244140625,13079930.0,12558695108.834229,951.3571166992188,958.8465576171875,936.1898803710938,946.25341796875,14571942.0,13117462528.0,260,2.845203161239624
2023-07-14,964.4500122070312,967.0,947.75,957.0499877929688,5383514.0,5152292007.983276,971.1705932617188,977.221435546875,957.6563720703125,964.0150146484375,8885783.0,8271704064.0,261,2.845203161239624
2023-07-17,960.0,968.9000244140625,950.4500122070312,964.8499755859375,8472444.0,8174637386.553223,960.5037841796875,966.7496337890625,949.4389038085938,955.6742553710938,8100416.5,7423789568.0,262,2.845203161239624
2023-07-18,964.0,979.9500122070312,951.2999877929688,963.6500244140625,14457717.0,13932179340.021606,961.902099609375,967.2803955078125,949.6409301757812,957.302001953125,11367910.0,10595373056.0,263,2.845203161239624
2023-07-19,964.0,969.9000244140625,956.5,964.2999877929688,7574544.0,7304132686.737305,966.3158569335938,974.536376953125,959.2076416015625,967.47412109375,8429364.0,7866833920.0,264,2.833724021911621
2023-07-20,963.9000244140625,979.9000244140625,957.5999755859375,977.9000244140625,15329753.0,14990965832.961548,956.3811645507812,959.5023193359375,940.4635009765625,945.6806030273438,7963800.0,7485531136.0,265,2.833724021911621
2023-07-21,971.5999755859375,985.0,968.0,971.2999877929688,6230317.0,6051506826.046326,974.9124145507812,984.0252685546875,968.0556030273438,977.3811645507812,8957622.0,8455087104.0,266,2.833724021911621
2023-07-24,973.4500122070312,984.9500122070312,968.7999877929688,971.5,9167788.0,8906506042.0,967.8600463867188,972.547119140625,958.0855102539062,963.8312377929688,7234980.0,6849129984.0,267,2.833724021911621
2023-07-25,977.6500244140625,977.6500244140625,953.7999877929688,962.5,13448045.0,12943743312.5,976.7883911132812,979.9723510742188,964.2112426757812,969.5444946289062,13101848.0,12488714240.0,268,2.833724021911621
2023-07-26,966.8499755859375,980.0,963.2999877929688,976.7999877929688,8298226.0,8105707055.503296,958.06298828125,967.0899658203125,949.3358764648438,959.1039428710938,13141105.0,12388632576.0,269,2.833724021911621
2023-07-27,989.3499755859375,990.0,955.75,959.9000244140625,17858061.0,17141953189.887817,972.5538330078125,982.5670776367188,963.7824096679688,973.00927734375,16208117.0,15270699008.0,270,2.833724021911621
2023-07-28,959.9000244140625,969.75,942.2000122070312,949.9500122070312,8504392.0,8078747284.213379,964.3655395507812,971.0819091796875,956.0462646484375,963.3743286132812,9039450.0,8581367296.0,271,2.833724021911621
2023-07-31,954.7000122070312,958.5999755859375,948.2999877929688,953.9000244140625,6601991.0,6297639376.081421,957.278076171875,962.9097290039062,948.4131469726562,954.7364501953125,7381003.5,7019746304.0,272,2.865494728088379
2023-08-01,956.0,964.0,952.0,959.9000244140625,8409096.0,8071891455.700195,959.0370483398438,968.564697265625,952.9021606445312,961.6224975585938,9379949.0,8801337344.0,273,2.865494728088379
2023-08-02,951.5,958.9000244140625,936.5999755859375,945.25,9324465.0,8813950541.25,964.1162719726562,968.730224609375,954.0928955078125,960.2449951171875,8242766.5,7779356672.0,274,2.865494728088379
2023-08-03,944.0999755859375,946.5999755859375,927.1500244140625,935.5499877929688,17076611.0,15976023212.595276,931.4856567382812,948.811767578125,913.20654296875,933.6212768554688,14138997.0,12851974144.0,275,2.865494728088379
2023-08-04,947.0,954.8499755859375,934.6500244140625,952.25,12376086.0,11785127893.5,940.7215576171875,955.7691650390625,937.2366333007812,951.4849243164062,9829810.0,8985637888.0,276,2.865494728088379
2023-08-07,952.25,955.0,944.5499877929688,947.4000244140625,10922609.0,10348080033.265259,960.7244262695312,980.3385620117188,951.1402587890625,970.7846069335938,7705717.0,7551893504.0,277,2.865494728088379
2023-08-08,950.0,959.9000244140625,944.0499877929688,952.9000244140625,11512735.0,10970485462.572632,951.094970703125,956.37451171875,942.812744140625,949.2095947265625,8926619.0,8369765888.0,278,2.865494728088379
2023-08-09,952.0,953.2999877929688,944.2999877929688,950.0,7701831.0,7316739450.0,958.9688720703125,984.2288818359375,952.5148315429688,975.0686645507812,18398960.0,18739759104.0,279,2.865494728088379
2023-08-10,948.0,951.9500122070312,937.2999877929688,939.75,13590891.0,12772039817.25,946.3465576171875,958.29150390625,938.3359375,948.8551635742188,15100828.0,13979006976.0,280,2.866788864135742
2023-08-11,937.5,945.7000122070312,933.0,937.2000122070312,9558237.0,8957979833.077698,939.9624633789062,947.6643676757812,926.9697265625,935.4349365234375,17910116.0,16812788736.0,281,2.866788864135742
2023-08-14,935.0,943.2999877929688,928.9000244140625,939.9500122070312,7172522.0,6741812141.4552,940.076416015625,954.1456298828125,934.0147705078125,948.2576904296875,8380866.0,7818823680.0,282,2.866788864135742
2023-08-16,935.9500122070312,940.0,931.2999877929688,933.0499877929688,7394623.0,6899552899.883606,936.2431640625,943.4147338867188,926.68359375,934.287109375,10588668.0,9785881600.0,283,2.866788864135742
2023-08-17,935.9500122070312,943.0,931.6500244140625,936.5499877929688,9336994.0,8744561616.723022,936.4326171875,940.06005859375,928.3192138671875,932.6348876953125,9529060.0,8841541632.0,284,2.866788864135742
2023-08-18,934.8499755859375,945.9500122070312,931.0499877929688,943.0499877929688,6648744.0,6270097948.038574,938.4664916992188,942.6046142578125,927.991943359375,933.382568359375,10769556.0,9988914176.0,285,2.866788864135742
2023-08-21,944.2000122070312,954.25,943.9500122070312,952.5999755859375,6822155.0,6498784686.443481,932.97216796875,960.1485595703125,913.9966430664062,937.3667602539062,10616376.0,10014641152.0,286,2.866788864135742
2023-08-22,953.8499755859375,959.0999755859375,948.6500244140625,957.0499877929688,10860061.0,10393621247.480896,949.8834838867188,954.926025390625,942.646240234375,948.0531005859375,6118999.0,5812483072.0,287,2.866788864135742
2023-08-23,962.0,980.4500122070312,958.4000244140625,979.25,12677151.0,12414100116.75,958.3704223632812,974.2816772460938,951.1216430664062,964.3873901367188,15573362.0,14611924992.0,288,2.945380687713623
2023-08-24,984.7999877929688,994.25,979.0999755859375,981.3499755859375,11899556.0,11677628990.083496,976.3677978515625,987.9415283203125,968.2108764648438,981.3616333007812,14057423.0,13570068480.0,289,2.945380687713623
2023-08-25,974.0,988.2000122070312,970.7999877929688,983.0999755859375,6228241.0,6122983575.043335,990.843505859375,1006.7490234375,977.18017578125,991.2075805664062,18961454.0,18096680960.0,290,2.945380687713623
2023-08-28,980.0999755859375,992.5,980.0999755859375,990.2000122070312,8451441.0,8368616981.367004,975.66845703125,981.5870971679688,969.0753784179688,975.4253540039062,6503024.5,6238983680.0,291,2.945380687713623
2023-08-29,990.2000122070312,991.0,977.5,980.7000122070312,8114141.0,7957538177.749573,981.1699829101562,986.386962890625,971.2771606445312,977.2794799804688,7702255.5,7287513088.0,292,2.945380687713623
2023-08-30,983.0,998.0,980.0,983.3499755859375,9023083.0,8872848447.759888,986.069580078125,997.466552734375,978.7470092773438,991.1471557617188,9050194.0,8609938432.0,293,2.945380687713623
2023-08-31,981.7999877929688,994.7000122070312,968.5999755859375,973.5,21558300.0,20987005050.0,980.9052734375,1006.1970825195312,979.5547485351562,985.3875732421875,17390694.0,16960645120.0,294,2.945380687713623
2023-09-01,974.25,993.0,969.0,991.1500244140625,10946742.0,10849863600.554443,979.3654174804688,989.9232177734375,968.8306274414062,979.6880493164062,17222582.0,16424349696.0,295,2.945380687713623
2023-09-04,993.75,994.5499877929688,980.0,982.25,6727188.0,6607780413.0,985.7164916992188,1000.4285888671875,976.1072387695312,984.2742919921875,12488829.0,11937320960.0,296,2.9498114585876465
2023-09-05,985.4500122070312,986.2000122070312,977.9000244140625,981.4500122070312,10548660.0,10352982485.767822,987.1495361328125,995.7432861328125,980.8629760742188,988.8327026367188,7929823.0,7646286848.0,297,2.9498114585876465
2023-09-06,981.4500122070312,983.1500244140625,961.7999877929688,965.0499877929688,16351052.0,15779582533.002197,980.8510131835938,987.8949584960938,973.5693359375,979.7258911132812,7871674.0,7573647360.0,298,2.9498114585876465
2023-09-07,965.0499877929688,979.7999877929688,963.0999755859375,978.2000122070312,8686550.0,8497183316.036987,963.6915283203125,972.7879028320312,956.8426513671875,968.2601318359375,15220203.0,14184791040.0,299,2.9498114585876465
2023-09-08,978.2000122070312,987.2999877929688,972.5,980.2999877929688,6439351.0,6312495706.694641,973.0672607421875,978.2950439453125,965.6695556640625,971.269775390625,6692436.5,6499756544.0,300,2.9498114585876465
2023-09-11,981.7999877929688,1004.0,979.0,1000.4000244140625,7130484.0,7133336367.684082,978.4056396484375,985.273193359375,972.1696166992188,979.1632080078125,6479999.5,6321420800.0,301,2.9498114585876465
2023-09-12,1010.0,1010.0,998.0499877929688,1000.9000244140625,8958327.0,8966389713.009155,996.057861328125,1003.810302734375,984.8106079101562,992.7161254882812,9783078.0,9421480960.0,302,2.9498114585876465
2023-09-13,1002.9500122070312,1017.0,993.7000122070312,1014.4500122070312,12254423.0,12431499561.940125,1007.5918579101562,1024.9345703125,1003.24267578125,1018.893798828125,8058259.5,7820346368.0,303,2.9498114585876465
2023-09-14,1014.4500122070312,1022.4000244140625,1009.0499877929688,1020.9000244140625,7855558.0,8019739353.986084,1009.29345703125,1020.7107543945312,1002.8714599609375,1014.0816040039062,8170779.0,7913232384.0,304,2.982769012451172
2023-09-15,1021.0,1031.75,1014.5499877929688,1027.1500244140625,8986157.0,9230131381.938599,1019.3056640625,1032.4951171875,1011.7576293945312,1022.437255859375,15650047.0,15055381504.0,305,2.982769012451172
2023-09-18,1021.5499877929688,1029.9000244140625,1019.0,1024.75,6397319.0,6555652645.25,1029.542724609375,1041.91796875,1022.3585815429688,1032.7850341796875,9098080.0,8774541312.0,306,2.982769012451172
2023-09-20,1012.2999877929688,1047.5,1012.2999877929688,1027.300048828125,13619788.0,13991608877.42871,1023.1635131835938,1030.6240234375,1012.7430419921875,1020.3312377929688,10365060.0,10079299584.0,307,2.982769012451172
2023-09-21,1026.5999755859375,1033.5999755859375,1012.0999755859375,1014.4500122070312,8156588.0,8274450796.167725,1028.3402099609375,1034.6336669921875,1014.1074829101562,1021.0481567382812,10320456.0,10063041536.0,308,2.982769012451172
2023-09-22,1010.0,1027.25,1008.0,1018.25,7108110.0,7237833007.5,1016.286865234375,1027.2708740234375,1009.2052612304688,1017.6085205078125,8152621.5,7935087616.0,309,2.982769012451172
2023-09-25,1015.2000122070312,1026.0,1005.1500244140625,1018.9500122070312,7123890.0,7258887802.461548,1013.135009765625,1017.7120361328125,995.5997924804688,1001.09814453125,8786067.0,8653996032.0,310,2.982769012451172
2023-09-26,1019.0,1020.7000122070312,1011.0,1014.1500244140625,6387615.0,6477999908.197632,1016.489013671875,1024.981201171875,1009.774658203125,1017.9029541015625,6387079.5,6302789632.0,311,2.982769012451172
2023-09-27,1009.9500122070312,1027.949951171875,1004.0,1025.199951171875,5158686.0,5288684635.311035,1015.258544921875,1023.6678466796875,1008.8783569335938,1016.818359375,6327295.5,6273758208.0,312,2.952723741531372
2023-09-28,1027.0,1037.949951171875,1025.199951171875,1030.9000244140625,15818489.0,16307280696.29358,1021.8515014648438,1032.849853515625,1015.8667602539062,1026.3502197265625,6842659.5,6795993088.0,313,2.952723741531372
2023-09-29,1030.9000244140625,1041.0,1024.5,1036.699951171875,9528626.0,9878326108.935059,1038.5701904296875,1049.5433349609375,1026.34228515625,1036.406005859375,8611383.0,8711290880.0,314,2.952723741531372
2023-10-03,1035.0,1044.699951171875,1032.5999755859375,1041.050048828125,11589322.0,12065064233.984863,1031.6490478515625,1041.0535888671875,1025.736083984375,1034.2540283203125,7550585.0,7361622016.0,315,2.952723741531372
2023-10-04,1035.3499755859375,1037.0,988.8499755859375,995.5499877929688,22584212.0,22483711980.91382,1036.921875,1046.1451416015625,1031.170166015625,1040.8447265625,6836443.5,6710427136.0,316,2.952723741531372
2023-10-05,1000.0,1009.2000122070312,988.9000244140625,1003.25,7950412.0,7976250839.0,1006.33447265625,1017.832763671875,1000.2763671875,1011.5849609375,8216629.0,7989952512.0,317,2.952723741531372
2023-10-06,1005.0,1008.0,999.4000244140625,1000.9500122070312,5289753.0,5294778329.92218,1001.4736328125,1010.7557373046875,993.6149291992188,1001.747314453125,9534853.0,9319824384.0,318,2.952723741531372
2023-10-09,994.7999877929688,999.7000122070312,988.25,996.25,6823214.0,6797626947.5,1003.6218872070312,1011.5244140625,996.240966796875,1004.292724609375,6795619.0,6805474304.0,319,2.952723741531372
2023-10-10,999.9000244140625,1014.9500122070312,996.5,1012.25,5728499.0,5798673112.75,998.0436401367188,1006.0220947265625,988.81884765625,997.1312255859375,9818845.0,9611876352.0,320,3.099820613861084
2023-10-11,1019.0,1025.6500244140625,1012.0,1019.0999755859375,7396783.0,7538061374.714478,1013.9011840820312,1026.0869140625,1008.7284545898438,1020.250244140625,7527384.0,7477916672.0,321,3.099820613861084
2023-10-12,1022.0,1031.0,1014.9500122070312,1018.4500122070312,4920222.0,5011000155.961304,1019.6875610351562,1026.5203857421875,1012.0798950195312,1018.9358520507812,6014641.0,5995080704.0,322,3.099820613861084
2023-10-13,1009.0,1011.4500122070312,992.25,994.0499877929688,12173162.0,12100731537.501831,1031.925048828125,1038.425537109375,1020.7559814453125,1027.892578125,7258344.0,7297683968.0,323,3.099820613861084
2023-10-16,990.0,1009.4500122070312,990.0,1004.7999877929688,4646960.0,4669265351.274414,997.2528076171875,1015.0018920898438,992.0228271484375,1007.58984375,14111348.0,13484549120.0,324,3.099820613861084
2023-10-17,1008.8499755859375,1014.7000122070312,1003.0999755859375,1008.0499877929688,6105067.0,6154212714.825256,999.1796875,1004.45361328125,987.659423828125,993.5007934570312,7795840.0,7758613504.0,325,3.099820613861084
2023-10-18,1010.0,1014.0999755859375,989.3499755859375,992.8499755859375,7818946.0,7763040345.207764,1006.041015625,1010.1911010742188,991.6409301757812,996.8516235351562,7706984.0,7707976704.0,326,3.099820613861084
2023-10-19,979.7000122070312,999.0,979.7000122070312,991.4000244140625,4836625.0,4795030143.081665,997.4071044921875,1007.3070068359375,991.9776000976562,1000.5917358398438,7160137.5,7218699776.0,327,3.099820613861084
2023-10-20,989.0,992.9000244140625,977.75,980.3499755859375,5664400.0,5553094401.708984,990.67822265625,996.8223876953125,980.3717651367188,987.2692260742188,10201712.0,9957979136.0,328,3.3144359588623047
2023-10-23,980.0,984.9000244140625,961.0999755859375,964.2999877929688,5896695.0,5686182916.51886,978.7567749023438,983.4949951171875,960.15673828125,982.1077880859375,7421910.0,7234700288.0,329,3.3144359588623047
2023-10-25,960.0,974.0,951.4000244140625,955.4500122070312,6957048.0,6647111596.524902,969.1681518554688,981.0865478515625,966.7782592773438,976.5833740234375,7167368.0,7055164416.0,330,3.3144359588623047
2023-10-26,956.0,975.0,952.75,972.0499877929688,17540495.0,17050237950.63263,962.6372680664062,975.1776733398438,959.9681396484375,971.488037109375,4421546.0,4492677120.0,331,3.3144359588623047
2023-10-27,980.0,1004.75,973.2999877929688,1002.75,13443016.0,13479984294.0,957.598388671875,964.4226684570312,938.5877075195312,953.64208984375,11914386.0,11256730624.0,332,3.3144359588623047
2023-10-30,1002.75,1002.75,979.2000122070312,989.2000122070312,5270567.0,5213644940.737976,1004.1786499023438,1016.6536865234375,992.990234375,998.398681640625,8801723.0,8839174144.0,333,3.3144359588623047
2023-10-31,998.0,998.0,978.0,981.8499755859375,7816805.0,7674929798.410034,946.4979248046875,984.2423706054688,932.6719360351562,970.4594116210938,12424756.0,11924579328.0,334,3.3144359588623047
2023-11-01,977.8499755859375,979.2999877929688,968.0,971.7999877929688,5703984.0,5543131581.571289,987.7562255859375,990.3616943359375,973.212158203125,975.872802734375,5717846.0,5741499392.0,335,3.3144359588623047
2023-11-02,978.0,988.3499755859375,974.0,982.9500122070312,5193982.0,5105424670.303101,971.0266723632812,970.3175659179688,951.2176513671875,949.9036865234375,7401374.0,7091360256.0,336,3.4363532066345215
2023-11-03,986.0,991.4000244140625,981.5,988.8499755859375,4268048.0,4220459160.5996094,997.2713012695312,1002.0360107421875,965.1859741210938,966.771484375,7917250.5,7803177984.0,337,3.4363532066345215
2023-11-06,995.0,1016.2000122070312,993.0999755859375,1009.4000244140625,6552178.0,6613768633.165283,997.0890502929688,1021.1065673828125,990.110595703125,1009.9024047851562,23017904.0,22606680064.0,338,3.4363532066345215
2023-11-07,1008.0,1022.2000122070312,1005.25,1020.9000244140625,6559859.0,6696960213.252808,1006.651611328125,1010.5325927734375,1000.807373046875,1004.7021484375,2962338.5,3225169920.0,339,3.4363532066345215
2023-11-08,1024.0,1026.949951171875,1015.5999755859375,1021.7000122070312,7643314.0,7809174007.102173,1018.613037109375,1029.1768798828125,1012.510009765625,1022.5078125,5953782.5,5975351296.0,340,3.4363532066345215
2023-11-09,1024.75,1028.8499755859375,1016.6500244140625,1021.9000244140625,4407935.0,4504468884.115601,1019.1995239257812,1026.6986083984375,1012.1884765625,1019.4911499023438,5363230.0,5364632064.0,341,3.4363532066345215
2023-11-10,1017.9000244140625,1031.0,1016.6500244140625,1029.199951171875,3294063.0,3390249478.75708,1020.0112915039062,1026.1680908203125,1011.699951171875,1018.1221923828125,4955334.0,5006394368.0,342,3.4363532066345215
2023-11-13,1030.050048828125,1031.8499755859375,1023.5,1025.3499755859375,5985481.0,6137212797.220093,1026.56982421875,1031.750244140625,1007.8126831054688,1012.1370849609375,7549991.5,7591510528.0,343,3.4363532066345215
2023-11-15,1045.0,1045.0,1031.550048828125,1041.3499755859375,7240388.0,7539777867.032715,1020.8818969726562,1032.2652587890625,1013.4454345703125,1023.230224609375,10316026.0,10415296512.0,344,3.5767202377319336
2023-11-16,1042.800048828125,1044.0,1022.1500244140625,1026.3499755859375,6908825.0,7090872370.077515,1044.4119873046875,1059.60888671875,1037.90380859375,1053.57763671875,8412267.0,8715337728.0,345,3.5767202377319336
2023-11-17,1014.9000244140625,1020.0,991.8499755859375,994.3499755859375,13268353.0,13193386481.6156,1034.0506591796875,1050.84521484375,1027.5152587890625,1040.8021240234375,5774759.0,5904082944.0,346,3.5767202377319336
2023-11-20,981.0,994.75,980.3499755859375,988.7000122070312,8215656.0,8122819187.48877,992.4655151367188,1012.9903564453125,976.9759521484375,992.1157836914062,16602119.0,15833960448.0,347,3.5767202377319336
2023-11-21,989.9500122070312,997.5,986.6500244140625,991.7999877929688,7061614.0,7003708678.998657,989.8397827148438,998.5839233398438,984.8846435546875,993.5603637695312,5802472.0,5863693312.0,348,3.5767202377319336
2023-11-22,991.0,999.9000244140625,988.0,998.0999755859375,6103988.0,6092390273.776855,988.3209838867188,994.0201416015625,976.5619506835938,984.8306884765625,9267598.0,9133130752.0,349,3.5767202377319336
2023-11-23,999.0,1003.4000244140625,995.4000244140625,999.0499877929688,3112891.0,3109933715.5508423,992.3820190429688,1002.179443359375,973.0634765625,981.0040893554688,4487132.5,4819904512.0,350,3.5767202377319336
2023-11-24,1002.0,1010.75,999.7000122070312,1008.5,6956281.0,7015409388.5,1007.8994750976562,1020.1831665039062,1003.6031494140625,1015.94580078125,5474999.5,5587044352.0,351,3.5767202377319336
2023-11-28,1013.0499877929688,1021.9500122070312,1009.25,1021.1500244140625,6173384.0,6303951222.317383,1006.5224609375,1024.150634765625,1003.6905517578125,1007.7207641601562,6769045.0,7148792832.0,352,3.537911891937256
2023-11-29,1027.1500244140625,1063.5,1021.1500244140625,1060.1500244140625,9422396.0,9989153349.438965,1023.1096801757812,1037.9295654296875,1018.844482421875,1032.896728515625,6256226.5,6384229888.0,353,3.537911891937256
2023-11-30,1062.699951171875,1080.9000244140625,1055.449951171875,1074.25,24755589.0,26593691483.25,1054.6923828125,1063.505859375,1047.2010498046875,1057.2314453125,6530657.0,6769345536.0,354,3.537911891937256
2023-12-01,1075.4000244140625,1109.0,1070.199951171875,1104.6500244140625,14428758.0,15938727876.9646,1068.0111083984375,1076.64453125,1055.6429443359375,1066.2275390625,9451369.0,10284197888.0,355,3.537911891937256
2023-12-04,1120.5,1129.0,1099.0999755859375,1125.5999755859375,14043213.0,15807040209.94812,1078.64990234375,1086.2247314453125,1061.0836181640625,1072.477783203125,7044970.0,7606322688.0,356,3.537911891937256
2023-12-05,1136.800048828125,1151.8499755859375,1127.1500244140625,1132.449951171875,15804808.0,17898154047.88086,1106.693115234375,1113.7528076171875,1077.3955078125,1088.76220703125,9087514.0,9692717056.0,357,3.537911891937256
2023-12-06,1135.0999755859375,1145.699951171875,1117.949951171875,1120.5,7342767.0,8227570423.5,1114.8448486328125,1121.329833984375,1095.843994140625,1107.132080078125,8917459.0,9657405440.0,358,3.537911891937256
2023-12-07,1119.25,1129.5999755859375,1108.5,1117.8499755859375,6439419.0,7198304371.937622,1115.69921875,1124.0552978515625,1101.1160888671875,1112.7901611328125,7312669.0,7840386560.0,359,3.537911891937256
2023-12-08,1115.8499755859375,1134.3499755859375,1111.5,1131.199951171875,7300989.0,8258878400.3063965,1114.9603271484375,1125.8963623046875,1104.40625,1117.3638916015625,6872586.5,7309971456.0,360,3.312514543533325
2023-12-11,1129.0,1139.4000244140625,1113.8499755859375,1116.5,6924589.0,7731303618.5,1116.9388427734375,1135.3228759765625,1109.0872802734375,1130.0140380859375,6749911.0,7306100224.0,361,3.312514543533325
2023-12-12,1120.0,1133.9000244140625,1109.0,1131.0,9044111.0,10228889541.0,1122.60595703125,1135.29052734375,1111.1436767578125,1123.8870849609375,7553414.5,8169334784.0,362,3.312514543533325
2023-12-13,1150.0,1151.0,1111.449951171875,1114.8499755859375,8184523.0,9124515266.732544,1135.44873046875,1145.286376953125,1109.417724609375,1121.909912109375,10275254.0,11355556864.0,363,3.312514543533325
2023-12-14,1132.4000244140625,1138.5999755859375,1117.9000244140625,1120.449951171875,9421193.0,10555975236.83081,1128.012939453125,1144.623779296875,1115.524169921875,1132.2723388671875,9287661.0,10159473664.0,364,3.312514543533325
2023-12-15,1119.199951171875,1127.8499755859375,1108.5999755859375,1120.3499755859375,12048410.0,13498435849.349365,1122.23876953125,1127.8865966796875,1101.2100830078125,1109.8388671875,10163575.0,10942413824.0,365,3.312514543533325
2023-12-18,1119.699951171875,1120.0,1107.199951171875,1111.3499755859375,7922468.0,8804634618.380371,1126.3160400390625,1133.0821533203125,1105.689697265625,1118.574951171875,14810224.0,16117599232.0,366,3.312514543533325
2023-12-19,1123.800048828125,1126.8499755859375,1114.199951171875,1120.25,6824641.0,7645304080.25,1112.4130859375,1125.791748046875,1097.8223876953125,1114.31103515625,10695414.0,11661043712.0,367,3.312514543533325
2023-12-20,1122.0,1123.8499755859375,1102.699951171875,1110.25,9848057.0,10933805284.25,1140.4298095703125,1159.3919677734375,1119.745849609375,1132.612548828125,11201082.0,12919796736.0,368,3.186636447906494
2023-12-21,1103.9000244140625,1103.9000244140625,1077.199951171875,1095.4000244140625,10914682.0,11955942929.271729,1112.0057373046875,1124.22265625,1098.6097412109375,1110.2320556640625,8200219.5,8813022208.0,369,3.186636447906494
2023-12-22,1095.4000244140625,1106.300048828125,1085.800048828125,1088.300048828125,10600025.0,11536007725.079346,1095.321533203125,1112.8265380859375,1087.8385009765625,1104.09912109375,7761328.5,8286530560.0,370,3.186636447906494
2023-12-26,1091.199951171875,1100.6500244140625,1086.699951171875,1094.25,5687517.0,6223565477.25,1098.0396728515625,1113.7236328125,1080.383544921875,1095.31494140625,11310502.0,12230144000.0,371,3.186636447906494
2023-12-27,1096.050048828125,1110.550048828125,1089.6500244140625,1106.3499755859375,6132936.0,6785173593.870117,1093.4908447265625,1107.1348876953125,1085.4559326171875,1097.7850341796875,8292767.0,8966939648.0,372,3.186636447906494
2023-12-28,1107.25,1113.0,1098.0,1107.8499755859375,14097667.0,15618100041.768677,1103.7564697265625,1112.056396484375,1091.894287109375,1101.1490478515625,6724646.0,7143470592.0,373,3.186636447906494
2023-12-29,1101.449951171875,1106.8499755859375,1093.949951171875,1102.300048828125,8786731.0,9685614010.3396,1111.246826171875,1119.7591552734375,1099.03173828125,1107.7706298828125,8939170.0,9643457536.0,374,3.186636447906494
2024-01-01,1095.0,1104.0,1093.0,1097.699951171875,4083732.0,4482712416.999023,1097.5418701171875,1111.48095703125,1077.5450439453125,1080.7115478515625,11379972.0,12116027392.0,375,3.186636447906494
2024-01-02,1095.0999755859375,1099.3499755859375,1082.300048828125,1093.25,7895577.0,8631839555.25,1098.3782958984375,1110.8602294921875,1088.002197265625,1099.7257080078125,11621428.0,12581873664.0,376,3.1009397506713867
2024-01-03,1091.0,1102.5999755859375,1081.300048828125,1098.5999755859375,10225290.0,11233503344.35913,1088.6475830078125,1097.3316650390625,1077.5078125,1089.1751708984375,7362448.0,7730945024.0,377,3.1009397506713867
2024-01-04,1103.0,1130.0,1100.050048828125,1123.4000244140625,11411683.0,12819884960.805542,1095.4031982421875,1114.05517578125,1085.1177978515625,1100.418701171875,11076814.0,11805641728.0,378,3.1009397506713867
2024-01-05,1124.0,1139.9000244140625,1119.0,1136.949951171875,8025466.0,9124553176.831543,1125.9227294921875,1137.0670166015625,1111.1734619140625,1122.5048828125,8531444.0,9272897536.0,379,3.1009397506713867
2024-01-08,1145.0,1146.0,1118.5,1122.0,4735538.0,5313273636.0,1128.931396484375,1138.5589599609375,1117.5897216796875,1127.78369140625,6160401.0,6515378176.0,380,3.1009397506713867
2024-01-09,1128.550048828125,1135.550048828125,1112.3499755859375,1116.550048828125,6359362.0,7100545951.615723,1138.9915771484375,1137.1767578125,1088.220458984375,1092.603271484375,9257560.0,9960895488.0,381,3.1009397506713867
2024-01-10,1115.25,1116.0,1099.050048828125,1107.0,5934163.0,6569118441.0,1123.8275146484375,1131.6385498046875,1111.60302734375,1121.7784423828125,6598395.0,7002864640.0,382,3.1009397506713867
2024-01-11,1111.050048828125,1127.9000244140625,1111.050048828125,1125.75,4683035.0,5271926651.25,1101.2183837890625,1105.213623046875,1084.2738037109375,1091.376708984375,5501981.0,5842914304.0,383,3.1009397506713867
2024-01-12,1126.3499755859375,1129.449951171875,1118.050048828125,1120.3499755859375,5616755.0,6292731327.122192,1130.28271484375,1148.1533203125,1123.478515625,1141.2490234375,6087128.5,6492119040.0,384,3.0998899936676025
2024-01-15,1122.0,1130.449951171875,1116.5999755859375,1119.5,6719079.0,7522008940.5,1124.4945068359375,1130.381591796875,1109.325439453125,1118.4813232421875,8506553.0,9216557056.0,385,3.0998899936676025
2024-01-16,1116.6500244140625,1127.800048828125,1115.0999755859375,1119.0999755859375,5229753.0,5852616454.620483,1129.4510498046875,1134.6358642578125,1108.8623046875,1116.4959716796875,9482886.0,10465438720.0,386,3.0998899936676025
2024-01-17,1082.0,1115.0,1079.199951171875,1082.300048828125,24913719.0,26964119290.190186,1128.844482421875,1139.95751953125,1121.4949951171875,1132.3751220703125,6392765.5,6893179392.0,387,3.0998899936676025
2024-01-18,1066.0,1108.75,1066.0,1097.5,11473135.0,12591765662.5,1084.474609375,1101.31787109375,1076.917236328125,1092.48828125,10440461.0,11125538816.0,388,3.0998899936676025
2024-01-19,1107.1500244140625,1126.300048828125,1105.0,1116.550048828125,12303696.0,13737692369.566406,1088.9398193359375,1096.9163818359375,1077.782470703125,1087.24169921875,6904969.0,7325601792.0,389,3.0998899936676025
2024-01-23,1125.9000244140625,1141.5999755859375,1078.800048828125,1089.25,18924087.0,20613061764.75,1116.14404296875,1124.5723876953125,1099.284423828125,1108.0745849609375,8548416.0,9240728576.0,390,3.0998899936676025
2024-01-24,1034.800048828125,1073.199951171875,1020.9000244140625,1059.1500244140625,20884046.0,22119337830.764404,1092.823974609375,1099.80810546875,1074.5638427734375,1082.5604248046875,10492488.0,11212435456.0,391,3.0998899936676025
2024-01-25,1058.0,1063.699951171875,1025.800048828125,1042.25,20835434.0,21715731086.5,1058.4998779296875,1072.238525390625,1049.263916015625,1062.188232421875,12077180.0,12805275648.0,392,3.0570504665374756
2024-01-29,1036.0,1068.0,1036.0,1061.25,11188604.0,11873905995.0,1044.3072509765625,1064.0518798828125,1017.31640625,1051.6981201171875,22362926.0,22244401152.0,393,3.0570504665374756
2024-01-30,1060.050048828125,1070.449951171875,1050.800048828125,1054.0999755859375,9426983.0,9936982550.149048,1059.7086181640625,1065.1995849609375,1049.244140625,1053.06103515625,5997171.0,6352593920.0,394,3.0570504665374756
2024-01-31,1048.199951171875,1084.0999755859375,1042.699951171875,1067.75,12600390.0,13454066422.5,1048.0118408203125,1073.1329345703125,1037.4658203125,1051.250244140625,11802605.0,12417502208.0,395,3.0570504665374756
2024-02-01,1072.6500244140625,1087.6500244140625,1056.800048828125,1084.25,9756682.0,10578682458.5,1064.4884033203125,1083.6719970703125,1059.2071533203125,1079.068115234375,10666240.0,11247633408.0,396,3.0570504665374756
2024-02-02,1088.050048828125,1096.199951171875,1065.0,1067.050048828125,8667415.0,9248565598.963623,1079.97021484375,1089.0904541015625,1071.0072021484375,1084.7440185546875,12826298.0,13709198336.0,397,3.0570504665374756
2024-02-05,1067.050048828125,1079.5,1058.0,1061.5,12569454.0,13342475421.0,1035.14208984375,1075.7684326171875,1025.57568359375,1054.7393798828125,10035328.0,10505187328.0,398,3.0570504665374756
2024-02-06,1061.550048828125,1065.0999755859375,1048.199951171875,1050.050048828125,8011171.0,8412130499.720459,1065.62451171875,1074.1832275390625,1062.1976318359375,1068.0042724609375,6833766.0,7365769216.0,399,3.0570504665374756
2024-02-07,1061.050048828125,1073.699951171875,1057.5,1069.0999755859375,7281793.0,7784964718.521851,1051.13720703125,1061.67578125,1044.135498046875,1050.0172119140625,9739009.0,10311537664.0,400,3.211942434310913
2024-02-08,1072.0,1075.5999755859375,1031.6500244140625,1035.9000244140625,9869141.0,10223443402.845825,1078.30224609375,1089.1295166015625,1061.186279296875,1071.48828125,8611349.0,9344719872.0,401,3.211942434310913
2024-02-09,1039.949951171875,1054.9000244140625,1034.550048828125,1051.4000244140625,8233454.0,8656653736.61206,1042.3658447265625,1059.3843994140625,1039.039794921875,1051.0418701171875,8404492.0,8828755968.0,402,3.211942434310913
2024-02-12,1051.4000244140625,1057.25,1035.3499755859375,1046.699951171875,8694379.0,9100406074.769775,1052.26953125,1069.466064453125,1047.0540771484375,1063.616943359375,10325117.0,10886282240.0,403,3.211942434310913
2024-02-13,1051.0,1075.550048828125,1044.800048828125,1070.75,8413609.0,9008871836.75,1018.2503662109375,1039.6024169921875,988.3287963867188,1040.1409912109375,10542060.0,10859617280.0,404,3.211942434310913
2024-02-14,1061.300048828125,1100.9000244140625,1060.550048828125,1096.8499755859375,16609115.0,18217707382.25403,1054.8994140625,1058.480224609375,1049.0684814453125,1050.2608642578125,9835984.0,10142320640.0,405,3.211942434310913
2024-02-15,1097.5,1097.550048828125,1069.25,1072.199951171875,11780823.0,12631397845.364502,1096.8427734375,1113.122314453125,1085.3228759765625,1105.4755859375,12482126.0,13584869376.0,406,3.211942434310913
2024-02-16,1073.0,1076.0,1058.0,1068.75,8660907.0,9256344356.25,1081.6712646484375,1091.940673828125,1055.2376708984375,1067.4796142578125,6966054.0,7511070720.0,407,3.211942434310913
2024-02-19,1069.0,1070.0,1060.0999755859375,1062.949951171875,7562645.0,8038713133.480225,1033.251708984375,1037.12158203125,1007.541015625,1009.5803833007812,5304256.5,5837554688.0,408,3.2289459705352783
2024-02-20,1059.0,1090.5,1057.699951171875,1088.5999755859375,8722800.0,9495639867.041016,1061.9842529296875,1066.8240966796875,1051.029296875,1056.386962890625,7888722.0,8508892160.0,409,3.2289459705352783
2024-02-21,1093.8499755859375,1093.949951171875,1073.0999755859375,1084.199951171875,9177213.0,9949933886.493896,1083.02001953125,1091.5604248046875,1075.2745361328125,1084.8170166015625,7218974.5,7805819904.0,410,3.2289459705352783
2024-02-22,1090.300048828125,1110.699951171875,1081.5,1100.9000244140625,14633340.0,16109844363.259277,1086.28515625,1098.5787353515625,1060.5615234375,1085.7310791015625,10081168.0,10872244224.0,411,3.2289459705352783
2024-02-23,1099.0,1107.4000244140625,1090.0,1096.800048828125,6250943.0,6856034587.621826,1099.8265380859375,1109.8680419921875,1089.59130859375,1102.3909912109375,8378323.5,9058478080.0,412,3.2289459705352783
2024-02-26,1093.449951171875,1094.800048828125,1079.6500244140625,1085.199951171875,5354189.0,5810365641.36499,1096.19873046875,1104.3157958984375,1086.401123046875,1094.7337646484375,7058393.0,7673902080.0,413,3.2289459705352783
2024-02-27,1081.6500244140625,1088.550048828125,1072.050048828125,1079.050048828125,6546815.0,7064341045.418701,1081.4698486328125,1086.270751953125,1060.0819091796875,1067.4422607421875,9157562.0,9756103680.0,414,3.2289459705352783
2024-02-28,1077.4000244140625,1085.0,1064.050048828125,1074.199951171875,7643191.0,8210315398.997314,1070.7398681640625,1107.6275634765625,1048.2393798828125,1083.9842529296875,9150224.0,9937026048.0,415,3.2289459705352783
2024-02-29,1071.0,1082.300048828125,1055.3499755859375,1075.0999755859375,13648997.0,14674036341.472534,1076.6983642578125,1095.6229248046875,1070.8851318359375,1088.669921875,8736579.0,9420290048.0,416,3.295686960220337
2024-03-01,1076.0,1101.699951171875,1076.0,1099.25,4819390.0,5297714457.5,1075.0635986328125,1083.8509521484375,1068.3427734375,1076.5479736328125,6117425.5,6664056832.0,417,3.295686960220337
2024-03-04,1099.25,1108.9000244140625,1093.0999755859375,1106.75,5895441.0,6524779326.75,1090.782470703125,1102.241455078125,1080.960693359375,1094.6634521484375,9375551.0,10130177024.0,418,3.295686960220337
2024-03-05,1102.199951171875,1110.9000244140625,1094.5,1100.800048828125,4851446.0,5340471993.687012,1091.210693359375,1123.1187744140625,1059.17822265625,1095.3092041015625,8843758.0,9743560704.0,419,3.295686960220337
2024-03-06,1100.199951171875,1131.949951171875,1095.3499755859375,1125.0,13787638.0,15511092750.0,1103.04443359375,1119.62255859375,1098.75,1111.74365234375,6334358.0,6954194944.0,420,3.295686960220337
2024-03-07,1126.0,1126.9000244140625,1107.550048828125,1111.449951171875,6943879.0,7717773975.493408,1119.9876708984375,1151.922119140625,1117.0037841796875,1131.883544921875,14281434.0,16523089920.0,421,3.295686960220337
2024-03-11,1112.25,1120.0,1101.9000244140625,1105.0999755859375,6751641.0,7461238304.265015,1119.0894775390625,1142.79345703125,1114.12646484375,1135.869384765625,10662739.0,11931769856.0,422,3.295686960220337
2024-03-12,1105.0,1121.4000244140625,1084.25,1097.0,9817138.0,10769400386.0,1105.5531005859375,1110.1866455078125,1093.7646484375,1098.943359375,4494817.5,4981005312.0,423,3.295686960220337
2024-03-13,1096.0,1099.550048828125,1070.75,1080.4000244140625,11503890.0,12428803036.85669,1097.1583251953125,1109.9154052734375,1089.443603515625,1101.123291015625,7709016.0,8328966144.0,424,3.294884204864502
2024-03-14,1075.0,1081.25,1055.5999755859375,1058.25,10253613.0,10850885957.25,1073.9732666015625,1077.5360107421875,1062.739990234375,1066.571533203125,6479956.5,7058840064.0,425,3.294884204864502
2024-03-15,1056.25,1056.25,1030.25,1046.4000244140625,17798175.0,18624010754.525757,1052.31591796875,1059.631591796875,1035.638671875,1046.6221923828125,9156040.0,9669151744.0,426,3.294884204864502
2024-03-18,1044.0,1066.9000244140625,1043.5999755859375,1061.3499755859375,7612407.0,8079427983.60022,1034.6998291015625,1040.6695556640625,1023.7313842773438,1029.10400390625,11573376.0,11956970496.0,427,3.294884204864502
2024-03-19,1055.550048828125,1060.949951171875,1046.699951171875,1050.800048828125,6728886.0,7070713737.358887,1054.9637451171875,1075.167724609375,1045.0367431640625,1065.527099609375,11917742.0,12698109952.0,428,3.294884204864502
2024-03-20,1050.0,1057.449951171875,1030.949951171875,1034.75,12619644.0,13058176629.0,1048.2054443359375,1060.54248046875,1045.0521240234375,1052.008544921875,9571614.0,10265066496.0,429,3.294884204864502
2024-03-21,1039.3499755859375,1050.550048828125,1028.1500244140625,1035.5999755859375,9903738.0,10256310831.009521,1033.416259765625,1040.9525146484375,1008.4285888671875,1017.8781127929688,11661288.0,11971620864.0,430,3.294884204864502
2024-03-22,1040.0999755859375,1047.25,1029.949951171875,1033.300048828125,9891194.0,10220571243.168457,1012.1156616210938,1057.2950439453125,1015.7234497070312,1040.0174560546875,9589727.0,9980717056.0,431,3.294884204864502
2024-03-26,1029.0,1044.199951171875,1027.5,1040.550048828125,9656767.0,10048349373.371826,1039.3043212890625,1045.6766357421875,1023.9893188476562,1026.2332763671875,6938107.0,7252182016.0,432,3.3529374599456787
2024-03-27,1045.800048828125,1057.550048828125,1044.25,1052.8499755859375,17027308.0,17927200812.09424,1024.3280029296875,1025.34716796875,1020.31005859375,1018.6145629882812,4565700.5,4904801280.0,433,3.3529374599456787
2024-03-28,1052.8499755859375,1058.4000244140625,1044.0999755859375,1047.199951171875,10235318.0,10718424509.828613,1049.62060546875,1056.7757568359375,1037.4482421875,1048.3695068359375,7314293.5,7861758464.0,434,3.3529374599456787
2024-04-01,1052.3499755859375,1063.75,1048.9000244140625,1053.0999755859375,5484556.0,5775785789.699707,1021.2164916992188,1047.7296142578125,1007.8593139648438,1041.17578125,11105655.0,11373053952.0,435,3.3529374599456787
2024-04-02,1051.0,1055.8499755859375,1040.199951171875,1047.199951171875,13617893.0,14260656884.663818,1061.197021484375,1066.0040283203125,1055.2069091796875,1058.635986328125,6887529.0,7442569216.0,436,3.3529374599456787
2024-04-03,1043.800048828125,1070.300048828125,1043.75,1063.25,11573590.0,12305619567.5,1048.748291015625,1061.9228515625,1044.029541015625,1056.6165771484375,6334162.0,6703437824.0,437,3.3529374599456787
2024-04-04,1070.0,1080.699951171875,1059.1500244140625,1062.949951171875,17964844.0,19095730052.61035,1054.761962890625,1076.4647216796875,1056.4324951171875,1069.76416015625,8293294.0,9129824256.0,438,3.3529374599456787
2024-04-05,1061.0999755859375,1063.0,1048.0999755859375,1059.0999755859375,9210187.0,9754508826.841919,1042.8594970703125,1069.13623046875,1036.2955322265625,1054.198974609375,14556264.0,15379111936.0,439,3.3529374599456787
2024-04-08,1067.0,1079.449951171875,1063.550048828125,1076.050048828125,4967186.0,5344940737.838379,1049.2562255859375,1069.7047119140625,1032.4354248046875,1062.8143310546875,10362967.0,11163319296.0,440,3.4253931045532227
2024-04-09,1090.0,1090.0,1071.3499755859375,1080.0,11385226.0,12296044080.0,1075.53466796875,1077.667724609375,1046.3115234375,1070.6947021484375,7329059.0,7789176832.0,441,3.4253931045532227
2024-04-10,1086.199951171875,1093.0,1080.0,1087.800048828125,9064074.0,9859900139.781738,1087.8631591796875,1112.16845703125,1070.3074951171875,1075.848876953125,9554678.0,10385443840.0,442,3.4253931045532227
2024-04-12,1079.5,1096.4000244140625,1071.0999755859375,1073.449951171875,18045983.0,19371459570.198486,1091.1807861328125,1099.9481201171875,1079.13525390625,1088.2545166015625,8079913.5,8865963008.0,443,3.4253931045532227
2024-04-15,1063.0999755859375,1071.0,1055.25,1057.949951171875,8889435.0,9404577324.195557,1066.1962890625,1074.9857177734375,1053.1756591796875,1061.8311767578125,12489696.0,13247975424.0,444,3.4253931045532227
2024-04-16,1049.949951171875,1057.8499755859375,1044.3499755859375,1051.9000244140625,7107881.0,7476780197.432251,1060.8905029296875,1086.662841796875,1059.2972412109375,1077.7972412109375,11053022.0,11950190592.0,445,3.4253931045532227
2024-04-18,1044.1500244140625,1051.4000244140625,1013.8499755859375,1024.0,17832438.0,18260416512.0,1044.236572265625,1067.7186279296875,1043.6378173828125,1060.2742919921875,9135849.0,9801404416.0,446,3.4253931045532227
2024-04-19,1015.0,1036.949951171875,995.7000122070312,1029.0999755859375,21598007.0,22226508476.404907,1017.4819946289062,1023.4207763671875,975.711669921875,994.3892822265625,13234592.0,13451173888.0,447,3.4253931045532227
2024-04-22,1039.0,1058.5,1032.0,1053.949951171875,9410832.0,9918545926.886719,1019.5079956054688,1027.808837890625,1006.0055541992188,1013.1376953125,15229682.0,15635297280.0,448,3.542266368865967
2024-04-23,1058.0,1060.25,1048.75,1055.75,8300012.0,8762737669.0,1058.73681640625,1069.3311767578125,1054.750244140625,1060.6375732421875,7119108.5,7786655744.0,449,3.542266368865967
2024-04-24,1056.0,1068.949951171875,1056.0,1063.25,5641163.0,5997966559.75,1050.5040283203125,1078.1900634765625,1032.6419677734375,1053.4337158203125,9568477.0,10246426624.0,450,3.542266368865967
2024-04-25,1100.0,1133.949951171875,1086.0999755859375,1127.0,46136295.0,51995604465.0,1069.3302001953125,1081.6746826171875,1066.9967041015625,1074.6912841796875,7478490.0,8248630272.0,451,3.542266368865967
2024-04-26,1130.0,1141.3499755859375,1123.0,1130.300048828125,10133766.0,11454196204.612793,1119.1727294921875,1140.656982421875,1104.15673828125,1128.408203125,19609672.0,22494590976.0,452,3.542266368865967
2024-04-29,1130.300048828125,1164.0,1125.300048828125,1159.25,15183242.0,17601173288.5,1126.3875732421875,1140.325439453125,1114.9080810546875,1129.0087890625,12157200.0,13424674816.0,453,3.542266368865967
2024-04-30,1160.1500244140625,1182.9000244140625,1155.1500244140625,1165.9000244140625,18965164.0,22111485170.6167,1151.1925048828125,1160.2259521484375,1129.1724853515625,1138.3123779296875,15352078.0,17231888384.0,454,3.542266368865967
2024-05-02,1156.0,1174.0,1148.0,1149.8499755859375,12302236.0,14145725764.252441,1171.239990234375,1181.32568359375,1158.543212890625,1166.8499755859375,9798418.0,11071066112.0,455,3.542266368865967
2024-05-03,1150.9000244140625,1163.25,1134.0999755859375,1141.5,9993632.0,11407730928.0,1146.0172119140625,1157.54150390625,1132.109375,1145.5238037109375,13190954.0,14925543424.0,456,3.6144776344299316
2024-05-06,1143.9000244140625,1156.0,1135.6500244140625,1143.6500244140625,7490104.0,8566057622.463867,1138.7996826171875,1152.6541748046875,1126.4237060546875,1137.2235107421875,13106817.0,14722076672.0,457,3.6144776344299316
2024-05-07,1146.050048828125,1148.800048828125,1124.050048828125,1127.699951171875,7115509.0,8024159151.863037,1154.253173828125,1168.399169921875,1127.9456787109375,1134.389892578125,12440877.0,14233073664.0,458,3.6144776344299316
2024-05-08,1124.6500244140625,1135.449951171875,1118.25,1128.6500244140625,8175609.0,9227401297.44983,1133.1229248046875,1143.127685546875,1114.9024658203125,1118.9610595703125,7778992.0,8685017088.0,459,3.6144776344299316
2024-05-09,1122.0,1134.550048828125,1112.199951171875,1115.6500244140625,5226693.0,5831160173.05481,1123.2825927734375,1134.809814453125,1114.1190185546875,1124.9376220703125,10006684.0,11070253056.0,460,3.6144776344299316
2024-05-10,1123.699951171875,1140.0,1113.3499755859375,1120.0999755859375,7242718.0,8112568254.97583,1123.2099609375,1133.323486328125,1117.4005126953125,1124.84375,5384278.5,5825242624.0,461,3.6144776344299316
2024-05-13,1120.0999755859375,1135.4000244140625,1105.050048828125,1132.0,5513160.0,6240897120.0,1129.038330078125,1150.885986328125,1120.3564453125,1140.8826904296875,14159993.0,15920064512.0,462,3.6144776344299316
2024-05-14,1129.949951171875,1136.0999755859375,1118.0999755859375,1122.8499755859375,5471143.0,6143272783.977173,1129.0462646484375,1141.9849853515625,1119.490234375,1131.60693359375,10926974.0,12240140288.0,463,3.6144776344299316
2024-05-15,1125.550048828125,1131.199951171875,1118.5999755859375,1128.050048828125,5436338.0,6132461346.346191,1125.8909912109375,1134.3145751953125,1116.9793701171875,1122.591552734375,4601046.5,5183854080.0,464,3.6249043941497803
2024-05-16,1134.1500244140625,1143.949951171875,1111.300048828125,1139.300048828125,10750526.0,12248074796.728027,1126.5799560546875,1139.923095703125,1120.9658203125,1131.9354248046875,5211295.0,5760776704.0,465,3.6249043941497803
2024-05-17,1132.0,1146.0,1126.0999755859375,1141.3499755859375,9909986.0,11310762279.156982,1143.0849609375,1156.01904296875,1119.5640869140625,1122.7249755859375,9677976.0,10850111488.0,466,3.6249043941497803
2024-05-21,1136.0,1145.75,1129.199951171875,1137.6500244140625,8162017.0,9285518839.317993,1134.1539306640625,1144.9156494140625,1120.02685546875,1130.8536376953125,9302313.0,10084552704.0,467,3.6249043941497803
2024-05-22,1142.0,1142.0,1117.949951171875,1126.0,9094033.0,10239881158.0,1137.5562744140625,1147.3096923828125,1128.08544921875,1137.63427734375,7197891.0,7903270912.0,468,3.6249043941497803
2024-05-23,1126.0,1169.6500244140625,1125.75,1165.25,12818081.0,14936268885.25,1122.2083740234375,1129.6866455078125,1110.2728271484375,1118.906005859375,7076271.0,7745313792.0,469,3.6249043941497803
2024-05-24,1165.5,1177.0,1160.5999755859375,1174.0,8814997.0,10348806478.0,1160.33935546875,1163.9281005859375,1144.519287109375,1148.664794921875,8703983.0,9661593600.0,470,3.6249043941497803
2024-05-27,1178.9000244140625,1196.0,1168.0,1187.0,10450046.0,12404204602.0,1156.2867431640625,1164.955322265625,1139.802978515625,1145.548095703125,5742526.0,6233480192.0,471,3.6249043941497803
2024-05-28,1188.0,1192.4000244140625,1179.0,1183.4000244140625,4018776.0,4755819616.514648,1200.2066650390625,1212.5557861328125,1174.7752685546875,1186.50732421875,14173624.0,15701594112.0,472,3.594957113265991
2024-05-29,1172.0,1185.9000244140625,1156.0,1159.75,9418064.0,10922599724.0,1177.368896484375,1188.0712890625,1168.7564697265625,1179.1240234375,6981324.0,7677244416.0,473,3.594957113265991
2024-05-30,1155.199951171875,1179.800048828125,1155.0,1167.949951171875,7232217.0,8446867492.014404,1161.963623046875,1173.6995849609375,1152.067626953125,1163.011962890625,10903926.0,12133202944.0,474,3.594957113265991
2024-05-31,1173.0,1178.0,1153.4000244140625,1162.1500244140625,10057642.0,11688488895.8479,1166.5301513671875,1179.0306396484375,1160.980224609375,1170.6103515625,6424404.5,7076753408.0,475,3.594957113265991
2024-06-03,1197.050048828125,1242.199951171875,1193.4000244140625,1223.9000244140625,22197339.0,27167323744.02722,1165.017333984375,1183.48095703125,1160.671142578125,1175.9808349609375,7161934.5,7890034688.0,476,3.594957113265991
2024-06-04,1224.0,1224.0,1101.550048828125,1131.25,24135989.0,27303837556.25,1247.35302734375,1262.8929443359375,1207.276611328125,1217.913330078125,18241520.0,20433059840.0,477,3.594957113265991
2024-06-05,1138.0,1193.0,1110.699951171875,1184.5,21039499.0,24921286565.5,1131.00634765625,1166.0792236328125,1112.958984375,1155.206787109375,25524616.0,27541495808.0,478,3.594957113265991
2024-06-06,1192.0999755859375,1195.9000244140625,1163.25,1170.949951171875,12006879.0,14059454378.776611,1178.9129638671875,1192.9404296875,1161.8804931640625,1173.6763916015625,15940968.0,18293940224.0,479,3.594957113265991
2024-06-07,1178.0,1195.199951171875,1166.75,1186.800048828125,8583998.0,10187489245.540527,1175.17333984375,1191.739501953125,1165.1236572265625,1179.8258056640625,7943861.0,8844675072.0,480,3.566894054412842
2024-06-10,1185.0,1212.4000244140625,1185.0,1200.0,9995057.0,11994068400.0,1176.13671875,1186.6419677734375,1159.090576171875,1173.396728515625,9469656.0,10480243712.0,481,3.566894054412842
2024-06-11,1204.449951171875,1209.3499755859375,1190.449951171875,1194.5999755859375,9390212.0,11217547025.946777,1195.0582275390625,1209.6064453125,1183.0341796875,1196.832763671875,7914753.5,8781371392.0,482,3.566894054412842
2024-06-12,1192.0999755859375,1206.1500244140625,1184.0999755859375,1187.9000244140625,7199718.0,8552545187.974365,1192.91162109375,1202.65966796875,1177.8123779296875,1188.1317138671875,6778282.0,7457122304.0,483,3.566894054412842
2024-06-13,1201.800048828125,1202.0,1173.449951171875,1174.6500244140625,5321148.0,6250486628.11084,1187.56689453125,1198.7572021484375,1174.479736328125,1185.0377197265625,7790855.5,8635506688.0,484,3.566894054412842
2024-06-14,1180.949951171875,1184.6500244140625,1170.0,1181.050048828125,4451031.0,5256890379.885498,1170.8828125,1188.677001953125,1159.9302978515625,1177.08349609375,9287362.0,10286739456.0,485,3.566894054412842
2024-06-18,1194.0,1194.0,1181.1500244140625,1191.9000244140625,6837181.0,8149236200.823364,1176.146728515625,1185.8756103515625,1162.8031005859375,1172.0252685546875,6096110.5,6872650752.0,486,3.566894054412842
2024-06-19,1193.0,1243.3499755859375,1185.5,1226.6500244140625,17987437.0,22064290035.19641,1197.6029052734375,1204.7066650390625,1179.1497802734375,1186.6871337890625,6524774.5,7326571520.0,487,3.566894054412842
2024-06-20,1230.0999755859375,1241.5,1220.4000244140625,1239.5,8206858.0,10172400491.0,1242.16162109375,1248.18798828125,1189.232177734375,1194.1531982421875,14399412.0,16429686784.0,488,3.4114444255828857
2024-06-21,1246.0,1246.0,1223.75,1237.449951171875,29311314.0,36271284078.083496,1219.1279296875,1232.2926025390625,1206.71533203125,1219.77783203125,7356341.0,8217264128.0,489,3.4114444255828857
2024-06-24,1231.0,1235.75,1225.050048828125,1228.0999755859375,6676530.0,8199446329.998779,1233.2542724609375,1239.7364501953125,1204.6219482421875,1215.98828125,18329304.0,21268324352.0,490,3.4114444255828857
2024-06-25,1234.449951171875,1278.75,1226.0,1271.449951171875,17607952.0,22387629710.63672,1228.02587890625,1252.344482421875,1219.6090087890625,1243.386962890625,7550195.0,8599619584.0,491,3.4114444255828857
2024-06-26,1281.0999755859375,1292.949951171875,1259.199951171875,1285.4000244140625,13956370.0,17939518338.73169,1285.0255126953125,1292.72021484375,1237.4886474609375,1244.5777587890625,15934865.0,19136749568.0,492,3.4114444255828857
2024-06-27,1310.0,1310.0,1280.0,1288.949951171875,22311393.0,28758268917.926514,1252.060791015625,1266.8773193359375,1224.5263671875,1244.0982666015625,17168938.0,20408643584.0,493,3.4114444255828857
2024-06-28,1283.0999755859375,1289.9000244140625,1261.5999755859375,1265.25,7167069.0,9068134052.25,1294.806884765625,1300.4801025390625,1266.796875,1276.739990234375,10410456.0,12342521856.0,494,3.4114444255828857
2024-07-01,1273.0,1273.0,1256.449951171875,1261.9000244140625,5797015.0,7315253370.028687,1268.3822021484375,1281.4967041015625,1252.752685546875,1267.98681640625,8106517.0,9358389248.0,495,3.4114444255828857
2024-07-02,1265.0,1267.8499755859375,1238.25,1253.4000244140625,9945447.0,12465623512.608765,1253.9053955078125,1259.332763671875,1215.83740234375,1227.8812255859375,13186792.0,15512183808.0,496,3.1559410095214844
2024-07-03,1260.0,1288.5999755859375,1243.5999755859375,1280.0,15171347.0,19419324160.0,1258.568359375,1270.8521728515625,1245.34423828125,1258.7310791015625,6521270.0,7327232512.0,497,3.1559410095214844
2024-07-04,1288.0,1293.0,1268.5,1280.9000244140625,4817380.0,6170582159.611816,1268.877197265625,1275.712890625,1236.072265625,1249.5958251953125,14639758.0,17253128192.0,498,3.1559410095214844
2024-07-05,1272.0,1295.4000244140625,1270.9000244140625,1287.050048828125,8593502.0,11060267168.70459,1279.4462890625,1286.714111328125,1257.5352783203125,1270.3023681640625,7169789.0,8230841344.0,499,3.1559410095214844
2024-07-08,1285.0,1297.4000244140625,1279.5999755859375,1287.8499755859375,4216951.0,5430800242.397095,1284.497802734375,1288.4920654296875,1244.89306640625,1255.7789306640625,13656949.0,16270048256.0,500,3.1559410095214844
2024-07-09,1284.0,1295.0,1279.199951171875,1289.4000244140625,6930340.0,8935980565.197754,1280.5452880859375,1295.4375,1264.5499267578125,1279.639404296875,7899079.0,9293133824.0,501,3.1559410095214844
2024-07-10,1284.199951171875,1294.0,1275.1500244140625,1291.6500244140625,9020489.0,11651314837.076782,1285.1558837890625,1292.4501953125,1261.350830078125,1274.331787109375,7861033.0,9217391616.0,502,3.1559410095214844
2024-07-11,1301.050048828125,1301.4000244140625,1276.949951171875,1296.75,7848846.0,10177991050.5,1283.4052734375,1296.7012939453125,1271.32666015625,1285.43115234375,6156671.0,7141904896.0,503,3.1559410095214844
2024-07-12,1293.9000244140625,1339.6500244140625,1293.9000244140625,1317.300048828125,11278987.0,14857810125.831787,1302.9176025390625,1318.8466796875,1287.0286865234375,1303.6187744140625,15345132.0,19452360704.0,504,2.978503942489624
2024-07-15,1316.699951171875,1324.4000244140625,1305.0,1307.449951171875,11537127.0,15084216132.81372,1314.2978515625,1326.338623046875,1297.76171875,1313.3431396484375,7744216.0,9216619520.0,505,2.978503942489624
2024-07-16,1307.449951171875,1318.449951171875,1299.699951171875,1304.0,5433264.0,7084976256.0,1308.0047607421875,1321.4835205078125,1286.612060546875,1298.7109375,15582980.0,19148369920.0,506,2.978503942489624
2024-07-18,1300.0,1318.5999755859375,1294.5,1309.4000244140625,6787511.0,8887567069.110718,1333.695068359375,1347.116943359375,1285.3941650390625,1299.650146484375,15168253.0,18415951872.0,507,2.978503942489624
2024-07-19,1305.6500244140625,1309.0,1288.199951171875,1292.3499755859375,4496066.0,5810490785.332764,1301.46826171875,1311.6915283203125,1282.5220947265625,1296.969970703125,7632999.5,9221632000.0,508,2.978503942489624
2024-07-22,1283.3499755859375,1292.3499755859375,1278.199951171875,1282.5,6695557.0,8587051852.5,1293.8245849609375,1304.6685791015625,1279.8446044921875,1294.067626953125,5715059.0,6948307456.0,509,2.978503942489624
2024-07-23,1288.5,1291.0999755859375,1251.0,1263.25,8789327.0,11103117332.75,1285.3746337890625,1298.9176025390625,1273.1671142578125,1286.7657470703125,8366065.0,10167130112.0,510,2.978503942489624
2024-07-24,1262.9000244140625,1267.3499755859375,1226.6500244140625,1239.25,10344860.0,12819867755.0,1265.808837890625,1281.44775390625,1256.940673828125,1272.947265625,6526041.0,7809370112.0,511,2.978503942489624
2024-07-25,1200.0,1200.0,1155.5,1175.9000244140625,32979871.0,38781031114.07263,1229.940185546875,1242.174072265625,1222.51904296875,1236.081298828125,4963452.0,5845598208.0,512,3.0281169414520264
2024-07-26,1165.0,1183.1500244140625,1155.25,1177.3499755859375,18554648.0,21845314369.805664,1148.9896240234375,1161.6361083984375,1129.883544921875,1141.8697509765625,12111927.0,13718715392.0,513,3.0281169414520264
2024-07-29,1182.3499755859375,1194.5999755859375,1163.6500244140625,1170.050048828125,19598573.0,22931311295.611572,1141.677490234375,1194.578857421875,1129.822021484375,1152.046142578125,10176601.0,11629390848.0,514,3.0281169414520264
2024-07-30,1164.0999755859375,1180.0,1160.199951171875,1170.0,18090045.0,21165352650.0,1183.416015625,1208.355224609375,1176.833251953125,1207.423828125,16898484.0,19727570944.0,515,3.0281169414520264
2024-07-31,1157.0,1171.0,1154.0,1166.0999755859375,17347076.0,20228424900.087402,1174.1575927734375,1181.2459716796875,1153.8858642578125,1161.0244140625,11378009.0,12967396352.0,516,3.0281169414520264
2024-08-01,1168.0,1175.6500244140625,1165.449951171875,1172.300048828125,11190500.0,13118623696.411133,1166.255615234375,1178.2083740234375,1154.497802734375,1165.1202392578125,9477041.0,10950475776.0,517,3.0281169414520264
2024-08-02,1164.0,1167.800048828125,1156.0999755859375,1160.8499755859375,10581445.0,12283470169.91394,1158.561279296875,1175.4932861328125,1144.6876220703125,1166.6236572265625,14392166.0,16419682304.0,518,3.0281169414520264
2024-08-05,1142.0,1151.449951171875,1124.300048828125,1133.5,12013362.0,13617145827.0,1140.6099853515625,1163.6136474609375,1125.4952392578125,1138.1539306640625,15172194.0,16903595008.0,519,3.0281169414520264
2024-08-06,1140.0,1151.0,1123.0999755859375,1126.0999755859375,8571122.0,9651940274.944092,1133.953125,1144.193115234375,1123.318359375,1138.523193359375,8508888.0,9657714688.0,520,2.9915530681610107
2024-08-07,1138.800048828125,1144.800048828125,1127.0,1136.800048828125,8370312.0,9515371090.30664,1130.63720703125,1136.618896484375,1112.3616943359375,1119.01611328125,11586739.0,13144391680.0,521,2.9915530681610107
2024-08-08,1133.0999755859375,1142.800048828125,1126.0,1138.1500244140625,7903428.0,8995286771.154785,1136.9093017578125,1145.0709228515625,1115.387451171875,1148.2939453125,9093890.0,10244581376.0,522,2.9915530681610107
2024-08-09,1152.0,1155.699951171875,1139.949951171875,1142.75,6262086.0,7155998776.5,1142.101806640625,1148.6202392578125,1132.1378173828125,1135.7408447265625,3910082.5,4784827904.0,523,2.9915530681610107
2024-08-12,1146.0,1169.0999755859375,1135.8499755859375,1164.300048828125,9078384.0,10569962934.480469,1137.48046875,1198.501708984375,1125.9173583984375,1138.0609130859375,16340934.0,18580938752.0,524,2.9915530681610107
2024-08-13,1161.3499755859375,1179.5999755859375,1155.4000244140625,1159.5999755859375,6180463.0,7166864743.90979,1167.1285400390625,1178.2647705078125,1145.0721435546875,1153.013427734375,7132670.0,8252385792.0,525,2.9915530681610107
2024-08-14,1159.0,1159.0,1148.6500244140625,1153.0999755859375,5021841.0,5790684734.49646,1163.0548095703125,1184.7137451171875,1159.59326171875,1179.3402099609375,6135696.5,7182610432.0,526,2.9915530681610107
2024-08-16,1166.4000244140625,1170.0,1149.5999755859375,1166.8499755859375,6107134.0,7126109158.800049,1117.03076171875,1186.043701171875,1076.865234375,1128.296630859375,12059697.0,13986537472.0,527,2.9915530681610107
2024-08-19,1169.0,1171.300048828125,1150.199951171875,1153.25,6691823.0,7717344874.75,1163.5914306640625,1170.049072265625,1153.587646484375,1160.7047119140625,4717541.5,5459061760.0,528,2.946678638458252
2024-08-20,1158.0,1177.0,1154.6500244140625,1168.0,6721749.0,7851002832.0,1152.76220703125,1161.3985595703125,1144.2685546875,1154.7283935546875,5372135.0,6323664384.0,529,2.946678638458252
2024-08-21,1166.5999755859375,1178.0,1161.5,1174.4000244140625,9480630.0,11134052103.460693,1163.34033203125,1200.1884765625,1116.0146484375,1152.8875732421875,10209606.0,11810263040.0,530,2.946678638458252
2024-08-22,1179.699951171875,1181.0,1168.949951171875,1169.949951171875,5841326.0,6834059068.479004,1169.9285888671875,1210.779296875,1159.6905517578125,1203.1043701171875,16281787.0,19593043968.0,531,2.946678638458252
2024-08-23,1170.0,1173.949951171875,1163.5,1165.949951171875,5121962.0,5971951343.804199,1191.112548828125,1215.8162841796875,1172.7027587890625,1203.33203125,12155738.0,14154998784.0,532,2.946678638458252
2024-08-26,1171.699951171875,1175.25,1166.0999755859375,1170.300048828125,3392612.0,3970373989.254883,1163.7838134765625,1169.372802734375,1137.2950439453125,1140.6138916015625,6329450.0,7319880704.0,533,2.946678638458252
2024-08-27,1170.0,1184.8499755859375,1164.25,1181.25,8702113.0,10279370981.25,1163.88330078125,1168.318359375,1150.5936279296875,1156.070068359375,3398314.5,4214107648.0,534,2.946678638458252
2024-08-28,1177.0,1181.699951171875,1169.3499755859375,1170.949951171875,5483503.0,6420907570.10083,1181.40771484375,1200.2584228515625,1175.4366455078125,1192.809326171875,8710173.0,10213216256.0,535,2.946678638458252
2024-08-29,1169.0,1179.9000244140625,1163.4000244140625,1175.4000244140625,7290114.0,8568800173.581299,1168.9022216796875,1175.2880859375,1157.9327392578125,1164.8526611328125,5427742.0,6481053696.0,536,2.9455976486206055
2024-08-30,1177.0,1182.949951171875,1171.8499755859375,1175.25,10190506.0,11976392176.5,1177.68994140625,1214.7852783203125,1171.7735595703125,1201.666748046875,8013761.0,9793613824.0,537,2.9455976486206055
2024-09-02,1176.0,1194.0,1174.0999755859375,1188.800048828125,6432362.0,7646792259.680176,1191.8450927734375,1205.6165771484375,1189.36865234375,1196.4466552734375,7195246.5,8968765440.0,538,2.9455976486206055
2024-09-03,1188.0,1193.550048828125,1176.699951171875,1191.5999755859375,7920246.0,9437764940.23462,1182.9932861328125,1189.88818359375,1176.5198974609375,1184.260498046875,4390570.0,5251415040.0,539,2.9455976486206055
2024-09-04,1182.699951171875,1189.6500244140625,1173.300048828125,1177.699951171875,6527941.0,7687955796.952881,1194.8076171875,1215.0982666015625,1188.0928955078125,1204.8262939453125,7993939.0,9458018304.0,540,2.9455976486206055
2024-09-05,1182.0,1182.8499755859375,1173.449951171875,1180.550048828125,4234766.0,4999353208.075684,1165.85498046875,1203.4134521484375,1138.845947265625,1166.5765380859375,9316986.0,10997619712.0,541,2.9455976486206055
2024-09-06,1176.0,1181.3499755859375,1150.800048828125,1158.75,9874576.0,11442164940.0,1176.168212890625,1197.0550537109375,1171.1329345703125,1190.433349609375,11201567.0,13012094976.0,542,2.9455976486206055
2024-09-09,1158.0,1175.5999755859375,1145.0,1170.8499755859375,7700940.0,9016645410.98877,1162.2015380859375,1173.953125,1155.414306640625,1166.0802001953125,8241349.0,9606226944.0,543,2.9455976486206055
2024-09-10,1178.9000244140625,1190.8499755859375,1173.3499755859375,1187.199951171875,8723854.0,10356959042.830566,1167.9527587890625,1174.49462890625,1158.4251708984375,1167.19970703125,5053872.0,6183979520.0,544,2.92331600189209
2024-09-11,1187.199951171875,1194.8499755859375,1181.0,1186.0999755859375,6000329.0,7116990080.407593,1191.2493896484375,1217.505859375,1178.6087646484375,1194.26708984375,7748257.5,9333013504.0,545,2.92331600189209
2024-09-12,1190.0999755859375,1205.699951171875,1176.75,1203.3499755859375,7592871.0,9136881132.477173,1174.3184814453125,1223.111328125,1169.121337890625,1219.4320068359375,13549758.0,16362590208.0,546,2.92331600189209
2024-09-13,1209.9000244140625,1219.550048828125,1201.0,1217.449951171875,6762566.0,8233085646.496582,1209.9820556640625,1244.737548828125,1204.1846923828125,1242.15625,14047255.0,17031378944.0,547,2.92331600189209
2024-09-16,1222.0,1234.0,1215.0,1231.050048828125,4039284.0,4972560765.430664,1210.8641357421875,1228.5045166015625,1205.20654296875,1222.495361328125,8485953.0,10176579584.0,548,2.92331600189209
2024-09-17,1235.199951171875,1240.5999755859375,1227.5999755859375,1232.0999755859375,8030427.0,9894288910.644653,1214.534912109375,1217.6588134765625,1198.2806396484375,1205.0103759765625,6006298.5,7344632320.0,549,2.92331600189209
2024-09-18,1231.9000244140625,1250.4000244140625,1225.0,1240.449951171875,8210034.0,10184136274.419434,1227.4844970703125,1238.81787109375,1216.9158935546875,1231.122802734375,10620891.0,12692651008.0,550,2.92331600189209
2024-09-19,1248.449951171875,1261.699951171875,1239.0,1242.699951171875,8449864.0,10500645580.208984,1239.06640625,1259.931884765625,1234.64453125,1254.6934814453125,6954941.5,8571366400.0,551,2.92331600189209
2024-09-20,1244.0,1250.0,1229.9000244140625,1245.0,15009629.0,18686988105.0,1248.1099853515625,1258.115966796875,1239.463623046875,1249.677978515625,6236202.5,7715450880.0,552,2.9678690433502197
2024-09-23,1251.5,1252.449951171875,1240.550048828125,1246.800048828125,5462814.0,6811036761.938965,1250.76220703125,1277.638916015625,1243.9654541015625,1270.87451171875,8577597.0,10706869248.0,553,2.9678690433502197
2024-09-24,1241.0999755859375,1247.0999755859375,1235.3499755859375,1239.550048828125,9225946.0,11436021814.785645,1246.4576416015625,1267.2169189453125,1240.3236083984375,1259.64453125,8863396.0,11048336384.0,554,2.9678690433502197
2024-09-25,1238.0,1271.0,1231.0999755859375,1268.0999755859375,6853324.0,8690699997.08252,1242.340576171875,1262.670166015625,1230.308349609375,1241.7869873046875,8205804.5,10074966016.0,555,2.9678690433502197
2024-09-26,1267.550048828125,1281.6500244140625,1262.25,1277.0999755859375,7270078.0,9284616436.307861,1260.644775390625,1274.461181640625,1249.4951171875,1264.1151123046875,10442898.0,12949956608.0,556,2.9678690433502197
2024-09-27,1273.0,1281.550048828125,1257.25,1273.1500244140625,13372027.0,17024596501.515503,1293.8162841796875,1311.537841796875,1267.3690185546875,1287.8182373046875,20068068.0,24281116672.0,557,2.9678690433502197
2024-09-30,1263.5,1275.0,1229.3499755859375,1232.199951171875,8466919.0,10432937178.37622,1270.0196533203125,1284.7628173828125,1261.7109375,1277.3233642578125,7330863.0,9173404672.0,558,2.9678690433502197
2024-10-01,1228.0999755859375,1242.949951171875,1224.6500244140625,1226.6500244140625,11164280.0,13694664334.56543,1217.9996337890625,1232.0283203125,1204.1451416015625,1216.04443359375,12134554.0,14356679680.0,559,2.9678690433502197
2024-10-03,1207.5,1219.1500244140625,1173.0999755859375,1175.699951171875,17300892.0,20340657879.629883,1224.7442626953125,1255.4356689453125,1219.1395263671875,1233.336181640625,15037120.0,18130081792.0,560,3.1013152599334717
2024-10-04,1175.5,1202.800048828125,1174.0,1178.4000244140625,13064515.0,15395224794.957886,1184.031982421875,1248.41845703125,1169.5296630859375,1206.4349365234375,11906387.0,14081181696.0,561,3.1013152599334717
2024-10-07,1182.949951171875,1184.8499755859375,1130.9000244140625,1145.699951171875,20047013.0,22967861815.241943,1180.630126953125,1199.0701904296875,1147.78125,1168.6029052734375,7544644.5,8906202112.0,562,3.1013152599334717
2024-10-08,1153.0,1168.3499755859375,1142.5,1153.300048828125,8464570.0,9762188994.309082,1141.2283935546875,1168.6846923828125,1132.6834716796875,1160.4971923828125,11904113.0,13856935936.0,563,3.1013152599334717
2024-10-09,1154.0,1185.0,1154.0,1170.1500244140625,9807734.0,11476520179.54663,1123.6776123046875,1159.258544921875,1111.529296875,1162.040771484375,10789014.0,12236865536.0,564,3.1013152599334717
2024-10-10,1177.0,1191.0,1175.050048828125,1184.25,6806243.0,8060293272.75,1167.6907958984375,1209.850830078125,1159.960693359375,1193.9185791015625,13178640.0,15751241728.0,565,3.1013152599334717
2024-10-11,1182.5,1188.199951171875,1166.0,1172.449951171875,4754158.0,5574012314.963379,1190.908447265625,1207.28662109375,1184.452880859375,1199.313720703125,8475316.0,10285877248.0,566,3.1013152599334717
2024-10-14,1171.550048828125,1175.0,1156.5999755859375,1164.3499755859375,9765296.0,11370222159.189453,1167.3895263671875,1175.6143798828125,1155.349609375,1161.26123046875,4535591.5,6069149696.0,567,3.1013152599334717
2024-10-15,1166.0999755859375,1172.0,1149.5,1153.8499755859375,8741516.0,10086398023.184082,1157.0274658203125,1179.500732421875,1137.7255859375,1177.538330078125,11388148.0,13362317312.0,568,3.2207770347595215
2024-10-16,1151.0,1162.949951171875,1148.0999755859375,1153.199951171875,7739854.0,8925599254.877441,1152.4144287109375,1166.696044921875,1141.9476318359375,1156.995849609375,9184440.0,10730122240.0,569,3.2207770347595215
2024-10-17,1151.0,1151.3499755859375,1124.0,1131.8499755859375,6595231.0,7464812046.333618,1155.5054931640625,1176.7818603515625,1117.177734375,1142.2353515625,13332097.0,15106469888.0,570,3.2207770347595215
2024-10-18,1158.0,1203.8499755859375,1156.050048828125,1196.8499755859375,20829666.0,24929985243.563232,1134.51513671875,1142.969482421875,1122.7440185546875,1131.3184814453125,4810029.5,5766095360.0,571,3.2207770347595215
2024-10-21,1196.8499755859375,1214.800048828125,1185.550048828125,1190.300048828125,7456038.0,8874922395.464355,1190.8004150390625,1203.024658203125,1166.634765625,1173.1956787109375,7576479.0,9192585216.0,572,3.2207770347595215
2024-10-22,1194.25,1198.0,1173.3499755859375,1175.75,7256246.0,8531531234.5,1187.662109375,1205.5548095703125,1171.7869873046875,1196.1097412109375,8097946.0,9869496320.0,573,3.2207770347595215
2024-10-23,1175.0999755859375,1183.1500244140625,1158.6500244140625,1160.4000244140625,6501834.0,7544728332.336182,1178.986572265625,1186.685791015625,1168.8468017578125,1177.385986328125,4363818.0,5401778688.0,574,3.2207770347595215
2024-10-24,1165.0,1175.199951171875,1154.6500244140625,1167.3499755859375,5046700.0,5891265121.789551,1161.653076171875,1167.7755126953125,1146.5806884765625,1152.3731689453125,5380463.5,6465713152.0,575,3.2207770347595215
2024-10-25,1187.0,1201.75,1170.0,1189.3499755859375,12798716.0,15222152562.131348,1170.767333984375,1183.1435546875,1162.7069091796875,1175.2310791015625,6203117.0,7491033600.0,576,3.3339662551879883
2024-10-28,1194.0,1194.0,1167.050048828125,1171.5999755859375,8572243.0,10043239689.516724,1187.531494140625,1236.1112060546875,1177.2037353515625,1214.039306640625,16624806.0,20261894144.0,577,3.3339662551879883
2024-10-29,1176.4000244140625,1191.199951171875,1157.5999755859375,1186.8499755859375,9908946.0,11760432318.182373,1155.56298828125,1206.63818359375,1141.79541015625,1172.8056640625,10997047.0,13160318976.0,578,3.3339662551879883
2024-10-30,1178.75,1187.6500244140625,1164.300048828125,1170.4000244140625,9686560.0,11337150060.488281,1196.4588623046875,1203.8455810546875,1190.5047607421875,1196.5140380859375,8851788.0,10644135936.0,579,3.3339662551879883
2024-10-31,1165.5,1178.0,1153.8499755859375,1159.550048828125,8682294.0,10067554431.640137,1173.635009765625,1182.61474609375,1164.59814453125,1173.7938232421875,5740394.0,6927413248.0,580,3.3339662551879883
2024-11-01,1164.050048828125,1172.5,1164.0,1169.550048828125,460781.0,538906441.0490723,1159.5770263671875,1178.989501953125,1148.77978515625,1157.5452880859375,8821844.0,10566269952.0,581,3.3339662551879883
2024-11-04,1172.0,1176.949951171875,1135.449951171875,1139.25,9288653.0,10582097930.25,1176.564208984375,1191.8062744140625,1161.3343505859375,1172.911865234375,6022225.5,7405210112.0,582,3.3339662551879883
2024-11-05,1138.949951171875,1174.9000244140625,1133.449951171875,1171.699951171875,11701049.0,13710118541.959717,1139.93701171875,1146.800537109375,1115.4454345703125,1124.9837646484375,10721033.0,12302182400.0,583,3.3339662551879883
2024-11-06,1171.800048828125,1183.550048828125,1161.449951171875,1166.5,10353506.0,12077364749.0,1173.7962646484375,1193.34423828125,1167.6231689453125,1185.7760009765625,9682631.0,11581367296.0,584,3.4221839904785156
2024-11-07,1168.5999755859375,1172.9000244140625,1151.050048828125,1159.9000244140625,6252889.0,7252726103.758423,1181.05908203125,1224.25048828125,1173.2735595703125,1196.181640625,7347473.0,9795059712.0,585,3.4221839904785156
2024-11-08,1156.0,1167.75,1151.0999755859375,1160.949951171875,3786168.0,4395551554.728516,1164.3433837890625,1176.8350830078125,1154.39404296875,1166.7254638671875,5183429.5,6256607232.0,586,3.4221839904785156
2024-11-11,1152.0,1176.800048828125,1142.949951171875,1171.0,6620678.0,7752813938.0,1155.8731689453125,1170.341064453125,1141.6195068359375,1160.8216552734375,9431282.0,11092168704.0,587,3.4221839904785156
2024-11-12,1171.6500244140625,1187.0,1153.800048828125,1158.1500244140625,9606088.0,11125291051.723633,1153.2335205078125,1176.6629638671875,1134.2952880859375,1169.17236328125,10096459.0,11798829056.0,588,3.4221839904785156
2024-11-13,1151.9000244140625,1165.5,1135.0999755859375,1139.1500244140625,8079113.0,9203321771.19397,1147.59228515625,1175.274169921875,1141.0489501953125,1162.126708984375,15533256.0,18003761152.0,589,3.4221839904785156
2024-11-14,1137.550048828125,1150.75,1131.5999755859375,1140.699951171875,5975873.0,6816678039.309326,1157.479736328125,1163.0848388671875,1154.388427734375,1157.1676025390625,7371259.0,8805549056.0,590,3.4221839904785156
2024-11-18,1131.199951171875,1135.0,1121.550048828125,1126.199951171875,9474971.0,10670711877.554932,1119.4400634765625,1158.909912109375,1101.7525634765625,1136.69921875,12664726.0,14637649920.0,591,3.4221839904785156
2024-11-19,1130.0,1139.0,1122.050048828125,1133.949951171875,19225966.0,21801283206.93213,1126.2132568359375,1132.1666259765625,1100.005126953125,1110.490966796875,10041663.0,11414388736.0,592,3.3435964584350586
2024-11-21,1138.0,1152.0,1115.75,1139.1500244140625,8126248.0,9257015607.594727,1119.017333984375,1137.246826171875,1094.2889404296875,1128.1546630859375,12619137.0,14270412800.0,593,3.3435964584350586
2024-11-22,1136.6500244140625,1147.9000244140625,1127.550048828125,1142.4000244140625,16687505.0,19063806119.40979,1135.27783203125,1150.62060546875,1076.5733642578125,1125.2218017578125,15457620.0,17130295296.0,594,3.3435964584350586
2024-11-25,1160.0,1164.5,1142.0,1155.9000244140625,12385823.0,14316773108.088257,1140.45458984375,1146.900146484375,1126.9361572265625,1133.171875,6315582.0,7452065792.0,595,3.3435964584350586
2024-11-26,1157.0999755859375,1159.5999755859375,1142.6500244140625,1144.800048828125,5127437.0,5869890127.963135,1154.1513671875,1166.495849609375,1144.467529296875,1154.44970703125,16021210.0,18689617920.0,596,3.3435964584350586
2024-11-27,1145.199951171875,1155.449951171875,1133.550048828125,1149.6500244140625,5989943.0,6886338116.188843,1133.5047607421875,1173.673828125,1111.9288330078125,1168.2103271484375,10139124.0,11802560512.0,597,3.3435964584350586
2024-11-28,1148.5,1154.449951171875,1129.4000244140625,1132.5,10731275.0,12153168937.5,1151.78857421875,1168.08642578125,1142.077392578125,1156.538330078125,12060590.0,14117971968.0,598,3.3435964584350586
2024-11-29,1133.550048828125,1140.9000244140625,1127.699951171875,1136.300048828125,6406277.0,7279452867.906494,1131.78955078125,1137.148681640625,1115.1715087890625,1119.4189453125,8013326.0,9184217088.0,599,3.3435964584350586
2024-12-02,1132.699951171875,1141.4000244140625,1126.5999755859375,1137.0999755859375,4785858.0,5441999014.957764,1125.4703369140625,1142.7862548828125,1119.1175537109375,1140.0654296875,6288879.5,7182921728.0,600,3.2869486808776855
2024-12-03,1144.4000244140625,1164.9000244140625,1138.0,1160.5,8382042.0,9727359741.0,1139.600341796875,1155.6754150390625,1135.5355224609375,1149.1087646484375,5791218.0,6937763840.0,601,3.2869486808776855
2024-12-04,1157.5,1168.0,1153.9000244140625,1159.449951171875,18379798.0,21310455893.648926,1157.891357421875,1167.877685546875,1151.437744140625,1161.0614013671875,4627875.0,5770193408.0,602,3.2869486808776855
2024-12-05,1164.0,1176.9000244140625,1150.0999755859375,1166.4000244140625,10640451.0,12411022306.176636,1142.624755859375,1168.7998046875,1133.2423095703125,1161.0552978515625,10234965.0,11770321920.0,603,3.2869486808776855
2024-12-06,1167.5,1193.8499755859375,1160.0,1184.550048828125,7542210.0,8934125223.771973,1131.79345703125,1165.6141357421875,1110.1868896484375,1146.083251953125,14682178.0,16848834560.0,604,3.2869486808776855
2024-12-09,1184.25,1186.0,1161.0,1163.25,6308112.0,7337911284.0,1184.2578125,1204.6328125,1167.077392578125,1185.10009765625,7073020.0,8778157056.0,605,3.2869486808776855
2024-12-10,1157.0,1165.050048828125,1151.25,1153.6500244140625,4714389.0,5438754984.947388,1153.6552734375,1170.9619140625,1147.1934814453125,1164.703125,6265652.5,7486297600.0,606,3.2869486808776855
2024-12-11,1150.0,1158.3499755859375,1144.550048828125,1147.25,7788242.0,8935060634.5,1164.343017578125,1171.0833740234375,1146.6661376953125,1149.71240234375,6118701.0,7233283072.0,607,3.2869486808776855
2024-12-12,1145.0,1154.550048828125,1143.5999755859375,1145.6500244140625,4825283.0,5528085586.754761,1149.6427001953125,1157.535888671875,1141.623779296875,1148.3189697265625,5338300.5,6293118464.0,608,3.3072891235351562
2024-12-13,1141.0,1152.699951171875,1113.6500244140625,1148.1500244140625,8731618.0,10025207419.874268,1148.62744140625,1156.689453125,1141.595947265625,1148.4052734375,5970832.0,7002309632.0,609,3.3072891235351562
2024-12-16,1146.5,1155.0,1141.75,1150.9000244140625,3975202.0,4575060078.85083,1147.2630615234375,1160.805419921875,1119.069580078125,1153.0147705078125,7704010.0,8829133824.0,610,3.3072891235351562
2024-12-17,1145.25,1151.8499755859375,1130.0,1136.25,7292817.0,8286463316.25,1149.688720703125,1154.9105224609375,1142.057861328125,1146.39306640625,3798549.0,4597173760.0,611,3.3072891235351562
2024-12-18,1136.199951171875,1139.9000244140625,1115.949951171875,1122.25,7222127.0,8105032025.75,1130.865478515625,1162.796875,1113.63623046875,1156.5023193359375,10568862.0,12075819008.0,612,3.3072891235351562
2024-12-19,1104.9000244140625,1119.050048828125,1101.050048828125,1108.9000244140625,11677610.0,12949302014.0979,1121.357177734375,1130.7447509765625,1105.63427734375,1115.310791015625,14292868.0,15658188800.0,613,3.3072891235351562
2024-12-20,1103.949951171875,1105.8499755859375,1065.0,1071.8499755859375,12623056.0,13530022265.419922,1112.98486328125,1119.5467529296875,1068.1978759765625,1077.1739501953125,8566992.0,9367453696.0,614,3.3072891235351562
2024-12-23,1075.0999755859375,1083.550048828125,1072.4000244140625,1079.1500244140625,3886921.0,4194570892.045532,1084.8232421875,1090.2083740234375,1076.760986328125,1077.683349609375,10338821.0,11081453568.0,615,3.3072891235351562
2024-12-24,1077.300048828125,1084.75,1076.0,1078.9000244140625,4343694.0,4686411562.647217,1101.8292236328125,1106.3419189453125,1095.561279296875,1094.6103515625,7861479.0,8611377152.0,616,3.274191379547119
2024-12-26,1083.0,1092.5999755859375,1072.75,1076.699951171875,4775460.0,5141737548.823242,1087.7091064453125,1100.6793212890625,1082.7723388671875,1093.7816162109375,4278660.0,5012833280.0,617,3.274191379547119
2024-12-27,1078.0999755859375,1086.25,1076.0,1077.449951171875,3801667.0,4096105923.5217285,1084.087158203125,1102.47607421875,1076.1171875,1092.1865234375,11796847.0,12856621056.0,618,3.274191379547119
2024-12-30,1074.0999755859375,1096.5,1063.949951171875,1069.949951171875,9452155.0,10113332780.718994,1077.8529052734375,1092.01611328125,1073.86376953125,1085.557373046875,4090293.0,4795574784.0,619,3.274191379547119
2024-12-31,1062.0,1070.449951171875,1058.5,1064.699951171875,5292136.0,5634536940.794922,1071.4249267578125,1101.2523193359375,1068.3001708984375,1097.8529052734375,8728264.0,9524809728.0,620,3.274191379547119
2025-01-01,1064.1500244140625,1076.949951171875,1053.949951171875,1071.800048828125,2985355.0,3199703634.769287,1067.6351318359375,1075.2606201171875,1061.73486328125,1067.4259033203125,4239295.5,4872672768.0,621,3.274191379547119
2025-01-02,1072.0,1088.699951171875,1067.5,1086.5999755859375,6557076.0,7124918621.515137,1065.5849609375,1072.176025390625,1056.198486328125,1062.0999755859375,5140117.5,5739299328.0,622,3.274191379547119
2025-01-03,1086.0,1093.5,1079.800048828125,1084.9000244140625,7357220.0,7981848157.619629,1081.738525390625,1094.2359619140625,1075.700927734375,1084.9752197265625,6676841.0,7345863680.0,623,3.274191379547119
2025-01-06,1087.75,1090.0,1059.9000244140625,1063.4000244140625,5283413.0,5618381513.189575,1084.8624267578125,1107.5960693359375,1081.19921875,1102.5216064453125,7980644.5,8772881408.0,624,3.264389991760254
2025-01-07,1064.550048828125,1070.5,1056.0,1067.5,4619462.0,4931275685.0,1070.314453125,1076.8204345703125,1063.99755859375,1068.3197021484375,3992915.5,4548670976.0,625,3.264389991760254
2025-01-08,1063.75,1082.3499755859375,1059.0999755859375,1074.949951171875,8780098.0,9438165916.384277,1062.988525390625,1075.12158203125,1058.0157470703125,1067.350341796875,6118516.0,6688259072.0,626,3.264389991760254
2025-01-09,1079.5999755859375,1080.1500244140625,1054.25,1061.75,9054190.0,9613286232.5,1083.827392578125,1103.12353515625,1077.9510498046875,1093.5087890625,13116740.0,13883200512.0,627,3.264389991760254
2025-01-10,1056.25,1064.8499755859375,1037.0,1040.699951171875,5612886.0,5841330186.133301,1067.8409423828125,1069.564697265625,1067.6317138671875,1063.41552734375,8067215.5,8385991680.0,628,3.264389991760254
2025-01-13,1026.5999755859375,1063.0,1023.25,1049.300048828125,7180930.0,7534950199.631348,1048.2869873046875,1054.2764892578125,1036.3404541015625,1040.3333740234375,6599889.0,7089043456.0,629,3.264389991760254
2025-01-14,1052.949951171875,1061.0,1045.5,1051.6500244140625,6892897.0,7248915298.333618,1048.296142578125,1058.9219970703125,1035.880126953125,1041.8203125,3730880.5,4119690752.0,630,3.264389991760254
2025-01-15,1043.0,1052.9000244140625,1014.6500244140625,1026.800048828125,11418721.0,11724743280.354736,1062.7171630859375,1085.201904296875,1060.528076171875,1076.440185546875,10339755.0,10854121472.0,631,3.264389991760254
2025-01-16,1033.9000244140625,1046.449951171875,1027.050048828125,1038.0,10261727.0,10651672626.0,1026.3946533203125,1047.621826171875,1020.3070068359375,1036.5220947265625,13361131.0,13624285184.0,632,3.152275562286377
2025-01-17,1000.0,1011.7000122070312,974.5999755859375,991.0499877929688,33831617.0,33528823614.866394,1038.455078125,1043.4171142578125,1038.7308349609375,1037.698486328125,5441198.0,5560070144.0,633,3.152275562286377
2025-01-20,992.0499877929688,994.2000122070312,976.5,988.0499877929688,33440507.0,33040892533.140686,1014.467041015625,1032.3099365234375,1006.6267700195312,1021.9801025390625,10742356.0,10609345536.0,634,3.152275562286377
2025-01-21,993.5999755859375,994.4500122070312,963.0,970.2000122070312,11894500.0,11540044045.196533,999.863037109375,1019.95751953125,981.22314453125,1004.4130859375,29528100.0,28199182336.0,635,3.152275562286377
2025-01-22,975.75,975.75,954.0,959.2999877929688,17303146.0,16598907746.579956,984.3810424804688,998.6830444335938,933.381103515625,972.365966796875,20676780.0,20138780672.0,636,3.152275562286377
2025-01-23,954.0,963.7000122070312,948.0,951.0499877929688,24649522.0,23442927597.202515,991.955810546875,1013.0404663085938,980.2839965820312,998.6367797851562,15599674.0,15440502784.0,637,3.152275562286377
2025-01-24,948.0,961.7999877929688,946.0999755859375,948.5,14421921.0,13679192068.5,971.611083984375,988.7640991210938,951.2551879882812,964.4697875976562,19288334.0,19431405568.0,638,3.152275562286377
2025-01-27,943.0999755859375,949.75,933.5,948.0999755859375,12713296.0,12053475627.216797,955.9971923828125,971.3509521484375,951.7649536132812,962.3541259765625,12048012.0,11816878080.0,639,3.152275562286377
2025-01-28,960.0,993.8499755859375,958.2000122070312,983.7999877929688,21781371.0,21428512523.914124,935.3237915039062,965.1639404296875,933.3778076171875,956.5350952148438,22864844.0,21792253952.0,640,2.969128131866455
2025-01-29,988.0,988.6500244140625,977.5999755859375,983.4000244140625,11175206.0,10989697853.232178,973.5460815429688,1021.2966918945312,973.8008422851562,1014.319091796875,18343164.0,18417369088.0,641,2.969128131866455
2025-01-30,984.6500244140625,991.4000244140625,974.7999877929688,984.7000122070312,10473118.0,10312879422.445679,968.050048828125,1005.5474853515625,971.8938598632812,971.3446044921875,8548574.0,8283158528.0,642,2.969128131866455
2025-01-31,982.0,990.0,978.0499877929688,986.0999755859375,9036312.0,8910707042.586914,981.35791015625,1004.825439453125,977.6773681640625,995.2382202148438,11476764.0,11528388608.0,643,2.969128131866455
2025-02-01,989.5,1004.9500122070312,982.0,998.1500244140625,4830391.0,4821454894.579468,985.2693481445312,1005.0206298828125,981.410888671875,998.831298828125,6296387.0,6783303680.0,644,2.969128131866455
2025-02-03,987.0999755859375,1000.5,983.3499755859375,989.4000244140625,7124605.0,7049084360.940552,1000.5164184570312,1019.3298950195312,998.1092529296875,1015.449951171875,6106441.0,6689659904.0,645,2.969128131866455
2025-02-04,994.0,1017.0999755859375,987.7999877929688,1015.2999877929688,16058171.0,16303860820.277405,989.0693359375,994.2706298828125,980.4336547851562,984.9337158203125,5555259.0,6077860352.0,646,2.969128131866455
2025-02-05,1020.5999755859375,1022.0499877929688,1010.5,1013.2999877929688,7858373.0,7962889264.972595,1011.78466796875,1024.4154052734375,1001.5070190429688,1014.12255859375,11742852.0,12005708800.0,647,2.969128131866455
2025-02-06,1012.0,1021.8499755859375,1010.0499877929688,1020.7000122070312,5815563.0,5935945225.090759,1009.8401489257812,1042.89697265625,1007.33544921875,1032.8924560546875,20556804.0,20581781504.0,648,2.9089882373809814
2025-02-07,1019.5,1027.3499755859375,1007.6500244140625,1024.0999755859375,8638651.0,8846842278.195435,1012.06591796875,1017.4185791015625,1001.0460205078125,1005.1847534179688,7146330.5,7583839232.0,649,2.9089882373809814
2025-02-10,1021.0,1026.75,1006.2000122070312,1011.75,3960565.0,4007101638.75,1020.9373779296875,1033.907470703125,1012.4139404296875,1026.523193359375,7273326.0,7668935680.0,650,2.9089882373809814
2025-02-11,1009.0,1016.3499755859375,1002.5999755859375,1007.4000244140625,4808215.0,4843795908.388062,1022.209716796875,1054.211181640625,996.23876953125,1031.58203125,8645496.0,8606253056.0,651,2.9089882373809814
2025-02-12,1000.0,1010.6500244140625,984.0,1006.9000244140625,7669283.0,7722201239.9383545,1012.474609375,1018.0535888671875,998.4144897460938,1001.4320678710938,7632419.0,8036429824.0,652,2.9089882373809814
2025-02-13,1003.0,1017.4500122070312,1001.0499877929688,1008.2000122070312,6348246.0,6400301694.693237,996.4453125,1002.4164428710938,985.9976196289062,990.7540283203125,7355985.5,7721037824.0,653,2.9089882373809814
2025-02-14,1010.5499877929688,1016.0,987.6500244140625,997.5,5375755.0,5362315612.5,1033.1778564453125,1034.634521484375,1024.646728515625,1031.3470458984375,4438116.5,4698878464.0,654,2.9089882373809814
2025-02-17,992.4500122070312,999.6500244140625,978.0499877929688,992.9500122070312,7166803.0,7116277126.335388,1000.516845703125,1015.1395874023438,994.4418334960938,1008.2176513671875,10215892.0,10471093248.0,655,2.9089882373809814
2025-02-18,992.9500122070312,997.3499755859375,986.5499877929688,994.1500244140625,3090004.0,3071927552.039551,986.3092651367188,990.5506591796875,976.5525512695312,981.3543090820312,5015839.5,5513919488.0,656,2.8897786140441895
2025-02-19,991.6500244140625,1013.4500122070312,988.1500244140625,1011.3499755859375,6401381.0,6474036518.066284,991.9893188476562,996.868896484375,985.0309448242188,989.4197387695312,3887149.0,4465753088.0,657,2.8897786140441895
2025-02-20,1008.4000244140625,1019.6500244140625,1006.5,1017.2000122070312,5011212.0,5097404907.5720215,1005.9337768554688,1013.9382934570312,990.8009033203125,1003.7233276367188,5099614.0,5684095488.0,658,2.8897786140441895
2025-02-21,1012.0,1021.9000244140625,1000.6500244140625,1008.9500122070312,5019937.0,5064865497.428528,1008.2149047851562,1010.854248046875,999.8794555664062,1002.3190307617188,4867055.5,5331854336.0,659,2.8897786140441895
2025-02-24,1001.3499755859375,1013.0,998.5499877929688,1010.0499877929688,4265454.0,4308321760.63147,987.9494018554688,1023.8746948242188,990.0367431640625,1020.811279296875,17740510.0,16057315328.0,660,2.8897786140441895
2025-02-25,1004.0,1013.7000122070312,997.0999755859375,1009.0999755859375,5708975.0,5760926533.120728,1004.9865112304688,1010.7568969726562,995.1527099609375,998.1864624023438,3566726.5,4363584512.0,661,2.8897786140441895
2025-02-27,1007.6500244140625,1023.5499877929688,1005.1500244140625,1016.7000122070312,9777690.0,9940977542.356567,1002.0128173828125,1008.759765625,992.7692260742188,996.2382202148438,3741081.0,4501724672.0,662,2.8897786140441895
2025-02-28,1014.7999877929688,1035.5,1009.9500122070312,1015.5499877929688,15026849.0,15260516318.516785,1015.1532592773438,1031.949951171875,1012.517333984375,1026.85791015625,6640408.0,7080825344.0,663,2.8897786140441895
2025-03-03,1017.0499877929688,1019.4000244140625,992.0,1007.25,6763184.0,6812217084.0,1001.0183715820312,1049.042236328125,979.6414794921875,1040.4339599609375,11995752.0,12321885184.0,664,2.902585029602051
2025-03-04,1001.0999755859375,1011.0999755859375,998.5999755859375,1001.7999877929688,5786420.0,5796835485.36499,1002.3556518554688,1050.7420654296875,963.404296875,1000.1116333007812,11773315.0,11777484800.0,665,2.902585029602051
2025-03-05,1003.0,1017.4000244140625,1002.5499877929688,1014.4500122070312,5133873.0,5208057527.519348,999.0712890625,1008.3212890625,994.1006469726562,1001.505859375,4679203.0,5167662080.0,666,2.902585029602051
2025-03-06,1022.5999755859375,1039.5,1015.1500244140625,1034.0999755859375,7861120.0,8129184000.078125,1008.7575073242188,1017.1078491210938,1003.5110473632812,1011.2811889648438,4291895.0,4850440192.0,667,2.902585029602051
2025-03-07,1033.699951171875,1050.3499755859375,1030.699951171875,1037.6500244140625,7597321.0,7883360321.13147,1030.754638671875,1044.6182861328125,1026.487060546875,1038.614990234375,8373087.0,8820277248.0,668,2.902585029602051
2025-03-10,1036.0,1050.5,1032.3499755859375,1035.8499755859375,5995655.0,6210599085.371704,1038.55322265625,1049.4788818359375,1033.16748046875,1042.785400390625,8330036.0,8776435712.0,669,2.902585029602051
2025-03-11,1030.4000244140625,1036.800048828125,1021.0999755859375,1025.6500244140625,4771085.0,4893463446.731567,1033.2298583984375,1043.8333740234375,1023.8071899414062,1035.5941162109375,8354253.0,8790461440.0,670,2.902585029602051
2025-03-12,1025.199951171875,1029.800048828125,999.2000122070312,1011.2000122070312,7504702.0,7588754754.010132,1036.4168701171875,1041.4066162109375,1017.5628662109375,1019.0111083984375,5379002.5,5827090432.0,671,2.902585029602051
2025-03-13,1015.0,1016.0,1005.0999755859375,1010.2000122070312,4004140.0,4044982276.878662,1009.7861328125,1019.4155883789062,996.8302612304688,1005.232177734375,5026784.0,5661360128.0,672,2.798656702041626
2025-03-17,1011.0999755859375,1039.0,1011.0999755859375,1034.1500244140625,5938668.0,6141473657.187012,1013.97265625,1023.1427001953125,1009.2540893554688,1017.0888061523438,5122469.0,5526535680.0,673,2.798656702041626
2025-03-18,1034.1500244140625,1034.1500244140625,1034.1500244140625,1034.1500244140625,0.0,0.0,1016.9994506835938,1049.2125244140625,1017.186767578125,1038.3179931640625,10384732.0,10839576576.0,674,2.798656702041626
2025-03-19,1047.800048828125,1058.550048828125,1043.5,1052.050048828125,4822365.0,5073369333.717041,1049.94384765625,1053.52001953125,1014.9682006835938,1022.4963989257812,7581314.0,7968628736.0,675,2.798656702041626
2025-03-20,1056.25,1058.9000244140625,1046.9000244140625,1054.3499755859375,3742644.0,3946056610.0268555,1046.562255859375,1056.125,1041.5965576171875,1050.774658203125,5247817.0,5831408640.0,676,2.798656702041626
2025-03-21,1054.3499755859375,1075.550048828125,1050.550048828125,1070.1500244140625,6848565.0,7328992001.951294,1048.9576416015625,1059.139404296875,1040.005615234375,1053.8084716796875,5783760.5,6288062976.0,677,2.798656702041626
2025-03-24,1082.0,1104.949951171875,1073.699951171875,1097.8499755859375,8284863.0,9095536642.282837,1065.904296875,1081.100830078125,1057.33544921875,1070.7208251953125,7773982.5,8393886208.0,678,2.798656702041626
2025-03-25,1109.949951171875,1123.5,1096.3499755859375,1118.550048828125,11720528.0,13109997166.691406,1080.813720703125,1084.065185546875,1069.7259521484375,1075.73876953125,4075685.5,4722930688.0,679,2.798656702041626
2025-03-26,1115.0,1118.8499755859375,1089.050048828125,1096.25,7127060.0,7813039525.0,1107.201171875,1111.0889892578125,1086.594970703125,1093.4884033203125,8420103.0,9207563264.0,680,2.8866305351257324
2025-03-27,1092.0,1108.0,1088.0999755859375,1098.3499755859375,8508917.0,9345768779.212769,1097.792724609375,1110.839111328125,1093.084228515625,1105.0318603515625,6066407.0,6852094976.0,681,2.8866305351257324
2025-03-28,1098.4000244140625,1107.0,1086.5,1102.0,4921190.0,5423151380.0,1089.2752685546875,1141.833984375,1068.920166015625,1122.797607421875,12217115.0,13313602560.0,682,2.8866305351257324
2025-04-01,1093.199951171875,1101.25,1070.0,1085.5999755859375,6638140.0,7206364621.936035,1095.826904296875,1101.3887939453125,1082.47900390625,1089.2559814453125,7663561.0,8391176192.0,683,2.8866305351257324
2025-04-02,1091.699951171875,1095.5999755859375,1080.75,1084.449951171875,4065344.0,4408662102.296875,1078.519775390625,1083.5516357421875,1066.3824462890625,1072.9368896484375,4201938.5,4857835520.0,684,2.8866305351257324
2025-04-03,1078.9000244140625,1091.949951171875,1075.300048828125,1089.8499755859375,5345660.0,5825967420.490723,1082.1876220703125,1092.3671875,1078.605224609375,1087.396728515625,3446708.5,4047373824.0,685,2.8866305351257324
2025-04-04,1081.5,1101.9000244140625,1075.449951171875,1091.300048828125,6059991.0,6613268474.197998,1077.7431640625,1120.13623046875,1034.68603515625,1091.279052734375,11227643.0,12119822336.0,686,2.8866305351257324
2025-04-07,1035.0,1069.0,1032.3499755859375,1047.949951171875,9720457.0,10186552438.51831,1090.590576171875,1125.174560546875,1083.31689453125,1109.5079345703125,6532023.5,7754558976.0,687,2.8866305351257324
2025-04-08,1061.0,1084.949951171875,1060.300048828125,1077.8499755859375,8723357.0,9402470129.477417,1037.58447265625,1046.9698486328125,1028.416015625,1038.46875,5220933.0,5784112640.0,688,2.9543421268463135
2025-04-09,1073.0999755859375,1081.8499755859375,1058.0,1061.6500244140625,6690201.0,7102652054.984985,1073.208251953125,1079.7818603515625,1063.8297119140625,1071.7755126953125,5755771.0,6335496192.0,689,2.9543421268463135
2025-04-11,1063.300048828125,1072.699951171875,1057.550048828125,1068.949951171875,8144072.0,8705605366.740234,1055.8555908203125,1070.1162109375,1050.7847900390625,1067.26025390625,5324187.5,5881961472.0,690,2.9543421268463135
2025-04-15,1090.0,1117.0,1083.0,1112.800048828125,9320299.0,10371629182.292725,1064.583984375,1073.85986328125,1058.8780517578125,1066.921875,5384234.0,5993785856.0,691,2.9543421268463135
2025-04-16,1122.699951171875,1163.5,1112.5999755859375,1161.300048828125,12836428.0,14906944463.17871,1106.94775390625,1123.542724609375,1096.5885009765625,1113.05615234375,9939662.0,10846621696.0,692,2.9543421268463135
2025-04-17,1155.5999755859375,1199.199951171875,1153.5999755859375,1190.800048828125,13446336.0,16011897565.359375,1144.38623046875,1159.553955078125,1129.8348388671875,1143.6075439453125,11752069.0,13056575488.0,693,2.9543421268463135
2025-04-21,1202.0,1238.699951171875,1198.0999755859375,1223.0,15166580.0,18548727340.0,1187.07421875,1196.4229736328125,1165.8619384765625,1178.742431640625,9354073.0,10643183616.0,694,2.9543421268463135
2025-04-22,1230.4000244140625,1235.0,1212.0999755859375,1216.800048828125,8461710.0,10296209141.169434,1220.25244140625,1233.200927734375,1205.74755859375,1220.8165283203125,8270769.0,9526187008.0,695,2.9543421268463135
2025-04-23,1225.300048828125,1230.0,1194.9000244140625,1206.9000244140625,9433911.0,11385787416.220093,1216.5594482421875,1233.51025390625,1196.697021484375,1219.102783203125,11579352.0,13254782976.0,696,2.957338809967041
2025-04-24,1199.0999755859375,1220.0,1199.0999755859375,1207.0999755859375,9078137.0,10958218951.065796,1205.9722900390625,1214.9866943359375,1192.25927734375,1202.120361328125,6638651.5,7601639936.0,697,2.957338809967041
2025-04-25,1177.0,1179.9000244140625,1146.0,1166.300048828125,17243807.0,20111452946.082764,1199.343994140625,1208.787841796875,1161.919677734375,1180.6519775390625,21782396.0,23732932608.0,698,2.957338809967041
2025-04-28,1166.300048828125,1196.0,1164.300048828125,1192.800048828125,5523502.0,6588433455.302246,1149.3798828125,1165.2432861328125,1136.8719482421875,1152.3072509765625,9374873.0,10417618944.0,699,2.957338809967041
2025-04-29,1194.0,1210.0,1184.4000244140625,1187.300048828125,6074520.0,7212277892.607422,1221.716552734375,1243.116455078125,1215.865234375,1236.860595703125,7347635.5,8764304384.0,700,2.957338809967041
2025-04-30,1185.0999755859375,1193.9000244140625,1175.0,1185.0,6288257.0,7451584545.0,1202.807861328125,1227.283203125,1194.8756103515625,1215.5335693359375,7553869.5,8923344896.0,701,2.957338809967041
2025-05-02,1182.0999755859375,1210.5,1180.0999755859375,1183.4000244140625,5249372.0,6212106952.958496,1182.0906982421875,1197.0634765625,1164.3834228515625,1179.45849609375,8128100.5,9096589312.0,702,2.957338809967041
2025-05-05,1190.0,1190.0,1164.300048828125,1173.199951171875,7236056.0,8489340545.876953,1190.4931640625,1204.856689453125,1178.6973876953125,1191.56640625,11035342.0,12386364416.0,703,2.957338809967041
2025-05-06,1178.0,1178.800048828125,1157.699951171875,1161.4000244140625,5348267.0,6211477424.372925,1172.2589111328125,1182.8291015625,1159.1282958984375,1169.3875732421875,6970272.5,7837682176.0,704,2.921992301940918
2025-05-07,1159.0,1168.5999755859375,1152.9000244140625,1161.300048828125,4263817.0,4951570890.294189,1187.1868896484375,1196.9937744140625,1167.4674072265625,1178.7890625,8923311.0,10034135040.0,705,2.921992301940918
2025-05-08,1170.0,1179.0,1165.5999755859375,1172.199951171875,9912347.0,11619252669.398682,1162.985595703125,1172.320556640625,1152.5460205078125,1161.8809814453125,4632375.0,5362065408.0,706,2.921992301940918
2025-05-09,1160.0,1172.199951171875,1148.5,1151.0999755859375,5379571.0,6192424046.762817,1167.7347412109375,1176.4364013671875,1154.6878662109375,1162.3743896484375,5188387.0,5983569920.0,707,2.921992301940918
2025-05-12,1185.0,1209.0,1175.199951171875,1203.0,7616208.0,9162298224.0,1147.9771728515625,1169.70654296875,1136.206787109375,1164.43408203125,8175284.0,8938243072.0,708,2.921992301940918
2025-05-13,1205.199951171875,1214.800048828125,1190.0,1193.5999755859375,5569926.0,6648263537.6154785,1209.8636474609375,1228.12451171875,1202.56982421875,1218.9012451171875,6626129.0,7647728640.0,709,2.921992301940918
2025-05-14,1195.9000244140625,1199.4000244140625,1185.9000244140625,1195.5,4084921.0,4883523055.5,1189.8363037109375,1199.616455078125,1172.98486328125,1182.7542724609375,10319750.0,11595639808.0,710,2.921992301940918
2025-05-15,1197.0,1217.0,1185.0,1209.0999755859375,6705748.0,8107919743.085449,1189.6890869140625,1201.66845703125,1178.0010986328125,1193.5775146484375,6706570.0,7533389312.0,711,2.921992301940918
2025-05-16,1206.0,1213.300048828125,1203.199951171875,1208.800048828125,4016269.0,4854866163.306885,1207.4000244140625,1247.210205078125,1205.0550537109375,1241.6094970703125,5238407.0,6088472576.0,712,2.8772048950195312
2025-05-19,1208.0,1219.0,1201.0999755859375,1202.800048828125,4550022.0,5472766683.769043,1206.038330078125,1219.060546875,1195.0609130859375,1209.01904296875,6197311.5,7115039232.0,713,2.8772048950195312
2025-05-20,1208.0,1210.699951171875,1192.9000244140625,1195.800048828125,4724482.0,5649535806.287598,1207.124755859375,1215.3253173828125,1180.2181396484375,1184.658935546875,5685886.0,6561733632.0,714,2.8772048950195312
2025-05-21,1197.0999755859375,1204.9000244140625,1182.699951171875,1197.800048828125,3712472.0,4446799142.873047,1187.5950927734375,1218.904296875,1186.7645263671875,1222.3397216796875,8784402.0,9927662592.0,715,2.8772048950195312
2025-05-22,1196.699951171875,1196.699951171875,1177.5,1188.5,4795583.0,5699550395.5,1192.086181640625,1195.8104248046875,1173.138671875,1179.6051025390625,4833427.0,5672080384.0,716,2.8772048950195312
2025-05-23,1188.5,1213.0999755859375,1188.0999755859375,1210.0999755859375,3676469.0,4448895047.142456,1190.0267333984375,1200.828125,1181.36328125,1191.4173583984375,4384975.0,5129913344.0,717,2.8772048950195312
2025-05-26,1216.199951171875,1224.199951171875,1208.699951171875,1215.199951171875,3607612.0,4383969926.24707,1210.1688232421875,1219.6968994140625,1203.901123046875,1213.0079345703125,2668012.5,3277673472.0,718,2.8772048950195312
2025-05-27,1215.199951171875,1216.699951171875,1190.4000244140625,1195.5999755859375,7249163.0,8667099105.818481,1221.0205078125,1236.890625,1211.5172119140625,1226.686279296875,4886206.5,5801164800.0,719,2.8772048950195312
2025-05-28,1195.5999755859375,1202.199951171875,1191.699951171875,1194.699951171875,3525421.0,4211820296.5603027,1186.485595703125,1190.8291015625,1166.8814697265625,1174.07470703125,4946676.0,5741772800.0,720,2.8213300704956055
2025-05-29,1200.0,1209.0,1189.0,1201.699951171875,7788068.0,9358920935.323242,1187.085205078125,1193.885986328125,1166.9853515625,1174.370849609375,7044906.5,7896834560.0,721,2.8213300704956055
2025-05-30,1201.4000244140625,1208.800048828125,1189.5999755859375,1192.199951171875,9998488.0,11920196905.392578,1201.635009765625,1214.084716796875,1194.2169189453125,1205.16455078125,3766201.25,4433389568.0,722,2.8213300704956055
2025-06-02,1189.800048828125,1200.9000244140625,1179.199951171875,1194.4000244140625,3761853.0,4493157315.042114,1191.4647216796875,1203.4620361328125,1180.2542724609375,1193.0653076171875,6162569.5,6947588096.0,723,2.8213300704956055
2025-06-03,1195.0,1198.9000244140625,1174.9000244140625,1181.5,8155665.0,9635918197.5,1193.272216796875,1211.8028564453125,1177.157470703125,1185.112548828125,7115336.0,7979614720.0,724,2.8213300704956055
2025-06-04,1181.800048828125,1191.300048828125,1168.5999755859375,1171.0,4306355.0,5042741705.0,1178.6217041015625,1190.17138671875,1169.692138671875,1181.634521484375,4708686.0,5429482496.0,725,2.8213300704956055
2025-06-05,1172.5,1175.5,1157.0,1159.0,10481600.0,12148174400.0,1169.3443603515625,1194.9793701171875,1151.31640625,1156.8536376953125,8068804.0,8898340864.0,726,2.8213300704956055
2025-06-06,1158.9000244140625,1201.199951171875,1151.199951171875,1194.5999755859375,14715421.0,17579041567.336792,1155.5523681640625,1170.8983154296875,1143.62109375,1157.0032958984375,12671129.0,13730890752.0,727,2.8213300704956055
2025-06-09,1212.5,1224.5,1206.199951171875,1219.9000244140625,9138108.0,11147578172.29834,1176.12060546875,1181.0430908203125,1151.3199462890625,1158.6138916015625,7954597.5,8719532032.0,728,2.811981201171875
2025-06-10,1224.4000244140625,1235.9000244140625,1218.4000244140625,1232.800048828125,7747558.0,9551189880.69873,1208.9815673828125,1219.711669921875,1192.02880859375,1206.7657470703125,9732177.0,10710020096.0,729,2.811981201171875
2025-06-11,1232.5999755859375,1241.800048828125,1228.0999755859375,1231.4000244140625,4135775.0,5092793435.971069,1209.9600830078125,1250.013916015625,1198.6890869140625,1205.9166259765625,14255796.0,15853051904.0,730,2.811981201171875
2025-06-12,1231.0,1237.0999755859375,1210.800048828125,1212.9000244140625,3461744.0,4198749382.1152344,1232.18212890625,1246.3204345703125,1225.56201171875,1236.8463134765625,4240963.0,4964577280.0,731,2.811981201171875
2025-06-13,1198.0,1211.699951171875,1195.5999755859375,1205.800048828125,3906868.0,4710901625.165039,1218.3148193359375,1235.2977294921875,1209.44091796875,1224.5185546875,6828760.0,7794188288.0,732,2.811981201171875
2025-06-16,1206.0999755859375,1218.0,1196.0,1215.4000244140625,5697424.0,6924649268.697266,1207.4193115234375,1229.4503173828125,1168.7999267578125,1170.738525390625,6530829.0,7334130176.0,733,2.811981201171875
2025-06-17,1215.4000244140625,1227.0,1211.300048828125,1215.0999755859375,4492946.0,5459378574.908936,1208.226318359375,1211.2705078125,1172.28076171875,1180.13134765625,10288641.0,11272192000.0,734,2.811981201171875
2025-06-18,1209.800048828125,1223.300048828125,1203.9000244140625,1221.0,3135662.0,3828643302.0,1221.18359375,1226.814697265625,1212.65576171875,1219.2127685546875,2153717.0,2977000448.0,735,2.811981201171875
2025-06-19,1218.0,1227.800048828125,1213.800048828125,1217.5,4243763.0,5166781452.5,1215.33154296875,1225.9791259765625,1207.7366943359375,1217.672119140625,5336012.0,6248053760.0,736,2.8111815452575684
2025-06-20,1217.5,1226.0,1214.199951171875,1220.699951171875,4652390.0,5679172245.83252,1220.1617431640625,1240.8118896484375,1220.2247314453125,1236.6278076171875,3759159.0,4504748032.0,737,2.8111815452575684
2025-06-23,1212.5999755859375,1222.9000244140625,1205.5999755859375,1214.0999755859375,2312469.0,2807568556.4432373,1223.5821533203125,1234.473876953125,1216.562744140625,1225.539794921875,3386960.5,4109046272.0,738,2.8111815452575684
2025-06-24,1222.9000244140625,1238.4000244140625,1215.5999755859375,1221.199951171875,6745788.0,8237955976.21582,1212.212646484375,1218.232666015625,1199.8798828125,1206.6815185546875,3645269.0,4481862656.0,739,2.8111815452575684
2025-06-25,1226.300048828125,1226.300048828125,1211.0,1213.300048828125,4229259.0,5131360151.206787,1223.6773681640625,1245.259765625,1223.552001953125,1240.4561767578125,4137048.75,4897883136.0,740,2.8111815452575684
2025-06-26,1215.199951171875,1239.0,1211.199951171875,1233.5,8678448.0,10704865608.0,1211.3070068359375,1218.9349365234375,1201.6402587890625,1208.7474365234375,3944859.5,4795817472.0,741,2.8111815452575684
2025-06-27,1236.9000244140625,1247.0,1220.4000244140625,1225.0999755859375,6068274.0,7434242329.248779,1236.4234619140625,1250.91357421875,1229.1474609375,1240.62890625,7196065.0,8330723328.0,742,2.8111815452575684
2025-06-30,1228.9000244140625,1236.0,1193.0999755859375,1199.199951171875,6559872.0,7866598182.09375,1233.373779296875,1246.9482421875,1230.992919921875,1242.721435546875,2759398.5,3527649280.0,743,2.8111815452575684
2025-07-01,1202.0,1202.0,1167.0,1173.300048828125,8702198.0,10210289338.312012,1195.3228759765625,1218.8392333984375,1191.3604736328125,1207.9417724609375,11023764.0,11606104064.0,744,2.703646183013916
2025-07-02,1180.0,1181.9000244140625,1172.0,1175.300048828125,5471100.0,6430184097.143555,1175.1318359375,1186.0162353515625,1165.4869384765625,1177.375,5221267.5,6151389696.0,745,2.703646183013916
2025-07-03,1178.0,1181.0,1168.0,1171.0999755859375,6237185.0,7304367201.224976,1180.1474609375,1193.38427734375,1172.9556884765625,1184.8580322265625,7485311.5,8421470208.0,746,2.703646183013916
2025-07-04,1174.0,1179.5,1162.0,1177.5999755859375,3926186.0,4623476537.74585,1173.053955078125,1180.0865478515625,1165.458740234375,1171.1292724609375,3154257.0,4028338688.0,747,2.703646183013916
2025-07-07,1177.5999755859375,1177.5999755859375,1167.5999755859375,1175.0999755859375,5783402.0,6796075549.003662,1169.5643310546875,1180.1072998046875,1163.8883056640625,1173.6861572265625,4920357.0,5862412288.0,748,2.703646183013916
2025-07-08,1180.0,1180.0,1161.9000244140625,1165.4000244140625,9973619.0,11623255826.096558,1166.4117431640625,1171.403564453125,1161.5966796875,1170.2325439453125,4711336.5,5428169216.0,749,2.703646183013916
2025-07-09,1160.0,1171.0,1158.5999755859375,1164.699951171875,8674795.0,10103533312.926025,1158.462158203125,1194.6673583984375,1149.185791015625,1186.358154296875,12688766.0,13911377920.0,750,2.703646183013916
2025-07-10,1170.0999755859375,1176.5999755859375,1163.0,1164.300048828125,4339755.0,5052776958.4021,1159.1568603515625,1185.8963623046875,1155.6446533203125,1175.685546875,5676371.0,6685352448.0,751,2.703646183013916
2025-07-11,1162.0,1175.9000244140625,1160.5999755859375,1173.800048828125,4468654.0,5245306283.395996,1163.9720458984375,1171.7947998046875,1152.64794921875,1159.4100341796875,7900290.5,8868854784.0,752,2.776179790496826
2025-07-14,1179.0,1179.9000244140625,1163.0,1172.699951171875,4772502.0,5596712862.367676,1176.33837890625,1198.940673828125,1173.09326171875,1191.7861328125,9426998.0,10763440128.0,753,2.776179790496826
2025-07-15,1174.0,1179.0,1162.300048828125,1165.9000244140625,4776756.0,5569219937.02002,1173.7117919921875,1185.204345703125,1170.5780029296875,1180.6097412109375,3305672.0,3989959680.0,754,2.776179790496826
2025-07-16,1164.9000244140625,1174.0,1157.0999755859375,1168.4000244140625,4388279.0,5127265290.735718,1171.836181640625,1177.84130859375,1165.06103515625,1169.7679443359375,3428362.0,4163633408.0,755,2.776179790496826
2025-07-17,1170.0,1172.9000244140625,1154.800048828125,1159.800048828125,5694428.0,6604397872.448242,1169.330322265625,1177.419677734375,1160.834716796875,1166.7545166015625,4197211.5,4943737856.0,756,2.776179790496826
2025-07-18,1090.0,1115.9000244140625,1086.0,1099.300048828125,38053695.0,41832428771.590576,1159.6849365234375,1166.8323974609375,1152.0416259765625,1159.1856689453125,4082634.5,4790803456.0,757,2.776179790496826
2025-07-21,1086.0,1101.5,1071.9000244140625,1099.5999755859375,15905500.0,17489687411.68213,1096.298095703125,1123.9539794921875,1094.7900390625,1117.591796875,13672263.0,15156752384.0,758,2.776179790496826
2025-07-22,1102.0,1110.5999755859375,1095.0,1098.0,9999957.0,10979952786.0,1090.2398681640625,1104.44921875,1086.5509033203125,1097.157470703125,8053732.5,8734699520.0,759,2.776179790496826
2025-07-23,1099.5,1110.5,1098.0999755859375,1104.800048828125,6633979.0,7329220323.124756,1097.3355712890625,1103.9071044921875,1083.4725341796875,1089.62890625,5695295.5,6333671936.0,760,2.822361946105957
2025-07-24,1104.0,1105.0,1089.4000244140625,1095.0999755859375,9901209.0,10842813734.171265,1102.11474609375,1123.6473388671875,1093.701171875,1119.0350341796875,6718574.5,7421725696.0,761,2.822361946105957
2025-07-25,1086.0999755859375,1101.0,1076.199951171875,1086.0999755859375,11779887.0,12794134983.105103,1086.61669921875,1092.536865234375,1070.819580078125,1075.2000732421875,9027470.0,9930689536.0,762,2.822361946105957
2025-07-28,1080.9000244140625,1092.199951171875,1067.4000244140625,1073.5999755859375,9029557.0,9694132174.751831,1080.7059326171875,1098.288330078125,1065.3551025390625,1092.706298828125,8288752.5,9079773184.0,763,2.822361946105957
2025-07-29,1070.9000244140625,1078.699951171875,1055.4000244140625,1064.199951171875,15599773.0,16601277664.892334,1068.0098876953125,1087.4361572265625,1056.9202880859375,1083.3560791015625,8339461.5,9046417408.0,764,2.822361946105957
2025-07-30,1070.5,1080.5999755859375,1062.0,1073.300048828125,8247433.0,8851970241.60669,1062.6583251953125,1084.2958984375,1046.6580810546875,1078.84521484375,9235353.0,9865668608.0,765,2.822361946105957
2025-07-31,1066.0,1081.300048828125,1063.9000244140625,1068.4000244140625,7634413.0,8156607035.587036,1068.015380859375,1072.09033203125,1050.0257568359375,1056.489013671875,8516417.0,9309945856.0,766,2.822361946105957
2025-08-01,1065.0,1070.9000244140625,1060.0,1062.4000244140625,5545447.0,5891483028.18689,1068.27783203125,1080.1021728515625,1060.0416259765625,1068.2298583984375,9209379.0,10068922368.0,767,2.822361946105957
2025-08-04,1064.4000244140625,1070.0,1059.0,1068.5999755859375,4465845.0,4772201857.970581,1064.638671875,1084.4708251953125,1055.9525146484375,1059.079345703125,7387753.0,8018960896.0,768,2.8584136962890625
2025-08-05,1068.0,1079.9000244140625,1062.5,1070.800048828125,5318081.0,5694601394.471924,1075.9925537109375,1065.9134521484375,1067.0592041015625,1051.3482666015625,5610350.0,6003295744.0,769,2.8584136962890625
2025-08-06,1074.0,1077.699951171875,1065.5999755859375,1071.0,4216651.0,4516033221.0,1075.162353515625,1083.1805419921875,1058.613037109375,1061.2899169921875,4783846.0,5287361536.0,770,2.8584136962890625
2025-08-07,1067.800048828125,1079.699951171875,1064.5,1076.199951171875,5321131.0,5726600922.37915,1064.0625,1071.1531982421875,1049.0384521484375,1054.0462646484375,5226912.5,5804530688.0,771,2.8584136962890625
2025-08-08,1073.0,1080.4000244140625,1054.199951171875,1058.0999755859375,5084903.0,5380335740.15686,1066.0958251953125,1074.3438720703125,1061.481689453125,1067.7237548828125,3633222.0,4116861952.0,772,2.8584136962890625
2025-08-11,1058.0999755859375,1075.4000244140625,1052.5999755859375,1073.300048828125,5452775.0,5852463673.748779,1069.760009765625,1081.6044921875,1042.9146728515625,1060.0499267578125,8539582.0,8953250816.0,773,2.8584136962890625
2025-08-12,1071.0999755859375,1076.5999755859375,1066.300048828125,1070.0,4573025.0,4893136750.0,1063.0072021484375,1071.242919921875,1049.791259765625,1056.1353759765625,4006897.75,4666662912.0,774,2.8584136962890625
2025-08-13,1071.0999755859375,1072.800048828125,1063.199951171875,1066.0,4966778.0,5294585348.0,1063.675048828125,1073.279541015625,1056.1962890625,1062.8336181640625,5187391.0,5823591424.0,775,2.8584136962890625
2025-08-14,1067.0,1072.4000244140625,1062.0,1068.199951171875,6761305.0,7222425670.858154,1077.4075927734375,1084.4100341796875,1062.0611572265625,1064.8582763671875,4541591.0,5014376448.0,776,2.8567585945129395
2025-08-18,1080.0,1090.0,1079.4000244140625,1082.5999755859375,7964987.0,8622894731.74231,1069.134765625,1078.242919921875,1063.6876220703125,1071.0806884765625,6238135.5,6784709120.0,777,2.8567585945129395
2025-08-19,1078.0,1095.0,1075.800048828125,1083.199951171875,5661531.0,6132570102.758057,1077.3150634765625,1089.735107421875,1065.11669921875,1082.8212890625,7696275.0,8415855104.0,778,2.8567585945129395
2025-08-20,1081.0,1083.699951171875,1077.800048828125,1080.199951171875,3034728.0,3278113037.419922,1083.9556884765625,1093.4468994140625,1079.419921875,1086.3634033203125,5315152.0,5935025664.0,779,2.8567585945129395
2025-08-21,1090.0,1090.0,1076.4000244140625,1078.9000244140625,6459262.0,6968897929.496826,1075.5709228515625,1083.0341796875,1066.2841796875,1071.61669921875,5085126.5,5752656896.0,780,2.8567585945129395
2025-08-22,1076.0,1078.5,1069.5,1070.9000244140625,3853718.0,4126946700.284912,1076.9295654296875,1095.2396240234375,1073.0794677734375,1090.5577392578125,7298192.5,8013382656.0,781,2.8567585945129395
2025-08-25,1073.0,1074.5,1068.199951171875,1070.0,2711278.0,2901067460.0,1070.20849609375,1080.046875,1066.5247802734375,1074.08740234375,3494964.5,4023860992.0,782,2.8567585945129395
2025-08-26,1068.0,1069.800048828125,1048.0,1050.0999755859375,7197666.0,7558268890.875732,1071.8101806640625,1081.0294189453125,1068.14892578125,1075.2529296875,3227900.0,3799327744.0,783,2.8567585945129395
2025-08-28,1057.0,1059.5,1047.0,1051.9000244140625,8564803.0,9009316484.801636,1052.983642578125,1061.094482421875,1042.3665771484375,1049.33984375,7479206.0,8040320000.0,784,2.9561023712158203
2025-08-29,1052.0999755859375,1063.0,1042.5,1045.199951171875,4718016.0,4931270092.828125,1054.3536376953125,1063.8564453125,1049.2923583984375,1057.001708984375,6511822.0,7056356864.0,785,2.9561023712158203
2025-09-01,1047.5999755859375,1064.0,1047.5999755859375,1061.5,3190426.0,3386637199.0,1049.4796142578125,1068.0047607421875,1048.4893798828125,1063.3990478515625,4400303.0,4933690368.0,786,2.9561023712158203
2025-09-02,1061.5,1064.9000244140625,1049.0,1056.199951171875,4933541.0,5210805763.304443,1057.77490234375,1074.3681640625,1052.694580078125,1068.007568359375,5984264.0,6473240064.0,787,2.9561023712158203
2025-09-03,1056.199951171875,1064.9000244140625,1045.0,1054.699951171875,8303296.0,8757485885.765625,1053.8533935546875,1075.077392578125,1048.033935546875,1059.452392578125,6994543.5,7567116288.0,788,2.9561023712158203
2025-09-04,1058.199951171875,1062.199951171875,1047.300048828125,1050.4000244140625,8088417.0,8496073414.271118,1051.890625,1065.43310546875,1048.6043701171875,1059.6083984375,3737607.75,4260259840.0,789,2.9561023712158203
2025-09-05,1056.5999755859375,1058.0,1047.800048828125,1055.9000244140625,2849589.0,3008881094.670044,1049.57763671875,1063.4642333984375,1045.07080078125,1054.85302734375,4968102.0,5524154368.0,790,2.9561023712158203
2025-09-08,1055.9000244140625,1063.0,1054.0,1055.5,2260147.0,2385585158.5,1058.0684814453125,1069.8203125,1055.052978515625,1063.7406005859375,3299673.75,3853276672.0,791,2.9561023712158203
2025-09-09,1057.5,1059.0,1048.699951171875,1052.199951171875,4310419.0,4535422661.330322,1068.8438720703125,1068.139404296875,1061.1907958984375,1057.7113037109375,6785482.5,6946177536.0,792,2.9795658588409424
2025-09-10,1058.0,1074.0999755859375,1055.0999755859375,1070.0999755859375,5241075.0,5608474229.544067,1054.0439453125,1064.333740234375,1050.3841552734375,1058.287353515625,5872826.0,6376502784.0,793,2.9795658588409424
2025-09-11,1069.0,1093.0,1069.0,1087.4000244140625,5227539.0,5684426036.225464,1066.5550537109375,1074.1947021484375,1061.6385498046875,1067.480712890625,3376211.75,3882813696.0,794,2.9795658588409424
2025-09-12,1088.4000244140625,1108.699951171875,1088.4000244140625,1105.300048828125,6014850.0,6648213998.693848,1096.152587890625,1094.9630126953125,1089.955810546875,1085.8704833984375,4566504.0,5127043072.0,795,2.9795658588409424
2025-09-15,1105.0,1110.0,1100.0,1104.4000244140625,3881807.0,4287067745.5706787,1101.023193359375,1110.1258544921875,1096.344970703125,1104.7947998046875,4634219.5,5337137152.0,796,2.9795658588409424
2025-09-16,1105.699951171875,1127.0999755859375,1104.0,1121.199951171875,7965606.0,8931037058.254395,1102.96533203125,1108.0509033203125,1097.307373046875,1102.0546875,2480817.5,3109722624.0,797,2.9795658588409424
2025-09-17,1121.300048828125,1128.5,1116.0999755859375,1126.0,5590739.0,6295172114.0,1080.428466796875,1132.537841796875,1074.566650390625,1098.71923828125,7538446.5,8409242112.0,798,2.9795658588409424
2025-09-18,1129.0,1134.4000244140625,1121.199951171875,1133.0,5713032.0,6472865256.0,1122.8223876953125,1132.43798828125,1119.290283203125,1124.9515380859375,6861663.0,7797633024.0,799,2.9795658588409424
2025-09-19,1133.0,1144.0999755859375,1126.5999755859375,1135.9000244140625,8910732.0,10121700696.347168,1130.8560791015625,1144.48974609375,1123.89208984375,1132.321533203125,15328696.0,17113612288.0,800,2.957953453063965
2025-09-22,1136.0,1147.5999755859375,1131.199951171875,1144.4000244140625,7689900.0,8800321747.7417,1135.0394287109375,1144.5679931640625,1130.086181640625,1138.040771484375,8491454.0,9607200768.0,801,2.957953453063965
2025-09-23,1146.0,1172.800048828125,1141.9000244140625,1170.800048828125,16079093.0,18825402869.511963,1150.8778076171875,1158.1016845703125,1140.3685302734375,1140.780029296875,5869728.5,6887842816.0,802,2.957953453063965
2025-09-24,1168.0,1172.800048828125,1154.0,1158.9000244140625,12812055.0,14847890852.294312,1171.304931640625,1180.2421875,1161.9720458984375,1170.9769287109375,6768479.0,7927988224.0,803,2.957953453063965
2025-09-25,1154.699951171875,1171.800048828125,1153.4000244140625,1166.5999755859375,11188302.0,13052272840.048096,1102.320556640625,1154.231201171875,1066.297119140625,1133.9039306640625,10358129.0,11609739264.0,804,2.957953453063965
2025-09-26,1161.5999755859375,1169.699951171875,1148.0,1154.0,5618932.0,6484247528.0,1172.7989501953125,1207.31591796875,1164.2052001953125,1192.70166015625,11638486.0,13499851776.0,805,2.957953453063965
2025-09-29,1155.4000244140625,1158.300048828125,1126.699951171875,1132.199951171875,9693881.0,10975411594.865967,1122.2301025390625,1141.860595703125,1069.57373046875,1136.4451904296875,9678827.0,10757377024.0,806,2.957953453063965
2025-09-30,1130.0,1137.0,1125.4000244140625,1131.5999755859375,8165203.0,9239743515.454224,1122.93359375,1139.4937744140625,1106.3760986328125,1110.5557861328125,7225694.0,8161283584.0,807,2.957953453063965
2025-10-01,1132.5,1164.800048828125,1131.0,1159.5,9655009.0,11194982935.5,1130.9554443359375,1139.4588623046875,1126.93701171875,1133.2169189453125,4192644.5,5029248512.0,808,2.9661707878112793
2025-10-03,1171.0,1188.0,1169.5,1181.0,11095015.0,13103212715.0,1159.0711669921875,1152.7506103515625,1144.152587890625,1140.80517578125,7048324.5,7872525312.0,809,2.9661707878112793
2025-10-06,1185.0,1215.199951171875,1182.0999755859375,1212.800048828125,20128505.0,24411851846.83716,1169.513916015625,1174.6517333984375,1156.982666015625,1163.9815673828125,5500893.0,6492509696.0,810,2.9661707878112793
2025-10-07,1212.0,1212.0,1184.0,1186.800048828125,8620156.0,10230401561.706055,1208.9991455078125,1225.023681640625,1195.74755859375,1208.23486328125,10762732.0,12627089408.0,811,2.9661707878112793
2025-10-08,1180.0999755859375,1194.800048828125,1174.0999755859375,1180.5999755859375,5160430.0,6092403532.012939,1167.2664794921875,1198.413330078125,1154.2442626953125,1165.2584228515625,9739684.0,11099789312.0,812,2.9661707878112793
2025-10-09,1178.0,1187.300048828125,1163.0999755859375,1167.4000244140625,7194651.0,8399035753.050659,1180.084228515625,1191.373779296875,1175.740478515625,1186.2032470703125,4745275.0,5635216384.0,813,2.9661707878112793
2025-10-10,1168.0,1191.699951171875,1165.199951171875,1180.4000244140625,6933035.0,8183754683.26355,1164.43359375,1170.2777099609375,1150.59423828125,1157.483154296875,5780417.0,6734173184.0,814,2.9661707878112793
2025-10-13,1171.0,1193.5999755859375,1167.5,1189.5999755859375,4138448.0,4923097639.763672,1178.2567138671875,1186.65380859375,1159.6328125,1162.60107421875,5605248.0,6541745152.0,815,2.9661707878112793
2025-10-14,1191.800048828125,1191.800048828125,1166.5999755859375,1176.800048828125,5742538.0,6757818998.797363,1184.676513671875,1197.4261474609375,1169.8624267578125,1186.031005859375,10046743.0,11620990976.0,816,2.939361572265625
2025-10-15,1180.0,1181.699951171875,1164.0,1169.5999755859375,6328142.0,7401394728.704346,1182.8826904296875,1196.6536865234375,1156.4073486328125,1176.998291015625,9546022.0,10624106496.0,817,2.939361572265625
2025-10-16,1216.4000244140625,1216.9000244140625,1185.300048828125,1196.300048828125,17747171.0,21230941533.861084,1166.9498291015625,1176.445556640625,1161.10693359375,1169.6602783203125,5089744.0,5969180672.0,818,2.939361572265625
2025-10-17,1196.300048828125,1212.9000244140625,1191.5999755859375,1200.199951171875,6404414.0,7686577370.084473,1188.8973388671875,1192.680908203125,1175.1002197265625,1179.332275390625,7915426.0,9160924160.0,819,2.939361572265625
2025-10-20,1207.9000244140625,1231.699951171875,1207.0,1226.0,7418616.0,9095223216.0,1196.8765869140625,1205.9749755859375,1185.4189453125,1196.4083251953125,8027578.5,9362468864.0,820,2.939361572265625
2025-10-21,1225.800048828125,1238.800048828125,1222.0,1237.300048828125,1940248.0,2400668945.138672,1209.3262939453125,1258.6153564453125,1174.9635009765625,1183.9278564453125,15414465.0,18005266432.0,821,2.939361572265625
2025-10-23,1246.0,1276.0999755859375,1241.300048828125,1258.800048828125,14611221.0,18392605708.238525,1236.5086669921875,1249.4510498046875,1203.72412109375,1229.1416015625,9912354.0,11614368768.0,822,2.939361572265625
2025-10-24,1254.199951171875,1256.0,1240.0999755859375,1241.9000244140625,4882046.0,6063013046.590576,1244.6358642578125,1246.947265625,1232.90087890625,1241.53271484375,11472550.0,13522233344.0,823,2.939361572265625
2025-10-27,1243.4000244140625,1258.5,1242.5999755859375,1254.0999755859375,6185072.0,7756698644.197266,1251.1527099609375,1266.86279296875,1240.89794921875,1254.7257080078125,10113762.0,12052671488.0,824,2.9085891246795654
2025-10-28,1249.0,1258.9000244140625,1236.5999755859375,1246.300048828125,8146777.0,10153328572.891846,1293.982666015625,1302.05712890625,1229.3060302734375,1240.9013671875,17714704.0,21051027456.0,825,2.9085891246795654
2025-10-29,1246.9000244140625,1251.0,1239.199951171875,1248.800048828125,4578825.0,5718036883.575439,1250.401123046875,1257.8419189453125,1194.89794921875,1209.5064697265625,16122340.0,18956060672.0,826,2.9085891246795654
2025-10-30,1243.0,1248.0,1235.0,1238.5999755859375,4017532.0,4976115037.115723,1254.865478515625,1268.263671875,1232.4656982421875,1236.9786376953125,7901147.0,9459079168.0,827,2.9085891246795654
2025-10-31,1243.0,1245.4000244140625,1231.0,1232.800048828125,4106607.0,5062625310.11792,1240.4400634765625,1247.1943359375,1224.759033203125,1232.2454833984375,11359200.0,13599215616.0,828,2.9085891246795654
2025-11-03,1226.0,1241.0,1222.300048828125,1233.699951171875,6118907.0,7548895267.125244,1220.4356689453125,1225.8670654296875,1191.7760009765625,1203.390869140625,10021624.0,11901149184.0,829,2.9085891246795654
2025-11-04,1230.0999755859375,1235.9000244140625,1222.800048828125,1226.5999755859375,3299345.0,4046976496.449585,1235.344970703125,1237.520263671875,1217.6981201171875,1223.1942138671875,8380200.5,9820981248.0,830,2.9085891246795654
2025-11-06,1225.0,1239.5999755859375,1225.0,1228.5,3733721.0,4586876248.5,1228.7896728515625,1235.1668701171875,1218.8990478515625,1224.6522216796875,3768002.0,4541986816.0,831,2.9085891246795654
2025-11-07,1227.0,1228.800048828125,1217.0,1222.800048828125,3461466.0,4232680793.8168945,1228.8223876953125,1235.116943359375,1219.56494140625,1225.970458984375,3843871.75,4670667776.0,832,2.8396530151367188
2025-11-10,1222.0,1232.800048828125,1215.5,1217.0,4140568.0,5039071256.0,1223.1343994140625,1226.228271484375,1197.9617919921875,1203.7537841796875,6907016.5,8217224192.0,833,2.8396530151367188
2025-11-11,1218.0999755859375,1225.0,1209.4000244140625,1222.5,5615453.0,6864891292.5,1219.599853515625,1224.25244140625,1200.5946044921875,1207.1441650390625,8822425.0,10305539072.0,834,2.8396530151367188
2025-11-12,1227.9000244140625,1232.699951171875,1216.5,1221.5999755859375,6782513.0,8285517715.211304,1226.133544921875,1242.3170166015625,1222.8955078125,1235.039794921875,4672533.0,5653148672.0,835,2.8396530151367188
2025-11-13,1219.0,1234.800048828125,1213.199951171875,1225.199951171875,3345231.0,4098576857.8586426,1226.936767578125,1231.79638671875,1216.099609375,1222.56640625,4842037.0,5859719168.0,836,2.8396530151367188
2025-11-14,1224.0,1246.0,1222.0,1241.5999755859375,5197740.0,6453513857.102051,1222.7166748046875,1225.84375,1201.9039306640625,1206.770751953125,5997935.0,7246109184.0,837,2.8396530151367188
2025-11-17,1243.9000244140625,1261.0,1240.4000244140625,1249.5999755859375,4088026.0,5108397189.794678,1229.4307861328125,1233.79736328125,1208.3533935546875,1213.0892333984375,7282243.5,8750615552.0,838,2.8396530151367188
2025-11-18,1250.0,1273.5,1247.5999755859375,1265.4000244140625,10175969.0,12876671421.036743,1248.9520263671875,1261.68896484375,1244.186767578125,1254.7001953125,4714423.0,5851392000.0,839,2.8396530151367188
2025-11-19,1268.0,1273.0,1257.800048828125,1270.4000244140625,4101288.0,5210276375.329102,1258.6658935546875,1266.15185546875,1245.614990234375,1252.5787353515625,6786795.0,8298376192.0,840,2.7573118209838867
2025-11-20,1275.0,1287.300048828125,1262.5999755859375,1285.199951171875,4617594.0,5934531583.331543,1256.784912109375,1271.938232421875,1228.6981201171875,1235.936279296875,5799103.0,7096117248.0,841,2.7573118209838867
2025-11-21,1284.0,1284.5,1273.0,1275.800048828125,6363593.0,8118672260.122314,1268.62353515625,1271.9776611328125,1246.051025390625,1252.36279296875,7568860.5,9070323712.0,842,2.7573118209838867
2025-11-24,1279.199951171875,1290.9000244140625,1266.5999755859375,1269.0,10491953.0,13314288357.0,1272.0264892578125,1283.7039794921875,1266.416259765625,1276.3682861328125,4945581.5,6128025088.0,843,2.7573118209838867
2025-11-25,1269.0999755859375,1276.699951171875,1263.699951171875,1266.300048828125,5290156.0,6698924801.108398,1278.0909423828125,1295.979736328125,1273.12841796875,1287.053955078125,7676149.0,9417078784.0,844,2.7573118209838867
2025-11-26,1271.9000244140625,1292.800048828125,1269.300048828125,1290.199951171875,4842021.0,6247175257.773193,1262.9952392578125,1272.4945068359375,1253.395263671875,1263.3021240234375,4704467.5,5798963200.0,845,2.7573118209838867
2025-11-27,1297.0,1304.0,1281.0,1287.300048828125,5924706.0,7626874323.092285,1277.436279296875,1290.3817138671875,1240.8697509765625,1247.080078125,8103495.0,9863952384.0,846,2.7573118209838867
2025-11-28,1287.300048828125,1289.0,1275.0,1279.699951171875,3093636.0,3958925838.1435547,1297.969482421875,1305.5579833984375,1248.0159912109375,1272.06201171875,19655854.0,22439415808.0,847,2.7573118209838867
2025-12-01,1288.0,1289.0,1268.5,1275.699951171875,4098016.0,5227838811.1015625,1282.4432373046875,1289.7745361328125,1267.4788818359375,1278.2398681640625,5900617.0,7174946304.0,848,2.7266054153442383
2025-12-02,1270.699951171875,1281.0,1255.0999755859375,1258.0,8115347.0,10209106526.0,1284.57421875,1305.77001953125,1268.917724609375,1285.9595947265625,11642214.0,13958265856.0,849,2.7266054153442383
2025-12-03,1255.0,1272.9000244140625,1255.0,1270.699951171875,3582794.0,4552656160.858887,1265.6043701171875,1281.111083984375,1260.1849365234375,1273.3531494140625,5985145.0,7311620096.0,850,2.7266054153442383
2025-12-04,1270.699951171875,1282.800048828125,1269.4000244140625,1280.0,3216108.0,4116618240.0,1275.9537353515625,1294.22265625,1268.564453125,1286.72265625,11501529.0,14553788416.0,851,2.7266054153442383
2025-12-05,1275.199951171875,1285.0,1267.300048828125,1282.5,2728214.0,3498934455.0,1277.12890625,1286.98388671875,1268.21728515625,1277.6640625,5314093.0,6628834304.0,852,2.7266054153442383
2025-12-08,1284.0,1288.800048828125,1265.0999755859375,1273.800048828125,2969478.0,3782521221.394043,1278.5390625,1286.8988037109375,1271.15625,1278.9051513671875,2959235.75,3715115264.0,853,2.7266054153442383
2025-12-09,1272.0,1281.4000244140625,1263.199951171875,1275.9000244140625,4239279.0,5408896179.598022,1278.9478759765625,1284.9476318359375,1268.5948486328125,1274.9149169921875,4506359.5,5603570688.0,854,2.7266054153442383
2025-12-10,1273.0,1284.0,1268.300048828125,1278.5999755859375,2928746.0,3744694564.097412,1278.07568359375,1288.38916015625,1271.24658203125,1282.6380615234375,3349862.75,4105228800.0,855,2.7266054153442383
2025-12-11,1277.4000244140625,1282.0,1271.0,1272.699951171875,2017404.0,2567549972.2939453,1274.4053955078125,1280.2757568359375,1264.433837890625,1271.04443359375,2561580.0,3285085696.0,856,2.6625118255615234
2025-12-12,1278.0,1291.0,1277.9000244140625,1286.0999755859375,2281078.0,2933694360.109619,1268.046875,1274.835693359375,1260.0853271484375,1267.146484375,2434354.0,3135152640.0,857,2.6625118255615234
2025-12-15,1285.0,1290.4000244140625,1280.0,1284.800048828125,1634472.0,2099969705.4082031,1276.290771484375,1284.38720703125,1267.55078125,1275.0010986328125,3576294.0,4432613376.0,858,2.6625118255615234
2025-12-16,1277.0999755859375,1277.5999755859375,1216.9000244140625,1219.5999755859375,11542048.0,14076681459.011719,1273.8687744140625,1281.563720703125,1264.3582763671875,1273.1446533203125,3542829.25,4437062144.0,859,2.6625118255615234
2025-12-17,1220.5999755859375,1236.0,1220.300048828125,1224.699951171875,5147181.0,6303752319.372803,1215.885009765625,1240.7979736328125,1208.972900390625,1231.1219482421875,11491326.0,13285039104.0,860,2.6625118255615234
2025-12-18,1226.0999755859375,1238.5,1220.199951171875,1229.800048828125,3441592.0,4232470009.6464844,1217.1612548828125,1227.485107421875,1207.968505859375,1216.8990478515625,4899933.0,5868987392.0,861,2.6625118255615234
2025-12-19,1236.699951171875,1241.5,1229.0999755859375,1230.5999755859375,5055047.0,6220740714.785767,1234.8250732421875,1255.8193359375,1232.76171875,1251.9737548828125,3791592.0,4682607616.0,862,2.6625118255615234
2025-12-22,1235.0,1236.9000244140625,1226.800048828125,1233.199951171875,2405809.0,2966843541.3288574,1236.762451171875,1251.8192138671875,1214.06884765625,1234.94140625,17316092.0,19854913536.0,863,2.6625118255615234
2025-12-23,1239.0,1239.0,1223.5,1225.0,2920318.0,3577389550.0,1233.2821044921875,1239.9224853515625,1224.0419921875,1230.8968505859375,3819682.5,4698842112.0,864,2.5739617347717285
2025-12-24,1230.0,1235.4000244140625,1224.699951171875,1226.300048828125,3155506.0,3869597161.8774414,1236.1705322265625,1247.108154296875,1230.7850341796875,1240.9647216796875,3202550.25,3979243264.0,865,2.5739617347717285
2025-12-26,1225.0,1229.9000244140625,1222.0,1228.199951171875,1665983.0,2046160239.2531738,1227.228759765625,1242.935546875,1224.4080810546875,1237.984619140625,4207500.5,4951547904.0,866,2.5739617347717285
2025-12-29,1228.199951171875,1233.9000244140625,1219.0,1232.0,2209655.0,2722294960.0,1225.9940185546875,1233.482666015625,1218.883056640625,1225.803955078125,3500890.25,4358721536.0,867,2.5739617347717285
2025-12-30,1233.0,1252.0999755859375,1232.0,1246.0,5673233.0,7068848318.0,1224.4725341796875,1229.531982421875,1211.8087158203125,1216.5487060546875,2105506.5,2846603776.0,868,2.5739617347717285
2025-12-31,1246.0,1271.5,1245.0,1269.4000244140625,3711090.0,4710857736.602783,1252.6790771484375,1267.6268310546875,1249.115478515625,1262.0098876953125,2639277.5,3275607040.0,869,2.5739617347717285
2026-01-01,1270.0,1279.199951171875,1263.800048828125,1274.4000244140625,2022412.0,2577361902.175293,1269.2646484375,1280.6937255859375,1263.7354736328125,1273.4952392578125,2499508.75,3138398720.0,870,2.5739617347717285
2026-01-02,1273.9000244140625,1281.800048828125,1264.300048828125,1266.9000244140625,5860547.0,7424727137.379761,1277.3614501953125,1295.3623046875,1269.3314208984375,1286.17626953125,6506886.0,8066584064.0,871,2.5739617347717285
2026-01-05,1274.199951171875,1289.699951171875,1270.0,1285.800048828125,6177100.0,7942515481.616211,1274.2095947265625,1292.90869140625,1270.0272216796875,1287.274658203125,6971025.5,8557099520.0,872,2.5975751876831055
2026-01-06,1304.5999755859375,1304.5999755859375,1285.4000244140625,1293.800048828125,6751769.0,8735439061.87622,1280.96728515625,1295.533935546875,1275.54150390625,1288.0992431640625,5364660.5,6741764608.0,873,2.5975751876831055
2026-01-07,1293.0,1299.0,1284.0,1295.5,5440002.0,7047522591.0,1294.310302734375,1315.319091796875,1283.690673828125,1298.8707275390625,8595546.0,10544660480.0,874,2.5975751876831055
2026-01-08,1291.0999755859375,1303.199951171875,1283.800048828125,1286.800048828125,3949654.0,5082414960.054199,1293.31591796875,1302.7852783203125,1276.139892578125,1279.6226806640625,4594169.0,5840411648.0,875,2.5975751876831055
2026-01-09,1286.800048828125,1295.300048828125,1270.0999755859375,1272.0,5531427.0,7035975144.0,1291.534912109375,1302.76416015625,1281.8406982421875,1293.721923828125,6682754.5,8584102400.0,876,2.5975751876831055
2026-01-12,1274.699951171875,1279.5999755859375,1266.5,1274.199951171875,6489750.0,8269239133.117676,1275.2542724609375,1288.4407958984375,1269.05224609375,1282.97314453125,4581570.5,5741920768.0,877,2.5975751876831055
2026-01-13,1274.0,1284.0,1258.699951171875,1262.0,5163166.0,6515915492.0,1274.6319580078125,1292.8648681640625,1252.963623046875,1253.1422119140625,6972246.0,8789849088.0,878,2.5975751876831055
2026-01-14,1255.0,1308.0,1253.5,1298.800048828125,7776704.0,10100383534.921875,1267.1507568359375,1275.218017578125,1258.6011962890625,1265.845703125,4776229.5,5939776512.0,879,2.5975751876831055
2026-01-15,1298.800048828125,1298.800048828125,1298.800048828125,1298.800048828125,0.0,0.0,1303.88037109375,1320.577392578125,1290.6956787109375,1300.8707275390625,5681202.5,7440510464.0,880,2.715789318084717
2026-01-16,1298.800048828125,1309.0,1286.5,1294.199951171875,5175495.0,6698125376.290283,1289.5379638671875,1297.65673828125,1276.2843017578125,1283.4769287109375,5032640.0,6479905792.0,881,2.715789318084717
2026-01-19,1307.0,1327.0,1297.0999755859375,1307.5,8833223.0,11549439072.5,1291.37255859375,1302.4940185546875,1283.1002197265625,1294.4237060546875,3929360.0,5034134528.0,882,2.715789318084717
2026-01-20,1306.0999755859375,1310.9000244140625,1290.0,1293.5,6268527.0,8108339674.5,1312.9853515625,1323.189697265625,1297.6566162109375,1307.0498046875,7392608.5,9818692608.0,883,2.715789318084717
2026-01-21,1290.0,1297.699951171875,1267.4000244140625,1284.9000244140625,3854702.0,4952906693.908936,1303.0792236328125,1314.314208984375,1294.77099609375,1304.6124267578125,3895473.5,4996376064.0,884,2.715789318084717
2026-01-22,1290.0,1298.9000244140625,1281.4000244140625,1294.800048828125,5949677.0,7703642070.111572,1291.0504150390625,1307.119873046875,1274.001220703125,1279.8739013671875,5236421.0,6704076288.0,885,2.715789318084717
2026-01-23,1297.0,1299.0,1248.0,1258.0,8885549.0,11178020642.0,1291.5760498046875,1297.3367919921875,1282.768310546875,1289.7490234375,3024064.75,3792365824.0,886,2.715789318084717
2026-01-27,1288.800048828125,1333.199951171875,1278.4000244140625,1315.800048828125,22715357.0,29888867849.74829,1272.42138671875,1279.381591796875,1258.93408203125,1266.8826904296875,7277026.0,9171535872.0,887,2.715789318084717
2026-01-28,1348.0,1369.4000244140625,1310.199951171875,1319.800048828125,15426403.0,20359767432.642334,1316.8726806640625,1342.1966552734375,1308.3472900390625,1330.3333740234375,11396273.0,15188234240.0,888,2.755828380584717
2026-01-29,1318.0,1367.0,1306.0,1363.699951171875,16107684.0,21966047884.291992,1340.7576904296875,1359.6505126953125,1331.0576171875,1346.524658203125,9059894.0,12147836928.0,889,2.755828380584717
2026-01-30,1352.0,1378.699951171875,1352.0,1370.4000244140625,14758482.0,20225024093.114502,1370.87109375,1384.5233154296875,1354.0145263671875,1367.3895263671875,13662090.0,18400473088.0,890,2.755828380584717
2026-02-02,1339.0,1352.699951171875,1302.9000244140625,1311.5,8647298.0,11340931327.0,1381.749267578125,1400.5435791015625,1369.48486328125,1383.4661865234375,10953018.0,14675984384.0,891,2.755828380584717
2026-02-03,1403.0,1418.300048828125,1345.5,1356.199951171875,10384723.0,14083760825.533447,1319.3431396484375,1335.246337890625,1309.6763916015625,1325.2403564453125,7398466.0,9623078912.0,892,2.755828380584717
2026-02-04,1369.699951171875,1369.9000244140625,1336.5999755859375,1338.699951171875,6672251.0,8932142087.906494,1366.0736083984375,1382.1126708984375,1354.09130859375,1366.874267578125,5849818.0,7843530752.0,893,2.755828380584717
2026-02-05,1340.0,1340.0,1317.4000244140625,1330.5999755859375,3766488.0,5011688840.844727,1348.1220703125,1363.781005859375,1335.591796875,1350.9559326171875,7695153.0,10242207744.0,894,2.755828380584717
2026-02-06,1325.0,1346.4000244140625,1324.699951171875,1341.5999755859375,5876574.0,7884011534.928955,1312.5921630859375,1356.5908203125,1309.03271484375,1338.905517578125,8030524.0,10912272384.0,895,2.755828380584717
2026-02-09,1350.0,1350.0,1330.699951171875,1341.4000244140625,4077536.0,5469606889.949219,1335.6302490234375,1349.8482666015625,1327.0804443359375,1339.6810302734375,3444002.5,4371753984.0,896,2.907592296600342
2026-02-10,1352.5999755859375,1360.0999755859375,1343.300048828125,1356.699951171875,5478998.0,7433356319.070801,1350.7052001953125,1368.5738525390625,1342.3919677734375,1357.1322021484375,4839028.0,6398261248.0,897,2.907592296600342
2026-02-11,1358.0,1360.0,1344.800048828125,1347.300048828125,3866272.0,5209028454.3828125,1351.440185546875,1361.0015869140625,1332.9658203125,1347.93017578125,6098230.5,7997806592.0,898,2.907592296600342
2026-02-12,1347.9000244140625,1357.699951171875,1336.199951171875,1340.0,4152620.0,5564510800.0,1345.9959716796875,1379.48681640625,1339.8665771484375,1364.636474609375,9477755.0,12935284736.0,899,2.907592296600342
2026-02-13,1341.300048828125,1346.5,1316.0999755859375,1332.300048828125,4624549.0,6161286858.508057,1340.1239013671875,1351.7750244140625,1329.588623046875,1341.0341796875,4618717.0,5960857600.0,900,2.907592296600342
2026-02-16,1324.0,1361.9000244140625,1324.0,1358.300048828125,5082167.0,6903107684.252686,1324.408447265625,1344.0081787109375,1301.6396484375,1306.564697265625,6579270.0,8618431488.0,901,2.907592296600342
2026-02-17,1358.300048828125,1360.9000244140625,1350.4000244140625,1357.199951171875,4513065.0,6125131597.635498,1357.42138671875,1372.7008056640625,1338.21826171875,1354.456787109375,6326859.5,8502267392.0,902,2.907592296600342
2026-02-18,1363.0,1378.5,1353.800048828125,1377.0,5556076.0,7650716652.0,1358.333251953125,1401.60986328125,1348.974853515625,1376.3616943359375,8063348.0,11543497728.0,903,2.907592296600342
2026-02-19,1381.0999755859375,1382.800048828125,1351.0,1356.5999755859375,2744704.0,3723465379.390625,1370.134765625,1377.7701416015625,1353.0235595703125,1362.8848876953125,4191698.0,5468578816.0,904,2.9256997108459473
2026-02-20,1351.0,1376.5,1351.0,1368.300048828125,3791536.0,5187958893.933594,1361.1904296875,1382.589111328125,1351.628662109375,1371.9776611328125,4747972.5,6311744512.0,905,2.9256997108459473
2026-02-23,1380.5,1402.0,1380.199951171875,1386.699951171875,6160153.0,8542283864.311279,1360.9290771484375,1368.1031494140625,1343.5797119140625,1352.470703125,3473362.0,4542166016.0,906,2.9256997108459473
2026-02-24,1398.0,1398.0,1383.5,1387.5999755859375,7888492.0,10946071306.609863,1393.101806640625,1410.4146728515625,1381.0252685546875,1397.448974609375,4079489.75,5500521984.0,907,2.9256997108459473
2026-02-25,1394.0,1404.300048828125,1387.5999755859375,1403.0,4379373.0,6144260319.0,1388.018310546875,1395.9495849609375,1355.4862060546875,1361.11962890625,5214041.0,7009652736.0,908,2.9256997108459473
2026-02-26,1403.0,1405.699951171875,1386.0,1395.5,8979547.0,12530957838.5,1399.1739501953125,1407.464111328125,1362.00634765625,1366.555419921875,6705272.0,8998973440.0,909,2.9256997108459473
2026-02-27,1387.0,1395.5,1381.0,1383.9000244140625,5840317.0,8082414838.885864,1393.7098388671875,1404.7034912109375,1377.7366943359375,1391.6763916015625,5540656.0,7564224512.0,910,2.9256997108459473
2026-03-02,1369.0999755859375,1384.699951171875,1353.5999755859375,1372.300048828125,5132511.0,7043345095.910889,1383.329345703125,1390.7568359375,1363.7679443359375,1373.1923828125,7109825.0,9567399936.0,911,2.9256997108459473
2026-03-04,1344.5,1357.5999755859375,1327.0,1351.300048828125,5832353.0,7881258893.682861,1361.5079345703125,1373.7220458984375,1348.806884765625,1362.54248046875,4802671.5,6392142336.0,912,3.01431941986084
2026-03-05,1354.9000244140625,1355.800048828125,1335.300048828125,1349.0999755859375,6057499.0,8172171753.011841,1338.73193359375,1352.5997314453125,1327.147216796875,1339.9505615234375,5024976.0,6598977536.0,913,3.01431941986084
2026-03-06,1347.0,1347.9000244140625,1313.5,1315.800048828125,11629935.0,15302669040.86792,1348.102783203125,1359.6903076171875,1336.4166259765625,1348.3548583984375,5320792.5,7014658048.0,914,3.01431941986084
2026-03-09,1282.199951171875,1291.0,1260.800048828125,1288.300048828125,7926265.0,10211407586.524658,1317.176025390625,1324.679443359375,1293.84814453125,1304.11181640625,8808212.0,11330312192.0,915,3.01431941986084
2026-03-10,1295.199951171875,1319.5,1284.5999755859375,1314.699951171875,6289277.0,8268512164.8063965,1279.577392578125,1312.5218505859375,1274.730224609375,1305.2264404296875,8343524.0,10729741312.0,916,3.01431941986084
2026-03-11,1310.0,1317.5,1252.699951171875,1255.800048828125,6859908.0,8614672801.356445,1285.8271484375,1329.7296142578125,1248.5523681640625,1297.08935546875,8227429.5,10474445824.0,917,3.01431941986084
2026-03-12,1243.199951171875,1251.0999755859375,1231.800048828125,1234.5,9663320.0,11929368540.0,1271.2705078125,1304.3875732421875,1270.150146484375,1299.4342041015625,5804366.0,7491091968.0,918,3.01431941986084
2026-03-13,1224.0,1234.5,1194.300048828125,1197.300048828125,9098187.0,10893259739.347412,1198.1761474609375,1212.6619873046875,1174.854736328125,1191.9310302734375,10747243.0,13095602176.0,919,3.01431941986084
2026-03-16,1199.199951171875,1219.9000244140625,1180.0999755859375,1214.699951171875,8743794.0,10621086144.856934,1195.9881591796875,1253.1180419921875,1202.32373046875,1245.6866455078125,11949622.0,14883442688.0,920,3.1124582290649414
2026-03-17,1219.699951171875,1232.300048828125,1210.0,1228.0999755859375,5707317.0,7009155868.361206,1233.685791015625,1260.3753662109375,1230.816162109375,1252.812744140625,5596752.0,7105709568.0,921,3.1124582290649414
2026-03-18,1228.0,1260.0,1224.199951171875,1253.199951171875,6018952.0,7542950352.505859,1194.3331298828125,1216.4381103515625,1173.5604248046875,1204.727783203125,7705172.0,9526385664.0,922,3.1124582290649414
2026-03-19,1221.0,1241.5,1202.0,1207.0,8264698.0,9975490486.0,1247.548828125,1269.837158203125,1220.873291015625,1257.841796875,5384716.0,6729406976.0,923,3.1124582290649414
2026-03-20,1208.5999755859375,1231.800048828125,1199.699951171875,1203.9000244140625,7518686.0,9051746258.96167,1206.2557373046875,1234.2099609375,1182.1436767578125,1221.8377685546875,5188073.0,6445921280.0,924,3.1124582290649414
2026-03-23,1181.0,1185.0999755859375,1165.0,1170.5999755859375,6697446.0,7840030124.088135,1199.54833984375,1211.4219970703125,1183.929931640625,1199.5667724609375,7977088.5,9881510912.0,925,3.1124582290649414
2026-03-24,1187.0,1202.800048828125,1169.5999755859375,1192.699951171875,8274701.0,9869235478.661865,1197.4306640625,1204.65185546875,1184.06640625,1189.1759033203125,5760130.0,7120128000.0,926,3.1124582290649414
2026-03-25,1200.0,1239.0,1198.0,1222.0999755859375,9645791.0,11788120945.607056,1185.191162109375,1214.2117919921875,1180.6439208984375,1206.068115234375,9426709.0,11384154112.0,927,3.1124582290649414
2026-03-27,1209.5,1213.5,1202.0,1205.199951171875,9479301.0,11424453102.343506,1240.7694091796875,1255.7513427734375,1237.1983642578125,1248.841552734375,5430172.0,7017809920.0,928,3.22202730178833
2026-03-30,1185.0999755859375,1188.800048828125,1153.9000244140625,1161.300048828125,18534887.0,21524565178.12378,1215.9459228515625,1241.710693359375,1213.6759033203125,1233.7816162109375,5128762.0,6429881856.0,929,3.22202730178833
2026-04-01,1175.0,1208.0,1175.0,1193.0999755859375,6595695.0,7869323543.47229,1162.0074462890625,1175.7781982421875,1151.19677734375,1160.348876953125,6908414.0,8326326272.0,930,3.22202730178833
2026-04-02,1174.5999755859375,1202.300048828125,1150.300048828125,1197.9000244140625,9501543.0,11381898591.671265,1185.6031494140625,1192.79931640625,1173.4322509765625,1177.1312255859375,5777816.5,6948093952.0,931,3.22202730178833
2026-04-06,1202.0999755859375,1249.800048828125,1196.4000244140625,1245.300048828125,7847086.0,9771976578.958496,1191.7464599609375,1206.8560791015625,1185.781982421875,1195.157470703125,8504024.0,10268809216.0,932,3.22202730178833
2026-04-07,1237.800048828125,1255.5,1221.0,1250.0999755859375,9248545.0,11561605878.705444,1245.768798828125,1258.78369140625,1233.48291015625,1245.653076171875,7426654.0,9275028480.0,933,3.22202730178833
2026-04-08,1300.0999755859375,1335.5999755859375,1300.0999755859375,1333.0,13519723.0,18021790759.0,1258.631103515625,1280.0863037109375,1248.4786376953125,1265.393798828125,8427257.0,10627308544.0,934,3.22202730178833
2026-04-09,1322.300048828125,1338.5999755859375,1312.800048828125,1318.5,6542529.0,8626324486.5,1314.1436767578125,1320.5010986328125,1279.714599609375,1296.478271484375,11230302.0,14653044736.0,935,3.22202730178833
2026-04-10,1328.800048828125,1358.5999755859375,1326.0999755859375,1350.800048828125,6755589.0,9125449951.062744,1316.861328125,1337.71240234375,1309.9776611328125,1332.9544677734375,9954138.0,13284513792.0,936,3.314150094985962
2026-04-13,1318.0,1366.9000244140625,1315.300048828125,1353.5999755859375,8974851.0,12148358094.487427,1351.454833984375,1358.1446533203125,1334.6236572265625,1345.2257080078125,7110822.0,9456757760.0,937,3.314150094985962
2026-04-15,1367.0,1384.5,1349.0,1355.5,6789879.0,9203680984.5,1354.2086181640625,1368.7489013671875,1343.4056396484375,1357.2999267578125,10672016.0,14260477952.0,938,3.314150094985962
2026-04-16,1362.0,1364.5,1343.0,1349.5999755859375,5232398.0,7061644213.055908,1350.5975341796875,1369.2384033203125,1331.403076171875,1355.58935546875,9921060.0,13298065408.0,939,3.314150094985962
2026-04-17,1353.0,1364.300048828125,1344.0999755859375,1359.0999755859375,4062181.0,5520910097.925659,1345.171630859375,1363.593994140625,1308.7064208984375,1333.1912841796875,17030204.0,21901377536.0,940,3.314150094985962
2026-04-20,1359.5,1374.0,1348.0,1354.699951171875,4878641.0,6609094724.485107,1369.435302734375,1385.2584228515625,1356.023193359375,1368.352783203125,6470953.0,8733434880.0,941,3.314150094985962
2026-04-21,1361.0,1380.300048828125,1354.699951171875,1377.699951171875,5145338.0,7088731911.362793,1353.6209716796875,1360.7952880859375,1336.7952880859375,1345.29638671875,4647087.0,6180427264.0,942,3.314150094985962
2026-04-22,1370.0,1391.0,1366.0,1379.5999755859375,3997911.0,5515517917.994751,1355.1812744140625,1374.7117919921875,1340.9483642578125,1364.846435546875,7892420.5,10434788352.0,943,3.314150094985962
2026-04-23,1369.0,1384.199951171875,1365.4000244140625,1369.5999755859375,5671255.0,7767350709.541626,1380.310546875,1390.2017822265625,1352.8763427734375,1357.40283203125,4961016.5,6721929216.0,944,3.3290226459503174
2026-04-24,1369.0,1375.0,1350.0,1365.9000244140625,3648313.0,4983230815.770142,1347.8466796875,1406.208984375,1348.38916015625,1355.8748779296875,10048218.0,13661171712.0,945,3.3290226459503174
2026-04-27,1325.0,1327.300048828125,1299.9000244140625,1324.199951171875,10768267.0,14259338635.605713,1350.4832763671875,1375.7635498046875,1328.3101806640625,1332.87109375,7065170.5,9329339392.0,946,3.3290226459503174
2026-04-28,1312.0,1321.4000244140625,1285.5,1289.0,9939787.0,12812385443.0,1307.1080322265625,1344.5946044921875,1292.072998046875,1319.458251953125,4700647.0,6237047296.0,947,3.3290226459503174
2026-04-29,1295.0,1309.199951171875,1279.0,1296.4000244140625,6228275.0,8074335862.057495,1297.2662353515625,1303.1163330078125,1251.7286376953125,1274.998291015625,7082176.5,8886340608.0,948,3.3290226459503174
2026-04-30,1288.0,1288.0,1257.300048828125,1268.300048828125,16481853.0,20903934964.67798,1287.29736328125,1290.7144775390625,1255.9697265625,1260.4779052734375,6281849.0,8283184128.0,949,3.3290226459503174
2026-05-01,1268.300048828125,1268.300048828125,1268.300048828125,1268.300048828125,0.0,0.0,1270.2071533203125,1284.332763671875,1258.1981201171875,1270.07958984375,8310337.0,10533343232.0,950,3.3290226459503174
2026-05-04,1268.300048828125,1294.4000244140625,1264.5,1275.0999755859375,9759479.0,12444311434.63147,1277.1744384765625,1308.2169189453125,1274.331787109375,1301.38720703125,6089003.0,7908142080.0,951,3.3290226459503174
2026-05-05,1268.0,1273.699951171875,1252.0,1259.699951171875,10163714.0,12803230029.524902,1286.8955078125,1297.8604736328125,1279.736572265625,1290.138916015625,9499346.0,12144080896.0,952,3.452019691467285
2026-05-06,1275.0,1301.0,1255.199951171875,1294.199951171875,7277673.0,9418764041.244873,1257.886474609375,1264.0625,1247.9520263671875,1251.35107421875,8436271.0,10245201920.0,953,3.452019691467285
2026-05-07,1299.0,1308.0999755859375,1281.199951171875,1292.699951171875,6785048.0,8771031218.298828,1293.201171875,1307.375244140625,1281.9169921875,1295.071533203125,6514483.0,8410835456.0,954,3.452019691467285
2026-05-08,1280.0,1282.0,1264.5999755859375,1268.300048828125,6358595.0,8064606348.9782715,1272.2587890625,1302.837158203125,1256.3087158203125,1262.494384765625,8449409.0,10567739392.0,955,3.452019691467285
2026-05-11,1258.699951171875,1283.0,1251.699951171875,1272.300048828125,7341360.0,9340412686.464844,1244.7274169921875,1311.1663818359375,1184.494384765625,1221.339599609375,7451416.5,9111782400.0,956,3.452019691467285
2026-05-12,1270.4000244140625,1274.0,1256.9000244140625,1260.0999755859375,5727828.0,7217635922.960449,1268.1810302734375,1279.67041015625,1260.1026611328125,1274.0665283203125,3826372.5,4971975168.0,957,3.452019691467285
2026-05-13,1256.0999755859375,1275.300048828125,1247.5,1255.699951171875,6045406.0,7591216019.01416,1269.4931640625,1308.572265625,1264.2733154296875,1299.2735595703125,10400854.0,13237810176.0,958,3.452019691467285
2026-05-14,1256.5999755859375,1269.0,1235.800048828125,1254.5999755859375,5822618.0,7305056400.64624,1251.02099609375,1287.2066650390625,1248.5281982421875,1272.0537109375,9409100.0,12510971904.0,959,3.452019691467285
2026-05-15,1259.5999755859375,1263.4000244140625,1242.0,1244.800048828125,4805485.0,5981867962.642822,1270.68505859375,1295.1368408203125,1257.056884765625,1271.22021484375,7801830.5,9873400832.0,960,3.437284469604492
2026-05-18,1239.0,1242.0,1222.0999755859375,1237.9000244140625,6052023.0,7491799419.454468,1252.9019775390625,1277.3265380859375,1232.57373046875,1270.3734130859375,3910918.0,5153484800.0,961,3.437284469604492
2026-05-19,1238.5,1249.800048828125,1231.300048828125,1238.300048828125,9200314.0,11392749275.434082,1234.864501953125,1246.3626708984375,1224.85888671875,1233.231201171875,6151965.5,7718017536.0,962,3.437284469604492
2026-05-20,1234.0,1254.0999755859375,1226.5999755859375,1249.800048828125,3562641.0,4452588895.75708,1238.5474853515625,1249.835205078125,1225.556396484375,1234.6002197265625,8985156.0,11364494336.0,963,3.437284469604492
2026-05-21,1256.9000244140625,1262.699951171875,1244.800048828125,1253.300048828125,5171528.0,6481476294.916016,1223.9671630859375,1246.7291259765625,1213.3883056640625,1221.321533203125,6286622.5,7811142656.0,964,3.437284469604492
2026-05-22,1254.0999755859375,1288.800048828125,1254.0999755859375,1285.4000244140625,5016900.0,6448723382.48291,1258.1402587890625,1277.29833984375,1261.932373046875,1273.5772705078125,9836962.0,12491018240.0,965,3.437284469604492
2026-05-25,1300.4000244140625,1314.5,1293.9000244140625,1311.199951171875,5671455.0,7436411519.073486,1284.828125,1297.521728515625,1275.1795654296875,1287.1531982421875,7160356.0,9192896512.0,966,3.437284469604492
2026-05-26,1309.800048828125,1317.0,1291.5,1299.300048828125,6455265.0,8387326129.698486,1302.4190673828125,1328.387939453125,1293.3470458984375,1324.41455078125,8575547.0,11100688384.0,967,3.437284469604492
2026-05-27,1296.300048828125,1314.5,1293.0999755859375,1304.0999755859375,7243174.0,9445823036.564697,1307.95556640625,1330.188720703125,1287.16015625,1288.6610107421875,7372885.0,9554022400.0,968,3.486328601837158
2026-05-28,1304.0999755859375,1304.0999755859375,1304.0999755859375,1304.0999755859375,0.0,0.0,1305.02587890625,1314.811767578125,1296.6654052734375,1306.953857421875,4789896.5,6292559872.0,969,3.486328601837158
2026-05-29,1296.0999755859375,1312.5999755859375,1277.4000244140625,1286.5999755859375,15215715.0,19576538547.522583,1301.947998046875,1333.1610107421875,1298.810302734375,1339.817138671875,8197995.0,10843767808.0,970,3.486328601837158
2026-06-01,1289.0,1293.199951171875,1267.0,1275.9000244140625,4311076.0,5500501973.650879,1291.8223876953125,1298.5947265625,1283.3299560546875,1287.50634765625,6400032.5,8199520256.0,971,3.486328601837158
2026-06-02,1263.0,1275.800048828125,1244.9000244140625,1251.0999755859375,11884695.0,14868941624.346313,1275.3201904296875,1288.7440185546875,1270.1744384765625,1280.8546142578125,3593249.0,4759368192.0,972,3.486328601837158
2026-06-03,1245.0999755859375,1264.800048828125,1230.300048828125,1255.199951171875,7953326.0,9983014406.854004,1245.4703369140625,1259.253173828125,1234.6009521484375,1248.219970703125,7282193.5,9006240768.0,973,3.486328601837158
2026-06-04,1246.0,1259.9000244140625,1244.0999755859375,1253.300048828125,6392593.0,8011837119.03833,1244.25732421875,1288.7281494140625,1241.0679931640625,1263.2938232421875,6118126.5,7632284672.0,974,3.486328601837158
2026-06-05,1260.0,1276.0,1252.0999755859375,1272.300048828125,7825303.0,9956133388.994873,1246.04296875,1253.7608642578125,1232.4859619140625,1241.1607666015625,6268707.0,7831239680.0,975,3.486328601837158
2026-06-08,1262.0,1279.199951171875,1262.0,1268.0999755859375,5034388.0,6384107299.890137,1256.8228759765625,1278.171875,1233.620849609375,1273.59423828125,6658279.5,8288611840.0,976,3.4964613914489746
2026-06-09,1275.9000244140625,1298.4000244140625,1271.5,1292.4000244140625,7533504.0,9736300753.523438,1265.9005126953125,1275.4365234375,1252.945556640625,1267.625,4881020.0,6331863040.0,977,3.4964613914489746
2026-06-10,1283.5,1326.5,1283.5,1314.5,12262606.0,16119195587.0,1273.152099609375,1279.2633056640625,1241.59912109375,1257.4998779296875,7284646.5,9241161728.0,978,3.4964613914489746
2026-06-11,1308.800048828125,1339.5,1307.300048828125,1317.300048828125,8196686.0,10797494868.028809,1312.1075439453125,1318.4227294921875,1299.19921875,1305.92626953125,4648318.0,6234270208.0,979,3.4964613914489746
2026-06-12,1332.0,1358.5,1318.5,1356.300048828125,8535670.0,11576929637.780762,1319.7418212890625,1322.9820556640625,1302.385986328125,1308.7591552734375,5058915.0,6743203840.0,980,3.4964613914489746
2026-06-15,1372.0,1378.0,1360.5999755859375,1368.300048828125,7522828.0,10293485919.725586,1363.5233154296875,1376.56640625,1336.4013671875,1353.6851806640625,10027234.0,13345456128.0,981,3.4964613914489746
2026-06-16,1363.5,1371.5,1349.199951171875,1365.699951171875,7709061.0,10528264231.281006,1358.10498046875,1367.2984619140625,1346.2454833984375,1358.119384765625,5879394.5,7907485696.0,982,3.4964613914489746
2026-06-17,1364.0999755859375,1365.699951171875,1349.300048828125,1350.9000244140625,4761917.0,6432873791.557739,1364.5438232421875,1381.8197021484375,1357.89599609375,1371.258544921875,7115130.5,9615683584.0,983,3.4964613914489746
2026-06-18,1347.5999755859375,1365.9000244140625,1345.0,1360.0999755859375,5186573.0,7054257810.674683,1358.9637451171875,1375.126708984375,1329.22998046875,1330.8831787109375,6520170.0,8776721408.0,984,3.5482780933380127
2026-06-19,1356.800048828125,1363.0,1350.5,1357.9000244140625,4640277.0,6301032251.588013,1325.7060546875,1367.021728515625,1326.8985595703125,1350.338134765625,5070864.5,7286513152.0,985,3.5482780933380127
2026-06-22,1361.0,1366.0999755859375,1355.199951171875,1358.5999755859375,3153284.0,4284051565.4155273,1367.784912109375,1421.388671875,1357.0308837890625,1385.376953125,9279824.0,12451231744.0,986,3.5482780933380127
2026-06-23,1358.5999755859375,1371.9000244140625,1356.0999755859375,1363.5,5745853.0,7834470565.5,1353.2015380859375,1361.2001953125,1343.00634765625,1352.0489501953125,4850490.0,6549711360.0,987,3.5482780933380127
2026-06-24,1356.0,1386.0999755859375,1356.0,1384.5,8343829.0,11552031250.5,1365.272705078125,1375.9510498046875,1358.3206787109375,1368.1612548828125,4799448.0,6542857728.0,988,3.5482780933380127
2026-06-25,1386.9000244140625,1400.0999755859375,1372.699951171875,1377.199951171875,7995552.0,11011473823.992188,1379.2655029296875,1385.510986328125,1366.1962890625,1375.2088623046875,4457000.0,6068846592.0,989,3.5482780933380127
2026-06-26,1377.199951171875,1377.199951171875,1377.199951171875,1377.199951171875,0.0,0.0,1378.4063720703125,1390.2550048828125,1352.861572265625,1373.3253173828125,14912110.0,19907432448.0,990,3.5482780933380127
2026-06-29,1392.5999755859375,1392.5999755859375,1352.199951171875,1356.800048828125,12602010.0,17098407783.33252,1365.375732421875,1375.846435546875,1346.414306640625,1349.2464599609375,5111120.0,7053663744.0,991,3.5482780933380127
2026-06-30,1357.699951171875,1375.0,1343.5999755859375,1345.699951171875,7781221.0,10471188719.757568,1365.9012451171875,1375.50732421875,1360.001708984375,1367.94287109375,3887009.0,5228031488.0,992,3.563138008117676
2026-07-01,1345.699951171875,1377.699951171875,1345.699951171875,1368.699951171875,3187785.0,4363121173.846436,1351.9444580078125,1373.080322265625,1349.977783203125,1368.582763671875,5197214.0,7012840448.0,993,3.563138008117676
2026-07-02,1374.0,1375.5,1358.0999755859375,1362.5999755859375,4013561.0,5468878120.612671,1368.980712890625,1373.752197265625,1340.2257080078125,1346.3177490234375,6708421.5,8937435136.0,994,3.563138008117676
2026-07-03,1373.0,1373.0,1338.4000244140625,1342.0999755859375,3500465.0,4697973991.039429,1359.7421875,1369.45361328125,1352.5762939453125,1361.725341796875,4311488.0,5860960256.0,995,3.563138008117676
2026-07-06,1355.699951171875,1371.0,1335.5,1339.5999755859375,5154081.0,6904406781.767944,1342.7716064453125,1348.3607177734375,1318.99755859375,1328.4617919921875,5022924.0,6791217664.0,996,3.563138008117676
2026-07-07,1346.800048828125,1356.9000244140625,1336.199951171875,1341.0,6198988.0,8312842908.0,1335.499267578125,1342.975830078125,1321.4517822265625,1329.843994140625,3762811.5,5189237760.0,997,3.563138008117676
2026-07-08,1344.0,1344.0,1304.0,1309.5,6917968.0,9059079096.0,1322.653564453125,1335.24609375,1306.708740234375,1315.9912109375,7496507.5,9953299456.0,998,3.563138008117676
2026-07-09,1312.9000244140625,1321.5999755859375,1292.199951171875,1297.5999755859375,5609851.0,7279342520.640747,1313.459716796875,1323.437255859375,1291.2684326171875,1302.7152099609375,8690333.0,11420541952.0,999,3.563138008117676
2026-07-10,1304.0,1326.5999755859375,1303.9000244140625,1323.699951171875,3549139.0,4697995121.002197,1306.09130859375,1318.7130126953125,1298.909912109375,1312.4052734375,4894355.0,6528572416.0,1000,3.4873764514923096
2026-07-13,1315.9000244140625,1329.9000244140625,1313.5,1319.4000244140625,3674483.0,4848112959.909058,1325.003662109375,1341.8353271484375,1318.627197265625,1334.2392578125,6590213.5,8846317568.0,1001,3.4873764514923096
2026-07-14,1320.0999755859375,1323.699951171875,1298.5999755859375,1317.5999755859375,6005505.0,7912853241.381226,1318.832763671875,1333.5399169921875,1313.1015625,1324.8172607421875,3942848.75,5478366208.0,1002,3.4873764514923096
2026-07-15,1328.0,1348.0,1303.300048828125,1312.300048828125,9442403.0,12391265917.954834,1316.169189453125,1324.8192138671875,1308.8314208984375,1315.4185791015625,3758156.25,5140161024.0,1003,3.4873764514923096
2026-07-16,1315.0999755859375,1315.5,1299.4000244140625,1307.5999755859375,5001226.0,6539602995.499756,1321.164306640625,1329.337646484375,1310.3853759765625,1317.6988525390625,4385526.5,6019611648.0,1004,3.4873764514923096
2026-07-17,1307.0,1333.0,1305.0,1328.5,11192836.0,14869682626.0,1296.7176513671875,1328.0701904296875,1283.715087890625,1298.75830078125,7016146.5,9357169664.0,1005,3.4873764514923096
2026-07-20,1275.0,1284.0,1249.0999755859375,1256.0,25314148.0,31794569888.0,1315.49853515625,1334.158447265625,1307.773193359375,1325.96875,4949712.0,6677829120.0,1006,3.4873764514923096
2026-07-21,1245.0,1267.699951171875,1244.5,1258.199951171875,15014867.0,18891704926.252197,1252.528076171875,1282.3900146484375,1215.4666748046875,1268.343017578125,11395797.0,14258161664.0,1007,3.4873764514923096
2026-07-22,1258.199951171875,1258.199951171875,1230.5,1238.4000244140625,8358923.0,10351690447.275269,1253.7470703125,1275.0645751953125,1246.025146484375,1264.07421875,8188518.0,10385992704.0,1008,3.4208950996398926
2026-07-23,1230.0999755859375,1239.4000244140625,1219.199951171875,1223.0,8240787.0,10078482501.0,1256.66015625,1258.9390869140625,1241.2723388671875,1240.46923828125,5152177.5,6893674496.0,1009,3.4208950996398926
2026-07-24,1216.800048828125,1233.9000244140625,1210.5999755859375,1227.300048828125,8088828.0,9927418999.362305,1231.4884033203125,1250.601806640625,1215.768798828125,1232.68310546875,8878911.0,11172277248.0,1010,3.4208950996398926
2026-07-27,1237.0,1237.0,1221.5999755859375,1227.5,5967502.0,7325108705.0,1220.582275390625,1239.9635009765625,1216.77734375,1233.458984375,3228707.75,4186425856.0,1011,3.4208950996398926
2026-07-28,1222.5,1233.9000244140625,1219.699951171875,1223.5,6093182.0,7455008177.0,1233.5509033203125,1246.371826171875,1171.669921875,1215.0257568359375,10368590.0,12901820416.0,1012,3.4208950996398926
2026-07-29,1229.5,1237.0999755859375,1214.4000244140625,1235.4000244140625,10110233.0,12490182095.03186,1210.6728515625,1252.1417236328125,1205.661376953125,1248.1165771484375,7058281.0,8842613760.0,1013,3.4208950996398926
2026-07-30,1229.0,1232.199951171875,1220.199951171875,1228.9000244140625,6878684.0,8453214935.536621,1231.99072265625,1246.206787109375,1219.910888671875,1227.376220703125,5607880.0,7641269760.0,1014,3.4208950996398926
2026-07-31,1226.199951171875,1239.699951171875,1226.0,1229.5,7487936.0,9206417312.0,1222.5582275390625,1240.6121826171875,1217.584228515625,1235.5118408203125,5140112.0,6474038272.0,1015,3.4208950996398926
2026-08-03,1236.9000244140625,1272.0,1230.5,1272.0,6713421.0,8539471512.0,1223.7646484375,1254.057373046875,1197.1478271484375,1251.548583984375,7953822.0,9879974912.0,1016,3.423186779022217
2026-08-04,1264.0,1264.0,1244.0,1261.800048828125,5694891.0,7185813741.87085,1267.337890625,1278.86376953125,1252.1610107421875,1271.0606689453125,5812824.0,7455561728.0,1017,3.423186779022217
2026-08-05,1260.0,1263.0,1246.199951171875,1253.9000244140625,4295407.0,5386010942.168335,1248.815185546875,1263.69970703125,1244.41015625,1257.6112060546875,5144292.5,6553065984.0,1018,3.423186779022217
2026-08-06,1256.0999755859375,1259.9000244140625,1248.300048828125,1256.0,4845792.0,6086314752.0,1238.10888671875,1258.71533203125,1229.802978515625,1242.4793701171875,6164295.5,7734357504.0,1019,3.423186779022217
2026-08-07,1252.0999755859375,1256.0,1238.0,1238.0,3628823.0,4492482874.0,1247.7314453125,1266.0645751953125,1214.981201171875,1263.2886962890625,8269828.0,10347156480.0,1020,3.423186779022217
2026-08-10,1235.0,1250.0,1235.0,1247.300048828125,3661847.0,4567421941.901123,1239.7713623046875,1253.5966796875,1225.240234375,1234.7818603515625,4833636.0,6055854080.0,1021,3.423186779022217
2026-08-11,1242.0,1243.0,1225.4000244140625,1229.800048828125,5843702.0,7186585004.937012,1247.1552734375,1258.740478515625,1230.9947509765625,1236.333740234375,4789909.0,6022924800.0,1022,3.423186779022217
2026-08-12,1230.0,1234.9000244140625,1216.9000244140625,1230.0,7218881.0,8879223630.0,1233.199951171875,1253.381591796875,1227.6444091796875,1246.33154296875,7269761.0,9085361152.0,1023,3.423186779022217
2026-08-13,1224.5,1224.800048828125,1215.5999755859375,1221.800048828125,5284300.0,6456357998.022461,1232.555908203125,1251.5125732421875,1201.6783447265625,1246.3463134765625,6125514.5,7602802176.0,1024,3.4498050212860107
2026-08-14,1216.0,1218.699951171875,1208.5999755859375,1217.4000244140625,5557745.0,6765998898.687134,1220.4971923828125,1238.8673095703125,1215.7978515625,1233.719482421875,4377783.0,5490910720.0,1025,3.4498050212860107
2026-08-17,1220.0,1235.0,1213.5999755859375,1227.300048828125,6068014.0,7447273878.489746,1234.1114501953125,1254.0982666015625,1228.738525390625,1248.91162109375,5803509.5,7477402112.0,1026,3.4498050212860107
2026-08-18,1223.9000244140625,1250.5,1223.4000244140625,1243.0,5064697.0,6295418371.0,1225.2086181640625,1236.8115234375,1219.8089599609375,1230.4306640625,4943170.0,6243047936.0,1027,3.4498050212860107
2026-08-19,1243.0999755859375,1245.0,1224.0,1235.0,3061937.0,3781492195.0,1241.97265625,1252.01123046875,1235.1837158203125,1245.177734375,4747727.0,6086054400.0,1028,3.4498050212860107
2026-08-20,1237.5,1253.9000244140625,1236.199951171875,1251.0,4163816.0,5208933816.0,1239.5228271484375,1254.9345703125,1237.885498046875,1250.4293212890625,3221214.5,4404177920.0,1029,3.4498050212860107
2026-08-21,1250.5999755859375,1256.4000244140625,1240.4000244140625,1245.800048828125,3690270.0,4597338546.188965,1280.2208251953125,1304.0364990234375,1252.61474609375,1275.9195556640625,2607805.5,3795233280.0,1030,3.4498050212860107
2026-08-24,1245.800048828125,1248.699951171875,1231.800048828125,1236.0,3778588.0,4670334768.0,1248.5810546875,1259.617431640625,1245.3209228515625,1254.656982421875,3052199.0,4172553728.0,1031,3.4498050212860107
2026-08-25,1236.0999755859375,1240.5,1229.800048828125,1235.0,3606504.0,4454032440.0,1233.3878173828125,1244.62890625,1227.778564453125,1239.2100830078125,3705774.25,4724578816.0,1032,3.4132046699523926
2026-08-26,1240.0999755859375,1257.699951171875,1238.199951171875,1255.0,3298266.0,4139323830.0,1232.62744140625,1256.044921875,1220.1707763671875,1253.43212890625,6597460.0,8294645248.0,1033,3.4132046699523926
2026-08-27,1260.0,1268.699951171875,1251.4000244140625,1256.0,7005789.0,8799270984.0,1259.4996337890625,1278.3580322265625,1243.4609375,1252.904541015625,4152843.25,5470687232.0,1034,3.4132046699523926
2026-08-28,1256.0,1265.4000244140625,1248.199951171875,1265.0,3243469.0,4102988285.0,1256.8448486328125,1263.829345703125,1249.9871826171875,1256.9130859375,2862951.25,3882543616.0,1035,3.4132046699523926
2026-08-31,1257.0,1300.0,1251.199951171875,1300.0,6093670.0,7921771000.0,1262.1685791015625,1278.0177001953125,1249.7930908203125,1255.11328125,4638456.0,6022916608.0,1036,3.4132046699523926
2026-09-01,1274.9000244140625,1275.0999755859375,1255.0,1258.0,5588158.0,7029902764.0,1300.0528564453125,1323.1810302734375,1296.4869384765625,1317.368408203125,6432566.5,8540631552.0,1037,3.4132046699523926
2026-09-02,1254.5999755859375,1266.9000244140625,1250.0,1253.9000244140625,6437250.0,8071667932.159424,1257.34716796875,1281.4949951171875,1254.56884765625,1277.374267578125,4209464.0,5568557056.0,1038,3.4132046699523926
2026-09-03,1265.0,1278.9000244140625,1260.199951171875,1267.0,3309215.0,4192775405.0,1249.2691650390625,1257.2872314453125,1241.98583984375,1250.2239990234375,4372791.0,5596286976.0,1039,3.4132046699523926
2026-09-04,1270.300048828125,1280.699951171875,1262.0,1273.0,3809105.0,4848990665.0,1266.0692138671875,1270.223876953125,1237.6463623046875,1239.414794921875,4182971.0,5495852032.0,1040,3.4763472080230713
