date,actual_open,actual_high,actual_low,actual_close,actual_volume,actual_amount,pred_open,pred_high,pred_low,pred_close,pred_volume,pred_amount,window_index,training_loss
2022-06-24,551.0,561.6649780273438,545.5,558.7750244140625,13049330.0,7291639689.337158,540.8646850585938,557.3934326171875,532.5838623046875,556.0327758789062,10527868.0,6544755712.0,0,2.4984793663024902
2022-06-27,570.0,572.5,558.7750244140625,564.1199951171875,10490080.0,5917663878.378906,546.2490234375,561.641357421875,525.0926513671875,558.3966674804688,17835768.0,11152590848.0,1,2.4984793663024902
2022-06-28,560.7000122070312,561.9000244140625,552.5,557.625,7395000.0,4123636875.0,563.9944458007812,566.5789184570312,548.202880859375,550.180908203125,11893670.0,7471003648.0,2,2.4984793663024902
2022-06-29,548.5,555.4000244140625,546.0,551.280029296875,7559820.0,4167577791.0791016,553.0571899414062,554.314453125,540.224853515625,544.0061645507812,8092875.5,5145608704.0,3,2.4984793663024902
2022-06-30,551.280029296875,553.52001953125,537.7000122070312,540.0499877929688,11982750.0,6471283991.226196,553.05029296875,560.0304565429688,546.11181640625,552.95849609375,10373921.0,6448142336.0,4,2.4984793663024902
2022-07-01,536.4000244140625,563.39501953125,533.5050048828125,561.4400024414062,12218900.0,6860179245.831299,543.9583129882812,549.763916015625,537.847900390625,543.9220581054688,7392418.0,4651881984.0,5,2.4984793663024902
2022-07-04,561.2899780273438,564.89501953125,554.0999755859375,563.030029296875,7898180.0,4446912516.791992,558.0831909179688,567.7633056640625,552.259765625,561.9642944335938,8123448.5,5086740992.0,6,2.4984793663024902
2022-07-05,566.0,575.5,562.64501953125,566.1099853515625,12284530.0,6954395098.35083,578.0850219726562,581.9007568359375,558.1200561523438,560.9833984375,9581356.0,6060573696.0,7,2.4984793663024902
2022-07-06,568.0,593.885009765625,564.5900268554688,591.6699829101562,22229520.0,13152539718.500977,570.9176635742188,574.134765625,560.905517578125,566.9489135742188,9842780.0,6077832704.0,8,2.4674782752990723
2022-07-07,593.5,598.6900024414062,581.5999755859375,586.0700073242188,13352470.0,7825482190.696411,591.1611328125,623.21240234375,580.7169189453125,590.3573608398438,14954610.0,9513003008.0,9,2.4674782752990723
2022-07-08,592.7999877929688,592.7999877929688,580.0999755859375,587.3200073242188,8032820.0,4717835901.234131,588.105224609375,591.3408203125,579.4819946289062,583.322998046875,7224840.0,4435279360.0,10,2.4674782752990723
2022-07-11,585.0,590.39501953125,581.3800048828125,586.1500244140625,7613370.0,4462577011.373291,592.49072265625,595.260009765625,581.4491577148438,585.337890625,10458951.0,6525206528.0,11,2.4674782752990723
2022-07-12,584.97998046875,595.9550170898438,578.4000244140625,587.35498046875,9754460.0,5729330662.783203,584.2045288085938,588.3980102539062,577.81103515625,582.3505859375,6683591.5,4073907200.0,12,2.4674782752990723
2022-07-13,592.9949951171875,597.9000244140625,586.6599731445312,587.8900146484375,8869340.0,5214196422.521973,579.6883544921875,592.1127319335938,570.2838134765625,578.4768676757812,11830432.0,7325381120.0,13,2.4674782752990723
2022-07-14,592.5,592.6950073242188,579.469970703125,583.0850219726562,6929200.0,4040312734.2529297,590.6774291992188,593.3079833984375,580.4063720703125,584.4927368164062,7908847.0,5062686208.0,14,2.4674782752990723
2022-07-15,585.5,592.8250122070312,581.2849731445312,591.52001953125,5698590.0,3370830068.100586,588.248779296875,601.4000854492188,576.7843627929688,580.0919189453125,10869676.0,6797273600.0,15,2.4674782752990723
2022-07-18,596.989990234375,606.8099975585938,593.135009765625,605.97998046875,9664320.0,5856384444.84375,592.5985717773438,600.5308837890625,586.3204956054688,596.2257690429688,7739312.5,4917921792.0,16,2.5178380012512207
2022-07-19,604.0,609.8150024414062,600.2050170898438,606.594970703125,9785600.0,5935895745.3125,598.9481201171875,603.5891723632812,592.5676879882812,598.4960327148438,6740037.0,4394022400.0,17,2.5178380012512207
2022-07-20,614.9000244140625,614.9600219726562,604.2050170898438,607.4400024414062,8270920.0,5024087664.992676,595.962646484375,626.3593139648438,591.6328125,603.1585693359375,11250252.0,7042686976.0,18,2.5178380012512207
2022-07-21,607.9000244140625,628.3150024414062,603.5999755859375,626.6900024414062,13254930.0,8306732114.060669,607.4202270507812,615.1608276367188,599.42822265625,610.7860717773438,9868228.0,6187677184.0,19,2.5178380012512207
2022-07-22,627.0999755859375,632.5,621.77001953125,625.8250122070312,9532950.0,5965958550.119019,619.3298950195312,623.0492553710938,607.8076782226562,614.3133544921875,8599006.0,5427411968.0,20,2.5178380012512207
2022-07-25,624.0,633.4000244140625,618.5,622.7000122070312,7240230.0,4508491309.381714,622.5293579101562,645.9278564453125,604.940673828125,611.6713256835938,13054775.0,8372902400.0,21,2.5178380012512207
2022-07-26,630.0,638.3699951171875,621.25,626.4450073242188,15304060.0,9587151978.790283,623.5932006835938,632.1876220703125,618.9379272460938,628.3893432617188,9042216.0,5772892160.0,22,2.5178380012512207
2022-07-27,627.9000244140625,642.9400024414062,619.5,639.635009765625,14449890.0,9242655531.262207,630.0570678710938,633.7501831054688,621.806396484375,626.6492919921875,8620360.0,5559109632.0,23,2.5178380012512207
2022-07-28,652.2000122070312,710.9949951171875,652.2000122070312,707.6599731445312,64857820.0,45897283159.41284,635.2403564453125,638.6173095703125,628.4959716796875,632.8060302734375,7629019.5,4918638080.0,24,2.457249402999878
2022-07-29,717.5,726.0,712.5,720.9099731445312,26067620.0,18792407234.141846,696.6830444335938,711.6336669921875,684.9405517578125,694.4251708984375,31800980.0,21304446976.0,25,2.457249402999878
2022-08-01,725.10498046875,731.0,719.2000122070312,726.0999755859375,12270770.0,8909805797.420654,707.5452270507812,713.1297607421875,697.8480224609375,705.2960815429688,14440316.0,9516652544.0,26,2.457249402999878
2022-08-02,720.14501953125,735.5999755859375,718.219970703125,734.1900024414062,12491240.0,9170943526.096191,713.6903076171875,716.4240112304688,701.0492553710938,705.9857788085938,10736001.0,6969266176.0,27,2.457249402999878
2022-08-03,732.5999755859375,737.6400146484375,721.7999877929688,729.635009765625,12186210.0,8891485452.355957,716.653076171875,723.40185546875,709.9024658203125,717.0833740234375,11273140.0,7349587968.0,28,2.457249402999878
2022-08-04,733.89501953125,738.5,720.5,731.6649780273438,9494810.0,6947019950.023804,721.8480224609375,738.4303588867188,720.4133911132812,733.8975830078125,11327990.0,7472173056.0,29,2.457249402999878
2022-08-05,733.9949951171875,736.7949829101562,727.60498046875,730.469970703125,7580780.0,5537532144.506836,728.2094116210938,734.3406982421875,708.8406372070312,711.2086181640625,10803324.0,7116337152.0,30,2.457249402999878
2022-08-08,730.0,739.7999877929688,726.4000244140625,734.219970703125,9574820.0,7030024059.887695,728.9462890625,736.875732421875,721.4725341796875,729.1364135742188,11376624.0,7539945472.0,31,2.457249402999878
2022-08-10,736.9000244140625,736.9000244140625,710.5,714.9400024414062,19065230.0,13630495582.745972,733.0277099609375,740.4754638671875,727.3544921875,735.0702514648438,9297403.0,6023381504.0,32,2.4084439277648926
2022-08-11,724.4000244140625,732.5,721.7349853515625,731.89501953125,10270510.0,7516935117.045898,716.7125244140625,722.8492431640625,712.0224609375,718.3233032226562,7342242.5,4660840960.0,33,2.4084439277648926
2022-08-12,730.2000122070312,734.2999877929688,727.2050170898438,730.9400024414062,10369410.0,7579416570.715942,734.5753784179688,748.0248413085938,732.3963623046875,743.5491943359375,10459768.0,6865615872.0,34,2.4084439277648926
2022-08-16,733.9000244140625,738.4000244140625,727.2100219726562,728.6099853515625,8044640.0,5861405032.558594,731.1141967773438,735.6595458984375,723.6812744140625,728.4727172851562,8745916.0,5655239680.0,35,2.4084439277648926
2022-08-17,730.0,763.7999877929688,729.5999755859375,752.7100219726562,23444140.0,17646639134.53003,731.4641723632812,747.3773803710938,728.4243774414062,742.0642700195312,14921408.0,9990841344.0,36,2.4084439277648926
2022-08-18,749.0,758.8800048828125,745.239990234375,748.8250122070312,8353540.0,6255339692.471924,762.3460083007812,772.5732421875,753.0492553710938,761.8048095703125,17939394.0,12470134784.0,37,2.4084439277648926
2022-08-19,751.0,753.8699951171875,727.0999755859375,730.1699829101562,11004270.0,8034987637.838745,745.4525756835938,748.0422973632812,734.2870483398438,738.1285400390625,8682310.0,5676152320.0,38,2.4084439277648926
2022-08-22,726.0999755859375,727.97998046875,708.885009765625,710.219970703125,10608620.0,7534453785.600586,725.4891967773438,742.5346069335938,687.132568359375,687.9425659179688,14991599.0,10074576896.0,39,2.4084439277648926
2022-08-23,708.5,725.0,705.0,720.77001953125,10886030.0,7846324055.717773,706.066650390625,712.5291137695312,699.8441772460938,706.4024047851562,8188667.0,5256943616.0,40,2.3913002014160156
2022-08-24,716.5,723.6400146484375,714.0,717.6900024414062,9530960.0,6840274705.668945,714.3787841796875,729.0591430664062,701.6315307617188,706.3256225585938,12516894.0,8244758016.0,41,2.3913002014160156
2022-08-25,721.280029296875,723.9000244140625,702.510009765625,704.7150268554688,13542960.0,9543927420.10254,714.6207275390625,719.4667358398438,707.6524658203125,713.725341796875,9596281.0,6221749248.0,42,2.3913002014160156
2022-08-26,712.0,714.1500244140625,702.5700073242188,706.2100219726562,7591390.0,5361115698.703003,702.04638671875,703.9229125976562,677.7744140625,685.1758422851562,13871865.0,9101228032.0,43,2.3913002014160156
2022-08-29,688.0999755859375,701.5499877929688,686.135009765625,696.4349975585938,9967350.0,6941611372.915649,700.7620239257812,705.110595703125,682.009765625,688.6275024414062,11559468.0,7481426944.0,44,2.3913002014160156
2022-08-30,700.0,733.5,700.0,730.625,17313810.0,12649902431.25,692.8372802734375,706.0176391601562,690.51220703125,702.9177856445312,8618362.0,5500824576.0,45,2.3913002014160156
2022-09-01,722.8599853515625,733.385009765625,714.2000122070312,718.1300048828125,14625790.0,10503218644.11499,721.6792602539062,737.2289428710938,707.073974609375,709.5699462890625,15133827.0,10151467008.0,46,2.3913002014160156
2022-09-02,721.7100219726562,731.2999877929688,717.344970703125,719.0349731445312,9063700.0,6517117286.090088,723.0834350585938,738.2405395507812,718.9840087890625,730.787109375,10763735.0,7034442752.0,47,2.3913002014160156
2022-09-05,719.0700073242188,725.4000244140625,715.7999877929688,719.6199951171875,7070250.0,5087893270.477295,726.7325439453125,736.1504516601562,722.0776977539062,730.3923950195312,9039808.0,5873224192.0,48,2.390946626663208
2022-09-06,722.875,725.5,710.5,711.9349975585938,7919050.0,5637848842.416382,726.3451538085938,735.0889892578125,722.39697265625,729.8712768554688,8329395.5,5400665088.0,49,2.390946626663208
2022-09-07,707.7999877929688,720.7949829101562,707.0,716.6500244140625,7919940.0,5675825194.35791,722.80712890625,729.4378662109375,714.2423706054688,719.9581298828125,12161569.0,8021624832.0,50,2.390946626663208
2022-09-08,722.0,727.9450073242188,717.5,725.7650146484375,7722510.0,5604727583.272705,722.7902221679688,731.5391235351562,718.5615844726562,726.218994140625,9455826.0,6147322880.0,51,2.390946626663208
2022-09-09,730.0,732.4000244140625,716.5,718.0900268554688,6496070.0,4664763080.755005,726.7784423828125,730.5494384765625,719.2466430664062,723.2223510742188,7774994.5,5016443904.0,52,2.390946626663208
2022-09-12,721.6849975585938,731.989990234375,718.7849731445312,728.6900024414062,8347160.0,6082492040.778809,725.68505859375,729.60986328125,718.8230590820312,722.8426513671875,7403395.0,4776074240.0,53,2.390946626663208
2022-09-13,733.0,744.4000244140625,731.239990234375,740.344970703125,13827000.0,10236749909.91211,727.7749633789062,744.5845947265625,718.8009643554688,731.003662109375,14141219.0,9304942592.0,54,2.390946626663208
2022-09-14,727.2150268554688,756.0,727.2150268554688,748.344970703125,14933880.0,11175693991.083984,739.6820678710938,744.4812622070312,720.0281372070312,721.1238403320312,9453239.0,6254631936.0,55,2.390946626663208
2022-09-15,748.9949951171875,753.2849731445312,736.969970703125,738.6300048828125,7174200.0,5299079381.030273,738.8021850585938,743.5165405273438,726.7054443359375,731.249267578125,12902534.0,8635650048.0,56,2.3774709701538086
2022-09-16,738.5,748.0150146484375,719.4349975585938,727.4099731445312,11870360.0,8634618248.815918,746.9326782226562,761.8035888671875,743.4679565429688,756.00634765625,9768770.0,6414957568.0,57,2.3774709701538086
2022-09-19,727.5,752.4450073242188,719.094970703125,749.6099853515625,16481170.0,12354449602.276611,725.2218017578125,728.898681640625,714.0076904296875,718.395263671875,9025413.0,5918616576.0,58,2.3774709701538086
2022-09-20,756.9949951171875,771.5,756.5,763.5399780273438,16134500.0,12319335775.482178,746.755859375,757.9016723632812,737.7264404296875,751.5008544921875,13087505.0,8789444608.0,59,2.3774709701538086
2022-09-21,764.0,773.5,758.60498046875,769.0650024414062,12392620.0,9530730330.55542,771.8590087890625,794.7626342773438,767.533203125,786.6782836914062,18050760.0,12632350720.0,60,2.3774709701538086
2022-09-22,767.0,777.7999877929688,760.0,771.9550170898438,12810390.0,9889044831.377563,783.3614501953125,810.6154174804688,744.732421875,793.4069213867188,22675712.0,15568846848.0,61,2.3774709701538086
2022-09-23,771.47998046875,773.1500244140625,747.5,750.7150268554688,14123310.0,10602581045.93811,780.5372314453125,797.5792846679688,768.7481689453125,786.6146240234375,23343440.0,16492235776.0,62,2.3774709701538086
2022-09-26,743.7000122070312,746.0,712.9000244140625,725.9500122070312,18752050.0,13613050926.40686,753.4359741210938,762.9976196289062,748.2347412109375,756.5206909179688,9543641.0,6363249664.0,63,2.3774709701538086
2022-09-27,732.5,737.9949951171875,721.0050048828125,724.2849731445312,11428290.0,8277338715.737915,711.2462158203125,728.8290405273438,698.1795043945312,718.2218017578125,18597456.0,12539311104.0,64,2.442425489425659
2022-09-28,717.9000244140625,729.75,716.010009765625,720.25,8690690.0,6259469472.5,726.1275024414062,735.9966430664062,719.9818115234375,729.3902587890625,10169631.0,6715675648.0,65,2.442425489425659
2022-09-29,731.25,731.6900024414062,708.8049926757812,710.4749755859375,9696320.0,6888992715.2734375,721.6293334960938,727.1519775390625,713.9901123046875,719.2894897460938,8106163.5,5359386624.0,66,2.442425489425659
2022-09-30,708.0999755859375,736.2000122070312,702.6799926757812,733.5750122070312,16186650.0,11874121971.340942,683.1322021484375,735.6104736328125,642.6317749023438,707.0721435546875,14281584.0,9449753600.0,67,2.442425489425659
2022-10-03,733.7000122070312,739.7999877929688,714.4600219726562,717.1799926757812,8201980.0,5882295956.326904,732.2757568359375,751.842041015625,728.6466064453125,745.6281127929688,12600087.0,8494310912.0,68,2.442425489425659
2022-10-04,733.5,750.5,730.635009765625,748.8699951171875,11914950.0,8922748548.321533,722.5520629882812,753.1137084960938,719.8294677734375,746.2974243164062,17389940.0,11901309952.0,69,2.442425489425659
2022-10-06,755.0,759.9000244140625,734.6900024414062,740.4149780273438,15100600.0,11180710417.199707,743.14990234375,765.3052978515625,739.5330810546875,758.2652587890625,13258312.0,9056296960.0,70,2.442425489425659
2022-10-07,738.5449829101562,740.7750244140625,727.2249755859375,734.5150146484375,9911960.0,7280483444.594727,736.3313598632812,739.8262939453125,705.83837890625,713.6561889648438,22152558.0,15152080896.0,71,2.442425489425659
2022-10-10,726.5,733.7999877929688,722.0999755859375,729.3400268554688,6531130.0,4763414529.596558,735.081298828125,741.9609985351562,730.2366943359375,736.3828735351562,7177437.0,4737193984.0,72,2.4444355964660645
2022-10-11,730.7000122070312,735.25,717.260009765625,720.280029296875,7322060.0,5273933591.313477,724.35107421875,734.7761840820312,712.6224365234375,722.2816162109375,17652168.0,11645182976.0,73,2.4444355964660645
2022-10-12,720.5,725.8499755859375,714.5,722.6199951171875,7407310.0,5352670316.031494,727.8118286132812,739.4520874023438,715.5912475585938,719.7001953125,9328882.0,6253279744.0,74,2.4444355964660645
2022-10-13,722.0499877929688,722.5999755859375,711.469970703125,715.1649780273438,6086550.0,4352887397.012329,722.9398193359375,737.9481201171875,711.329345703125,721.115234375,15901114.0,10924798976.0,75,2.4444355964660645
2022-10-14,730.0,734.5,722.0999755859375,727.25,8390120.0,6101714770.0,713.5040283203125,716.029541015625,701.474853515625,705.3396606445312,7971999.5,5373196288.0,76,2.4444355964660645
2022-10-17,725.4949951171875,737.22998046875,721.7000122070312,735.52001953125,6174010.0,4541107955.786133,733.8078002929688,735.3596801757812,726.281005859375,729.6773071289062,6152950.0,4058107904.0,77,2.4444355964660645
2022-10-18,740.0,743.0,732.0999755859375,739.0399780273438,9069750.0,6702907840.713501,732.1873779296875,738.115234375,727.5242919921875,732.9168090820312,6030112.0,3964553216.0,78,2.4444355964660645
2022-10-19,741.7000122070312,744.0,735.0,738.0399780273438,6271770.0,4628816992.992554,744.0055541992188,751.2804565429688,737.7363891601562,744.1099243164062,7764025.5,5146375680.0,79,2.4444355964660645
2022-10-20,736.9949951171875,744.9000244140625,726.0999755859375,743.239990234375,10260540.0,7626043649.399414,740.701904296875,742.323486328125,716.4749145507812,716.545654296875,8117675.0,5444670464.0,80,2.457329273223877
2022-10-21,749.0,749.0,715.3049926757812,719.2750244140625,23869600.0,17168807122.753906,734.4362182617188,736.4555053710938,716.2919311523438,720.3919067382812,10600373.0,7064374272.0,81,2.457329273223877
2022-10-24,731.0,731.0,719.0,720.6500244140625,2278840.0,1642246101.6357422,725.5765380859375,728.6905517578125,697.6064453125,702.1397094726562,19411566.0,13260133376.0,82,2.457329273223877
2022-10-25,724.2550048828125,724.2550048828125,709.0,710.2899780273438,9098990.0,6462921407.1710205,663.4117431640625,805.3004150390625,645.3632202148438,768.6862182617188,14600221.0,10883606528.0,83,2.457329273223877
2022-10-27,718.5999755859375,721.0,693.0999755859375,697.1099853515625,16414580.0,11442767623.35205,724.1786499023438,754.9924926757812,725.3326416015625,754.7760009765625,9648749.0,6532246528.0,84,2.457329273223877
2022-10-28,700.0,709.0,698.0,700.6849975585938,8396690.0,5883434712.150269,707.6708984375,737.580810546875,704.9035034179688,723.5145874023438,18061096.0,12151957504.0,85,2.457329273223877
2022-10-31,709.4000244140625,714.9600219726562,704.5999755859375,714.4099731445312,8189860.0,5850917662.657471,702.5863037109375,713.7764282226562,699.0903930664062,709.3294677734375,8680599.0,5776233984.0,86,2.457329273223877
2022-11-01,719.6950073242188,723.5999755859375,716.0,720.9500122070312,7627420.0,5498988542.108154,722.68603515625,735.8018188476562,698.3419189453125,717.3998413085938,28580404.0,19161374720.0,87,2.457329273223877
2022-11-02,720.7000122070312,724.0,714.0050048828125,715.6199951171875,5859140.0,4192917738.190918,723.9087524414062,727.5357055664062,716.8692016601562,720.7020263671875,5746493.5,3765925120.0,88,2.4717836380004883
2022-11-03,710.5,719.5,709.2100219726562,712.1599731445312,6323130.0,4503080090.98938,713.185791015625,738.3091430664062,705.1875,710.7405395507812,14473218.0,9776439296.0,89,2.4717836380004883
2022-11-04,712.1599731445312,722.489990234375,712.1599731445312,721.2000122070312,9219250.0,6648923212.539673,712.1025390625,721.2747192382812,705.1682739257812,713.3868408203125,12215677.0,8245705728.0,90,2.4717836380004883
2022-11-07,724.8099975585938,725.0650024414062,711.0999755859375,719.0050048828125,7224940.0,5194768019.978027,722.093017578125,732.3486328125,716.8547973632812,725.728271484375,12762115.0,8661057536.0,91,2.4717836380004883
2022-11-09,723.5,723.5,711.4650268554688,714.4000244140625,6896340.0,4926745464.367676,718.685546875,738.9053344726562,716.6329345703125,734.3280639648438,15742509.0,10899900416.0,92,2.4717836380004883
2022-11-10,715.7999877929688,716.5,696.4550170898438,697.510009765625,10081820.0,7032170366.655273,720.1078491210938,720.692626953125,711.2191162109375,712.8522338867188,6505824.0,4402071040.0,93,2.4717836380004883
2022-11-11,714.9000244140625,715.7849731445312,699.5,705.14501953125,12333420.0,8696849686.78711,699.3392944335938,704.2269287109375,692.712158203125,696.5445556640625,6887215.0,4652957184.0,94,2.4717836380004883
2022-11-14,705.489990234375,710.7000122070312,700.10498046875,702.5800170898438,8550600.0,6007480694.128418,711.8994140625,716.5794677734375,701.8566284179688,706.8310546875,12398685.0,8450996736.0,95,2.4717836380004883
2022-11-15,703.5150146484375,706.239990234375,698.0999755859375,702.5750122070312,7195210.0,5055174753.582153,697.576904296875,705.8699340820312,690.394775390625,702.02880859375,14163193.0,9599348736.0,96,2.503268241882324
2022-11-16,701.0999755859375,703.4849853515625,685.260009765625,689.5050048828125,13362040.0,9213193455.444336,701.1773071289062,708.1712036132812,696.827392578125,703.3615112304688,7863108.5,5326565376.0,97,2.503268241882324
2022-11-17,687.0,695.0,683.2000122070312,689.5050048828125,7339440.0,5060580613.037109,677.2537841796875,684.1151733398438,668.8419189453125,674.7559204101562,14465080.0,9796051968.0,98,2.503268241882324
2022-11-18,690.989990234375,692.7999877929688,675.0,679.1500244140625,13276890.0,9017000167.642822,691.7349243164062,702.539794921875,687.9144897460938,697.8509521484375,10855455.0,7369788416.0,99,2.503268241882324
2022-11-21,674.7000122070312,674.7000122070312,661.0349731445312,667.9099731445312,10717480.0,7158311778.977051,643.082275390625,688.8614501953125,580.6292724609375,676.4554443359375,15018468.0,9992939520.0,100,2.503268241882324
2022-11-22,668.0250244140625,672.7750244140625,666.030029296875,668.5050048828125,9587690.0,6409418750.264893,662.5382080078125,669.4046630859375,648.6432495117188,653.6956787109375,17577082.0,11846922240.0,101,2.503268241882324
2022-11-23,671.8499755859375,680.5,669.0,678.0050048828125,8936670.0,6059106986.986084,676.0989990234375,689.1592407226562,670.8001098632812,682.414306640625,10913792.0,7341663232.0,102,2.503268241882324
2022-11-24,681.39501953125,683.9849853515625,673.72998046875,677.135009765625,7546110.0,5109735268.54248,661.6299438476562,670.74658203125,653.8480224609375,660.7203369140625,15102969.0,9893285888.0,103,2.503268241882324
2022-11-25,677.0,677.7999877929688,667.5,674.75,8590580.0,5796493855.0,687.2734985351562,694.80517578125,673.1538696289062,672.1556396484375,8120299.0,5531344384.0,104,2.5033702850341797
2022-11-28,672.9000244140625,683.280029296875,672.85498046875,677.7449951171875,6040540.0,4093945752.805176,677.5685424804688,682.5415649414062,673.412353515625,676.9105834960938,6437425.0,4286695168.0,105,2.5033702850341797
2022-11-29,677.5,680.8900146484375,672.0999755859375,673.4149780273438,6818600.0,4591747369.177246,680.5879516601562,685.5471801757812,674.2589721679688,679.8139038085938,5741630.5,3964818176.0,106,2.5033702850341797
2022-11-30,673.5,675.4199829101562,667.7999877929688,672.094970703125,14828310.0,9966032575.026855,681.8308715820312,691.7216186523438,679.016845703125,688.3448486328125,7712032.0,5242987520.0,107,2.5033702850341797
2022-12-01,675.4600219726562,677.0,670.7000122070312,674.7750244140625,9816160.0,6623699603.652344,656.4277954101562,667.7617797851562,650.245361328125,658.881591796875,15547684.0,10181283840.0,108,2.5033702850341797
2022-12-02,673.02001953125,674.1950073242188,664.7000122070312,667.5750122070312,14386020.0,9603747477.110596,673.1658935546875,677.2268676757812,664.7372436523438,668.8562622070312,7439214.0,5014487040.0,109,2.5033702850341797
2022-12-05,667.4550170898438,669.9000244140625,663.2000122070312,666.0449829101562,10292500.0,6855267986.602783,673.5119018554688,675.1228637695312,661.0096435546875,662.9262084960938,10872928.0,7329778688.0,110,2.5033702850341797
2022-12-06,667.4400024414062,673.5,663.2000122070312,669.85498046875,8409800.0,5633346414.746094,664.2314453125,671.52587890625,638.8261108398438,649.4605712890625,27297392.0,18600865792.0,111,2.5033702850341797
2022-12-07,672.4949951171875,672.4949951171875,660.0999755859375,662.52001953125,9610270.0,6366996268.100586,675.2344970703125,684.9746704101562,665.1244506835938,669.2443237304688,7522805.5,5113452032.0,112,2.579073429107666
2022-12-08,668.0,668.0,656.0,658.1950073242188,11377840.0,7488837482.133789,654.2572631835938,662.6741943359375,626.3883056640625,643.086181640625,41723076.0,28791797760.0,113,2.579073429107666
2022-12-09,660.25,661.7999877929688,649.0,651.7449951171875,11312920.0,7373138990.161133,663.6221923828125,669.3831787109375,665.0382080078125,666.0236206054688,13831916.0,9466175488.0,114,2.579073429107666
2022-12-12,650.8099975585938,653.9000244140625,639.2000122070312,650.6500244140625,11000480.0,7157462580.566406,631.0759887695312,655.2572021484375,595.581298828125,648.4703369140625,15053562.0,10075978752.0,115,2.579073429107666
2022-12-13,650.7000122070312,664.7999877929688,650.7000122070312,662.010009765625,9586360.0,6346266277.216797,631.8182373046875,652.8572998046875,611.9842529296875,633.486083984375,31005028.0,18795440128.0,116,2.579073429107666
2022-12-14,665.7999877929688,668.85498046875,662.6599731445312,665.52001953125,6782830.0,4514109154.077148,656.5770874023438,659.885009765625,647.1448974609375,650.3356323242188,8548692.0,5788603392.0,117,2.579073429107666
2022-12-15,663.2000122070312,671.4000244140625,660.4000244140625,662.5399780273438,8577060.0,5682645143.939209,657.7808227539062,661.1865234375,650.3486328125,653.1783447265625,7056576.0,4777765888.0,118,2.579073429107666
2022-12-16,659.0,669.530029296875,656.0,659.6900024414062,8802330.0,5806809099.190063,659.1678466796875,665.3670043945312,649.5840454101562,654.7461547851562,15626198.0,10672684032.0,119,2.579073429107666
2022-12-19,660.010009765625,670.5,659.7000122070312,668.7000122070312,6595590.0,4410471113.512573,653.811767578125,660.8287353515625,649.2347412109375,655.2677001953125,6521954.5,4403521536.0,120,2.637010097503662
2022-12-20,666.0,669.885009765625,658.5,664.2849731445312,6077160.0,4036966067.3950195,664.7465209960938,672.0894775390625,661.3088989257812,667.6517944335938,6289010.0,4369431552.0,121,2.637010097503662
2022-12-21,669.3900146484375,669.3900146484375,650.5,652.6699829101562,6223900.0,4062152706.6345215,663.10302734375,668.4183959960938,658.4771118164062,663.4259033203125,5653328.0,3906100224.0,122,2.637010097503662
2022-12-22,657.0,657.5,640.7000122070312,649.0650024414062,8497060.0,5515144269.644775,658.5342407226562,663.2847900390625,651.1290893554688,655.9935913085938,8829723.0,6014190592.0,123,2.637010097503662
2022-12-23,645.0,646.5999755859375,634.0050048828125,637.4600219726562,9943030.0,6338284122.27478,644.5046997070312,654.8775634765625,602.281005859375,640.4411010742188,14028188.0,9345430528.0,124,2.637010097503662
2022-12-26,637.4650268554688,646.989990234375,630.0,643.3699951171875,5305350.0,3413303003.5949707,632.0762939453125,633.95166015625,608.6453247070312,615.9114990234375,11220110.0,7414673408.0,125,2.637010097503662
2022-12-27,646.5999755859375,653.0,643.0,650.469970703125,7810350.0,5080398135.681152,663.3460083007812,656.8193359375,655.45166015625,653.002685546875,8198282.0,5198908928.0,126,2.637010097503662
2022-12-28,647.5,657.0,646.405029296875,647.6099853515625,7559340.0,4895504066.66748,648.60205078125,653.3408203125,643.3810424804688,647.9796752929688,5239723.5,3600966656.0,127,2.637010097503662
2022-12-29,644.0,652.0499877929688,640.239990234375,651.0900268554688,5218800.0,3397908632.1533203,652.9996337890625,661.443603515625,650.4622802734375,657.9754028320312,6422421.5,4403916288.0,128,2.7408413887023926
2022-12-30,655.0,671.989990234375,651.5,657.52001953125,15202660.0,9996053300.126953,659.5567016601562,663.4241333007812,652.871826171875,656.9907836914062,8674381.0,5841231360.0,129,2.7408413887023926
2023-01-02,656.5,661.0,648.4749755859375,655.375,5793400.0,3796849525.0,661.2335815429688,666.1907958984375,652.5780639648438,657.6047973632812,10881479.0,7396958208.0,130,2.7408413887023926
2023-01-03,656.5,666.0,653.0,660.625,7420810.0,4902372606.25,656.8218994140625,660.0545654296875,647.2970581054688,650.3343505859375,9318409.0,6363235840.0,131,2.7408413887023926
2023-01-04,659.5,663.7999877929688,655.0,657.0999755859375,6712530.0,4410803299.119873,656.5805053710938,671.2797241210938,653.47509765625,666.1181640625,15459198.0,10276386816.0,132,2.7408413887023926
2023-01-05,649.0,649.0,602.5050048828125,610.0050048828125,51023000.0,31124285364.135742,659.7523803710938,664.66748046875,655.6629028320312,660.1338500976562,6274775.5,4321091072.0,133,2.7408413887023926
2023-01-06,613.0,613.9949951171875,594.1599731445312,598.0399780273438,29319220.0,17534065684.578857,613.121337890625,623.5321044921875,595.502685546875,608.3237915039062,22195452.0,14473669632.0,134,2.7408413887023926
2023-01-09,602.0,607.7999877929688,595.5,599.3350219726562,14005480.0,8393974663.537598,606.8842163085938,617.9736938476562,599.401123046875,609.0740356445312,16200812.0,10683878400.0,135,2.7408413887023926
2023-01-10,599.9000244140625,601.5,587.5,590.4149780273438,11203750.0,6614861810.073853,601.3842163085938,616.3262939453125,598.0900268554688,610.9837646484375,13597208.0,8824363008.0,136,2.729337215423584
2023-01-11,593.0,594.9000244140625,586.5549926757812,589.5750122070312,11088910.0,6537744248.612671,596.9410400390625,606.1068115234375,588.1671142578125,594.6826782226562,7950919.0,5368882176.0,137,2.729337215423584
2023-01-12,590.655029296875,596.489990234375,585.7000122070312,589.8400268554688,14769490.0,8711636378.241577,599.3375854492188,605.594482421875,596.5269775390625,600.1297607421875,11290112.0,7385366528.0,138,2.729337215423584
2023-01-13,592.0,598.5,587.2000122070312,597.780029296875,11084900.0,6626331846.75293,594.1765747070312,603.0665893554688,590.7940063476562,597.8789672851562,10395538.0,6781815808.0,139,2.729337215423584
2023-01-16,600.0,607.219970703125,597.4550170898438,601.0900268554688,9083390.0,5459935139.038696,593.8104858398438,634.0809326171875,590.9552612304688,625.331787109375,35533932.0,22030413824.0,140,2.729337215423584
2023-01-17,601.9949951171875,601.9949951171875,594.0,598.4949951171875,8170050.0,4889734034.857178,602.0330810546875,614.2169189453125,599.78466796875,609.4177856445312,10945744.0,7150678016.0,141,2.729337215423584
2023-01-18,600.39501953125,604.9000244140625,598.5,599.864990234375,7962810.0,4776610942.888184,599.1705322265625,611.7545776367188,595.8428344726562,606.0850219726562,15082746.0,9664711680.0,142,2.729337215423584
2023-01-19,598.2999877929688,602.9650268554688,596.0650024414062,601.2449951171875,5481420.0,3295676341.135254,600.6309204101562,601.3284912109375,594.5025634765625,595.076904296875,7086826.0,4734071808.0,143,2.729337215423584
2023-01-20,601.25,601.9749755859375,583.719970703125,586.0399780273438,8330900.0,4882240452.947998,598.5088500976562,603.58251953125,595.399169921875,599.1759033203125,7827176.0,5099100160.0,144,2.744595527648926
2023-01-23,588.0999755859375,593.5,584.0999755859375,586.2999877929688,8560640.0,5019103127.5,592.327880859375,593.9586791992188,588.7142944335938,588.7079467773438,10738619.0,6662661120.0,145,2.744595527648926
2023-01-24,589.2349853515625,592.0999755859375,584.2650146484375,585.5050048828125,6081450.0,3560719411.94458,589.6473388671875,588.5696411132812,581.7503662109375,581.5785522460938,7652114.0,4960361472.0,146,2.744595527648926
2023-01-25,585.0050048828125,585.5050048828125,577.7000122070312,579.5900268554688,8278370.0,4798060690.619507,593.8594970703125,601.3797607421875,591.39990234375,596.811279296875,8016285.0,5236580352.0,147,2.744595527648926
2023-01-27,581.5,586.155029296875,568.0,576.0700073242188,16213520.0,9340122585.151367,588.017822265625,593.2113037109375,585.0975952148438,588.4281616210938,6240717.5,4229297664.0,148,2.744595527648926
2023-01-30,577.0050048828125,606.6199951171875,577.0050048828125,602.1799926757812,24481600.0,14742329708.691406,584.1668090820312,584.3468627929688,575.9093627929688,576.8727416992188,9584638.0,6054362112.0,149,2.744595527648926
2023-01-31,605.0,605.0,587.4000244140625,588.6400146484375,19967880.0,11753893175.698242,613.0142822265625,604.5405883789062,607.484619140625,596.8448486328125,8234260.0,5310571520.0,150,2.744595527648926
2023-02-01,594.4000244140625,598.0399780273438,570.8900146484375,581.719970703125,26348660.0,15327541723.266602,589.1961059570312,594.1819458007812,574.3801879882812,584.2091674804688,17283332.0,10655035392.0,151,2.744595527648926
2023-02-02,581.9000244140625,581.9000244140625,564.5,571.7650146484375,20250440.0,11578493123.237305,579.1897583007812,582.4630737304688,571.055908203125,574.8016357421875,13776601.0,8483503104.0,152,2.7011358737945557
2023-02-03,577.0,603.0,574.7050170898438,601.4249877929688,14868920.0,8942540029.494629,580.1434326171875,582.7841796875,572.6015625,575.2472534179688,12403814.0,7794392576.0,153,2.7011358737945557
2023-02-06,600.0,612.4000244140625,595.5599975585938,610.4199829101562,10738200.0,6554811860.48584,595.06689453125,603.7758178710938,586.53759765625,599.7875366210938,10303994.0,6611681792.0,154,2.7011358737945557
2023-02-07,612.2949829101562,618.2000122070312,610.0,616.0549926757812,14721930.0,9069518478.323364,610.3150024414062,616.7945556640625,602.9024047851562,609.6466674804688,12404910.0,7913665024.0,155,2.7011358737945557
2023-02-08,616.5,637.7000122070312,616.280029296875,635.1649780273438,19032080.0,12088510675.014648,618.2203979492188,630.3115234375,613.2548217773438,621.4671020507812,15115805.0,9672142848.0,156,2.7011358737945557
2023-02-09,637.489990234375,648.780029296875,633.5250244140625,645.5,18381540.0,11865284070.0,635.0740356445312,642.5098876953125,623.6856079101562,629.4671020507812,18519972.0,11505294336.0,157,2.7011358737945557
2023-02-10,645.39501953125,652.760009765625,642.0,643.5499877929688,12912820.0,8310045153.372803,641.9662475585938,646.5868530273438,630.2471923828125,633.3690795898438,16454075.0,10567917568.0,158,2.7011358737945557
2023-02-13,643.4949951171875,647.3150024414062,629.7050170898438,634.5499877929688,7365570.0,4673822353.588257,645.7781982421875,651.3289184570312,637.9827880859375,643.1634521484375,13152515.0,8442404352.0,159,2.7011358737945557
2023-02-14,635.3800048828125,647.2349853515625,631.0,645.8699951171875,10340900.0,6678877032.507324,634.6939086914062,652.0242309570312,626.132568359375,629.1618041992188,11230242.0,7341519872.0,160,2.693439483642578
2023-02-15,645.0,649.5999755859375,639.72998046875,648.9949951171875,6189790.0,4017142730.826416,641.3141479492188,647.7484741210938,635.7179565429688,641.8944091796875,10854184.0,7091670528.0,161,2.693439483642578
2023-02-16,650.5,652.4749755859375,642.0,643.72998046875,5290480.0,3405640587.0703125,639.6963500976562,641.74609375,627.4077758789062,630.5677490234375,10947177.0,7073625600.0,162,2.693439483642578
2023-02-17,641.0,647.5800170898438,636.75,641.6699829101562,6160440.0,3952969429.519043,640.4097900390625,646.394775390625,635.1083374023438,641.6886596679688,6065275.0,4219310592.0,163,2.693439483642578
2023-02-20,642.5,644.35498046875,634.2999877929688,636.739990234375,4657320.0,2965501891.3183594,641.6092529296875,651.2715454101562,627.0746459960938,631.4780883789062,7751983.0,5268661248.0,164,2.693439483642578
2023-02-21,639.5,640.8250122070312,635.2000122070312,637.9249877929688,4485090.0,2861150983.500366,649.6976318359375,653.768798828125,645.633544921875,649.830810546875,6848845.5,4727505920.0,165,2.693439483642578
2023-02-22,633.0999755859375,636.0,618.5,619.864990234375,9347000.0,5793878063.720703,637.7401733398438,641.9027709960938,633.2078247070312,638.3270263671875,3996214.5,3054248192.0,166,2.693439483642578
2023-02-23,621.4000244140625,626.2449951171875,612.2650146484375,620.2349853515625,8097680.0,5022464436.181641,619.7481079101562,628.662353515625,616.00830078125,624.1138916015625,5964541.0,4011297792.0,167,2.693439483642578
2023-02-24,625.375,628.5999755859375,620.0,623.625,6077610.0,3790149536.25,618.9359741210938,626.1602172851562,613.6546630859375,621.2096557617188,6892959.0,4541839360.0,168,2.713519334793091
2023-02-27,621.5,624.0999755859375,613.5,619.4500122070312,5950040.0,3685752350.632324,625.77294921875,633.1648559570312,622.1982421875,629.6759033203125,5376727.0,3784701696.0,169,2.713519334793091
2023-02-28,622.0,624.6599731445312,609.0,611.2100219726562,9778520.0,5976729424.060059,614.3553466796875,616.5181274414062,606.5552368164062,607.6956787109375,4400324.0,3334174976.0,170,2.713519334793091
2023-03-01,610.010009765625,620.39501953125,610.010009765625,615.4849853515625,5448040.0,3353186819.5947266,622.0558471679688,635.4190673828125,607.7108154296875,616.3870239257812,7871366.0,5185760768.0,171,2.713519334793091
2023-03-02,616.52001953125,620.9600219726562,607.0050048828125,608.2999877929688,5822980.0,3542118662.918701,602.1049194335938,617.4920043945312,600.41357421875,616.8341064453125,10058885.0,6198897152.0,172,2.713519334793091
2023-03-03,612.1799926757812,614.0999755859375,607.2999877929688,610.0050048828125,7120370.0,4343461336.617432,609.804931640625,614.509765625,601.3236083984375,605.9343872070312,5612596.5,3920952320.0,173,2.713519334793091
2023-03-06,614.0,618.2999877929688,612.0050048828125,613.4849853515625,6084770.0,3732915034.317627,611.6201782226562,615.3841552734375,601.9929809570312,605.663818359375,7584097.0,4933849088.0,174,2.713519334793091
2023-03-08,612.9000244140625,612.9000244140625,598.5,599.6849975585938,13427950.0,8052540162.966919,614.01171875,617.4415283203125,608.7067260742188,611.3441772460938,7287645.5,4701638656.0,175,2.713519334793091
2023-03-09,600.0,604.0,589.010009765625,590.1300048828125,9408580.0,5552285361.340332,600.30615234375,605.2710571289062,592.128662109375,602.43505859375,8779772.0,5529895936.0,176,2.6621363162994385
2023-03-10,586.5,588.739990234375,578.0999755859375,587.4149780273438,7708610.0,4528152973.771362,592.7498168945312,639.0164794921875,582.447021484375,617.6353149414062,25577808.0,14813153280.0,177,2.6621363162994385
2023-03-13,586.9000244140625,594.75,581.0999755859375,583.35498046875,7933560.0,4628081738.847656,584.1521606445312,587.0075073242188,542.9310302734375,569.8096313476562,16169102.0,9550836736.0,178,2.6621363162994385
2023-03-14,584.0,585.0,571.614990234375,573.155029296875,13725650.0,7866925327.868652,585.5975952148438,588.1484985351562,576.5477294921875,578.576904296875,8143072.0,5088550400.0,179,2.6621363162994385
2023-03-15,580.0,582.0,570.0999755859375,571.875,6794730.0,3885736218.75,578.4677734375,582.3311157226562,571.2293701171875,574.382568359375,8746375.0,5383599616.0,180,2.6621363162994385
2023-03-16,572.969970703125,575.5,566.5,571.510009765625,8849630.0,5057652127.722168,578.148681640625,581.4138793945312,570.2868041992188,572.7536010742188,8130560.0,5022875648.0,181,2.6621363162994385
2023-03-17,574.0050048828125,581.6749877929688,568.8099975585938,573.2349853515625,10471510.0,6002635881.45874,575.852783203125,583.4716796875,572.2879028320312,578.7705078125,6218167.0,4002993664.0,182,2.6621363162994385
2023-03-20,573.9000244140625,574.0449829101562,548.5700073242188,555.0800170898438,17127560.0,9507166297.507324,574.9107666015625,585.3118896484375,569.7193603515625,579.2395629882812,9964208.0,6070779392.0,183,2.6621363162994385
2023-03-21,560.1799926757812,571.5,558.614990234375,571.010009765625,11301140.0,6453064061.762695,568.2006225585938,576.4620361328125,563.484130859375,570.901123046875,6957491.5,4382785024.0,184,2.645411491394043
2023-03-22,574.97998046875,585.7000122070312,573.5,583.4199829101562,12425340.0,7249191650.452881,569.1142578125,571.6178588867188,560.188720703125,562.609375,10727509.0,6373097472.0,185,2.645411491394043
2023-03-23,580.9500122070312,590.0,577.25,583.3049926757812,10544190.0,6150478670.722046,586.2117309570312,598.765869140625,582.9551391601562,593.4967651367188,9976373.0,6166796800.0,186,2.645411491394043
2023-03-24,580.3900146484375,582.9749755859375,562.719970703125,564.9249877929688,12780420.0,7219978612.489014,586.9989624023438,594.0672607421875,581.9819946289062,588.1463012695312,7114234.5,4439590912.0,187,2.645411491394043
2023-03-27,569.7999877929688,572.5,558.4550170898438,559.3049926757812,11187430.0,6257185454.210815,564.6575317382812,564.0092163085938,552.7820434570312,548.7990112304688,12098835.0,7002243072.0,188,2.645411491394043
2023-03-28,562.10498046875,562.4400024414062,552.27001953125,553.4450073242188,9481360.0,5247411354.643555,555.7871704101562,560.37451171875,547.489013671875,551.42333984375,12384416.0,7160765952.0,189,2.645411491394043
2023-03-29,556.2150268554688,564.5999755859375,555.5,562.52001953125,11096120.0,6241789639.121094,555.4227294921875,565.929931640625,552.1766967773438,560.7322387695312,8914556.0,5315042304.0,190,2.645411491394043
2023-03-31,569.4000244140625,569.4000244140625,558.6199951171875,561.6749877929688,12678280.0,7121072764.23584,566.455078125,568.9271240234375,557.89501953125,561.4315795898438,12275287.0,6817905152.0,191,2.645411491394043
2023-04-03,565.5,573.4000244140625,563.219970703125,571.5050048828125,7453860.0,4259918295.695801,564.601806640625,570.1282348632812,559.9352416992188,564.254150390625,7323346.0,4487275520.0,192,2.66082763671875
2023-04-05,583.2000122070312,594.7050170898438,574.3150024414062,576.1300048828125,24333290.0,14019138486.514893,576.6461181640625,589.268798828125,568.9072875976562,572.791015625,9373476.0,5744401920.0,193,2.66082763671875
2023-04-06,576.0999755859375,595.9000244140625,570.5549926757812,593.219970703125,17405020.0,10325005454.487305,581.9995727539062,590.388916015625,563.254150390625,575.0770263671875,16134284.0,9487433728.0,194,2.66082763671875
2023-04-10,594.4949951171875,596.989990234375,581.0999755859375,582.8800048828125,9282570.0,5410624446.925049,578.40625,599.705078125,566.1353149414062,592.8672485351562,12882623.0,7726473216.0,195,2.66082763671875
2023-04-11,585.7999877929688,588.0,581.114990234375,583.7750244140625,8116200.0,4738034853.149414,596.2763061523438,592.7285766601562,590.8609619140625,588.979248046875,11385934.0,6566881792.0,196,2.66082763671875
2023-04-12,583.7000122070312,587.6749877929688,578.5999755859375,585.6950073242188,10230690.0,5992064054.481812,586.2345581054688,588.5715942382812,574.3239135742188,576.4814453125,8789897.0,5358445568.0,197,2.66082763671875
2023-04-13,585.6950073242188,593.7000122070312,585.0399780273438,590.4450073242188,8330060.0,4918442337.711182,586.82275390625,590.2805786132812,581.1258544921875,584.2545776367188,6357544.0,3971880192.0,198,2.66082763671875
2023-04-17,599.7999877929688,599.7999877929688,590.0,596.14501953125,6728570.0,4011203494.067383,587.8428955078125,604.747802734375,573.7024536132812,599.41162109375,9521322.0,5736481280.0,199,2.66082763671875
2023-04-18,597.5,599.4000244140625,587.0250244140625,591.5650024414062,6408890.0,3791275028.496704,603.40283203125,603.824462890625,586.8616333007812,586.64111328125,7162725.0,4441463808.0,200,2.6491599082946777
2023-04-19,591.5650024414062,596.0,588.0,594.7750244140625,5549280.0,3300573147.4804688,592.3634643554688,595.9110717773438,585.944580078125,589.0680541992188,7693146.0,4738735104.0,201,2.6491599082946777
2023-04-20,596.0,596.594970703125,588.614990234375,591.27001953125,4367310.0,2582259468.9990234,591.731689453125,598.16650390625,587.5601806640625,593.8817749023438,5676251.5,3651665152.0,202,2.6491599082946777
2023-04-21,591.2999877929688,594.5,582.7999877929688,593.7899780273438,6431010.0,3818669286.593628,593.7658081054688,596.8816528320312,581.0748291015625,582.9368286132812,6405424.5,3995626240.0,203,2.6491599082946777
2023-04-24,594.0,596.469970703125,587.7000122070312,593.375,5448920.0,3233252905.0,585.7922973632812,589.1533813476562,577.5187377929688,580.5449829101562,7062688.0,4310206464.0,204,2.6491599082946777
2023-04-25,595.989990234375,609.27001953125,592.8699951171875,607.5250244140625,14944750.0,9079309608.61206,593.1524047851562,611.0986938476562,586.4818115234375,591.3385009765625,9937878.0,6116057088.0,205,2.6491599082946777
2023-04-26,610.0,611.97998046875,601.3300170898438,605.594970703125,9740070.0,5898537406.296387,605.872802734375,607.7909545898438,597.2872924804688,599.9436645507812,7885746.0,4896348160.0,206,2.6491599082946777
2023-04-27,607.5,625.4450073242188,606.5999755859375,620.0050048828125,28271360.0,17528384694.84375,602.3475952148438,616.2313232421875,600.54345703125,610.735595703125,10257660.0,6340725248.0,207,2.6491599082946777
2023-04-28,624.3900146484375,629.5999755859375,611.0999755859375,628.010009765625,14896680.0,9355264152.27539,612.9255981445312,621.332275390625,592.608642578125,598.1864624023438,21444086.0,11903502336.0,208,2.736387252807617
2023-05-02,633.0,633.4650268554688,622.47998046875,624.9149780273438,9912540.0,6194494716.295166,613.6893310546875,619.0504150390625,597.99169921875,614.0344848632812,7408001.0,4696002560.0,209,2.736387252807617
2023-05-03,623.8049926757812,625.5,615.594970703125,618.0250244140625,6682510.0,4129958405.897217,626.7913818359375,631.7991943359375,621.086669921875,626.611328125,10754754.0,6723548160.0,210,2.736387252807617
2023-05-04,619.7000122070312,639.9000244140625,618.2150268554688,639.0250244140625,12451410.0,7956762579.239502,617.55078125,620.2814331054688,607.854736328125,613.25634765625,7330328.0,4601806336.0,211,2.736387252807617
2023-05-05,637.9949951171875,644.7999877929688,633.1649780273438,638.9849853515625,11600400.0,7412481424.072266,636.8235473632812,640.4110107421875,626.705078125,630.9802856445312,13826889.0,8620461056.0,212,2.736387252807617
2023-05-08,639.4450073242188,669.510009765625,638.7999877929688,665.7949829101562,22247350.0,14812174013.046265,640.1968994140625,654.5255737304688,636.1123046875,651.8399658203125,14368881.0,9052815360.0,213,2.736387252807617
2023-05-09,665.0,673.9849853515625,654.2000122070312,655.2249755859375,21307700.0,13961337212.29248,661.610107421875,672.5826416015625,656.0618896484375,669.9168701171875,14629586.0,9502316544.0,214,2.736387252807617
2023-05-10,659.094970703125,666.5,652.5,663.1500244140625,8353210.0,5539431415.435791,656.0575561523438,663.4564208984375,650.2425537109375,658.1133422851562,13491428.0,8539654656.0,215,2.736387252807617
2023-05-11,665.9000244140625,668.0,662.5,666.344970703125,5674940.0,3781467728.041992,671.2049560546875,678.5399780273438,652.884765625,653.4149169921875,11240336.0,7206065664.0,216,2.7728688716888428
2023-05-12,665.0,673.364990234375,660.469970703125,671.4400024414062,9120780.0,6124056545.467529,665.3867797851562,672.448974609375,660.5234375,668.9341430664062,14718779.0,9441475584.0,217,2.7728688716888428
2023-05-15,671.4400024414062,675.0,668.5800170898438,671.22998046875,7390760.0,4960899690.449219,671.8114013671875,682.1493530273438,667.2060546875,676.7198486328125,9648232.0,6357852160.0,218,2.7728688716888428
2023-05-16,672.0,684.9000244140625,670.0,678.4600219726562,12651330.0,8583421629.783325,671.060302734375,678.8385620117188,668.6213989257812,675.5155029296875,8216768.0,5384764928.0,219,2.7728688716888428
2023-05-17,678.5,681.0449829101562,666.2000122070312,670.5050048828125,7407850.0,4967000500.421143,681.2763671875,695.1910400390625,678.2821655273438,689.876953125,11321002.0,7491688448.0,220,2.7728688716888428
2023-05-18,675.97998046875,683.0650024414062,674.5150146484375,678.9400024414062,11067180.0,7513951216.219482,672.5400390625,678.2494506835938,667.52001953125,672.95654296875,9193212.0,6047054848.0,221,2.7728688716888428
2023-05-19,680.0,682.0,671.2000122070312,678.4199829101562,5928340.0,4021904321.4855957,678.505859375,682.2733764648438,673.5642700195312,677.7972412109375,6002062.0,3963857920.0,222,2.7728688716888428
2023-05-22,678.4199829101562,681.7999877929688,676.1900024414062,679.3049926757812,4197920.0,2851668014.8535156,676.8265380859375,680.3750610351562,667.5930786132812,671.9122314453125,12112371.0,7971953664.0,223,2.7728688716888428
2023-05-23,681.0050048828125,687.39501953125,675.7100219726562,678.0549926757812,7901960.0,5357963429.924316,678.9240112304688,682.3829956054688,673.1698608398438,677.70556640625,6769464.0,4523728896.0,224,2.7357029914855957
2023-05-24,676.9000244140625,684.85498046875,672.9749755859375,678.594970703125,5539360.0,3758981836.9140625,676.1082763671875,683.6176147460938,674.8751220703125,681.2131958007812,5760097.0,3748313344.0,225,2.7357029914855957
2023-05-25,677.7999877929688,684.7999877929688,674.6099853515625,684.114990234375,5302600.0,3627588147.216797,675.963134765625,680.0626220703125,668.9392700195312,673.8244018554688,10243728.0,6698464768.0,226,2.7357029914855957
2023-05-26,684.6599731445312,692.0,684.1199951171875,690.4500122070312,6940730.0,4792227113.225708,680.4466552734375,684.0255737304688,675.4495849609375,679.1264038085938,5084768.0,3299447296.0,227,2.7357029914855957
2023-05-29,694.02001953125,697.1900024414062,690.1799926757812,693.2050170898438,6407280.0,4441558641.899414,683.7969360351562,689.4242553710938,681.712158203125,687.406005859375,4728242.5,3028985600.0,228,2.7357029914855957
2023-05-30,694.7999877929688,701.875,693.0050048828125,700.5800170898438,8819230.0,6178576304.119263,683.291015625,690.18212890625,681.3818969726562,686.869384765625,5260546.5,3364075776.0,229,2.7357029914855957
2023-05-31,700.489990234375,702.5999755859375,692.72998046875,698.9849853515625,21476270.0,15011590271.356201,697.49462890625,703.7651977539062,694.3750610351562,700.2269287109375,6600712.0,4324414976.0,230,2.7357029914855957
2023-06-01,702.4000244140625,705.72998046875,695.1099853515625,704.0499877929688,5900260.0,4154077980.975342,698.2340087890625,707.97509765625,696.011474609375,705.4585571289062,9624200.0,6328325632.0,231,2.7357029914855957
2023-06-02,707.5750122070312,710.0,700.5,702.3900146484375,6642090.0,4665337692.39624,704.7855224609375,713.9956665039062,697.67333984375,709.3750610351562,13180638.0,8566075392.0,232,2.711792469024658
2023-06-05,707.0,709.1599731445312,701.3049926757812,704.3200073242188,5771620.0,4065067440.6726074,697.4325561523438,701.724609375,686.9246826171875,692.1929931640625,12626165.0,8291786752.0,233,2.711792469024658
2023-06-06,702.5,713.2000122070312,702.5,711.39501953125,6905860.0,4912794409.580078,696.9320068359375,701.5496215820312,687.8010864257812,693.4872436523438,12145802.0,7967420416.0,234,2.711792469024658
2023-06-07,712.0,714.0999755859375,706.2000122070312,707.9949951171875,5344830.0,3784112889.7521973,707.246337890625,714.3785400390625,703.9654541015625,711.257568359375,7757578.0,5161252864.0,235,2.711792469024658
2023-06-08,708.0,711.0999755859375,699.5150146484375,701.010009765625,4553600.0,3192119180.46875,705.5917358398438,709.57568359375,702.3226318359375,705.9710693359375,3900524.0,2615688960.0,236,2.711792469024658
2023-06-09,701.2750244140625,708.25,701.2050170898438,703.7150268554688,4473610.0,3148146581.2908936,705.9354248046875,710.023193359375,701.3623657226562,706.3985595703125,5709771.5,3711997184.0,237,2.711792469024658
2023-06-12,705.0150146484375,711.0,704.1599731445312,709.77001953125,5132550.0,3642930113.745117,704.0166015625,708.803466796875,700.3737182617188,705.8377685546875,5527065.0,3602000128.0,238,2.711792469024658
2023-06-13,710.0,720.0,710.0,716.6749877929688,8001340.0,5734360246.827393,705.4482421875,710.2676391601562,701.9293212890625,707.1279296875,5557690.5,3608097024.0,239,2.711792469024658
2023-06-14,718.2000122070312,718.2000122070312,708.2050170898438,709.6849975585938,4015200.0,2849527202.1972656,719.2586669921875,723.136962890625,709.8829956054688,713.599609375,9222372.0,6057039872.0,240,2.5727555751800537
2023-06-15,709.5,714.1699829101562,705.5999755859375,712.6599731445312,4370180.0,3114452361.4367676,709.0070190429688,712.9266967773438,700.2136840820312,704.1565551757812,5972245.0,3898353664.0,241,2.5727555751800537
2023-06-16,717.0,721.8599853515625,713.0999755859375,720.3200073242188,14148580.0,10191505249.227295,705.2935791015625,711.2371215820312,702.8046875,708.0214233398438,6646651.0,4324711424.0,242,2.5727555751800537
2023-06-19,721.1950073242188,739.885009765625,720.2249755859375,738.6199951171875,11845900.0,8749618600.158691,715.5548095703125,718.019775390625,706.6658325195312,710.2295532226562,7856338.5,5174042624.0,243,2.5727555751800537
2023-06-20,737.614990234375,737.614990234375,720.0999755859375,724.8800048828125,8638260.0,6261701950.979004,733.4638061523438,738.777099609375,730.8685302734375,736.4047241210938,5822030.5,3794428416.0,244,2.5727555751800537
2023-06-21,727.5,728.5900268554688,717.7000122070312,720.614990234375,5468040.0,3940351591.201172,720.5924072265625,727.4864501953125,718.5303955078125,724.5064086914062,5713317.5,3727622912.0,245,2.5727555751800537
2023-06-22,720.010009765625,720.4149780273438,702.0,703.0,8271940.0,5815173820.0,719.776611328125,727.7952270507812,716.1175537109375,724.9429321289062,6696589.0,4519378944.0,246,2.5727555751800537
2023-06-23,702.094970703125,705.5,695.6099853515625,698.9650268554688,8152260.0,5698144629.832764,701.8865966796875,713.8429565429688,697.9937133789062,707.4594116210938,10992957.0,7148580864.0,247,2.5727555751800537
2023-06-26,699.0,703.5,694.5,699.8699951171875,5635390.0,3944040371.7834473,697.5037841796875,701.705322265625,689.301513671875,694.609130859375,9734868.0,6414263296.0,248,2.551784038543701
2023-06-27,703.0,703.0,695.4000244140625,701.9249877929688,7097890.0,4982186351.605835,704.7449951171875,710.995849609375,701.7632446289062,708.245361328125,4899881.5,3281512192.0,249,2.551784038543701
2023-06-28,705.4349975585938,712.5,704.0,709.02001953125,7097820.0,5032496475.029297,704.087646484375,709.7996826171875,700.5801391601562,706.7509765625,5051367.0,3368279552.0,250,2.551784038543701
2023-06-30,710.0,719.5,709.1199951171875,716.0599975585938,8879080.0,6357954003.122559,706.7282104492188,711.8092651367188,701.8272705078125,706.3526000976562,6444318.0,4335309824.0,251,2.551784038543701
2023-07-03,716.0599975585938,735.5,716.0,733.2999877929688,12092270.0,8867261443.389282,700.18896484375,715.7144165039062,694.2401123046875,712.01025390625,11791496.0,7880630784.0,252,2.551784038543701
2023-07-04,765.0,792.0,761.2650146484375,786.0449829101562,41622080.0,32716827162.285156,729.5907592773438,746.1856689453125,728.11328125,744.023193359375,12787815.0,8963065856.0,253,2.551784038543701
2023-07-05,787.9949951171875,799.989990234375,778.0,783.875,19786660.0,15510268107.5,781.2255249023438,787.3544311523438,770.8429565429688,779.79638671875,18562006.0,13435405312.0,254,2.551784038543701
2023-07-06,777.5999755859375,782.4000244140625,773.5,776.625,10459840.0,8123373240.0,775.448974609375,781.4929809570312,767.2869873046875,773.305419921875,11727831.0,8319812608.0,255,2.551784038543701
2023-07-07,772.0,774.8900146484375,760.5599975585938,762.2349853515625,10949150.0,8345825189.862061,770.6759643554688,777.33642578125,767.2337036132812,773.5355224609375,7725974.0,5214773760.0,256,2.491563558578491
2023-07-10,762.2349853515625,762.9949951171875,743.22998046875,753.3250122070312,14515180.0,10934648150.687256,757.7153930664062,765.9306030273438,754.133544921875,762.7326049804688,8445803.0,5749485568.0,257,2.491563558578491
2023-07-11,756.7000122070312,768.0,738.0999755859375,744.4000244140625,16750430.0,12469020500.946045,747.5236206054688,754.073486328125,740.1371459960938,747.9688110351562,12159434.0,8488820736.0,258,2.491563558578491
2023-07-12,746.989990234375,750.7999877929688,739.8150024414062,743.1950073242188,11317550.0,8411146655.142212,735.7284545898438,757.55078125,732.4659423828125,750.1473388671875,12034280.0,8268687360.0,259,2.491563558578491
2023-07-13,746.9949951171875,752.2899780273438,741.5999755859375,747.4600219726562,7470520.0,5583915043.347168,742.86328125,749.7430419921875,739.1988525390625,745.6907348632812,6466577.5,4253417984.0,260,2.491563558578491
2023-07-14,747.4000244140625,751.8900146484375,739.989990234375,748.2349853515625,7266000.0,5436675403.564453,750.3042602539062,752.8185424804688,732.2548828125,733.6434326171875,8264738.0,5653468672.0,261,2.491563558578491
2023-07-17,752.0,754.2000122070312,744.2000122070312,751.094970703125,5067440.0,3806128698.3398438,745.8682250976562,754.7363891601562,741.3352661132812,749.9863891601562,7847835.0,5349322752.0,262,2.491563558578491
2023-07-18,752.0,755.5,737.3099975585938,742.0,13097090.0,9718040780.0,749.1387939453125,752.9386596679688,743.9341430664062,748.2401733398438,5489870.5,3570708992.0,263,2.491563558578491
2023-07-19,744.1950073242188,759.9000244140625,743.0,758.469970703125,9759430.0,7402234586.179199,741.2457275390625,747.098876953125,734.8134765625,740.8243408203125,9492592.0,6527574528.0,264,2.4505233764648438
2023-07-20,755.0999755859375,763.7150268554688,750.2000122070312,759.6599731445312,6494360.0,4933505343.190918,759.8723754882812,769.4712524414062,746.8082275390625,756.3329467773438,15946020.0,11548772352.0,265,2.4505233764648438
2023-07-21,759.6599731445312,765.77001953125,753.3099975585938,758.1749877929688,6733940.0,5105504877.298584,753.4254150390625,755.57861328125,735.2390747070312,741.6663818359375,10909070.0,7554679296.0,266,2.4505233764648438
2023-07-24,758.1649780273438,764.47998046875,756.0349731445312,758.1599731445312,5843420.0,4430247150.272217,761.775146484375,769.002197265625,754.1263427734375,765.6848754882812,14231856.0,10335252480.0,267,2.4505233764648438
2023-07-25,764.9400024414062,764.9400024414062,754.10498046875,760.64501953125,8508690.0,6472092671.235352,760.3201293945312,764.5696411132812,755.670654296875,759.9953002929688,5252496.0,3424175104.0,268,2.4505233764648438
2023-07-26,763.5,773.4000244140625,733.0999755859375,743.3150024414062,22288660.0,16567495362.315674,758.7445678710938,764.8585205078125,754.0603637695312,759.8165283203125,8494172.0,5906983936.0,269,2.4505233764648438
2023-07-27,757.7899780273438,757.7899780273438,726.77001953125,728.4099731445312,21471720.0,15640214988.566895,751.0091552734375,757.1671752929688,744.0538940429688,750.547119140625,11285650.0,7954004992.0,270,2.4505233764648438
2023-07-28,731.9000244140625,739.4600219726562,721.0,738.1599731445312,10070500.0,7433640009.552002,729.5548095703125,762.3614501953125,728.609130859375,727.2412109375,17329888.0,12319241216.0,271,2.4505233764648438
2023-07-31,734.5,736.989990234375,728.10498046875,730.030029296875,7493150.0,5470224514.025879,735.766357421875,745.9896240234375,732.0526733398438,742.152587890625,8139849.0,5524443648.0,272,2.3222572803497314
2023-08-01,730.030029296875,733.0,724.4000244140625,726.969970703125,7527650.0,5472375499.963379,739.4563598632812,754.428955078125,731.433837890625,737.4229125976562,8884091.0,6078651904.0,273,2.3222572803497314
2023-08-02,729.0,729.0,714.5,720.344970703125,8985360.0,6472558885.957031,723.2243041992188,726.2636108398438,713.2576293945312,721.1067504882812,12832242.0,8786329600.0,274,2.3222572803497314
2023-08-03,717.5,722.4299926757812,701.8049926757812,710.8350219726562,10818980.0,7690509886.0217285,723.2146606445312,727.0045776367188,716.2820434570312,721.203857421875,7372112.0,4934002176.0,275,2.3222572803497314
2023-08-04,713.9000244140625,720.5,707.1300048828125,714.8699951171875,7313490.0,5228194560.5896,712.0680541992188,723.6790161132812,707.9785766601562,718.9105834960938,8715486.0,5872152064.0,276,2.3222572803497314
2023-08-07,716.2000122070312,718.2750244140625,707.1599731445312,712.2150268554688,7184090.0,5116616852.2821045,712.2904052734375,720.66357421875,707.2784423828125,716.2979125976562,8745357.0,5895817216.0,277,2.3222572803497314
2023-08-08,713.5,720.5,708.5150146484375,717.3599853515625,8073620.0,5791691924.934082,716.74462890625,724.3225708007812,712.3248291015625,720.6821899414062,7306902.5,4890904064.0,278,2.3222572803497314
2023-08-09,720.0,721.4000244140625,709.0,712.5349731445312,5115720.0,3645129412.8149414,717.3781127929688,718.6271362304688,705.0250854492188,708.10009765625,7681454.0,5163943424.0,279,2.3222572803497314
2023-08-10,710.0050048828125,717.4000244140625,709.2000122070312,714.385009765625,6161300.0,4401540360.668945,713.5580444335938,716.0262451171875,704.8689575195312,708.5418090820312,6455176.0,4314807296.0,280,2.280056953430176
2023-08-11,714.385009765625,715.9000244140625,703.10498046875,706.0599975585938,6303960.0,4450973982.209473,716.242919921875,727.9334716796875,713.4435424804688,724.6029052734375,8376444.0,5694037504.0,281,2.280056953430176
2023-08-14,704.0,705.8900146484375,694.0549926757812,701.8049926757812,6937850.0,4869017768.435669,715.0885009765625,721.8807983398438,703.5535278320312,707.4518432617188,7026254.5,4704349184.0,282,2.280056953430176
2023-08-16,699.4000244140625,699.4000244140625,692.0,698.1500244140625,5987950.0,4180487438.6901855,702.1752319335938,716.25634765625,698.5740356445312,713.103271484375,7293040.0,4860401664.0,283,2.280056953430176
2023-08-17,702.0,702.0,690.2999877929688,692.3250122070312,7101180.0,4916324530.184326,699.8117065429688,702.4584350585938,691.9629516601562,695.638427734375,4637031.0,2891493888.0,284,2.280056953430176
2023-08-18,689.3499755859375,691.5800170898438,684.5,686.2100219726562,7455330.0,5115922163.113403,694.7576293945312,708.3851318359375,684.4340209960938,696.225830078125,6379066.0,4164450816.0,285,2.280056953430176
2023-08-21,680.0999755859375,706.2999877929688,680.0999755859375,704.8200073242188,12308310.0,8675143144.348755,685.8004150390625,687.437255859375,671.1072387695312,674.81591796875,9784147.0,6608690688.0,286,2.280056953430176
2023-08-22,705.10498046875,715.3499755859375,705.0,706.9949951171875,12487800.0,8828812100.024414,705.5514526367188,712.2039794921875,699.2698974609375,706.9654541015625,9945022.0,6799539712.0,287,2.280056953430176
2023-08-23,710.0,714.9000244140625,700.2999877929688,711.64501953125,8032480.0,5716274386.484375,714.54638671875,733.1761474609375,704.7659912109375,721.506103515625,25325748.0,17707429888.0,288,2.3696134090423584
2023-08-24,715.0,718.594970703125,712.0999755859375,713.7449951171875,9103600.0,6497648937.548828,693.5888671875,718.6693725585938,686.7557983398438,706.5675048828125,9384228.0,6385552896.0,289,2.3696134090423584
2023-08-25,711.5,727.8099975585938,710.0999755859375,721.1500244140625,13032760.0,9398575192.182617,717.727783203125,735.9769897460938,715.2724609375,732.336181640625,14977898.0,10636652544.0,290,2.3696134090423584
2023-08-28,722.4949951171875,726.0999755859375,713.8099975585938,723.5599975585938,7036260.0,5091156268.421631,720.8743286132812,734.2567749023438,716.9315795898438,729.1980590820312,10455363.0,7250067456.0,291,2.3696134090423584
2023-08-29,725.0,731.094970703125,723.5999755859375,729.3350219726562,14183050.0,10344195083.389282,722.6715698242188,725.2500610351562,714.5518188476562,718.756103515625,7183724.0,4900387840.0,292,2.3696134090423584
2023-08-30,732.5999755859375,733.0900268554688,725.7999877929688,726.8099975585938,4602680.0,3345273839.5629883,731.139892578125,734.4266357421875,723.6537475585938,727.9168701171875,8850449.0,6109797888.0,293,2.3696134090423584
2023-08-31,728.0,728.5,713.5,716.2999877929688,14129800.0,10121175567.51709,724.0402221679688,726.1240234375,714.101318359375,718.4094848632812,5862270.0,3996174848.0,294,2.3696134090423584
2023-09-01,716.85498046875,732.9400024414062,715.5,732.0599975585938,6760760.0,4949281949.094238,717.4237060546875,722.5989379882812,710.0380859375,716.1248779296875,9963195.0,6901873152.0,295,2.3696134090423584
2023-09-04,737.0,737.0,725.8400268554688,727.0250244140625,5813630.0,4226654492.684326,727.9276123046875,730.57275390625,719.6932983398438,724.155029296875,7099187.5,4872892416.0,296,2.405716896057129
2023-09-05,728.2999877929688,735.844970703125,728.0,734.510009765625,12213530.0,8970960039.572754,734.1040649414062,738.047607421875,727.8224487304688,733.429443359375,7140916.0,4897732608.0,297,2.405716896057129
2023-09-06,731.530029296875,739.7000122070312,729.0700073242188,738.780029296875,6051570.0,4470779061.89209,736.4266357421875,745.28076171875,725.7212524414062,729.9937133789062,8064670.0,5594549760.0,298,2.405716896057129
2023-09-07,738.0,738.780029296875,730.3699951171875,736.3200073242188,5496220.0,4046976750.6555176,738.6650390625,747.087890625,731.6212158203125,742.5587768554688,10730450.0,7541219328.0,299,2.405716896057129
2023-09-08,739.0,744.9949951171875,737.0,741.0650024414062,6246420.0,4629003252.550049,734.8602905273438,735.139404296875,719.84130859375,722.538330078125,7465740.0,5153008640.0,300,2.405716896057129
2023-09-11,742.5,744.4000244140625,736.2000122070312,739.1649780273438,4068490.0,3007285321.454468,734.3005981445312,736.2006225585938,726.656494140625,730.3764038085938,6732339.0,4650021888.0,301,2.405716896057129
2023-09-12,742.0999755859375,745.9000244140625,730.5499877929688,743.1300048828125,9635170.0,7160183929.1467285,737.67529296875,739.6085205078125,731.7398681640625,734.789794921875,4566533.5,3059752448.0,302,2.405716896057129
2023-09-13,742.9299926757812,750.8250122070312,738.0650024414062,747.5900268554688,5798460.0,4334870867.120361,739.9756469726562,742.1314697265625,734.147216796875,737.7108154296875,5000004.5,3359246336.0,303,2.405716896057129
2023-09-14,747.5900268554688,751.1699829101562,742.7050170898438,749.4299926757812,6503720.0,4874082831.965332,756.3206787109375,762.6041259765625,754.7888793945312,758.624755859375,12346200.0,9012992000.0,304,2.459538459777832
2023-09-15,749.9000244140625,756.5150146484375,745.5549926757812,749.219970703125,7874940.0,5900062316.088867,746.1151123046875,755.27099609375,736.3800659179688,738.7389526367188,8719774.0,6159834112.0,305,2.459538459777832
2023-09-18,748.8900146484375,756.0,746.5,754.864990234375,7066180.0,5334011896.694336,745.2127685546875,746.617431640625,736.0902099609375,739.5593872070312,6745634.0,4727411712.0,306,2.459538459777832
2023-09-20,748.864990234375,764.7000122070312,748.2999877929688,753.9000244140625,8441900.0,6364348616.101074,751.4655151367188,754.2096557617188,744.8580322265625,749.3330078125,5903184.0,4106054144.0,307,2.459538459777832
2023-09-21,753.0,758.364990234375,742.5,748.4199829101562,6757250.0,5057260929.519653,753.4978637695312,757.6387329101562,744.8958740234375,750.925048828125,9901651.0,7036009984.0,308,2.459538459777832
2023-09-22,749.39501953125,757.7000122070312,745.3599853515625,747.135009765625,5263040.0,3932201441.796875,751.4996948242188,756.93994140625,746.1473388671875,752.1219482421875,7889866.0,5587789312.0,309,2.459538459777832
2023-09-25,757.5,784.989990234375,751.0,781.9849853515625,23475330.0,18357355586.173096,748.2730102539062,750.3119506835938,740.9424438476562,744.4813232421875,5390770.0,3802844160.0,310,2.459538459777832
2023-09-26,781.989990234375,789.9949951171875,777.5,787.0650024414062,12468200.0,9813283863.439941,779.5892944335938,786.846923828125,773.2904663085938,779.9754028320312,10220236.0,7555005952.0,311,2.459538459777832
2023-09-27,785.5,785.5,774.2750244140625,783.7550048828125,7441100.0,5831999366.833496,788.485595703125,804.7716064453125,770.6320190429688,786.4563598632812,26773046.0,20334170112.0,312,2.595651626586914
2023-09-28,780.4749755859375,782.9000244140625,771.8049926757812,773.9000244140625,7775050.0,6017111384.820557,780.3056640625,782.211181640625,769.1790161132812,773.6712646484375,9722253.0,7155955200.0,313,2.595651626586914
2023-09-29,773.9000244140625,784.7999877929688,772.5,781.0750122070312,5730050.0,4475598873.696899,775.362060546875,777.6468505859375,767.2210083007812,771.48681640625,7109540.0,5164081152.0,314,2.595651626586914
2023-10-03,778.0800170898438,797.5499877929688,775.5,796.760009765625,9445550.0,7525836510.241699,786.1517333984375,793.0604248046875,781.5841674804688,787.8248901367188,7001812.0,5097078784.0,315,2.595651626586914
2023-10-04,802.5,804.2999877929688,782.0,785.405029296875,11763840.0,9239379099.84375,790.6452026367188,792.3438110351562,779.04638671875,782.8751831054688,6128113.0,4455235584.0,316,2.595651626586914
2023-10-05,791.4849853515625,791.4849853515625,782.6900024414062,785.0900268554688,7950610.0,6241944618.417358,788.5355224609375,797.027099609375,782.6405639648438,790.9528198242188,9711282.0,7281070080.0,317,2.595651626586914
2023-10-06,785.0,819.2000122070312,784.5,816.85498046875,21450340.0,17521817061.748047,776.2613525390625,780.4556274414062,760.6115112304688,771.39990234375,12825250.0,9640430592.0,318,2.595651626586914
2023-10-09,810.2050170898438,813.5,801.7999877929688,802.77001953125,7478000.0,6003114206.0546875,809.8362426757812,817.974853515625,801.869873046875,809.4011840820312,10730590.0,8287816704.0,319,2.595651626586914
2023-10-10,805.5,813.5,802.0999755859375,808.3599853515625,9650240.0,7800867865.0390625,821.3824462890625,836.2805786132812,802.0455322265625,814.6397705078125,10847142.0,8476597760.0,320,2.6777405738830566
2023-10-11,813.97998046875,817.2999877929688,809.5449829101562,810.1950073242188,7123720.0,5771602377.575684,805.2197875976562,809.17822265625,793.676025390625,799.7515869140625,10910727.0,8355292160.0,321,2.6777405738830566
2023-10-12,812.5,812.7000122070312,800.2999877929688,801.4299926757812,7640920.0,6123662459.63623,807.64892578125,811.0896606445312,795.375244140625,800.864501953125,8691270.0,6647973376.0,322,2.6777405738830566
2023-10-13,799.9550170898438,808.2899780273438,795.60498046875,805.1649780273438,6622820.0,5332462719.779053,801.3876342773438,805.2760009765625,794.1827392578125,799.0009765625,5239095.5,3836144640.0,323,2.6777405738830566
2023-10-16,804.4299926757812,806.9000244140625,798.2650146484375,803.5999755859375,4382460.0,3521744749.0063477,797.1067504882812,801.2400512695312,788.8164672851562,793.8939208984375,6075790.0,4564609024.0,324,2.6777405738830566
2023-10-17,808.0,815.9000244140625,805.7550048828125,809.2999877929688,8382830.0,6784224216.670532,801.3595581054688,805.2017822265625,790.4757690429688,796.6561279296875,9892633.0,7457361920.0,325,2.6777405738830566
2023-10-18,805.0,808.4600219726562,785.0,786.655029296875,15446420.0,12151003977.631836,812.9197998046875,817.9760131835938,803.52490234375,809.2782592773438,10801299.0,8390038528.0,326,2.6777405738830566
2023-10-19,784.3300170898438,792.2999877929688,773.0999755859375,784.155029296875,10614530.0,8323437083.122559,788.1505126953125,792.6626586914062,776.8216552734375,782.3343505859375,8039921.0,5999828992.0,327,2.6777405738830566
2023-10-20,781.0,783.2349853515625,772.25,776.9199829101562,7711530.0,5991241755.811157,787.017578125,796.3500366210938,782.7841796875,792.0546875,5815495.0,4205126912.0,328,2.846630573272705
2023-10-23,780.0,788.489990234375,776.135009765625,779.8900146484375,8822300.0,6880423676.23291,783.637939453125,797.4229125976562,781.1412963867188,794.2002563476562,5939665.5,4323238400.0,329,2.846630573272705
2023-10-25,779.8900146484375,785.6950073242188,767.5999755859375,769.4450073242188,7087740.0,5453626156.212158,785.25732421875,788.9302368164062,776.2076416015625,781.3428344726562,8031480.5,6015456256.0,330,2.846630573272705
2023-10-26,762.510009765625,765.5999755859375,740.1199951171875,742.1799926757812,13246300.0,9831138836.981201,771.2174682617188,776.353271484375,761.7619018554688,768.6976928710938,10051213.0,7536902656.0,331,2.846630573272705
2023-10-27,750.9949951171875,754.9000244140625,741.6599731445312,750.719970703125,9119440.0,6846145729.628906,747.6786499023438,759.7564697265625,744.6150512695312,756.0880737304688,6847268.0,5099940352.0,332,2.846630573272705
2023-10-30,750.5800170898438,752.6849975585938,735.25,750.3049926757812,7992760.0,5997007733.259277,751.22265625,759.7466430664062,748.0713500976562,756.7171020507812,4829694.0,3528551424.0,333,2.846630573272705
2023-10-31,756.97998046875,757.969970703125,746.0499877929688,749.2650146484375,7494100.0,5615066946.276855,742.1141357421875,745.5119018554688,729.90771484375,733.9730834960938,11442306.0,8213078016.0,334,2.846630573272705
2023-11-01,752.0,754.9000244140625,745.7650146484375,747.1900024414062,4627780.0,3457830949.498291,744.0328369140625,755.9008178710938,741.9012451171875,750.0654296875,8828473.0,6578740224.0,335,2.846630573272705
2023-11-02,753.0,761.5,741.1199951171875,744.9099731445312,8550300.0,6369203743.377686,751.767333984375,752.6262817382812,737.73828125,739.0660400390625,9897646.0,7387977216.0,336,2.901979684829712
2023-11-03,752.7999877929688,753.7949829101562,737.2449951171875,741.1500244140625,11387550.0,8439882960.516357,756.8922729492188,758.951416015625,731.48876953125,737.525146484375,9048288.0,6600922112.0,337,2.901979684829712
2023-11-06,745.5999755859375,757.1950073242188,744.260009765625,756.2050170898438,6340430.0,4794664976.506958,738.9949951171875,742.6826782226562,714.4795532226562,734.206787109375,10138727.0,7338385920.0,338,2.901979684829712
2023-11-07,764.0,764.0,744.5999755859375,749.5599975585938,15630070.0,11715675231.04065,754.06787109375,759.3757934570312,749.4293212890625,754.91943359375,5900129.0,4430632960.0,339,2.901979684829712
2023-11-08,752.7000122070312,753.5999755859375,740.6649780273438,745.9949951171875,9167170.0,6838662939.388428,749.1948852539062,749.6015014648438,738.6593017578125,740.2290649414062,6501183.5,4882086400.0,340,2.901979684829712
2023-11-09,748.5,748.5,736.6699829101562,738.6699829101562,7717910.0,5700988447.802124,742.72998046875,745.7318725585938,735.3892822265625,739.6060180664062,6402643.5,4765816320.0,341,2.901979684829712
2023-11-10,737.0,745.4000244140625,734.64501953125,744.47998046875,4962610.0,3694563795.8740234,739.93505859375,741.2965698242188,724.8416137695312,729.0609741210938,10276243.0,7515163136.0,342,2.901979684829712
2023-11-13,744.780029296875,745.0,731.9000244140625,736.0850219726562,7322400.0,5389908964.892578,735.1558227539062,751.6134643554688,727.7120971679688,737.9679565429688,7357800.0,5510836224.0,343,2.901979684829712
2023-11-15,743.9400024414062,747.6199951171875,711.9149780273438,722.4299926757812,19234400.0,13895507451.123047,740.9046020507812,745.6210327148438,717.7404174804688,729.8082275390625,10118227.0,7297171968.0,344,3.0308189392089844
2023-11-16,694.4550170898438,738.0700073242188,693.125,736.2449951171875,45570430.0,33551001012.838135,728.2474975585938,733.8970947265625,694.0067138671875,709.3349609375,18428800.0,13178161152.0,345,3.0308189392089844
2023-11-17,714.0499877929688,726.0,710.8049926757812,722.0999755859375,20800340.0,15019925006.1792,722.0277099609375,740.8417358398438,712.9154052734375,732.3157958984375,31936446.0,23095078912.0,346,3.0308189392089844
2023-11-20,715.0999755859375,723.9000244140625,705.010009765625,706.8599853515625,19029400.0,13451121405.249023,718.0480346679688,725.896728515625,702.9800415039062,714.8591918945312,16758451.0,12178599936.0,347,3.0308189392089844
2023-11-21,708.5,712.885009765625,703.0,710.3150024414062,16662250.0,11835446149.429321,703.6874389648438,711.0758666992188,675.2371215820312,703.92431640625,17221496.0,12132292608.0,348,3.0308189392089844
2023-11-22,708.64501953125,717.7849731445312,706.5499877929688,712.8350219726562,10414040.0,7423492432.224121,709.6716918945312,714.2451171875,701.2982177734375,706.5673217773438,11697808.0,8332163072.0,349,3.0308189392089844
2023-11-23,713.5,716.0,705.5999755859375,707.364990234375,6061580.0,4287749477.504883,703.0750732421875,720.2981567382812,686.3722534179688,716.9869384765625,14068050.0,10095175680.0,350,3.0308189392089844
2023-11-24,710.7999877929688,711.6799926757812,701.0999755859375,702.0800170898438,7264990.0,5100604303.357544,698.6786499023438,714.2542724609375,692.7828369140625,710.7621459960938,11717952.0,8271377408.0,351,3.0308189392089844
2023-11-28,703.5,713.5,702.989990234375,712.7550048828125,7281580.0,5189982588.45459,704.6323852539062,712.279296875,700.9223022460938,707.7818603515625,5164214.5,3776488960.0,352,3.071758985519409
2023-11-29,713.4000244140625,716.8599853515625,711.405029296875,713.010009765625,6824300.0,4865794209.643555,708.9547729492188,721.8057861328125,704.3002319335938,712.5903930664062,13131834.0,9481715712.0,353,3.071758985519409
2023-11-30,713.2000122070312,716.3599853515625,708.5650024414062,712.1900024414062,12719340.0,9058586785.653076,692.1326904296875,713.7623291015625,672.3656616210938,708.675048828125,14630913.0,10458904576.0,354,3.071758985519409
2023-12-01,716.0,727.9849853515625,714.2000122070312,725.9349975585938,9004770.0,6536877687.965698,710.7904663085938,714.0225830078125,703.2176513671875,706.9437866210938,6337965.5,4648422400.0,355,3.071758985519409
2023-12-04,734.0,742.0,731.5050048828125,740.7650146484375,11014260.0,8158978470.241699,720.1285400390625,735.4699096679688,717.9535522460938,730.4685668945312,9438059.0,7125350912.0,356,3.071758985519409
2023-12-05,743.0,744.0,732.0050048828125,734.97998046875,15222420.0,11188173954.28711,738.4087524414062,750.425537109375,733.236572265625,745.6473999023438,15670462.0,11615584256.0,357,3.071758985519409
2023-12-06,739.0,745.9000244140625,736.5050048828125,742.7100219726562,7018000.0,5212338934.204102,737.2875366210938,738.2421264648438,728.9437866210938,731.0304565429688,8202509.0,6122165760.0,358,3.071758985519409
2023-12-07,739.0,744.0,732.5999755859375,739.1199951171875,6688620.0,4943692781.740723,730.5004272460938,745.2225952148438,724.542236328125,739.9638671875,10158461.0,7404026880.0,359,3.071758985519409
2023-12-08,739.0549926757812,739.8099975585938,727.4000244140625,730.760009765625,11443880.0,8362729860.556641,740.0463256835938,747.7868041992188,733.7819213867188,741.7509155273438,9419927.0,6975700992.0,360,3.113478422164917
2023-12-11,732.5,735.27001953125,727.0050048828125,729.2750244140625,5900550.0,4303123745.3063965,730.2643432617188,748.1187133789062,725.06884765625,734.436767578125,9148160.0,6813996544.0,361,3.113478422164917
2023-12-12,728.0,735.4000244140625,728.0,731.4550170898438,6333120.0,4632392397.832031,732.3348999023438,735.8841552734375,727.1965942382812,731.4945068359375,4446909.5,3417302528.0,362,3.113478422164917
2023-12-13,729.9849853515625,730.4500122070312,720.7000122070312,725.7999877929688,6829550.0,4956887306.63147,735.6737670898438,746.1461181640625,730.9552001953125,740.7645263671875,8611156.0,6470830080.0,363,3.113478422164917
2023-12-14,736.8499755859375,751.125,730.010009765625,747.4199829101562,17295670.0,12927129375.819702,724.28369140625,726.504150390625,715.193115234375,717.393798828125,4609245.5,3758394880.0,364,3.113478422164917
2023-12-15,752.885009765625,752.8900146484375,744.5,751.5050048828125,11739380.0,8822202824.221191,730.1085815429688,740.5245361328125,701.3172607421875,735.23388671875,14250708.0,10401579008.0,365,3.113478422164917
2023-12-18,754.7999877929688,761.0,752.5999755859375,758.760009765625,10827980.0,8215838210.541992,753.716552734375,767.8128051757812,745.3571166992188,758.5390014648438,14162284.0,10577409024.0,366,3.113478422164917
2023-12-19,764.0999755859375,764.1599731445312,753.5,763.2650146484375,7914080.0,6040540387.128906,760.5714111328125,767.0567016601562,753.5903930664062,761.29052734375,12394766.0,9306303488.0,367,3.113478422164917
2023-12-20,765.0,769.5,746.0150146484375,749.39501953125,8745460.0,6553804167.509766,760.4093017578125,770.714599609375,753.2613525390625,757.9989013671875,9980290.0,7536907776.0,368,3.131424903869629
2023-12-21,742.6599731445312,747.7000122070312,730.5499877929688,736.7150268554688,9130820.0,6726812301.512451,749.033447265625,756.6123046875,738.480224609375,743.6558837890625,7184692.5,5444838400.0,369,3.131424903869629
2023-12-22,741.89501953125,744.0,724.2999877929688,729.530029296875,11294850.0,8239932251.403809,739.3109741210938,745.8313598632812,735.22314453125,742.4722900390625,5525303.0,4221646592.0,370,3.131424903869629
2023-12-26,732.5,734.4000244140625,714.5250244140625,716.22998046875,12258440.0,8779862241.777344,733.0299072265625,731.0126953125,720.5359497070312,717.80078125,9072585.0,6494724096.0,371,3.131424903869629
2023-12-27,721.989990234375,732.3400268554688,719.0900268554688,723.280029296875,16052790.0,11610662421.496582,719.8803100585938,733.0847778320312,706.7078857421875,712.6182250976562,18433600.0,13208899584.0,372,3.131424903869629
2023-12-28,727.5,729.0,720.0,725.864990234375,18560640.0,13472518772.34375,725.7610473632812,734.9641723632812,717.9542236328125,730.7672729492188,11404119.0,8294782976.0,373,3.131424903869629
2023-12-29,723.1649780273438,734.2999877929688,720.5150146484375,732.7750244140625,9128020.0,6688785078.352051,726.22021484375,739.4075927734375,719.6985473632812,730.819580078125,19397500.0,13459384320.0,374,3.131424903869629
2024-01-01,733.6950073242188,733.6950073242188,727.2999877929688,729.905029296875,3314890.0,2419554882.565918,727.874267578125,729.457275390625,715.670166015625,718.4766235351562,9920163.0,7321076224.0,375,3.131424903869629
2024-01-02,732.4000244140625,744.510009765625,728.0050048828125,743.0050048828125,11129900.0,8269571403.845215,733.3494873046875,735.705078125,720.5079345703125,722.2061767578125,6549774.0,4881590272.0,376,3.1877024173736572
2024-01-03,744.4949951171875,748.5850219726562,736.8200073242188,738.47998046875,5534050.0,4086785135.913086,734.8440551757812,758.1671752929688,728.8295288085938,739.2095336914062,13190099.0,9599301632.0,377,3.1877024173736572
2024-01-04,756.0,773.39501953125,756.0,770.5549926757812,29118790.0,22437629015.177612,739.460205078125,752.4741821289062,733.5813598632812,743.3579711914062,12961726.0,9466073088.0,378,3.1877024173736572
2024-01-05,773.4949951171875,778.9000244140625,767.3099975585938,771.114990234375,10526010.0,8116764098.356934,762.192626953125,763.7675170898438,754.3385620117188,756.49755859375,16914842.0,12664601600.0,379,3.1877024173736572
2024-01-08,767.7000122070312,783.0,763.1300048828125,773.5999755859375,11212090.0,8673672550.267334,769.1732788085938,771.7841186523438,759.095458984375,764.102294921875,10385008.0,7811887616.0,380,3.1877024173736572
2024-01-09,777.4000244140625,781.0,769.7999877929688,772.5449829101562,12470830.0,9634277149.225464,772.9037475585938,782.2449951171875,765.1275634765625,774.4686889648438,10935682.0,8168508416.0,381,3.1877024173736572
2024-01-10,771.5999755859375,773.5250244140625,766.0,768.0549926757812,5590720.0,4293980408.6523438,772.5012817382812,774.1434326171875,757.8901977539062,762.0056762695312,12098275.0,9113745408.0,382,3.1877024173736572
2024-01-11,768.0,779.3300170898438,765.10498046875,766.9749755859375,6517410.0,4998690375.633545,769.33447265625,775.1365356445312,750.6154174804688,751.12353515625,9032112.0,6785924608.0,383,3.1877024173736572
2024-01-12,768.4000244140625,771.89501953125,761.7000122070312,766.10498046875,8086380.0,6195015991.962891,767.893798828125,771.8961181640625,760.7474975585938,765.3960571289062,9656644.0,7319976448.0,384,3.218398094177246
2024-01-15,769.7949829101562,769.7949829101562,745.4000244140625,747.7999877929688,9972200.0,7457211038.269043,767.0963134765625,769.5607299804688,758.74169921875,762.4436645507812,8080206.0,6087375872.0,385,3.218398094177246
2024-01-16,747.5,761.4500122070312,742.7899780273438,745.6649780273438,11947230.0,8908630995.437622,744.0072631835938,762.7313232421875,737.9755249023438,748.374755859375,8936336.0,6770850304.0,386,3.218398094177246
2024-01-17,730.3300170898438,747.8200073242188,730.219970703125,735.885009765625,13802710.0,10157207383.14209,747.5482788085938,760.1454467773438,738.7587280273438,748.1056518554688,10965056.0,8193529856.0,387,3.218398094177246
2024-01-18,729.5999755859375,735.1749877929688,723.4000244140625,726.5549926757812,16869960.0,12256953664.240723,740.1544799804688,746.5765380859375,732.2055053710938,740.5800170898438,10052555.0,7379142656.0,388,3.218398094177246
2024-01-19,736.0,738.8800048828125,726.125,731.9099731445312,8308100.0,6080781247.88208,718.1414794921875,721.6767578125,697.93017578125,703.2644653320312,17104088.0,12080411648.0,389,3.218398094177246
2024-01-23,735.2899780273438,735.5,704.260009765625,707.0700073242188,25332970.0,17912183283.444214,726.529296875,754.6697387695312,719.5524291992188,740.0635986328125,23554044.0,16399951872.0,390,3.218398094177246
2024-01-24,710.4000244140625,710.4000244140625,699.6799926757812,705.530029296875,20636750.0,14559846832.092285,710.27880859375,720.1519775390625,704.9531860351562,714.8233032226562,18155534.0,13031940096.0,391,3.218398094177246
2024-01-25,705.530029296875,712.5800170898438,703.5999755859375,708.5499877929688,11683490.0,8278336696.879272,702.1430053710938,714.5823364257812,679.3262329101562,708.9738159179688,17911206.0,12663441408.0,392,3.187263011932373
2024-01-29,708.5499877929688,722.4949951171875,708.510009765625,719.1649780273438,18603610.0,13379064776.879272,710.4721069335938,714.7359619140625,704.8228149414062,707.2168579101562,13378204.0,9564106752.0,393,3.187263011932373
2024-01-30,698.8499755859375,698.8499755859375,680.5,681.719970703125,41531470.0,28312832511.657715,718.4813232421875,721.1226196289062,708.1773681640625,711.3878784179688,11152240.0,8191789568.0,394,3.187263011932373
2024-01-31,682.0,692.0999755859375,681.2000122070312,686.2899780273438,18105120.0,12425362406.982422,684.3095703125,694.8855590820312,680.0264282226562,687.8106689453125,19598148.0,13757472768.0,395,3.187263011932373
2024-02-01,686.5900268554688,687.9949951171875,673.2999877929688,674.3300170898438,19111370.0,12887370458.710327,685.4961547851562,693.97314453125,664.3723754882812,688.23486328125,12865556.0,8978038784.0,396,3.187263011932373
2024-02-02,675.5,691.0,675.2999877929688,684.8300170898438,13675080.0,9365105270.10498,678.0914916992188,685.435302734375,671.771240234375,678.8842163085938,14458649.0,10044248064.0,397,3.187263011932373
2024-02-05,689.4000244140625,689.5,660.0,660.8200073242188,17712220.0,11704589350.128174,689.7294921875,697.2406616210938,686.080810546875,692.2500610351562,7660180.0,5629814784.0,398,3.187263011932373
2024-02-06,664.7999877929688,669.9000244140625,653.5,659.8150024414062,24395330.0,16096404723.508911,660.7339477539062,671.5624389648438,658.1441650390625,665.4577026367188,16129874.0,10303535104.0,399,3.187263011932373
2024-02-07,664.0999755859375,673.760009765625,662.5250244140625,670.9199829101562,15382370.0,10320339417.5177,663.5115966796875,674.5406494140625,658.9246215820312,668.0194091796875,14554436.0,9962219520.0,400,3.1229796409606934
2024-02-08,673.1849975585938,673.75,653.6699829101562,657.5650024414062,21932090.0,14421774814.395142,670.27587890625,674.2737426757812,660.5834350585938,663.7181396484375,16613688.0,10483257344.0,401,3.1229796409606934
2024-02-09,658.0,667.77001953125,657.2000122070312,665.4500122070312,12098740.0,8051106680.689697,667.4696655273438,678.1533203125,663.5496826171875,671.8857421875,11406551.0,8045777408.0,402,3.1229796409606934
2024-02-12,666.9450073242188,667.1849975585938,655.1500244140625,656.9149780273438,5447840.0,3578767693.8964844,659.172119140625,664.23779296875,647.2151489257812,652.2485961914062,18493046.0,11950262272.0,403,3.1229796409606934
2024-02-13,660.0,663.9000244140625,655.3099975585938,660.364990234375,9480140.0,6260352558.520508,653.8491821289062,662.2440185546875,649.9150390625,656.3533935546875,6877022.0,4897949696.0,404,3.1229796409606934
2024-02-14,656.385009765625,665.5999755859375,655.0,664.6500244140625,6361260.0,4228011614.304199,664.2953491210938,684.4287109375,658.8855590820312,675.7543334960938,11380997.0,8180219904.0,405,3.1229796409606934
2024-02-15,664.5999755859375,667.739990234375,658.5650024414062,661.9400024414062,8808590.0,5830758086.105347,660.4388427734375,664.831298828125,654.83984375,658.1863403320312,7275529.0,5207104000.0,406,3.1229796409606934
2024-02-16,665.0050048828125,666.0,660.2000122070312,661.9199829101562,10294310.0,6814009499.271851,673.5889892578125,681.3320922851562,647.1713256835938,663.9713134765625,20998548.0,14276264960.0,407,3.1229796409606934
2024-02-19,664.8900146484375,680.6900024414062,662.530029296875,671.280029296875,13158810.0,8833246362.312012,664.0611572265625,674.9534912109375,661.6338500976562,670.3235473632812,10829486.0,7471040512.0,408,2.9530529975891113
2024-02-20,671.1900024414062,679.2000122070312,668.125,676.3599853515625,11067090.0,7485336830.284424,680.6401977539062,685.117431640625,677.683837890625,684.830810546875,13230318.0,8778887168.0,409,2.9530529975891113
2024-02-21,679.0,679.0,666.5050048828125,668.8800048828125,8549440.0,5718549468.9453125,674.5944213867188,688.2145385742188,664.6137084960938,683.4696044921875,14521344.0,10057039872.0,410,2.9530529975891113
2024-02-22,669.10498046875,670.6849975585938,656.0999755859375,667.4949951171875,10223740.0,6824295281.379395,673.34423828125,677.3892822265625,667.5836181640625,670.6231689453125,7434234.5,5273151488.0,411,2.9530529975891113
2024-02-23,667.4000244140625,671.9000244140625,663.260009765625,669.7849731445312,12803110.0,8575330687.5164795,663.5611572265625,664.3896484375,656.2471923828125,655.1445922851562,12121494.0,8142907904.0,412,2.9530529975891113
2024-02-26,669.0,670.7999877929688,662.4199829101562,664.3250122070312,8920560.0,5926151130.893555,667.1914672851562,670.779541015625,660.3784790039062,663.4464721679688,9552546.0,6651967488.0,413,2.9530529975891113
2024-02-27,663.0999755859375,664.2000122070312,649.1099853515625,655.625,11503060.0,7541693712.5,661.5057983398438,663.9586791992188,643.0372924804688,648.515625,20840052.0,14059753472.0,414,2.9530529975891113
2024-02-28,657.2000122070312,659.6749877929688,647.5,649.8699951171875,5353210.0,3478890556.5612793,657.1905517578125,662.4178466796875,652.2951049804688,656.6621704101562,7085128.5,5007824384.0,415,2.9530529975891113
2024-02-29,649.9000244140625,653.9000244140625,636.6199951171875,649.5349731445312,16990980.0,11036235737.999268,654.9254760742188,658.8574829101562,648.222412109375,651.5031127929688,10253717.0,7051036672.0,416,2.9260153770446777
2024-03-01,651.1749877929688,660.8699951171875,650.2100219726562,657.14501953125,9190800.0,6039688445.5078125,641.9453125,646.4768676757812,636.88623046875,641.2099609375,12266480.0,8228763648.0,417,2.9260153770446777
2024-03-04,658.7999877929688,663.9949951171875,655.7449951171875,660.2449951171875,3971180.0,2621951719.7094727,660.0550537109375,663.3524169921875,654.640625,657.5819091796875,6018124.0,4305159168.0,418,2.9260153770446777
2024-03-05,660.2449951171875,663.625,627.2000122070312,632.4249877929688,17175580.0,10862265971.837158,660.3382568359375,662.0203247070312,652.091552734375,653.9678955078125,6184563.5,4410404864.0,419,2.9260153770446777
2024-03-06,633.25,634.5900268554688,618.780029296875,631.125,21047920.0,13283868510.0,643.173583984375,650.42529296875,636.7225952148438,643.4260864257812,14361206.0,9490657280.0,420,2.9260153770446777
2024-03-07,635.0,646.8599853515625,632.5399780273438,642.10498046875,14694210.0,9435225425.05371,634.68212890625,642.2340087890625,629.1028442382812,636.0074462890625,12501800.0,8307329536.0,421,2.9260153770446777
2024-03-11,655.0,655.2000122070312,640.4000244140625,643.375,12039710.0,7746048421.25,653.390869140625,661.9453125,644.48046875,651.9169311523438,17112178.0,11307079680.0,422,2.9260153770446777
2024-03-12,640.5,648.5,634.135009765625,643.60498046875,10946770.0,7045395692.045898,640.7315673828125,662.0927734375,629.7103271484375,655.3883056640625,9275374.0,6410057728.0,423,2.9260153770446777
2024-03-13,643.9249877929688,651.4949951171875,639.155029296875,645.614990234375,11321830.0,7309543164.885254,639.9520874023438,643.1212158203125,630.9664306640625,634.6423950195312,9412593.0,6312451072.0,424,2.9294252395629883
2024-03-14,645.614990234375,647.0,629.780029296875,639.7449951171875,12198650.0,7804025284.686279,646.1969604492188,647.305908203125,632.7021484375,635.3942260742188,13804698.0,9127154688.0,425,2.9294252395629883
2024-03-15,637.5050048828125,657.7999877929688,636.0,651.4349975585938,19705000.0,12836526626.89209,635.6298217773438,636.879150390625,622.9445190429688,626.6905517578125,13072661.0,8553848832.0,426,2.9294252395629883
2024-03-18,651.4349975585938,655.5,645.6099853515625,650.4650268554688,6764250.0,4399908057.9071045,660.5047607421875,666.6571655273438,646.7243041992188,652.7630004882812,9254397.0,6307910656.0,427,2.9294252395629883
2024-03-19,650.969970703125,666.719970703125,650.5,659.625,14080870.0,9288093873.75,652.402587890625,654.5625,642.7506103515625,645.1583251953125,8335532.0,5701059584.0,428,2.9294252395629883
2024-03-20,661.0,673.0999755859375,660.5999755859375,664.9500122070312,14908310.0,9913280916.486206,656.0985107421875,658.9041748046875,647.1998901367188,649.8961181640625,6666935.5,4623344640.0,429,2.9294252395629883
2024-03-21,670.75,677.1649780273438,665.7150268554688,671.5750122070312,18060920.0,12129262569.470215,662.789794921875,669.6450805664062,656.4483642578125,663.4229736328125,7569675.0,5159957504.0,430,2.9294252395629883
2024-03-22,670.5,680.2999877929688,668.6300048828125,676.0900268554688,11252380.0,7607621896.387939,670.9375610351562,685.74755859375,653.5646362304688,667.6724243164062,15349938.0,10354037760.0,431,2.9294252395629883
2024-03-26,675.4500122070312,694.5,674.5,691.010009765625,18503210.0,12785903322.79541,672.546630859375,676.4444580078125,665.0280151367188,668.8082275390625,9863322.0,6766567936.0,432,2.9608583450317383
2024-03-27,694.5750122070312,704.9000244140625,690.5,702.2750244140625,15512750.0,10894216884.979248,656.793212890625,692.7821044921875,629.3876342773438,677.2924194335938,16460010.0,11250738176.0,433,2.9608583450317383
2024-03-28,703.2100219726562,734.9299926757812,703.2100219726562,724.5250244140625,35745180.0,25898277412.18506,704.697265625,711.5953979492188,700.501708984375,707.0768432617188,6684811.0,4846327808.0,434,2.9608583450317383
2024-04-01,726.125,734.344970703125,722.0050048828125,725.094970703125,11252380.0,8159044146.44043,729.166748046875,752.9268188476562,721.9358520507812,735.521728515625,26279712.0,19091095552.0,435,2.9608583450317383
2024-04-02,725.094970703125,725.5,713.5,720.739990234375,9676150.0,6973988256.506348,724.6273803710938,729.8270874023438,713.8114624023438,718.6153564453125,17116738.0,12142527488.0,436,2.9608583450317383
2024-04-03,719.7000122070312,732.3350219726562,718.614990234375,730.9249877929688,9589430.0,7009154005.691528,715.6435546875,725.619384765625,710.3429565429688,719.0076904296875,23271528.0,16504077312.0,437,2.9608583450317383
2024-04-04,734.5,735.0,725.5,728.3400268554688,10405890.0,7579026202.055054,726.8230590820312,734.5233154296875,726.4675903320312,734.0833129882812,11883419.0,8297866240.0,438,2.9608583450317383
2024-04-05,723.4749755859375,725.9000244140625,715.5999755859375,717.5650024414062,12004940.0,8614324800.408936,728.9346313476562,737.6331787109375,724.8200073242188,732.32080078125,11255128.0,8095822336.0,439,2.9608583450317383
2024-04-08,721.5,722.6950073242188,714.280029296875,717.85498046875,5182100.0,3719996294.2871094,726.4191284179688,735.1256103515625,723.9761352539062,728.3228759765625,9249879.0,7027353600.0,440,2.940702199935913
2024-04-09,722.0,723.5349731445312,712.4500122070312,719.3599853515625,7102810.0,5109477297.554932,703.4749755859375,726.4656372070312,697.1536865234375,708.2534790039062,10050236.0,7179816448.0,441,2.940702199935913
2024-04-10,723.5900268554688,725.4000244140625,716.0,723.0250244140625,5679860.0,4106680915.168457,717.5233764648438,738.9696655273438,708.3099975585938,725.691162109375,8786010.0,6387583488.0,442,2.940702199935913
2024-04-12,722.4000244140625,726.4000244140625,715.6300048828125,722.9550170898438,10925880.0,7898919762.121582,718.0171508789062,725.0956420898438,715.2775268554688,721.72119140625,5294265.0,3879117312.0,443,2.940702199935913
2024-04-15,714.5050048828125,719.8800048828125,706.344970703125,707.625,7584480.0,5366967660.0,725.5936279296875,737.6538696289062,722.1156005859375,733.30029296875,10955836.0,7901589504.0,444,2.940702199935913
2024-04-16,700.9949951171875,703.4299926757812,693.0999755859375,695.4249877929688,9632930.0,6698980227.660522,706.072998046875,719.7115478515625,692.115478515625,698.5413818359375,12108106.0,8825236480.0,445,2.940702199935913
2024-04-18,692.8099975585938,699.5,686.5999755859375,689.3200073242188,13851330.0,9547998897.05017,677.841064453125,704.033203125,677.957275390625,693.0578002929688,11592732.0,7937046016.0,446,2.940702199935913
2024-04-19,684.0050048828125,715.0,681.0050048828125,711.9500122070312,12183750.0,8674220961.227417,687.565185546875,697.5912475585938,678.2173461914062,681.1983032226562,12261303.0,8507917312.0,447,2.940702199935913
2024-04-22,716.72998046875,730.5999755859375,716.72998046875,729.219970703125,11652720.0,8497396137.011719,713.4512329101562,722.3494262695312,706.6109008789062,716.3345336914062,14353351.0,10238878720.0,448,2.9843578338623047
2024-04-23,730.9000244140625,733.989990234375,723.6799926757812,725.989990234375,10815670.0,7852068157.678223,730.62646484375,735.9513549804688,725.6087646484375,731.330810546875,8171985.0,5871950848.0,449,2.9843578338623047
2024-04-24,728.2999877929688,741.9450073242188,725.0,732.9149780273438,8869290.0,6500435485.46814,731.648681640625,741.7559204101562,728.3910522460938,738.0545043945312,9635502.0,6967989760.0,450,2.9843578338623047
2024-04-25,733.0,736.4849853515625,712.510009765625,729.489990234375,11733540.0,8559499980.014648,731.6541137695312,737.6373901367188,726.8634033203125,733.2177734375,9063813.0,6514822144.0,451,2.9843578338623047
2024-04-26,700.0,700.0,669.1500244140625,673.1199951171875,58147230.0,39140063173.67798,717.781005859375,720.8849487304688,709.2234497070312,714.7342529296875,7374216.0,5216613376.0,452,2.9843578338623047
2024-04-29,678.9949951171875,683.9600219726562,671.3049926757812,682.6599731445312,16810300.0,11475718946.551514,657.3331909179688,666.9190063476562,648.5443725585938,659.8482666015625,14316203.0,9687341056.0,453,2.9843578338623047
2024-04-30,682.9949951171875,697.5,682.1950073242188,692.35498046875,17986750.0,12453215944.94629,686.5970458984375,691.0879516601562,680.2838745117188,684.0538940429688,11091672.0,7652012032.0,454,2.9843578338623047
2024-05-02,693.7849731445312,696.9949951171875,686.5,688.27001953125,11395720.0,7843332426.972656,691.6294555664062,700.8323364257812,688.1673583984375,694.2544555664062,15072280.0,10731923456.0,455,2.9843578338623047
2024-05-03,732.9000244140625,740.0,690.6950073242188,693.1500244140625,68186010.0,47263134496.19751,690.197265625,694.5144653320312,683.7691650390625,688.150390625,9940372.0,6926087680.0,456,3.061919689178467
2024-05-06,700.7949829101562,701.9949951171875,684.5,685.9849853515625,12299880.0,8437533001.625977,700.1015014648438,705.37158203125,690.44677734375,696.7756958007812,13140658.0,9129705472.0,457,3.061919689178467
2024-05-07,688.9949951171875,694.3099975585938,678.7999877929688,687.2550048828125,12981260.0,8921435904.685059,687.5943603515625,692.2312622070312,680.3054809570312,685.0840454101562,11726578.0,8096261120.0,458,3.061919689178467
2024-05-08,687.1500244140625,687.9550170898438,678.5,679.9450073242188,7259250.0,4935890794.418335,689.8820190429688,691.837890625,682.1663208007812,684.2395629882812,6442570.0,4583631872.0,459,3.061919689178467
2024-05-09,679.989990234375,683.27001953125,658.5,660.5150146484375,13811150.0,9122471944.561768,688.8230590820312,691.9437255859375,676.1375732421875,676.9052734375,7726459.5,5405847552.0,460,3.061919689178467
2024-05-10,663.8900146484375,669.7999877929688,660.1199951171875,668.4149780273438,8249080.0,5513808626.945801,675.4171142578125,673.5406494140625,664.0360107421875,661.6947021484375,7616881.5,5583971840.0,461,3.061919689178467
2024-05-13,668.4000244140625,674.4299926757812,662.0,671.875,5122560.0,3441720000.0,674.1005859375,674.198486328125,665.5101318359375,665.4215698242188,13979589.0,9181144064.0,462,3.061919689178467
2024-05-14,671.0,674.1849975585938,665.760009765625,667.5700073242188,7558400.0,5045761143.359375,673.0262451171875,676.3461303710938,665.1564331054688,667.4666748046875,5908746.0,4320021504.0,463,3.061919689178467
2024-05-15,669.2000122070312,673.1950073242188,664.5050048828125,668.0,5950590.0,3974994120.0,676.2693481445312,682.2003784179688,673.175537109375,678.3272094726562,5874849.0,4226933760.0,464,2.882209539413452
2024-05-16,670.0349731445312,676.2100219726562,662.3049926757812,674.7150268554688,10598510.0,7150973959.277954,670.4730834960938,676.170166015625,658.6515502929688,669.9380493164062,15015576.0,10010160128.0,465,2.882209539413452
2024-05-17,674.7000122070312,678.0,670.10498046875,672.739990234375,4801580.0,3230214882.3095703,676.36767578125,678.6549682617188,659.113037109375,664.214111328125,15367768.0,10397500416.0,466,2.882209539413452
2024-05-21,670.5,678.5,670.5,674.2849731445312,7616240.0,5135516183.862305,678.1089477539062,682.5567626953125,673.7139892578125,677.8867797851562,7107259.0,4975643136.0,467,2.882209539413452
2024-05-22,677.7449951171875,677.7449951171875,672.7249755859375,674.4550170898438,4160460.0,2806043120.4016113,683.6455688476562,687.6160888671875,672.4288330078125,674.196533203125,7612113.5,5308612608.0,468,2.882209539413452
2024-05-23,675.9550170898438,685.3499755859375,673.0050048828125,682.6649780273438,7093170.0,4842258742.194214,683.6695556640625,684.0792236328125,674.1522827148438,675.7105102539062,8710517.0,6018004992.0,469,2.882209539413452
2024-05-24,682.0,691.0,679.2999877929688,683.6900024414062,7420430.0,5073273804.816284,681.6085205078125,682.7171020507812,673.4608154296875,675.11962890625,5205646.5,3719354880.0,470,2.882209539413452
2024-05-27,685.9000244140625,695.9550170898438,681.0,689.5499877929688,6554710.0,4519800200.48645,683.026123046875,685.730224609375,676.5833740234375,678.9041748046875,6301233.0,4508690432.0,471,2.882209539413452
2024-05-28,691.39501953125,694.5,685.6900024414062,687.3049926757812,7528670.0,5174492479.208374,693.7069091796875,696.9519653320312,690.8135986328125,692.9580078125,6907799.5,5019990016.0,472,2.9050917625427246
2024-05-29,687.7999877929688,690.7999877929688,678.5349731445312,680.6699829101562,7213310.0,4909883594.425659,693.4512939453125,697.9078979492188,689.5496215820312,693.6514892578125,6483276.0,4688625664.0,473,2.9050917625427246
2024-05-30,677.989990234375,679.89501953125,659.405029296875,661.64501953125,11555750.0,7645804434.448242,667.84423828125,678.71826171875,664.3515625,675.6378784179688,11928583.0,7859902464.0,474,2.9050917625427246
2024-05-31,666.4949951171875,677.1950073242188,664.239990234375,669.77001953125,28417330.0,19033075669.125977,661.2915649414062,665.9157104492188,654.6235961914062,657.8348388671875,4348217.0,3404727808.0,475,2.9050917625427246
2024-06-03,694.885009765625,698.8699951171875,683.2949829101562,691.5549926757812,11482120.0,7940517412.502441,671.0100708007812,675.1414184570312,663.798095703125,667.1661987304688,6113086.5,4252146688.0,476,2.9050917625427246
2024-06-04,691.594970703125,691.594970703125,637.5700073242188,650.9550170898438,32993870.0,21477525209.710083,693.063720703125,699.3648071289062,685.5919189453125,696.1355590820312,10050348.0,7019769856.0,477,2.9050917625427246
2024-06-05,660.4000244140625,686.2000122070312,653.5549926757812,683.6649780273438,12185170.0,8330573980.309448,648.4738159179688,654.318603515625,634.3267822265625,638.1954956054688,15051642.0,9879029760.0,478,2.9050917625427246
2024-06-06,685.0,701.2949829101562,682.22998046875,692.5800170898438,14657160.0,10151256123.288574,683.2350463867188,689.8468017578125,678.9339599609375,684.6959228515625,10454309.0,7379475456.0,479,2.9050917625427246
2024-06-07,699.5,729.9000244140625,694.0999755859375,719.1400146484375,29840520.0,21459511989.916992,692.9241943359375,698.80029296875,685.98095703125,692.2284545898438,13128307.0,9101306880.0,480,3.0466227531433105
2024-06-10,725.0,725.0,707.5250244140625,708.885009765625,8723180.0,6183731539.487305,719.4307861328125,723.0399169921875,715.2937622070312,718.5474243164062,6384066.5,4716560896.0,481,3.0466227531433105
2024-06-11,708.2999877929688,716.9000244140625,705.0999755859375,713.8099975585938,12052130.0,8602930885.875854,713.98828125,726.7268676757812,705.7886962890625,711.9127807617188,9588168.0,6920418304.0,482,3.0466227531433105
2024-06-12,714.7999877929688,727.7000122070312,711.5,721.7750244140625,12685080.0,9155773926.694336,703.2960815429688,706.64404296875,692.98291015625,698.3113403320312,8621877.0,6152958976.0,483,3.0466227531433105
2024-06-13,725.219970703125,732.5,723.2150268554688,729.4949951171875,13454950.0,9815318684.552002,739.5322265625,755.4512329101562,718.776611328125,740.3014526367188,34627504.0,24501420032.0,484,3.0466227531433105
2024-06-14,729.60498046875,737.0,724.7000122070312,734.155029296875,11874880.0,8718002874.296875,726.3740844726562,728.5061645507812,719.4132080078125,722.338623046875,9643248.0,6981170176.0,485,3.0466227531433105
2024-06-18,736.5,742.9450073242188,730.0,733.469970703125,9469040.0,6945256491.386719,734.3787841796875,744.6602783203125,731.3588256835938,738.6675415039062,13519288.0,9857750016.0,486,3.0466227531433105
2024-06-19,733.469970703125,734.89501953125,717.7899780273438,723.39501953125,5204000.0,3764547681.640625,738.6626586914062,741.5606079101562,732.2918701171875,734.8416748046875,8118078.5,5989429248.0,487,3.0466227531433105
2024-06-20,722.0,726.489990234375,711.0999755859375,720.7100219726562,9001580.0,6487528919.588623,729.8936767578125,736.5849609375,726.9329223632812,732.1376953125,7485668.5,5539348480.0,488,3.0787057876586914
2024-06-21,723.9299926757812,726.5,707.5,713.4249877929688,14998180.0,10700076383.416748,717.84228515625,721.7554931640625,712.3917846679688,715.4459228515625,6978287.0,5169486848.0,489,3.0787057876586914
2024-06-24,707.5999755859375,710.6950073242188,702.0549926757812,708.1849975585938,6356540.0,4501606264.3811035,715.9375,731.1646728515625,706.4308471679688,718.0451049804688,15495075.0,11186853888.0,490,3.0787057876586914
2024-06-25,710.0999755859375,714.0,699.7999877929688,707.4450073242188,15608110.0,11041879493.267212,710.8648681640625,714.4801025390625,706.8016357421875,708.9037475585938,5849003.5,4360922624.0,491,3.0787057876586914
2024-06-26,707.0,717.9249877929688,703.5,715.8200073242188,9125520.0,6532229793.237305,709.1767578125,711.449462890625,701.7771606445312,704.3713989257812,6848060.5,5140876288.0,492,3.0787057876586914
2024-06-27,715.0,723.9000244140625,708.3049926757812,716.6749877929688,11376060.0,8152937661.63208,713.6997680664062,720.9141845703125,710.8902587890625,717.51171875,7872135.0,5719254016.0,493,3.0787057876586914
2024-06-28,716.5,722.5999755859375,710.530029296875,711.5549926757812,8295840.0,5902946370.439453,715.489013671875,719.5247802734375,711.0608520507812,714.380859375,7887346.0,5725806592.0,494,3.0787057876586914
2024-07-01,707.5,730.4000244140625,707.5,727.6749877929688,7727450.0,5623072084.420776,712.98681640625,719.70068359375,708.3417358398438,714.4573974609375,12459832.0,8849895424.0,495,3.0787057876586914
2024-07-02,727.5,727.594970703125,712.2000122070312,716.5599975585938,12810270.0,9179327039.924927,726.6640625,741.2105712890625,721.9147338867188,735.6436157226562,15698966.0,11448482816.0,496,3.1794192790985107
2024-07-03,718.9949951171875,728.4650268554688,717.0,725.8800048828125,8363930.0,6071209549.239502,716.0838012695312,719.0842895507812,705.1123657226562,709.5137939453125,11918491.0,8480705536.0,497,3.1794192790985107
2024-07-04,730.10498046875,732.5,710.0,710.7050170898438,18979770.0,13489017762.211304,720.6229248046875,722.4911499023438,710.8894653320312,713.9791259765625,8084216.5,5891818496.0,498,3.1794192790985107
2024-07-05,713.4000244140625,714.989990234375,707.7000122070312,713.7999877929688,9310790.0,6646041788.3428955,723.8499755859375,728.5038452148438,709.7072143554688,713.9439086914062,13537979.0,9547016192.0,499,3.1794192790985107
2024-07-08,714.4949951171875,714.7650146484375,704.7000122070312,709.8250122070312,6777050.0,4810519598.977661,710.1964721679688,711.4005737304688,705.7843017578125,707.98193359375,7384483.5,5359825408.0,500,3.1794192790985107
2024-07-09,710.9849853515625,714.239990234375,704.2000122070312,706.8049926757812,9735030.0,6880767807.848511,708.1231079101562,710.8434448242188,705.1174926757812,709.0010986328125,7308781.0,5284825088.0,501,3.1794192790985107
2024-07-10,706.7999877929688,712.9349975585938,702.0999755859375,705.4949951171875,8097140.0,5712491744.763184,706.230224609375,709.0894165039062,691.2929077148438,697.5899658203125,15413257.0,10674316288.0,502,3.1794192790985107
2024-07-11,708.7899780273438,708.7899780273438,693.0,695.030029296875,9718010.0,6754308775.007324,708.747802734375,709.6761474609375,702.0685424804688,703.6639404296875,9738701.0,6960112640.0,503,3.1794192790985107
2024-07-12,699.6950073242188,704.5,691.5050048828125,700.4299926757812,10688330.0,7486426903.616333,699.296142578125,706.374755859375,697.3224487304688,703.5120849609375,5016156.5,3591474176.0,504,3.2175683975219727
2024-07-15,702.0050048828125,708.5,699.5250244140625,706.375,5333730.0,3767613528.75,695.2105102539062,699.7894287109375,686.9308471679688,690.5508422851562,18791848.0,12860955648.0,505,3.2175683975219727
2024-07-16,708.0,709.0,700.52001953125,705.9099731445312,5582000.0,3940389470.0927734,703.9889526367188,714.9634399414062,694.3162231445312,706.8349609375,11067510.0,7914258432.0,506,3.2175683975219727
2024-07-18,704.7100219726562,711.7899780273438,697.114990234375,711.0,8646050.0,6147341550.0,709.7174682617188,712.577880859375,700.6185302734375,701.251220703125,8243534.0,6021949952.0,507,3.2175683975219727
2024-07-19,711.0,711.0,691.0,693.22998046875,9385980.0,6506642732.080078,681.7446899414062,700.548095703125,687.1118774414062,705.790771484375,26523208.0,17974751232.0,508,3.2175683975219727
2024-07-22,693.2000122070312,695.8599853515625,684.9400024414062,688.4249877929688,5751930.0,3959772340.0360107,679.0486450195312,699.6845703125,676.9401245117188,689.6618041992188,11224743.0,7622109696.0,509,3.2175683975219727
2024-07-23,693.4000244140625,694.4849853515625,662.0,672.7100219726562,19322120.0,12998183769.7583,694.1771850585938,695.1251220703125,689.069580078125,693.5313110351562,7468188.5,5198585856.0,510,3.2175683975219727
2024-07-24,663.0,665.469970703125,654.10498046875,660.7150268554688,31006260.0,20486301908.587646,677.9773559570312,682.1974487304688,666.0853881835938,668.3389282226562,7698050.0,5428742144.0,511,3.2175683975219727
2024-07-25,656.0,666.5999755859375,655.14501953125,664.7750244140625,9509650.0,6321777810.919189,662.0120849609375,672.1740112304688,651.7406005859375,660.7632446289062,18760364.0,12628092928.0,512,3.216215133666992
2024-07-26,667.5050048828125,680.8400268554688,666.7100219726562,678.9749755859375,11101840.0,7537871542.958984,662.7739868164062,669.9759521484375,656.5281372070312,664.4414672851562,8955234.0,5948380672.0,513,3.216215133666992
2024-07-29,682.385009765625,685.5,676.5750122070312,681.2449951171875,7485650.0,5099561597.698975,670.6279296875,701.3803100585938,665.246826171875,687.3233642578125,24254012.0,16800669696.0,514,3.216215133666992
2024-07-30,681.2449951171875,689.9000244140625,678.2999877929688,682.3599853515625,11794130.0,8047842374.034424,682.5875244140625,695.635498046875,678.1873168945312,690.7861328125,14806572.0,10106443776.0,515,3.216215133666992
2024-07-31,682.6950073242188,685.5,679.2999877929688,680.6950073242188,8896590.0,6055864395.210571,681.7872314453125,684.1859741210938,672.9803466796875,674.9743041992188,5328464.5,4129521664.0,516,3.216215133666992
2024-08-01,683.1500244140625,684.4000244140625,675.0,677.1649780273438,8395230.0,5684955738.484497,680.36376953125,684.0699462890625,674.9716186523438,679.4419555664062,7353523.5,5034391552.0,517,3.216215133666992
2024-08-02,672.5,675.0,667.3099975585938,672.5,6222180.0,4184416050.0,680.40625,685.6432495117188,676.7389526367188,682.481689453125,5252029.0,3818381824.0,518,3.216215133666992
2024-08-05,665.0,665.0,653.260009765625,659.6699829101562,9440410.0,6227555103.364868,670.0391845703125,674.418701171875,664.8048095703125,668.9005737304688,5103594.0,3484896256.0,519,3.216215133666992
2024-08-06,662.5999755859375,669.7000122070312,651.1500244140625,653.8350219726562,8918280.0,5831083799.758301,640.1696166992188,669.9067993164062,624.6053466796875,657.3262939453125,16337240.0,10425292800.0,520,3.252441883087158
2024-08-07,660.0,665.9349975585938,658.1099853515625,663.7150268554688,4642840.0,3081522675.2856445,656.089599609375,661.8167114257812,650.7902221679688,656.0361328125,6335429.5,4355825664.0,521,3.252441883087158
2024-08-08,662.5050048828125,667.8049926757812,657.135009765625,658.219970703125,6903890.0,4544278273.537598,662.772705078125,670.44091796875,654.1621704101562,663.2407836914062,7997533.0,5796847616.0,522,3.252441883087158
2024-08-09,670.0,670.0,659.0999755859375,661.8200073242188,6994900.0,4629364769.232178,661.3514404296875,665.99560546875,652.3297729492188,656.875244140625,8372981.5,5848790528.0,523,3.252441883087158
2024-08-12,661.9099731445312,664.5,656.405029296875,660.8150024414062,6748870.0,4459754545.526733,662.0567016601562,666.9736328125,652.7969360351562,659.3019409179688,16494135.0,11133663232.0,524,3.252441883087158
2024-08-13,664.4949951171875,664.4949951171875,645.219970703125,646.5050048828125,10723270.0,6932647723.709717,650.6338500976562,666.642333984375,642.5762329101562,659.630615234375,11985797.0,7971705344.0,525,3.252441883087158
2024-08-14,648.25,648.9949951171875,643.094970703125,645.8499755859375,7742760.0,5000661356.967773,648.057861328125,656.3829956054688,643.0950317382812,650.651611328125,10519963.0,6998696960.0,526,3.252441883087158
2024-08-16,650.5,660.0,642.5,659.0900268554688,7534190.0,4965709489.434204,648.6585083007812,654.9608764648438,642.5751953125,648.4639282226562,8446347.0,5688324096.0,527,3.252441883087158
2024-08-19,663.7999877929688,665.5999755859375,659.3599853515625,661.635009765625,5287300.0,3498262787.133789,659.162841796875,662.8551635742188,651.1861572265625,654.9849853515625,5879662.5,4170318848.0,528,3.2025768756866455
2024-08-20,664.7349853515625,677.3900146484375,661.635009765625,672.219970703125,9571590.0,6434213949.382324,662.9591064453125,666.7337036132812,656.6399536132812,660.8262939453125,6245097.0,4364231680.0,529,3.2025768756866455
2024-08-21,672.1950073242188,674.72998046875,669.5,673.5349731445312,6331110.0,4264224003.8250732,674.5457153320312,690.9163208007812,669.90576171875,686.2221069335938,14340608.0,9760018432.0,530,3.2025768756866455
2024-08-22,675.0,676.5,672.3900146484375,674.3599853515625,7282600.0,4911094029.321289,675.7802124023438,679.4647827148438,670.9055786132812,675.2517700195312,4891005.0,3607307264.0,531,3.2025768756866455
2024-08-23,675.5,676.2000122070312,670.4949951171875,673.5850219726562,6180450.0,4163058549.0509033,674.6527709960938,689.5037841796875,660.179931640625,674.5830688476562,7939892.0,5521674240.0,532,3.2025768756866455
2024-08-26,677.5999755859375,681.9000244140625,675.60498046875,677.8350219726562,8983430.0,6089283471.439819,669.844970703125,689.435791015625,661.4375610351562,672.7902221679688,10489695.0,7201028096.0,533,3.2025768756866455
2024-08-27,677.8350219726562,687.3350219726562,673.0,686.3599853515625,20359020.0,13973616668.972168,678.7129516601562,682.4039306640625,671.7783813476562,676.8740234375,8447743.0,5866528768.0,534,3.2025768756866455
2024-08-28,687.5999755859375,691.7000122070312,685.2000122070312,690.0,8489860.0,5858003400.0,682.9672241210938,698.0955810546875,668.1974487304688,694.7858276367188,14523762.0,9921912832.0,535,3.2025768756866455
2024-08-29,688.905029296875,715.7999877929688,688.155029296875,706.35498046875,26391590.0,18641831038.989258,688.4127197265625,691.388427734375,680.6664428710938,687.3117065429688,6819257.0,4811783168.0,536,3.2144927978515625
2024-08-30,707.10498046875,721.5050048828125,707.10498046875,720.0150146484375,20443670.0,14719749354.517822,705.350341796875,714.2505493164062,699.5706787109375,710.1480102539062,15013954.0,10464821248.0,537,3.2144927978515625
2024-09-02,727.4000244140625,745.0,722.9000244140625,744.0050048828125,22963780.0,17085167251.027832,717.1194458007812,721.8173828125,709.1481323242188,715.8157958984375,12835347.0,8998120448.0,538,3.2144927978515625
2024-09-03,746.0,746.0,720.6099853515625,735.3800048828125,18986560.0,13962336585.507812,742.4385375976562,744.1253662109375,727.5322265625,730.822021484375,15338758.0,10877151232.0,539,3.2144927978515625
2024-09-04,725.4949951171875,737.7000122070312,724.5250244140625,729.9500122070312,8867460.0,6472802535.245361,730.5023193359375,738.0255126953125,718.3038330078125,722.8834838867188,18831698.0,13159073792.0,540,3.2144927978515625
2024-09-05,732.0,732.6649780273438,719.2999877929688,724.489990234375,6734470.0,4879056104.533691,732.1700439453125,739.0872802734375,726.6511840820312,734.607666015625,9884622.0,6994146816.0,541,3.2144927978515625
2024-09-06,725.5549926757812,739.5,725.5549926757812,731.7150268554688,18428270.0,13484242077.94983,724.6402587890625,732.6033935546875,720.079345703125,729.0226440429688,8306307.0,5907315712.0,542,3.2144927978515625
2024-09-09,732.4000244140625,737.7949829101562,726.280029296875,734.7449951171875,8789380.0,6457952965.183105,731.5401000976562,737.802978515625,724.8353271484375,732.7538452148438,12015998.0,8532570624.0,543,3.2144927978515625
2024-09-10,736.9949951171875,736.9949951171875,719.2999877929688,724.1849975585938,13089320.0,9479089172.243652,730.8766479492188,731.6930541992188,717.2108764648438,721.4661865234375,9447556.0,6731881984.0,544,3.2399630546569824
2024-09-11,725.0,743.2000122070312,720.6300048828125,734.5549926757812,11048900.0,8116024658.575439,722.4784545898438,727.429931640625,717.2155151367188,722.8175048828125,7163819.5,5131950592.0,545,3.2399630546569824
2024-09-12,742.0,744.0,729.6599731445312,742.8300170898438,14467640.0,10746997268.449707,745.7255249023438,753.8070068359375,741.415771484375,751.034423828125,10054494.0,7328168960.0,546,3.2399630546569824
2024-09-13,742.8300170898438,766.0,735.2000122070312,759.8499755859375,22084380.0,16780815603.830566,739.7579345703125,747.5804443359375,732.670654296875,740.5608520507812,18188514.0,13055676416.0,547,3.2399630546569824
2024-09-16,768.0,768.0,732.2000122070312,734.5750122070312,26795550.0,19683341468.344116,754.689697265625,769.6669311523438,748.2379760742188,759.5584716796875,16607291.0,12579802112.0,548,3.2399630546569824
2024-09-17,733.75,745.5,728.614990234375,736.5499877929688,15677860.0,11547527591.619873,733.7596435546875,742.3130493164062,727.4494018554688,737.5838012695312,10863856.0,7740040704.0,549,3.2399630546569824
2024-09-18,738.7249755859375,767.25,737.8499755859375,763.1099853515625,29749930.0,22702468646.51001,737.267333984375,745.2092895507812,731.45166015625,739.005126953125,9261081.0,6679897600.0,550,3.2399630546569824
2024-09-19,767.5,774.7999877929688,756.0,759.0349731445312,17206440.0,13060289723.312988,757.9786376953125,765.1301879882812,744.5869750976562,752.6629028320312,23337104.0,16996075520.0,551,3.2399630546569824
2024-09-20,763.5,765.5,748.7249755859375,758.2449951171875,16450040.0,12473160499.47754,776.8565063476562,776.640869140625,742.6698608398438,752.7785034179688,27127400.0,19519807488.0,552,3.117032289505005
2024-09-23,762.5750122070312,763.594970703125,753.1699829101562,759.510009765625,5734970.0,4355767120.705566,755.5443725585938,761.5702514648438,745.6609497070312,753.9520263671875,13877027.0,9917249536.0,553,3.117032289505005
2024-09-24,759.7000122070312,760.344970703125,748.3900146484375,755.4199829101562,10695400.0,8079518885.217285,758.1304931640625,761.5046997070312,746.7386474609375,753.726806640625,8898320.0,6448349184.0,554,3.117032289505005
2024-09-25,754.5,764.0,749.8049926757812,762.3900146484375,12720380.0,9697890694.533691,757.2138671875,762.271728515625,748.595947265625,756.1058349609375,9630352.0,6950996480.0,555,3.117032289505005
2024-09-26,764.0,777.9400024414062,758.7550048828125,776.8400268554688,16681650.0,12958973433.99353,757.8358154296875,763.6061401367188,751.3330078125,758.9802856445312,7269480.5,5167429120.0,556,3.117032289505005
2024-09-27,778.0,781.0,771.0999755859375,775.5999755859375,11781310.0,9137583748.370361,768.6882934570312,775.1889038085938,759.06494140625,769.6116943359375,10945878.0,7949272064.0,557,3.117032289505005
2024-09-30,774.5999755859375,782.4000244140625,767.614990234375,770.2999877929688,9619520.0,7409916138.574219,793.4991455078125,802.0823974609375,758.9053344726562,768.7841186523438,18223230.0,13138739200.0,558,3.117032289505005
2024-10-01,766.010009765625,781.4650268554688,765.0999755859375,770.2999877929688,7882880.0,6072182367.7734375,773.9329223632812,782.7207641601562,766.1581420898438,777.0096435546875,11979315.0,8792933376.0,559,3.117032289505005
2024-10-03,761.0,770.0,738.0999755859375,743.385009765625,10406620.0,7736125310.327148,767.623046875,774.2086181640625,762.03173828125,769.2783203125,6571142.0,4699469824.0,560,3.044907331466675
2024-10-04,742.0,743.0,715.5,721.135009765625,17681110.0,12750467432.51709,737.99072265625,747.8941040039062,730.9990234375,740.2178955078125,9718653.0,6993999872.0,561,3.044907331466675
2024-10-07,721.135009765625,732.4000244140625,719.030029296875,726.9400024414062,9362270.0,6805808576.6571045,719.014404296875,721.5831298828125,711.5173950195312,716.8126220703125,10512113.0,7324070912.0,562,3.044907331466675
2024-10-08,726.4849853515625,729.5399780273438,716.0050048828125,718.6950073242188,9038050.0,6495601410.946655,730.728271484375,747.9479370117188,726.7408447265625,743.7291259765625,8659971.0,6324865536.0,563,3.044907331466675
2024-10-09,721.5999755859375,742.6799926757812,720.6099853515625,730.0449829101562,10543750.0,7697411788.55896,721.8707885742188,739.1620483398438,718.8509521484375,735.6104125976562,13172459.0,9410182144.0,564,3.044907331466675
2024-10-10,732.0,736.7999877929688,727.2999877929688,731.969970703125,5594270.0,4094837648.005371,732.6874389648438,731.3457641601562,717.4085083007812,719.5646362304688,10136854.0,7148339712.0,565,3.044907331466675
2024-10-11,732.5,733.0,722.60498046875,730.2000122070312,3615870.0,2640308318.139038,735.0010375976562,744.097412109375,729.572265625,740.0528564453125,7683802.0,5609010176.0,566,3.044907331466675
2024-10-14,729.27001953125,731.385009765625,720.0,720.8800048828125,4451810.0,3209220814.5373535,737.3740844726562,747.496826171875,724.1262817382812,728.0879516601562,6657312.5,4949986304.0,567,3.044907331466675
2024-10-15,724.489990234375,725.614990234375,697.9000244140625,701.6900024414062,14855670.0,10424075118.568726,721.111328125,726.38232421875,715.123046875,721.4697875976562,6699935.0,5007137792.0,568,3.051265239715576
2024-10-16,701.0,705.9349975585938,692.0,695.635009765625,11256980.0,7830749392.231445,702.9940795898438,705.5120849609375,695.3650512695312,698.4259643554688,4858562.5,3706228736.0,569,3.051265239715576
2024-10-17,698.094970703125,699.8800048828125,687.0999755859375,689.9500122070312,6897550.0,4758964706.698608,702.4423217773438,714.2171630859375,695.5504760742188,701.0628051757812,14374557.0,10246787072.0,570,3.051265239715576
2024-10-18,689.2999877929688,693.864990234375,682.0700073242188,689.9550170898438,7449290.0,5139675009.257202,690.6168823242188,692.7695922851562,680.8403930664062,685.9857788085938,7424070.5,5174920192.0,571,3.051265239715576
2024-10-21,690.905029296875,695.0750122070312,671.7249755859375,678.0900268554688,22099660.0,14985559042.896729,694.441650390625,700.63916015625,684.7041625976562,687.5068969726562,6641283.0,4741980160.0,572,3.051265239715576
2024-10-22,680.0,683.2999877929688,664.364990234375,667.7899780273438,17006190.0,11356563246.428833,678.182861328125,682.640625,669.4493408203125,673.6193237304688,12838862.0,8649820160.0,573,3.051265239715576
2024-10-23,660.5750122070312,709.885009765625,660.0999755859375,699.5800170898438,26373910.0,18450660408.526,660.5159912109375,678.8198852539062,652.435791015625,675.7568969726562,15461566.0,10128998400.0,574,3.051265239715576
2024-10-24,701.25,712.2849731445312,699.0599975585938,704.0900268554688,8951250.0,6302485852.890015,698.7233276367188,702.5833129882812,689.5687866210938,693.55029296875,14429494.0,9992705024.0,575,3.051265239715576
2024-10-25,704.0900268554688,705.9949951171875,689.3300170898438,691.0150146484375,10223240.0,7064412338.354492,708.8370971679688,714.0328979492188,703.1326904296875,709.17431640625,8161091.0,5851037184.0,576,3.2329518795013428
2024-10-28,692.0,704.5,687.5,691.135009765625,7149810.0,4941484004.172363,695.8406372070312,703.3541870117188,691.20703125,699.5066528320312,6920766.0,4855333888.0,577,3.2329518795013428
2024-10-29,690.9099731445312,706.0,680.219970703125,702.25,14097500.0,9899969375.0,696.2093505859375,701.3510131835938,691.4111328125,696.330810546875,6181039.5,4442593280.0,578,3.2329518795013428
2024-10-30,699.9000244140625,702.0449829101562,693.2000122070312,695.5,5660440.0,3936836020.0,697.2213745117188,717.401123046875,663.45263671875,681.1384887695312,18709636.0,13016041472.0,579,3.2329518795013428
2024-10-31,694.9000244140625,697.0800170898438,687.9749755859375,688.9749755859375,7301530.0,5030571453.48999,694.0751342773438,695.2996215820312,682.4086303710938,686.3068237304688,7824044.0,5389757440.0,580,3.2329518795013428
2024-11-01,693.0,694.4550170898438,690.2000122070312,692.3599853515625,450110.0,311638153.0065918,690.3309326171875,695.3344116210938,684.865966796875,689.7747802734375,8192566.5,5685908480.0,581,3.2329518795013428
2024-11-04,697.5,697.5,675.2899780273438,684.3699951171875,7162390.0,4901724809.327393,687.8052368164062,709.2272338867188,682.9553833007812,694.0130004882812,8596638.0,6050206720.0,582,3.2329518795013428
2024-11-05,684.5,701.4949951171875,671.2000122070312,693.0349731445312,12234300.0,8478797771.942139,687.6932983398438,690.9462280273438,680.2687377929688,684.2410888671875,7460707.0,5156109824.0,583,3.2329518795013428
2024-11-06,693.5,702.4099731445312,689.22998046875,700.6199951171875,6962620.0,4878150790.402832,694.7188720703125,701.52783203125,682.5518798828125,688.4527587890625,9251664.0,6474828800.0,584,3.3162248134613037
2024-11-07,700.6199951171875,703.89501953125,687.0,690.4500122070312,4590470.0,3169490067.5360107,706.847412109375,714.8154296875,699.4039306640625,707.6221923828125,9210536.0,6632377856.0,585,3.3162248134613037
2024-11-08,690.4500122070312,695.155029296875,684.0999755859375,689.594970703125,4248400.0,2929675273.5351562,694.09716796875,697.9098510742188,673.089599609375,695.944091796875,7850585.5,5559556608.0,586,3.3162248134613037
2024-11-11,686.0,690.4199829101562,675.2150268554688,677.8800048828125,7623160.0,5167587738.022461,685.6578369140625,699.2681884765625,677.4100341796875,696.317138671875,7014622.0,4956904448.0,587,3.3162248134613037
2024-11-12,681.9000244140625,683.6849975585938,661.5,663.8200073242188,10572330.0,7018124178.034058,677.4093017578125,683.0429077148438,665.7084350585938,676.1458740234375,11144394.0,7618983424.0,588,3.3162248134613037
2024-11-13,663.5,670.2249755859375,652.6599731445312,656.5999755859375,8673470.0,5695000190.245361,670.1986694335938,678.8367309570312,663.1663818359375,668.4275512695312,7682025.0,5153371136.0,589,3.3162248134613037
2024-11-14,657.22998046875,663.9450073242188,653.0,654.9149780273438,5277030.0,3456005986.499634,659.5790405273438,664.97705078125,655.0836181640625,659.8067626953125,5243847.0,3546612224.0,590,3.3162248134613037
2024-11-18,663.2999877929688,665.7000122070312,655.5,656.7949829101562,5965350.0,3918011951.3031006,662.1134643554688,666.9638671875,657.3477172851562,661.8401489257812,4047605.0,2734456832.0,591,3.3162248134613037
2024-11-19,659.4349975585938,664.47998046875,656.0999755859375,659.530029296875,8040460.0,5302924819.360352,663.7908325195312,672.96337890625,659.702880859375,669.1342163085938,5336473.0,3624387584.0,592,3.163219928741455
2024-11-21,661.4000244140625,661.4000244140625,645.0999755859375,646.5650024414062,11010800.0,7119197928.881836,659.2481689453125,660.012939453125,649.7824096679688,651.1507568359375,4576807.0,3095337472.0,593,3.163219928741455
2024-11-22,647.0,672.239990234375,645.60498046875,668.39501953125,9698550.0,6482462516.674805,651.6826171875,656.5645751953125,645.6126708984375,649.36376953125,8990015.0,5796302848.0,594,3.163219928741455
2024-11-25,678.989990234375,686.2999877929688,666.72998046875,668.5399780273438,11327510.0,7572893286.504517,671.4356079101562,682.0248413085938,667.8898315429688,678.1484985351562,7307333.0,5060749312.0,595,3.163219928741455
2024-11-26,672.2000122070312,673.97998046875,660.844970703125,661.7949829101562,6632780.0,4389540526.746826,675.5722045898438,682.2260131835938,671.348876953125,677.6182250976562,6949378.5,4774108160.0,596,3.163219928741455
2024-11-27,665.0,673.3300170898438,661.2249755859375,670.52001953125,6420100.0,4304805577.392578,668.0206909179688,678.185546875,663.6646118164062,673.3974609375,5389615.5,3617529856.0,597,3.163219928741455
2024-11-28,671.4000244140625,672.625,649.5,650.9400024414062,15768820.0,10264555729.298096,674.7652587890625,687.53369140625,669.8527221679688,677.7362060546875,15922208.0,10608702464.0,598,3.163219928741455
2024-11-29,651.9000244140625,660.9000244140625,651.0349731445312,657.5900268554688,7096430.0,4666541594.277954,654.2885131835938,664.7056884765625,632.5425415039062,655.2232666015625,14914718.0,9397086208.0,599,3.163219928741455
2024-12-02,659.5,666.5,649.0999755859375,665.0650024414062,9202490.0,6120254034.317017,656.7810668945312,663.429443359375,645.5297241210938,654.4047241210938,14490954.0,9170201600.0,600,3.1610453128814697
2024-12-03,669.614990234375,672.239990234375,663.0800170898438,667.5449829101562,13136660.0,8769311475.196533,652.1814575195312,688.0321044921875,637.6099243164062,652.3639526367188,15296988.0,9735543808.0,601,3.1610453128814697
2024-12-04,670.1749877929688,676.4400024414062,666.6849975585938,674.0,11304410.0,7619172340.0,669.5498046875,671.9283447265625,658.2132568359375,660.9613647460938,12296783.0,8054992384.0,602,3.1610453128814697
2024-12-05,676.0,688.989990234375,668.5449829101562,685.0399780273438,13482430.0,9236003550.9552,670.9490356445312,682.2747802734375,658.1708984375,677.787353515625,10613471.0,6966834176.0,603,3.1610453128814697
2024-12-06,687.594970703125,693.5,677.864990234375,685.030029296875,8332070.0,5707718156.203613,687.8226318359375,690.8126220703125,679.0909423828125,683.9747924804688,9124384.0,6274038784.0,604,3.1610453128814697
2024-12-09,685.010009765625,692.5,682.7899780273438,686.8350219726562,8409100.0,5775664383.270264,686.1493530273438,688.5713500976562,679.1934814453125,682.175537109375,5960069.0,4151845888.0,605,3.1610453128814697
2024-12-10,688.47998046875,695.885009765625,684.405029296875,693.6199951171875,12045630.0,8355089821.783447,682.33984375,688.6077880859375,674.0673217773438,677.5875244140625,16735446.0,11252408320.0,606,3.1610453128814697
2024-12-11,695.989990234375,716.5,689.3099975585938,711.510009765625,19931040.0,14181134465.039062,694.3197021484375,698.5005493164062,665.5833740234375,692.3895874023438,12067356.0,8168553472.0,607,3.1610453128814697
2024-12-12,712.1849975585938,714.8400268554688,707.5,712.5800170898438,9667960.0,6889195102.023926,707.4085693359375,709.924072265625,699.8984375,703.635498046875,13817162.0,9631952896.0,608,3.147848606109619
2024-12-13,709.9000244140625,721.7249755859375,698.0599975585938,718.280029296875,12504360.0,8981632067.138672,713.9536743164062,720.7819213867188,709.3013305664062,716.8875732421875,8523747.0,6162892288.0,609,3.147848606109619
2024-12-16,718.280029296875,724.7999877929688,715.6099853515625,720.8400268554688,7960740.0,5738420035.389404,713.5514526367188,717.2837524414062,706.2601928710938,711.0877075195312,9620686.0,6836962304.0,610,3.147848606109619
2024-12-17,720.0,725.739990234375,711.0,715.280029296875,10318560.0,7380659899.1015625,716.65625,717.8638916015625,694.4674072265625,696.7173461914062,6854753.0,4912799744.0,611,3.147848606109619
2024-12-18,714.9000244140625,717.8800048828125,706.0399780273438,707.4450073242188,7275140.0,5146761470.584717,705.3756713867188,722.8065185546875,692.0429077148438,706.1314086914062,11237552.0,8050070528.0,612,3.147848606109619
2024-12-19,695.0,702.4450073242188,688.7849731445312,691.85498046875,9076750.0,6279794693.969727,704.6102294921875,709.183837890625,692.2996215820312,696.1619873046875,10311762.0,7354592768.0,613,3.147848606109619
2024-12-20,691.3350219726562,702.4000244140625,680.469970703125,684.8250122070312,27000190.0,18490405446.342163,694.6376342773438,692.3794555664062,675.6340942382812,674.4641723632812,8867502.0,6022515712.0,614,3.147848606109619
2024-12-23,689.7000122070312,697.6900024414062,685.594970703125,686.6699829101562,5829280.0,4002791597.9785156,683.8151245117188,686.72412109375,673.40771484375,677.29345703125,7785211.0,5463114240.0,615,3.147848606109619
2024-12-24,688.2000122070312,691.0,679.4000244140625,680.8200073242188,6014270.0,4094635345.449829,659.4447631835938,693.308349609375,647.0787963867188,669.7506713867188,13573938.0,9218301952.0,616,3.181523323059082
2024-12-26,683.0399780273438,685.7999877929688,680.0050048828125,681.5750122070312,3290960.0,2243036102.1728516,679.1539916992188,680.9552612304688,668.4553833007812,669.3981323242188,4262085.5,3229317120.0,617,3.181523323059082
2024-12-27,684.6849975585938,697.6699829101562,683.0399780273438,690.7750244140625,5554180.0,3836688825.1000977,680.8770751953125,684.0240478515625,675.0853881835938,678.4555053710938,6005022.0,4120611584.0,618,3.181523323059082
2024-12-30,690.0,699.5,686.5,688.8250122070312,4908760.0,3381276666.9213867,692.3251342773438,694.2791137695312,687.27587890625,689.822998046875,4492683.0,3198798336.0,619,3.181523323059082
2024-12-31,686.9949951171875,687.7000122070312,679.2000122070312,682.2999877929688,6153980.0,4198860478.878174,688.07177734375,704.3799438476562,678.772705078125,683.72705078125,9989902.0,6964252672.0,620,3.181523323059082
2025-01-01,682.2999877929688,694.7949829101562,680.5999755859375,693.530029296875,4187210.0,2903955873.972168,675.5575561523438,692.1187133789062,661.9021606445312,688.6458740234375,11991299.0,8210119168.0,621,3.181523323059082
2025-01-02,698.0,743.0,697.0999755859375,738.9199829101562,31716510.0,23435963027.1698,692.3822631835938,695.8621826171875,683.4703369140625,685.4990234375,11701616.0,7985270784.0,622,3.181523323059082
2025-01-03,738.9749755859375,750.0,735.9249877929688,740.7249755859375,15059280.0,11154784810.341797,745.321533203125,753.0812377929688,728.7791748046875,735.604736328125,24814842.0,18306951168.0,623,3.181523323059082
2025-01-06,750.0,759.989990234375,731.6749877929688,734.9349975585938,19059760.0,14007684669.067383,746.32275390625,753.3001098632812,739.513427734375,745.8718872070312,11450384.0,8669378560.0,624,3.1496987342834473
2025-01-07,735.4949951171875,744.6900024414062,730.14501953125,735.39501953125,10425380.0,7666772528.720703,734.8388061523438,746.2420043945312,728.6516723632812,740.2819213867188,14200350.0,10594064384.0,625,3.1496987342834473
2025-01-08,736.1849975585938,738.844970703125,725.6699829101562,735.5399780273438,8444660.0,6211385030.848389,732.5203857421875,747.0613403320312,726.5491333007812,731.98095703125,11252924.0,8341237248.0,626,3.1496987342834473
2025-01-09,733.844970703125,735.5399780273438,723.5999755859375,727.7449951171875,6681410.0,4862362687.825928,733.6708984375,737.8479614257812,727.4595947265625,732.5006713867188,6441111.0,4812176384.0,627,3.1496987342834473
2025-01-10,727.7449951171875,736.7050170898438,724.5050048828125,728.8049926757812,8089630.0,5895762732.89978,721.781982421875,729.8133544921875,717.2376098632812,726.7632446289062,5364105.5,3996833792.0,628,3.1496987342834473
2025-01-13,724.0,725.510009765625,713.4000244140625,715.094970703125,6642740.0,4750189965.688477,727.7728271484375,726.7119750976562,712.2373657226562,713.246337890625,12481571.0,8918288384.0,629,3.1496987342834473
2025-01-14,723.0,738.7999877929688,719.114990234375,733.5,9980110.0,7320410685.0,723.5255737304688,734.3294067382812,679.2041015625,705.6871948242188,8156339.0,5921155584.0,630,3.1496987342834473
2025-01-15,734.0499877929688,735.0,710.52001953125,717.739990234375,6817500.0,4893192383.422852,728.603271484375,739.960693359375,718.4473876953125,727.9121704101562,11974170.0,8764967936.0,631,3.1496987342834473
2025-01-16,720.0,728.9000244140625,719.405029296875,725.9749755859375,8608490.0,6249548317.581787,709.652587890625,721.7245483398438,704.111328125,719.7382202148438,6763741.0,4913015808.0,632,3.127256393432617
2025-01-17,722.0999755859375,728.4949951171875,715.6300048828125,718.2100219726562,6652740.0,4778064541.578369,719.6895751953125,727.4696655273438,712.427001953125,719.653076171875,8575597.0,6408193024.0,633,3.127256393432617
2025-01-20,718.2100219726562,747.0,718.2100219726562,744.010009765625,10679710.0,7945811141.394043,715.831787109375,721.230224609375,712.9679565429688,719.3878173828125,8552796.0,6150902784.0,634,3.127256393432617
2025-01-21,745.0,748.5,727.760009765625,729.1649780273438,10032060.0,7315026809.468994,737.19189453125,741.33984375,726.3864135742188,733.8016967773438,11253531.0,8320320512.0,635,3.127256393432617
2025-01-22,733.9000244140625,742.0250244140625,726.0349731445312,739.7150268554688,7273680.0,5380450396.538086,728.3756103515625,746.2145385742188,724.4009399414062,742.140869140625,14857143.0,10942399488.0,636,3.127256393432617
2025-01-23,734.0999755859375,752.4000244140625,732.5,744.3250122070312,10302950.0,7668743384.518433,736.7786865234375,748.1199340820312,724.3847045898438,727.3402709960938,11152234.0,8321252864.0,637,3.127256393432617
2025-01-24,744.3250122070312,750.5,733.8300170898438,743.8599853515625,6796870.0,5055919618.636475,744.7202758789062,750.2938842773438,738.0308837890625,743.8399047851562,6799396.0,5183697408.0,638,3.127256393432617
2025-01-27,738.010009765625,747.4500122070312,726.0,729.5449829101562,6928100.0,5054360596.0998535,747.6476440429688,755.0983276367188,743.9491577148438,752.552490234375,13466179.0,10314422272.0,639,3.127256393432617
2025-01-28,739.0,770.6799926757812,734.5,760.6599731445312,24789330.0,18856251092.070923,723.278076171875,741.4007568359375,712.9844360351562,717.8236083984375,10465881.0,7664676352.0,640,3.1270675659179688
2025-01-29,765.7249755859375,778.7000122070312,756.89501953125,775.9650268554688,15149200.0,11755249384.838867,763.5316772460938,768.9182739257812,752.2885131835938,758.0987548828125,11637880.0,9104119808.0,641,3.1270675659179688
2025-01-30,785.0,825.0650024414062,785.0,790.1649780273438,56488830.0,44635495115.74036,770.7938232421875,781.6777954101562,765.541015625,776.5882568359375,8254021.0,6609915904.0,642,3.1270675659179688
2025-01-31,792.5,798.0650024414062,779.0999755859375,788.510009765625,18335460.0,14457693743.657227,800.16552734375,814.3114013671875,783.895263671875,791.5762329101562,20676730.0,16908732416.0,643,3.1270675659179688
2025-02-01,788.0,810.9949951171875,778.4400024414062,800.010009765625,16153780.0,12923185695.551758,796.083251953125,808.4473876953125,773.602294921875,785.1593017578125,15905338.0,12937377792.0,644,3.1270675659179688
2025-02-03,792.219970703125,843.9299926757812,792.10498046875,842.5800170898438,43369260.0,36542071831.97388,788.6812744140625,798.939697265625,777.7138061523438,789.4287719726562,15339892.0,12256344064.0,645,3.1270675659179688
2025-02-04,842.5,849.0,830.2999877929688,847.5349731445312,19663000.0,16665080176.940918,835.6144409179688,844.7595825195312,806.4025268554688,813.52490234375,21606744.0,18080043008.0,646,3.1270675659179688
2025-02-05,850.0,858.8699951171875,844.5499877929688,850.9450073242188,18674930.0,15891338445.629272,831.5181884765625,843.7886352539062,821.8218994140625,837.76220703125,14618382.0,12236402688.0,647,3.1270675659179688
2025-02-06,853.4249877929688,866.280029296875,846.2000122070312,850.72998046875,17094730.0,14542999319.018555,837.5358276367188,848.8994750976562,761.595947265625,785.8827514648438,23153032.0,18773753856.0,648,2.952718496322632
2025-02-07,858.5,858.5,838.3900146484375,847.4249877929688,9665400.0,8190701477.01416,840.2017822265625,850.7758178710938,818.3277587890625,829.7295532226562,19576802.0,17301430272.0,649,2.952718496322632
2025-02-10,847.8800048828125,848.7999877929688,822.0,828.6799926757812,12438380.0,10307436647.298584,847.4895629882812,858.759521484375,837.4776000976562,849.8397827148438,10444469.0,9108111360.0,650,2.952718496322632
2025-02-11,829.9000244140625,835.510009765625,813.9349975585938,819.1199951171875,9630590.0,7888608833.775635,825.03662109375,836.1881713867188,815.883544921875,828.18017578125,9112801.0,7414381568.0,651,2.952718496322632
2025-02-12,814.9650268554688,828.4000244140625,802.5,821.405029296875,14837310.0,12187441055.236816,826.5782470703125,853.1594848632812,816.081787109375,833.0432739257812,11743636.0,9732733952.0,652,2.952718496322632
2025-02-13,819.7050170898438,849.7999877929688,819.7050170898438,840.9000244140625,18003130.0,15138832456.529541,814.4620971679688,832.6150512695312,809.774169921875,828.187744140625,10092276.0,8219421696.0,653,2.952718496322632
2025-02-14,840.85498046875,845.5599975585938,828.2000122070312,839.22998046875,8633150.0,7245198305.883789,831.6113891601562,841.6991577148438,819.89599609375,830.71484375,12546389.0,10139618304.0,654,2.952718496322632
2025-02-17,822.0250244140625,848.7999877929688,822.0250244140625,842.6599731445312,8627990.0,7270461821.691284,828.6262817382812,842.4017333984375,821.6450805664062,836.7188720703125,9813892.0,7892929024.0,655,2.952718496322632
2025-02-18,843.0,848.0,836.0700073242188,846.5900268554688,8689770.0,7356672617.667847,833.8532104492188,847.1287231445312,828.1859130859375,841.4555053710938,8007334.0,6240479744.0,656,2.8460586071014404
2025-02-19,845.9149780273438,852.9000244140625,840.0,843.9450073242188,8961980.0,7563418276.739502,847.3999633789062,859.0802612304688,840.0475463867188,852.3489379882812,8905962.0,7139833856.0,657,2.8460586071014404
2025-02-20,835.5850219726562,845.5599975585938,834.5650024414062,839.9450073242188,7900700.0,6636153519.366455,841.7100219726562,852.9635620117188,832.4464721679688,843.4930419921875,10443850.0,8450615296.0,658,2.8460586071014404
2025-02-21,836.0,842.030029296875,828.7999877929688,839.6699829101562,6086470.0,5110626160.883179,836.2080078125,843.2929077148438,823.975830078125,832.8171997070312,7539438.0,5972729344.0,659,2.8460586071014404
2025-02-24,832.7999877929688,839.9000244140625,831.10498046875,835.4949951171875,3552600.0,2968179519.6533203,828.8990478515625,837.557861328125,821.2056274414062,830.8115234375,7282594.5,5754450432.0,660,2.8460586071014404
2025-02-25,835.4949951171875,852.6649780273438,833.8049926757812,848.8800048828125,10985410.0,9325294894.439697,834.2791137695312,841.8899536132812,823.013427734375,831.2975463867188,9229695.0,7485493760.0,661,2.8460586071014404
2025-02-27,854.260009765625,873.9000244140625,854.260009765625,870.5399780273438,18382830.0,16002988424.280396,845.3385620117188,859.62451171875,841.3709716796875,855.4441528320312,7360823.0,5833921536.0,662,2.8460586071014404
2025-02-28,866.5,867.0,851.0050048828125,853.030029296875,17545800.0,14967094288.03711,892.1307373046875,892.9631958007812,846.8482666015625,859.2424926757812,22219672.0,18147217408.0,663,2.8460586071014404
2025-03-03,853.5999755859375,865.0800170898438,843.8099975585938,862.7849731445312,8749960.0,7549334003.615723,847.3929443359375,855.1968994140625,840.1279907226562,848.4075317382812,6338093.5,5003841536.0,664,2.7150089740753174
2025-03-04,852.219970703125,861.9299926757812,851.364990234375,858.594970703125,7655060.0,6572596016.430664,847.3873901367188,859.7542114257812,838.9046020507812,852.945068359375,13468603.0,11010387968.0,665,2.7150089740753174
2025-03-05,845.5,850.0,822.0999755859375,829.8699951171875,16300920.0,13527644400.805664,854.0408325195312,865.4710083007812,847.6408081054688,860.025634765625,7796749.0,6338749440.0,666,2.7150089740753174
2025-03-06,836.5,845.97998046875,827.5549926757812,841.0850219726562,8814220.0,7413508422.371826,821.6987915039062,844.263671875,820.8665771484375,840.3480834960938,8364319.5,6595192320.0,667,2.7150089740753174
2025-03-07,840.989990234375,847.0,836.64501953125,840.4500122070312,4729460.0,3974874714.732666,832.9849853515625,840.40234375,824.603515625,832.6441650390625,6892504.0,5403266048.0,668,2.7150089740753174
2025-03-10,843.7750244140625,863.7899780273438,832.60498046875,834.260009765625,10164530.0,8479860897.062988,836.0355224609375,848.9326171875,829.4435424804688,842.2510375976562,9949885.0,7975705600.0,669,2.7150089740753174
2025-03-11,830.5,837.5,821.125,834.0449829101562,8135670.0,6785514746.112671,835.6082763671875,843.3201293945312,828.5067138671875,836.54345703125,8345457.0,6574310400.0,670,2.7150089740753174
2025-03-12,834.1099853515625,852.4500122070312,827.2550048828125,848.4450073242188,20882230.0,17717423785.29602,823.9561157226562,833.3587646484375,817.87109375,827.4448852539062,7904020.0,6145219584.0,671,2.7150089740753174
2025-03-13,850.0,856.0,839.2999877929688,842.0449829101562,12173510.0,10250643019.906616,844.7329711914062,857.4401245117188,837.607666015625,849.8814697265625,11466045.0,9282364416.0,672,2.6465799808502197
2025-03-17,839.9199829101562,862.9949951171875,838.5999755859375,858.0349731445312,11020850.0,9456274733.779907,840.722412109375,852.177978515625,827.715576171875,837.8096923828125,14331256.0,11598399488.0,673,2.6465799808502197
2025-03-18,858.0349731445312,858.0349731445312,858.0349731445312,858.0349731445312,0.0,0.0,849.3417358398438,856.4569091796875,838.1622924804688,847.009033203125,12178764.0,9854029824.0,674,2.6465799808502197
2025-03-19,870.0,887.9000244140625,868.260009765625,873.1599731445312,12898200.0,11262191965.612793,830.8090209960938,868.9287109375,827.4546508789062,834.3302001953125,13038182.0,11066568704.0,675,2.6465799808502197
2025-03-20,872.5,876.8049926757812,854.114990234375,867.9650268554688,7924330.0,6878041301.261597,866.20068359375,877.8733520507812,861.1795043945312,871.103271484375,6039290.0,4747082752.0,676,2.6465799808502197
2025-03-21,903.9949951171875,908.9000244140625,883.0999755859375,891.6099853515625,27448010.0,24472919794.02954,861.8364868164062,875.2669677734375,853.73828125,866.0943603515625,13975290.0,11424727040.0,677,2.6465799808502197
2025-03-24,909.594970703125,911.5,892.7000122070312,909.0050048828125,14332170.0,13028014260.831299,893.452880859375,905.4873046875,885.04296875,895.2596435546875,12627986.0,10751724544.0,678,2.6465799808502197
2025-03-25,912.5,926.0050048828125,897.7050170898438,906.7249755859375,17482600.0,15851910058.17871,925.0732421875,942.766845703125,911.1738891601562,925.1048583984375,16019671.0,14411262976.0,679,2.6465799808502197
2025-03-26,910.2050170898438,912.6900024414062,884.9949951171875,886.60498046875,8862110.0,7857190863.461914,901.1040649414062,906.0159912109375,881.355224609375,890.111083984375,13729847.0,11627273216.0,680,2.597036361694336
2025-03-27,886.0999755859375,905.5399780273438,882.2249755859375,900.385009765625,20920440.0,18836450573.70117,898.0491333007812,919.03564453125,895.1783447265625,913.8611450195312,12797054.0,10934111232.0,681,2.597036361694336
2025-03-28,899.760009765625,902.8900146484375,886.0999755859375,894.5599975585938,9770990.0,8740736790.545044,888.728271484375,894.2971801757812,877.1817626953125,884.4503173828125,9771408.0,8187767808.0,682,2.597036361694336
2025-04-01,878.3300170898438,892.5,867.0999755859375,869.8200073242188,11834240.0,10293658723.476562,894.6201782226562,908.0684814453125,889.6076049804688,903.33740234375,9774041.0,8275236864.0,683,2.597036361694336
2025-04-02,873.0,875.9849853515625,861.2000122070312,866.9249877929688,6464950.0,5604626699.832153,870.3009643554688,873.7044067382812,850.0548095703125,857.2060546875,13617107.0,11092408320.0,684,2.597036361694336
2025-04-03,865.0,876.5,846.02001953125,859.4600219726562,13966330.0,12003502288.677368,864.8392944335938,879.2537841796875,852.3779296875,858.6443481445312,11049974.0,9061969920.0,685,2.597036361694336
2025-04-04,865.5999755859375,879.7000122070312,858.3800048828125,871.885009765625,18496580.0,16126890833.930664,850.0960693359375,857.68896484375,839.558349609375,847.7271118164062,9630914.0,7794249728.0,686,2.597036361694336
2025-04-07,834.0,860.0499877929688,830.7150268554688,856.7999877929688,13981240.0,11979126261.330566,872.1543579101562,883.2540893554688,863.199462890625,875.7546997070312,13282305.0,11197487104.0,687,2.597036361694336
2025-04-08,865.0,887.2999877929688,865.0,882.2249755859375,14775630.0,13035429816.016846,842.7015991210938,850.0777587890625,832.2864379882812,840.9217529296875,8621714.0,6969522176.0,688,2.5795373916625977
2025-04-09,881.5,884.2000122070312,862.5,873.5800170898438,10487740.0,9161880088.433838,883.5762329101562,921.5191650390625,877.499267578125,912.0800170898438,19880408.0,18696691712.0,689,2.5795373916625977
2025-04-11,882.5050048828125,897.3499755859375,881.0700073242188,892.1099853515625,10097220.0,9007830786.291504,873.8331298828125,881.0792236328125,859.2569580078125,867.8270263671875,11063148.0,9251406848.0,690,2.5795373916625977
2025-04-15,925.5499877929688,929.0,907.5499877929688,914.0999755859375,12633610.0,11548382592.562256,884.5752563476562,894.894775390625,876.6091918945312,887.9055786132812,8392208.0,7010741760.0,691,2.5795373916625977
2025-04-16,914.9500122070312,917.1500244140625,896.4000244140625,905.6500244140625,7198220.0,6519068118.737793,916.7203979492188,928.2542724609375,904.5048828125,918.3626708984375,8976586.0,7797811712.0,692,2.5795373916625977
2025-04-17,904.0,919.0,895.2000122070312,916.25,11415130.0,10459112862.5,909.40966796875,953.24365234375,898.90869140625,919.0608520507812,16932868.0,15541480448.0,693,2.5795373916625977
2025-04-21,917.0,931.5,914.1500244140625,927.3499755859375,7824150.0,7255725311.480713,912.7882080078125,918.142578125,902.783203125,912.274169921875,15283958.0,13108588544.0,694,2.5795373916625977
2025-04-22,929.5,939.2999877929688,923.0,926.0499877929688,11293580.0,10458419621.138916,922.0905151367188,938.5377807617188,914.2796630859375,929.21337890625,10351684.0,9310489600.0,695,2.5795373916625977
2025-04-23,928.2000122070312,934.8499755859375,915.0,932.2999877929688,10818710.0,10086283200.935669,928.03125,938.175048828125,915.8016357421875,925.1578369140625,13283037.0,11531240448.0,696,2.4989194869995117
2025-04-24,962.0,966.0,927.2999877929688,930.0999755859375,18496710.0,17203789519.420166,906.6214599609375,964.1453247070312,897.765869140625,953.64599609375,26636548.0,22892638208.0,697,2.4989194869995117
2025-04-25,931.0499877929688,934.4500122070312,899.0,911.2000122070312,10893540.0,9926193780.977783,954.223388671875,967.856689453125,946.8560791015625,960.3318481445312,8635162.0,7545426432.0,698,2.4989194869995117
2025-04-28,908.0,912.5,900.0499877929688,909.2999877929688,9946560.0,9044406886.582031,909.97607421875,916.2191772460938,896.3880615234375,904.4259643554688,7049421.0,5946974208.0,699,2.4989194869995117
2025-04-29,913.0,914.5999755859375,896.0,909.2999877929688,11768180.0,10700805930.345459,904.389892578125,913.7449340820312,895.9458618164062,906.591552734375,8642254.0,7354314240.0,700,2.4989194869995117
2025-04-30,884.0,888.7999877929688,855.5999755859375,863.4500122070312,39690570.0,34270823151.00403,906.4826049804688,924.6920776367188,899.1869506835938,917.6868286132812,13194556.0,11350952960.0,701,2.4989194869995117
2025-05-02,857.5499877929688,891.5,856.5999755859375,886.8499755859375,18933030.0,16790757193.267822,865.3721923828125,878.5343627929688,853.089599609375,866.7028198242188,19005946.0,15592876032.0,702,2.4989194869995117
2025-05-05,887.75,903.2999877929688,886.5999755859375,893.2000122070312,8930610.0,7976820961.016235,872.7279663085938,916.4227294921875,866.81396484375,909.5880737304688,22535300.0,19389767680.0,703,2.4989194869995117
2025-05-06,891.0999755859375,897.4000244140625,875.0,879.75,12040870.0,10592955382.5,900.62158203125,908.1350708007812,890.3489379882812,899.9840087890625,9199737.0,7756343808.0,704,2.5929291248321533
2025-05-07,875.0,899.75,872.2999877929688,898.6500244140625,11635570.0,10456305264.571533,885.3092651367188,901.24658203125,879.586181640625,895.327392578125,14559406.0,12212809728.0,705,2.5929291248321533
2025-05-08,897.7000122070312,907.4500122070312,877.5,883.25,12018090.0,10614977992.5,890.0525512695312,895.4308471679688,879.4146118164062,891.6555786132812,16552688.0,13872066560.0,706,2.5929291248321533
2025-05-09,865.0,878.0999755859375,860.5,864.0999755859375,12151340.0,10499972597.336426,942.2864990234375,966.0067749023438,874.4749755859375,889.1469116210938,31279964.0,26906521600.0,707,2.5929291248321533
2025-05-12,884.9000244140625,903.0,882.5499877929688,901.8499755859375,10638220.0,9594078447.277832,869.4756469726562,876.3436279296875,859.5814208984375,867.5069580078125,7175892.5,6036868096.0,708,2.5929291248321533
2025-05-13,900.4000244140625,916.3499755859375,899.0999755859375,904.2000122070312,13363000.0,12082824763.122559,889.9483642578125,909.8564453125,883.2843017578125,905.1033935546875,15403709.0,12980185088.0,709,2.5929291248321533
2025-05-14,904.5,911.0499877929688,901.2000122070312,908.0999755859375,7594000.0,6896111214.599609,913.090087890625,921.24658203125,905.86669921875,917.76171875,16331538.0,13990600704.0,710,2.5929291248321533
2025-05-15,909.9500122070312,921.5,902.7999877929688,918.8499755859375,10385000.0,9542256996.45996,905.9829711914062,917.9202880859375,898.8048706054688,910.331787109375,10488825.0,9287179264.0,711,2.5929291248321533
2025-05-16,918.8499755859375,928.5999755859375,913.3499755859375,916.7000122070312,6251920.0,5731135140.317383,906.129150390625,929.7957763671875,901.163330078125,924.1907958984375,15830979.0,13960335360.0,712,2.6359176635742188
2025-05-19,916.7000122070312,928.9500122070312,916.7000122070312,925.5499877929688,7162740.0,6629473919.564209,913.6010131835938,919.8641357421875,896.816162109375,908.1329345703125,12612868.0,11165075456.0,713,2.6359176635742188
2025-05-20,929.7999877929688,931.0,906.9000244140625,907.9000244140625,8106160.0,7359582861.904297,926.8195190429688,943.1968383789062,925.3314208984375,939.38232421875,6404434.5,5571965952.0,714,2.6359176635742188
2025-05-21,910.0,928.0,902.8499755859375,919.75,7321500.0,6733949625.0,920.7665405273438,941.0023803710938,920.7997436523438,938.5118408203125,6480611.5,5636556800.0,715,2.6359176635742188
2025-05-22,919.75,919.9000244140625,907.0499877929688,913.9000244140625,6159740.0,5629386536.384277,917.2178955078125,920.9776000976562,903.2720947265625,910.0744018554688,7592027.5,6734019584.0,716,2.6359176635742188
2025-05-23,913.9000244140625,928.6500244140625,911.0999755859375,924.3499755859375,4251690.0,3930049547.6989746,910.781494140625,924.703125,893.0774536132812,899.4226684570312,10243520.0,9002569728.0,717,2.6359176635742188
2025-05-26,925.5,933.6500244140625,925.0,926.9500122070312,5476790.0,5076710557.355347,916.7999267578125,927.038818359375,910.8754272460938,920.844970703125,6468853.5,5848510976.0,718,2.6359176635742188
2025-05-27,927.0,929.0,914.2999877929688,917.0999755859375,7150000.0,6557264825.439453,920.3380737304688,929.4949951171875,911.9632568359375,922.9296875,7016590.0,6251577856.0,719,2.6359176635742188
2025-05-28,924.5,929.4500122070312,914.0999755859375,926.75,6507400.0,6030732950.0,917.7526245117188,922.6806640625,907.3458251953125,913.8723754882812,6011935.5,5391004672.0,720,2.6817831993103027
2025-05-29,925.0,927.9500122070312,916.0,920.4000244140625,7081750.0,6518042872.894287,916.8621826171875,925.1729736328125,907.6534423828125,914.7847900390625,6812478.0,6124541952.0,721,2.6817831993103027
2025-05-30,917.0,920.3499755859375,912.0999755859375,918.0499877929688,15041740.0,13809069223.38501,923.4586181640625,932.081787109375,915.9205932617188,924.9747924804688,6359647.5,5697243136.0,722,2.6817831993103027
2025-06-02,913.0,916.5,904.0,911.8499755859375,6619630.0,6036109453.887939,915.009521484375,918.6705322265625,895.9337768554688,903.4532470703125,13197134.0,11428222976.0,723,2.6817831993103027
2025-06-03,910.5999755859375,912.7999877929688,897.0,897.9000244140625,9080270.0,8153174654.686279,917.3634643554688,923.1112060546875,908.49658203125,915.8006591796875,6177331.5,5571716096.0,724,2.6817831993103027
2025-06-04,897.5,903.9500122070312,896.4500122070312,898.7000122070312,5544930.0,4983228658.687134,895.3424682617188,901.1576538085938,885.014892578125,892.1939697265625,5917940.5,5312307712.0,725,2.6817831993103027
2025-06-05,898.7000122070312,898.7000122070312,886.9500122070312,893.4000244140625,7853320.0,7016156279.731445,889.5478515625,890.272705078125,879.7298583984375,883.921630859375,5989390.5,5352720384.0,726,2.6817831993103027
2025-06-06,894.5,943.4000244140625,887.5999755859375,937.1500244140625,19783860.0,18540444882.004395,895.1431884765625,904.80322265625,888.6969604492188,903.53369140625,15526010.0,13329032192.0,727,2.6817831993103027
2025-06-09,955.0,978.7999877929688,940.2999877929688,960.75,23496010.0,22573791607.5,938.5628662109375,947.376708984375,927.8494262695312,936.4821166992188,8837440.0,8032221696.0,728,2.744990825653076
2025-06-10,970.0,970.0,948.5499877929688,949.75,9044040.0,8589576990.0,943.47998046875,947.4261474609375,924.9761962890625,935.5369262695312,14472852.0,13052731392.0,729,2.744990825653076
2025-06-11,949.0,957.0,940.4000244140625,942.5,11860810.0,11178813425.0,950.6904296875,956.0531616210938,938.5997314453125,946.1234130859375,7445277.0,6828094464.0,730,2.744990825653076
2025-06-12,944.9000244140625,953.2999877929688,935.5,936.8499755859375,12388330.0,11606006658.050537,943.75537109375,948.9287109375,932.177490234375,940.47900390625,8874523.0,7982574080.0,731,2.744990825653076
2025-06-13,915.0,936.5499877929688,914.7000122070312,933.0999755859375,10182020.0,9500842613.415527,944.621826171875,962.8464965820312,938.364501953125,955.5999145507812,11850056.0,10622069760.0,732,2.744990825653076
2025-06-16,956.0,956.0,925.0,938.0,7016290.0,6581280020.0,926.3676147460938,940.2491455078125,913.8402099609375,928.978271484375,18397138.0,16256795648.0,733,2.744990825653076
2025-06-17,941.5,943.5,917.5,923.0,6110175.0,5639691525.0,941.6622924804688,957.438720703125,927.54931640625,942.3198852539062,17031698.0,15171030016.0,734,2.744990825653076
2025-06-18,927.0,932.5,915.0,919.0,5002923.0,4597686237.0,927.8372192382812,936.7322387695312,921.8683471679688,931.21240234375,5090297.0,4662440960.0,735,2.744990825653076
2025-06-19,919.0,922.5,894.0,900.5,6585940.0,5930638970.0,921.1638793945312,924.5150756835938,905.7574462890625,910.7407836914062,8439663.0,7583408128.0,736,2.842296600341797
2025-06-20,897.0,907.5,886.0,905.0,14320241.0,12959818105.0,905.6659545898438,926.6744995117188,903.1934814453125,922.6350708007812,8187163.5,7324073472.0,737,2.842296600341797
2025-06-23,899.0,918.0,890.5,915.5,5870597.0,5374531553.5,903.9112548828125,936.4647216796875,899.7301025390625,920.0579223632812,13517437.0,11810934784.0,738,2.842296600341797
2025-06-24,920.0,936.0,914.5,916.5,11555634.0,10590738561.0,914.6480712890625,923.2229614257812,907.1190795898438,916.3191528320312,6311463.5,5849760256.0,739,2.842296600341797
2025-06-25,918.0,930.0,916.0,928.0,6623799.0,6146885472.0,932.0657348632812,951.1194458007812,930.54296875,947.5510864257812,6944877.5,6336589312.0,740,2.842296600341797
2025-06-26,930.0,953.5,928.5,951.5,11677790.0,11111417185.0,931.3173217773438,949.8336181640625,926.5722045898438,944.9094848632812,11229060.0,10227508224.0,741,2.842296600341797
2025-06-27,950.0,959.5,936.0,947.0,21637194.0,20490422718.0,953.807373046875,967.8213500976562,947.1605834960938,961.3810424804688,7219944.0,6695611392.0,742,2.842296600341797
2025-06-30,956.0,956.0,934.0,936.5,6086081.0,5699614856.5,941.17138671875,945.5222778320312,924.8912963867188,931.4717407226562,10363049.0,9385245696.0,743,2.842296600341797
2025-07-01,932.5,941.7999877929688,928.0,936.6500244140625,5381327.0,5040420065.930054,939.2679443359375,943.0695190429688,924.1944580078125,930.0794677734375,9099566.0,8323203584.0,744,3.02614164352417
2025-07-02,933.0,939.8499755859375,914.0,923.0,9394493.0,8671117039.0,944.3890380859375,954.977294921875,938.7373046875,949.3060913085938,5262627.0,4968309248.0,745,3.02614164352417
2025-07-03,922.0,924.5,905.2000122070312,910.1500244140625,7606558.0,6923108949.406982,926.9482421875,930.2013549804688,906.900146484375,913.320068359375,12134256.0,10883234816.0,746,3.02614164352417
2025-07-04,922.0,940.7000122070312,919.0,925.2999877929688,10613046.0,9820251334.246216,906.4955444335938,926.3826904296875,902.7859497070312,922.9498291015625,12157715.0,10873850880.0,747,3.02614164352417
2025-07-07,925.0,929.2999877929688,918.0999755859375,924.6500244140625,3383973.0,3128990717.0665283,931.265869140625,950.3442993164062,923.3342895507812,937.1041259765625,8379767.5,8160039936.0,748,3.02614164352417
2025-07-08,918.7999877929688,929.5,918.7999877929688,927.6500244140625,3851432.0,3572780988.8291016,912.0243530273438,923.5021362304688,905.7276611328125,918.9434814453125,5159851.0,4976574464.0,749,3.02614164352417
2025-07-09,926.5,946.0,924.0,940.5999755859375,5341529.0,5024242046.991577,932.0222778320312,942.5340576171875,921.9000244140625,931.428955078125,9308075.0,8612192256.0,750,3.02614164352417
2025-07-10,943.0,951.7000122070312,942.25,947.6500244140625,5409906.0,5126697552.977783,939.4793090820312,942.9039916992188,927.0511474609375,932.5122680664062,5383425.0,5205317632.0,751,3.02614164352417
2025-07-11,938.7000122070312,947.1500244140625,931.5499877929688,933.5,4278038.0,3993548473.0,957.7325439453125,963.9261474609375,944.7333374023438,952.4747314453125,10989815.0,10201532416.0,752,3.1789350509643555
2025-07-14,932.0,932.0,911.2999877929688,918.8499755859375,6657978.0,6117682922.751709,939.1069946289062,945.69482421875,932.676025390625,939.4559936523438,3817913.0,3850578432.0,753,3.1789350509643555
2025-07-15,919.0,930.5999755859375,918.0,928.4000244140625,3892075.0,3613402525.0213623,913.8607177734375,915.9561767578125,900.3185424804688,903.5347900390625,2669988.0,3114729984.0,754,3.1789350509643555
2025-07-16,924.0,927.0,919.4000244140625,921.75,3952491.0,3643208579.25,933.1311645507812,938.8831176757812,927.2743530273438,933.524169921875,3744390.0,3814556672.0,755,3.1789350509643555
2025-07-17,925.9500122070312,926.25,916.0,923.2999877929688,4583882.0,4232298194.644409,922.374267578125,938.053955078125,905.9611206054688,925.68896484375,7885675.5,7431497728.0,756,3.1789350509643555
2025-07-18,920.5,944.9000244140625,920.0,942.0,7893820.0,7435978440.0,928.4279174804688,935.1289672851562,914.5079956054688,916.6070556640625,6223358.5,6084379136.0,757,3.1789350509643555
2025-07-21,938.9000244140625,951.0,937.3499755859375,948.4500122070312,4660232.0,4419997097.287598,937.3485107421875,940.06494140625,927.23095703125,931.3113403320312,5145931.5,5132119552.0,758,3.1789350509643555
2025-07-22,955.0,962.0,940.0,952.5499877929688,6237382.0,5941418147.960083,951.986083984375,954.56591796875,939.3776245117188,943.267578125,5245288.0,5217286656.0,759,3.1789350509643555
2025-07-23,954.0,970.9500122070312,953.6500244140625,968.2999877929688,9694991.0,9387659666.952942,950.019287109375,958.492919921875,940.2132568359375,950.7236328125,7108103.5,6771092992.0,760,3.324907064437866
2025-07-24,970.0,970.0,954.0,958.9500122070312,5189112.0,4976099015.743652,969.9903564453125,980.5191040039062,938.3848876953125,937.913818359375,11960411.0,11033747456.0,761,3.324907064437866
2025-07-25,906.4000244140625,924.9000244140625,898.0,913.75,24415481.0,22309645763.75,956.211669921875,959.7571411132812,944.9743041992188,950.7060546875,6302281.0,5977373696.0,762,3.324907064437866
2025-07-28,909.25,913.75,879.0,880.5,14011284.0,12336935562.0,942.0192260742188,957.0984497070312,923.3607177734375,940.8112182617188,9012929.0,8758737920.0,763,3.324907064437866
2025-07-29,875.0499877929688,894.0,873.5,886.5499877929688,11323854.0,10039162625.46936,876.6605224609375,882.9735717773438,864.9255981445312,871.1076049804688,9958389.0,8892419072.0,764,3.324907064437866
2025-07-30,890.9500122070312,892.5999755859375,875.0,884.8499755859375,5054496.0,4472470662.199219,883.2120971679688,892.5636596679688,858.6537475585938,891.6874389648438,8089606.0,7125332992.0,765,3.324907064437866
2025-07-31,872.0,887.8499755859375,868.0,881.2000122070312,6999179.0,6167676620.239197,878.8235473632812,899.9619750976562,886.4307861328125,900.7858276367188,11921994.0,10222831616.0,766,3.324907064437866
2025-08-01,884.7999877929688,895.8499755859375,873.0,875.5999755859375,5300299.0,4640941674.998169,894.318359375,913.212646484375,884.13916015625,891.7515258789062,7176216.5,6474631168.0,767,3.324907064437866
2025-08-04,874.0,886.75,873.7000122070312,885.2999877929688,3969985.0,3514627672.038269,884.31689453125,891.7826538085938,879.7051391601562,886.4442138671875,3301318.5,3110484480.0,768,3.409062385559082
2025-08-05,889.0,893.5999755859375,882.4000244140625,891.9000244140625,4446791.0,3966093001.4642334,882.1690063476562,889.379150390625,875.9464721679688,883.631591796875,3728603.5,3517731328.0,769,3.409062385559082
2025-08-06,888.0,895.5,874.5999755859375,876.6500244140625,4212648.0,3693017972.0478516,885.631103515625,890.991455078125,869.9754028320312,875.1552124023438,10018289.0,9119035392.0,770,3.409062385559082
2025-08-07,871.0,882.0,867.25,879.0999755859375,5998002.0,5272843411.764404,878.0218505859375,885.3856201171875,872.4579467773438,878.4002075195312,4070101.5,3719114240.0,771,3.409062385559082
2025-08-08,877.0,888.2999877929688,876.0,877.1500244140625,3736916.0,3277835960.633301,877.9266357421875,882.9910278320312,864.081298828125,869.306884765625,6540534.5,5753510912.0,772,3.409062385559082
2025-08-11,877.1500244140625,888.2999877929688,872.75,877.7999877929688,5367926.0,4711965377.27356,866.8463134765625,886.3336181640625,858.1206665039062,886.7361450195312,9032834.0,7792923648.0,773,3.409062385559082
2025-08-12,877.2000122070312,884.9000244140625,851.5,853.0,8257312.0,7043487136.0,880.675537109375,892.3172607421875,877.9273071289062,887.2470703125,4404764.0,4116849152.0,774,3.409062385559082
2025-08-13,854.5499877929688,864.0,849.0,860.0,10117225.0,8700813500.0,852.8418579101562,866.3999633789062,850.7984008789062,860.0125732421875,5425695.5,4773650432.0,775,3.409062385559082
2025-08-14,860.0,866.9000244140625,855.4500122070312,861.4500122070312,5379250.0,4633954978.164673,858.01123046875,868.7271118164062,849.9265747070312,857.8043212890625,7314057.0,6530117632.0,776,3.4533743858337402
2025-08-18,875.0,919.6500244140625,875.0,905.2000122070312,16277779.0,14734645749.503357,860.10595703125,869.5285034179688,851.7249145507812,859.0217895507812,4935796.5,4622870016.0,777,3.4533743858337402
2025-08-19,905.9500122070312,909.9000244140625,890.5,902.2999877929688,5764382.0,5201201808.234009,913.927734375,929.9742431640625,892.3424072265625,896.4894409179688,9642497.0,8873767936.0,778,3.4533743858337402
2025-08-20,900.5499877929688,902.0,886.0499877929688,887.7999877929688,5561646.0,4937629250.908813,895.6981201171875,900.8244018554688,888.1238403320312,893.3486328125,3241490.5,3114425344.0,779,3.4533743858337402
2025-08-21,888.0,901.2999877929688,884.0,895.5999755859375,6697533.0,5998310391.286011,887.64453125,892.7700805664062,876.59814453125,882.51904296875,6359866.0,5721921536.0,780,3.4533743858337402
2025-08-22,895.0,903.9000244140625,892.0,894.5,6424895.0,5747068577.5,899.7947998046875,911.2196655273438,898.1898803710938,904.469482421875,6141894.0,6055917056.0,781,3.4533743858337402
2025-08-25,902.0999755859375,908.0,898.1500244140625,900.7999877929688,5837876.0,5258758629.536865,895.1328735351562,905.1668701171875,885.4050903320312,889.4320678710938,5585315.0,5230128128.0,782,3.4533743858337402
2025-08-26,899.9500122070312,901.9000244140625,873.5,876.25,6712926.0,5882201407.5,901.0342407226562,910.1509399414062,896.5696411132812,904.8873901367188,6063351.0,5594869760.0,783,3.4533743858337402
2025-08-28,870.2000122070312,884.5,869.7000122070312,876.8499755859375,8349342.0,7321120328.858643,876.913818359375,884.8528442382812,867.1511840820312,872.8395385742188,5037797.5,4755240448.0,784,3.590158462524414
2025-08-29,870.8499755859375,888.0,870.8499755859375,877.8499755859375,5672446.0,4979556582.612549,872.6334228515625,881.028076171875,865.5670776367188,871.7455444335938,8094750.0,7094199808.0,785,3.590158462524414
2025-09-01,877.8499755859375,894.7999877929688,877.8499755859375,889.3499755859375,4101526.0,3647692047.965088,877.77392578125,886.4083251953125,869.357421875,873.6295776367188,5946595.0,5790102528.0,786,3.590158462524414
2025-09-02,895.0,899.5499877929688,886.1500244140625,890.0999755859375,6103185.0,5432444819.49646,891.8703002929688,904.0499877929688,881.1966552734375,888.5447998046875,5279579.5,4863485952.0,787,3.590158462524414
2025-09-03,892.7000122070312,898.8499755859375,880.0499877929688,896.2999877929688,5493809.0,4924100939.636902,891.553955078125,906.0865478515625,875.214111328125,894.9741821289062,7786300.0,7173146112.0,788,3.590158462524414
2025-09-04,915.0,948.0,912.25,934.75,21738706.0,20320255433.5,897.5110473632812,899.3165893554688,889.76708984375,889.19580078125,4633690.5,4300513280.0,789,3.590158462524414
2025-09-05,942.0,942.3499755859375,932.0,937.5999755859375,5467260.0,5126102842.521973,927.0750732421875,931.1952514648438,904.3168334960938,917.093994140625,16377399.0,15107995648.0,790,3.590158462524414
2025-09-08,937.5999755859375,949.6500244140625,935.6500244140625,944.2999877929688,5657331.0,5342217594.240784,930.4783325195312,937.045654296875,918.8077392578125,922.9519653320312,9113194.0,8703685632.0,791,3.590158462524414
2025-09-09,944.0,949.4000244140625,940.0,948.4000244140625,5417393.0,5137855653.460571,936.728759765625,950.9014892578125,927.0977783203125,933.2100830078125,8825746.0,8387871232.0,792,3.6409683227539062
2025-09-10,951.0499877929688,969.6500244140625,947.7000122070312,967.9500122070312,6836239.0,6617137623.500183,946.4034423828125,953.5294799804688,932.4205322265625,935.5459594726562,6866796.0,6532058112.0,793,3.6409683227539062
2025-09-11,968.0,975.9000244140625,965.5999755859375,970.25,5982627.0,5804643846.75,966.6133422851562,966.970947265625,951.7197265625,955.0862426757812,6681310.0,6435949568.0,794,3.6409683227539062
2025-09-12,972.25,1004.5999755859375,970.8499755859375,1003.25,11412561.0,11449651823.25,970.1594848632812,974.2946166992188,954.90234375,960.1983642578125,7752239.0,7234014208.0,795,3.6409683227539062
2025-09-15,999.0,1025.699951171875,998.0999755859375,1009.8499755859375,9989753.0,10088151823.159546,1008.0467529296875,1002.7307739257812,980.1190795898438,981.5713500976562,6296366.0,6070047744.0,796,3.6409683227539062
2025-09-16,1005.8499755859375,1015.2999877929688,1000.0,1003.25,7602155.0,7626862003.75,990.5977172851562,1001.739501953125,965.8357543945312,968.3777465820312,18314020.0,16925493248.0,797,3.6409683227539062
2025-09-17,1010.0,1011.7999877929688,1000.3499755859375,1007.5,6995023.0,7047485672.5,997.7263793945312,1002.2960205078125,980.4046020507812,987.6700439453125,8543746.0,8277701120.0,798,3.6409683227539062
2025-09-18,1007.0,1009.7999877929688,990.0,996.5,9738376.0,9704291684.0,1001.36962890625,1005.8803100585938,984.4985961914062,992.03857421875,7236872.0,6899480064.0,799,3.6409683227539062
2025-09-19,991.0,996.0,988.5999755859375,992.4500122070312,6736440.0,6685579960.231934,1000.1947631835938,1016.530517578125,993.787841796875,1007.0286254882812,13560320.0,13247031296.0,800,3.4239585399627686
2025-09-22,989.9500122070312,1010.9000244140625,989.0,1006.5,4250045.0,4277670292.5,978.2218017578125,981.8054809570312,965.35595703125,970.419189453125,5046521.0,4887311360.0,801,3.4239585399627686
2025-09-23,999.0,1028.800048828125,999.0,1025.5,10230040.0,10490906020.0,1003.1174926757812,1005.96337890625,980.98828125,985.8864135742188,8282039.0,7986634752.0,802,3.4239585399627686
2025-09-24,1021.5,1036.0,1020.4000244140625,1029.75,6433184.0,6624571224.0,1017.2750244140625,1020.8739013671875,1006.2589721679688,1011.9223022460938,5755822.0,5561434112.0,803,3.4239585399627686
2025-09-25,1020.0,1031.0999755859375,1008.0,1012.75,16731453.0,16944779025.75,1033.6495361328125,1040.0833740234375,1028.0968017578125,1037.27978515625,5836613.0,5794527232.0,804,3.4239585399627686
2025-09-26,1008.0499877929688,1010.5,981.0499877929688,985.0999755859375,9109737.0,8974001696.294312,999.38134765625,1026.718017578125,1005.6019897460938,1030.5806884765625,8894436.0,9051727872.0,805,3.4239585399627686
2025-09-29,990.0,997.7999877929688,981.0999755859375,990.9500122070312,5804877.0,5752342934.010315,986.12890625,1003.8529052734375,984.5575561523438,998.4920043945312,7318773.5,7062496768.0,806,3.4239585399627686
2025-09-30,990.0,1002.2999877929688,989.4500122070312,998.9000244140625,7182200.0,7174299755.34668,992.4561157226562,1003.9207763671875,988.01904296875,998.309814453125,6681150.5,6442975232.0,807,3.4239585399627686
2025-10-01,991.5,1000.0,977.75,987.7000122070312,6932272.0,6847005139.022461,992.8421630859375,998.37890625,983.0184326171875,990.202880859375,6757284.5,6501474816.0,808,3.2428596019744873
2025-10-03,975.0,992.2000122070312,972.0,989.75,7692197.0,7613351980.75,989.6741943359375,1004.9447021484375,963.750732421875,965.39501953125,11266457.0,10711495680.0,809,3.2428596019744873
2025-10-06,993.0,1023.0,992.0999755859375,1008.9000244140625,9299635.0,9382401978.54187,976.0454711914062,983.8065795898438,967.9256591796875,976.9288940429688,6161310.0,5863093248.0,810,3.2428596019744873
2025-10-07,1008.9000244140625,1029.5,1008.9000244140625,1016.5499877929688,7991437.0,8123695184.798279,1012.8432006835938,1021.2439575195312,986.2501831054688,990.9365844726562,10021970.0,9568321536.0,811,3.2428596019744873
2025-10-08,1012.0499877929688,1028.0,1012.0499877929688,1023.1500244140625,4448915.0,4551907490.866089,1018.9841918945312,1024.803466796875,1008.2808837890625,1013.9365234375,6205956.0,6048753664.0,812,3.2428596019744873
2025-10-09,1023.0,1029.0,1014.9500122070312,1024.0999755859375,4444154.0,4551258002.9001465,1016.1039428710938,1026.458740234375,1010.5484619140625,1019.1533203125,6158424.0,5899891712.0,813,3.2428596019744873
2025-10-10,1018.0999755859375,1027.5,1017.0,1023.8499755859375,3714548.0,3803139879.112793,1023.6517333984375,1028.494140625,1012.340087890625,1016.86376953125,6401070.0,6277771264.0,814,3.2428596019744873
2025-10-13,1023.8499755859375,1040.0,1021.5,1036.75,7684523.0,7966929220.25,1016.1696166992188,1029.124755859375,1013.2830810546875,1024.5263671875,5285930.5,5078710272.0,815,3.2428596019744873
2025-10-14,1040.0,1042.0999755859375,1011.3499755859375,1019.1500244140625,7668358.0,7815207242.9157715,1026.3106689453125,1033.7139892578125,1022.2379150390625,1029.0123291015625,4421057.0,4211483136.0,816,3.0888447761535645
2025-10-15,1026.0,1063.0,1018.4000244140625,1059.9000244140625,10205158.0,10816447213.349365,1015.42919921875,1028.1126708984375,1014.1428833007812,1024.275634765625,4855738.0,4648761344.0,817,3.0888447761535645
2025-10-16,1062.0,1081.0999755859375,1058.8499755859375,1065.75,9901992.0,10553047974.0,1067.400634765625,1071.512939453125,1021.0765991210938,1041.990966796875,10374212.0,10176650240.0,818,3.0888447761535645
2025-10-17,1056.0999755859375,1076.449951171875,1056.0999755859375,1070.0999755859375,5761670.0,6165562926.3342285,1065.78857421875,1072.1356201171875,1053.5772705078125,1060.287353515625,6648615.0,6564233216.0,819,3.0888447761535645
2025-10-20,1081.5,1086.5,1072.199951171875,1081.0,5700858.0,6162627498.0,1060.4090576171875,1071.7110595703125,1055.69921875,1067.280029296875,4290608.0,4198594816.0,820,3.0888447761535645
2025-10-21,1084.9000244140625,1089.0,1081.0,1086.5,911624.0,990479476.0,1070.3533935546875,1079.401611328125,1060.9613037109375,1069.8837890625,6272629.5,6290595328.0,821,3.0888447761535645
2025-10-23,1090.0,1102.5,1083.9000244140625,1094.1500244140625,11143407.0,12192559041.105835,1076.9530029296875,1085.510009765625,1069.5341796875,1077.95068359375,5000976.0,4893260288.0,822,3.0888447761535645
2025-10-24,1093.5,1098.5999755859375,1087.4000244140625,1089.75,6440277.0,7018291860.75,1088.4510498046875,1102.0582275390625,1085.490966796875,1099.8482666015625,4945448.0,4846319616.0,823,3.0888447761535645
2025-10-27,1090.949951171875,1094.0,1075.75,1084.4000244140625,7366175.0,7987880349.838257,1077.243896484375,1102.79736328125,1072.423583984375,1082.470947265625,11513868.0,12481002496.0,824,2.8764429092407227
2025-10-28,1078.0,1092.4000244140625,1063.050048828125,1072.75,12324341.0,13220936807.75,1075.458740234375,1082.360107421875,1053.01904296875,1061.93798828125,9363349.0,9391284224.0,825,2.8764429092407227
2025-10-29,1072.0,1079.1500244140625,1061.25,1062.949951171875,5386803.0,5725901985.82251,1075.8572998046875,1092.373779296875,1073.3492431640625,1087.3529052734375,6307395.0,6263922688.0,826,2.8764429092407227
2025-10-30,1063.0,1066.800048828125,1045.0,1052.300048828125,4271927.0,4495348990.690186,1070.751220703125,1083.41748046875,1067.2203369140625,1078.302978515625,4858146.0,4710651904.0,827,2.8764429092407227
2025-10-31,1052.0,1069.449951171875,1041.4000244140625,1042.800048828125,5315632.0,5543141309.152344,1057.37158203125,1067.37109375,1050.1082763671875,1058.0989990234375,6030747.0,6014690816.0,828,2.8764429092407227
2025-11-03,1037.0,1048.0,1031.0,1043.0999755859375,4135617.0,4313861991.732788,1052.9013671875,1066.269775390625,1047.260498046875,1057.1270751953125,6880772.0,6791716352.0,829,2.8764429092407227
2025-11-04,1040.0,1060.4000244140625,1035.0,1057.0,6202540.0,6556084780.0,1028.3511962890625,1041.6473388671875,990.1570434570312,993.9396362304688,6342052.0,6095056896.0,830,2.8764429092407227
2025-11-06,1037.0,1052.800048828125,1035.0,1041.9000244140625,5776277.0,6018303147.322388,1041.5794677734375,1049.987548828125,1035.49462890625,1042.689208984375,4393039.0,4230919168.0,831,2.8764429092407227
2025-11-07,1039.0,1076.9000244140625,1034.199951171875,1066.5999755859375,6940923.0,7403188302.343872,1033.2218017578125,1040.624755859375,1020.8221435546875,1027.92529296875,6284215.5,6156559360.0,832,2.860872268676758
2025-11-10,1066.5999755859375,1088.0,1062.9000244140625,1085.0,5692236.0,6176076060.0,1055.363525390625,1067.7156982421875,1046.082275390625,1056.7994384765625,9618534.0,9770900480.0,833,2.860872268676758
2025-11-11,1043.699951171875,1043.699951171875,997.0,1005.2000122070312,23762890.0,23886457318.07434,1080.9327392578125,1101.0006103515625,1074.5849609375,1088.6661376953125,5081793.0,5058871296.0,834,2.860872268676758
2025-11-12,1011.0,1018.4000244140625,1008.7999877929688,1013.2000122070312,11131278.0,11278211005.479858,991.9979858398438,1013.0958862304688,983.93505859375,1003.7775268554688,14941190.0,14657912832.0,835,2.860872268676758
2025-11-13,1012.5,1019.4000244140625,1003.5,1005.4000244140625,8503994.0,8549915775.217041,985.5912475585938,1019.087890625,984.7611083984375,1009.66162109375,14735633.0,14676609024.0,836,2.860872268676758
2025-11-14,1004.9000244140625,1019.9000244140625,1002.5999755859375,1018.5,4381122.0,4462172757.0,1001.0128173828125,1011.2180786132812,994.4398193359375,1003.6786499023438,5209072.0,5216544768.0,837,2.860872268676758
2025-11-17,1021.0,1033.0,1017.0,1026.800048828125,6011603.0,6172714253.935303,1007.8757934570312,1016.9664916992188,1002.38330078125,1009.818359375,4905607.5,4842774528.0,838,2.860872268676758
2025-11-18,1021.2000122070312,1024.0999755859375,1011.7000122070312,1013.5999755859375,4562185.0,4624230604.61853,1030.2220458984375,1041.9879150390625,1014.34814453125,1018.1148071289062,5891206.0,5843489792.0,839,2.860872268676758
2025-11-19,1009.0,1016.0999755859375,1004.5999755859375,1005.5999755859375,5158832.0,5187721333.251953,1009.826416015625,1013.1078491210938,978.2667236328125,985.1239013671875,8539493.0,8358625280.0,840,2.889636278152466
2025-11-20,1015.0,1031.699951171875,1007.2999877929688,1028.5999755859375,5459073.0,5615202354.521851,998.9413452148438,1007.1964721679688,988.710693359375,994.3511352539062,7423408.0,7235089408.0,841,2.889636278152466
2025-11-21,1020.0,1027.5999755859375,1001.5,1004.0999755859375,6304584.0,6330432640.479492,1035.8177490234375,1055.354248046875,1032.5015869140625,1047.49853515625,7148112.0,7230344192.0,842,2.889636278152466
2025-11-24,1005.0,1009.2999877929688,990.0,994.0,9574900.0,9517450600.0,1002.396240234375,1007.7011108398438,970.5093383789062,982.070068359375,8646317.0,8344183808.0,843,2.889636278152466
2025-11-25,995.0,996.9000244140625,984.5,986.2000122070312,6376983.0,6288980712.444031,999.3469848632812,1010.2051391601562,996.8340454101562,1003.1875,6174698.0,6082752512.0,844,2.889636278152466
2025-11-26,986.2000122070312,1012.7999877929688,981.2999877929688,1010.7000122070312,9772235.0,9876798033.789978,985.8289184570312,1017.8380126953125,937.2025146484375,977.9163818359375,8216032.5,7971018240.0,845,2.889636278152466
2025-11-27,1015.5999755859375,1044.9000244140625,1010.9000244140625,1033.800048828125,12076038.0,12484208674.050293,1013.6756591796875,1016.2734985351562,985.5946655273438,991.599365234375,8959654.0,8810747904.0,846,2.889636278152466
2025-11-28,1038.0,1043.5,1031.0,1037.5,4983147.0,5170015012.5,1017.1867065429688,1035.535400390625,1023.5108032226562,1045.0927734375,10280545.0,10388154368.0,847,2.889636278152466
2025-12-01,1041.9000244140625,1042.0,1018.7999877929688,1021.0999755859375,6459837.0,6596139402.989136,1036.1588134765625,1053.5257568359375,1030.7103271484375,1048.99267578125,8571385.0,8580560384.0,848,2.909592628479004
2025-12-02,1014.5,1036.0,1013.9000244140625,1025.5,6706145.0,6877151697.5,1027.8375244140625,1040.390625,1022.2410888671875,1033.5272216796875,6968298.5,6911845888.0,849,2.909592628479004
2025-12-03,1021.0,1026.300048828125,1014.2000122070312,1021.4000244140625,5895670.0,6021837481.937256,1023.8678588867188,1035.8992919921875,1020.040283203125,1029.7239990234375,5792420.5,5821967360.0,850,2.909592628479004
2025-12-04,1018.0,1032.300048828125,1016.0,1029.0999755859375,5404918.0,5562200981.843994,1015.2880859375,1022.5128784179688,1003.4274291992188,1010.2171020507812,7848193.0,7770301952.0,851,2.909592628479004
2025-12-05,1028.9000244140625,1061.0,1026.5,1048.0,13123572.0,13753503456.0,1020.2260131835938,1031.59130859375,1000.9620361328125,1015.0281982421875,9189416.0,9193946112.0,852,2.909592628479004
2025-12-08,1048.0,1049.800048828125,1023.0,1026.4000244140625,5189635.0,5326641490.700073,1050.8602294921875,1078.6229248046875,1047.3028564453125,1070.4892578125,11185479.0,11439656960.0,853,2.909592628479004
2025-12-09,1025.0,1026.0,1013.7000122070312,1016.7000122070312,5968501.0,6068175039.557678,980.8192138671875,1061.4293212890625,973.560302734375,1049.1519775390625,9829267.0,9818475520.0,854,2.909592628479004
2025-12-10,1016.0,1021.7000122070312,1007.2999877929688,1010.2999877929688,4990527.0,5041929367.180481,1005.3666381835938,1013.1914672851562,991.8800659179688,999.9576416015625,8730416.0,8572023296.0,855,2.909592628479004
2025-12-11,1011.9000244140625,1020.5,1000.0999755859375,1006.4000244140625,4670539.0,4700430563.626831,1007.6380615234375,1020.899658203125,1005.2316284179688,1019.4482421875,3989516.5,4094752512.0,856,2.8457369804382324
2025-12-12,1000.0,1020.7999877929688,1000.0,1017.2999877929688,4381711.0,4457514546.812317,1005.5133666992188,1021.814453125,1004.7755737304688,1018.8733520507812,5469589.0,5457607680.0,857,2.8457369804382324
2025-12-15,1015.0,1016.5,1008.0,1012.7000122070312,3958977.0,4009256056.227356,1012.8300170898438,1025.416748046875,1010.9695434570312,1021.734130859375,5346982.0,5358196736.0,858,2.8457369804382324
2025-12-16,1007.5,1010.5999755859375,996.5,998.4000244140625,3861617.0,3855438507.077759,1011.1328735351562,1023.9616088867188,1008.7098388671875,1018.656005859375,5924693.0,5909489664.0,859,2.8457369804382324
2025-12-17,1000.0,1011.2000122070312,995.2999877929688,999.5999755859375,4695550.0,4693671665.362549,993.6471557617188,999.1107177734375,981.9609375,988.8469848632812,4157160.25,4214648064.0,860,2.8457369804382324
2025-12-18,1002.0999755859375,1009.7000122070312,995.0,1000.2999877929688,3103997.0,3104928161.2094116,1002.1578979492188,1015.5845947265625,1005.0307006835938,1011.5075073242188,5509584.5,5500500992.0,861,2.8457369804382324
2025-12-19,1003.2000122070312,1014.0,1002.5,1008.2999877929688,5126009.0,5168554812.126648,940.3914794921875,969.5057373046875,936.2682495117188,955.4180297851562,9778612.0,9522869248.0,862,2.8457369804382324
2025-12-22,1008.2999877929688,1015.4000244140625,1005.0,1007.7999877929688,3921237.0,3951822600.7333374,997.6041259765625,1002.6360473632812,984.7532958984375,991.7952270507812,4166404.75,4201117440.0,863,2.8457369804382324
2025-12-23,1013.5,1018.0,1005.7000122070312,1011.4000244140625,4712043.0,4765760405.240112,1005.522216796875,1014.3013305664062,994.291259765625,1000.33740234375,8331591.0,8230245888.0,864,2.894092082977295
2025-12-24,1011.0,1037.4000244140625,1006.0,1011.7000122070312,5984816.0,6054838420.256836,996.2006225585938,1036.646728515625,995.8382568359375,1035.552001953125,8762954.0,8844574720.0,865,2.894092082977295
2025-12-26,1011.7000122070312,1011.7000122070312,998.0,1000.0,5211460.0,5211460000.0,1016.984619140625,1027.5611572265625,1015.19482421875,1022.3358764648438,4990750.0,5032801280.0,866,2.894092082977295
2025-12-29,1003.0,1003.9000244140625,989.5999755859375,998.0,6715489.0,6702058022.0,999.0006713867188,1010.5254516601562,998.28515625,1005.2545776367188,4438616.5,4469994496.0,867,2.894092082977295
2025-12-30,994.0999755859375,997.5999755859375,987.0999755859375,989.2999877929688,7473887.0,7393916317.866028,1008.1073608398438,1030.3485107421875,1009.3631591796875,1023.888916015625,4398733.5,4414995456.0,868,2.894092082977295
2025-12-31,990.0,994.2000122070312,978.4000244140625,986.7999877929688,9895270.0,9764652315.20813,988.1436767578125,999.7036743164062,987.4774780273438,992.8842163085938,7110227.0,6998196224.0,869,2.894092082977295
2026-01-01,988.2000122070312,989.0,969.0,973.0999755859375,7118751.0,6927256424.302368,967.1751098632812,1007.247314453125,967.4158325195312,987.1541748046875,6291129.5,6196670976.0,870,2.894092082977295
2026-01-02,972.9000244140625,994.2000122070312,960.5999755859375,990.4500122070312,6206869.0,6147593476.817444,979.588134765625,987.4261474609375,949.3592529296875,957.5281372070312,11027817.0,10204658688.0,871,2.894092082977295
2026-01-05,979.7000122070312,999.1500244140625,975.0,978.75,10564157.0,10339668663.75,982.3330688476562,993.3534545898438,932.9755859375,987.7145385742188,7627099.0,7432192512.0,872,2.897669792175293
2026-01-06,978.0,987.0,973.2999877929688,977.3499755859375,8380183.0,8190371650.455688,989.2066040039062,998.6371459960938,989.81005859375,994.5322875976562,5888926.0,5892035072.0,873,2.897669792175293
2026-01-07,973.0499877929688,976.4500122070312,965.0499877929688,968.7999877929688,7048491.0,6828577994.75885,967.5425415039062,980.0827026367188,955.6494750976562,975.356689453125,7633641.5,7455135232.0,874,2.897669792175293
2026-01-08,968.5,978.3499755859375,965.2999877929688,971.9500122070312,4410256.0,4286548373.036133,973.0865478515625,981.1311645507812,964.9874267578125,971.739990234375,8371714.0,8134456832.0,875,2.897669792175293
2026-01-09,970.0999755859375,983.0,953.7000122070312,959.5999755859375,7598970.0,7291971426.4782715,963.1509399414062,986.0505981445312,961.182861328125,984.0341186523438,6540420.0,6448514560.0,876,2.897669792175293
2026-01-12,958.7999877929688,961.4000244140625,939.8499755859375,951.9000244140625,5640136.0,5368845596.098633,968.3316650390625,982.2012329101562,964.1378173828125,974.4061889648438,5987661.0,5820252672.0,877,2.897669792175293
2026-01-13,950.0,955.8499755859375,939.0,949.0,6765116.0,6420095084.0,955.9375610351562,963.7403564453125,948.8497314453125,954.3695068359375,7890998.5,7633613824.0,878,2.897669792175293
2026-01-14,947.0,953.9000244140625,943.1500244140625,945.9500122070312,4452202.0,4211560536.248169,950.1732177734375,956.2546997070312,940.5196533203125,942.1126098632812,5703991.5,5590654464.0,879,2.897669792175293
2026-01-15,945.9500122070312,945.9500122070312,945.9500122070312,945.9500122070312,0.0,0.0,946.8690185546875,954.5787353515625,939.8216552734375,944.5604248046875,6191196.5,6017949696.0,880,2.9833860397338867
2026-01-16,940.2000122070312,963.0,936.7999877929688,950.25,10710080.0,10177253520.0,950.286376953125,962.4613647460938,943.4873657226562,949.7818603515625,8185041.0,7856564224.0,881,2.9833860397338867
2026-01-19,950.5,972.9000244140625,948.8499755859375,969.4500122070312,7000442.0,6786578582.354614,937.4500732421875,955.3252563476562,912.4226684570312,947.06884765625,8625401.0,8225045504.0,882,2.9833860397338867
2026-01-20,975.7000122070312,975.7000122070312,927.9000244140625,933.2000122070312,9001207.0,8399926482.278015,956.8897705078125,998.8223266601562,946.9893798828125,969.03271484375,6823408.0,6702678016.0,883,2.9833860397338867
2026-01-21,925.0,947.2999877929688,921.0,936.25,5375254.0,5032581557.5,930.8250732421875,943.8490600585938,918.8057861328125,924.620361328125,9334882.0,8841185280.0,884,2.9833860397338867
2026-01-22,947.0,947.0,934.25,942.8499755859375,5518756.0,5203358959.864746,923.3690185546875,941.9417724609375,915.8417358398438,925.2586669921875,7774976.5,7336265216.0,885,2.9833860397338867
2026-01-23,942.8499755859375,951.4000244140625,926.2999877929688,927.8499755859375,6535035.0,6063532065.203247,934.8182373046875,949.8076171875,925.0743408203125,944.8519287109375,7323061.0,7033963008.0,886,2.9833860397338867
2026-01-27,930.0,931.9500122070312,907.7000122070312,914.7000122070312,15312488.0,14006332960.52002,921.9165649414062,939.3472290039062,916.3445434570312,932.8931884765625,7380493.5,7018851328.0,887,2.9833860397338867
2026-01-28,914.7000122070312,936.9000244140625,914.7000122070312,935.1500244140625,6046468.0,5654354697.818848,913.4522094726562,920.0821533203125,888.0440063476562,894.963623046875,12808032.0,12058854400.0,888,3.200023651123047
2026-01-29,935.1500244140625,939.7999877929688,923.7000122070312,935.1500244140625,6430445.0,6013430798.743286,937.2420043945312,950.9989013671875,912.4695434570312,943.7877197265625,6004778.0,5739402240.0,889,3.200023651123047
2026-01-30,928.3499755859375,938.0,925.1500244140625,929.8499755859375,10151379.0,9439259515.313599,935.12060546875,952.0611572265625,928.37890625,932.5978393554688,6697091.0,6469001216.0,890,3.200023651123047
2026-02-02,887.0,909.4000244140625,887.0,903.7000122070312,11874989.0,10731427704.258362,937.725341796875,955.5548706054688,936.3087768554688,951.1129150390625,5479242.0,5356781056.0,891,3.200023651123047
2026-02-03,960.0,972.7999877929688,941.9000244140625,964.4000244140625,15261370.0,14718065600.592041,903.1049194335938,921.8871459960938,901.3323974609375,914.7249755859375,7218113.5,6824488448.0,892,3.200023651123047
2026-02-04,965.0,975.7000122070312,944.1500244140625,963.2999877929688,17489015.0,16847167936.011047,975.4974365234375,985.3878784179688,963.499267578125,972.597412109375,8740081.0,8503649280.0,893,3.200023651123047
2026-02-05,964.0,968.5,953.0,964.75,6020258.0,5808043905.5,978.9461669921875,987.6680908203125,960.6951293945312,966.7137451171875,11703076.0,11363803136.0,894,3.200023651123047
2026-02-06,973.9500122070312,986.5,966.0999755859375,981.7000122070312,13742927.0,13491431603.66034,954.7437133789062,991.4005126953125,951.0599975585938,968.031005859375,6763348.0,6571664896.0,895,3.200023651123047
2026-02-09,988.0,988.0,971.5999755859375,983.1500244140625,4852548.0,4770782684.67041,990.7918701171875,1001.1905517578125,981.386474609375,989.1199340820312,11043742.0,10853245952.0,896,3.363525390625
2026-02-10,983.1500244140625,985.1500244140625,961.2999877929688,965.5999755859375,6166752.0,5954615580.644531,984.2393188476562,985.3762817382812,968.4865112304688,968.6426391601562,5953425.5,5882446848.0,897,3.363525390625
2026-02-11,965.2999877929688,974.5,961.4000244140625,968.9500122070312,3597342.0,3485644574.812866,980.3722534179688,1031.7518310546875,964.2220458984375,1013.335693359375,16047734.0,15840104448.0,898,3.363525390625
2026-02-12,968.2999877929688,1002.0,965.0,999.0999755859375,10346853.0,10337540579.691284,969.01220703125,978.8154907226562,966.0314331054688,973.7132568359375,4358687.5,4402138112.0,899,3.363525390625
2026-02-13,995.0,1032.0,992.7999877929688,1024.75,21613987.0,22148933178.25,995.8346557617188,1010.7979736328125,990.3779907226562,1004.21484375,8677663.0,8653340672.0,900,3.363525390625
2026-02-16,1023.0499877929688,1029.300048828125,1003.2999877929688,1012.75,4460636.0,4517509109.0,1024.5921630859375,1048.135009765625,1021.4674682617188,1044.7103271484375,12134650.0,12663365632.0,901,3.363525390625
2026-02-17,1012.75,1016.3499755859375,1004.0,1014.1500244140625,2913899.0,2955130741.9901123,1013.1309204101562,1022.06396484375,1008.152587890625,1015.8087158203125,5398272.0,5481253888.0,902,3.363525390625
2026-02-18,1014.5499877929688,1025.699951171875,1007.0499877929688,1023.7999877929688,4929647.0,5046972538.423645,1009.64990234375,1018.75634765625,1005.9650268554688,1013.0715942382812,4209071.0,4350094336.0,903,3.363525390625
2026-02-19,1024.0,1024.5,1007.0,1017.0499877929688,9866245.0,10034464356.812439,1020.6236572265625,1030.7652587890625,1016.6614990234375,1023.2825927734375,4239394.0,4580932096.0,904,3.4164562225341797
2026-02-20,1015.9000244140625,1036.5999755859375,1008.75,1030.199951171875,6922705.0,7131770352.977295,1016.143798828125,1051.6798095703125,1017.8682250976562,1038.3175048828125,9390633.0,9922332672.0,905,3.4164562225341797
2026-02-23,1032.449951171875,1046.0,1029.050048828125,1031.0,9452225.0,9745243975.0,1024.989990234375,1046.0543212890625,1022.5599975585938,1044.3079833984375,8669815.0,8912961536.0,906,3.4164562225341797
2026-02-24,1026.300048828125,1028.75,1010.2999877929688,1023.5499877929688,6610984.0,6766672592.499512,1032.78173828125,1051.55419921875,1028.1390380859375,1046.961669921875,10626254.0,10896132096.0,907,3.4164562225341797
2026-02-25,1028.0,1034.0,1013.4000244140625,1021.0499877929688,3182612.0,3249605943.749756,1015.4743041992188,1021.1524047851562,998.7875366210938,1007.75732421875,7775730.5,7769747456.0,908,3.4164562225341797
2026-02-26,1020.75,1031.199951171875,1006.0499877929688,1012.9500122070312,4336261.0,4392415632.882874,1021.3279418945312,1032.1175537109375,1007.6986083984375,1011.5047607421875,5048966.0,5227118592.0,909,3.4164562225341797
2026-02-27,1008.9500122070312,1014.9000244140625,993.0999755859375,995.9000244140625,8145772.0,8112374533.671387,1010.31103515625,1022.1835327148438,1003.5073852539062,1013.3460693359375,6357913.5,6439904768.0,910,3.4164562225341797
2026-03-02,971.0,990.4000244140625,968.0,978.25,8493269.0,8308540399.25,995.5851440429688,1011.87353515625,993.2609252929688,1008.6810302734375,5134120.0,5233698816.0,911,3.4164562225341797
2026-03-04,967.0,967.0,941.2999877929688,945.0999755859375,8964293.0,8472153095.44519,983.9857177734375,1004.592041015625,981.505859375,1000.0640869140625,5367302.0,5476678144.0,912,3.516526222229004
2026-03-05,958.0,968.25,945.9000244140625,962.4000244140625,6181254.0,5948839000.5095215,961.9965209960938,988.0394897460938,962.1829223632812,985.6022338867188,6945171.0,6648200192.0,913,3.516526222229004
2026-03-06,960.0,961.5,946.5999755859375,950.2000122070312,6560051.0,6233360540.278748,961.7430419921875,996.9581909179688,959.112548828125,974.7352905273438,6680727.5,6640595968.0,914,3.516526222229004
2026-03-09,921.7999877929688,941.0999755859375,909.0499877929688,938.0499877929688,9182152.0,8613317571.513184,949.5885009765625,958.0913696289062,941.7454833984375,948.6249389648438,5908179.5,5620651008.0,915,3.516526222229004
2026-03-10,950.0,952.1500244140625,931.8499755859375,939.7999877929688,8474956.0,7964763545.345947,944.0214233398438,961.1141357421875,935.4830322265625,952.2096557617188,9868049.0,9299434496.0,916,3.516526222229004
2026-03-11,932.2000122070312,941.25,890.0,893.6500244140625,11172537.0,9984337962.817017,938.2108154296875,965.1058959960938,927.4788818359375,961.4276733398438,8202428.0,7834556416.0,917,3.516526222229004
2026-03-12,880.0999755859375,888.2000122070312,858.3499755859375,863.0999755859375,15508258.0,13385177101.18042,888.8131103515625,957.3982543945312,878.6552734375,936.41015625,9019204.0,8259143168.0,918,3.516526222229004
2026-03-13,861.0,868.3499755859375,848.7999877929688,855.0499877929688,6668639.0,5702019695.545715,830.557861328125,890.7713012695312,863.9825439453125,912.6031494140625,14448178.0,12134021120.0,919,3.516526222229004
2026-03-16,850.0999755859375,881.9000244140625,850.0999755859375,878.1500244140625,8982957.0,7888383908.860474,869.1356201171875,880.7318115234375,862.5001831054688,871.361572265625,6342216.0,5866361856.0,920,3.421816349029541
2026-03-17,878.1500244140625,881.0499877929688,859.5499877929688,868.5999755859375,7941385.0,6897886817.11853,872.926025390625,881.88525390625,866.5177001953125,873.2429809570312,8987032.0,8175586816.0,921,3.421816349029541
2026-03-18,876.0999755859375,893.9500122070312,858.2000122070312,880.0999755859375,12375517.0,10891692209.563354,868.8836669921875,875.9456787109375,860.1376953125,866.12451171875,7704447.0,6876501504.0,922,3.421816349029541
2026-03-19,868.2000122070312,869.9000244140625,826.7000122070312,832.2000122070312,11585591.0,9641528971.625671,836.508544921875,898.146728515625,836.209228515625,892.2451782226562,10420348.0,9455087616.0,923,3.421816349029541
2026-03-20,836.7000122070312,841.9500122070312,819.25,830.5499877929688,14881843.0,12360114521.986877,837.7681884765625,853.3670043945312,832.2911376953125,845.758056640625,8977840.0,7874096128.0,924,3.421816349029541
2026-03-23,818.0999755859375,818.7999877929688,787.9000244140625,812.5999755859375,15835828.0,12868193446.183105,840.3868408203125,850.9746704101562,825.3583984375,835.4515380859375,9445582.0,8430029824.0,925,3.421816349029541
2026-03-24,830.0,854.0,817.5999755859375,849.0,18828248.0,15985182552.0,798.5781860351562,820.0235595703125,796.43212890625,814.97607421875,14182112.0,11497129984.0,926,3.421816349029541
2026-03-25,862.0499877929688,888.7999877929688,853.2999877929688,882.75,15995501.0,14120028507.75,852.8155517578125,862.6926879882812,844.0125732421875,852.3670043945312,11700875.0,10461922304.0,927,3.421816349029541
2026-03-27,875.0,875.1500244140625,841.25,843.7999877929688,11282824.0,9520446753.470215,885.9099731445312,911.7467651367188,875.016357421875,901.0030517578125,15917774.0,14886512640.0,928,3.213273048400879
2026-03-30,831.0,834.9000244140625,799.0,801.5499877929688,20377282.0,16333410138.353882,866.656982421875,885.23583984375,857.1902465820312,877.2395629882812,6064062.5,5697337856.0,929,3.213273048400879
2026-04-01,832.7999877929688,842.0499877929688,814.7999877929688,817.2999877929688,15094026.0,12336347265.546753,817.8583374023438,838.7327880859375,808.2467651367188,827.6648559570312,15440810.0,13252279296.0,930,3.213273048400879
2026-04-02,809.0,830.0499877929688,792.4500122070312,826.8499755859375,9113618.0,7535594820.799561,832.9404296875,845.1386108398438,793.07568359375,828.1558837890625,14129246.0,12227810304.0,931,3.213273048400879
2026-04-06,828.9000244140625,853.0,814.25,850.8499755859375,12504591.0,10639530947.062134,815.533935546875,821.6748657226562,795.1998901367188,805.3964233398438,10446368.0,8907939840.0,932,3.213273048400879
2026-04-07,848.0,862.7999877929688,844.4500122070312,855.0999755859375,11569047.0,9892691807.252563,842.11962890625,848.8157958984375,824.9403076171875,834.1431274414062,9040058.0,8038921216.0,933,3.213273048400879
2026-04-08,890.0,926.0,881.0,915.0499877929688,13826150.0,12651618388.723755,865.8406982421875,884.1719970703125,855.3075561523438,872.7035522460938,12607283.0,10736199680.0,934,3.213273048400879
2026-04-09,902.0,913.4000244140625,891.4000244140625,903.25,9457820.0,8542775915.0,934.017822265625,943.4014892578125,916.9844970703125,926.0821533203125,11073278.0,10404085760.0,935,3.213273048400879
2026-04-10,915.75,927.2999877929688,912.2999877929688,924.5499877929688,9491544.0,8775406889.336426,890.8641357421875,905.78759765625,874.389892578125,890.928466796875,13013614.0,11881646080.0,936,3.2069873809814453
2026-04-13,896.1500244140625,905.9000244140625,881.0999755859375,898.9500122070312,10723313.0,9639722352.249817,930.4788208007812,940.711181640625,918.0210571289062,928.8245849609375,9745370.0,9111666688.0,937,3.2069873809814453
2026-04-15,925.0,925.0,911.0999755859375,913.1500244140625,5975197.0,5456251286.428833,886.3509521484375,901.9732055664062,873.0679321289062,891.1199951171875,12934094.0,11850665984.0,938,3.2069873809814453
2026-04-16,919.0,932.5999755859375,904.0,905.9000244140625,11805227.0,10694355427.51355,940.5505981445312,960.7133178710938,916.2562866210938,941.4717407226562,12003952.0,11306076160.0,939,3.2069873809814453
2026-04-17,902.1500244140625,910.4500122070312,895.7999877929688,908.25,6035241.0,5481507638.25,902.9807739257812,917.4453735351562,886.9169311523438,903.0072631835938,11978392.0,11030499328.0,940,3.2069873809814453
2026-04-20,908.25,920.9000244140625,898.0,917.75,6184179.0,5675530277.25,892.4160766601562,944.7396850585938,878.7425537109375,942.2324829101562,7555581.5,7116071424.0,941,3.2069873809814453
2026-04-21,919.5,945.9500122070312,919.0,938.8499755859375,6713975.0,6303415264.834595,914.3974609375,934.4398193359375,900.5071411132812,916.5691528320312,11503414.0,10445973504.0,942,3.2069873809814453
2026-04-22,938.0,946.3499755859375,930.1500244140625,934.75,5759028.0,5383251423.0,940.30126953125,959.514892578125,924.3059692382812,940.7313232421875,9212794.0,8736072704.0,943,3.2069873809814453
2026-04-23,926.0999755859375,929.8499755859375,909.3499755859375,918.3499755859375,9143598.0,8397023000.067627,904.9049072265625,929.1148071289062,882.15234375,897.5225830078125,10242142.0,9374322688.0,944,3.2294774055480957
2026-04-24,920.0,924.7000122070312,909.7999877929688,921.5499877929688,3982355.0,3669939201.637268,911.0165405273438,920.0402221679688,901.8551025390625,911.5162963867188,5823017.0,5464938496.0,945,3.2294774055480957
2026-04-27,923.0499877929688,928.9500122070312,908.2999877929688,921.7999877929688,7813458.0,7202445489.020874,924.1500854492188,937.30810546875,916.4464721679688,927.8413696289062,8095773.5,7591638528.0,946,3.2294774055480957
2026-04-28,921.7999877929688,929.9000244140625,914.3499755859375,923.6500244140625,7119135.0,6575589216.557007,906.2477416992188,913.2794189453125,886.503173828125,899.8460693359375,5164459.0,5025240064.0,947,3.2294774055480957
2026-04-29,925.0,937.0,916.5999755859375,930.0,5438997.0,5058267210.0,930.0750732421875,940.53076171875,909.5242309570312,914.7454833984375,6186845.0,5861536768.0,948,3.2294774055480957
2026-04-30,945.0,975.0,933.9000244140625,937.0,27364272.0,25640322864.0,911.815185546875,948.2921142578125,899.0541381835938,927.17822265625,7109488.0,6650474496.0,949,3.2294774055480957
2026-05-01,937.0,937.0,937.0,937.0,0.0,0.0,935.5899658203125,940.9573974609375,918.3793334960938,926.1448364257812,10339240.0,9566525440.0,950,3.2294774055480957
2026-05-04,938.0999755859375,966.0,938.0999755859375,950.2000122070312,7503756.0,7130069042.798584,945.2899780273438,953.825927734375,934.1878662109375,947.2030029296875,4839372.0,4685106176.0,951,3.2294774055480957
2026-05-05,950.2000122070312,961.0999755859375,933.1500244140625,958.5999755859375,7290077.0,6988267634.2196045,943.909912109375,992.0890502929688,919.2647705078125,967.807373046875,10323312.0,9879373824.0,952,3.168273687362671
2026-05-06,965.0,984.0,965.0,980.75,7771237.0,7621640687.75,942.7622680664062,959.9710693359375,928.1563110351562,934.2099609375,6948742.5,6609678336.0,953,3.168273687362671
2026-05-07,992.25,992.25,969.0,972.75,7873561.0,7659006462.75,983.2015991210938,994.0665283203125,979.0248413085938,988.1218872070312,4310717.0,4254023936.0,954,3.168273687362671
2026-05-08,971.0,971.9500122070312,951.0,955.3499755859375,5555386.0,5307337879.470459,986.3363037109375,1010.6651611328125,982.0130615234375,999.370849609375,11788344.0,11178127360.0,955,3.168273687362671
2026-05-11,946.0,956.0,933.5499877929688,936.0499877929688,5581022.0,5224115574.97229,959.6986694335938,975.8578491210938,955.5263671875,970.76220703125,5906813.0,5703269376.0,956,3.168273687362671
2026-05-12,928.0,932.6500244140625,901.75,904.2000122070312,7174645.0,6487314096.581116,937.4014892578125,953.7294921875,933.1515502929688,946.2495727539062,7952022.5,7542722560.0,957,3.168273687362671
2026-05-13,902.0,907.4000244140625,890.0499877929688,896.1500244140625,7422952.0,6652078616.024414,899.6431274414062,910.3876953125,885.4492797851562,895.025634765625,6431557.5,6103175680.0,958,3.168273687362671
2026-05-14,902.9000244140625,915.0,889.0,912.1500244140625,6815238.0,6216519508.0876465,895.9572143554688,907.4816284179688,876.2325439453125,896.1688232421875,8455373.0,7838803968.0,959,3.168273687362671
2026-05-15,913.0,921.5999755859375,907.3499755859375,910.4500122070312,5012279.0,4563429476.735046,902.5496826171875,911.0882568359375,886.626220703125,900.7859497070312,5059845.0,4712556544.0,960,3.2748546600341797
2026-05-18,900.0,925.0,890.7000122070312,921.0999755859375,6387223.0,5883270949.361938,927.6844482421875,929.50341796875,916.7025146484375,920.9359130859375,6903986.0,6216366080.0,961,3.2748546600341797
2026-05-19,927.5999755859375,930.0,920.0999755859375,923.5499877929688,8313548.0,7677977153.91626,921.7014770507812,933.897216796875,901.9636840820312,909.44140625,6070724.0,5674385408.0,962,3.2748546600341797
2026-05-20,910.0,926.2999877929688,908.4500122070312,923.0999755859375,5864990.0,5413972125.811768,922.5440673828125,931.3507690429688,912.874267578125,924.5419921875,5072330.0,4782951424.0,963,3.2748546600341797
2026-05-21,933.0,934.9000244140625,903.25,907.6500244140625,9713326.0,8816300581.041748,916.92529296875,923.6930541992188,904.2596435546875,911.239013671875,6148337.5,5678710272.0,964,3.2748546600341797
2026-05-22,908.0999755859375,924.0,908.0999755859375,916.5499877929688,4811990.0,4410429375.759888,893.6280517578125,922.3681640625,877.6892700195312,916.3833618164062,9045680.0,8181655040.0,965,3.2748546600341797
2026-05-25,926.0999755859375,944.0,924.4500122070312,941.9000244140625,7065528.0,6655020995.698242,925.6851196289062,939.5413208007812,911.58740234375,916.6248779296875,5900681.5,5598206976.0,966,3.2748546600341797
2026-05-26,943.9500122070312,948.4000244140625,928.0999755859375,930.2000122070312,8489543.0,7896973002.232117,943.4816284179688,943.6509399414062,934.0828247070312,932.7669677734375,5388828.0,5260035072.0,967,3.2748546600341797
2026-05-27,932.0,935.9500122070312,923.0,931.1500244140625,5349669.0,4981344419.957153,929.803955078125,947.819091796875,911.5776977539062,919.0383911132812,7924944.0,7451752448.0,968,3.24027681350708
2026-05-28,931.1500244140625,931.1500244140625,931.1500244140625,931.1500244140625,0.0,0.0,931.1080322265625,943.6527709960938,914.65966796875,922.5944213867188,9346317.0,8654904320.0,969,3.24027681350708
2026-05-29,915.0999755859375,937.7999877929688,895.2999877929688,908.25,46752428.0,42462892731.0,929.033203125,935.0006713867188,920.49072265625,927.2216796875,2897668.5,2929071104.0,970,3.24027681350708
2026-06-01,911.4500122070312,918.0,888.0,889.0499877929688,6887616.0,6123434920.722656,905.62451171875,918.8071899414062,887.348388671875,902.6290283203125,11264994.0,10290196480.0,971,3.24027681350708
2026-06-02,874.0,884.4000244140625,860.4500122070312,882.0,15697997.0,13845633354.0,889.989501953125,905.8922729492188,876.6109619140625,892.0130615234375,10416505.0,9497174016.0,972,3.24027681350708
2026-06-03,882.0,882.0,863.5,876.7999877929688,14747769.0,12930843679.173523,876.4522705078125,887.6423950195312,859.590087890625,873.6198120117188,12065668.0,10785300480.0,973,3.24027681350708
2026-06-04,870.2000122070312,879.1500244140625,868.0,874.4000244140625,9676279.0,8460938593.83728,877.339111328125,887.5352783203125,863.6631469726562,874.7742309570312,10137008.0,9013263360.0,974,3.24027681350708
2026-06-05,874.0,913.0,874.0,889.4000244140625,13274646.0,11806470476.488037,883.1490478515625,885.2260131835938,869.59033203125,872.7819213867188,9349916.0,8581457408.0,975,3.24027681350708
2026-06-08,873.0,879.4000244140625,866.5,871.0999755859375,6203084.0,5403506320.95752,893.265380859375,900.72119140625,866.9889526367188,877.5654907226562,11564111.0,10495129600.0,976,3.382615566253662
2026-06-09,886.0,888.75,872.0999755859375,886.9000244140625,9183355.0,8144717773.703003,860.8507080078125,913.53662109375,844.4847412109375,885.2651977539062,9302528.0,8351097856.0,977,3.382615566253662
2026-06-10,890.0999755859375,894.7000122070312,880.0999755859375,884.0999755859375,6939714.0,6135400977.973389,881.5479125976562,909.4605712890625,867.3628540039062,884.1475830078125,9749891.0,8758841344.0,978,3.382615566253662
2026-06-11,880.0,886.9500122070312,868.5,870.5499877929688,5191085.0,4519098983.382263,877.9031372070312,907.6731567382812,874.3820190429688,898.1621704101562,10543148.0,9745063936.0,979,3.382615566253662
2026-06-12,881.2000122070312,921.0,881.0999755859375,918.2999877929688,11729668.0,10771353981.215576,871.1902465820312,896.83984375,817.8991088867188,864.3478393554688,9719526.0,8530925568.0,980,3.382615566253662
2026-06-15,942.0,959.0,939.0,942.2999877929688,11989428.0,11297637858.044678,913.18359375,927.532470703125,898.1624145507812,912.9266967773438,11648032.0,10776094720.0,981,3.382615566253662
2026-06-16,946.0,963.9000244140625,946.0,959.6500244140625,9335988.0,8959281112.129395,935.5911254882812,947.7957763671875,918.3523559570312,935.9378662109375,12083333.0,11107770368.0,982,3.382615566253662
2026-06-17,955.0999755859375,961.7999877929688,951.5499877929688,958.4000244140625,5682977.0,5446565295.544556,942.0879516601562,945.664794921875,909.5322875976562,916.0481567382812,10919986.0,9931107328.0,983,3.382615566253662
2026-06-18,958.3499755859375,960.9500122070312,948.0,958.8499755859375,5750456.0,5513824595.208008,953.1587524414062,955.3564453125,951.8770141601562,954.912841796875,5107074.0,4862586368.0,984,3.5145177841186523
2026-06-19,954.0499877929688,971.7000122070312,953.25,961.7999877929688,12941776.0,12447399998.819336,952.2578735351562,958.2247314453125,943.3464965820312,948.6549682617188,4820701.0,4722276352.0,985,3.5145177841186523
2026-06-22,966.0499877929688,972.9500122070312,961.5499877929688,968.2999877929688,5680845.0,5500762144.153748,962.3926391601562,969.4658203125,954.2879638671875,962.2874145507812,12070737.0,11278711808.0,986,3.5145177841186523
2026-06-23,968.2999877929688,977.7000122070312,960.5,962.4000244140625,8202516.0,7894101598.656738,963.409912109375,969.3704833984375,954.4555053710938,960.4085693359375,4883015.0,4797376512.0,987,3.5145177841186523
2026-06-24,952.4000244140625,993.9000244140625,952.4000244140625,990.9500122070312,9873777.0,9784419438.679504,964.7535400390625,974.3798217773438,960.4550170898438,969.0316162109375,4114230.0,3966919168.0,988,3.5145177841186523
2026-06-25,996.2000122070312,1005.5999755859375,978.9000244140625,980.4000244140625,12807092.0,12556073309.473145,985.8286743164062,999.0650634765625,978.91748046875,988.6871337890625,6673774.0,6540440576.0,989,3.5145177841186523
2026-06-26,980.4000244140625,980.4000244140625,980.4000244140625,980.4000244140625,0.0,0.0,975.9381103515625,995.9745483398438,965.6224365234375,982.3878173828125,13821066.0,12830734336.0,990,3.5145177841186523
2026-06-29,975.2999877929688,992.2999877929688,975.2999877929688,982.0499877929688,19875760.0,19518989865.375977,973.1791381835938,991.2857666015625,960.8392333984375,967.7456665039062,5110920.0,5109908480.0,991,3.5145177841186523
2026-06-30,986.9000244140625,1010.9500122070312,977.7000122070312,1004.75,12445420.0,12504535745.0,995.2638549804688,1006.0762329101562,992.24365234375,1001.7972412109375,3180858.5,3104231424.0,992,3.515800952911377
2026-07-01,1000.4000244140625,1025.4000244140625,998.9000244140625,1014.9000244140625,6834299.0,6936130221.953003,1014.801025390625,1023.388427734375,990.15478515625,992.1022338867188,11335166.0,10895167488.0,993,3.515800952911377
2026-07-02,994.7000122070312,1025.699951171875,993.4000244140625,1018.4000244140625,8168339.0,8318636637.022339,1012.5606079101562,1025.984619140625,1007.138671875,1019.4633178710938,7724709.0,7571563008.0,994,3.515800952911377
2026-07-03,1035.0,1040.0,1017.5999755859375,1031.4000244140625,9399193.0,9694327889.672485,1019.6864013671875,1054.373046875,1014.5241088867188,1024.7032470703125,13398268.0,13199865856.0,995,3.515800952911377
2026-07-06,1040.0,1040.199951171875,1024.800048828125,1029.0999755859375,4819952.0,4960212485.525391,1038.272216796875,1042.13037109375,1012.2263793945312,1018.939208984375,15490366.0,14853045248.0,996,3.515800952911377
2026-07-07,1024.0,1052.9000244140625,1024.0,1042.5,9101171.0,9487970767.5,1022.1619873046875,1025.7313232421875,988.7391357421875,995.8060302734375,13346334.0,12729408512.0,997,3.515800952911377
2026-07-08,1025.0,1034.699951171875,1004.0999755859375,1010.4000244140625,8313859.0,8400323336.575073,1040.6461181640625,1050.2352294921875,1032.1846923828125,1040.6353759765625,11108812.0,10767585280.0,998,3.515800952911377
2026-07-09,1000.0,1013.5,994.0999755859375,1003.7999877929688,11712515.0,11757022414.024963,1012.4946899414062,1027.127685546875,1010.7396850585938,1022.1385498046875,4800466.0,4643638784.0,999,3.515800952911377
2026-07-10,1010.0999755859375,1023.9000244140625,1004.2000122070312,1020.5,7039305.0,7183610752.5,987.2438354492188,1017.1339111328125,985.4656372070312,1015.76513671875,11826944.0,11220797440.0,1000,3.409963607788086
2026-07-13,1014.0,1028.0,1003.7000122070312,1022.5999755859375,4874070.0,4984223863.00415,1018.8544311523438,1031.9798583984375,1013.7593383789062,1023.2938232421875,8477278.0,8311878144.0,1001,3.409963607788086
2026-07-14,1007.0,1022.0,995.2000122070312,1006.5999755859375,6458393.0,6501018236.12439,1012.628173828125,1018.131103515625,999.3187866210938,1006.8829345703125,5783158.0,5705917952.0,1002,3.409963607788086
2026-07-15,1006.5999755859375,1037.300048828125,1006.5999755859375,1021.2999877929688,5538356.0,5656322915.193115,1003.3368530273438,1018.7694091796875,999.7369995117188,1013.8974609375,6113516.0,6027677696.0,1003,3.409963607788086
2026-07-16,1024.0,1042.4000244140625,1021.2000122070312,1037.5999755859375,9079076.0,9420449035.942871,1025.9495849609375,1035.9345703125,1022.6524047851562,1030.90771484375,2929150.0,2984787968.0,1004,3.409963607788086
2026-07-17,1044.9000244140625,1058.5,1037.5999755859375,1056.300048828125,12882360.0,13607637497.021484,1030.970947265625,1040.49755859375,1024.8304443359375,1032.3642578125,4570087.0,4601802752.0,1005,3.409963607788086
2026-07-20,1057.0,1067.699951171875,1038.199951171875,1064.0,9348760.0,9947080640.0,1050.20556640625,1059.0848388671875,1038.1971435546875,1047.8145751953125,7428194.0,7409517568.0,1006,3.409963607788086
2026-07-21,1064.0,1074.4000244140625,1060.9000244140625,1069.199951171875,6970658.0,7453027193.23584,1053.0191650390625,1063.080322265625,1045.5419921875,1053.992919921875,7198075.0,7154207744.0,1007,3.409963607788086
2026-07-22,1064.0,1070.5999755859375,1056.0999755859375,1060.300048828125,6757716.0,7165206604.766602,1069.5484619140625,1086.9368896484375,1067.4232177734375,1082.93701171875,11989667.0,11799209984.0,1008,3.2357945442199707
2026-07-23,1053.300048828125,1061.199951171875,1036.5,1039.800048828125,8016651.0,8335714101.238037,1051.250732421875,1065.53125,1038.6861572265625,1049.7320556640625,9682913.0,9509695488.0,1009,3.2357945442199707
2026-07-24,1027.300048828125,1030.199951171875,1001.2999877929688,1012.7999877929688,18416962.0,18652698888.78357,1027.5740966796875,1043.768798828125,1024.14208984375,1040.1497802734375,12993455.0,12818299904.0,1010,3.2357945442199707
2026-07-27,1026.699951171875,1050.0,1026.5999755859375,1048.300048828125,7610916.0,7978523614.426758,1009.4884643554688,1026.01513671875,994.8336791992188,1000.2506103515625,7012838.5,6946276352.0,1011,3.2357945442199707
2026-07-28,1049.0,1055.0,1042.4000244140625,1048.4000244140625,4726447.0,4955207150.191772,1031.6610107421875,1040.3748779296875,1023.143310546875,1028.7235107421875,4444950.5,4495372288.0,1012,3.2357945442199707
2026-07-29,1056.0,1065.9000244140625,1048.4000244140625,1054.4000244140625,6444368.0,6794941776.533203,1040.02490234375,1053.6741943359375,1033.3558349609375,1046.078369140625,9706819.0,9465555968.0,1013,3.2357945442199707
2026-07-30,1046.0,1068.0,1035.0999755859375,1053.5,9866564.0,10394425174.0,1048.733154296875,1063.2125244140625,1046.42138671875,1058.02392578125,5074446.0,5228257280.0,1014,3.2357945442199707
2026-07-31,1095.0,1151.5,1083.5999755859375,1141.199951171875,40814590.0,46577608115.1001,1057.5242919921875,1071.3841552734375,1047.727783203125,1057.227783203125,9225941.0,9129771008.0,1015,3.2357945442199707
2026-08-03,1176.300048828125,1176.4000244140625,1140.199951171875,1153.0,13758012.0,15862987836.0,1103.48486328125,1112.85888671875,1094.6180419921875,1102.5240478515625,7744322.5,7790340096.0,1016,3.0637359619140625
2026-08-04,1164.0,1164.0,1139.5,1149.0,9437990.0,10844250510.0,1145.6219482421875,1159.492919921875,1132.0897216796875,1145.1378173828125,11804556.0,12282310656.0,1017,3.0637359619140625
2026-08-05,1152.0,1166.0,1145.0999755859375,1158.800048828125,5154683.0,5973246912.093506,1119.189453125,1125.1182861328125,1096.5074462890625,1104.8109130859375,7174088.5,7203810816.0,1018,3.0637359619140625
2026-08-06,1155.5,1160.199951171875,1144.5999755859375,1144.800048828125,6472397.0,7409600401.63501,1144.5625,1147.9185791015625,1110.775390625,1118.2181396484375,9712933.0,9744996352.0,1019,3.0637359619140625
2026-08-07,1113.0,1113.0,1074.5,1078.0,15614001.0,16831893078.0,1150.1942138671875,1160.0032958984375,1111.5999755859375,1131.581787109375,18039890.0,18096893952.0,1020,3.0637359619140625
2026-08-10,1078.0,1106.0999755859375,1070.800048828125,1102.199951171875,7303098.0,8049474259.003418,1101.58642578125,1143.623779296875,1096.431884765625,1130.5948486328125,16060643.0,16784484352.0,1021,3.0637359619140625
2026-08-11,1098.0,1101.5,1086.300048828125,1093.300048828125,6523358.0,7131987619.92334,1096.01953125,1109.102294921875,1085.60302734375,1094.73681640625,6243767.5,6301479424.0,1022,3.0637359619140625
2026-08-12,1093.0,1094.699951171875,1080.0,1094.199951171875,7054842.0,7719407771.925293,1100.879150390625,1111.041015625,1093.15380859375,1101.1668701171875,4565277.5,4528355840.0,1023,3.0637359619140625
2026-08-13,1095.0,1095.300048828125,1083.0,1090.800048828125,2405186.0,2623577006.2407227,1087.4375,1103.1478271484375,1069.752685546875,1076.1226806640625,13982814.0,13789990912.0,1024,2.9845614433288574
2026-08-14,1090.800048828125,1098.5,1085.199951171875,1087.0,4225781.0,4593423947.0,1088.215087890625,1095.3594970703125,1076.215087890625,1083.648681640625,4893615.0,4886470144.0,1025,2.9845614433288574
2026-08-17,1080.0,1100.4000244140625,1078.800048828125,1089.300048828125,2295675.0,2500678889.593506,1093.8759765625,1102.047119140625,1081.7996826171875,1089.789794921875,7312056.0,7327264768.0,1026,2.9845614433288574
2026-08-18,1088.5999755859375,1100.0,1087.5999755859375,1094.300048828125,3374018.0,3692188062.1469727,1075.5455322265625,1086.187744140625,1058.513427734375,1070.7845458984375,8338637.0,8416634368.0,1027,2.9845614433288574
2026-08-19,1093.9000244140625,1093.9000244140625,1076.4000244140625,1080.199951171875,2877930.0,3108739845.476074,1089.8402099609375,1096.7542724609375,1055.7818603515625,1063.94970703125,10601807.0,10831687680.0,1028,2.9845614433288574
2026-08-20,1089.699951171875,1102.300048828125,1086.300048828125,1095.0,6741475.0,7381915125.0,1085.449462890625,1099.6646728515625,1082.283447265625,1094.316650390625,5266172.5,5291880448.0,1029,2.9845614433288574
2026-08-21,1105.4000244140625,1105.5,1090.5999755859375,1095.0,3042594.0,3331640430.0,1082.4205322265625,1089.1295166015625,1074.1812744140625,1080.846923828125,3213212.0,3151681536.0,1030,2.9845614433288574
2026-08-24,1086.0,1094.9000244140625,1076.9000244140625,1077.0,4342556.0,4676932812.0,1079.350341796875,1094.8502197265625,1055.368896484375,1061.073974609375,7612503.5,7636549120.0,1031,2.9845614433288574
2026-08-25,1077.0,1087.4000244140625,1066.300048828125,1087.4000244140625,2770499.0,3012640680.2391357,1078.221923828125,1090.42138671875,1073.118408203125,1082.642822265625,4308502.5,4319351808.0,1032,2.8497016429901123
2026-08-26,1083.300048828125,1095.0,1082.4000244140625,1085.0,3234877.0,3509841545.0,1072.38427734375,1083.707275390625,1064.1531982421875,1073.2908935546875,1369482.0,1524329984.0,1033,2.8497016429901123
2026-08-27,1090.0,1107.0,1083.0,1083.0,5220239.0,5653518837.0,1081.10595703125,1085.48291015625,1069.6793212890625,1075.0845947265625,3821939.0,3817351168.0,1034,2.8497016429901123
2026-08-28,1065.699951171875,1081.5,1065.699951171875,1079.9000244140625,4554311.0,4918200560.089233,1090.7613525390625,1102.50048828125,1087.6654052734375,1096.334228515625,3288680.0,3215300096.0,1035,2.8497016429901123
2026-08-31,1069.4000244140625,1073.0,1052.0,1057.0,7002192.0,7401316944.0,1076.689697265625,1091.8353271484375,1074.728271484375,1085.7218017578125,4319298.5,4345102336.0,1036,2.8497016429901123
2026-09-01,1065.0,1067.0,1047.0,1053.9000244140625,4813301.0,5072738041.412231,1062.400634765625,1085.426025390625,1025.551025390625,1028.931884765625,9995310.0,9975123968.0,1037,2.8497016429901123
2026-09-02,1044.199951171875,1061.0,1034.800048828125,1055.9000244140625,6234288.0,6582784851.404297,1053.5147705078125,1058.7469482421875,1041.3310546875,1046.9107666015625,3757796.5,3767428096.0,1038,2.8497016429901123
2026-09-03,1057.0999755859375,1059.699951171875,1043.199951171875,1049.0,6626755.0,6951465995.0,1045.17919921875,1060.4083251953125,1042.7259521484375,1056.831787109375,5540805.0,5551977472.0,1039,2.8497016429901123
2026-09-04,1050.5999755859375,1063.5999755859375,1049.699951171875,1060.5,5951742.0,6311822391.0,1041.0296630859375,1066.2109375,1021.008544921875,1029.6644287109375,7467820.5,7431213568.0,1040,2.7936620712280273
