date,actual_open,actual_high,actual_low,actual_close,actual_volume,actual_amount,pred_open,pred_high,pred_low,pred_close,pred_volume,pred_amount,window_index,training_loss
2022-06-24,340.0,342.9800109863281,338.0299987792969,339.67999267578125,8088605.0,2747537287.1572876,336.2142028808594,340.5927429199219,334.4214172363281,338.74066162109375,7369503.5,2698202112.0,0,2.7077207565307617
2022-06-27,343.44000244140625,343.9800109863281,337.0,338.30999755859375,10640560.0,3599807827.6220703,340.36627197265625,342.689453125,335.9950866699219,337.8126220703125,11205681.0,4014419456.0,1,2.7077207565307617
2022-06-28,336.9800109863281,338.4700012207031,332.94000244140625,333.760009765625,13997215.0,4671710615.091553,334.9216613769531,347.3154296875,320.3631591796875,336.6129150390625,15069977.0,5122898944.0,2,2.7077207565307617
2022-06-29,330.0,331.7900085449219,327.3399963378906,328.489990234375,14664150.0,4817026490.29541,334.0920104980469,337.0200500488281,330.3139953613281,332.9580383300781,13339394.0,4590966272.0,3,2.7077207565307617
2022-06-30,326.3999938964844,335.3800048828125,326.20001220703125,332.2200012207031,19910320.0,6614606534.70459,335.25445556640625,336.87860107421875,332.1640319824219,332.78253173828125,15912111.0,5435517440.0,4,2.7077207565307617
2022-07-01,329.0,335.8999938964844,327.20001220703125,333.54998779296875,11502570.0,3836682083.0877686,331.085693359375,333.4266052246094,328.20086669921875,330.5587158203125,6161661.0,2185022464.0,5,2.7077207565307617
2022-07-04,333.30999755859375,336.8900146484375,332.010009765625,334.17999267578125,9343905.0,3122546104.463196,331.4544372558594,334.3763122558594,323.4796142578125,327.02056884765625,9374486.0,3347705344.0,6,2.7077207565307617
2022-07-05,335.0,338.9599914550781,331.3900146484375,332.6099853515625,13210485.0,4393939222.337036,333.73016357421875,335.5958557128906,329.6683349609375,331.2185974121094,8898940.0,3147853568.0,7,2.7077207565307617
2022-07-06,336.3999938964844,342.4800109863281,334.20001220703125,340.8999938964844,27864745.0,9499091400.427094,331.70953369140625,340.0274658203125,327.94488525390625,337.74334716796875,9778296.0,3496295168.0,8,2.7222354412078857
2022-07-07,343.6000061035156,348.79998779296875,343.2099914550781,347.70001220703125,15850325.0,5511158195.985413,342.8783264160156,345.0940856933594,332.451171875,335.7273864746094,17654428.0,6063271936.0,9,2.7222354412078857
2022-07-08,351.0,351.2900085449219,346.44000244140625,348.95001220703125,8890745.0,3102425576.279602,350.7105407714844,354.4347839355469,350.3003845214844,353.64501953125,11083051.0,3986626048.0,10,2.7222354412078857
2022-07-11,348.6000061035156,349.3999938964844,345.6400146484375,348.25,7665895.0,2669647933.75,352.2834167480469,353.3817443847656,349.0455627441406,349.8945617675781,6888665.0,2731231232.0,11,2.7222354412078857
2022-07-12,344.29998779296875,347.79998779296875,342.3900146484375,343.7900085449219,9144160.0,3143670844.536133,349.6212463378906,350.6895446777344,345.6014404296875,346.68505859375,10833534.0,3855875072.0,12,2.7222354412078857
2022-07-13,344.79998779296875,349.19000244140625,344.67999267578125,348.4100036621094,18067340.0,6294841995.564575,343.62744140625,347.8284606933594,342.2587585449219,346.2341003417969,8669188.0,3123411968.0,13,2.7222354412078857
2022-07-14,348.0,355.3999938964844,347.4100036621094,354.010009765625,32854910.0,11630967009.94873,345.615234375,359.728759765625,342.02740478515625,351.4384765625,18749354.0,6634394112.0,14,2.7222354412078857
2022-07-15,354.4599914550781,358.0,354.0,357.5400085449219,11668660.0,4172012796.107788,353.1361389160156,363.7390441894531,349.65277099609375,353.1416320800781,16074063.0,5742323712.0,15,2.7222354412078857
2022-07-18,360.0,370.0,358.8500061035156,369.1300048828125,15585190.0,5752961260.799561,358.1315612792969,361.9362487792969,355.05035400390625,358.7480163574219,13210189.0,4758561280.0,16,2.8650522232055664
2022-07-19,367.0,370.3999938964844,365.6099853515625,366.989990234375,14475875.0,5312501224.884033,364.3311767578125,372.1075134277344,360.3258056640625,363.5307922363281,15303524.0,5537769472.0,17,2.8650522232055664
2022-07-20,369.25,370.0,363.6199951171875,365.54998779296875,12857345.0,4700002307.799988,363.25128173828125,370.3313903808594,359.6546936035156,367.90704345703125,9002469.0,3309791232.0,18,2.8650522232055664
2022-07-21,365.0,365.0,357.55999755859375,360.1099853515625,10933370.0,3937215710.543213,365.4252014160156,371.7375183105469,363.5796203613281,369.6243896484375,12754648.0,4596991488.0,19,2.8650522232055664
2022-07-22,360.20001220703125,368.3999938964844,357.94000244140625,365.4200134277344,16747900.0,6120017842.886353,360.34521484375,365.5130615234375,358.33251953125,363.236083984375,9481354.0,3439756288.0,20,2.8650522232055664
2022-07-25,363.20001220703125,369.760009765625,357.0199890136719,359.1099853515625,9432575.0,3387331870.0775146,367.8704833984375,374.7981872558594,363.46435546875,367.8416442871094,18043130.0,6378418176.0,21,2.8650522232055664
2022-07-26,358.20001220703125,358.989990234375,350.3999938964844,352.32000732421875,9012235.0,3175190701.2075806,357.9403076171875,364.18487548828125,356.5844421386719,362.74041748046875,8977755.0,3293206528.0,22,2.8650522232055664
2022-07-27,352.2300109863281,352.2300109863281,346.4700012207031,350.82000732421875,17398225.0,6103645421.928406,353.8512878417969,355.5335388183594,350.9185485839844,351.4250183105469,9036536.0,3123331072.0,23,2.8650522232055664
2022-07-28,354.9599914550781,366.3699951171875,353.0,365.70001220703125,10772005.0,3939322359.9942017,348.9111328125,365.2428283691406,348.29705810546875,350.89508056640625,20360068.0,6768505856.0,24,2.9197287559509277
2022-07-29,367.5299987792969,371.3800048828125,360.7300109863281,362.07000732421875,11939990.0,4323112266.751099,368.81317138671875,372.21563720703125,362.3111877441406,364.6770935058594,14810141.0,5257251840.0,25,2.9197287559509277
2022-08-01,363.0,372.3999938964844,362.3999938964844,371.1499938964844,8277685.0,3072262737.2270203,362.8077087402344,367.5755310058594,356.8603515625,358.991943359375,10938262.0,3942828032.0,26,2.9197287559509277
2022-08-02,370.3399963378906,378.6000061035156,366.8399963378906,376.9200134277344,16788030.0,6327744493.0252075,369.7077941894531,376.0743713378906,364.9559020996094,368.739501953125,15855501.0,5642398720.0,27,2.9197287559509277
2022-08-03,375.0,375.9599914550781,368.0,370.2200012207031,12678395.0,4693795412.376556,377.8862609863281,386.4734802246094,375.7051696777344,382.8603515625,13608460.0,5016833536.0,28,2.9197287559509277
2022-08-04,371.32000732421875,371.79998779296875,362.8500061035156,367.1099853515625,11805930.0,4334074789.361572,369.58807373046875,379.2818298339844,367.2864685058594,375.6242980957031,17452160.0,6239974400.0,29,2.9197287559509277
2022-08-05,368.95001220703125,370.0,364.5299987792969,366.7799987792969,8322855.0,3052656746.740265,364.40704345703125,369.0174865722656,362.2763366699219,366.5890808105469,10769994.0,3909739008.0,30,2.9197287559509277
2022-08-08,366.0,369.8999938964844,363.3599853515625,368.8999938964844,7779625.0,2869903615.0169373,366.2900695800781,371.8414306640625,362.54254150390625,365.3224182128906,10706582.0,3942621184.0,31,2.9197287559509277
2022-08-10,369.6000061035156,369.8500061035156,364.2099914550781,365.6700134277344,8286635.0,3030173931.7207336,366.40087890625,373.4600830078125,364.3389587402344,371.4922790527344,11056592.0,4019514368.0,32,2.793041706085205
2022-08-11,369.79998779296875,371.3299865722656,366.6000061035156,370.70001220703125,13891690.0,5149649652.576294,366.0870666503906,371.3404541015625,364.0088806152344,369.4565734863281,9845320.0,3582467584.0,33,2.793041706085205
2022-08-12,372.0,372.0,367.29998779296875,368.239990234375,6982610.0,2571276238.210449,368.8350524902344,371.5598449707031,365.66680908203125,368.6325378417969,8649216.0,3177406208.0,34,2.793041706085205
2022-08-16,370.0899963378906,372.3599853515625,367.7099914550781,369.2699890136719,6568120.0,2425409600.2404785,373.0046081542969,375.4094543457031,368.8111877441406,372.1560974121094,11583613.0,4262095360.0,35,2.793041706085205
2022-08-17,370.79998779296875,370.79998779296875,366.2300109863281,367.94000244140625,16916670.0,6224319601.100464,369.9842224121094,373.60919189453125,364.8507080078125,366.9175720214844,9513487.0,3533990912.0,36,2.793041706085205
2022-08-18,367.79998779296875,382.3999938964844,366.3999938964844,380.8999938964844,18306580.0,6972976210.265503,363.45953369140625,364.5655212402344,358.0077819824219,360.2943420410156,17793154.0,6271902720.0,37,2.793041706085205
2022-08-19,383.79998779296875,388.489990234375,374.20001220703125,375.3999938964844,22819530.0,8566451422.720642,379.3848876953125,383.0307922363281,372.7388000488281,376.5808410644531,15428883.0,5661198848.0,38,2.793041706085205
2022-08-22,365.3900146484375,367.6000061035156,362.260009765625,366.4100036621094,20813785.0,7626379038.072357,377.45166015625,382.5477600097656,374.3376159667969,379.6225891113281,9905089.0,3616061696.0,39,2.793041706085205
2022-08-23,364.79998779296875,373.79998779296875,364.0,371.1499938964844,11071500.0,4109187157.4249268,362.8575744628906,365.6253662109375,359.50860595703125,363.33367919921875,10019171.0,3615402496.0,40,2.7805681228637695
2022-08-24,370.20001220703125,374.7900085449219,368.2799987792969,373.5199890136719,7078125.0,2643821172.2373962,369.0244445800781,375.0165710449219,369.8248291015625,374.34893798828125,21341312.0,7757883392.0,41,2.7805681228637695
2022-08-25,375.0199890136719,381.0899963378906,371.2300109863281,373.75,11022045.0,4119489318.75,372.8892517089844,386.7726135253906,370.36468505859375,377.0452575683594,24135030.0,9054352384.0,42,2.7805681228637695
2022-08-26,374.4700012207031,385.3999938964844,373.7799987792969,380.4100036621094,16715440.0,6358720591.61377,375.2456359863281,378.2724609375,371.38287353515625,375.2098693847656,9306297.0,3414292480.0,43,2.7805681228637695
2022-08-29,371.6000061035156,375.5899963378906,369.0,370.0,18198365.0,6733395050.0,386.6136474609375,392.818359375,380.7300720214844,384.6913757324219,10754426.0,4164157440.0,44,2.7805681228637695
2022-08-30,372.9700012207031,384.0,371.3999938964844,383.0899963378906,19429250.0,7443151311.347961,371.6285705566406,377.3988952636719,369.4336242675781,374.4043273925781,9595664.0,3477352448.0,45,2.7805681228637695
2022-09-01,375.0,385.1000061035156,375.0,380.57000732421875,21039210.0,8006892303.795776,378.9749755859375,383.77801513671875,373.8985595703125,379.3817443847656,21747136.0,7968975360.0,46,2.7805681228637695
2022-09-02,383.3900146484375,385.79998779296875,380.8800048828125,383.7699890136719,16656880.0,6392410654.602051,378.2367248535156,384.10491943359375,374.84698486328125,380.9479675292969,19650612.0,7140805632.0,47,2.7805681228637695
2022-09-05,382.20001220703125,391.3999938964844,382.20001220703125,387.5799865722656,19033850.0,7377139327.418518,385.0552978515625,392.3171691894531,380.78680419921875,387.0368347167969,20931788.0,7580662784.0,48,2.727140188217163
2022-09-06,388.989990234375,389.989990234375,382.0,383.1400146484375,13839270.0,5302378110.523682,386.894287109375,391.7569885253906,383.1778869628906,387.6200866699219,15567876.0,5709648384.0,49,2.727140188217163
2022-09-07,380.0,383.0199890136719,377.1400146484375,381.6499938964844,9881290.0,3771194268.189392,384.6624755859375,390.706298828125,381.4837951660156,386.1390380859375,16988908.0,6149810176.0,50,2.727140188217163
2022-09-08,384.0199890136719,387.6000061035156,382.3999938964844,386.010009765625,12060915.0,4655633916.932373,380.57379150390625,387.41644287109375,378.75244140625,384.7364196777344,11134473.0,4150096384.0,51,2.727140188217163
2022-09-09,390.0,390.1400146484375,383.29998779296875,385.2699890136719,14089865.0,5428402133.75412,382.4900817871094,387.5650329589844,378.85272216796875,383.9266662597656,11181998.0,4110607616.0,52,2.727140188217163
2022-09-12,385.0,388.79998779296875,383.54998779296875,384.79998779296875,7418405.0,2854602153.4432983,388.8075866699219,394.2113037109375,386.4490661621094,391.2734375,11769020.0,4390121472.0,53,2.727140188217163
2022-09-13,386.6000061035156,388.0,384.0299987792969,384.67999267578125,7922905.0,3047783037.3709106,387.8656005859375,392.146484375,384.9190368652344,388.55828857421875,9407660.0,3593865472.0,54,2.727140188217163
2022-09-14,378.3999938964844,395.55999755859375,378.3999938964844,390.94000244140625,18712145.0,7315326011.983948,383.90521240234375,388.4781188964844,380.84637451171875,385.29351806640625,15941246.0,5893267456.0,55,2.727140188217163
2022-09-15,393.5,397.44000244140625,384.6000061035156,386.8299865722656,18737490.0,7248223005.097961,387.93768310546875,394.420166015625,385.65972900390625,391.6064758300781,11736653.0,4425586176.0,56,2.770282745361328
2022-09-16,385.25,396.0,382.0199890136719,386.05999755859375,25844110.0,9977377043.504028,387.70953369140625,392.4923400878906,384.29315185546875,388.5845642089844,14664195.0,5519337472.0,57,2.770282745361328
2022-09-19,384.6199951171875,388.0,381.510009765625,385.8999938964844,8379560.0,3233672152.8552246,387.5403747558594,398.603515625,385.21466064453125,393.6739807128906,23367704.0,9228214272.0,58,2.770282745361328
2022-09-20,388.79998779296875,392.3399963378906,386.6000061035156,387.95001220703125,8063650.0,3128293115.9332275,382.81707763671875,385.8649597167969,376.5156555175781,379.77752685546875,19677452.0,7392392704.0,59,2.770282745361328
2022-09-21,385.3999938964844,390.0,379.67999267578125,383.70001220703125,11191380.0,4294132642.6135254,390.42449951171875,397.322509765625,388.18743896484375,393.3520202636719,15006934.0,5712928768.0,60,2.770282745361328
2022-09-22,381.1099853515625,384.9200134277344,376.239990234375,378.54998779296875,9286135.0,3515266290.89386,382.53643798828125,385.4963684082031,375.8238830566406,379.67730712890625,15183095.0,5620300288.0,61,2.770282745361328
2022-09-23,374.0199890136719,377.739990234375,368.3800048828125,372.5400085449219,13068795.0,4868649000.971832,382.2632141113281,393.35113525390625,381.07977294921875,390.82421875,9939344.0,3692038912.0,62,2.770282745361328
2022-09-26,367.20001220703125,371.6000061035156,363.3299865722656,365.79998779296875,11425880.0,4179586764.523926,372.0974426269531,374.00872802734375,370.127685546875,373.0472106933594,10130846.0,3655898624.0,63,2.770282745361328
2022-09-27,366.44000244140625,366.9700012207031,358.4100036621094,359.8599853515625,13700720.0,4930340898.505859,369.15771484375,378.0351257324219,367.75018310546875,375.8526306152344,10939978.0,4009653248.0,64,2.7457895278930664
2022-09-28,358.0,361.6000061035156,355.0199890136719,358.5199890136719,8855585.0,3174904236.9096375,358.1645202636719,359.1831970214844,349.3887023925781,350.2672119140625,16054393.0,5561637376.0,65,2.7457895278930664
2022-09-29,360.3999938964844,362.0,351.95001220703125,353.05999755859375,13998135.0,4942181508.924866,358.3995361328125,359.92156982421875,348.8635559082031,350.69482421875,11546580.0,4104493568.0,66,2.7457895278930664
2022-09-30,353.6000061035156,365.2900085449219,351.5400085449219,363.8399963378906,14023265.0,5102224686.24527,351.44793701171875,353.7640686035156,341.5357971191406,345.40997314453125,17558142.0,6170549248.0,67,2.7457895278930664
2022-10-03,361.6000061035156,362.6000061035156,354.6600036621094,356.7799987792969,12200320.0,4352830154.707031,365.1167297363281,368.5706481933594,361.59063720703125,364.9541320800781,11632256.0,4247712000.0,68,2.7457895278930664
2022-10-04,361.6000061035156,365.55999755859375,360.3999938964844,364.45001220703125,8344610.0,3041193216.362915,358.2846984863281,365.3051452636719,358.00048828125,363.5893859863281,7902719.0,2894479872.0,69,2.7457895278930664
2022-10-06,365.0,368.0,362.3699951171875,363.7799987792969,8740755.0,3179711843.230133,363.5337219238281,364.5025939941406,359.5498962402344,360.1595153808594,9958960.0,3633225728.0,70,2.7457895278930664
2022-10-07,362.1000061035156,366.0,360.44000244140625,365.0799865722656,5319220.0,1941940766.1749268,363.2794189453125,365.8163146972656,361.6851806640625,364.2994689941406,7260857.5,2679520000.0,71,2.7457895278930664
2022-10-10,360.2200012207031,364.3500061035156,358.9100036621094,361.6499938964844,5188610.0,1876460774.8312378,363.0372314453125,369.0050354003906,361.8288269042969,366.9714660644531,8048563.0,2954229504.0,72,2.6908626556396484
2022-10-11,361.9700012207031,361.9700012207031,356.6600036621094,357.5799865722656,7483590.0,2675982011.7123413,361.5812683105469,363.2487487792969,354.2724609375,355.37548828125,7553019.0,2727214592.0,73,2.6908626556396484
2022-10-12,357.6000061035156,362.6000061035156,356.0400085449219,362.0400085449219,5175590.0,1873770647.8250122,358.0409851074219,366.0841979980469,349.0961608886719,359.5525817871094,9120654.0,3328878080.0,74,2.6908626556396484
2022-10-13,361.0,363.17999267578125,358.6000061035156,360.29998779296875,5864895.0,2113121596.9070435,361.0298156738281,363.1426696777344,359.7540588378906,361.7019348144531,3416497.0,1335780352.0,75,2.6908626556396484
2022-10-14,365.6000061035156,371.6000061035156,364.5,366.79998779296875,8351190.0,3063216390.0567627,357.7211608886719,359.422119140625,354.76885986328125,356.3537292480469,6976504.5,2529650688.0,76,2.6908626556396484
2022-10-17,365.6099853515625,372.44000244140625,364.04998779296875,371.6300048828125,5521415.0,2051923483.4100342,367.8338623046875,369.9351806640625,365.3058166503906,366.9784851074219,6419252.0,2427561216.0,77,2.6908626556396484
2022-10-18,373.489990234375,375.17999267578125,371.0199890136719,371.94000244140625,8049290.0,2993852942.251587,369.8370666503906,372.80255126953125,367.9307861328125,370.0919494628906,6618084.0,2499276544.0,78,2.6908626556396484
2022-10-19,373.79998779296875,375.489990234375,371.0,373.8699951171875,4566430.0,1707251161.8029785,370.315673828125,374.3634948730469,369.2532653808594,372.8233947753906,4879512.0,1799282432.0,79,2.6908626556396484
2022-10-20,372.0,376.5899963378906,371.07000732421875,372.7099914550781,7955535.0,2965107381.870575,370.26861572265625,371.7662353515625,366.26617431640625,368.37640380859375,6884966.0,2596614656.0,80,2.684478282928467
2022-10-21,374.0,385.0,373.260009765625,380.5299987792969,19709855.0,7500191099.090118,370.0219421386719,373.9044494628906,368.8594055175781,372.0015869140625,5290930.0,2009788416.0,81,2.684478282928467
2022-10-24,380.5,383.0,378.0,379.1600036621094,3245405.0,1230527771.685028,384.5938415527344,389.8322448730469,383.3337707519531,387.9122619628906,6437943.5,2358629376.0,82,2.684478282928467
2022-10-25,382.20001220703125,382.32000732421875,368.3999938964844,369.32000732421875,17558250.0,6484613018.600464,379.75872802734375,382.4352111816406,376.6784973144531,378.9126281738281,6510440.5,2495415040.0,83,2.684478282928467
2022-10-27,376.739990234375,377.6000061035156,369.8900146484375,373.0,22967460.0,8566862580.0,369.61041259765625,378.53912353515625,366.6417236328125,371.3128967285156,16120158.0,6214146560.0,84,2.684478282928467
2022-10-28,374.79998779296875,378.9700012207031,374.2099914550781,376.8500061035156,15243435.0,5744488572.788544,374.50921630859375,384.37744140625,373.22039794921875,375.3229064941406,19552488.0,7266718208.0,85,2.684478282928467
2022-10-31,379.79998779296875,382.3999938964844,377.79998779296875,380.3900146484375,9371740.0,3564916315.8813477,377.7349853515625,386.1669921875,376.3326721191406,382.01641845703125,18184996.0,6878480384.0,86,2.684478282928467
2022-11-01,381.6000061035156,388.29998779296875,380.67999267578125,381.8399963378906,12727085.0,4859710089.792023,380.5205078125,385.86981201171875,378.0380554199219,382.8230285644531,11615786.0,4420408320.0,87,2.684478282928467
2022-11-02,383.75,384.0,379.5,381.989990234375,9320405.0,3560301414.93042,382.8352355957031,386.6523742675781,380.1971435546875,383.4331970214844,11964825.0,4559403008.0,88,2.5875988006591797
2022-11-03,380.9599914550781,382.6000061035156,378.7200012207031,380.0299987792969,7959355.0,3024793670.9339905,380.4617614746094,383.65533447265625,376.6907043457031,380.1811218261719,14799884.0,5552347648.0,89,2.5875988006591797
2022-11-04,381.20001220703125,381.6000061035156,378.8599853515625,379.989990234375,10407065.0,3954580527.718506,379.154541015625,381.4102783203125,375.834228515625,377.9857482910156,8295426.5,3188718336.0,90,2.5875988006591797
2022-11-07,381.6000061035156,382.0,374.3299865722656,376.5199890136719,13123005.0,4941073698.426361,377.6417541503906,379.9106750488281,369.7485656738281,373.774169921875,14872848.0,5573483008.0,91,2.5875988006591797
2022-11-09,379.6000061035156,380.7200012207031,376.1400146484375,378.67999267578125,11613170.0,4397675130.542603,374.5085754394531,378.6189880371094,372.6070251464844,377.1473693847656,17343742.0,6425045504.0,92,2.5875988006591797
2022-11-10,379.0,383.0,378.3399963378906,382.42999267578125,12550620.0,4799733514.676514,362.8236999511719,374.1097106933594,364.8310852050781,373.8522033691406,20355178.0,7344837120.0,93,2.5875988006591797
2022-11-11,386.6000061035156,386.7799987792969,378.17999267578125,379.82000732421875,17120150.0,6502575498.391724,380.63421630859375,384.232177734375,378.0690002441406,381.2029113769531,11315179.0,4294085632.0,94,2.5875988006591797
2022-11-14,380.57000732421875,385.739990234375,380.20001220703125,384.55999755859375,10711335.0,4119150961.44928,378.84423828125,381.0082092285156,373.9676513671875,376.3546447753906,14490747.0,5457368576.0,95,2.5875988006591797
2022-11-15,385.0,386.6600036621094,379.05999755859375,382.4800109863281,9951460.0,3806234530.130005,384.5010681152344,389.6725158691406,380.42022705078125,384.35125732421875,16240054.0,6199524352.0,96,2.5098025798797607
2022-11-16,382.79998779296875,393.7300109863281,382.7900085449219,393.17999267578125,32188255.0,12655777865.14618,380.61224365234375,382.64349365234375,376.2413330078125,378.2858581542969,10250008.0,3872778752.0,97,2.5098025798797607
2022-11-17,392.760009765625,393.0,388.6499938964844,390.1099853515625,12043355.0,4698233042.633667,393.1268310546875,400.2381591796875,389.6426086425781,395.884033203125,27196052.0,10567383040.0,98,2.5098025798797607
2022-11-18,392.19000244140625,399.510009765625,389.5799865722656,391.9100036621094,21360200.0,8371276060.223389,391.0302429199219,394.4814147949219,387.9132385253906,390.9806213378906,9424040.0,3641503488.0,99,2.5098025798797607
2022-11-21,390.9100036621094,390.9100036621094,386.55999755859375,388.82000732421875,5963050.0,2318553144.6746826,403.5433349609375,406.95745849609375,392.0447082519531,395.1347961425781,27251940.0,10777675776.0,100,2.5098025798797607
2022-11-22,390.7699890136719,390.7699890136719,386.0199890136719,387.95001220703125,5833775.0,2263213082.4630737,386.6502990722656,389.9606018066406,384.0111083984375,386.82403564453125,7047559.5,2671351808.0,101,2.5098025798797607
2022-11-23,390.1000061035156,392.29998779296875,389.1300048828125,390.6700134277344,12502815.0,4884474903.934479,386.15948486328125,388.2060546875,379.55389404296875,381.7348327636719,12781399.0,4890278912.0,102,2.5098025798797607
2022-11-24,390.8999938964844,391.260009765625,386.6099853515625,388.9700012207031,7002105.0,2723608790.3974915,387.2403259277344,392.4067077636719,384.97613525390625,389.5625,9936008.0,3743485952.0,103,2.5098025798797607
2022-11-25,389.79998779296875,389.79998779296875,384.0,385.67999267578125,10487705.0,4044897987.5857544,387.8095397949219,390.26605224609375,384.35491943359375,386.74163818359375,6902777.0,2588272640.0,104,2.5252845287323
2022-11-28,383.20001220703125,388.5899963378906,383.20001220703125,385.6300048828125,7822520.0,3016598425.7958984,384.09930419921875,390.2488708496094,380.6358947753906,382.7760009765625,11482271.0,4382661632.0,105,2.5252845287323
2022-11-29,386.32000732421875,387.79998779296875,384.6499938964844,385.1099853515625,6817525.0,2625496952.883911,385.5172424316406,388.58795166015625,382.3943176269531,385.2664794921875,8954777.0,3376148992.0,106,2.5252845287323
2022-11-30,387.79998779296875,391.0,383.20001220703125,389.4100036621094,14753670.0,5745226688.729553,387.70709228515625,391.6045227050781,384.31439208984375,387.10931396484375,10479348.0,4009137408.0,107,2.5252845287323
2022-12-01,391.0,392.3500061035156,385.57000732421875,386.8599853515625,12355025.0,4779664790.518188,389.3052062988281,392.6202697753906,386.0897216796875,389.6036682128906,7934721.5,2984575488.0,108,2.5252845287323
2022-12-02,383.4200134277344,386.9800109863281,383.4200134277344,386.1600036621094,7954840.0,3071841043.531494,385.67938232421875,387.792236328125,380.2135925292969,382.59796142578125,11661066.0,4451744256.0,109,2.5252845287323
2022-12-05,388.3999938964844,388.7900085449219,384.0,387.69000244140625,6227545.0,2414356936.2539673,384.4648742675781,386.79937744140625,380.18682861328125,382.3055114746094,9829431.0,3721006592.0,110,2.5252845287323
2022-12-06,384.1099853515625,388.6199951171875,384.1099853515625,387.04998779296875,6833490.0,2644902221.083374,387.43731689453125,390.57672119140625,384.4134521484375,387.06103515625,9979056.0,3798035200.0,111,2.5252845287323
2022-12-07,386.5,386.5,381.1000061035156,382.2900085449219,11811400.0,4515380206.92749,385.95648193359375,390.13336181640625,382.74298095703125,386.72247314453125,6626004.0,2555000320.0,112,2.5382273197174072
2022-12-08,379.7799987792969,380.9599914550781,375.4200134277344,379.3999938964844,63099190.0,23939832300.873108,381.9600830078125,384.90045166015625,377.782958984375,380.66259765625,12655614.0,4811898368.0,113,2.5382273197174072
2022-12-09,382.79998779296875,383.3500061035156,375.8500061035156,377.6099853515625,13242275.0,5000415268.771362,377.74884033203125,381.9914855957031,375.6290588378906,379.1749572753906,11095109.0,4188470784.0,114,2.5382273197174072
2022-12-12,373.0,375.94000244140625,372.6000061035156,373.1499938964844,16407235.0,6122359640.108185,379.55572509765625,382.5931091308594,376.9332275390625,379.55419921875,8207269.0,3127466496.0,115,2.5382273197174072
2022-12-13,372.75,374.3500061035156,371.6400146484375,373.70001220703125,34697825.0,12966577626.057434,372.09716796875,377.55804443359375,370.4449768066406,376.0140075683594,16920238.0,6281736192.0,116,2.5382273197174072
2022-12-14,374.2200012207031,375.19000244140625,372.75,374.6400146484375,18735705.0,7019144795.648804,371.14788818359375,376.9530944824219,367.653076171875,372.35748291015625,30367606.0,11411353600.0,117,2.5382273197174072
2022-12-15,375.1099853515625,376.3599853515625,370.9800109863281,372.6400146484375,10208995.0,3804280046.345825,371.0758972167969,381.60772705078125,368.3226013183594,371.66448974609375,26280076.0,9888299008.0,118,2.5382273197174072
2022-12-16,370.94000244140625,371.3900146484375,367.0400085449219,368.1099853515625,12439140.0,4578971643.186035,367.21429443359375,371.06842041015625,363.88623046875,366.5294494628906,22341948.0,8169336832.0,119,2.5382273197174072
2022-12-19,368.1099853515625,372.79998779296875,368.1000061035156,371.6300048828125,8568235.0,3184213214.887085,367.5902404785156,369.8801574707031,364.3421325683594,366.253173828125,6913989.0,2564054528.0,120,2.751905679702759
2022-12-20,369.0,372.3900146484375,366.95001220703125,369.4200134277344,7052930.0,2605493495.3048706,372.9678649902344,374.3614501953125,366.8693542480469,367.4975891113281,11589750.0,4322945024.0,121,2.751905679702759
2022-12-21,372.1000061035156,372.19000244140625,361.79998779296875,362.9200134277344,11914345.0,4323954247.38266,368.7877502441406,371.2397766113281,363.9532775878906,367.6115417480469,12209110.0,4506578432.0,122,2.751905679702759
2022-12-22,365.20001220703125,367.0,363.79998779296875,365.2099914550781,8570465.0,3130019449.416046,360.6241149902344,362.60882568359375,356.1258544921875,357.8180847167969,8022992.5,2907724288.0,123,2.751905679702759
2022-12-23,363.19000244140625,367.8299865722656,362.3900146484375,364.3900146484375,10510630.0,3829968619.6643066,364.3561096191406,366.30682373046875,359.123779296875,360.6928405761719,9134892.0,3407960064.0,124,2.751905679702759
2022-12-26,364.3900146484375,365.2200012207031,358.8399963378906,362.7099914550781,23733690.0,8608446497.097473,364.5948181152344,366.5754699707031,359.42694091796875,361.05023193359375,9377056.0,3491701248.0,125,2.751905679702759
2022-12-27,364.5299987792969,365.5899963378906,361.3999938964844,364.17999267578125,7741430.0,2819273920.7000732,364.9774169921875,366.3027038574219,361.85626220703125,362.62652587890625,10704818.0,3981971200.0,126,2.751905679702759
2022-12-28,364.8800048828125,366.2799987792969,363.04998779296875,364.0199890136719,9521340.0,3465958082.1954346,364.1918029785156,367.878662109375,361.6114807128906,365.5967712402344,12962327.0,4720987136.0,127,2.751905679702759
2022-12-29,362.8800048828125,364.0,360.20001220703125,363.75,10772450.0,3918478687.5,365.3124694824219,370.51531982421875,363.9461669921875,368.33319091796875,13723268.0,4979859968.0,128,2.90877103805542
2022-12-30,365.0199890136719,367.6000061035156,364.4599914550781,365.45001220703125,13463440.0,4920214312.348633,363.521728515625,366.06610107421875,361.5018310546875,363.7350158691406,6550053.0,2396134912.0,129,2.90877103805542
2023-01-02,365.55999755859375,366.6000061035156,363.2900085449219,365.010009765625,5625005.0,2053183129.9816895,369.2721862792969,371.1110534667969,355.5802917480469,366.6561279296875,13866906.0,5008730624.0,130,2.90877103805542
2023-01-03,364.45001220703125,367.29998779296875,364.20001220703125,366.57000732421875,8317240.0,3048850727.717285,364.9009704589844,367.5749816894531,362.77142333984375,365.2862243652344,10616636.0,3869434880.0,131,2.90877103805542
2023-01-04,366.9800109863281,366.9800109863281,362.7900085449219,364.1499938964844,8320520.0,3029917307.215576,368.9582824707031,373.6590881347656,364.81402587890625,367.87713623046875,7964653.5,3021200384.0,132,2.90877103805542
2023-01-05,364.0,366.55999755859375,361.2300109863281,364.05999755859375,8663090.0,3153884524.249878,365.7538146972656,368.62957763671875,362.0796203613281,363.717041015625,8039875.0,2913453568.0,133,2.90877103805542
2023-01-06,365.20001220703125,365.20001220703125,354.1300048828125,357.3599853515625,18998275.0,6789223275.704956,363.3647155761719,366.3819274902344,361.2875061035156,364.7213439941406,7780333.0,2813817344.0,134,2.90877103805542
2023-01-09,360.20001220703125,363.20001220703125,357.79998779296875,362.3800048828125,17134340.0,6209142212.86377,359.5887756347656,362.39410400390625,344.0946350097656,356.5777587890625,23529712.0,8190160384.0,135,2.90877103805542
2023-01-10,361.7099914550781,363.20001220703125,357.7799987792969,359.1099853515625,7370655.0,2646875809.081421,362.74530029296875,364.9066467285156,358.7402038574219,360.7142333984375,10271780.0,3802492928.0,136,2.886643648147583
2023-01-11,360.0,360.8299865722656,356.82000732421875,360.3699951171875,8018505.0,2889628607.6971436,361.5966796875,364.20281982421875,359.73101806640625,362.1924133300781,19077708.0,6828309504.0,137,2.886643648147583
2023-01-12,361.3999938964844,361.3999938964844,354.4800109863281,355.8999938964844,17648025.0,6280931989.785004,357.02606201171875,361.0939636230469,351.13653564453125,359.4302673339844,14701007.0,5156273152.0,138,2.886643648147583
2023-01-13,355.8999938964844,357.4599914550781,351.79998779296875,356.05999755859375,19915985.0,7091285570.47699,356.5544128417969,359.3621826171875,353.9649963378906,356.86053466796875,13177225.0,4648992256.0,139,2.886643648147583
2023-01-16,357.3999938964844,359.79998779296875,356.0,356.9599914550781,10590805.0,3780493662.3023987,356.39190673828125,358.4596252441406,352.159423828125,356.7174987792969,34544652.0,10633303040.0,140,2.886643648147583
2023-01-17,356.0,360.3900146484375,355.32000732421875,359.5299987792969,10661970.0,3833298061.0849,357.6792297363281,360.91912841796875,351.2104187011719,358.8993835449219,11250653.0,3996712448.0,141,2.886643648147583
2023-01-18,360.5899963378906,365.3999938964844,359.20001220703125,359.82000732421875,14176160.0,5100865995.029297,358.405517578125,360.1270751953125,353.4407653808594,355.7593688964844,14444457.0,5059588096.0,142,2.886643648147583
2023-01-19,360.70001220703125,360.70001220703125,353.0,353.4599914550781,22128220.0,7821440452.116089,360.8507995605469,361.86004638671875,355.4252624511719,356.1282653808594,9048889.0,3258507264.0,143,2.886643648147583
2023-01-20,355.7799987792969,355.7799987792969,351.3999938964844,352.5799865722656,21351470.0,7528101005.898132,354.9825134277344,357.9925231933594,342.2020568847656,353.5109558105469,24397208.0,8393986048.0,144,2.836195945739746
2023-01-23,358.0,359.92999267578125,354.0,356.75,38823135.0,13850153411.25,352.25592041015625,354.5170593261719,345.8184509277344,348.8514709472656,29837916.0,10247856128.0,145,2.836195945739746
2023-01-24,358.5400085449219,358.5400085449219,349.75,352.04998779296875,20795940.0,7321210423.143311,364.8439025878906,366.2743225097656,350.9415588378906,354.24407958984375,30214000.0,10477457408.0,146,2.836195945739746
2023-01-25,351.3999938964844,352.0799865722656,346.6000061035156,349.9599914550781,21401665.0,7489726500.524445,353.226318359375,356.38250732421875,350.516845703125,353.2986145019531,21390464.0,7398743552.0,147,2.836195945739746
2023-01-27,350.4200134277344,350.4200134277344,340.79998779296875,342.6199951171875,37584895.0,12877336541.380005,345.22900390625,349.5271301269531,342.6200256347656,348.8051452636719,23811556.0,8100313088.0,148,2.836195945739746
2023-01-30,342.6199951171875,346.1199951171875,336.7699890136719,345.25,24697780.0,8526908545.0,341.2781066894531,342.62860107421875,335.4239196777344,338.2458801269531,34288708.0,11523610624.0,149,2.836195945739746
2023-01-31,346.1000061035156,347.7200012207031,342.6099853515625,346.20001220703125,21926920.0,7591099971.662598,341.9310302734375,344.0401611328125,337.46368408203125,340.46453857421875,25989060.0,8809820160.0,150,2.836195945739746
2023-02-01,349.0,356.79998779296875,344.1499938964844,348.94000244140625,18260490.0,6371815425.181274,347.5689392089844,350.37237548828125,344.9407043457031,347.86993408203125,23020636.0,7837157376.0,151,2.836195945739746
2023-02-02,344.0,353.6000061035156,344.0,352.3500061035156,20922350.0,7371990150.19989,349.07611083984375,349.30078125,343.5810241699219,344.45281982421875,14582761.0,4942092800.0,152,2.7672457695007324
2023-02-03,354.1199951171875,356.739990234375,349.0400085449219,356.05999755859375,13376060.0,4762679890.9436035,355.5438232421875,362.6737060546875,350.9244689941406,360.4751281738281,9901647.0,3791529472.0,153,2.7672457695007324
2023-02-06,355.0,355.6499938964844,348.0,349.3999938964844,15201045.0,5311245030.220184,352.4933166503906,361.1026916503906,347.35546875,355.84906005859375,19217484.0,6698641408.0,154,2.7672457695007324
2023-02-07,350.44000244140625,356.0,349.4100036621094,355.0799865722656,18215935.0,6468113955.201263,351.09429931640625,356.44671630859375,348.7215881347656,353.5537109375,20691068.0,7159294976.0,155,2.7672457695007324
2023-02-08,355.760009765625,356.0,352.2200012207031,353.1000061035156,7233450.0,2554131239.149475,354.72161865234375,361.3183288574219,351.0536193847656,356.5503234863281,12512462.0,4462908416.0,156,2.7672457695007324
2023-02-09,353.5899963378906,355.0400085449219,349.5899963378906,354.17999267578125,10819125.0,3831917613.258362,358.7294616699219,360.6039123535156,352.8755798339844,355.4520568847656,13957152.0,4961925120.0,157,2.7672457695007324
2023-02-10,353.5799865722656,355.7300109863281,353.0,354.4100036621094,7229710.0,2562281547.575989,348.3266296386719,357.9626770019531,345.2107849121094,356.07781982421875,14829764.0,5124214784.0,158,2.7672457695007324
2023-02-13,355.0199890136719,356.8900146484375,352.3299865722656,354.760009765625,11945710.0,4237860196.257324,355.2753601074219,359.24676513671875,352.4002990722656,355.2832336425781,11781455.0,4152349184.0,159,2.7672457695007324
2023-02-14,354.0,355.3999938964844,352.75,354.07000732421875,8074465.0,2858925881.689148,355.5180969238281,357.35528564453125,353.071533203125,355.1368408203125,7474056.5,2623733760.0,160,2.740905284881592
2023-02-15,353.69000244140625,358.0,352.04998779296875,357.1000061035156,12046460.0,4301790939.525757,352.8164978027344,355.8272705078125,349.83343505859375,355.7713928222656,10705830.0,3691360768.0,161,2.740905284881592
2023-02-16,358.79998779296875,360.7799987792969,356.7099914550781,357.5899963378906,11458010.0,4097269753.939514,356.6642761230469,359.6390686035156,354.6340637207031,357.7982482910156,10332831.0,3670949632.0,162,2.740905284881592
2023-02-17,356.6199951171875,358.2799987792969,350.2099914550781,351.8500061035156,12939545.0,4552778987.226715,361.36737060546875,363.35748291015625,356.6091003417969,357.8880920410156,9056994.0,3244439552.0,163,2.740905284881592
2023-02-20,353.6099853515625,353.6099853515625,346.0199890136719,347.4599914550781,16124195.0,5602512656.920013,355.3533630371094,353.2213134765625,353.8544921875,350.6004333496094,9550595.0,3300382720.0,164,2.740905284881592
2023-02-21,349.0,349.0,345.010009765625,346.0400085449219,14684670.0,5081483332.279358,351.49603271484375,352.21148681640625,350.468505859375,350.68170166015625,15086252.0,5030804992.0,165,2.740905284881592
2023-02-22,344.7900085449219,345.2200012207031,339.6000061035156,340.1099853515625,17695745.0,6018499572.734985,347.9466247558594,351.7955322265625,345.9483947753906,349.9211730957031,13057401.0,4447237632.0,166,2.740905284881592
2023-02-23,341.4800109863281,342.75,337.54998779296875,341.42999267578125,13850550.0,4728993185.055542,341.4325256347656,342.596435546875,337.7455139160156,339.3412780761719,18451858.0,5998639616.0,167,2.740905284881592
2023-02-24,342.6000061035156,344.8500061035156,338.79998779296875,339.4599914550781,10401815.0,3531000031.0173035,342.2380676269531,343.484375,333.33978271484375,335.3323059082031,18701060.0,6246328832.0,168,2.6386890411376953
2023-02-27,339.6600036621094,345.9599914550781,338.1600036621094,345.19000244140625,11718990.0,4045278186.7108154,343.59619140625,346.88861083984375,341.248779296875,344.9782409667969,7953634.5,2791866880.0,169,2.6386890411376953
2023-02-28,345.19000244140625,348.2799987792969,344.3299865722656,345.8500061035156,21975490.0,7600223350.627747,344.4200439453125,345.83074951171875,341.2803955078125,343.2420349121094,9120788.0,3178720256.0,170,2.6386890411376953
2023-03-01,345.8500061035156,350.1199951171875,345.20001220703125,348.9800109863281,28066930.0,9794797539.752502,348.7745361328125,346.159423828125,346.535400390625,343.524658203125,9751482.0,3344273920.0,171,2.6386890411376953
2023-03-02,347.1199951171875,349.2699890136719,343.6000061035156,344.3399963378906,20599675.0,7093292014.061737,348.94677734375,354.9093933105469,346.9308166503906,352.3971862792969,31058060.0,11053077504.0,172,2.6386890411376953
2023-03-03,346.3999938964844,353.0,343.9800109863281,350.20001220703125,18131345.0,6349597240.329895,341.41717529296875,342.3166198730469,335.7853088378906,337.46331787109375,18046248.0,6128198656.0,173,2.6386890411376953
2023-03-06,351.260009765625,352.9200134277344,348.2900085449219,350.20001220703125,25934230.0,9082167662.579956,350.1638488769531,352.2157897949219,347.31201171875,349.073974609375,17125976.0,5996420096.0,174,2.6386890411376953
2023-03-08,347.20001220703125,348.8599853515625,345.3699951171875,348.0400085449219,26013040.0,9053578663.879395,352.43743896484375,352.99249267578125,346.1042785644531,346.16375732421875,16770096.0,5881620480.0,175,2.6386890411376953
2023-03-09,347.8599853515625,348.9100036621094,342.739990234375,343.3399963378906,34641580.0,11893839950.338745,344.60870361328125,354.42706298828125,333.8074035644531,351.8251647949219,21115614.0,7386064384.0,176,2.507866382598877
2023-03-10,341.3999938964844,342.70001220703125,338.3999938964844,339.8599853515625,24380720.0,8286031142.060547,343.01434326171875,343.55517578125,338.5392761230469,338.3443908691406,18968294.0,6523535872.0,177,2.507866382598877
2023-03-13,339.79998779296875,344.6600036621094,333.239990234375,334.7799987792969,44894690.0,15029844263.396912,338.6974182128906,339.9136962890625,334.3877868652344,335.41864013671875,21861304.0,7409994752.0,178,2.507866382598877
2023-03-14,334.6000061035156,335.510009765625,328.70001220703125,329.6499938964844,70694930.0,23304583243.01239,333.6122131347656,338.30255126953125,330.7356262207031,334.9404296875,33180136.0,11455994880.0,179,2.507866382598877
2023-03-15,333.6000061035156,337.6000061035156,332.32000732421875,333.19000244140625,23461815.0,7817242197.129822,327.1902770996094,331.70281982421875,323.60296630859375,327.5791015625,33643348.0,11293575168.0,180,2.507866382598877
2023-03-16,334.0,335.7699890136719,329.6400146484375,332.7099914550781,18160315.0,6042118248.471527,331.51153564453125,333.8836364746094,328.365478515625,330.49627685546875,18834278.0,6123360256.0,181,2.507866382598877
2023-03-17,335.9200134277344,341.239990234375,334.2300109863281,338.6199951171875,44641505.0,15116506205.123901,323.24847412109375,333.827392578125,322.1938781738281,332.6974792480469,26706694.0,8854489088.0,182,2.507866382598877
2023-03-20,337.3999938964844,340.5899963378906,336.2099914550781,339.92999267578125,22319685.0,7587130358.575745,340.20379638671875,343.98089599609375,337.07275390625,340.1758728027344,40796412.0,13897201664.0,183,2.507866382598877
2023-03-21,341.510009765625,342.3900146484375,338.3999938964844,341.3699951171875,9025900.0,3081171438.9282227,338.33740234375,340.2749328613281,334.0475769042969,335.9954833984375,23560910.0,7961375744.0,184,2.509962797164917
2023-03-22,342.0,342.6400146484375,338.4200134277344,341.0299987792969,16630495.0,5671497689.549103,341.91094970703125,344.82977294921875,339.61639404296875,341.77581787109375,21050578.0,7286822400.0,185,2.509962797164917
2023-03-23,339.8299865722656,340.0,335.0,335.94000244140625,28210755.0,9477121103.573914,342.1887512207031,345.2341003417969,339.4981994628906,342.4688720703125,20885406.0,7130492928.0,186,2.509962797164917
2023-03-24,335.2099914550781,341.7900085449219,335.0,338.42999267578125,27403045.0,9274012318.644104,335.5632629394531,336.4862060546875,331.05718994140625,332.080810546875,24117592.0,8023265280.0,187,2.509962797164917
2023-03-27,340.1300048828125,342.57000732421875,338.6199951171875,341.0400085449219,14186020.0,4838000382.018433,337.7077941894531,339.76361083984375,334.6036376953125,336.6717529296875,17585312.0,5959087104.0,188,2.509962797164917
2023-03-28,341.7900085449219,341.9599914550781,337.0899963378906,339.7799987792969,11858260.0,4029199568.324585,342.0056457519531,345.26568603515625,339.3521728515625,342.4581298828125,18178132.0,6284106752.0,189,2.509962797164917
2023-03-29,340.0199890136719,345.3999938964844,339.0,344.2099914550781,14105000.0,4855081929.473877,340.2650146484375,342.63128662109375,337.13568115234375,339.8323669433594,19048174.0,6549073920.0,190,2.509962797164917
2023-03-31,345.1000061035156,348.1300048828125,344.20001220703125,346.57000732421875,17828775.0,6178918682.331848,338.51556396484375,344.5470886230469,337.0260009765625,343.4890441894531,16954240.0,5694386688.0,191,2.509962797164917
2023-04-03,346.79998779296875,350.44000244140625,346.6400146484375,349.1400146484375,12184330.0,4254037154.6813965,346.173095703125,349.86480712890625,343.26116943359375,345.5862121582031,23110868.0,8082635776.0,192,2.521904468536377
2023-04-05,349.0,351.94000244140625,347.80999755859375,350.3800048828125,12631750.0,4425912626.678467,351.0237731933594,351.9078674316406,346.7197570800781,348.02099609375,15291106.0,5290398208.0,193,2.521904468536377
2023-04-06,350.0,352.2900085449219,347.8699951171875,351.4200134277344,7786775.0,2736428575.0587463,350.78594970703125,353.0596618652344,348.5968017578125,350.95965576171875,13354964.0,4691762176.0,194,2.521904468536377
2023-04-10,351.42999267578125,353.6000061035156,349.92999267578125,351.8599853515625,6265855.0,2204703648.5150146,348.2842712402344,350.9546203613281,343.6644287109375,346.767822265625,22561336.0,7784570368.0,195,2.521904468536377
2023-04-11,369.44000244140625,371.79998779296875,365.20001220703125,369.29998779296875,46468815.0,17160932812.253723,352.3730773925781,356.2001953125,348.66510009765625,350.74310302734375,9573158.0,3451769088.0,196,2.521904468536377
2023-04-12,368.3999938964844,370.19000244140625,366.29998779296875,368.80999755859375,17043565.0,6285837166.039734,375.9507141113281,378.328857421875,372.1545104980469,375.5168151855469,18381608.0,6757483520.0,197,2.521904468536377
2023-04-13,367.6000061035156,374.8599853515625,366.20001220703125,373.8999938964844,14620580.0,5466634772.763062,369.491943359375,372.4747009277344,366.9310607910156,370.3447265625,12810015.0,4658911232.0,198,2.521904468536377
2023-04-17,377.7900085449219,382.760009765625,365.2200012207031,379.0299987792969,51771495.0,19622949686.652374,372.148681640625,373.62091064453125,368.2254333496094,370.44195556640625,17132782.0,6253208064.0,199,2.521904468536377
2023-04-18,380.19000244140625,380.9200134277344,377.17999267578125,377.6600036621094,14863605.0,5613389118.732147,378.1680908203125,380.8951721191406,375.2760314941406,378.4191589355469,12292075.0,4541771776.0,200,2.476661205291748
2023-04-19,377.6600036621094,377.6700134277344,375.2300109863281,376.9800109863281,9383280.0,3537308997.487793,380.4565124511719,381.6192932128906,375.75640869140625,378.1748046875,23332806.0,8729253888.0,201,2.476661205291748
2023-04-20,376.8599853515625,380.67999267578125,374.4100036621094,376.79998779296875,11613885.0,4376111726.228943,376.3649597167969,377.9906005859375,373.2627868652344,375.69317626953125,9808608.0,3662375936.0,202,2.476661205291748
2023-04-21,376.3999938964844,380.7300109863281,375.42999267578125,378.7300109863281,8356705.0,3164934976.459503,377.4473571777344,378.78594970703125,374.16680908203125,376.3328857421875,9852500.0,3650345984.0,203,2.476661205291748
2023-04-24,378.0400085449219,380.3999938964844,375.510009765625,379.45001220703125,10087030.0,3827523656.6326904,376.7999572753906,378.5284729003906,374.4742126464844,376.8584289550781,7384024.0,2731553536.0,204,2.476661205291748
2023-04-25,380.3999938964844,381.3999938964844,375.3999938964844,377.8599853515625,23692095.0,8952294669.647827,379.62060546875,382.85430908203125,377.5139465332031,380.86962890625,16083989.0,6005670912.0,205,2.476661205291748
2023-04-26,375.5,378.8800048828125,372.6700134277344,375.7200012207031,15797590.0,5935470534.0841675,379.1556091308594,382.0273132324219,376.67218017578125,380.18231201171875,15943532.0,5891879424.0,206,2.476661205291748
2023-04-27,375.3800048828125,382.6000061035156,375.3699951171875,381.7200012207031,25306465.0,9659983850.69168,374.7769775390625,376.3573303222656,371.5953674316406,374.07843017578125,11965260.0,4394014208.0,207,2.476661205291748
2023-04-28,381.20001220703125,388.6600036621094,379.2200012207031,387.6099853515625,21838060.0,8464650116.706543,382.7248229980469,387.3421325683594,380.5818786621094,385.55596923828125,18887274.0,7108130304.0,208,2.504702091217041
2023-05-02,383.6000061035156,387.489990234375,378.0,384.2300109863281,23028855.0,8848377209.652557,386.3328857421875,388.9166564941406,383.3348083496094,386.3782653808594,17705664.0,6671853056.0,209,2.504702091217041
2023-05-03,383.79998779296875,386.7699890136719,382.5400085449219,386.19000244140625,17245035.0,6659860108.752136,380.8548583984375,382.8131408691406,377.92279052734375,380.8385314941406,11541896.0,4269838848.0,210,2.504702091217041
2023-05-04,385.989990234375,390.2200012207031,384.3500061035156,389.5199890136719,17257895.0,6722295070.799103,384.8804016113281,386.5556335449219,379.5243225097656,382.3311767578125,29525700.0,11140476928.0,211,2.504702091217041
2023-05-05,390.42999267578125,394.79998779296875,383.1000061035156,385.739990234375,17421090.0,6720011086.472168,387.0685729980469,391.5680236816406,384.1609802246094,389.7623291015625,23372020.0,8969664512.0,212,2.504702091217041
2023-05-08,387.17999267578125,393.70001220703125,384.20001220703125,391.7699890136719,19354705.0,7582592565.21286,385.1878356933594,388.060791015625,382.47381591796875,385.82489013671875,11480052.0,4302072832.0,213,2.504702091217041
2023-05-09,392.9700012207031,394.0,389.6300048828125,390.8599853515625,18115375.0,7080575207.138062,394.47747802734375,398.6944885253906,392.03375244140625,396.8486022949219,14849620.0,5665967104.0,214,2.504702091217041
2023-05-10,392.0,392.79998779296875,386.3299865722656,391.739990234375,19562195.0,7663294078.262939,389.9031066894531,392.5515441894531,386.59405517578125,389.7971496582031,24115946.0,9180815360.0,215,2.504702091217041
2023-05-11,394.0,396.0,390.3699951171875,391.5899963378906,22059120.0,8638130720.01709,389.95855712890625,393.45001220703125,387.2530212402344,391.4898986816406,14377528.0,5348902400.0,216,2.4469285011291504
2023-05-12,390.79998779296875,393.6000061035156,388.7300109863281,392.1199951171875,16085405.0,6307408930.057983,391.6299743652344,394.6393737792969,389.2290954589844,392.6102600097656,14291345.0,5403134976.0,217,2.4469285011291504
2023-05-15,391.4100036621094,395.3999938964844,390.4800109863281,394.6000061035156,14858460.0,5863148406.688843,390.01153564453125,392.8746337890625,387.1745300292969,390.6637268066406,23736688.0,9035288576.0,218,2.4469285011291504
2023-05-16,395.6000061035156,395.6000061035156,387.6000061035156,389.4100036621094,22847485.0,8897039217.519989,393.0487976074219,395.9300231933594,390.3924560546875,394.1773681640625,14668304.0,5595017728.0,219,2.4469285011291504
2023-05-17,389.9599914550781,390.17999267578125,379.1099853515625,381.8299865722656,27410085.0,10465992387.49466,390.02655029296875,392.899658203125,387.0901794433594,390.6712646484375,16410493.0,6268316672.0,220,2.4469285011291504
2023-05-18,384.79998779296875,386.7300109863281,382.239990234375,385.4800109863281,20726140.0,7989512674.904175,380.13763427734375,383.786865234375,374.1466064453125,379.85894775390625,26692488.0,9973547008.0,221,2.4469285011291504
2023-05-19,386.0,389.3699951171875,384.70001220703125,388.3299865722656,19734635.0,7663550544.558563,386.7774353027344,392.14404296875,384.8709716796875,390.4864501953125,15112472.0,5754450944.0,222,2.4469285011291504
2023-05-22,389.0,390.5,384.7300109863281,388.0400085449219,17004400.0,6598387521.30127,386.60821533203125,388.3802185058594,383.4143981933594,386.12811279296875,9392995.0,3566892544.0,223,2.4469285011291504
2023-05-23,388.0400085449219,388.0400085449219,383.0,384.29998779296875,21677620.0,8330709101.380615,385.25482177734375,387.2091064453125,381.36822509765625,384.1483154296875,13710417.0,5203525632.0,224,2.3596713542938232
2023-05-24,384.3900146484375,388.0,379.4800109863281,382.07000732421875,17787685.0,6796140938.230896,384.8536376953125,387.3976745605469,379.3402404785156,381.3226013183594,14496337.0,5468227584.0,225,2.3596713542938232
2023-05-25,383.6000061035156,386.7099914550781,381.510009765625,385.989990234375,29833785.0,11515542380.804443,381.53021240234375,384.9015808105469,378.74566650390625,382.8387756347656,25502640.0,9591505920.0,226,2.3596713542938232
2023-05-26,389.989990234375,389.989990234375,384.70001220703125,389.010009765625,16477060.0,6409741271.508789,379.8783264160156,381.5242919921875,375.757568359375,379.3317565917969,25788084.0,9529769984.0,227,2.3596713542938232
2023-05-29,392.6199951171875,394.6600036621094,389.6499938964844,390.6400146484375,18877545.0,7374324455.326538,385.05474853515625,386.0791015625,380.3586120605469,382.92431640625,13414070.0,5087348736.0,228,2.3596713542938232
2023-05-30,391.57000732421875,395.82000732421875,390.4700012207031,394.94000244140625,37148525.0,14671438554.194641,389.5000915527344,390.6239013671875,384.77911376953125,387.33465576171875,19602820.0,7424512000.0,229,2.3596713542938232
2023-05-31,396.989990234375,412.8800048828125,390.7799987792969,402.8699951171875,442990630.0,178467632945.0598,397.64605712890625,399.98773193359375,393.5088806152344,397.15155029296875,38643788.0,14821730304.0,230,2.3596713542938232
2023-06-01,393.6000061035156,395.8299865722656,385.0,386.010009765625,29837160.0,11517442422.978516,401.7320556640625,403.782958984375,396.4208068847656,399.33123779296875,33148084.0,12458360832.0,231,2.3596713542938232
2023-06-02,388.989990234375,390.2699890136719,385.6000061035156,387.75,17790360.0,6898212090.0,387.8326416015625,389.55419921875,382.05712890625,384.8881530761719,18414144.0,6494782464.0,232,1.8127686977386475
2023-06-05,389.0,390.29998779296875,384.45001220703125,384.9800109863281,12029545.0,4631134366.260529,387.54449462890625,389.72119140625,382.8351135253906,386.1488952636719,21860440.0,7628475904.0,233,1.8127686977386475
2023-06-06,386.9800109863281,393.2799987792969,386.0299987792969,391.80999755859375,20564205.0,8057261110.844421,386.0992431640625,388.7137451171875,383.75634765625,386.7655029296875,10612115.0,3555637248.0,234,1.8127686977386475
2023-06-07,394.3999938964844,394.3999938964844,387.20001220703125,387.8800048828125,15502070.0,6012942987.293701,390.4840393066406,393.44219970703125,387.5549621582031,391.1190185546875,13423009.0,4468971520.0,235,1.8127686977386475
2023-06-08,387.3800048828125,387.3800048828125,375.9100036621094,377.29998779296875,27458070.0,10359929475.818481,388.07763671875,389.9808654785156,383.2127990722656,386.07183837890625,24394844.0,8917782528.0,236,1.8127686977386475
2023-06-09,372.3999938964844,379.5400085449219,372.1400146484375,374.3999938964844,70984620.0,26576641294.744263,378.31097412109375,380.6875305175781,373.913330078125,376.9033508300781,16256288.0,5690796032.0,237,1.8127686977386475
2023-06-12,374.9700012207031,376.79998779296875,372.8900146484375,375.8900146484375,14075865.0,5290977101.039429,378.2498474121094,381.4698486328125,374.74725341796875,378.2597351074219,19902872.0,7091623936.0,238,1.8127686977386475
2023-06-13,375.07000732421875,376.6000061035156,370.3999938964844,371.19000244140625,47809135.0,17746272937.37152,376.613037109375,379.462890625,373.431640625,376.6223449707031,17558376.0,6253614080.0,239,1.8127686977386475
2023-06-14,371.19000244140625,373.5899963378906,369.2799987792969,372.92999267578125,27892715.0,10402030000.657654,371.59716796875,373.78265380859375,367.9112548828125,370.362060546875,25399832.0,9308125184.0,240,1.807935118675232
2023-06-15,373.5899963378906,373.79998779296875,365.739990234375,366.70001220703125,24190940.0,8870817993.29956,371.1697692871094,373.3436584472656,364.7770080566406,368.31585693359375,37565860.0,13962616832.0,241,1.807935118675232
2023-06-16,367.3900146484375,372.3299865722656,366.6000061035156,371.4800109863281,15988285.0,5939328287.452545,365.86798095703125,370.18896484375,357.5672302246094,367.77545166015625,27093548.0,9815055360.0,242,1.807935118675232
2023-06-19,372.7699890136719,373.69000244140625,363.6000061035156,364.9100036621094,38049565.0,13884666903.491669,372.14495849609375,375.4919738769531,369.6756896972656,373.25738525390625,13960590.0,4964551680.0,243,1.807935118675232
2023-06-20,364.0,369.3999938964844,363.05999755859375,368.79998779296875,23114525.0,8524636537.840271,362.7651062011719,370.5201110839844,361.5054626464844,366.9772033691406,40119280.0,14593316864.0,244,1.807935118675232
2023-06-21,369.4100036621094,369.95001220703125,367.2200012207031,369.1099853515625,11995540.0,4427673593.684082,368.14849853515625,369.51983642578125,362.9464111328125,364.1850280761719,36228944.0,13784351744.0,245,1.807935118675232
2023-06-22,369.1099853515625,369.4599914550781,366.0799865722656,367.2200012207031,17141050.0,6294536401.924133,365.4096374511719,367.12628173828125,358.5166320800781,361.7250671386719,23242750.0,8523022848.0,246,1.807935118675232
2023-06-23,366.6000061035156,369.1099853515625,364.7799987792969,365.7099914550781,12920315.0,4725088288.246918,365.8753967285156,368.88787841796875,360.3453063964844,369.0302734375,16504844.0,5979273216.0,247,1.807935118675232
2023-06-26,366.3900146484375,366.3900146484375,363.9800109863281,364.5899963378906,11068395.0,4035426092.516327,364.6900939941406,366.0776062011719,359.48211669921875,361.66021728515625,16564220.0,6068428800.0,248,1.8616881370544434
2023-06-27,365.5400085449219,369.3999938964844,364.1300048828125,368.94000244140625,10693325.0,3945195351.6067505,363.994140625,366.3774108886719,360.482177734375,363.5877380371094,18888938.0,6908712960.0,249,1.8616881370544434
2023-06-28,369.20001220703125,369.6199951171875,365.8800048828125,368.1099853515625,26699910.0,9828503478.988037,369.2058410644531,370.5586242675781,367.04638671875,368.18792724609375,9922147.0,3306112000.0,250,1.8616881370544434
2023-06-30,369.5799865722656,370.1099853515625,366.5899963378906,369.30999755859375,19673600.0,7265657167.96875,363.80877685546875,370.3578796386719,361.9969787597656,366.5884094238281,35349248.0,13765322752.0,251,1.8616881370544434
2023-07-03,371.20001220703125,371.79998779296875,367.6000061035156,368.7900085449219,16042700.0,5916387470.083618,369.6889953613281,375.50579833984375,366.4552001953125,368.8594055175781,22656254.0,8259698688.0,252,1.8616881370544434
2023-07-04,370.0,373.6700134277344,367.2099914550781,372.3399963378906,32877935.0,12241770197.497406,370.3463134765625,373.0975646972656,367.6263732910156,370.8331604003906,17558962.0,6328102400.0,253,1.8616881370544434
2023-07-05,372.55999755859375,373.55999755859375,370.6300048828125,372.9700012207031,15595925.0,5816812166.287994,372.648193359375,375.71051025390625,369.1520690917969,373.01287841796875,33887364.0,12466655232.0,254,1.8616881370544434
2023-07-06,372.0,376.57000732421875,371.80999755859375,375.4599914550781,18271205.0,6860106473.173981,373.93017578125,377.1341247558594,371.59930419921875,375.0860900878906,14808037.0,5220270080.0,255,1.8616881370544434
2023-07-07,374.3999938964844,374.8800048828125,370.1000061035156,370.70001220703125,10382720.0,3848874430.7421875,374.7911682128906,376.7742919921875,372.1255187988281,374.4437561035156,13610256.0,4849988608.0,256,1.830148458480835
2023-07-10,370.6000061035156,374.8699951171875,369.0,373.3800048828125,17187710.0,6417547243.724365,371.54217529296875,372.35577392578125,368.2229919433594,369.9232177734375,11938797.0,4237150208.0,257,1.830148458480835
2023-07-11,374.79998779296875,378.760009765625,372.6600036621094,373.32000732421875,20483785.0,7647006766.227722,373.1258850097656,375.4085693359375,370.3310852050781,373.09881591796875,16852328.0,6082498048.0,258,1.830148458480835
2023-07-12,374.9800109863281,378.17999267578125,373.5799865722656,375.6199951171875,21775415.0,8179281275.974731,374.17291259765625,375.8634033203125,370.5428771972656,372.76336669921875,15830937.0,5661339136.0,259,1.830148458480835
2023-07-13,377.79998779296875,380.32000732421875,373.2900085449219,373.94000244140625,26326850.0,9844662353.274536,375.6257019042969,377.4320068359375,372.1033020019531,374.5257873535156,23387416.0,8632900608.0,260,1.830148458480835
2023-07-14,374.0199890136719,377.4700012207031,372.0,373.79998779296875,35659580.0,13329550568.702393,375.31689453125,377.29107666015625,372.4236755371094,374.872314453125,18186844.0,6504921088.0,261,1.830148458480835
2023-07-17,374.239990234375,379.8900146484375,373.3299865722656,379.4100036621094,16649280.0,6316903385.771484,373.04803466796875,374.83868408203125,367.8812255859375,370.5118408203125,29818020.0,10930065408.0,262,1.830148458480835
2023-07-18,379.07000732421875,381.6000061035156,375.8699951171875,378.1700134277344,28978225.0,10958695737.361908,379.5562744140625,382.28564453125,375.6474609375,379.40118408203125,34500548.0,12775321600.0,263,1.830148458480835
2023-07-19,378.9599914550781,383.0,378.30999755859375,381.32000732421875,16888935.0,6440088817.898254,379.9811096191406,382.10333251953125,377.2323913574219,379.8166198730469,16814936.0,5801573376.0,264,1.7417885065078735
2023-07-20,380.20001220703125,392.4800109863281,378.5799865722656,391.3800048828125,46527925.0,18210099513.687134,382.1902770996094,385.0604553222656,380.11138916015625,383.12744140625,13306805.0,4588868608.0,265,1.7417885065078735
2023-07-21,390.3800048828125,397.54998779296875,390.1199951171875,394.0400085449219,19248750.0,7584777614.479065,389.8083190917969,395.0775146484375,380.1821594238281,389.7678527832031,58503560.0,21505257472.0,266,1.7417885065078735
2023-07-24,390.0,390.0,377.6400146484375,379.45001220703125,35165465.0,13343536123.51593,393.8205261230469,399.1509094238281,390.6744689941406,395.6159973144531,32918240.0,12148412416.0,267,1.7417885065078735
2023-07-25,380.20001220703125,380.3999938964844,371.2900085449219,375.1000061035156,39724580.0,14900690200.459595,381.17926025390625,383.85394287109375,378.2666931152344,381.4051513671875,16387293.0,5729851392.0,268,1.7417885065078735
2023-07-26,376.0,379.5799865722656,375.1300048828125,379.05999755859375,12310365.0,4666366926.845398,374.1395263671875,376.7370910644531,370.19366455078125,373.6957702636719,34332632.0,12615688192.0,269,1.7417885065078735
2023-07-27,377.79998779296875,380.5199890136719,372.510009765625,374.75,31450005.0,11785889373.75,377.54705810546875,379.5806884765625,374.6092529296875,377.1621398925781,12645847.0,4637534208.0,270,1.7417885065078735
2023-07-28,373.9200134277344,377.1600036621094,372.2200012207031,375.3699951171875,11510165.0,4320570579.848022,377.1590576171875,381.4609069824219,375.06500244140625,379.5873107910156,16754454.0,5966159872.0,271,1.7417885065078735
2023-07-31,373.20001220703125,375.0,369.8299865722656,371.30999755859375,20126035.0,7472998006.714172,377.1505126953125,382.9177551269531,375.2086181640625,381.0679931640625,17284132.0,6194316288.0,272,1.765620231628418
2023-08-01,370.0,373.1499938964844,368.8800048828125,370.0,22339710.0,8265692700.0,372.1519775390625,376.1402893066406,369.52679443359375,373.6597900390625,31842580.0,11802702848.0,273,1.765620231628418
2023-08-02,368.1099853515625,369.5799865722656,363.6099853515625,364.739990234375,20902255.0,7623888284.576416,370.7598571777344,371.81036376953125,365.9262390136719,367.34716796875,17746676.0,6287433728.0,274,1.765620231628418
2023-08-03,364.0199890136719,366.7699890136719,361.1700134277344,364.6499938964844,35076460.0,12790630924.910278,364.43060302734375,367.2617492675781,361.91400146484375,365.88922119140625,13729979.0,5087541760.0,275,1.765620231628418
2023-08-04,365.79998779296875,368.55999755859375,362.2300109863281,367.70001220703125,27217660.0,10007933914.246826,365.2788391113281,367.5220642089844,362.65606689453125,364.681396484375,17241332.0,6227592192.0,276,1.765620231628418
2023-08-07,369.0,369.0,365.2799987792969,366.30999755859375,18541550.0,6791955135.232544,367.6009521484375,369.84375,365.4971008300781,367.8749084472656,14889707.0,5353091072.0,277,1.765620231628418
2023-08-08,366.29998779296875,368.5299987792969,364.4100036621094,365.6000061035156,20448115.0,7475830968.805389,365.999267578125,368.3188781738281,363.1321716308594,366.5279235839844,13856988.0,5153265664.0,278,1.765620231628418
2023-08-09,366.79998779296875,366.79998779296875,363.3500061035156,366.29998779296875,13121620.0,4806449245.823975,367.40692138671875,369.6166687011719,364.7937316894531,367.19207763671875,17868056.0,6497340416.0,279,1.765620231628418
2023-08-10,365.1499938964844,366.4800109863281,359.20001220703125,360.1700134277344,25560495.0,9206123827.369537,366.3965759277344,369.1226806640625,364.04229736328125,367.7066650390625,14480010.0,5365313536.0,280,1.8198418617248535
2023-08-11,359.6000061035156,360.0,356.3999938964844,358.2900085449219,21328080.0,7641637965.446777,362.79248046875,365.292236328125,360.5238952636719,362.69927978515625,16535867.0,5899811840.0,281,1.8198418617248535
2023-08-14,357.79998779296875,360.4700012207031,357.0,358.82000732421875,16499595.0,5920384798.746643,359.06463623046875,361.33251953125,356.5831604003906,358.732666015625,20875900.0,7598495744.0,282,1.8198418617248535
2023-08-16,357.3999938964844,357.9700012207031,355.5,357.239990234375,9419700.0,3365093536.010742,358.6617431640625,365.6192321777344,356.6612548828125,363.18280029296875,19551320.0,7198006272.0,283,1.8198418617248535
2023-08-17,356.3999938964844,357.4800109863281,352.6000061035156,353.1400146484375,25658695.0,9061111928.15979,358.58184814453125,360.31292724609375,356.68408203125,358.1688537597656,9508362.0,3267166208.0,284,1.8198418617248535
2023-08-18,351.4200134277344,353.67999267578125,349.29998779296875,350.1600036621094,20566460.0,7201551708.916626,354.1400146484375,356.9639892578125,351.67926025390625,354.5570373535156,14387739.0,4885433856.0,285,1.8198418617248535
2023-08-21,350.20001220703125,354.5199890136719,349.7699890136719,352.07000732421875,19777340.0,6963008238.653564,349.63507080078125,350.9647216796875,347.1351623535156,348.1705322265625,10953756.0,3799354368.0,286,1.8198418617248535
2023-08-22,353.79998779296875,354.3999938964844,351.69000244140625,352.6199951171875,16644060.0,5869028355.930176,351.4491882324219,355.2463073730469,349.4871826171875,353.148193359375,21976756.0,7991821312.0,287,1.8198418617248535
2023-08-23,353.9599914550781,356.3800048828125,350.79998779296875,356.010009765625,16691425.0,5942314377.252197,353.0231018066406,354.7490234375,350.9342956542969,352.75042724609375,19997560.0,7462327296.0,288,1.973726511001587
2023-08-24,357.79998779296875,359.79998779296875,355.25,356.19000244140625,20618955.0,7344265631.789246,355.99407958984375,357.6845397949219,353.6974792480469,355.15191650390625,14002479.0,5057306624.0,289,1.973726511001587
2023-08-25,354.239990234375,357.8699951171875,353.3999938964844,355.7699890136719,10216750.0,3634813035.255432,357.64453125,359.8153076171875,351.05450439453125,357.0895690917969,32330074.0,11899612160.0,290,1.973726511001587
2023-08-28,355.7699890136719,359.32000732421875,354.92999267578125,358.07000732421875,9902680.0,3545852700.1293945,356.9573669433594,359.2850341796875,355.2684631347656,357.2813415527344,13727566.0,4989103104.0,291,1.973726511001587
2023-08-29,359.3900146484375,359.510009765625,355.79998779296875,356.6199951171875,13543460.0,4829868639.069824,357.3328857421875,358.70855712890625,355.0354919433594,356.274658203125,12152236.0,4367810560.0,292,1.973726511001587
2023-08-30,358.20001220703125,358.5899963378906,353.0,354.9800109863281,12979480.0,4607455952.996826,356.640380859375,358.1561584472656,354.63482666015625,355.99176025390625,12082548.0,4340828672.0,293,1.973726511001587
2023-08-31,354.9800109863281,356.760009765625,350.8599853515625,351.75,41570050.0,14622265087.5,356.3255310058594,357.3648681640625,352.1975402832031,353.4352722167969,15549353.0,5683639296.0,294,1.973726511001587
2023-09-01,352.7799987792969,355.9200134277344,350.8699951171875,354.2200012207031,13476050.0,4773486447.450256,351.9991149902344,354.1081848144531,349.37603759765625,351.23052978515625,30007032.0,10915350528.0,295,1.973726511001587
2023-09-04,355.4800109863281,357.79998779296875,351.4599914550781,352.44000244140625,23488415.0,8278257039.944763,353.29351806640625,355.6628723144531,352.0139465332031,353.79840087890625,8440164.0,2844957696.0,296,2.098208427429199
2023-09-05,353.0,356.6000061035156,352.6199951171875,354.2099914550781,21286715.0,7539967138.256683,352.916259765625,355.2838439941406,350.7800598144531,353.2115783691406,13553167.0,4651126784.0,297,2.098208427429199
2023-09-06,354.20001220703125,355.3999938964844,352.0400085449219,354.05999755859375,31101115.0,11011660700.969543,354.8717041015625,356.66229248046875,353.1015319824219,354.6522521972656,13407264.0,4894246400.0,298,2.098208427429199
2023-09-07,355.0,358.4700012207031,353.4599914550781,357.79998779296875,11040445.0,3950271086.228943,353.36798095703125,355.4490661621094,350.7432556152344,353.4583435058594,28725630.0,10486136832.0,299,2.098208427429199
2023-09-08,359.3999938964844,361.0,356.30999755859375,358.6400146484375,11930910.0,4278901737.1691895,355.7849426269531,357.09088134765625,353.05767822265625,354.6790771484375,20068258.0,7628139008.0,300,2.098208427429199
2023-09-11,360.0,362.29998779296875,359.04998779296875,361.5799865722656,11584510.0,4188726970.246277,357.9594421386719,358.97369384765625,353.8692932128906,355.11505126953125,21654842.0,8099555840.0,301,2.098208427429199
2023-09-12,363.79998779296875,363.79998779296875,359.2799987792969,362.239990234375,17044830.0,6174319052.746582,359.2932434082031,360.3196105957031,356.0947265625,357.6359558105469,18602676.0,6996463616.0,302,2.098208427429199
2023-09-13,360.1199951171875,367.20001220703125,360.1199951171875,364.9200134277344,29659350.0,10823290400.257874,360.36016845703125,361.14935302734375,356.3540344238281,357.3539733886719,12918092.0,4782384640.0,303,2.098208427429199
2023-09-14,365.6000061035156,366.3500061035156,362.79998779296875,364.30999755859375,12797115.0,4662116934.407043,368.41473388671875,369.20953369140625,366.8118591308594,367.61529541015625,6817538.0,2624901120.0,304,2.0297694206237793
2023-09-15,363.239990234375,364.69000244140625,362.20001220703125,362.7799987792969,20607700.0,7476061380.844116,364.9703063964844,368.0976867675781,362.98663330078125,366.29241943359375,15319780.0,5698734592.0,305,2.0297694206237793
2023-09-18,362.20001220703125,362.3999938964844,358.79998779296875,359.6700134277344,19850560.0,7139651181.748047,362.39971923828125,365.6570739746094,357.9950866699219,364.2220458984375,10501146.0,4079991808.0,306,2.0297694206237793
2023-09-20,357.3900146484375,360.69000244140625,355.1400146484375,357.8900146484375,26840715.0,9606023884.524536,359.6944274902344,360.95477294921875,356.99176025390625,358.4804382324219,18979132.0,7201732096.0,307,2.0297694206237793
2023-09-21,356.79998779296875,358.1600036621094,350.20001220703125,351.1400146484375,23923755.0,8400587681.14563,356.275146484375,357.9255065917969,353.8660583496094,355.6711730957031,20828944.0,7705036288.0,308,2.0297694206237793
2023-09-22,351.6000061035156,353.9800109863281,350.42999267578125,351.2900085449219,18550615.0,6516645701.863556,352.63970947265625,355.0632019042969,351.396484375,353.26629638671875,14969494.0,5600224256.0,309,2.0297694206237793
2023-09-25,352.79998779296875,357.8599853515625,351.3599853515625,356.8800048828125,11132835.0,3973086209.159546,351.8697509765625,353.55078125,349.8828430175781,351.3497009277344,21313892.0,7936033280.0,310,2.0297694206237793
2023-09-26,355.2200012207031,356.3599853515625,350.739990234375,352.82000732421875,18280835.0,6449844338.592834,354.2469177246094,360.7379455566406,346.31036376953125,356.88690185546875,15543144.0,5670889472.0,311,2.0297694206237793
2023-09-27,352.79998779296875,354.2200012207031,350.0,353.0299987792969,15021030.0,5302874202.563782,354.651611328125,356.3820495605469,352.9263610839844,354.40228271484375,13768248.0,5302779904.0,312,2.1009812355041504
2023-09-28,352.44000244140625,354.3800048828125,345.79998779296875,346.6400146484375,41315985.0,14321773645.614624,351.8153991699219,352.6412658691406,348.7613525390625,349.11376953125,17112892.0,6421840896.0,313,2.1009812355041504
2023-09-29,348.79998779296875,348.79998779296875,346.5899963378906,347.1400146484375,17858645.0,6199450286.901245,348.38250732421875,349.89910888671875,346.4148864746094,347.3130187988281,20699570.0,7630173184.0,314,2.1009812355041504
2023-10-03,346.0,347.0,343.0899963378906,345.4100036621094,27674345.0,9558995607.796478,348.83038330078125,351.4227294921875,347.58258056640625,349.6734924316406,14702882.0,5510390784.0,315,2.1009812355041504
2023-10-04,343.0,345.3999938964844,341.79998779296875,344.4100036621094,31104895.0,10712837000.859528,344.52783203125,345.94073486328125,341.9761657714844,343.4669494628906,24729946.0,8804849664.0,316,2.1009812355041504
2023-10-05,346.0,349.3999938964844,344.2300109863281,346.8500061035156,14834005.0,5145174724.789581,344.6685485839844,345.0919189453125,342.0013122558594,342.3299560546875,18273324.0,6658586112.0,317,2.1009812355041504
2023-10-06,347.05999755859375,349.3999938964844,346.0400085449219,348.7799987792969,9961615.0,3474412067.5398254,348.39385986328125,350.0403747558594,347.018798828125,348.2289733886719,13799897.0,5322972160.0,318,2.1009812355041504
2023-10-09,346.0,346.760009765625,343.4100036621094,343.8599853515625,9197565.0,3162674566.170044,349.3997802734375,351.43145751953125,347.9466857910156,349.71282958984375,12163673.0,4673108992.0,319,2.1009812355041504
2023-10-10,345.5,353.739990234375,344.1199951171875,351.2200012207031,16844910.0,5916269310.762634,342.8000183105469,343.9771728515625,340.31488037109375,341.5247802734375,21369048.0,7692530176.0,320,2.144767999649048
2023-10-11,352.010009765625,355.989990234375,352.010009765625,354.2799987792969,17499220.0,6199623640.238647,351.5813293457031,355.97723388671875,350.3626708984375,353.97991943359375,18623672.0,6929699840.0,321,2.144767999649048
2023-10-12,355.0,355.3800048828125,352.25,352.7699890136719,11919135.0,4204713123.002472,356.4385681152344,359.03594970703125,355.0101013183594,356.96905517578125,23589956.0,8494345216.0,322,2.144767999649048
2023-10-13,351.0,353.989990234375,350.42999267578125,352.3999938964844,10619635.0,3742359309.182892,355.6997985839844,358.6492919921875,354.3231506347656,356.8907470703125,15015128.0,5722153984.0,323,2.144767999649048
2023-10-16,352.20001220703125,352.42999267578125,349.2900085449219,349.95001220703125,7899785.0,2764529857.1829224,351.90985107421875,352.7449645996094,350.2776794433594,350.9890441894531,8275834.0,3099706880.0,324,2.144767999649048
2023-10-17,351.0,354.9599914550781,350.1600036621094,354.30999755859375,16086785.0,5699708754.075623,350.3398742675781,352.1868591308594,349.09075927734375,350.7452392578125,12635138.0,4586091520.0,325,2.144767999649048
2023-10-18,354.6000061035156,355.0400085449219,349.0199890136719,350.67999267578125,15258400.0,5350815600.244141,354.5324401855469,357.02288818359375,351.1587219238281,355.1087951660156,15126072.0,5866631168.0,326,2.144767999649048
2023-10-19,348.3999938964844,350.67999267578125,347.1199951171875,347.69000244140625,9965895.0,3465042056.8807983,351.4745178222656,352.770263671875,349.35040283203125,350.4282531738281,12766525.0,4630069248.0,327,2.144767999649048
2023-10-20,346.70001220703125,354.6400146484375,346.5299987792969,353.9200134277344,20361915.0,7206489230.214386,347.14453125,348.2248229980469,345.0914611816406,345.7445068359375,12255119.0,4402003456.0,328,2.028794288635254
2023-10-23,353.79998779296875,353.79998779296875,344.489990234375,348.1499938964844,37732210.0,13136468681.200867,352.89111328125,354.89556884765625,350.9751281738281,352.66717529296875,18004654.0,6616964096.0,329,2.028794288635254
2023-10-25,349.79998779296875,352.3500061035156,344.3999938964844,345.6099853515625,17563340.0,6070065680.124512,344.5127258300781,351.5522155761719,344.3309631347656,351.1463928222656,25101630.0,8625403904.0,330,2.028794288635254
2023-10-26,345.5400085449219,345.5400085449219,337.79998779296875,338.9700012207031,31396400.0,10642437746.325684,346.505126953125,349.9372863769531,344.3980407714844,349.4737854003906,14256213.0,4710431744.0,331,2.028794288635254
2023-10-27,341.6000061035156,341.6000061035156,337.79998779296875,340.5400085449219,14874150.0,5065243168.09845,340.5951232910156,344.1163635253906,339.2005310058594,342.1150817871094,23330492.0,8413856768.0,332,2.028794288635254
2023-10-30,340.3999938964844,344.17999267578125,337.67999267578125,343.5,7557815.0,2596109452.5,340.1452331542969,343.0357360839844,338.7358703613281,341.0573425292969,22105030.0,7906145280.0,333,2.028794288635254
2023-10-31,345.5400085449219,349.3999938964844,343.3699951171875,347.8800048828125,24196680.0,8417541156.547852,343.6142578125,346.8949890136719,341.45355224609375,344.4786682128906,21642998.0,7827554304.0,334,2.028794288635254
2023-11-01,346.20001220703125,347.19000244140625,343.57000732421875,344.8800048828125,12640525.0,4359464323.721313,346.78204345703125,349.9272766113281,343.1086730957031,347.73333740234375,34896856.0,12667603968.0,335,2.028794288635254
2023-11-02,347.0,351.7300109863281,346.4200134277344,347.5400085449219,12752790.0,4432104745.571594,345.55328369140625,347.7564392089844,343.2728271484375,345.27862548828125,21995250.0,7959558656.0,336,2.0338401794433594
2023-11-03,348.0,348.8500061035156,346.0199890136719,346.6499938964844,7794790.0,2702063905.9243774,347.87384033203125,349.8741760253906,345.9176025390625,347.924560546875,11112885.0,3870220288.0,337,2.0338401794433594
2023-11-06,348.79998779296875,349.3999938964844,346.3999938964844,348.0400085449219,5933425.0,2065069287.700653,347.4819030761719,348.59295654296875,344.4429016113281,345.7170104980469,12647148.0,4600197632.0,338,2.0338401794433594
2023-11-07,347.0299987792969,350.8800048828125,345.2200012207031,350.25,17998015.0,6303804753.75,347.3757629394531,354.2760314941406,331.7734375,349.11676025390625,16329281.0,5519889408.0,339,2.0338401794433594
2023-11-08,350.6000061035156,352.19000244140625,348.0,349.25,18214185.0,6361304111.25,348.72906494140625,350.12396240234375,346.2635803222656,347.9422607421875,18070052.0,6512748544.0,340,2.0338401794433594
2023-11-09,349.17999267578125,351.3399963378906,347.82000732421875,348.989990234375,9718555.0,3391678414.5422363,349.7979431152344,352.494873046875,348.37542724609375,350.7198791503906,18134084.0,6603170816.0,341,2.0338401794433594
2023-11-10,346.9200134277344,349.8500061035156,346.9200134277344,349.0899963378906,8173995.0,2853459884.6159363,350.9012145996094,352.27508544921875,347.2101745605469,348.01092529296875,20636588.0,7855678464.0,342,2.0338401794433594
2023-11-13,350.20001220703125,350.44000244140625,346.70001220703125,349.6400146484375,14276385.0,4991595460.526733,347.50799560546875,348.54052734375,343.6808166503906,344.9080810546875,25356612.0,9153107968.0,343,2.0338401794433594
2023-11-15,352.20001220703125,354.4599914550781,350.0299987792969,353.8999938964844,17161355.0,6073403429.755402,349.32574462890625,350.6585998535156,347.59490966796875,348.94561767578125,10253165.0,3609816064.0,344,2.2571332454681396
2023-11-16,354.20001220703125,356.67999267578125,353.0,354.57000732421875,10395580.0,3685960876.739502,353.24432373046875,354.7547302246094,350.7462463378906,352.3454284667969,17771704.0,6509628416.0,345,2.2571332454681396
2023-11-17,352.0,356.8500061035156,351.8599853515625,352.9200134277344,13554350.0,4783601384.004211,353.75140380859375,354.9961853027344,352.209228515625,353.36126708984375,7523429.0,2573851136.0,346,2.2571332454681396
2023-11-20,351.20001220703125,355.19000244140625,350.0199890136719,354.1099853515625,9618255.0,3405920137.157593,353.3863830566406,354.7850036621094,352.0317077636719,353.3332214355469,8314824.0,2863011840.0,347,2.2571332454681396
2023-11-21,355.7900085449219,355.7900085449219,352.1300048828125,353.44000244140625,13528825.0,4781627941.029358,350.78369140625,351.4654846191406,348.77252197265625,349.8209533691406,7613363.0,2543787008.0,348,2.2571332454681396
2023-11-22,351.6000061035156,352.6000061035156,347.5,349.1300048828125,22568660.0,7879396375.998535,352.98529052734375,359.9190979003906,351.55291748046875,354.37945556640625,16856796.0,5998180352.0,349,2.2571332454681396
2023-11-23,348.010009765625,349.760009765625,347.3999938964844,347.8599853515625,14181445.0,4933157249.963989,348.6781005859375,350.3459777832031,345.661376953125,347.1747741699219,15451738.0,5432398336.0,350,2.2571332454681396
2023-11-24,347.8999938964844,349.8999938964844,346.739990234375,348.79998779296875,12809895.0,4468091219.629211,346.7096252441406,348.26031494140625,345.5054626464844,347.3991394042969,15991443.0,5439510528.0,351,2.2571332454681396
2023-11-28,349.0,349.6000061035156,347.6000061035156,348.45001220703125,16746460.0,5835304191.424561,349.1988830566406,351.84893798828125,347.666015625,350.1677551269531,19658158.0,6798824960.0,352,2.674520969390869
2023-11-29,349.70001220703125,351.8500061035156,348.0400085449219,350.69000244140625,17365700.0,6089977375.3967285,349.4169006347656,350.6324768066406,346.0326232910156,347.2387390136719,11728769.0,4218351872.0,353,2.674520969390869
2023-11-30,351.2900085449219,353.20001220703125,349.19000244140625,351.0899963378906,31274735.0,10980246596.6185,351.3995361328125,353.5849914550781,346.17437744140625,351.9915466308594,21930404.0,7517491712.0,354,2.674520969390869
2023-12-01,352.0,353.20001220703125,349.6499938964844,350.1000061035156,10011890.0,3505162750.107727,350.61669921875,353.7624816894531,349.04229736328125,351.9161376953125,33261072.0,11273611264.0,355,2.674520969390869
2023-12-04,354.0,365.19000244140625,350.5299987792969,363.7099914550781,22895865.0,8327454863.506622,350.0426940917969,351.6212158203125,348.3462219238281,349.8051452636719,12762025.0,4461105664.0,356,2.674520969390869
2023-12-05,365.6000061035156,367.3999938964844,361.70001220703125,365.69000244140625,27857360.0,10187158046.411133,360.85028076171875,362.0936279296875,357.0731201171875,358.9346008300781,18475654.0,6682842624.0,357,2.674520969390869
2023-12-06,366.4100036621094,367.8699951171875,362.6300048828125,364.2799987792969,23479400.0,8553075803.338623,363.36627197265625,379.1235656738281,363.5729064941406,371.3757019042969,26961536.0,10539924480.0,358,2.674520969390869
2023-12-07,365.0,367.3699951171875,362.67999267578125,365.3699951171875,12503210.0,4568297776.64917,363.4001770019531,366.02252197265625,361.35931396484375,364.1614074707031,19944724.0,7332323328.0,359,2.674520969390869
2023-12-08,365.3699951171875,368.6000061035156,364.1400146484375,367.69000244140625,14927330.0,5488630004.143677,363.88140869140625,365.6893310546875,361.9494323730469,363.84649658203125,12651788.0,4670643200.0,360,2.737795829772949
2023-12-11,369.0,372.3299865722656,368.05999755859375,368.80999755859375,16029165.0,5911716304.516296,367.8359069824219,370.7687683105469,365.32470703125,367.83599853515625,17521580.0,6533342208.0,361,2.737795829772949
2023-12-12,369.6000061035156,370.6000061035156,363.80999755859375,364.8699951171875,19074810.0,6959825831.561279,370.11236572265625,373.46405029296875,368.51123046875,371.86663818359375,14468254.0,5404084736.0,362,2.737795829772949
2023-12-13,364.79998779296875,367.1499938964844,362.6199951171875,365.239990234375,16256660.0,5937582339.643555,365.9130554199219,369.49383544921875,364.3129577636719,367.7532958984375,17139834.0,6311459840.0,363,2.737795829772949
2023-12-14,368.79998779296875,373.0899963378906,366.489990234375,370.7699890136719,24394315.0,9044679904.546051,363.443359375,365.5788269042969,361.84344482421875,364.2855529785156,12083769.0,4427445248.0,364,2.737795829772949
2023-12-15,373.0,373.0,368.54998779296875,370.1199951171875,19385985.0,7175140673.54187,371.0224609375,374.1769714355469,368.85784912109375,371.8084716796875,18355400.0,6961749504.0,365,2.737795829772949
2023-12-18,369.0400085449219,371.17999267578125,368.0,369.3900146484375,18793650.0,6942186648.797607,370.3558349609375,374.18017578125,368.2882080078125,372.4694519042969,16359765.0,6123089408.0,366,2.737795829772949
2023-12-19,369.9700012207031,370.9700012207031,367.1400146484375,369.30999755859375,15444615.0,5703850727.94342,368.2245178222656,373.05963134765625,366.56939697265625,368.932861328125,19042644.0,7143229952.0,367,2.737795829772949
2023-12-20,370.42999267578125,372.79998779296875,363.05999755859375,365.29998779296875,19842810.0,7248578250.778198,368.19403076171875,371.65216064453125,363.8639221191406,364.531494140625,19261516.0,7227294208.0,368,2.716564655303955
2023-12-21,364.20001220703125,371.489990234375,361.0,370.5400085449219,12019200.0,4453594470.703125,364.3295593261719,365.4227294921875,360.77593994140625,362.1061706542969,16001646.0,5856029696.0,369,2.716564655303955
2023-12-22,370.94000244140625,375.92999267578125,370.20001220703125,372.1000061035156,16546475.0,6156943448.491669,369.6558532714844,375.13232421875,368.701904296875,373.7355041503906,15180777.0,5816275456.0,370,2.716564655303955
2023-12-26,373.3999938964844,379.79998779296875,371.42999267578125,377.3699951171875,21753345.0,8209059696.432495,372.3089294433594,376.55859375,371.025146484375,374.8714294433594,15578746.0,5937639936.0,371,2.716564655303955
2023-12-27,378.79998779296875,382.0,376.6300048828125,380.4700012207031,17036215.0,6481768741.846161,376.9345703125,381.2471618652344,374.99749755859375,378.742919921875,19014110.0,7455955968.0,372,2.716564655303955
2023-12-28,382.20001220703125,385.29998779296875,380.6199951171875,384.2699890136719,24750070.0,9510709126.98761,381.85205078125,385.7792663574219,377.96478271484375,381.0455322265625,22577048.0,8992344064.0,373,2.716564655303955
2023-12-29,382.4200134277344,383.54998779296875,378.010009765625,381.6199951171875,12230850.0,4667536917.279053,384.0780029296875,389.935791015625,382.42327880859375,387.4393310546875,20863490.0,8441018368.0,374,2.716564655303955
2024-01-01,381.79998779296875,383.79998779296875,378.6199951171875,381.8299865722656,7129510.0,2722260707.5668335,380.1336975097656,384.9372253417969,378.92901611328125,383.3584289550781,14041851.0,5298800640.0,375,2.716564655303955
2024-01-02,381.6000061035156,381.6000061035156,372.0199890136719,373.010009765625,25603980.0,9550540829.838867,379.02520751953125,380.81488037109375,375.93719482421875,377.95367431640625,12248994.0,4615552000.0,376,2.681016206741333
2024-01-03,372.79998779296875,374.0,369.5299987792969,373.17999267578125,18907575.0,7055928700.016785,374.33880615234375,377.5622253417969,371.6395568847656,375.2431335449219,16406949.0,6161828352.0,377,2.681016206741333
2024-01-04,374.29998779296875,374.29998779296875,372.1099853515625,372.7200012207031,14328830.0,5340641535.091248,372.5868225097656,375.5094299316406,370.2092590332031,373.4194641113281,17280214.0,6487190528.0,378,2.681016206741333
2024-01-05,373.1000061035156,373.9800109863281,368.2799987792969,369.5199890136719,38996705.0,14410062003.169403,372.1368103027344,376.56170654296875,368.23541259765625,369.60504150390625,19186152.0,7262989824.0,379,2.681016206741333
2024-01-08,369.6000061035156,370.2900085449219,363.7200012207031,365.2200012207031,61265835.0,22375508333.487396,366.04327392578125,370.732177734375,362.403076171875,366.2680969238281,28153484.0,10353874944.0,380,2.681016206741333
2024-01-09,367.3999938964844,371.6000061035156,364.20001220703125,365.3299865722656,21696115.0,7926241401.620331,362.11474609375,375.0140075683594,354.6900939941406,368.04217529296875,25409468.0,9314187264.0,381,2.681016206741333
2024-01-10,364.1600036621094,366.5,362.32000732421875,364.1600036621094,35263790.0,12841661895.539856,367.1708679199219,368.565185546875,364.8529968261719,366.0216064453125,13727974.0,5059898368.0,382,2.681016206741333
2024-01-11,366.3999938964844,368.2799987792969,363.07000732421875,364.57000732421875,20850350.0,7601412252.212524,360.8516845703125,363.9652404785156,357.7690734863281,361.9913330078125,19155014.0,6955940864.0,383,2.681016206741333
2024-01-12,365.0,368.510009765625,362.8800048828125,366.6499938964844,10863105.0,3982957381.946869,366.0765380859375,368.0675964355469,364.01025390625,366.2102966308594,15170961.0,5572527616.0,384,2.7510855197906494
2024-01-15,368.6000061035156,370.7200012207031,367.25,370.29998779296875,30861560.0,11428035291.271973,366.73046875,368.98712158203125,365.0067443847656,367.1133117675781,11883819.0,4599478272.0,385,2.7510855197906494
2024-01-16,370.1099853515625,372.19000244140625,368.20001220703125,369.6000061035156,23254490.0,8594859645.934143,371.39752197265625,377.68310546875,370.0010986328125,376.2061767578125,15111068.0,5641661440.0,386,2.7510855197906494
2024-01-17,364.6099853515625,366.92999267578125,355.2200012207031,355.92999267578125,54184415.0,19285858434.09149,370.91973876953125,375.28790283203125,369.4202880859375,373.6420593261719,17027168.0,6320962048.0,387,2.7510855197906494
2024-01-18,354.0,358.5400085449219,352.9200134277344,355.45001220703125,21467250.0,7630534274.551392,354.84130859375,358.5972595214844,339.66180419921875,349.8248596191406,49772180.0,17185439744.0,388,2.7510855197906494
2024-01-19,357.4100036621094,359.989990234375,350.8299865722656,352.8599853515625,22801645.0,8045788120.691528,355.1840515136719,360.07086181640625,353.3017578125,356.8436584472656,22628756.0,7742407680.0,389,2.7510855197906494
2024-01-23,360.20001220703125,364.9800109863281,352.7799987792969,356.8999938964844,33904120.0,12100380221.065674,353.53057861328125,355.74200439453125,351.7447509765625,353.5788269042969,21061658.0,7316694016.0,390,2.7510855197906494
2024-01-24,357.79998779296875,360.70001220703125,352.5799865722656,357.7200012207031,16341755.0,5845772618.548431,358.2208557128906,364.15716552734375,358.2093505859375,358.94915771484375,18891048.0,6854642176.0,391,2.7510855197906494
2024-01-25,358.0,359.5199890136719,350.4800109863281,353.67999267578125,33510850.0,11852117182.559204,355.2308044433594,358.0603332519531,341.07061767578125,353.23046875,28604180.0,9938022400.0,392,2.874195098876953
2024-01-29,357.05999755859375,366.010009765625,355.20001220703125,364.5799865722656,26180740.0,9544973837.651978,353.0380859375,354.92364501953125,349.4413757324219,351.84930419921875,32073584.0,11210725376.0,393,2.874195098876953
2024-01-30,365.0,367.8900146484375,360.6700134277344,364.7200012207031,19145935.0,6982905436.571503,364.2247619628906,368.85784912109375,362.80950927734375,368.27093505859375,27781020.0,10130993152.0,394,2.874195098876953
2024-01-31,363.20001220703125,368.2900085449219,357.70001220703125,365.04998779296875,40587005.0,14816285679.803162,358.3935546875,360.926513671875,349.5956115722656,351.8891296386719,41724672.0,14277777408.0,395,2.874195098876953
2024-02-01,366.0,366.4100036621094,362.6400146484375,364.54998779296875,10360840.0,3777044095.5249023,364.67706298828125,367.5472717285156,362.1948547363281,365.5921936035156,25602490.0,9294893056.0,396,2.874195098876953
2024-02-02,368.3599853515625,370.0,363.67999267578125,364.5899963378906,25249380.0,9205671361.734009,367.2901306152344,368.6571960449219,362.3069763183594,363.8744812011719,19243302.0,6929019904.0,397,2.874195098876953
2024-02-05,365.0,365.3900146484375,359.79998779296875,361.6700134277344,17304030.0,6258348762.453918,366.8597717285156,370.1835021972656,364.3959045410156,367.98199462890625,25393698.0,9276404736.0,398,2.874195098876953
2024-02-06,362.79998779296875,362.79998779296875,356.6300048828125,357.3999938964844,23459485.0,8384419795.814667,360.9687194824219,363.4213562011719,359.1896667480469,361.740478515625,12169802.0,4373882880.0,399,2.874195098876953
2024-02-07,358.20001220703125,361.9599914550781,356.79998779296875,358.5199890136719,22961120.0,8232020490.141602,352.67449951171875,355.3603515625,347.2043151855469,351.99188232421875,28517920.0,9939510272.0,400,2.9005069732666016
2024-02-08,360.30999755859375,360.760009765625,345.4100036621094,345.94000244140625,22713870.0,7857636243.253784,359.4424133300781,365.62750244140625,357.2320556640625,364.3076477050781,28163350.0,10241298432.0,401,2.9005069732666016
2024-02-09,346.0,349.79998779296875,343.79998779296875,348.489990234375,20319880.0,7081274782.763672,346.2853088378906,351.19720458984375,343.21331787109375,348.2645568847656,40314304.0,13636655104.0,402,2.9005069732666016
2024-02-12,348.6000061035156,349.79998779296875,338.2200012207031,341.9100036621094,22532445.0,7704068352.466278,346.3989562988281,347.49688720703125,342.6785583496094,344.101806640625,12821934.0,4490188800.0,403,2.9005069732666016
2024-02-13,342.6000061035156,349.0199890136719,341.79998779296875,347.42999267578125,22461670.0,7803857843.585815,347.0354309082031,347.1951599121094,343.76959228515625,343.7392883300781,13101388.0,4712599040.0,404,2.9005069732666016
2024-02-14,344.7300109863281,352.9599914550781,342.42999267578125,349.7900085449219,19251615.0,6734022575.353546,346.3684387207031,347.5169677734375,342.8440246582031,344.2214660644531,11606356.0,4088559872.0,405,2.9005069732666016
2024-02-15,351.0,351.489990234375,344.010009765625,347.8500061035156,12708350.0,4420599625.065613,349.9920959472656,352.4528503417969,348.0205993652344,350.4215087890625,14065600.0,4983911936.0,406,2.9005069732666016
2024-02-16,349.989990234375,350.20001220703125,346.44000244140625,347.04998779296875,8215730.0,2851268996.210327,347.62921142578125,349.27117919921875,343.43865966796875,345.09637451171875,20519656.0,7080566784.0,407,2.9005069732666016
2024-02-19,348.79998779296875,348.79998779296875,345.2300109863281,346.2799987792969,22239770.0,7701187528.451843,347.911376953125,349.7131042480469,343.9276123046875,346.9516296386719,10899405.0,3987571712.0,408,2.9250314235687256
2024-02-20,347.94000244140625,353.7300109863281,347.4700012207031,352.5,38055620.0,13414606050.0,345.7508544921875,348.6524658203125,342.6484375,345.7038269042969,22795982.0,7826833920.0,409,2.9250314235687256
2024-02-21,353.79998779296875,353.79998779296875,348.1099853515625,349.2200012207031,20924355.0,7307203278.642426,347.2781066894531,352.3863220214844,344.6473388671875,348.1326904296875,32307308.0,11201690624.0,410,2.9250314235687256
2024-02-22,348.8999938964844,349.0,342.8399963378906,344.95001220703125,31003800.0,10694761188.464355,344.4404296875,350.4371643066406,342.9837646484375,346.4590148925781,20600212.0,7024882688.0,411,2.9250314235687256
2024-02-23,344.8999938964844,346.54998779296875,343.0799865722656,344.79998779296875,17268830.0,5954292373.198853,343.4671630859375,344.497802734375,336.4911193847656,338.6529846191406,33411548.0,11256492032.0,412,2.9250314235687256
2024-02-26,344.4200134277344,345.0799865722656,340.3900146484375,341.260009765625,29790330.0,10166248306.721191,344.34259033203125,350.5260009765625,342.8406677246094,345.2068176269531,29124928.0,9804169216.0,413,2.9250314235687256
2024-02-27,342.6000061035156,342.989990234375,339.3999938964844,341.3500061035156,22158260.0,7563722186.243286,342.9952392578125,345.4974060058594,340.894775390625,342.9980163574219,14467786.0,4982322688.0,414,2.9250314235687256
2024-02-28,342.20001220703125,342.57000732421875,335.0400085449219,336.7200012207031,15381635.0,5179304155.97641,341.8446044921875,342.2162170410156,337.5953063964844,337.2777404785156,22963966.0,7564499456.0,415,2.9250314235687256
2024-02-29,337.3999938964844,340.45001220703125,333.4800109863281,337.8900146484375,33034875.0,11162154397.659302,338.3499755859375,340.3350524902344,329.4512023925781,336.27386474609375,29435714.0,9638297600.0,416,2.847013235092163
2024-03-01,339.1000061035156,346.04998779296875,339.0,345.5400085449219,17220745.0,5950456374.449921,335.6408386230469,337.2035217285156,332.43804931640625,333.9130554199219,21852220.0,6987863552.0,417,2.847013235092163
2024-03-04,345.5899963378906,348.29998779296875,343.70001220703125,345.44000244140625,13885990.0,4796776419.501343,344.60174560546875,345.5242004394531,340.6047058105469,341.835205078125,13533136.0,4713953280.0,418,2.847013235092163
2024-03-05,345.3800048828125,345.44000244140625,341.7900085449219,343.1400146484375,15610970.0,5356748474.476318,346.9956359863281,350.25286865234375,343.14630126953125,344.1654052734375,19867508.0,6835344384.0,419,2.847013235092163
2024-03-06,344.57000732421875,354.3900146484375,343.67999267578125,351.95001220703125,37258560.0,13113150646.816406,343.57965087890625,347.86480712890625,340.8429260253906,346.2343444824219,21539116.0,7369983488.0,420,2.847013235092163
2024-03-07,351.95001220703125,352.9800109863281,349.0,349.6099853515625,15696800.0,5487758018.066406,353.39227294921875,355.4228820800781,349.3817443847656,351.5558776855469,32089248.0,11316716544.0,421,2.847013235092163
2024-03-11,353.17999267578125,353.9700012207031,344.8500061035156,345.92999267578125,18200715.0,6296173206.643982,350.7829895019531,353.4056701660156,345.4404296875,347.3158264160156,15547754.0,5463601152.0,422,2.847013235092163
2024-03-12,346.9800109863281,348.69000244140625,341.4700012207031,344.07000732421875,51216490.0,17622058089.420776,348.4418640136719,348.0416259765625,344.4010009765625,343.19110107421875,17757882.0,6054675456.0,423,2.847013235092163
2024-03-13,344.07000732421875,348.54998779296875,343.44000244140625,345.9100036621094,29080415.0,10059206459.14566,343.3199768066406,344.7193298339844,339.8529357910156,341.2274475097656,15955788.0,5467220480.0,424,2.8680124282836914
2024-03-14,345.0,351.57000732421875,343.8299865722656,348.4800109863281,24048165.0,8380304803.4010315,348.03717041015625,350.12286376953125,343.2850646972656,345.0068054199219,25370736.0,8725170176.0,425,2.8680124282836914
2024-03-15,347.1600036621094,351.20001220703125,344.239990234375,347.6600036621094,77537270.0,26956607572.149963,340.51470947265625,346.3277893066406,339.34320068359375,343.3590393066406,26915210.0,8972992512.0,426,2.8680124282836914
2024-03-18,347.4800109863281,348.9700012207031,343.05999755859375,347.5799865722656,11570715.0,4021748964.3315125,343.04632568359375,351.3697509765625,340.3883361816406,348.3223876953125,64398512.0,21831321600.0,427,2.8680124282836914
2024-03-19,346.9700012207031,351.3800048828125,346.1099853515625,349.92999267578125,22405375.0,7840312709.648132,343.95343017578125,348.60577392578125,337.5920104980469,346.63323974609375,27190926.0,9247222784.0,428,2.8680124282836914
2024-03-20,350.2799987792969,353.70001220703125,346.1600036621094,353.0799865722656,22104430.0,7804631847.587585,349.0552978515625,350.808349609375,345.57220458984375,348.18524169921875,22468636.0,7807302144.0,429,2.8680124282836914
2024-03-21,354.4200134277344,358.1300048828125,352.8599853515625,354.42999267578125,18918405.0,6705250145.587463,351.5410461425781,353.24169921875,345.376708984375,350.8084411621094,14904638.0,5221569536.0,430,2.8680124282836914
2024-03-22,353.9800109863281,356.5,353.0,355.2799987792969,35306415.0,12543663078.101349,354.3053283691406,355.1184997558594,350.4714660644531,351.958984375,14459870.0,5142041088.0,431,2.8680124282836914
2024-03-26,353.0,355.0799865722656,350.0,350.739990234375,26518150.0,9300975672.033691,355.5552062988281,355.7205505371094,351.8737487792969,352.2654724121094,15618182.0,5592389632.0,432,2.8653955459594727
2024-03-27,351.6000061035156,355.9599914550781,350.7799987792969,355.1199951171875,41155650.0,14615194227.044678,350.14862060546875,353.5752258300781,346.749267578125,351.84637451171875,23482866.0,8202548224.0,433,2.8653955459594727
2024-03-28,355.5899963378906,360.7799987792969,354.8399963378906,357.1000061035156,33150360.0,11837993758.33374,353.87689208984375,356.1323547363281,347.5600280761719,351.21990966796875,74333944.0,25882255360.0,434,2.8653955459594727
2024-04-01,359.0,363.5299987792969,357.29998779296875,358.1400146484375,14429400.0,5167745527.368164,361.03424072265625,365.2740478515625,359.4901123046875,364.3580322265625,31643650.0,11437217792.0,435,2.8653955459594727
2024-04-02,358.7799987792969,359.6000061035156,350.8900146484375,351.4800109863281,34255950.0,12040281682.347107,361.8091125488281,365.1515808105469,359.8159484863281,363.6279602050781,17836838.0,6387807744.0,436,2.8653955459594727
2024-04-03,350.70001220703125,351.3399963378906,345.79998779296875,346.2300109863281,63417755.0,21957130010.378265,351.565673828125,356.822998046875,344.654296875,347.7453918457031,26778844.0,9260608512.0,437,2.8653955459594727
2024-04-04,349.3999938964844,350.3399963378906,344.6600036621094,349.8299865722656,65626460.0,22958103620.585327,345.8877868652344,348.2062683105469,341.4952697753906,343.3707275390625,36850992.0,12590094336.0,438,2.8653955459594727
2024-04-05,349.80999755859375,357.44000244140625,348.0199890136719,357.0299987792969,32790115.0,11707054718.423004,349.0560607910156,357.31781005859375,347.08197021484375,354.18463134765625,50587128.0,17786468352.0,439,2.8653955459594727
2024-04-08,358.760009765625,360.3699951171875,357.0199890136719,357.67999267578125,13174055.0,4712095895.910339,355.1972961425781,359.452880859375,352.1573486328125,355.8748779296875,47426728.0,16843706368.0,440,2.968329906463623
2024-04-09,358.07000732421875,358.6000061035156,355.1400146484375,356.1199951171875,11866155.0,4225775060.65979,357.42547607421875,366.0049743652344,356.006103515625,360.8240661621094,26719830.0,9498016768.0,441,2.968329906463623
2024-04-10,357.7799987792969,365.9800109863281,356.79998779296875,365.19000244140625,27629090.0,10089867444.553833,356.9951171875,364.3321228027344,353.54522705078125,360.23272705078125,52934872.0,18546520064.0,442,2.968329906463623
2024-04-12,362.20001220703125,363.6199951171875,359.8699951171875,362.6099853515625,19831135.0,7190967571.854858,369.2972412109375,371.35791015625,366.438232421875,368.5467529296875,18320120.0,6720835072.0,443,2.968329906463623
2024-04-15,357.989990234375,361.94000244140625,356.0,359.6300048828125,21599340.0,7767770749.665527,359.9142150878906,360.7889709472656,355.6336364746094,357.09765625,12076669.0,4407851008.0,444,2.968329906463623
2024-04-16,355.6000061035156,360.9200134277344,355.1300048828125,358.5199890136719,20483890.0,7343884017.757263,359.87445068359375,363.25848388671875,358.9156494140625,362.15301513671875,16604722.0,5966391296.0,445,2.968329906463623
2024-04-18,358.010009765625,362.6000061035156,356.6199951171875,357.3500061035156,21253700.0,7595009824.72229,352.689697265625,360.9961242675781,345.8363037109375,354.49615478515625,26154312.0,9237038080.0,446,2.968329906463623
2024-04-19,352.79998779296875,361.0,352.6000061035156,358.5299987792969,19351900.0,6938236683.377075,356.4975280761719,361.2355651855469,356.0829772949219,359.3061828613281,18993020.0,7023843840.0,447,2.968329906463623
2024-04-22,362.6000061035156,364.5,360.0,361.989990234375,30755695.0,11133253732.701416,356.8242492675781,364.3916015625,354.96893310546875,355.811279296875,24599642.0,9058000896.0,448,2.7247862815856934
2024-04-23,362.0,365.79998779296875,360.6199951171875,362.6099853515625,29780025.0,10798534429.019165,358.67425537109375,368.771484375,347.3919982910156,358.3009948730469,31686476.0,11357327360.0,449,2.7247862815856934
2024-04-24,362.3999938964844,369.1000061035156,361.55999755859375,368.55999755859375,16475385.0,6072167855.376892,365.06591796875,366.7341613769531,360.3023681640625,362.0038757324219,30220268.0,11013414912.0,450,2.7247862815856934
2024-04-25,333.0,339.55999755859375,320.3999938964844,328.489990234375,330895395.0,108695825072.14966,367.8968200683594,369.5152893066406,364.60882568359375,366.8216857910156,17240916.0,6373289984.0,451,2.7247862815856934
2024-04-26,328.489990234375,331.0,321.0,321.70001220703125,110734245.0,35623207968.23639,330.2828369140625,336.42791748046875,328.242431640625,336.1454162597656,155346560.0,48376590336.0,452,2.7247862815856934
2024-04-29,322.0199890136719,329.45001220703125,321.8999938964844,328.0799865722656,56137045.0,18417440969.80667,325.12347412109375,329.8454284667969,320.55426025390625,325.1901550292969,130887728.0,36573057024.0,453,2.7247862815856934
2024-04-30,328.0799865722656,329.3999938964844,324.0,324.7900085449219,91032240.0,29566362007.46338,327.04693603515625,331.0574951171875,324.369140625,326.85260009765625,58590316.0,18718015488.0,454,2.7247862815856934
2024-05-02,318.0,318.8999938964844,310.4800109863281,315.1300048828125,133202390.0,41976069811.102295,325.19891357421875,328.3196716308594,319.9884033203125,323.1922302246094,72719352.0,23151022080.0,455,2.7247862815856934
2024-05-03,316.6000061035156,317.5799865722656,308.7699890136719,309.3399963378906,80617945.0,24938354811.068268,306.7283630371094,309.5059814453125,305.7627868652344,308.07452392578125,111575848.0,35319119872.0,456,2.4809515476226807
2024-05-06,321.0,326.6000061035156,318.79998779296875,324.8599853515625,108041055.0,35098215544.66736,310.40435791015625,313.4422302246094,306.0065612792969,308.8928527832031,67700296.0,21882544128.0,457,2.4809515476226807
2024-05-07,325.739990234375,329.4700012207031,323.6000061035156,328.7799987792969,49333925.0,16220007801.277924,332.1602478027344,338.2982482910156,330.2872619628906,335.2188415527344,87646440.0,29367099392.0,458,2.4809515476226807
2024-05-08,328.0,331.489990234375,327.2200012207031,329.6700134277344,49268765.0,16242434419.11789,323.5946960449219,338.43292236328125,320.510498046875,335.404052734375,40847320.0,13253014528.0,459,2.4809515476226807
2024-05-09,329.6000061035156,332.3699951171875,327.3999938964844,328.6199951171875,23280220.0,7650345782.727051,329.5293884277344,333.2218322753906,326.4060974121094,329.9914855957031,24036380.0,8408764928.0,460,2.4809515476226807
2024-05-10,328.6000061035156,330.6199951171875,323.17999267578125,325.5899963378906,58847010.0,19159997770.395813,329.7725524902344,332.6690368652344,327.0542907714844,329.7224426269531,17000502.0,6264181760.0,461,2.4809515476226807
2024-05-13,325.3999938964844,328.7300109863281,323.20001220703125,328.239990234375,29196240.0,9583373532.480469,322.6423034667969,324.97265625,317.6496887207031,320.2732238769531,45185752.0,14751273984.0,462,2.4809515476226807
2024-05-14,328.3999938964844,330.0,326.5,329.260009765625,21410130.0,7049499612.883301,329.3048095703125,333.6332092285156,326.8274841308594,330.8468933105469,21159172.0,7628731392.0,463,2.4809515476226807
2024-05-15,329.94000244140625,330.79998779296875,327.4100036621094,330.1600036621094,26304500.0,8684693816.329956,325.9132385253906,331.58587646484375,320.7648620605469,330.1352233886719,51006568.0,16727735296.0,464,2.4455742835998535
2024-05-16,331.0,335.0,329.44000244140625,334.4100036621094,34991785.0,11701602949.993744,329.4962158203125,331.996337890625,326.91162109375,329.3693542480469,28896088.0,9996490752.0,465,2.4455742835998535
2024-05-17,334.79998779296875,341.1300048828125,333.0,339.30999755859375,48087255.0,16316486376.649475,334.4712829589844,342.097900390625,328.263427734375,339.55938720703125,24854388.0,8759305216.0,466,2.4455742835998535
2024-05-21,338.3999938964844,343.0,338.0,339.6499938964844,29050835.0,9867115930.437775,338.650146484375,342.63372802734375,336.4566345214844,340.3697509765625,24641814.0,8865618944.0,467,2.4455742835998535
2024-05-22,340.55999755859375,340.989990234375,336.2200012207031,339.9100036621094,30293485.0,10297058597.288055,338.0028076171875,339.57220458984375,332.9114074707031,334.6497802734375,15388283.0,6046118400.0,468,2.4455742835998535
2024-05-23,340.0,342.7200012207031,339.4100036621094,341.80999755859375,28406475.0,9709617150.398254,338.699951171875,341.643310546875,336.4874572753906,339.3523254394531,21845576.0,7792768512.0,469,2.4455742835998535
2024-05-24,342.20001220703125,343.57000732421875,338.94000244140625,340.69000244140625,24680885.0,8408530770.906067,337.7668762207031,348.9696044921875,332.1630859375,340.6954650878906,34348700.0,11941521408.0,470,2.4455742835998535
2024-05-27,340.69000244140625,344.3999938964844,340.5,342.20001220703125,17271435.0,5910285267.832947,341.40728759765625,343.662353515625,338.9132385253906,341.186279296875,21066836.0,7483099136.0,471,2.4455742835998535
2024-05-28,342.4599914550781,343.20001220703125,339.6000061035156,340.7300109863281,18580705.0,6331003818.783722,342.7784729003906,347.05224609375,340.7891540527344,344.87225341796875,28761848.0,10213362688.0,472,2.4338533878326416
2024-05-29,339.6000061035156,342.17999267578125,336.44000244140625,337.57000732421875,24762360.0,8359030046.564941,341.2955627441406,345.5620422363281,339.9437561035156,343.5196228027344,26597492.0,9400465408.0,473,2.4338533878326416
2024-05-30,336.8699951171875,341.5199890136719,336.6000061035156,338.0199890136719,27902445.0,9431584152.354584,338.5792236328125,341.3009948730469,336.45526123046875,338.94586181640625,20810252.0,7211007488.0,474,2.4338533878326416
2024-05-31,340.6000061035156,340.6000061035156,332.1099853515625,336.0799865722656,64022380.0,21516640610.724487,339.5314025878906,342.56475830078125,338.0079345703125,340.7818908691406,16873408.0,6045764608.0,475,2.4338533878326416
2024-06-03,344.2900085449219,347.7699890136719,340.0199890136719,343.6099853515625,49005355.0,16838729313.69812,336.4482727050781,339.98419189453125,332.28521728515625,337.9429016113281,48109848.0,15900696576.0,476,2.4338533878326416
2024-06-04,340.6499938964844,343.1000061035156,320.489990234375,327.5899963378906,76147340.0,24945106831.740112,344.5004577636719,348.3268737792969,339.03900146484375,345.3717346191406,39366128.0,13722461184.0,477,2.4338533878326416
2024-06-05,332.510009765625,344.95001220703125,329.0,343.6199951171875,72131590.0,24785856603.59497,325.4622802734375,330.02764892578125,318.97052001953125,325.2341613769531,48181408.0,14963668992.0,478,2.4338533878326416
2024-06-06,344.20001220703125,347.70001220703125,340.760009765625,346.94000244140625,31799505.0,11032520342.33551,341.3965148925781,345.8389892578125,338.0788879394531,343.1328430175781,36270900.0,12482195456.0,479,2.4338533878326416
2024-06-07,346.010009765625,351.7300109863281,344.3999938964844,350.739990234375,23040730.0,8081305415.192871,346.07928466796875,348.26409912109375,333.983154296875,345.3857727050781,44193028.0,14914672640.0,480,2.584282159805298
2024-06-10,350.0199890136719,354.69000244140625,347.2300109863281,349.1300048828125,24240220.0,8462988126.960449,351.04205322265625,353.7472229003906,348.6379699707031,351.5399475097656,19725636.0,7173551616.0,481,2.584282159805298
2024-06-11,349.32000732421875,349.44000244140625,343.4200134277344,344.0,20528235.0,7061712840.0,350.15301513671875,352.55517578125,347.46368408203125,348.9564208984375,38143384.0,13628536832.0,482,2.584282159805298
2024-06-12,344.0199890136719,346.79998779296875,342.5799865722656,343.1499938964844,29407880.0,10091313842.508545,344.64996337890625,346.1771545410156,340.7624206542969,342.6473388671875,19572988.0,6921141760.0,483,2.584282159805298
2024-06-13,346.2799987792969,347.510009765625,343.79998779296875,345.2699890136719,30080725.0,10385971590.273285,344.46038818359375,346.94805908203125,334.7891540527344,345.9380187988281,23109574.0,8144734208.0,484,2.584282159805298
2024-06-14,344.6000061035156,346.9800109863281,342.0799865722656,343.44000244140625,15768330.0,5415475293.696899,347.3216247558594,350.0524597167969,345.2435302734375,347.5503845214844,29334672.0,10220984320.0,485,2.584282159805298
2024-06-18,343.7200012207031,344.92999267578125,340.6499938964844,343.8800048828125,28536650.0,9813183341.339111,344.0390319824219,345.53338623046875,339.774658203125,341.6432189941406,25898158.0,9050413056.0,486,2.584282159805298
2024-06-19,345.79998779296875,352.6099853515625,343.0,349.3399963378906,49798990.0,17396778984.23065,343.2042236328125,345.422607421875,341.1071472167969,343.36181640625,17702160.0,6253635584.0,487,2.584282159805298
2024-06-20,353.0,357.9700012207031,352.05999755859375,353.25,46215520.0,16325632440.0,350.5223693847656,355.0166931152344,348.35455322265625,352.7847595214844,30670786.0,10762064896.0,488,2.5948801040649414
2024-06-21,354.0,357.79998779296875,349.05999755859375,355.1300048828125,95158445.0,33793619037.490845,355.24798583984375,360.1844177246094,353.1695556640625,358.31280517578125,26255408.0,9216342016.0,489,2.5948801040649414
2024-06-24,351.42999267578125,355.0400085449219,349.95001220703125,354.510009765625,21144440.0,7495915630.888672,354.8247985839844,359.4050598144531,352.3125,357.2168884277344,54012256.0,18404685824.0,490,2.5948801040649414
2024-06-25,355.30999755859375,359.6499938964844,352.6000061035156,356.3800048828125,29669295.0,10573543496.969604,353.45562744140625,356.65411376953125,350.09332275390625,353.5434875488281,28524668.0,9985788928.0,491,2.5948801040649414
2024-06-26,356.0,363.20001220703125,355.2200012207031,359.6300048828125,33429660.0,12022308789.030762,355.6298522949219,357.2572937011719,351.97796630859375,354.10943603515625,20569146.0,7393666560.0,492,2.5948801040649414
2024-06-27,358.20001220703125,367.6000061035156,357.0,366.1099853515625,66713845.0,24424604815.69641,359.5832214355469,361.2625427246094,354.9834289550781,356.8606262207031,43859512.0,15263880192.0,493,2.5948801040649414
2024-06-28,364.44000244140625,369.5899963378906,359.7799987792969,360.5,24845035.0,8956635117.5,362.0551452636719,363.8963317871094,359.3052673339844,361.32379150390625,20591164.0,7142730240.0,494,2.5948801040649414
2024-07-01,360.5,362.6300048828125,358.0,361.6199951171875,14507550.0,5246220160.1623535,361.9552917480469,367.41949462890625,359.85821533203125,364.45355224609375,35190288.0,12154182656.0,495,2.5948801040649414
2024-07-02,364.19000244140625,364.19000244140625,347.4200134277344,353.9200134277344,48125085.0,17032430729.410858,359.9308166503906,362.44342041015625,357.9840393066406,360.3729248046875,16871994.0,6093478912.0,496,2.7055883407592773
2024-07-03,353.1600036621094,363.1700134277344,350.44000244140625,362.1400146484375,44905015.0,16261902789.888306,350.3092041015625,352.5428771972656,344.8133239746094,347.9265441894531,60850936.0,20664172544.0,497,2.7055883407592773
2024-07-04,361.32000732421875,367.7099914550781,360.260009765625,366.7699890136719,25344465.0,9295589149.607391,360.9747619628906,363.8104248046875,358.2064208984375,361.18499755859375,25508956.0,8988051456.0,498,2.7055883407592773
2024-07-05,364.0,371.5899963378906,363.69000244140625,370.5400085449219,17328265.0,6420815461.168671,365.68572998046875,369.46331787109375,363.6551208496094,367.0655517578125,23564398.0,8400037888.0,499,2.7055883407592773
2024-07-08,370.79998779296875,371.45001220703125,367.0899963378906,370.6400146484375,19306015.0,7155581682.402954,366.7666320800781,371.6445007324219,365.2280578613281,369.4676208496094,46708348.0,16284845056.0,500,2.7055883407592773
2024-07-09,372.239990234375,374.0,366.0,369.57000732421875,19601055.0,7243962039.912415,368.879150390625,375.9829406738281,368.0742492675781,374.3860168457031,53095384.0,18205898752.0,501,2.7055883407592773
2024-07-10,368.6000061035156,368.8999938964844,364.0400085449219,365.9700012207031,28148945.0,10301669436.011505,367.7757263183594,370.9969482421875,364.8643493652344,368.91485595703125,27206748.0,9314123776.0,502,2.7055883407592773
2024-07-11,366.1700134277344,370.3999938964844,364.30999755859375,368.8999938964844,23076860.0,8513053513.150024,364.395751953125,367.76690673828125,362.6255187988281,365.92889404296875,18679056.0,6660542464.0,503,2.7055883407592773
2024-07-12,368.8999938964844,370.20001220703125,365.25,366.57000732421875,21204275.0,7772851242.054749,369.4051208496094,370.4079895019531,363.9327697753906,365.87554931640625,31746308.0,11014155264.0,504,2.627378463745117
2024-07-15,367.79998779296875,371.5799865722656,365.3299865722656,368.7099914550781,29549980.0,10895372873.29773,369.7288818359375,371.9168701171875,366.01702880859375,368.3860168457031,23045788.0,8086299648.0,505,2.627378463745117
2024-07-16,368.4200134277344,369.82000732421875,360.17999267578125,361.05999755859375,32713510.0,11811539840.733032,369.18896484375,374.5811462402344,367.4519348144531,372.79931640625,24310320.0,8368072704.0,506,2.627378463745117
2024-07-18,361.0,366.239990234375,358.6300048828125,365.3500061035156,37954190.0,13866563548.153992,360.6358947753906,364.8099670410156,358.4499816894531,362.5914001464844,21708020.0,7646637056.0,507,2.627378463745117
2024-07-19,363.70001220703125,366.20001220703125,361.19000244140625,364.32000732421875,20694325.0,7539356635.569763,366.2657470703125,370.864013671875,364.6696472167969,369.2330017089844,18767130.0,6537818112.0,508,2.627378463745117
2024-07-22,364.20001220703125,364.20001220703125,349.7799987792969,351.510009765625,53711805.0,18880237100.079346,365.76019287109375,369.2511291503906,363.88568115234375,367.5592956542969,20117016.0,7143370240.0,509,2.627378463745117
2024-07-23,353.79998779296875,356.1000061035156,347.8299865722656,353.7799987792969,30775980.0,10887926166.831665,353.28948974609375,360.7110290527344,351.66009521484375,358.529296875,37093680.0,12786117632.0,510,2.627378463745117
2024-07-24,353.5899963378906,356.17999267578125,345.80999755859375,349.239990234375,37436035.0,13074160497.81372,355.0628662109375,359.7626953125,352.6869201660156,357.3828125,29028254.0,10061245440.0,511,2.627378463745117
2024-07-25,346.3999938964844,355.79998779296875,346.3999938964844,355.0299987792969,15481985.0,5496569115.651093,349.87451171875,352.45257568359375,347.0342712402344,349.6316833496094,33288416.0,11528322048.0,512,2.6468873023986816
2024-07-26,351.6199951171875,365.9700012207031,351.6199951171875,362.7699890136719,26546755.0,9630366019.698639,353.9862060546875,356.55914306640625,351.64239501953125,353.9940490722656,14629954.0,5505081856.0,513,2.6468873023986816
2024-07-29,364.94000244140625,365.3999938964844,356.70001220703125,358.7799987792969,40031835.0,14362621712.433014,361.0430908203125,364.09539794921875,357.8724060058594,361.30828857421875,21476532.0,7643499008.0,514,2.6468873023986816
2024-07-30,358.7799987792969,361.3299865722656,356.260009765625,357.2200012207031,28397685.0,10144221070.365143,359.8494873046875,362.86260986328125,357.3871154785156,360.44287109375,17365392.0,6222508032.0,515,2.6468873023986816
2024-07-31,358.6000061035156,363.20001220703125,354.6300048828125,361.5799865722656,29031285.0,10497131640.475616,357.57232666015625,359.6376037597656,353.5726318359375,356.0947265625,14795584.0,6146193920.0,516,2.6468873023986816
2024-08-01,361.4200134277344,363.6499938964844,357.25,358.5299987792969,19080220.0,6840831253.308716,361.014404296875,367.05108642578125,359.3064270019531,364.5297546386719,35065768.0,12117055488.0,517,2.6468873023986816
2024-08-02,356.2200012207031,362.0,355.0,360.69000244140625,16212945.0,5847847171.632385,360.2494201660156,363.1423034667969,355.48052978515625,357.1053771972656,20077992.0,7247691264.0,518,2.6468873023986816
2024-08-05,354.0400085449219,361.1199951171875,353.7099914550781,354.7300109863281,24559090.0,8711846265.514221,357.5110168457031,363.64007568359375,355.3284606933594,358.3896484375,30074676.0,10568372224.0,519,2.6468873023986816
2024-08-06,357.0,358.44000244140625,352.0,354.1099853515625,19620110.0,6947676864.696045,352.3168029785156,355.5306701660156,349.60540771484375,352.4202575683594,41950812.0,14427417600.0,520,2.523191452026367
2024-08-07,357.0,357.32000732421875,352.010009765625,355.30999755859375,17688725.0,6284980836.564636,354.2706298828125,357.1820983886719,352.5377197265625,355.170166015625,15791714.0,5754620928.0,521,2.523191452026367
2024-08-08,353.3299865722656,356.3599853515625,352.5299987792969,354.54998779296875,12361105.0,4382629626.857605,355.8115539550781,359.2981872558594,354.2621154785156,357.67608642578125,16735432.0,6095866880.0,522,2.523191452026367
2024-08-09,357.010009765625,357.0899963378906,353.0,353.92999267578125,12322215.0,4361201464.699402,353.1669921875,354.9681091308594,340.76513671875,353.4879150390625,19857208.0,7676258304.0,523,2.523191452026367
2024-08-12,352.20001220703125,358.2099914550781,350.25,354.510009765625,22722215.0,8055252661.546631,355.98284912109375,360.5714111328125,354.2246398925781,359.2202453613281,19134082.0,6806955520.0,524,2.523191452026367
2024-08-13,352.6000061035156,358.29998779296875,349.2200012207031,350.4100036621094,17651595.0,6185295468.592072,353.9034423828125,354.5703430175781,350.50408935546875,352.1532897949219,24863178.0,8818149376.0,525,2.523191452026367
2024-08-14,351.0,352.0,348.9100036621094,349.5799865722656,12928245.0,4519455713.50296,350.2165222167969,352.49432373046875,347.74627685546875,350.1212463378906,15710506.0,5872984064.0,526,2.523191452026367
2024-08-16,352.3999938964844,357.1499938964844,349.20001220703125,355.4599914550781,14809355.0,5264133201.7552185,351.3240966796875,353.00189208984375,348.2550354003906,349.62713623046875,19379154.0,7101121536.0,527,2.523191452026367
2024-08-19,356.1099853515625,358.0,354.20001220703125,356.2699890136719,10861395.0,3869589077.3231506,355.6420593261719,358.5082092285156,354.1666259765625,355.9473876953125,20493248.0,7218371584.0,528,2.481536865234375
2024-08-20,356.6000061035156,362.6099853515625,355.25,361.1300048828125,15577430.0,5625477371.96167,356.3244934082031,358.12506103515625,354.12261962890625,355.103759765625,13380252.0,4899490816.0,529,2.481536865234375
2024-08-21,360.0,363.3999938964844,357.4700012207031,362.5899963378906,28585950.0,10364979505.815125,359.4364929199219,362.26300048828125,357.5750732421875,359.8125915527344,13618458.0,4750386688.0,530,2.481536865234375
2024-08-22,362.79998779296875,364.8599853515625,361.1600036621094,364.29998779296875,16089940.0,5861564945.5896,361.9408874511719,365.13507080078125,360.12677001953125,362.99212646484375,16203952.0,5813790208.0,531,2.481536865234375
2024-08-23,364.29998779296875,365.5799865722656,362.5400085449219,363.6000061035156,9075930.0,3300008203.3950806,364.4982604980469,368.4559631347656,362.326171875,365.8163757324219,27450848.0,9588013056.0,532,2.481536865234375
2024-08-26,364.0,364.5899963378906,361.94000244140625,362.5,11781285.0,4270715812.5,363.68109130859375,365.9827575683594,361.2232360839844,363.50958251953125,12350602.0,4567548928.0,533,2.481536865234375
2024-08-27,362.2099914550781,362.6199951171875,358.3399963378906,360.6700134277344,22708480.0,8190267786.5234375,362.4765930175781,365.1564636230469,360.56610107421875,363.1353759765625,12518938.0,4658234880.0,534,2.481536865234375
2024-08-28,359.20001220703125,361.17999267578125,357.1700134277344,358.260009765625,21403980.0,7668190083.823242,359.7314758300781,362.2388916015625,358.3079528808594,360.66357421875,7207222.0,2798208000.0,535,2.481536865234375
2024-08-29,356.6499938964844,359.70001220703125,354.6000061035156,355.45001220703125,27655790.0,9830250893.095093,359.5395202636719,362.97943115234375,355.27667236328125,357.2188720703125,17866378.0,6317232640.0,536,2.3364129066467285
2024-08-30,355.4599914550781,358.0,354.8699951171875,356.1600036621094,37290860.0,13281512834.163208,355.3564147949219,357.29656982421875,352.3240661621094,354.14862060546875,23479348.0,8288477184.0,537,2.3364129066467285
2024-09-02,356.3999938964844,358.69000244140625,354.5400085449219,356.04998779296875,20242600.0,7207377482.897949,354.9696044921875,357.34326171875,352.5517883300781,355.32305908203125,18658888.0,6732204544.0,538,2.3364129066467285
2024-09-03,356.010009765625,357.2900085449219,354.4700012207031,356.760009765625,25981365.0,9269112031.124268,355.9334411621094,360.0177307128906,354.07220458984375,358.00360107421875,33351214.0,11572013056.0,539,2.3364129066467285
2024-09-04,354.0,357.6600036621094,352.70001220703125,356.760009765625,15962215.0,5694679979.281006,357.0508728027344,359.9266052246094,355.36834716796875,358.0328674316406,14722876.0,5424210944.0,540,2.3364129066467285
2024-09-05,356.25,357.2699890136719,352.0,355.5899963378906,17865025.0,6352624174.326324,355.41131591796875,357.1815490722656,350.81829833984375,352.751953125,34808788.0,12396374016.0,541,2.3364129066467285
2024-09-06,353.510009765625,356.3900146484375,351.29998779296875,352.8299865722656,16274400.0,5742096333.47168,356.4299011230469,361.7900390625,353.6710510253906,356.9239807128906,22227548.0,7941892096.0,542,2.3364129066467285
2024-09-09,353.5400085449219,358.7900085449219,351.69000244140625,358.0299987792969,17182305.0,6151780638.175507,353.86431884765625,356.9796142578125,352.0978698730469,355.1780700683594,18008066.0,6586017792.0,543,2.3364129066467285
2024-09-10,359.6000061035156,359.92999267578125,355.6099853515625,358.32000732421875,17488060.0,6266321787.286377,356.64715576171875,359.02105712890625,354.4595031738281,356.77447509765625,12301104.0,4649040896.0,544,2.3034236431121826
2024-09-11,359.0,361.0899963378906,357.0,357.8500061035156,18669360.0,6680830589.94873,359.09552001953125,362.0570983886719,357.4773254394531,360.34619140625,13233592.0,4992233472.0,545,2.3034236431121826
2024-09-12,360.7799987792969,366.8299865722656,359.0299987792969,365.489990234375,31827540.0,11632647283.78418,357.8121337890625,360.1043701171875,355.790283203125,358.0083312988281,11949158.0,4536427008.0,546,2.3034236431121826
2024-09-13,367.3999938964844,367.3999938964844,363.3500061035156,364.07000732421875,10283600.0,3743950327.319336,364.2803649902344,367.705078125,357.0033264160156,359.5157165527344,19766244.0,6810321408.0,547,2.3034236431121826
2024-09-16,366.6000061035156,369.1400146484375,365.6600036621094,366.260009765625,13653170.0,5000610177.531738,365.2669982910156,368.2283935546875,361.9383850097656,364.6424865722656,26311408.0,9131830272.0,548,2.3034236431121826
2024-09-17,367.8800048828125,370.67999267578125,366.1300048828125,369.3299865722656,18374310.0,6786183665.574646,365.4688415527344,367.4504699707031,362.8034362792969,364.8517761230469,12820540.0,4766732800.0,549,2.3034236431121826
2024-09-18,370.0,371.8900146484375,367.1199951171875,367.94000244140625,34387495.0,12652534994.253845,368.38787841796875,371.4238586425781,364.2324523925781,365.966552734375,20653624.0,7334265344.0,550,2.3034236431121826
2024-09-19,369.9800109863281,375.0,369.0199890136719,374.3900146484375,14462150.0,5414484550.3479,368.26947021484375,371.1866455078125,367.0099792480469,369.6133728027344,11186214.0,4017128448.0,551,2.3034236431121826
2024-09-20,374.79998779296875,385.260009765625,374.0,380.8999938964844,94247895.0,35899022630.2565,370.2256774902344,372.46575927734375,367.4102783203125,369.6329650878906,13811714.0,5077749760.0,552,2.306631088256836
2024-09-23,382.989990234375,388.3999938964844,381.6400146484375,386.94000244140625,18431360.0,7131830483.3984375,379.5532531738281,382.93487548828125,376.6908874511719,379.5689697265625,39496032.0,13620770816.0,553,2.306631088256836
2024-09-24,387.0,387.7200012207031,381.9200134277344,382.94000244140625,18546930.0,7102361419.480591,393.0458068847656,397.3321228027344,392.6339416503906,397.0447998046875,23100212.0,8120843264.0,554,2.306631088256836
2024-09-25,382.010009765625,384.5400085449219,378.8599853515625,379.5899963378906,16537335.0,6277406932.08847,385.4647216796875,388.5160827636719,384.18603515625,387.0614013671875,15711272.0,5726967808.0,555,2.306631088256836
2024-09-26,379.0,382.6600036621094,376.8599853515625,380.4599914550781,21022565.0,7998244900.263824,381.3015441894531,383.447998046875,377.4960021972656,379.8699951171875,19815696.0,7321612800.0,556,2.306631088256836
2024-09-27,380.0,382.0,373.260009765625,374.489990234375,33215560.0,12438894740.029297,381.08648681640625,384.8880615234375,378.58050537109375,381.8226623535156,24657472.0,9004908544.0,557,2.306631088256836
2024-09-30,371.3399963378906,376.8900146484375,368.6199951171875,370.7900085449219,16234200.0,6019479156.719971,372.2297668457031,375.2091064453125,368.8094177246094,371.5872802734375,34060876.0,11928731648.0,558,2.306631088256836
2024-10-01,369.3999938964844,376.95001220703125,369.3999938964844,375.8800048828125,24357630.0,9155546083.33374,373.575927734375,377.2355041503906,370.3001708984375,373.3970947265625,27624528.0,9532231680.0,559,2.306631088256836
2024-10-03,371.5799865722656,372.7300109863281,363.1600036621094,364.55999755859375,31816160.0,11598899211.923828,375.6383056640625,379.4587097167969,373.660888671875,376.8671875,27247968.0,9701830656.0,560,2.355215072631836
2024-10-04,363.1000061035156,370.0,359.6700134277344,361.79998779296875,18673160.0,6755949060.056152,366.7896728515625,371.1951599121094,365.4306640625,369.2489929199219,15394876.0,5693493760.0,561,2.355215072631836
2024-10-07,362.0,367.2799987792969,353.8800048828125,358.04998779296875,37233165.0,13331334273.743591,361.9051818847656,364.86590576171875,360.02142333984375,362.4180603027344,12541612.0,4927873536.0,562,2.355215072631836
2024-10-08,360.0,362.79998779296875,356.3699951171875,360.67999267578125,25485515.0,9192115363.538513,357.5487976074219,361.55584716796875,352.7727966308594,360.38446044921875,21700540.0,7880603648.0,563,2.355215072631836
2024-10-09,360.20001220703125,364.0,357.9800109863281,360.1600036621094,35394010.0,12747506771.216736,358.7514343261719,360.4148254394531,353.325927734375,355.14617919921875,27788692.0,9985076224.0,564,2.355215072631836
2024-10-10,361.9800109863281,376.79998779296875,361.05999755859375,375.2200012207031,29528990.0,11079867663.84613,359.0407409667969,361.24346923828125,354.50946044921875,356.9721374511719,38775716.0,13258107904.0,565,2.355215072631836
2024-10-11,374.44000244140625,378.7200012207031,372.2300109863281,376.4800109863281,26057900.0,9810278478.28064,370.5262756347656,372.3793640136719,365.6897888183594,368.4122619628906,21104616.0,7656761344.0,566,2.355215072631836
2024-10-14,377.010009765625,383.20001220703125,376.489990234375,382.1600036621094,21955690.0,8390586570.804138,375.2828369140625,379.8011779785156,373.8130798339844,377.8475036621094,16226666.0,5894612992.0,567,2.355215072631836
2024-10-15,382.44000244140625,383.07000732421875,377.489990234375,379.0400085449219,21477465.0,8140818517.1232605,384.2471923828125,391.7403564453125,383.55938720703125,389.6193542480469,23897132.0,8582895616.0,568,2.4721460342407227
2024-10-16,376.79998779296875,378.489990234375,373.6300048828125,375.2699890136719,15727780.0,5902163827.809448,378.95513916015625,382.7782897949219,376.5830383300781,380.3951110839844,20708534.0,7612795392.0,569,2.4721460342407227
2024-10-17,375.2699890136719,375.6600036621094,370.260009765625,372.80999755859375,17707160.0,6601406276.369629,372.9736022949219,375.6658630371094,370.3570251464844,372.974853515625,14916352.0,5681025536.0,570,2.4721460342407227
2024-10-18,373.6000061035156,375.70001220703125,369.6000061035156,374.2099914550781,19173835.0,7175040631.511078,372.3329162597656,375.1633605957031,369.91168212890625,372.6197814941406,14808225.0,5616941568.0,571,2.4721460342407227
2024-10-21,370.0,371.0,347.0,357.8399963378906,65890685.0,23578322479.101105,371.56103515625,376.69598388671875,370.1871032714844,375.0860900878906,20693264.0,7269537792.0,572,2.4721460342407227
2024-10-22,358.3900146484375,359.1000061035156,351.7699890136719,352.6300048828125,27471910.0,9687419757.440186,362.8114318847656,365.89044189453125,337.03594970703125,346.6482238769531,61057396.0,20611039232.0,573,2.4721460342407227
2024-10-23,352.2300109863281,357.4100036621094,351.6199951171875,353.55999755859375,14180685.0,5013722953.979187,351.0030517578125,355.6109313964844,346.8354187011719,352.9391784667969,29881490.0,10506002432.0,574,2.4721460342407227
2024-10-24,353.20001220703125,354.54998779296875,350.05999755859375,352.44000244140625,11584100.0,4082700232.281494,356.2431335449219,359.7972106933594,354.0481872558594,357.1656188964844,21067446.0,7593637888.0,575,2.4721460342407227
2024-10-25,353.0,357.29998779296875,351.3999938964844,353.7699890136719,14146135.0,5004478023.535919,352.4436340332031,355.37237548828125,350.3580017089844,353.1783142089844,12792266.0,4669443072.0,576,2.7383346557617188
2024-10-28,353.6000061035156,356.1300048828125,349.010009765625,349.9700012207031,16510740.0,5778263697.954712,356.1714172363281,364.29229736328125,347.4568176269531,354.0213623046875,19331256.0,6943764992.0,577,2.7383346557617188
2024-10-29,348.70001220703125,353.42999267578125,346.1400146484375,352.0400085449219,20790595.0,7319121241.45401,351.7914733886719,354.6000671386719,349.5198974609375,352.0001220703125,14336172.0,5229066240.0,578,2.7383346557617188
2024-10-30,345.3999938964844,352.0,345.32000732421875,346.9200134277344,21929745.0,7607867429.866791,353.8087158203125,357.3174743652344,348.23028564453125,350.8866271972656,18377346.0,6536529920.0,579,2.7383346557617188
2024-10-31,345.4700012207031,349.32000732421875,344.7900085449219,346.2200012207031,14723350.0,5097518254.972839,347.5798645019531,350.1269836425781,343.6805114746094,346.1083984375,15218019.0,5633875968.0,580,2.7383346557617188
2024-11-01,347.9200134277344,350.8299865722656,347.2699890136719,348.8800048828125,912445.0,318333816.05529785,344.3322448730469,348.42828369140625,340.7311706542969,346.1716003417969,28338690.0,9902340096.0,581,2.7383346557617188
2024-11-04,348.79998779296875,348.79998779296875,344.8500061035156,345.8699951171875,14424150.0,4988880690.06958,351.177734375,355.0592041015625,348.6375732421875,352.7214050292969,21444446.0,7726258688.0,582,2.7383346557617188
2024-11-05,344.29998779296875,352.1000061035156,342.20001220703125,351.42999267578125,20143075.0,7078880699.717712,346.9599914550781,349.7472229003906,343.21136474609375,345.6554870605469,12454135.0,4669538304.0,583,2.7383346557617188
2024-11-06,352.0199890136719,353.69000244140625,349.32000732421875,352.5199890136719,18261260.0,6437459174.575806,350.3646240234375,353.2665100097656,347.66265869140625,350.6519470214844,17847346.0,6354451456.0,584,2.8468775749206543
2024-11-07,352.6000061035156,353.0,346.6000061035156,349.3800048828125,15304920.0,5347233024.331055,352.0693664550781,357.6016540527344,350.06292724609375,356.0191955566406,17496412.0,6442563584.0,585,2.8468775749206543
2024-11-08,349.0,352.82000732421875,347.7799987792969,349.1600036621094,18234125.0,6366627151.77536,350.7451171875,353.735595703125,348.8487854003906,351.5902404785156,12250579.0,4430599168.0,586,2.8468775749206543
2024-11-11,349.0,352.6600036621094,347.44000244140625,348.79998779296875,16025150.0,5589572124.380493,349.7901916503906,352.18890380859375,347.41876220703125,349.5582580566406,12202782.0,4299273728.0,587,2.8468775749206543
2024-11-12,348.9599914550781,349.8800048828125,343.0400085449219,344.2799987792969,16141950.0,5557350526.295471,348.58026123046875,353.88067626953125,340.97491455078125,352.75201416015625,12810052.0,4540135424.0,588,2.8468775749206543
2024-11-13,342.79998779296875,345.6300048828125,335.80999755859375,337.57000732421875,17967450.0,6065272228.097534,344.1111145019531,350.4316101074219,340.88568115234375,347.8578796386719,16427273.0,5905042432.0,589,2.8468775749206543
2024-11-14,338.0,342.5199890136719,337.9599914550781,341.5799865722656,16638790.0,5683477664.778748,338.13470458984375,341.20751953125,331.8870849609375,335.6539306640625,42367112.0,14562904064.0,590,2.8468775749206543
2024-11-18,342.79998779296875,345.6499938964844,339.94000244140625,344.54998779296875,10412075.0,3587480314.149475,340.14337158203125,342.208740234375,334.4669189453125,336.8260803222656,20283894.0,7082793472.0,591,2.8468775749206543
2024-11-19,345.9599914550781,347.9599914550781,342.70001220703125,345.54998779296875,13798315.0,4768007579.813538,344.160400390625,346.67205810546875,340.91180419921875,346.1172790527344,17447740.0,6033814528.0,592,2.8888845443725586
2024-11-21,343.0199890136719,348.1499938964844,340.75,347.4200134277344,16470295.0,5722110110.058746,346.6092529296875,349.2463684082031,344.05084228515625,346.5902099609375,11023266.0,4011778560.0,593,2.8888845443725586
2024-11-22,346.79998779296875,354.44000244140625,346.5799865722656,352.2900085449219,17768630.0,6259710814.531555,345.70770263671875,347.8809814453125,342.7201843261719,344.9112548828125,9197413.0,3194803200.0,594,2.8888845443725586
2024-11-25,356.3999938964844,358.9200134277344,353.3800048828125,358.1499938964844,34357160.0,12305016644.300537,350.4881591796875,353.46136474609375,347.4537353515625,351.0189208984375,12303795.0,4431357440.0,595,2.8888845443725586
2024-11-26,359.0,359.19000244140625,355.0,356.7200012207031,11563695.0,4125001294.5158386,359.50091552734375,363.6715087890625,355.7317810058594,358.0402526855469,19593126.0,7194896384.0,596,2.8888845443725586
2024-11-27,356.19000244140625,361.1000061035156,355.82000732421875,356.6400146484375,16012220.0,5710598375.354004,356.497802734375,359.80731201171875,354.6015930175781,358.05755615234375,9947354.0,3723437056.0,597,2.8888845443725586
2024-11-28,356.6499938964844,357.7799987792969,350.70001220703125,351.8399963378906,19856975.0,6986478011.281586,356.9364318847656,358.8875427246094,354.9952087402344,357.0726623535156,7469860.0,2808996864.0,598,2.8888845443725586
2024-11-29,351.3999938964844,354.7200012207031,351.3999938964844,353.04998779296875,14939970.0,5274556226.127319,353.7960205078125,356.6502380371094,347.405517578125,349.8604431152344,18106268.0,6378510336.0,599,2.8888845443725586
2024-12-02,353.0,354.5199890136719,349.20001220703125,350.7900085449219,21326400.0,7481088038.232422,353.11712646484375,355.82916259765625,350.8658142089844,353.4520568847656,14611165.0,5203727872.0,600,2.94952130317688
2024-12-03,352.0,352.239990234375,348.0,349.9800109863281,19858250.0,6949990553.1692505,352.93939208984375,355.6484680175781,346.81634521484375,349.1935729980469,18762452.0,6560713728.0,601,2.94952130317688
2024-12-04,350.3999938964844,353.3999938964844,349.2799987792969,351.5,15933930.0,5600776395.0,348.9166564941406,353.0008239746094,345.8533935546875,350.5570983886719,24703760.0,8610507776.0,602,2.94952130317688
2024-12-05,352.79998779296875,357.7300109863281,349.6000061035156,355.0299987792969,28486145.0,10113436024.576874,351.8202819824219,355.67779541015625,350.0720520019531,353.624755859375,16005647.0,5750480896.0,603,2.94952130317688
2024-12-06,354.7799987792969,357.010009765625,352.20001220703125,355.3900146484375,12979410.0,4612752710.028076,354.6543884277344,359.5044250488281,354.0229187011719,354.9020690917969,33400692.0,11862648832.0,604,2.94952130317688
2024-12-09,353.6199951171875,360.989990234375,353.6199951171875,357.25,12770115.0,4562123583.75,356.2636413574219,358.7489929199219,353.8759460449219,355.9656066894531,19540418.0,7067948544.0,605,2.94952130317688
2024-12-10,356.6499938964844,360.55999755859375,356.6499938964844,358.94000244140625,9899420.0,3553297838.968506,357.1210021972656,359.4378967285156,354.4971618652344,356.6661071777344,12712375.0,4673420288.0,606,2.94952130317688
2024-12-11,359.20001220703125,361.3599853515625,357.989990234375,358.94000244140625,11967140.0,4295485260.81665,357.7265930175781,360.9153747558594,356.1899719238281,359.0547790527344,9003134.0,3368119808.0,607,2.94952130317688
2024-12-12,358.0,359.2900085449219,353.07000732421875,353.739990234375,17441295.0,6169683522.9748535,358.2780456542969,360.2538757324219,356.27978515625,358.29010009765625,7471518.0,2827983360.0,608,3.052483081817627
2024-12-13,351.6700134277344,361.79998779296875,349.6099853515625,361.1300048828125,19467655.0,7030354345.206909,354.71728515625,357.0185241699219,351.7561950683594,353.96380615234375,15763341.0,5613083136.0,609,3.052483081817627
2024-12-16,360.6000061035156,362.6000061035156,358.7699890136719,360.8900146484375,14946965.0,5394210417.799683,359.557373046875,362.5304260253906,357.13641357421875,360.2206726074219,15649408.0,5690862592.0,610,3.052483081817627
2024-12-17,359.2200012207031,361.3699951171875,355.0,356.80999755859375,17964305.0,6409843623.1918335,359.5485534667969,361.79803466796875,356.32244873046875,359.7701416015625,13966388.0,5093316608.0,611,3.052483081817627
2024-12-18,356.3999938964844,357.3399963378906,354.07000732421875,356.0,17647150.0,6282385400.0,356.3732604980469,359.38128662109375,348.04669189453125,357.5445861816406,25336648.0,8969498624.0,612,3.052483081817627
2024-12-19,352.69000244140625,353.6000061035156,349.0799865722656,352.4200134277344,20370400.0,7178936641.52832,355.20074462890625,357.24169921875,352.5412292480469,354.6569519042969,14314963.0,5102171136.0,613,3.052483081817627
2024-12-20,351.0,353.7699890136719,346.6700134277344,348.7099914550781,73428440.0,25605230684.959717,350.8227233886719,354.18212890625,349.3133239746094,352.2522277832031,14560950.0,5140421632.0,614,3.052483081817627
2024-12-23,349.5,352.8399963378906,348.0,349.07000732421875,13740180.0,4796284733.236084,351.3966979980469,355.8973083496094,349.43035888671875,353.4871826171875,18631034.0,6605428736.0,615,3.052483081817627
2024-12-24,348.510009765625,350.92999267578125,347.6099853515625,349.80999755859375,13563125.0,4744516723.136902,348.7467346191406,354.2110595703125,345.62310791015625,352.9150695800781,14254356.0,5138787328.0,616,3.0461931228637695
2024-12-26,351.3599853515625,353.8900146484375,348.4100036621094,350.55999755859375,5660030.0,1984180102.9815674,352.97418212890625,357.8233642578125,345.8789367675781,349.37164306640625,18716120.0,6636455936.0,617,3.0461931228637695
2024-12-27,352.0,355.44000244140625,350.79998779296875,351.9800109863281,12241355.0,4308712267.387543,349.81097412109375,352.856689453125,348.0650634765625,350.83056640625,10853994.0,3868993536.0,618,3.0461931228637695
2024-12-30,353.0,356.20001220703125,346.70001220703125,348.1400146484375,27513860.0,9578675623.435059,352.7783203125,355.93109130859375,351.457763671875,354.2735595703125,9100076.0,3408498688.0,619,3.0461931228637695
2024-12-31,347.010009765625,359.32000732421875,347.010009765625,357.2099914550781,23658490.0,8451049010.740051,348.35516357421875,351.79229736328125,344.51031494140625,348.6790771484375,22716874.0,8061686272.0,620,3.0461931228637695
2025-01-01,355.8500061035156,359.3500061035156,355.3999938964844,357.67999267578125,7424140.0,2655466340.8239746,357.7664489746094,364.05938720703125,345.8189392089844,355.7796936035156,25091306.0,8888565760.0,621,3.0461931228637695
2025-01-02,360.0,368.0400085449219,359.3800048828125,367.42999267578125,25484935.0,9363929480.392761,356.6658630371094,360.3326721191406,354.94805908203125,358.3225402832031,10297319.0,3846597632.0,622,3.0461931228637695
2025-01-03,370.20001220703125,370.6000061035156,363.4200134277344,367.7300109863281,21385745.0,7864180243.800812,367.4156188964844,369.746337890625,365.1020202636719,367.81719970703125,11335153.0,4166124032.0,623,3.0461931228637695
2025-01-06,364.20001220703125,365.0,354.5799865722656,355.92999267578125,19961975.0,7105065615.544128,362.1942443847656,363.6748046875,359.7777404785156,362.2530212402344,16325458.0,5742640128.0,624,2.982327461242676
2025-01-07,357.3999938964844,359.489990234375,353.9800109863281,354.4100036621094,21999690.0,7796910213.465271,354.2398376464844,358.05865478515625,350.93621826171875,356.06500244140625,19392238.0,6924496896.0,625,2.982327461242676
2025-01-08,356.0199890136719,356.94000244140625,352.489990234375,353.7300109863281,21823395.0,7719589753.108978,353.99896240234375,356.3660583496094,350.98773193359375,352.6632995605469,12476051.0,4648881152.0,626,2.982327461242676
2025-01-09,354.79998779296875,361.739990234375,354.79998779296875,358.0400085449219,27349135.0,9792084529.096222,353.1014709472656,355.5257568359375,351.23602294921875,353.1275939941406,21792646.0,7627448320.0,627,2.982327461242676
2025-01-10,356.8399963378906,357.92999267578125,350.6700134277344,351.239990234375,17513090.0,6151297560.57373,358.6882629394531,360.0458984375,352.7602844238281,353.89068603515625,19642428.0,7051014656.0,628,2.982327461242676
2025-01-13,346.5799865722656,348.9100036621094,344.75,347.67999267578125,15461940.0,5375807185.953369,350.15289306640625,352.40106201171875,347.33123779296875,348.89703369140625,12940929.0,4570311680.0,629,2.982327461242676
2025-01-14,349.9200134277344,353.7699890136719,345.9200134277344,350.1199951171875,24744805.0,8663651005.775757,344.6285095214844,346.7320556640625,341.6412353515625,342.9583740234375,8500934.0,2998975488.0,630,2.982327461242676
2025-01-15,352.0199890136719,359.0,352.0199890136719,357.9200134277344,17549305.0,6281247481.247406,348.88092041015625,352.9339599609375,344.8624572753906,351.174560546875,13758347.0,4921012224.0,631,2.982327461242676
2025-01-16,359.1600036621094,362.989990234375,357.07000732421875,361.1099853515625,22257670.0,8037466887.659912,353.7638854980469,355.72491455078125,349.8646240234375,351.6316833496094,11716955.0,4280373760.0,632,3.034086227416992
2025-01-17,359.3999938964844,361.1000061035156,349.6600036621094,351.7200012207031,17608640.0,6193310882.294922,362.08349609375,366.48004150390625,359.267578125,364.557861328125,26634260.0,9445353472.0,633,3.034086227416992
2025-01-20,378.0,385.9800109863281,373.20001220703125,384.1000061035156,66621575.0,25589347364.125824,350.4788818359375,354.78363037109375,347.2644348144531,351.1072082519531,15684713.0,5510807040.0,634,3.034086227416992
2025-01-21,384.19000244140625,384.19000244140625,378.20001220703125,378.6600036621094,22078315.0,8360174838.753204,378.92401123046875,380.75860595703125,364.4613342285156,365.9530029296875,28325596.0,10256313344.0,635,3.034086227416992
2025-01-22,379.79998779296875,384.1000061035156,377.4100036621094,383.5,20883345.0,8008762807.5,382.96014404296875,384.952392578125,379.7847900390625,382.200439453125,18801190.0,6831851008.0,636,3.034086227416992
2025-01-23,381.4200134277344,384.7900085449219,378.4200134277344,378.9700012207031,15805795.0,5989922150.444183,383.1832275390625,384.01983642578125,377.489501953125,379.3435974121094,17333142.0,6346932736.0,637,3.034086227416992
2025-01-24,378.20001220703125,383.70001220703125,374.6099853515625,377.239990234375,20126830.0,7592645152.648926,380.109375,382.6650390625,377.5797119140625,380.3733825683594,13622215.0,4955069952.0,638,3.034086227416992
2025-01-27,375.0,379.760009765625,372.54998779296875,376.2799987792969,9642515.0,3628285532.429352,378.0979309082031,385.83154296875,376.06988525390625,381.15167236328125,34081732.0,12858624000.0,639,3.034086227416992
2025-01-28,379.0,381.0,374.1600036621094,377.54998779296875,25786920.0,9735851331.218262,374.1793518066406,377.1115417480469,371.7080993652344,374.7679748535156,14035644.0,5181702144.0,640,3.0402565002441406
2025-01-29,377.55999755859375,384.94000244140625,377.0,384.07000732421875,11758155.0,4515954676.969299,378.7145080566406,386.6183776855469,377.44769287109375,384.9581604003906,15361600.0,5724778496.0,641,3.0402565002441406
2025-01-30,384.07000732421875,387.6199951171875,375.489990234375,380.29998779296875,21195905.0,8060802412.760925,380.4605712890625,383.358154296875,377.94561767578125,380.95916748046875,13005340.0,4828568064.0,642,3.0402565002441406
2025-01-31,380.6099853515625,381.7900085449219,377.9200134277344,380.260009765625,11666145.0,4436168411.627197,381.22296142578125,384.3587951660156,379.54595947265625,382.46826171875,5509662.0,2258120704.0,643,3.0402565002441406
2025-02-01,379.79998779296875,383.42999267578125,374.32000732421875,380.6199951171875,5481785.0,2086476979.9334717,380.3328857421875,384.5517883300781,378.06182861328125,382.3915100097656,11612546.0,4442930176.0,644,3.0402565002441406
2025-02-03,378.7200012207031,380.760009765625,376.30999755859375,376.8999938964844,16599040.0,6256178074.6875,377.8016357421875,381.2996520996094,373.2713623046875,375.34503173828125,15595426.0,5921644544.0,645,3.0402565002441406
2025-02-04,378.2099914550781,388.239990234375,375.44000244140625,385.70001220703125,26663090.0,10283954138.477173,380.2877502441406,384.97412109375,378.6270446777344,383.0046081542969,15516601.0,5885683712.0,646,3.0402565002441406
2025-02-05,387.55999755859375,387.7900085449219,380.4700012207031,382.3500061035156,17136925.0,6552303378.3454895,383.4795227050781,386.0783996582031,380.3939208984375,383.42041015625,13503980.0,5127142400.0,647,3.0402565002441406
2025-02-06,383.3999938964844,384.0,379.2900085449219,383.19000244140625,15969855.0,6119488776.438904,385.09234619140625,389.93353271484375,379.5212097167969,385.79608154296875,20288354.0,7802787328.0,648,2.9529929161071777
2025-02-07,384.20001220703125,392.1199951171875,381.5799865722656,385.8500061035156,22070870.0,8516045324.2099,381.8658752441406,384.2844543457031,379.28070068359375,381.9112854003906,10384837.0,3887187200.0,649,2.9529929161071777
2025-02-10,387.05999755859375,393.0,384.7099914550781,392.0299987792969,17846865.0,6996506464.164276,387.7685241699219,393.6527404785156,384.80523681640625,390.29248046875,24671692.0,9420892160.0,650,2.9529929161071777
2025-02-11,392.9200134277344,394.1000061035156,381.32000732421875,383.7200012207031,17533410.0,6727920106.603088,389.64892578125,393.8167419433594,386.62725830078125,391.0187072753906,20116652.0,7747678208.0,651,2.9529929161071777
2025-02-12,384.69000244140625,389.79998779296875,380.989990234375,388.7900085449219,16095020.0,6257582963.330688,385.35638427734375,388.5157775878906,382.67840576171875,386.49029541015625,10341726.0,3939425792.0,652,2.9529929161071777
2025-02-13,392.6000061035156,398.55999755859375,392.1099853515625,394.55999755859375,63391865.0,25011894099.634705,389.775634765625,393.9036865234375,386.9899597167969,391.3515319824219,16288148.0,6236164608.0,653,2.9529929161071777
2025-02-14,394.79998779296875,394.79998779296875,386.6700134277344,390.4800109863281,13050240.0,5095857858.574219,398.02301025390625,399.6985778808594,392.82025146484375,395.249755859375,19803146.0,7677795840.0,654,2.9529929161071777
2025-02-17,391.0,392.7900085449219,386.5299987792969,389.05999755859375,11500595.0,4474421462.6223755,388.1847839355469,390.2305603027344,383.3741760253906,386.7006530761719,11724610.0,4393617408.0,655,2.9529929161071777
2025-02-18,388.4100036621094,393.20001220703125,387.8299865722656,392.6700134277344,21720625.0,8529038110.408783,388.0646057128906,390.6385192871094,384.7538757324219,387.9407958984375,10392077.0,3862365952.0,656,2.8306732177734375
2025-02-19,392.7900085449219,398.9800109863281,392.3999938964844,397.0,19570825.0,7769617525.0,393.2682189941406,402.1542053222656,388.9944152832031,394.84893798828125,20038582.0,8014194176.0,657,2.8306732177734375
2025-02-20,396.4599914550781,396.4700012207031,392.0,394.1099853515625,23621860.0,9309610898.57666,396.6193542480469,399.85870361328125,393.18646240234375,396.9346008300781,16203624.0,6289176576.0,658,2.8306732177734375
2025-02-21,394.1099853515625,395.6700134277344,386.8999938964844,390.6099853515625,20042760.0,7828902190.004883,394.1047058105469,398.35784912109375,391.28192138671875,396.2490234375,17588698.0,6830839296.0,659,2.8306732177734375
2025-02-24,387.6600036621094,394.0,386.7099914550781,393.2200012207031,11090405.0,4360969067.638092,391.35198974609375,395.08184814453125,388.1750793457031,392.1933898925781,20118610.0,7767953920.0,660,2.8306732177734375
2025-02-25,393.79998779296875,395.9100036621094,391.7200012207031,393.45001220703125,20099470.0,7908136716.854858,392.3904724121094,396.14495849609375,389.9915771484375,394.3025817871094,9854243.0,3681971712.0,661,2.8306732177734375
2025-02-27,394.3999938964844,395.0,387.9800109863281,389.510009765625,18540340.0,7221648014.458008,396.7922058105469,399.4993591308594,392.74530029296875,396.7246398925781,11745096.0,4575653888.0,662,2.8306732177734375
2025-02-28,387.4100036621094,387.4100036621094,378.7799987792969,380.5899963378906,34851575.0,13264160801.61972,390.626953125,393.9981994628906,388.73114013671875,392.4463806152344,8890787.0,3341984768.0,663,2.8306732177734375
2025-03-03,381.1099853515625,384.7300109863281,379.0400085449219,382.9200134277344,13038950.0,4992874909.083557,383.734375,386.6058349609375,377.1727600097656,379.5928039550781,22485326.0,8504528384.0,664,2.7552919387817383
2025-03-04,380.2300109863281,383.20001220703125,379.3500061035156,381.55999755859375,15860250.0,6051636951.278687,382.14239501953125,385.2814025878906,378.8451232910156,382.0192565917969,16473879.0,6275322368.0,665,2.7552919387817383
2025-03-05,380.6199951171875,390.7300109863281,379.0799865722656,386.6199951171875,19058440.0,7368373979.741211,379.69329833984375,383.2289733886719,377.7276611328125,381.2315368652344,14217492.0,5556279296.0,666,2.7552919387817383
2025-03-06,388.79998779296875,388.989990234375,381.9700012207031,384.3399963378906,25965465.0,9979566723.011627,382.8333435058594,385.72479248046875,378.3962097167969,382.0573425292969,26803380.0,10114318336.0,667,2.7552919387817383
2025-03-07,383.3999938964844,388.1199951171875,382.010009765625,387.0799865722656,13901690.0,5381065978.531799,387.3037109375,393.0703125,385.2887878417969,391.01080322265625,13824223.0,5401072128.0,668,2.7552919387817383
2025-03-10,386.5,388.010009765625,383.2699890136719,384.3500061035156,11142670.0,4282685282.5094604,387.042724609375,389.84857177734375,384.0219421386719,387.239013671875,12912068.0,5043474432.0,669,2.7552919387817383
2025-03-11,384.6000061035156,388.79998779296875,380.8900146484375,387.0400085449219,16035260.0,6206287167.420044,384.71673583984375,390.0640869140625,382.6016845703125,388.27374267578125,18427014.0,7154076160.0,670,2.7552919387817383
2025-03-12,388.0,399.5400085449219,387.6000061035156,396.510009765625,33522470.0,13291994907.067871,385.9024658203125,388.8801574707031,382.7100524902344,385.7921142578125,14053284.0,5393821696.0,671,2.7552919387817383
2025-03-13,395.1400146484375,398.6700134277344,393.9100036621094,397.0199890136719,24628970.0,9778193398.818054,395.4061279296875,401.0429382324219,392.2818908691406,398.5487060546875,18532088.0,7388295680.0,672,2.7754502296447754
2025-03-17,396.0199890136719,399.7699890136719,394.8500061035156,398.6199951171875,15854645.0,6319978512.484741,395.77423095703125,396.6730041503906,389.2349853515625,392.435791015625,27329616.0,10582762496.0,673,2.7754502296447754
2025-03-18,398.6199951171875,398.6199951171875,398.6199951171875,398.6199951171875,0.0,0.0,400.19622802734375,403.1780090332031,396.263916015625,399.88555908203125,14617652.0,5869699584.0,674,2.7754502296447754
2025-03-19,407.8500061035156,410.20001220703125,403.45001220703125,404.30999755859375,26691440.0,10791616041.235352,405.9539794921875,409.1881103515625,397.8395080566406,402.8639831542969,17263640.0,7137567744.0,675,2.7754502296447754
2025-03-20,406.20001220703125,407.7799987792969,403.29998779296875,407.1300048828125,13416530.0,5462271924.4104,404.371337890625,410.85345458984375,400.7919616699219,406.4947814941406,12630892.0,5237735424.0,676,2.7754502296447754
2025-03-21,408.0,419.5199890136719,407.0,415.79998779296875,94254040.0,39190828681.43799,405.2974853515625,409.35113525390625,403.23590087890625,407.4016418457031,15609678.0,6272224768.0,677,2.7754502296447754
2025-03-24,420.0,436.8500061035156,418.04998779296875,435.2300109863281,42541755.0,18515448496.02768,409.22662353515625,412.1813659667969,405.0752868652344,409.7320556640625,25842320.0,10822686720.0,678,2.7754502296447754
2025-03-25,435.9800109863281,440.5,432.0,434.0,36712165.0,15933079610.0,431.50067138671875,436.275146484375,426.11871337890625,432.6090087890625,30138872.0,12991965184.0,679,2.7754502296447754
2025-03-26,435.0,435.20001220703125,425.9800109863281,428.9800109863281,15084580.0,6470983294.1241455,447.91888427734375,452.7217712402344,443.58514404296875,450.3025207519531,23234750.0,10271579136.0,680,2.543667793273926
2025-03-27,428.79998779296875,430.2799987792969,422.3699951171875,425.7300109863281,47106120.0,20054488985.12329,430.79180908203125,434.06610107421875,426.9246520996094,432.07025146484375,13211702.0,5193837568.0,681,2.543667793273926
2025-03-28,427.8599853515625,435.9800109863281,427.79998779296875,434.239990234375,18361265.0,7973195534.2907715,426.144775390625,429.0394592285156,420.815673828125,424.915283203125,14610832.0,5954139648.0,682,2.543667793273926
2025-04-01,434.8599853515625,435.70001220703125,427.17999267578125,429.17999267578125,18754695.0,8049139862.736511,434.5736389160156,439.024169921875,419.7244567871094,428.46063232421875,24325886.0,10456955904.0,683,2.543667793273926
2025-04-02,428.20001220703125,432.1300048828125,427.92999267578125,430.9200134277344,10660960.0,4594021026.352539,429.7779541015625,436.5914001464844,427.3930969238281,435.71820068359375,26267746.0,11151990784.0,684,2.543667793273926
2025-04-03,425.79998779296875,430.3399963378906,425.42999267578125,426.5199890136719,8470190.0,3612705345.7437134,430.3894348144531,435.77154541015625,427.600341796875,433.7003479003906,17148046.0,7019363840.0,685,2.543667793273926
2025-04-04,426.17999267578125,429.260009765625,423.6300048828125,426.3900146484375,18942015.0,8076686053.320923,426.779296875,430.658203125,424.0807800292969,428.29791259765625,12921606.0,5156689920.0,686,2.543667793273926
2025-04-07,403.739990234375,416.7200012207031,400.1600036621094,407.57000732421875,35695245.0,14548311266.089783,427.2936706542969,430.05810546875,424.51043701171875,428.119384765625,9994530.0,3793851648.0,687,2.543667793273926
2025-04-08,412.489990234375,415.9800109863281,407.6000061035156,411.0299987792969,20471695.0,8414480770.860138,402.530029296875,408.2028503417969,398.8503112792969,404.1412658691406,21387086.0,8360860672.0,688,2.4444191455841064
2025-04-09,410.79998779296875,413.0,408.4200134277344,410.5400085449219,19597890.0,8045717928.062439,414.5737609863281,419.401123046875,412.43524169921875,418.0497131347656,9356064.0,3638031104.0,689,2.4444191455841064
2025-04-11,413.0,427.8999938964844,411.70001220703125,422.239990234375,27973445.0,11811507143.621826,410.28265380859375,412.14715576171875,405.9544677734375,408.3810729980469,12201045.0,4795864576.0,690,2.4444191455841064
2025-04-15,429.0,429.3999938964844,419.9200134277344,424.0400085449219,28178320.0,11948735053.581543,418.8161926269531,421.373046875,414.53131103515625,417.36566162109375,11517414.0,4398330880.0,691,2.4444191455841064
2025-04-16,424.0,430.32000732421875,422.6600036621094,424.67999267578125,14498895.0,6157390622.406921,425.05621337890625,438.535888671875,422.18621826171875,426.6315612792969,35505072.0,15783823360.0,692,2.4444191455841064
2025-04-17,423.0,438.7799987792969,419.5400085449219,437.6199951171875,26943160.0,11790865547.641602,426.74859619140625,430.4825439453125,423.1003112792969,426.5223388671875,15788050.0,6386791424.0,693,2.4444191455841064
2025-04-21,439.0,452.239990234375,435.0799865722656,448.2799987792969,24432490.0,10952596587.375183,436.1435241699219,441.7821960449219,433.24627685546875,438.55291748046875,17346482.0,7264798720.0,694,2.4444191455841064
2025-04-22,449.79998779296875,460.3800048828125,449.0799865722656,453.760009765625,33664915.0,15275792159.158936,451.4353332519531,461.031494140625,448.2326965332031,458.6451110839844,24644922.0,11082576896.0,695,2.4444191455841064
2025-04-23,457.0,458.0,444.0,445.3999938964844,17619395.0,7847678425.459747,454.2657470703125,466.45245361328125,452.9858703613281,464.76361083984375,32601344.0,15002250240.0,696,2.4312329292297363
2025-04-24,443.6000061035156,447.5799865722656,442.739990234375,444.6000061035156,20842685.0,9266657878.213654,449.6286315917969,456.0256042480469,445.4353942871094,451.7000732421875,27509012.0,11817508864.0,697,2.4312329292297363
2025-04-25,444.0,446.67999267578125,435.6400146484375,440.8800048828125,10680015.0,4708605065.348511,442.51116943359375,447.63128662109375,434.863525390625,439.2773742675781,21587678.0,8917078016.0,698,2.4312329292297363
2025-04-28,439.3999938964844,446.3599853515625,437.8800048828125,445.1199951171875,12190890.0,5426408897.27417,438.08734130859375,443.25714111328125,433.9229736328125,438.6954345703125,19381968.0,8000499712.0,699,2.4312329292297363
2025-04-29,445.1199951171875,449.3999938964844,439.760009765625,441.0,15291325.0,6743474325.0,443.2304992675781,448.03814697265625,440.80987548828125,445.5942077636719,10080353.0,3979512576.0,700,2.4312329292297363
2025-04-30,442.7799987792969,446.20001220703125,437.6400146484375,441.6199951171875,23114585.0,10207862914.835815,441.1714782714844,444.8319396972656,437.132568359375,441.039794921875,11649849.0,4602687488.0,701,2.4312329292297363
2025-05-02,440.79998779296875,444.7200012207031,434.239990234375,436.3399963378906,9079030.0,3961543916.951599,435.812744140625,437.5467529296875,424.0675354003906,427.1484069824219,16523874.0,6820846592.0,702,2.4312329292297363
2025-05-05,421.0199890136719,426.760009765625,411.6000061035156,416.9800109863281,44108085.0,18392189767.885895,432.0820007324219,434.7547607421875,427.4667663574219,430.4040832519531,8744912.0,3570292224.0,703,2.4312329292297363
2025-05-06,417.20001220703125,418.2799987792969,413.0,414.79998779296875,17025485.0,7062170970.169373,414.8271789550781,425.24761962890625,413.58245849609375,422.9539794921875,24035414.0,9724187648.0,704,2.403831720352173
2025-05-07,412.739990234375,420.3599853515625,410.8999938964844,418.9800109863281,18697280.0,7833786579.814453,413.599853515625,416.7812194824219,406.6664123535156,410.0614013671875,22747356.0,9082261504.0,705,2.403831720352173
2025-05-08,419.79998779296875,427.739990234375,418.9800109863281,422.5199890136719,34624355.0,14629482094.205475,413.4424133300781,416.4609680175781,408.9455261230469,412.08758544921875,11868086.0,4855422976.0,706,2.403831720352173
2025-05-09,415.0,424.0,415.0,420.6199951171875,23271500.0,9788458216.369629,420.21502685546875,424.23065185546875,416.8166809082031,420.9723815917969,15916284.0,6496811520.0,707,2.403831720352173
2025-05-12,426.79998779296875,432.7200012207031,425.2200012207031,429.0,15109370.0,6481919730.0,416.5037536621094,419.7460632324219,413.4329528808594,416.4583740234375,13435610.0,5429377024.0,708,2.403831720352173
2025-05-13,427.0,429.2200012207031,420.2200012207031,423.1199951171875,21539120.0,9113632349.228516,429.6422424316406,438.06915283203125,428.97381591796875,435.8031921386719,12102539.0,4960567808.0,709,2.403831720352173
2025-05-14,422.20001220703125,423.9800109863281,416.79998779296875,418.4800109863281,10687970.0,4472701803.021545,419.5528869628906,424.6289978027344,414.8242492675781,419.2880554199219,34467928.0,14163450880.0,710,2.403831720352173
2025-05-15,417.0199890136719,422.3999938964844,413.0799865722656,421.2799987792969,21311795.0,8978232971.584625,419.4424133300781,421.94696044921875,412.25567626953125,415.1148986816406,18998912.0,7745624064.0,711,2.403831720352173
2025-05-16,419.9800109863281,422.9800109863281,418.0199890136719,421.6400146484375,10289540.0,4338481796.325684,421.29864501953125,426.22650146484375,418.22344970703125,423.1075439453125,19252994.0,7830136832.0,712,2.349728584289551
2025-05-19,420.3999938964844,424.79998779296875,420.0799865722656,422.239990234375,7528520.0,3178842211.279297,421.96142578125,425.39935302734375,418.4859619140625,422.0118713378906,14031674.0,5733382144.0,713,2.349728584289551
2025-05-20,422.9599914550781,423.5799865722656,416.94000244140625,418.0199890136719,19545490.0,8170405515.0668335,422.8695373535156,426.1498718261719,419.272216796875,422.6137390136719,13320002.0,5455852544.0,714,2.349728584289551
2025-05-21,419.0,419.260009765625,412.0,414.260009765625,10708700.0,4436186166.577148,416.1396789550781,426.2942810058594,406.3089294433594,408.82421875,20899250.0,8480558592.0,715,2.349728584289551
2025-05-22,414.79998779296875,415.5199890136719,410.1400146484375,413.1600036621094,16446640.0,6795093842.629395,413.53094482421875,416.79400634765625,409.77740478515625,413.1253662109375,12976480.0,5287377920.0,716,2.349728584289551
2025-05-23,413.1600036621094,421.8599853515625,413.1600036621094,420.1600036621094,8254765.0,3468322092.6298523,413.29949951171875,416.6831359863281,410.271240234375,413.429931640625,11391709.0,4591349248.0,717,2.349728584289551
2025-05-26,418.0199890136719,422.3999938964844,417.0199890136719,417.8599853515625,10201425.0,4262767301.0650635,420.263916015625,426.8861083984375,418.2475280761719,424.94879150390625,13017163.0,5345594880.0,718,2.349728584289551
2025-05-27,418.0,419.79998779296875,412.239990234375,415.4800109863281,17299700.0,7187679546.060181,421.9307556152344,429.5092468261719,413.58453369140625,414.10565185546875,22964872.0,9361496064.0,719,2.349728584289551
2025-05-28,415.0,416.0799865722656,412.67999267578125,414.8599853515625,8173180.0,3390725335.0756836,413.5003356933594,416.50128173828125,407.8381652832031,411.2638244628906,18511042.0,7520327680.0,720,2.355224370956421
2025-05-29,415.4599914550781,419.20001220703125,411.0,416.32000732421875,24936910.0,10381734553.843384,412.9805603027344,422.7576599121094,404.1283874511719,406.25042724609375,19228946.0,7861984256.0,721,2.355224370956421
2025-05-30,416.32000732421875,418.0400085449219,413.1000061035156,414.94000244140625,49038640.0,20348093401.323242,417.8825988769531,423.068603515625,416.43792724609375,420.7969970703125,15043068.0,6247144448.0,722,2.355224370956421
2025-06-02,413.3999938964844,415.1600036621094,410.239990234375,412.7200012207031,13505700.0,5574072520.48645,420.07666015625,425.1560363769531,417.8408203125,422.3364562988281,13303488.0,5558246912.0,723,2.355224370956421
2025-06-03,414.0,415.1600036621094,406.8399963378906,408.8999938964844,32319090.0,13215275703.73993,412.64129638671875,416.9515380859375,410.337158203125,414.1295166015625,16702664.0,6821856256.0,724,2.355224370956421
2025-06-04,409.4200134277344,411.70001220703125,408.1600036621094,409.260009765625,11655570.0,4770158692.023926,411.4346618652344,420.89501953125,394.1477355957031,414.6947021484375,80503336.0,32928120832.0,725,2.355224370956421
2025-06-05,410.9599914550781,411.2799987792969,406.8399963378906,407.9800109863281,18626660.0,7599304951.438599,410.8510437011719,414.24505615234375,408.2784423828125,410.9183044433594,11237173.0,4741489664.0,726,2.355224370956421
2025-06-06,408.7799987792969,416.9800109863281,406.760009765625,414.67999267578125,22121620.0,9173393219.576416,408.28961181640625,417.7305908203125,403.83428955078125,412.5595397949219,33638012.0,13530222592.0,727,2.355224370956421
2025-06-09,422.20001220703125,428.4800109863281,418.0,427.6400146484375,28895440.0,12356846384.873047,412.4767150878906,414.9515380859375,411.720458984375,412.8643493652344,35750720.0,14563335168.0,728,2.3479371070861816
2025-06-10,429.3399963378906,434.5799865722656,427.6400146484375,430.2200012207031,24578710.0,10574252646.203308,424.3759765625,427.0579833984375,419.7074890136719,422.60089111328125,13739070.0,5764626432.0,729,2.3479371070861816
2025-06-11,429.79998779296875,432.1400146484375,426.6000061035156,429.05999755859375,8910305.0,3823055441.5463257,427.0686950683594,429.6880798339844,424.15631103515625,426.48388671875,10439636.0,4393918976.0,730,2.3479371070861816
2025-06-12,429.05999755859375,429.760009765625,424.44000244140625,425.3599853515625,14890860.0,6333975991.472168,428.28350830078125,432.9009704589844,424.2650146484375,428.2086486816406,18468420.0,7819280896.0,731,2.3479371070861816
2025-06-13,414.3999938964844,424.3999938964844,414.3999938964844,421.4800109863281,22336370.0,9414333472.99469,423.2972106933594,427.6087951660156,421.5980529785156,425.7183532714844,12574547.0,5280355328.0,732,2.3479371070861816
2025-06-16,421.5799865722656,428.94000244140625,417.760009765625,427.79998779296875,14707980.0,6292073664.4592285,407.34930419921875,418.52520751953125,401.3091735839844,408.0093078613281,35084584.0,14270522368.0,733,2.3479371070861816
2025-06-17,427.79998779296875,431.1600036621094,426.0400085449219,427.3599853515625,15541500.0,6641815212.341309,422.2014465332031,432.00823974609375,418.1611328125,420.5248718261719,26736640.0,11134153728.0,734,2.3479371070861816
2025-06-18,425.0,427.4800109863281,421.739990234375,426.4800109863281,19503255.0,8317748406.669159,427.4185791015625,433.2322692871094,422.0599060058594,424.1971435546875,19149746.0,8068757504.0,735,2.3479371070861816
2025-06-19,427.8999938964844,430.94000244140625,426.6199951171875,429.2799987792969,17025995.0,7308919112.816315,414.6419677734375,433.5937805175781,384.6947021484375,424.9249267578125,24204260.0,10301281280.0,736,2.399296522140503
2025-06-20,429.0,435.20001220703125,426.260009765625,433.9599914550781,16863180.0,7317945448.705444,427.4695739746094,431.1058044433594,424.9362487792969,428.5651550292969,13084007.0,5502866432.0,737,2.399296522140503
2025-06-23,431.6199951171875,437.94000244140625,430.239990234375,436.82000732421875,8603070.0,3757993100.4107666,432.2330017089844,436.4879150390625,429.67376708984375,433.57080078125,13348572.0,5714922496.0,738,2.399296522140503
2025-06-24,441.6000061035156,446.7200012207031,438.2799987792969,444.7200012207031,28022600.0,12462210706.207275,434.9562683105469,439.6840515136719,432.8415222167969,437.1448974609375,10023243.0,4241430528.0,739,2.399296522140503
2025-06-25,444.6000061035156,444.7200012207031,438.20001220703125,439.6600036621094,17877145.0,7859865636.16806,440.43621826171875,446.9763488769531,439.24053955078125,444.9447326660156,12941406.0,5616731136.0,740,2.399296522140503
2025-06-26,440.4800109863281,442.0,436.0,440.7799987792969,28350635.0,12496392860.692291,437.8614807128906,441.34320068359375,434.3843994140625,438.19525146484375,21732622.0,9367992320.0,741,2.399296522140503
2025-06-27,442.0,443.4599914550781,436.5199890136719,441.5799865722656,48247195.0,21304995720.24948,437.4201965332031,440.6243591308594,434.8874816894531,438.0926513671875,10598463.0,4650306048.0,742,2.399296522140503
2025-06-30,441.5799865722656,441.79998779296875,430.8999938964844,432.70001220703125,18638285.0,8064786147.018127,434.24072265625,443.5315856933594,429.86688232421875,440.14508056640625,36381760.0,16057755648.0,743,2.399296522140503
2025-07-01,432.70001220703125,437.29998779296875,431.8599853515625,436.7200012207031,20128770.0,8790636458.971252,433.11041259765625,437.64471435546875,431.5756530761719,435.5347900390625,14922442.0,6559835136.0,744,2.587519645690918
2025-07-02,437.0,439.44000244140625,432.20001220703125,433.82000732421875,9382555.0,4070340078.8198853,433.91064453125,436.8185729980469,430.7707824707031,434.2890625,15699215.0,6796071936.0,745,2.587519645690918
2025-07-03,427.82000732421875,430.3800048828125,424.3800048828125,425.32000732421875,23336995.0,9925690884.325256,432.7115173339844,441.05157470703125,429.53155517578125,437.3252868652344,27210690.0,11820058624.0,746,2.587519645690918
2025-07-04,424.79998779296875,427.4599914550781,422.20001220703125,425.9599914550781,8431075.0,3591300634.957123,426.8707275390625,435.8094177246094,424.86761474609375,432.4605712890625,27384986.0,11845823488.0,747,2.587519645690918
2025-07-07,426.0,431.3599853515625,424.3599853515625,429.9599914550781,10852925.0,4666323540.262604,426.61578369140625,430.0572509765625,421.3828125,422.7519226074219,14549726.0,6266539008.0,748,2.587519645690918
2025-07-08,437.0,448.29998779296875,435.239990234375,444.8999938964844,37631455.0,16742234099.815826,424.8282470703125,433.4898681640625,418.6709899902344,421.5835266113281,17904370.0,7535512064.0,749,2.587519645690918
2025-07-09,443.3999938964844,446.82000732421875,442.79998779296875,445.8599853515625,10104510.0,4505196680.584717,442.6613464355469,445.69891357421875,439.521484375,442.3486022949219,11505936.0,5076034048.0,750,2.587519645690918
2025-07-10,445.82000732421875,448.5400085449219,437.3800048828125,440.760009765625,28609065.0,12609731768.7854,441.6713562011719,444.79595947265625,438.0368957519531,441.1338806152344,12151784.0,5428023808.0,751,2.587519645690918
2025-07-11,440.3599853515625,445.0,439.7200012207031,444.1199951171875,13395830.0,5949355954.190674,439.34033203125,443.76397705078125,435.0157165527344,439.92376708984375,23946986.0,10579519488.0,752,2.5986716747283936
2025-07-14,444.7799987792969,445.3999938964844,439.4599914550781,440.760009765625,11976685.0,5278843797.559814,444.9614562988281,450.28192138671875,441.36590576171875,446.59027099609375,22459696.0,10055931904.0,753,2.5986716747283936
2025-07-15,442.0,446.7200012207031,436.3800048828125,437.6199951171875,14870715.0,6507722225.689087,439.55743408203125,442.4275817871094,435.98388671875,439.042236328125,11608515.0,5140005888.0,754,2.5986716747283936
2025-07-16,436.82000732421875,438.0,431.20001220703125,435.8800048828125,11438515.0,4985819974.052124,439.2287292480469,446.9884948730469,435.85791015625,439.5286560058594,17058788.0,7486829056.0,755,2.5986716747283936
2025-07-17,435.0,438.3399963378906,433.3399963378906,434.1600036621094,10897805.0,4731391058.708954,437.5497131347656,441.7349853515625,434.90411376953125,438.76007080078125,29641524.0,12983130112.0,756,2.5986716747283936
2025-07-18,433.5199890136719,433.6000061035156,426.20001220703125,428.1000061035156,12832715.0,5493685369.8246765,432.26849365234375,435.0247802734375,428.1997375488281,430.79241943359375,10073326.0,4552207360.0,757,2.5986716747283936
2025-07-21,427.6199951171875,433.5199890136719,426.0400085449219,433.0400085449219,9135495.0,3956034832.862091,427.9659423828125,434.3342590332031,426.478515625,431.87945556640625,15814161.0,6807247360.0,758,2.5986716747283936
2025-07-22,434.3999938964844,435.0,429.0,432.0400085449219,7822810.0,3379766899.2453003,428.0143737792969,436.12860107421875,422.8030090332031,425.8282470703125,16507318.0,7057050624.0,759,2.5986716747283936
2025-07-23,434.20001220703125,435.9599914550781,431.239990234375,434.0799865722656,13952705.0,6056589999.046783,428.44219970703125,436.54376220703125,426.67138671875,435.0354919433594,9441079.0,4161757696.0,760,2.6633810997009277
2025-07-24,433.0799865722656,434.3599853515625,428.0,428.4200134277344,10292000.0,4409298778.198242,433.80517578125,442.2910461425781,432.58294677734375,440.4114074707031,12659838.0,5584235520.0,761,2.6633810997009277
2025-07-25,427.82000732421875,429.9800109863281,423.6600036621094,424.9200134277344,8727375.0,3708436302.1888733,427.3003234863281,429.6984558105469,424.19403076171875,426.77777099609375,6772790.0,2987003392.0,762,2.6633810997009277
2025-07-28,405.05999755859375,411.05999755859375,392.0,393.32000732421875,69123495.0,27187653559.6756,422.4642028808594,432.5080261230469,409.6503601074219,418.4140319824219,18878046.0,7827831808.0,763,2.6633810997009277
2025-07-29,393.3999938964844,395.94000244140625,390.6000061035156,394.5400085449219,25219670.0,9950168817.30011,387.6825866699219,406.0530700683594,388.08099365234375,390.8996276855469,33222452.0,12982536192.0,764,2.6633810997009277
2025-07-30,393.2200012207031,396.17999267578125,391.3999938964844,391.94000244140625,17949955.0,7035305406.523132,395.4798278808594,400.41802978515625,392.9482421875,397.1197204589844,22025286.0,8744570880.0,765,2.6633810997009277
2025-07-31,388.239990234375,399.7200012207031,387.0,395.7200012207031,21519590.0,8515732181.069031,391.7373962402344,394.158935546875,381.9794921875,385.9516906738281,28632000.0,11086407680.0,766,2.6633810997009277
2025-08-01,396.6000061035156,401.3999938964844,394.4200134277344,398.4800109863281,13361865.0,5324436111.997833,395.315673828125,399.109375,393.0672302246094,396.8501281738281,10266823.0,4319906816.0,767,2.6633810997009277
2025-08-04,397.3999938964844,401.3999938964844,396.4200134277344,399.3999938964844,7716305.0,3081892169.903412,393.4530029296875,407.9526672363281,393.9656677246094,402.50604248046875,18674370.0,7425928192.0,768,2.7450993061065674
2025-08-05,401.6000061035156,401.6000061035156,398.9599914550781,400.6000061035156,12106660.0,4849928069.893188,400.63037109375,403.03155517578125,395.7991027832031,397.9519958496094,9488061.0,4174993920.0,769,2.7450993061065674
2025-08-06,400.6000061035156,405.1199951171875,398.5400085449219,400.4800109863281,13311395.0,5330947615.843353,403.26641845703125,407.6700439453125,394.0781555175781,406.0531311035156,14519748.0,5849914880.0,770,2.7450993061065674
2025-08-07,396.20001220703125,399.1000061035156,393.0,398.4200134277344,72760995.0,28989436604.915314,402.16522216796875,405.62847900390625,400.0254211425781,403.007568359375,16551138.0,6697994240.0,771,2.7450993061065674
2025-08-08,398.7799987792969,399.8999938964844,389.6400146484375,390.5400085449219,10928645.0,4268073111.6844177,396.490478515625,400.0516357421875,393.1581726074219,395.9970703125,25538714.0,10096480256.0,772,2.7450993061065674
2025-08-11,392.79998779296875,404.79998779296875,391.2799987792969,395.17999267578125,11012565.0,4351945356.041565,394.85064697265625,399.67218017578125,393.1143798828125,396.5454406738281,14223240.0,5676843008.0,773,2.7450993061065674
2025-08-12,395.0,397.17999267578125,391.2799987792969,391.79998779296875,7889120.0,3090957119.6972656,393.58966064453125,399.421142578125,392.873291015625,399.7120361328125,11282637.0,4503102464.0,774,2.7450993061065674
2025-08-13,393.6000061035156,399.260009765625,392.44000244140625,397.5400085449219,13733665.0,5459681301.4530945,392.77081298828125,394.6861877441406,389.2652282714844,391.08843994140625,8306125.0,3477444096.0,775,2.7450993061065674
2025-08-14,397.6000061035156,398.70001220703125,395.1000061035156,395.6400146484375,9922965.0,3925922017.9559326,398.11053466796875,402.23699951171875,396.7139587402344,400.07757568359375,10748350.0,4472123392.0,776,2.794106960296631
2025-08-18,399.5799865722656,405.20001220703125,399.4200134277344,400.2799987792969,21519720.0,8613913495.33081,393.6513977050781,394.63037109375,383.9782409667969,385.46795654296875,14837267.0,5982108672.0,777,2.794106960296631
2025-08-19,398.79998779296875,406.5,398.5,405.9800109863281,15558845.0,6316580064.034576,401.8677673339844,408.21942138671875,394.0710144042969,401.18572998046875,13295267.0,5380132864.0,778,2.794106960296631
2025-08-20,404.1000061035156,404.8399963378906,401.1000061035156,403.5,13134705.0,5299853467.5,403.9820251464844,407.7320251464844,401.805908203125,405.5478210449219,9458600.0,3999625728.0,779,2.794106960296631
2025-08-21,407.79998779296875,407.79998779296875,402.5799865722656,403.55999755859375,14493935.0,5849172373.2144165,401.9813232421875,407.31805419921875,396.25848388671875,405.942626953125,11176837.0,4622612480.0,780,2.794106960296631
2025-08-22,402.0400085449219,403.7200012207031,396.0400085449219,397.32000732421875,8958465.0,3559377379.4137573,405.6726989746094,410.2970275878906,404.6485900878906,408.36083984375,9573122.0,4149289472.0,781,2.794106960296631
2025-08-25,397.3999938964844,399.760009765625,395.3399963378906,396.6600036621094,11849075.0,4700054132.892609,397.3329772949219,399.8942565917969,386.2746887207031,390.5462646484375,26443648.0,10304613376.0,782,2.794106960296631
2025-08-26,395.6000061035156,396.7799987792969,392.239990234375,393.1400146484375,18550690.0,7293018538.338623,397.4027099609375,401.4483947753906,394.443115234375,397.3358154296875,13719381.0,5649367040.0,783,2.794106960296631
2025-08-28,391.0,393.6000061035156,388.2200012207031,388.94000244140625,17989700.0,6996913961.920166,394.84332275390625,400.9676818847656,394.2242431640625,399.11224365234375,11324367.0,4672369664.0,784,2.740140438079834
2025-08-29,390.0400085449219,396.9800109863281,390.0400085449219,392.05999755859375,15371790.0,6026663949.871216,388.070556640625,390.48736572265625,384.9319152832031,386.44244384765625,10544151.0,4290235904.0,785,2.740140438079834
2025-09-01,392.05999755859375,394.55999755859375,391.0400085449219,393.7200012207031,7891610.0,3107084698.833313,390.77337646484375,392.93658447265625,386.38189697265625,387.59710693359375,10479298.0,4315103232.0,786,2.740140438079834
2025-09-02,393.20001220703125,395.0400085449219,388.0799865722656,388.5,12917095.0,5018291407.5,389.99957275390625,392.8266296386719,387.1063537597656,388.86334228515625,11697522.0,4707368960.0,787,2.740140438079834
2025-09-03,388.79998779296875,392.760009765625,386.2200012207031,392.0400085449219,20037270.0,7855411502.016907,388.6859130859375,391.8970947265625,386.7768249511719,388.2344970703125,11570610.0,4632274944.0,788,2.740140438079834
2025-09-04,392.20001220703125,394.3399963378906,389.29998779296875,389.94000244140625,9457295.0,3687777635.389099,391.3785705566406,396.55633544921875,390.5766906738281,394.1310729980469,17412468.0,6801306624.0,789,2.740140438079834
2025-09-05,389.94000244140625,391.4599914550781,387.4200134277344,389.1000061035156,9906260.0,3854525826.4630127,389.1152038574219,392.7115173339844,388.3508605957031,390.4989929199219,6946859.0,2962990592.0,790,2.740140438079834
2025-09-08,388.5,392.29998779296875,386.29998779296875,390.0199890136719,12527790.0,4886088518.165588,387.22491455078125,389.37481689453125,384.42108154296875,385.359619140625,8984187.0,3573942784.0,791,2.740140438079834
2025-09-09,391.20001220703125,393.17999267578125,387.9599914550781,392.0799865722656,15873920.0,6223846340.449219,388.5265197753906,391.8481140136719,371.04010009765625,385.6106262207031,35993532.0,13539763200.0,792,2.704957962036133
2025-09-10,396.9800109863281,397.7799987792969,393.1600036621094,394.6600036621094,42604510.0,16814296072.622375,390.21337890625,391.78973388671875,386.6222229003906,386.8598327636719,11567715.0,4620364800.0,793,2.704957962036133
2025-09-11,395.3999938964844,397.0,392.6600036621094,394.4599914550781,11816335.0,4661071403.130341,392.065673828125,397.805908203125,391.2137451171875,397.52886962890625,12141201.0,4773726720.0,794,2.704957962036133
2025-09-12,394.6400146484375,397.0,393.20001220703125,394.4599914550781,18077285.0,7130765686.631012,393.1120910644531,395.78717041015625,390.9467468261719,392.3864440917969,13726344.0,5458351616.0,795,2.704957962036133
2025-09-15,393.6000061035156,396.32000732421875,392.9800109863281,394.1600036621094,13098130.0,5162758968.766785,393.9610900878906,396.1925048828125,392.030029296875,393.3350830078125,10993298.0,4468161024.0,796,2.704957962036133
2025-09-16,395.2799987792969,406.1000061035156,394.6400146484375,404.3399963378906,20084385.0,8120920157.348785,393.4936828613281,395.66717529296875,388.8670654296875,390.4900817871094,23562416.0,9009097728.0,797,2.704957962036133
2025-09-17,405.79998779296875,410.5400085449219,404.05999755859375,410.05999755859375,23917190.0,9807482873.008423,403.242919921875,410.6571960449219,401.7962646484375,407.7810974121094,23649744.0,9527183360.0,798,2.704957962036133
2025-09-18,410.0,412.260009765625,408.44000244140625,410.9200134277344,17420580.0,7158464967.518921,410.4060363769531,416.2640686035156,408.9988098144531,413.77777099609375,22290288.0,9175994368.0,799,2.704957962036133
2025-09-19,410.9200134277344,410.9200134277344,405.4800109863281,406.20001220703125,22431125.0,9111523248.817444,405.1983642578125,415.78497314453125,406.4414978027344,412.6977844238281,21326756.0,8776139776.0,800,2.7221145629882812
2025-09-22,406.3999938964844,407.9200134277344,403.4800109863281,404.3399963378906,13229910.0,5349381760.950623,404.46343994140625,406.9039611816406,402.0806884765625,403.9598693847656,12371898.0,5116290048.0,801,2.7221145629882812
2025-09-23,404.6000061035156,410.6199951171875,401.67999267578125,409.5400085449219,25428240.0,10413881626.882324,404.55419921875,406.6927490234375,399.2203063964844,400.1666259765625,12470280.0,5048860672.0,802,2.7221145629882812
2025-09-24,408.3999938964844,409.6199951171875,405.79998779296875,406.260009765625,18394385.0,7472903029.732666,408.58489990234375,415.5587463378906,407.839599609375,413.9040832519531,19705350.0,8126331392.0,803,2.7221145629882812
2025-09-25,406.4599914550781,407.5,402.0,402.70001220703125,20039275.0,8069816287.120056,403.597412109375,414.3196105957031,401.49652099609375,408.18243408203125,23946664.0,9932126208.0,804,2.7221145629882812
2025-09-26,401.79998779296875,403.8399963378906,397.82000732421875,398.9599914550781,9595825.0,3828350260.004425,399.2377014160156,412.4259338378906,394.4042053222656,404.0567321777344,19591314.0,7851783680.0,805,2.7221145629882812
2025-09-29,399.17999267578125,400.739990234375,394.05999755859375,398.32000732421875,26530510.0,10567632937.515259,395.1974792480469,400.8995361328125,394.931884765625,398.33184814453125,17001514.0,6631525888.0,806,2.7221145629882812
2025-09-30,400.79998779296875,403.0,397.2200012207031,398.5400085449219,29309685.0,11681082110.348969,397.9221496582031,400.35272216796875,393.16363525390625,394.5516357421875,17112722.0,6772176896.0,807,2.7221145629882812
2025-10-01,397.20001220703125,414.3999938964844,397.20001220703125,412.6600036621094,30579755.0,12619041810.286407,400.4889831542969,404.00640869140625,398.35809326171875,400.5434265136719,31845456.0,12357054464.0,808,2.7629287242889404
2025-10-03,412.6600036621094,421.6000061035156,412.3999938964844,420.1000061035156,23679650.0,9947821109.529114,397.845703125,405.79901123046875,396.9087219238281,403.625,27813552.0,10997722112.0,809,2.7629287242889404
2025-10-06,422.79998779296875,430.9200134277344,418.6000061035156,429.20001220703125,25764180.0,11057986370.50415,429.0010070800781,430.3898620605469,420.64898681640625,423.0818786621094,24111176.0,10131045376.0,810,2.7629287242889404
2025-10-07,428.3999938964844,430.6199951171875,424.3399963378906,425.3800048828125,12364695.0,5259694019.474487,428.0975341796875,447.13311767578125,427.0963134765625,439.24761962890625,28125028.0,12476530688.0,811,2.7629287242889404
2025-10-08,425.29998779296875,426.5,422.44000244140625,423.55999755859375,4402475.0,1864712300.25177,429.189697265625,436.7083435058594,427.18212890625,433.7930603027344,20543202.0,8766342144.0,812,2.7629287242889404
2025-10-09,423.6000061035156,430.3999938964844,420.260009765625,428.9200134277344,15827485.0,6788725078.727264,424.3785400390625,429.8504638671875,421.0711364746094,428.5057373046875,7293145.0,3352680960.0,813,2.7629287242889404
2025-10-10,429.0,431.55999755859375,427.32000732421875,430.0199890136719,9681210.0,4163113817.8390503,430.6846008300781,438.3293151855469,429.5671081542969,435.67364501953125,17936404.0,7814089216.0,814,2.7629287242889404
2025-10-13,427.20001220703125,431.20001220703125,426.760009765625,430.4200134277344,10600020.0,4562460750.734253,428.08734130859375,433.2021789550781,425.52044677734375,430.65423583984375,19153398.0,8230668288.0,815,2.7629287242889404
2025-10-14,429.79998779296875,433.0,428.32000732421875,430.3599853515625,8022815.0,3452698545.878296,428.6328125,431.4294738769531,427.0171813964844,429.9021911621094,7693675.0,3459629568.0,816,2.73386287689209
2025-10-15,431.0,433.17999267578125,428.239990234375,429.9200134277344,11540535.0,4961506962.163239,431.1304016113281,437.0267333984375,429.8432312011719,434.84149169921875,14707666.0,6466277376.0,817,2.73386287689209
2025-10-16,430.5799865722656,442.9200134277344,430.44000244140625,441.0799865722656,33692100.0,14860911015.59143,429.6754150390625,433.4940490722656,427.9325256347656,431.77911376953125,12255282.0,5354999808.0,818,2.73386287689209
2025-10-17,440.7799987792969,441.9800109863281,438.0799865722656,441.1600036621094,16706510.0,7370244012.781067,439.68670654296875,443.5317077636719,434.90655517578125,439.8624572753906,20893214.0,9251346432.0,819,2.73386287689209
2025-10-20,442.79998779296875,453.20001220703125,440.0400085449219,442.760009765625,15207085.0,6733089103.106689,435.4016418457031,437.12713623046875,432.0718688964844,434.68572998046875,10840642.0,4808592384.0,820,2.73386287689209
2025-10-21,442.760009765625,443.9599914550781,437.3800048828125,439.3999938964844,1134020.0,498288381.0784912,442.1642150878906,445.8811340332031,440.6219482421875,444.3760986328125,10128887.0,4487795712.0,821,2.73386287689209
2025-10-23,445.0,448.8800048828125,442.20001220703125,445.1199951171875,21496105.0,9568346152.63855,437.1940002441406,438.91864013671875,434.6165771484375,436.8580322265625,6624916.0,3051728896.0,822,2.73386287689209
2025-10-24,447.6000061035156,447.6000061035156,433.6400146484375,437.3999938964844,16293685.0,7126857719.551239,444.80059814453125,447.0921325683594,438.6190185546875,441.32611083984375,21393820.0,9394197504.0,823,2.73386287689209
2025-10-27,434.44000244140625,437.20001220703125,424.3999938964844,429.7200012207031,18599700.0,7992663106.704712,436.2792663574219,441.0516052246094,433.9527282714844,438.069091796875,6098815.0,2845440512.0,824,2.7820844650268555
2025-10-28,428.3999938964844,433.6199951171875,428.3999938964844,432.1600036621094,23304345.0,10071205820.54306,430.13714599609375,436.1021728515625,427.9150085449219,434.4141540527344,9241816.0,4165646336.0,825,2.7820844650268555
2025-10-29,434.0,434.8599853515625,429.3800048828125,430.1000061035156,7088915.0,3048942384.7673035,428.97259521484375,442.3341369628906,428.5991516113281,438.2613525390625,23662176.0,10495064064.0,826,2.7820844650268555
2025-10-30,430.0,430.6000061035156,425.2799987792969,427.44000244140625,12438465.0,5316697509.967346,427.4234313964844,435.07928466796875,424.41607666015625,426.4822692871094,21198090.0,8927941632.0,827,2.7820844650268555
2025-10-31,429.3800048828125,429.3800048828125,420.0,420.44000244140625,18931270.0,7959463205.018921,424.6872253417969,427.8949279785156,422.65966796875,426.2904052734375,8192313.0,3657880064.0,828,2.7820844650268555
2025-11-03,420.44000244140625,423.8399963378906,417.5799865722656,422.70001220703125,7657265.0,3236726008.972473,422.4868469238281,435.48614501953125,421.5623474121094,432.3872985839844,23755464.0,10166574080.0,829,2.7820844650268555
2025-11-04,423.3399963378906,424.2200012207031,418.6000061035156,419.32000732421875,9581885.0,4017876088.379822,419.74456787109375,423.513916015625,418.6535949707031,422.2021789550781,16905160.0,7119410688.0,830,2.7820844650268555
2025-11-06,414.6000061035156,420.760009765625,414.4200134277344,416.6400146484375,11902845.0,4959201515.158081,419.21484375,422.178955078125,417.86224365234375,419.87152099609375,11761230.0,5088413184.0,831,2.7820844650268555
2025-11-07,415.739990234375,419.8599853515625,411.8399963378906,417.6600036621094,7000945.0,2924014714.3382263,415.43017578125,417.31689453125,404.9441223144531,407.3995666503906,12249952.0,5068459008.0,832,2.7759785652160645
2025-11-10,416.20001220703125,420.9599914550781,416.20001220703125,418.5400085449219,10866480.0,4548056632.053223,415.06427001953125,417.4271240234375,414.1070251464844,416.2811279296875,4216053.0,1967653888.0,833,2.7759785652160645
2025-11-11,420.0,420.6000061035156,414.9800109863281,417.3800048828125,10814210.0,4513635022.60376,417.3178405761719,419.15948486328125,414.7837219238281,416.5750427246094,8745299.0,3811424000.0,834,2.7759785652160645
2025-11-12,420.0199890136719,420.0199890136719,416.0,416.8999938964844,9035425.0,3766868627.3521423,415.8978271484375,417.5127868652344,413.8984680175781,415.4057312011719,5724388.0,2574046720.0,835,2.7759785652160645
2025-11-13,417.8999938964844,417.8999938964844,412.9200134277344,415.0400085449219,10711530.0,4445713502.729187,419.01593017578125,422.0760803222656,413.6308288574219,415.5663757324219,9347436.0,4119383296.0,836,2.7759785652160645
2025-11-14,413.20001220703125,417.1000061035156,412.6000061035156,415.94000244140625,12202755.0,5075613944.491882,413.462646484375,416.6095275878906,412.3639831542969,414.8462829589844,8736593.0,3769959168.0,837,2.7759785652160645
2025-11-17,419.0,423.9800109863281,418.4800109863281,420.5799865722656,25151640.0,10578276413.470459,413.5526428222656,415.3196716308594,411.3954162597656,412.901611328125,7935371.0,3398474752.0,838,2.7759785652160645
2025-11-18,418.1199951171875,421.3999938964844,416.0,418.6199951171875,10300340.0,4311928280.505371,416.2196044921875,424.8879089355469,412.26019287109375,416.8611755371094,14908500.0,6318490624.0,839,2.7759785652160645
2025-11-19,419.8999938964844,422.0,417.8999938964844,421.17999267578125,12464500.0,5249798018.707275,416.5500793457031,417.96856689453125,414.2510681152344,415.58551025390625,5735268.0,2615763968.0,840,2.731419086456299
2025-11-20,422.9599914550781,422.9599914550781,418.6400146484375,419.739990234375,36702845.0,15405651801.87378,419.9190673828125,421.00164794921875,416.6064147949219,417.8446044921875,5966988.0,2743356416.0,841,2.731419086456299
2025-11-21,420.0,422.29998779296875,415.70001220703125,417.55999755859375,39194210.0,16365934231.91101,417.0807189941406,420.5962829589844,403.1937255859375,418.4749755859375,23080698.0,9445724160.0,842,2.731419086456299
2025-11-24,419.0,420.79998779296875,415.4800109863281,417.4599914550781,24922845.0,10404290660.736237,414.7101135253906,416.3665466308594,410.31597900390625,411.77587890625,13022282.0,5476837376.0,843,2.731419086456299
2025-11-25,418.8599853515625,418.8599853515625,413.3399963378906,413.9800109863281,15164895.0,6277963398.706512,415.9842224121094,419.7312316894531,414.1452331542969,416.79046630859375,21454184.0,8932662272.0,844,2.731419086456299
2025-11-26,415.0,422.0,414.82000732421875,420.760009765625,14896715.0,6267941948.875732,413.4794921875,421.3955993652344,412.52880859375,419.63714599609375,22986516.0,9534699520.0,845,2.731419086456299
2025-11-27,420.79998779296875,426.1000061035156,418.2799987792969,422.0400085449219,20148975.0,8503673581.171417,421.03582763671875,428.33599853515625,419.6463928222656,426.0292663574219,18534636.0,7873240576.0,846,2.731419086456299
2025-11-28,423.79998779296875,428.3599853515625,420.44000244140625,424.8800048828125,15840785.0,6730432808.147583,422.014404296875,429.2825927734375,419.0976257324219,425.6059265136719,25856664.0,10815813632.0,847,2.731419086456299
2025-12-01,426.79998779296875,432.6000061035156,425.6199951171875,429.5199890136719,16310160.0,7005539744.01123,423.44854736328125,425.88079833984375,421.34771728515625,424.103515625,9383586.0,4127902976.0,848,2.6710832118988037
2025-12-02,428.0,432.0,427.8800048828125,428.4800109863281,18294165.0,7838684020.185699,431.8504333496094,433.18890380859375,429.7981872558594,431.6087341308594,6072725.0,2748577280.0,849,2.6710832118988037
2025-12-03,427.0199890136719,430.3399963378906,423.82000732421875,429.2200012207031,14031015.0,6022392275.427704,427.8783874511719,431.648193359375,426.3382568359375,429.8175964355469,13545840.0,5845663744.0,850,2.6710832118988037
2025-12-04,429.2200012207031,429.3599853515625,424.29998779296875,427.0799865722656,12871640.0,5497219838.363037,426.2462463378906,428.8876037597656,421.69952392578125,424.8636474609375,20641646.0,8725519360.0,851,2.6710832118988037
2025-12-05,427.0,433.20001220703125,426.3999938964844,430.9800109863281,9658475.0,4162609661.6111755,426.2889404296875,429.3290100097656,423.87921142578125,426.595458984375,19393944.0,8252120064.0,852,2.6710832118988037
2025-12-08,431.739990234375,431.7799987792969,425.20001220703125,426.32000732421875,14960235.0,6377847494.772034,429.3966979980469,432.35986328125,427.6117858886719,430.193603515625,10462486.0,4603517952.0,853,2.6710832118988037
2025-12-09,424.0,426.67999267578125,421.7799987792969,425.5400085449219,16037550.0,6824619164.039612,427.8272399902344,431.86737060546875,426.44696044921875,429.6736145019531,10734587.0,4906679296.0,854,2.6710832118988037
2025-12-10,426.0,431.1000061035156,424.739990234375,425.8999938964844,10941335.0,4659914509.719391,424.2802734375,426.7121276855469,421.7421875,424.28521728515625,13736954.0,5843265536.0,855,2.6710832118988037
2025-12-11,425.8999938964844,441.0,423.82000732421875,436.0400085449219,24978600.0,10891668957.440186,428.98126220703125,432.0372314453125,423.599365234375,424.70556640625,10974876.0,4862397440.0,856,2.6245851516723633
2025-12-12,436.3399963378906,440.20001220703125,434.94000244140625,435.32000732421875,14312745.0,6230624258.229675,440.2196044921875,443.04083251953125,436.0157775878906,438.7988586425781,19871586.0,8722894848.0,857,2.6245851516723633
2025-12-15,433.4200134277344,437.1199951171875,431.29998779296875,436.260009765625,13779900.0,6011619308.569336,434.7818603515625,435.97991943359375,430.53851318359375,432.66973876953125,12171728.0,5331097088.0,858,2.6245851516723633
2025-12-16,435.6000061035156,438.79998779296875,434.29998779296875,436.4800109863281,8544595.0,3729544919.4737244,434.22601318359375,436.72296142578125,431.13232421875,434.08880615234375,15622731.0,6717266432.0,859,2.6245851516723633
2025-12-17,437.6000061035156,438.6400146484375,432.70001220703125,434.6400146484375,8060720.0,3503511458.876953,441.6523132324219,444.304443359375,436.7053527832031,439.2864685058594,15134684.0,6674205184.0,860,2.6245851516723633
2025-12-18,434.6400146484375,435.7799987792969,431.9800109863281,432.9200134277344,5633400.0,2438811603.643799,435.6968994140625,437.0138244628906,433.0768127441406,434.6766052246094,7008300.0,3177900032.0,861,2.6245851516723633
2025-12-19,433.70001220703125,435.5,431.260009765625,431.8999938964844,11504670.0,4968866902.781067,433.68170166015625,439.3348388671875,433.1496276855469,437.3677062988281,10000929.0,4473693696.0,862,2.6245851516723633
2025-12-22,434.0,435.20001220703125,429.4200134277344,429.94000244140625,9041130.0,3887143454.2730713,432.7485046386719,435.13787841796875,430.9966125488281,433.35693359375,7349122.0,3287110144.0,863,2.6245851516723633
2025-12-23,430.5,434.17999267578125,429.94000244140625,432.5400085449219,8070815.0,3490950389.0644836,431.67425537109375,434.6820068359375,430.0852966308594,432.7101135253906,8727374.0,3898057984.0,864,2.502493381500244
2025-12-24,433.6000061035156,435.6400146484375,432.2200012207031,432.739990234375,7791790.0,3371819128.508301,432.8273620605469,435.33807373046875,431.4605712890625,433.7096252441406,6725443.0,3026534144.0,865,2.502493381500244
2025-12-26,432.3999938964844,434.7200012207031,430.5799865722656,432.8399963378906,3691745.0,1597934892.280426,433.3691101074219,435.6083984375,431.3726501464844,433.4410705566406,8374416.5,3744289024.0,866,2.502493381500244
2025-12-29,434.1199951171875,436.3599853515625,431.0799865722656,431.7200012207031,4858980.0,2097718851.531372,433.25921630859375,437.00054931640625,431.9313049316406,435.07806396484375,8140659.0,3649128448.0,867,2.502493381500244
2025-12-30,431.94000244140625,433.0,427.7799987792969,430.5400085449219,28360690.0,12210411714.93988,433.5296936035156,435.2211608886719,431.2303771972656,432.9722900390625,5796479.0,2648686848.0,868,2.502493381500244
2025-12-31,431.6000061035156,441.0799865722656,431.1400146484375,440.2200012207031,14284445.0,6288298395.337067,430.9941101074219,434.46319580078125,428.83233642578125,431.57745361328125,13185461.0,5694085632.0,869,2.502493381500244
2026-01-01,442.0,444.17999267578125,437.79998779296875,443.55999755859375,6734875.0,2987321138.557434,438.0875244140625,440.3112487792969,433.5798034667969,435.8264465332031,14925127.0,6475303936.0,870,2.502493381500244
2026-01-02,443.55999755859375,445.5799865722656,436.1000061035156,439.0199890136719,12238470.0,5372932964.944153,443.20721435546875,448.2990417480469,440.83154296875,446.6070556640625,16790932.0,7573221888.0,871,2.502493381500244
2026-01-05,439.3800048828125,441.3399963378906,436.3999938964844,438.17999267578125,10914245.0,4782403794.161682,442.04620361328125,445.8534240722656,431.87176513671875,432.1458740234375,13398262.0,5841568768.0,872,2.500418186187744
2026-01-06,440.4200134277344,445.6000061035156,427.0,429.2799987792969,26541035.0,11393535472.401276,438.15203857421875,440.1538391113281,435.8336181640625,437.93499755859375,6230895.0,2828558848.0,873,2.500418186187744
2026-01-07,429.2799987792969,430.1000061035156,421.8399963378906,428.79998779296875,10561315.0,4528691743.077698,430.65924072265625,433.4869689941406,425.1758728027344,427.90948486328125,24127356.0,10057388032.0,874,2.500418186187744
2026-01-08,428.0199890136719,428.6000061035156,423.7200012207031,426.6000061035156,11484710.0,4899377356.097107,424.5414733886719,430.1117858886719,422.61273193359375,427.0826721191406,12524487.0,5382937600.0,875,2.500418186187744
2026-01-09,426.6000061035156,426.6000061035156,423.20001220703125,425.3599853515625,10319615.0,4389551285.233765,426.4091491699219,431.2601013183594,418.59881591796875,425.6951599121094,8367074.5,3735640064.0,876,2.500418186187744
2026-01-12,425.3599853515625,427.8800048828125,421.20001220703125,426.6600036621094,12720435.0,5427300843.683624,423.8485107421875,427.2396240234375,422.0047912597656,425.12225341796875,9991554.0,4322664448.0,877,2.500418186187744
2026-01-13,425.3800048828125,428.8800048828125,424.0,426.5199890136719,12717650.0,5424331938.279724,426.74908447265625,428.4536437988281,421.7149963378906,423.92327880859375,25576208.0,10805786624.0,878,2.500418186187744
2026-01-14,426.0,427.6000061035156,418.79998779296875,421.0,10818517.0,4554595657.0,426.81622314453125,427.8331298828125,423.2243347167969,424.17779541015625,6396670.0,2896398080.0,879,2.500418186187744
2026-01-15,421.0,421.0,421.0,421.0,0.0,0.0,418.8763732910156,427.3768615722656,411.9400939941406,418.63726806640625,14589756.0,6257876992.0,880,2.494968891143799
2026-01-16,424.0,427.6000061035156,417.1000061035156,418.20001220703125,17993251.0,7524777787.844177,420.6688537597656,422.3173522949219,416.2336730957031,417.9399108886719,12839388.0,5482087936.0,881,2.494968891143799
2026-01-19,419.0,430.3999938964844,415.0,426.8999938964844,22228439.0,9489320473.428375,421.0476989746094,423.82440185546875,416.02130126953125,420.2225341796875,22211282.0,9420742656.0,882,2.494968891143799
2026-01-20,428.0,431.0,422.5,423.79998779296875,18805991.0,7969978756.23468,429.24322509765625,431.7132873535156,424.9219055175781,427.3597106933594,12612985.0,5657414144.0,883,2.494968891143799
2026-01-21,422.1000061035156,425.5,416.3999938964844,421.6000061035156,16386060.0,6908362996.012573,426.0046081542969,429.97479248046875,423.4979553222656,426.8985595703125,13018789.0,5754944512.0,884,2.494968891143799
2026-01-22,423.79998779296875,429.79998779296875,420.29998779296875,426.0,10087657.0,4297341882.0,419.4593505859375,423.2789001464844,405.2126159667969,421.4489440917969,17545756.0,7218560512.0,885,2.494968891143799
2026-01-23,429.0,429.79998779296875,420.3999938964844,422.79998779296875,10548118.0,4459744161.638794,426.1968688964844,431.27911376953125,422.6431884765625,424.0914306640625,13970639.0,6028976128.0,886,2.494968891143799
2026-01-27,415.0,415.0,400.5,408.70001220703125,47613963.0,19459827259.325134,421.1746826171875,423.6913757324219,418.22711181640625,421.29351806640625,9638000.0,4212525568.0,887,2.494968891143799
2026-01-28,409.29998779296875,414.20001220703125,406.29998779296875,412.3999938964844,14823671.0,6113281829.923492,408.27984619140625,411.25054931640625,404.9478454589844,405.9085998535156,20025072.0,8150864896.0,888,2.621330738067627
2026-01-29,407.0,414.6000061035156,407.0,412.3999938964844,26085514.0,10757665814.386658,414.6192626953125,415.8297424316406,408.3039245605469,410.8709716796875,19935328.0,7873986048.0,889,2.621330738067627
2026-01-30,410.0,412.5,405.3999938964844,408.0,20681886.0,8438209488.0,411.20654296875,416.37506103515625,407.2369689941406,414.368408203125,17385252.0,7157739520.0,890,2.621330738067627
2026-02-02,408.70001220703125,410.8500061035156,405.1000061035156,408.20001220703125,15422034.0,6295274467.057251,409.91131591796875,414.9726867675781,406.6405334472656,408.83270263671875,11650570.0,4792011776.0,891,2.621330738067627
2026-02-03,415.0,425.0,410.29998779296875,415.79998779296875,35396945.0,14718049298.908386,410.6669616699219,413.3163757324219,405.8063049316406,408.96136474609375,14173153.0,5794532352.0,892,2.621330738067627
2026-02-04,416.70001220703125,418.6499938964844,410.6000061035156,412.3500061035156,14948177.0,6163880877.186432,418.4758605957031,421.82818603515625,415.3173828125,418.64013671875,19032646.0,7934231552.0,893,2.621330738067627
2026-02-05,411.0,413.95001220703125,404.1000061035156,408.75,24814864.0,10143075660.0,413.76239013671875,416.9000244140625,411.20269775390625,414.4913635253906,13334706.0,5515553792.0,894,2.621330738067627
2026-02-06,411.0,424.6499938964844,410.29998779296875,422.3500061035156,21228778.0,8965974517.870178,407.39495849609375,410.19512939453125,401.6971435546875,404.6564636230469,20420936.0,8234793984.0,895,2.621330738067627
2026-02-09,430.0,434.8999938964844,424.20001220703125,428.79998779296875,22538542.0,9664526534.471313,425.62060546875,428.4938049316406,422.1224365234375,425.1521301269531,21189652.0,9072050176.0,896,2.7392139434814453
2026-02-10,430.79998779296875,433.8999938964844,428.20001220703125,429.29998779296875,18428055.0,7911163786.548157,430.9905700683594,435.9856262207031,425.9431457519531,427.810791015625,14106696.0,6107301376.0,897,2.7392139434814453
2026-02-11,431.70001220703125,431.70001220703125,427.75,429.54998779296875,12299205.0,5283123357.61322,429.5664978027344,434.5303649902344,426.6482849121094,432.0626525878906,20252348.0,8740489216.0,898,2.7392139434814453
2026-02-12,429.3999938964844,431.04998779296875,425.1000061035156,426.25,14003384.0,5968942430.0,428.81524658203125,431.33673095703125,425.7314147949219,428.4043884277344,11642736.0,5032686592.0,899,2.7392139434814453
2026-02-13,426.0,428.8999938964844,419.54998779296875,420.6499938964844,23233320.0,9773095916.195068,428.342529296875,430.5281982421875,423.5018005371094,424.2239685058594,10332022.0,4503744512.0,900,2.7392139434814453
2026-02-16,419.0,426.70001220703125,418.25,425.6000061035156,12403028.0,5278728792.502075,418.8362121582031,420.7428894042969,411.4828796386719,414.4319152832031,23734708.0,9803122688.0,901,2.7392139434814453
2026-02-17,423.6499938964844,425.5,420.6000061035156,424.45001220703125,6427007.0,2727943199.6046753,425.3945617675781,430.0682678222656,423.5081787109375,427.9719543457031,12012838.0,5222955008.0,902,2.7392139434814453
2026-02-18,425.70001220703125,427.3999938964844,421.3500061035156,426.3500061035156,7333331.0,3126565716.6091003,424.0025939941406,427.53857421875,421.79986572265625,424.9261474609375,12410204.0,5346408448.0,903,2.7392139434814453
2026-02-19,425.70001220703125,425.95001220703125,415.8500061035156,416.3999938964844,6473423.0,2695533297.6893616,425.64215087890625,427.4021911621094,420.24444580078125,421.97882080078125,13773857.0,5912303616.0,904,2.7933249473571777
2026-02-20,415.0,423.3999938964844,415.0,421.3500061035156,6603883.0,2782546142.356903,420.16033935546875,421.8592529296875,417.7946472167969,419.4678649902344,2334045.0,1282256896.0,905,2.7933249473571777
2026-02-23,423.0,431.79998779296875,420.3500061035156,430.70001220703125,10399627.0,4479119475.848572,421.95166015625,428.03558349609375,418.0467529296875,422.0826110839844,9310118.0,4059026176.0,906,2.7933249473571777
2026-02-24,430.8999938964844,432.45001220703125,425.79998779296875,427.70001220703125,15016915.0,6422734728.811951,431.9975280761719,436.5461120605469,430.0498046875,433.7601623535156,7229561.0,3291340544.0,907,2.7933249473571777
2026-02-25,425.5,430.1499938964844,421.3999938964844,424.95001220703125,10192468.0,4331289401.019775,424.16973876953125,426.57861328125,419.14959716796875,421.3101806640625,23173728.0,9253867520.0,908,2.7933249473571777
2026-02-26,426.70001220703125,426.70001220703125,421.70001220703125,424.54998779296875,13417228.0,5696283983.6154785,421.11920166015625,424.0192565917969,415.69952392578125,421.24957275390625,13302311.0,5672082432.0,909,2.7933249473571777
2026-02-27,420.5,422.3500061035156,414.45001220703125,415.20001220703125,17806739.0,7393358250.167419,421.22076416015625,421.1883239746094,413.8562316894531,414.06610107421875,9227305.0,4437544960.0,910,2.7933249473571777
2026-03-02,410.0,414.6000061035156,407.1000061035156,413.1000061035156,15236666.0,6294266817.597229,416.8257141113281,417.8089904785156,409.0682678222656,410.0400390625,19020108.0,7786789376.0,911,2.7933249473571777
2026-03-04,405.0,410.5,402.20001220703125,403.3500061035156,18393751.0,7419119578.116547,412.5928955078125,420.01995849609375,411.862548828125,418.5059509277344,10545667.0,4527076352.0,912,2.897890090942383
2026-03-05,403.6000061035156,410.04998779296875,402.3500061035156,407.29998779296875,14963265.0,6094537651.842957,402.3514404296875,405.8143310546875,397.042724609375,399.3416748046875,6423965.0,2820537344.0,913,2.897890090942383
2026-03-06,403.70001220703125,406.70001220703125,399.0,399.79998779296875,17512726.0,7001587641.021606,404.351318359375,406.8049011230469,398.6530456542969,403.0483703613281,16296627.0,6322300928.0,914,2.897890090942383
2026-03-09,390.0,393.8500061035156,385.1000061035156,386.3500061035156,20275976.0,7833623451.354736,396.9493408203125,400.5586242675781,391.5906677246094,395.92059326171875,24287034.0,9442189312.0,915,2.897890090942383
2026-03-10,390.5,394.25,387.5,391.8500061035156,21346381.0,8364579525.13797,383.4658508300781,399.69183349609375,386.32537841796875,395.5528869628906,15839649.0,6067530240.0,916,2.897890090942383
2026-03-11,388.8500061035156,391.1000061035156,379.95001220703125,383.20001220703125,29991868.0,11492884183.71167,387.4414367675781,410.96759033203125,388.40838623046875,404.2878723144531,30907694.0,11949405184.0,917,2.897890090942383
2026-03-12,377.0,380.1499938964844,374.04998779296875,375.29998779296875,25048123.0,9400560256.13678,381.640625,388.6434020996094,380.406494140625,385.5923767089844,32081418.0,11995256832.0,918,2.897890090942383
2026-03-13,373.0,373.6000061035156,363.3999938964844,366.8500061035156,32179473.0,11805039866.457916,394.5411376953125,395.4689636230469,394.16900634765625,394.0726013183594,19775244.0,7804209152.0,919,2.897890090942383
2026-03-16,366.8500061035156,373.3500061035156,364.04998779296875,369.8500061035156,27927294.0,10328909856.354675,360.8147277832031,369.04833984375,361.9927673339844,368.0078125,24759134.0,8404397568.0,920,2.8655917644500732
2026-03-17,369.8500061035156,375.1499938964844,368.6000061035156,374.20001220703125,15176772.0,5679148267.66333,369.77484130859375,373.3976135253906,364.5543212890625,367.94512939453125,18355568.0,6558315008.0,921,2.8655917644500732
2026-03-18,375.0,376.95001220703125,371.1000061035156,375.3999938964844,15235416.0,5719375073.4104,372.9117736816406,375.716064453125,368.79754638671875,371.1371765136719,12631066.0,4741396480.0,922,2.8655917644500732
2026-03-19,366.1499938964844,370.1499938964844,363.3500061035156,368.1499938964844,17308390.0,6372083672.857971,376.0026550292969,381.4830627441406,372.32861328125,376.3583984375,11853567.0,4421248000.0,923,2.8655917644500732
2026-03-20,368.6000061035156,372.6000061035156,365.3999938964844,366.75,17077194.0,6263060899.5,368.73944091796875,373.2018737792969,365.8369140625,370.10443115234375,14977468.0,5519516160.0,924,2.8655917644500732
2026-03-23,364.8500061035156,364.8999938964844,355.25,356.54998779296875,16980244.0,6054305790.921631,367.5427551269531,371.5980529785156,364.12872314453125,367.8858337402344,14898250.0,5427583488.0,925,2.8655917644500732
2026-03-24,363.0,370.95001220703125,361.3999938964844,366.8500061035156,19990983.0,7333692235.565277,355.45831298828125,358.2463073730469,348.68505859375,351.3871154785156,30685172.0,10391858176.0,926,2.8655917644500732
2026-03-25,368.95001220703125,378.0,363.0,371.1000061035156,42442702.0,15750486971.249695,364.9644775390625,367.821044921875,360.0553894042969,363.1046142578125,15605355.0,5668299264.0,927,2.8655917644500732
2026-03-27,367.54998779296875,368.8500061035156,362.5,366.1499938964844,28928069.0,10592012287.787079,373.222412109375,381.33099365234375,370.9656677246094,377.4167785644531,24434492.0,9139454976.0,928,2.619168758392334
2026-03-30,361.0,362.95001220703125,351.6499938964844,353.3999938964844,39762775.0,14052164442.307281,359.5458679199219,363.44842529296875,351.8099365234375,355.70306396484375,29034460.0,10552101888.0,929,2.619168758392334
2026-04-01,363.79998779296875,364.04998779296875,355.0,356.04998779296875,21245776.0,7564558285.452148,355.29766845703125,359.7257385253906,351.4181213378906,355.30853271484375,34416448.0,12330014720.0,930,2.619168758392334
2026-04-02,350.29998779296875,359.8500061035156,345.5,358.0,22056018.0,7896054444.0,353.3236083984375,357.8930969238281,350.86199951171875,354.1025085449219,30176378.0,10172647424.0,931,2.619168758392334
2026-04-06,358.0,361.3999938964844,350.1000061035156,360.54998779296875,18320378.0,6605412064.262573,346.8224182128906,350.33929443359375,341.3394470214844,345.5404357910156,28541948.0,10035902464.0,932,2.619168758392334
2026-04-07,357.0,364.0,357.0,362.95001220703125,23655155.0,8585638796.009216,359.1008605957031,362.3840637207031,354.64227294921875,357.9351806640625,22887348.0,7886225920.0,933,2.619168758392334
2026-04-08,377.0,381.1499938964844,369.45001220703125,380.1499938964844,30162218.0,11466166988.604431,362.4703369140625,365.76849365234375,356.7967834472656,361.0064392089844,19817100.0,7372753408.0,934,2.619168758392334
2026-04-09,377.0,378.70001220703125,369.45001220703125,371.8999938964844,12422256.0,4619836930.580566,376.0469055175781,386.1876525878906,372.4212951660156,382.8564453125,25619152.0,9964636160.0,935,2.619168758392334
2026-04-10,373.5,379.1499938964844,372.3500061035156,374.54998779296875,23751660.0,8896183963.062744,369.7850646972656,382.4000549316406,358.5107727050781,379.1893005371094,15624849.0,6027814400.0,936,2.6093387603759766
2026-04-13,367.95001220703125,373.0,365.6000061035156,371.8999938964844,30027087.0,11167073472.029205,374.9615478515625,380.4060363769531,370.0138244628906,375.3336486816406,21967732.0,8491855872.0,937,2.6093387603759766
2026-04-15,375.5,383.0,375.5,382.3999938964844,19100372.0,7303982136.220581,368.71514892578125,372.6656188964844,364.6342468261719,368.73553466796875,24076150.0,9017208832.0,938,2.6093387603759766
2026-04-16,383.1499938964844,386.45001220703125,378.25,379.1499938964844,12060624.0,4572785515.987793,379.6482849121094,393.20953369140625,378.04644775390625,388.8696594238281,21473074.0,8534471168.0,939,2.6093387603759766
2026-04-17,379.29998779296875,385.20001220703125,376.6499938964844,383.6000061035156,11626179.0,4459802335.360565,382.2171630859375,388.8128662109375,380.66241455078125,386.41192626953125,15741795.0,6253252608.0,940,2.6093387603759766
2026-04-20,384.1000061035156,386.0,378.0,379.20001220703125,11146713.0,4226833705.668274,383.0711975097656,393.3654479980469,381.6939697265625,392.03961181640625,15527552.0,6185562112.0,941,2.6093387603759766
2026-04-21,381.45001220703125,383.1499938964844,378.3500061035156,382.1499938964844,12323488.0,4709420863.983398,386.8434143066406,386.1510314941406,361.2574462890625,385.1828918457031,10596586.0,4433846272.0,942,2.6093387603759766
2026-04-22,378.1000061035156,382.79998779296875,376.25,376.8500061035156,14471487.0,5453579964.276947,382.27947998046875,388.2211608886719,380.1198425292969,385.92926025390625,17305464.0,6774450176.0,943,2.6093387603759766
2026-04-23,370.04998779296875,375.95001220703125,367.6499938964844,370.3999938964844,27628052.0,10233430292.171753,377.00537109375,380.87579345703125,372.4930419921875,376.18963623046875,10911790.0,4373277184.0,944,2.592194080352783
2026-04-24,370.6000061035156,372.79998779296875,367.6499938964844,370.8500061035156,19678907.0,7297922781.060516,368.0135803222656,369.73333740234375,359.77410888671875,362.39349365234375,16369876.0,6167002624.0,945,2.592194080352783
2026-04-27,375.0,380.45001220703125,373.25,376.79998779296875,11559552.0,4355639052.4921875,371.6337890625,377.034423828125,368.94561767578125,374.2116394042969,19131192.0,7193633280.0,946,2.592194080352783
2026-04-28,372.0,383.25,372.0,377.95001220703125,12852733.0,4857690594.243713,376.4285583496094,380.2225646972656,374.0246887207031,377.5569763183594,7308022.0,2943585024.0,947,2.592194080352783
2026-04-29,378.0,386.04998779296875,377.54998779296875,382.0,7913344.0,3022897408.0,376.5386962890625,378.8541259765625,371.10223388671875,373.41217041015625,13811508.0,5262826496.0,948,2.592194080352783
2026-04-30,376.6000061035156,386.8500061035156,375.29998779296875,383.29998779296875,24812228.0,9510526689.516357,384.7445983886719,386.75311279296875,376.451416015625,377.3867492675781,11377020.0,4536395776.0,949,2.592194080352783
2026-05-01,383.29998779296875,383.29998779296875,383.29998779296875,383.29998779296875,0.0,0.0,377.3569641113281,384.3117370605469,368.3206787109375,371.70965576171875,7040007.0,3047482368.0,950,2.592194080352783
2026-05-04,378.8999938964844,382.04998779296875,363.0,371.6499938964844,74467483.0,27675839602.436554,388.2052307128906,409.98724365234375,385.1605529785156,400.0841369628906,32201574.0,12308959232.0,951,2.592194080352783
2026-05-05,371.0,375.5,368.75,371.3500061035156,19084772.0,7087130198.684204,369.89398193359375,371.46270751953125,368.544921875,368.5597839355469,23309548.0,8536135168.0,952,2.5549468994140625
2026-05-06,374.0,380.0,365.6499938964844,376.6000061035156,36195481.0,13631218365.519684,368.36761474609375,370.706787109375,361.4580383300781,364.39361572265625,21463550.0,7935073280.0,953,2.5549468994140625
2026-05-07,376.1000061035156,382.45001220703125,374.29998779296875,379.3999938964844,27286751.0,10352593162.854889,378.33074951171875,389.2073059082031,368.6413879394531,388.0275573730469,22116620.0,8468249600.0,954,2.5549468994140625
2026-05-08,379.0,381.5,374.0,380.79998779296875,16183126.0,6162534183.252075,380.0589599609375,386.3453369140625,378.45611572265625,383.6398620605469,22722980.0,8397479936.0,955,2.5549468994140625
2026-05-11,376.1000061035156,386.0,374.3999938964844,381.04998779296875,21347878.0,8134608651.305786,378.8294372558594,382.3950500488281,376.3764343261719,379.58782958984375,11936934.0,4633075200.0,956,2.5549468994140625
2026-05-12,380.20001220703125,381.04998779296875,374.54998779296875,376.0,13065308.0,4912555808.0,376.68548583984375,383.300537109375,375.6513366699219,382.6849365234375,24392764.0,8869018624.0,957,2.5549468994140625
2026-05-13,377.8999938964844,384.0,376.8500061035156,377.6499938964844,16267456.0,6143404659.111328,379.50933837890625,386.2420349121094,378.6623840332031,384.76531982421875,7736075.0,3327766784.0,958,2.5549468994140625
2026-05-14,378.0,385.0,375.6000061035156,383.20001220703125,10652514.0,4082043494.8355713,373.9371032714844,380.8643493652344,368.217529296875,379.88043212890625,9488336.0,3664387072.0,959,2.5549468994140625
2026-05-15,383.20001220703125,393.29998779296875,380.5,387.04998779296875,19461437.0,7532548953.28363,381.9006042480469,387.0630187988281,373.29473876953125,385.44091796875,10857768.0,4302391296.0,960,2.5005671977996826
2026-05-18,382.0,393.0,380.29998779296875,391.79998779296875,14575831.0,5710810407.8723755,387.7523193359375,392.21295166015625,385.0897216796875,387.5338439941406,5008030.0,2220767232.0,961,2.5005671977996826
2026-05-19,388.5,391.79998779296875,380.25,381.95001220703125,22567886.0,8619804333.18689,389.5833435058594,393.560546875,387.8342590332031,391.505859375,9619842.0,4037062400.0,962,2.5005671977996826
2026-05-20,376.29998779296875,384.04998779296875,376.29998779296875,383.20001220703125,12342444.0,4729624691.4646,386.174072265625,392.23809814453125,384.1312561035156,389.4381408691406,9817782.0,4108980480.0,963,2.5005671977996826
2026-05-21,384.70001220703125,386.45001220703125,377.8999938964844,380.8500061035156,10133840.0,3859473025.852051,381.4309387207031,384.31744384765625,377.376220703125,379.269287109375,11635844.0,4605056000.0,964,2.5005671977996826
2026-05-22,381.0,386.29998779296875,381.0,384.1499938964844,10348359.0,3975322046.688629,381.239501953125,386.19659423828125,379.2774963378906,383.4455261230469,12818056.0,5036184576.0,965,2.5005671977996826
2026-05-25,388.29998779296875,395.1499938964844,387.25,392.8500061035156,15571552.0,6117284298.241211,382.9681396484375,388.49603271484375,377.091064453125,378.345458984375,16823836.0,6475520512.0,966,2.5005671977996826
2026-05-26,392.8500061035156,394.95001220703125,387.0,388.6499938964844,15059212.0,5852762651.885864,394.96795654296875,396.6379089355469,389.0920104980469,390.9261169433594,16706966.0,6546808832.0,967,2.5005671977996826
2026-05-27,388.54998779296875,390.5,386.70001220703125,388.70001220703125,9326451.0,3625191617.548279,387.7075500488281,391.0970458984375,384.66070556640625,387.6289367675781,13458418.0,5273641472.0,968,2.465615749359131
2026-05-28,388.70001220703125,388.70001220703125,388.70001220703125,388.70001220703125,0.0,0.0,390.88397216796875,393.99139404296875,384.14776611328125,385.62701416015625,11111456.0,4423624704.0,969,2.465615749359131
2026-05-29,388.8500061035156,392.54998779296875,381.25,384.20001220703125,40109830.0,15410197175.621948,391.847412109375,392.3892822265625,389.60968017578125,389.40679931640625,-1311236.0,153685504.0,970,2.465615749359131
2026-06-01,384.1499938964844,387.0,375.6499938964844,377.3999938964844,12335552.0,4655437249.509766,381.65643310546875,386.0318298339844,372.49969482421875,381.90899658203125,22892242.0,8765808640.0,971,2.465615749359131
2026-06-02,373.0,381.54998779296875,372.20001220703125,379.04998779296875,14834956.0,5623189890.7092285,377.29742431640625,380.5642395019531,372.4923400878906,375.1138000488281,16163235.0,6259131392.0,972,2.465615749359131
2026-06-03,377.6000061035156,383.45001220703125,375.1000061035156,381.0,14844206.0,5655642486.0,378.6186218261719,384.24102783203125,376.5072021484375,381.4861145019531,15824806.0,6082812416.0,973,2.465615749359131
2026-06-04,378.5,384.0,377.8999938964844,381.5,13889236.0,5298743534.0,379.5408630371094,381.4460754394531,372.0824279785156,374.1304931640625,13426708.0,5046236672.0,974,2.465615749359131
2026-06-05,381.5,383.70001220703125,374.6499938964844,377.45001220703125,10129597.0,3823416511.302307,384.91796875,392.1546630859375,380.2712097167969,384.4240417480469,11544366.0,4508872192.0,975,2.465615749359131
2026-06-08,373.0,378.8999938964844,372.70001220703125,377.1000061035156,14460894.0,5453203215.6622925,380.7309875488281,385.11932373046875,376.44293212890625,382.5408020019531,13458286.0,5232099840.0,976,2.450982093811035
2026-06-09,379.70001220703125,382.45001220703125,377.29998779296875,381.70001220703125,13987913.0,5339186562.850891,377.860107421875,385.6087951660156,376.6971435546875,383.8863220214844,11634708.0,4585426944.0,977,2.450982093811035
2026-06-10,380.5,391.20001220703125,380.5,388.1000061035156,21427363.0,8315959711.082245,381.3270263671875,384.8952941894531,378.1097412109375,381.2601318359375,15458382.0,5942834688.0,978,2.450982093811035
2026-06-11,386.0,399.8999938964844,384.54998779296875,393.3500061035156,16135289.0,6346816026.631989,386.5615234375,389.0428771972656,379.6781311035156,382.2694396972656,13123080.0,5101746688.0,979,2.450982093811035
2026-06-12,397.75,404.5,394.95001220703125,403.29998779296875,17227481.0,6947842877.003601,394.07525634765625,400.9361267089844,391.2901611328125,397.0072937011719,15839004.0,6338212864.0,980,2.450982093811035
2026-06-15,408.0,411.0,402.45001220703125,405.75,14269679.0,5789922254.25,400.01348876953125,403.4210510253906,396.7716064453125,400.3683166503906,12760058.0,5135986176.0,981,2.450982093811035
2026-06-16,405.75,408.54998779296875,404.5,407.8500061035156,9079548.0,3703093707.217163,403.8496398925781,406.6985168457031,399.69549560546875,402.7797546386719,17274340.0,6915659776.0,982,2.450982093811035
2026-06-17,407.8500061035156,408.75,402.54998779296875,404.5,11654415.0,4714210867.5,404.84539794921875,407.1349792480469,403.5932312011719,405.69384765625,12163050.0,4922306560.0,983,2.450982093811035
2026-06-18,403.95001220703125,404.25,399.6499938964844,402.95001220703125,9342524.0,3764570159.8444824,406.16778564453125,413.72607421875,404.7508544921875,412.406494140625,13856400.0,5613618176.0,984,2.483341693878174
2026-06-19,402.5,403.54998779296875,398.0,399.25,17504009.0,6988475593.25,397.2586669921875,412.6136779785156,391.2755432128906,406.64117431640625,14295952.0,5821705216.0,985,2.483341693878174
2026-06-22,399.25,403.1000061035156,398.75,402.1499938964844,7158956.0,2878974111.7052,395.9189758300781,398.8792419433594,391.92059326171875,395.8921203613281,10344372.0,4130100480.0,986,2.483341693878174
2026-06-23,398.0,405.0,398.0,401.6499938964844,10077909.0,4047792088.339325,399.5212097167969,405.9716491699219,397.86224365234375,403.9032287597656,9379304.0,3883880704.0,987,2.483341693878174
2026-06-24,401.6499938964844,407.95001220703125,400.20001220703125,405.95001220703125,11768059.0,4777243694.703064,400.9188232421875,404.1172790527344,397.7184143066406,401.0928649902344,11465436.0,4658081792.0,988,2.483341693878174
2026-06-25,409.5,413.79998779296875,407.20001220703125,409.0,16587414.0,6784252326.0,404.9644775390625,407.2123718261719,400.4493713378906,403.2649841308594,11405601.0,4654894080.0,989,2.483341693878174
2026-06-26,409.0,409.0,409.0,409.0,0.0,0.0,408.6017150878906,414.5514221191406,406.40728759765625,411.9254455566406,20552626.0,8257462784.0,990,2.483341693878174
2026-06-29,402.5,404.8500061035156,394.1000061035156,395.5,37210245.0,14716651897.5,404.0523376464844,407.56011962890625,399.2184143066406,402.587646484375,24069894.0,9564876800.0,991,2.483341693878174
2026-06-30,395.5,397.0,389.8999938964844,392.25,24824891.0,9737563494.75,399.7969055175781,404.1660461425781,396.1524353027344,400.30450439453125,19931812.0,7898739200.0,992,2.570981979370117
2026-07-01,397.3500061035156,401.3999938964844,393.25,400.45001220703125,21723944.0,8699353639.984863,390.7986145019531,397.3684997558594,387.25836181640625,396.0768737792969,13905070.0,5482108416.0,993,2.570981979370117
2026-07-02,400.45001220703125,405.0,397.29998779296875,399.29998779296875,12980945.0,5183291180.041199,395.8249206542969,399.62103271484375,390.03729248046875,395.48504638671875,16613033.0,6605921792.0,994,2.570981979370117
2026-07-03,400.0,401.45001220703125,394.54998779296875,396.75,14747410.0,5851034917.5,400.0854797363281,402.7804870605469,397.077880859375,401.33209228515625,7705002.0,3324395776.0,995,2.570981979370117
2026-07-06,389.75,389.75,380.70001220703125,381.29998779296875,34164881.0,13027068708.24823,409.05389404296875,409.21514892578125,396.1478576660156,399.7782287597656,10088491.0,4200757504.0,996,2.570981979370117
2026-07-07,381.5,382.8999938964844,378.6499938964844,381.70001220703125,23216875.0,8861881470.909119,371.6523132324219,392.03509521484375,372.0484313964844,389.3905334472656,26951776.0,10402948096.0,997,2.570981979370117
2026-07-08,378.5,381.75,369.1000061035156,370.1000061035156,22517529.0,8333737620.33609,378.34857177734375,383.3150634765625,371.9042053222656,380.1399841308594,21588986.0,8169686528.0,998,2.570981979370117
2026-07-09,371.5,377.95001220703125,368.3999938964844,377.1499938964844,30720415.0,11586204329.747467,372.0003967285156,381.2562561035156,370.1690368652344,374.0253601074219,16264983.0,6172789760.0,999,2.570981979370117
2026-07-10,377.45001220703125,381.1499938964844,376.8999938964844,377.6000061035156,15468937.0,5841070705.614899,374.00189208984375,378.3947448730469,369.7603454589844,374.4290466308594,29506256.0,11104755712.0,1000,2.6222925186157227
2026-07-13,375.79998779296875,385.1499938964844,375.1000061035156,384.6499938964844,14167721.0,5449613796.1770935,376.25927734375,378.2882080078125,365.31988525390625,367.61553955078125,16711330.0,6363968000.0,1001,2.6222925186157227
2026-07-14,383.5,383.5,376.1000061035156,378.6499938964844,16237528.0,6148339878.093994,381.6944274902344,385.8807067871094,379.3431396484375,383.0199279785156,14707426.0,5714422784.0,1002,2.6222925186157227
2026-07-15,379.3500061035156,382.79998779296875,376.25,378.3999938964844,8082156.0,3058287781.0704346,378.93218994140625,382.1165771484375,376.15478515625,379.0295104980469,19432846.0,7275277312.0,1003,2.6222925186157227
2026-07-16,377.5,381.25,376.54998779296875,377.1499938964844,10889356.0,4106920548.9366455,376.7437744140625,380.2749328613281,374.31884765625,377.3293151855469,11017550.0,4255181312.0,1004,2.6222925186157227
2026-07-17,377.5,391.79998779296875,375.70001220703125,389.95001220703125,17847316.0,6959561092.062744,377.5471496582031,381.9544982910156,376.0958251953125,380.0530700683594,6805332.0,2756911616.0,1005,2.6222925186157227
2026-07-20,382.0,383.75,376.1000061035156,382.04998779296875,32539419.0,12431684631.740295,390.492919921875,393.32244873046875,384.42254638671875,387.67431640625,20902828.0,8171912704.0,1006,2.6222925186157227
2026-07-21,383.0,386.95001220703125,381.04998779296875,385.95001220703125,17152911.0,6620166209.836121,377.134521484375,380.3876953125,370.0765380859375,374.1443176269531,29983116.0,11245602816.0,1007,2.6222925186157227
2026-07-22,384.29998779296875,390.0,378.1499938964844,381.1499938964844,11688952.0,4455243983.456299,376.9808044433594,385.144775390625,375.3635559082031,384.92999267578125,18244668.0,6917992960.0,1008,2.6124329566955566
2026-07-23,379.70001220703125,386.1000061035156,378.8500061035156,383.3500061035156,12720546.0,4876421386.740051,375.78961181640625,380.5356750488281,373.76458740234375,377.95318603515625,10024782.0,3861139200.0,1009,2.6124329566955566
2026-07-24,378.6000061035156,386.5,378.6000061035156,384.75,13308317.0,5120374965.75,380.9500427246094,384.3666687011719,378.1495361328125,381.2358093261719,11630248.0,4533496832.0,1010,2.6124329566955566
2026-07-27,386.0,388.75,383.54998779296875,384.6499938964844,16710096.0,6427538324.409668,384.1907043457031,389.5545654296875,379.932861328125,383.00177001953125,12058980.0,4676483584.0,1011,2.6124329566955566
2026-07-28,383.04998779296875,387.29998779296875,383.04998779296875,385.29998779296875,14247981.0,5489746905.374451,383.8873596191406,390.7615051269531,377.0348205566406,388.8875427246094,18472976.0,7184347648.0,1012,2.6124329566955566
2026-07-29,387.0,392.25,385.1499938964844,390.20001220703125,9190194.0,3586013810.9849854,385.6253356933594,390.89447021484375,384.5295715332031,389.1156311035156,12897352.0,5057224192.0,1013,2.6124329566955566
2026-07-30,385.70001220703125,390.20001220703125,385.70001220703125,389.3999938964844,12205963.0,4753001917.700714,389.2431945800781,395.8890686035156,385.9998779296875,389.9837646484375,21534902.0,8420712960.0,1014,2.6124329566955566
2026-07-31,390.20001220703125,391.8500061035156,388.0,390.29998779296875,7014637.0,2737812735.472107,387.30572509765625,390.9465026855469,385.5019836425781,389.6394958496094,8025663.0,3318323200.0,1015,2.6124329566955566
2026-08-03,392.0,397.5,391.04998779296875,397.5,11247062.0,4470707145.0,383.4579162597656,397.65826416015625,374.33050537109375,389.1317138671875,20027674.0,7740613632.0,1016,2.682370662689209
2026-08-04,395.5,398.25,392.1000061035156,398.0,9131231.0,3634229938.0,394.1294250488281,396.0058898925781,386.8176574707031,389.4476623535156,19081880.0,7435170816.0,1017,2.682370662689209
2026-08-05,397.0,400.0,393.8500061035156,400.0,11842327.0,4736930800.0,403.5308532714844,408.3773498535156,401.27117919921875,405.666015625,12358856.0,5011901440.0,1018,2.682370662689209
2026-08-06,397.25,398.79998779296875,393.75,394.0,10378024.0,4088941456.0,397.86712646484375,402.27349853515625,395.8834228515625,399.7809753417969,14280832.0,5614839296.0,1019,2.682370662689209
2026-08-07,393.0,394.8500061035156,387.75,390.75,7315232.0,2858426904.0,394.5997009277344,399.373046875,393.1625061035156,397.5763854980469,11912020.0,4713289728.0,1020,2.682370662689209
2026-08-10,388.0,393.5,386.5,393.5,11662079.0,4589028086.5,382.9456787109375,395.9593200683594,376.9884948730469,387.3323059082031,14551036.0,5719446016.0,1021,2.682370662689209
2026-08-11,392.1000061035156,392.8999938964844,388.29998779296875,392.8999938964844,7853813.0,3085763079.7641296,389.28924560546875,393.5288391113281,383.78302001953125,387.4871520996094,10294796.0,4079636224.0,1022,2.682370662689209
2026-08-12,391.0,394.25,387.5,390.5,10733474.0,4191421597.0,390.2723083496094,398.1558532714844,388.3498229980469,392.5482482910156,11495532.0,4508976128.0,1023,2.682370662689209
2026-08-13,390.3999938964844,392.3999938964844,388.54998779296875,392.3999938964844,5726518.0,2247085628.248108,387.84466552734375,390.7930908203125,384.654052734375,388.1405029296875,11353002.0,4467682304.0,1024,2.9300074577331543
2026-08-14,393.1000061035156,394.3500061035156,389.8500061035156,391.1499938964844,9519332.0,3723486653.6986084,389.68695068359375,392.8922119140625,388.013427734375,390.8729553222656,6450253.0,2617165568.0,1025,2.9300074577331543
2026-08-17,389.0,396.3500061035156,389.0,392.70001220703125,5105327.0,2004861975.2208862,390.5964660644531,399.6696472167969,387.4260559082031,396.63787841796875,13610532.0,5441530880.0,1026,2.9300074577331543
2026-08-18,391.0,392.8999938964844,387.6499938964844,387.6499938964844,5653147.0,2191442400.045929,388.6051330566406,391.3456726074219,387.6240234375,390.1383361816406,5794639.0,2431617792.0,1027,2.9300074577331543
2026-08-19,387.0,393.1000061035156,386.75,390.25,6704930.0,2616598932.5,386.5242614746094,388.6887512207031,377.7541198730469,382.6429443359375,11857267.0,4703393792.0,1028,2.9300074577331543
2026-08-20,393.6000061035156,399.54998779296875,393.1499938964844,397.3500061035156,9258923.0,3679033110.561981,387.1897277832031,391.656005859375,386.8310852050781,390.70147705078125,5882260.0,2384047872.0,1029,2.9300074577331543
2026-08-21,398.8999938964844,406.0,398.29998779296875,402.79998779296875,15670257.0,6311979328.312683,396.5989990234375,400.1494140625,395.2766418457031,398.36322021484375,11499840.0,4581681664.0,1030,2.9300074577331543
2026-08-24,403.5,405.6000061035156,398.20001220703125,401.45001220703125,14932117.0,5994498551.926819,402.67608642578125,406.22998046875,400.6435241699219,403.0249328613281,20193846.0,8059875840.0,1031,2.9300074577331543
2026-08-25,398.29998779296875,402.04998779296875,398.1499938964844,401.6000061035156,10154716.0,4078134007.579468,400.5826721191406,403.2584533691406,398.46722412109375,400.41717529296875,9625233.0,3805806080.0,1032,2.997004985809326
2026-08-26,402.5,417.45001220703125,401.0,416.70001220703125,20168995.0,8404420462.703552,399.3222351074219,401.35540771484375,398.3790283203125,400.0640563964844,4386729.0,1846040064.0,1033,2.997004985809326
2026-08-27,415.75,427.70001220703125,415.0,424.20001220703125,32914085.0,13962155258.783264,414.1212463378906,418.2059631347656,412.68572998046875,415.77581787109375,14154372.0,5746259456.0,1034,2.997004985809326
2026-08-28,424.6000061035156,426.20001220703125,421.0,423.70001220703125,18952918.0,8030351587.958862,426.8782653808594,430.8008117675781,424.139892578125,428.055908203125,22792884.0,9080901632.0,1035,2.997004985809326
2026-08-31,421.0,425.04998779296875,419.3999938964844,419.3999938964844,18992797.0,7965578945.877167,422.3118591308594,429.3690185546875,422.2154235839844,428.5545959472656,21891916.0,8607566848.0,1036,2.997004985809326
2026-09-01,420.79998779296875,429.1000061035156,420.75,425.0,7669677.0,3259612725.0,421.36773681640625,427.832275390625,421.58258056640625,427.145263671875,15757019.0,6299237376.0,1037,2.997004985809326
2026-09-02,421.8999938964844,425.75,418.95001220703125,423.5,10022695.0,4244611332.5,423.3385314941406,429.50970458984375,423.38446044921875,428.52435302734375,14512472.0,5842741248.0,1038,2.997004985809326
2026-09-03,425.0,426.8999938964844,421.1499938964844,421.1499938964844,5991118.0,2523159309.1331177,422.8725280761719,426.4688720703125,421.6226806640625,424.46844482421875,10024812.0,4080744448.0,1039,2.997004985809326
2026-09-04,421.6499938964844,425.95001220703125,421.6499938964844,424.5,9408240.0,3993797880.0,421.53594970703125,427.92572021484375,421.1273193359375,426.76953125,10100991.0,4167128832.0,1040,2.834268569946289
