date,actual_open,actual_high,actual_low,actual_close,actual_volume,actual_amount,pred_open,pred_high,pred_low,pred_close,pred_volume,pred_amount,window_index,training_loss
2022-06-24,210.5,213.0,207.875,209.375,15362102.0,3216440106.25,211.95037841796875,219.52548217773438,197.53648376464844,209.07518005371094,26406084.0,6556325888.0,0,2.4179325103759766
2022-06-27,213.5,215.375,212.0,212.4499969482422,12447870.0,2644549943.5121155,211.43399047851562,215.94207763671875,209.3729248046875,213.24404907226562,11423942.0,2852591104.0,1,2.4179325103759766
2022-06-28,211.0,214.5500030517578,207.85000610351562,213.625,12091828.0,2583116756.5,214.45167541503906,217.4970703125,212.25010681152344,214.93212890625,10887117.0,2705024000.0,2,2.4179325103759766
2022-06-29,210.0,212.39999389648438,208.6999969482422,210.375,16684176.0,3509933526.0,211.91189575195312,213.41799926757812,209.54653930664062,210.92984008789062,9259432.0,2269011968.0,3,2.4179325103759766
2022-06-30,210.9499969482422,211.5,207.5,208.02499389648438,12123284.0,2521946080.1053467,210.0872802734375,210.21728515625,207.41476440429688,207.87451171875,8020534.0,1891436544.0,4,2.4179325103759766
2022-07-01,207.5,211.60000610351562,205.6999969482422,211.0,8907248.0,1879429328.0,209.595703125,211.42433166503906,207.31040954589844,208.60719299316406,11617342.0,2816897792.0,5,2.4179325103759766
2022-07-04,210.47500610351562,210.875,208.0,210.14999389648438,6372716.0,1339226228.5040283,208.25819396972656,210.6583251953125,204.6186981201172,206.5839080810547,19384392.0,4723394048.0,6,2.4179325103759766
2022-07-05,210.5500030517578,211.52499389648438,206.52499389648438,206.8000030517578,11513210.0,2380931863.1355286,210.8330535888672,212.62588500976562,205.83421325683594,207.39620971679688,18998164.0,4587779072.0,7,2.4179325103759766
2022-07-06,209.3000030517578,209.3000030517578,206.5500030517578,208.02499389648438,10522910.0,2189028288.5232544,208.77027893066406,209.5996856689453,197.97451782226562,200.8571319580078,19876934.0,4767538176.0,8,2.5175557136535645
2022-07-07,210.0,211.97500610351562,208.60000610351562,210.39999389648438,10706024.0,2252547384.255615,208.29464721679688,209.71884155273438,206.3861541748047,207.76925659179688,8984952.0,2259083520.0,9,2.5175557136535645
2022-07-08,212.0,212.35000610351562,208.27499389648438,209.5500030517578,9535432.0,1998149804.699829,211.3836669921875,215.52706909179688,209.47755432128906,209.9058380126953,16345513.0,3871838464.0,10,2.5175557136535645
2022-07-11,207.375,207.5,202.77499389648438,205.60000610351562,16689574.0,3431376516.2650757,209.4429931640625,211.96771240234375,208.1171875,210.0416259765625,11997843.0,2875718144.0,11,2.5175557136535645
2022-07-12,204.5,207.4250030517578,204.0,204.5749969482422,9777472.0,2000226304.5615234,202.1309814453125,203.21612548828125,199.5822296142578,201.01760864257812,10261481.0,2483645440.0,12,2.5175557136535645
2022-07-13,206.0,206.0,202.6750030517578,203.35000610351562,11956780.0,2431411285.9783936,206.95994567871094,206.13571166992188,201.5148162841797,200.50343322753906,11066416.0,2639298048.0,13,2.5175557136535645
2022-07-14,205.3000030517578,205.3000030517578,200.25,200.72500610351562,13161242.0,2641790380.779846,203.8507080078125,203.88511657714844,200.5941162109375,201.0589599609375,9767484.0,2366957312.0,14,2.5175557136535645
2022-07-15,200.47500610351562,202.0500030517578,195.5,196.9250030517578,22328354.0,4397011179.590729,202.16641235351562,203.97540283203125,200.4929656982422,201.93548583984375,10938263.0,2600051712.0,15,2.5175557136535645
2022-07-18,199.5,202.85000610351562,198.3249969482422,202.375,13632394.0,2758855735.75,200.09771728515625,200.4050750732422,196.454833984375,197.09539794921875,10540740.0,2501332480.0,16,2.661438465118408
2022-07-19,201.5,203.89999389648438,200.60000610351562,202.8249969482422,12897178.0,2615870088.4909363,203.19412231445312,205.38844299316406,201.40725708007812,203.42739868164062,10828032.0,2588882176.0,17,2.661438465118408
2022-07-20,205.39999389648438,208.75,203.5500030517578,206.0500030517578,25237412.0,5200168819.618469,203.8657684326172,204.7259521484375,199.93179321289062,199.70416259765625,13726088.0,3190116864.0,18,2.661438465118408
2022-07-21,204.4250030517578,208.75,201.3000030517578,207.0,45382342.0,9394144794.0,202.3495330810547,206.63507080078125,185.4048309326172,196.21878051757812,23452966.0,5398565888.0,19,2.661438465118408
2022-07-22,207.875,208.6999969482422,204.52499389648438,205.4250030517578,15468542.0,3177625287.556244,200.94671630859375,196.90200805664062,200.06790161132812,194.55294799804688,10528844.0,2430922752.0,20,2.661438465118408
2022-07-25,205.25,207.8249969482422,204.27499389648438,207.39999389648438,12535662.0,2599896222.288391,209.5814666748047,213.49606323242188,203.1974639892578,206.2044677734375,12153462.0,2899207936.0,21,2.661438465118408
2022-07-26,207.39999389648438,207.6999969482422,202.14999389648438,202.60000610351562,15186298.0,3076744067.489807,204.61416625976562,206.01170349121094,201.20596313476562,201.11793518066406,8975486.0,2272001280.0,22,2.661438465118408
2022-07-27,202.47500610351562,203.6999969482422,200.97500610351562,203.3249969482422,14084158.0,2863661382.368561,202.49790954589844,205.06964111328125,192.004150390625,198.13861083984375,21493832.0,4810033664.0,23,2.661438465118408
2022-07-28,205.89999389648438,208.5,205.4499969482422,208.0,15898464.0,3306880512.0,203.79803466796875,204.11749267578125,200.23724365234375,200.6912078857422,12932658.0,3016465920.0,24,2.6476855278015137
2022-07-29,210.3000030517578,212.14999389648438,208.89999389648438,211.85000610351562,15919784.0,3372606337.5666504,208.49278259277344,211.49057006835938,206.42706298828125,209.4808349609375,11506368.0,2704036352.0,25,2.6476855278015137
2022-08-01,213.10000610351562,215.4499969482422,211.3000030517578,214.5,10365748.0,2223452946.0,219.38978576660156,210.20657348632812,220.73651123046875,206.69644165039062,13858965.0,3123846144.0,26,2.6476855278015137
2022-08-02,214.47500610351562,215.8249969482422,212.3249969482422,214.8000030517578,16912426.0,3632789156.412628,213.64932250976562,218.1439666748047,202.6823272705078,216.75094604492188,17354146.0,4059589120.0,27,2.6476855278015137
2022-08-03,214.5,216.5,213.75,216.1750030517578,12034938.0,2601652758.877716,215.12213134765625,219.2908477783203,211.055908203125,210.6927490234375,13884791.0,3269765632.0,28,2.6476855278015137
2022-08-04,218.52499389648438,220.14999389648438,213.5500030517578,217.75,17789134.0,3873583928.5,216.4642333984375,219.53982543945312,201.98361206054688,218.2265167236328,12853191.0,3039974144.0,29,2.6476855278015137
2022-08-05,218.0749969482422,221.0,218.0749969482422,220.0,12967586.0,2852868920.0,217.84951782226562,230.08370971679688,218.6755828857422,226.95834350585938,13850584.0,3377680384.0,30,2.6476855278015137
2022-08-08,221.39999389648438,221.39999389648438,217.60000610351562,217.9250030517578,9557496.0,2082817344.967163,219.965576171875,220.1017608642578,216.48187255859375,217.0191650390625,9847849.0,2394262016.0,31,2.6476855278015137
2022-08-10,217.5,218.0,213.14999389648438,215.0749969482422,11329742.0,2436744226.0743713,215.24517822265625,216.90548706054688,213.11279296875,215.19732666015625,10631168.0,2513612288.0,32,2.6157188415527344
2022-08-11,219.0,221.0,218.14999389648438,219.22500610351562,9154644.0,2006926886.7755127,215.65655517578125,216.82810974121094,214.20077514648438,215.2435760498047,10703943.0,2552031232.0,33,2.6157188415527344
2022-08-12,218.5500030517578,219.25,217.5,218.0500030517578,7092398.0,1546497405.544281,218.26393127441406,218.48892211914062,214.35118103027344,214.53880310058594,14785154.0,3454395904.0,34,2.6157188415527344
2022-08-16,219.25,219.89999389648438,218.3000030517578,218.5500030517578,4774208.0,1043403172.9697266,215.55625915527344,216.54830932617188,214.12130737304688,215.05349731445312,9860432.0,2356713216.0,35,2.6157188415527344
2022-08-17,218.625,222.4499969482422,218.3249969482422,221.52499389648438,10401476.0,2304186907.4144287,222.62120056152344,224.7919921875,216.56097412109375,217.05813598632812,9765770.0,2329348864.0,36,2.6157188415527344
2022-08-18,220.875,220.875,217.02499389648438,217.52499389648438,16888260.0,3673618653.422241,219.79452514648438,222.43800354003906,218.1358642578125,221.78009033203125,8918326.0,2125217920.0,37,2.6157188415527344
2022-08-19,219.47500610351562,221.25,215.5,216.22500610351562,17253908.0,3730726362.609497,216.12106323242188,218.8125,214.22679138183594,216.92013549804688,15221782.0,3549503232.0,38,2.6157188415527344
2022-08-22,215.4499969482422,215.4499969482422,209.52499389648438,210.0,12900580.0,2709121800.0,217.0056610107422,220.6171112060547,215.72889709472656,220.3203125,9743696.0,2309222400.0,39,2.6157188415527344
2022-08-23,207.5,209.25,205.0,208.3249969482422,17028776.0,3547519708.2323,209.647705078125,209.89990234375,205.18087768554688,205.70779418945312,11955172.0,2766080000.0,40,2.6322455406188965
2022-08-24,208.89999389648438,209.75,207.1750030517578,208.0749969482422,7429170.0,1545824525.0779724,208.24131774902344,210.11856079101562,205.55235290527344,206.916015625,10985582.0,2562305024.0,41,2.6322455406188965
2022-08-25,209.64999389648438,210.0500030517578,207.47500610351562,207.60000610351562,8753902.0,1817310108.6295776,208.5980224609375,208.65798950195312,202.8419952392578,204.07183837890625,14636830.0,3341123584.0,42,2.6322455406188965
2022-08-26,209.25,211.25,208.14999389648438,208.625,7904194.0,1649012473.25,209.65029907226562,211.6099090576172,208.14329528808594,209.7775421142578,10844706.0,2521298944.0,43,2.6322455406188965
2022-08-29,202.5,203.1750030517578,199.5,202.1750030517578,23519514.0,4755057814.725861,208.76893615722656,210.1780548095703,204.52700805664062,207.95327758789062,15104669.0,3425655808.0,44,2.6322455406188965
2022-08-30,204.5749969482422,207.97500610351562,203.125,206.77499389648438,19750992.0,4084011250.2495117,199.93002319335938,201.5762176513672,193.87034606933594,196.07162475585938,18317832.0,4025577216.0,45,2.6322455406188965
2022-09-01,204.9499969482422,205.8249969482422,202.4250030517578,205.22500610351562,11778706.0,2417285010.741516,203.77064514160156,205.87286376953125,200.72543334960938,203.67088317871094,12110684.0,2734746112.0,46,2.6322455406188965
2022-09-02,206.27499389648438,206.375,203.5500030517578,203.85000610351562,9815080.0,2000804117.9064941,207.41221618652344,208.10198974609375,200.88685607910156,200.89892578125,10743716.0,2454549760.0,47,2.6322455406188965
2022-09-05,203.5,204.0,202.0,202.75,18018508.0,3653252497.0,204.439208984375,205.2057342529297,200.73036193847656,200.80638122558594,9914657.0,2314547712.0,48,2.6406822204589844
2022-09-06,203.5,203.6750030517578,200.625,202.22500610351562,18226162.0,3685785721.6936646,203.02940368652344,208.48228454589844,200.16329956054688,200.57626342773438,13143000.0,2945356800.0,49,2.6406822204589844
2022-09-07,201.0500030517578,204.4250030517578,200.5,203.72500610351562,12248532.0,2495332256.4591064,201.80044555664062,203.19898986816406,200.0411834716797,201.51084899902344,9242355.0,2141455360.0,50,2.6406822204589844
2022-09-08,205.0,207.1750030517578,204.8000030517578,206.39999389648438,14064948.0,2903005181.35437,201.13589477539062,202.21987915039062,196.52615356445312,200.58164978027344,17097410.0,3747798016.0,51,2.6406822204589844
2022-09-09,208.5,209.72500610351562,205.6750030517578,208.5749969482422,14671342.0,3060075112.8766174,205.59873962402344,205.01776123046875,198.7708740234375,199.90969848632812,15063036.0,3315105792.0,52,2.6406822204589844
2022-09-12,209.9250030517578,212.1999969482422,209.02499389648438,211.0,11678424.0,2464147464.0,208.08999633789062,217.1508331298828,206.2541046142578,207.1656951904297,15002338.0,3348300288.0,53,2.6406822204589844
2022-09-13,212.4499969482422,213.0,210.75,211.3249969482422,9408334.0,1988216153.8380432,212.58912658691406,213.30661010742188,209.842041015625,210.64434814453125,13371467.0,2986372608.0,54,2.6406822204589844
2022-09-14,204.5,211.35000610351562,204.5,208.14999389648438,17583964.0,3660101999.276001,211.9514617919922,212.0386962890625,208.698974609375,208.98048400878906,8507340.0,1961579648.0,55,2.6406822204589844
2022-09-15,209.85000610351562,210.4499969482422,206.625,207.52499389648438,10640314.0,2208131097.9066772,206.63449096679688,208.1809844970703,205.05783081054688,206.46212768554688,10547297.0,2361732096.0,56,2.755373954772949
2022-09-16,206.375,206.375,200.10000610351562,200.8249969482422,20192486.0,4055155939.327423,206.9709930419922,209.18804931640625,205.60693359375,207.49862670898438,14750143.0,3246590720.0,57,2.755373954772949
2022-09-19,202.5,203.10000610351562,198.5,200.97500610351562,13584188.0,2730082266.2113037,200.03135681152344,203.1049041748047,198.81475830078125,201.894775390625,10956184.0,2373812480.0,58,2.755373954772949
2022-09-20,203.0,204.6999969482422,202.22500610351562,202.4499969482422,8989822.0,1819989436.4652405,204.38949584960938,200.43202209472656,203.4230194091797,197.84005737304688,14779678.0,3120663040.0,59,2.755373954772949
2022-09-21,202.9499969482422,202.9499969482422,199.75,200.375,19290112.0,3865256192.0,201.4602508544922,201.645263671875,197.7909393310547,198.09324645996094,13141398.0,2828521216.0,60,2.755373954772949
2022-09-22,199.0,200.1750030517578,197.5,198.97500610351562,16500324.0,3283152068.6099854,199.3293914794922,201.00897216796875,197.06024169921875,197.98855590820312,11046448.0,2413279488.0,61,2.755373954772949
2022-09-23,199.0500030517578,199.6999969482422,196.8249969482422,197.1750030517578,13966710.0,2753886086.8730164,196.31651306152344,196.49139404296875,192.7178497314453,193.3096923828125,14494060.0,3037243392.0,62,2.755373954772949
2022-09-26,196.0,199.60000610351562,192.3000030517578,197.39999389648438,18994144.0,3749443909.6689453,196.06907653808594,196.32679748535156,190.87405395507812,191.25306701660156,13721945.0,2883337216.0,63,2.755373954772949
2022-09-27,198.39999389648438,200.6999969482422,196.0,199.1999969482422,12454694.0,2480975006.7912903,194.3466033935547,200.58197021484375,184.01602172851562,199.1724853515625,19832108.0,4148394496.0,64,2.889744758605957
2022-09-28,198.0,200.25,197.6750030517578,199.02499389648438,8921590.0,1775619395.296936,198.62429809570312,199.67955017089844,194.64678955078125,195.45748901367188,21488748.0,4418834944.0,65,2.889744758605957
2022-09-29,200.5,200.9499969482422,195.77499389648438,196.39999389648438,11883068.0,2333834482.671509,199.5615997314453,201.5284881591797,198.3033447265625,199.9413299560547,14916110.0,3128595968.0,66,2.889744758605957
2022-09-30,196.22500610351562,198.35000610351562,193.75,197.125,13570530.0,2675090726.25,200.01039123535156,197.92263793945312,197.07974243164062,193.79324340820312,13673152.0,2704545536.0,67,2.889744758605957
2022-10-03,196.9499969482422,199.0,195.3000030517578,197.25,8140834.0,1605779506.5,199.55799865722656,202.53097534179688,196.06085205078125,199.27838134765625,13023688.0,2687098368.0,68,2.889744758605957
2022-10-04,199.97500610351562,203.0,199.5,202.75,12591696.0,2552966364.0,197.583251953125,198.46510314941406,193.32586669921875,194.54364013671875,17021652.0,3496012800.0,69,2.889744758605957
2022-10-06,204.6750030517578,206.5,203.72500610351562,205.0749969482422,11203878.0,2297635246.658478,200.47158813476562,206.93679809570312,198.13604736328125,200.2075958251953,15248498.0,3229768704.0,70,2.889744758605957
2022-10-07,204.89999389648438,205.875,203.125,204.0500030517578,7580186.0,1546736976.4328918,205.56895446777344,207.73085021972656,204.73187255859375,206.9210662841797,10403201.0,2234509312.0,71,2.889744758605957
2022-10-10,200.14999389648438,206.75,199.875,205.64999389648438,18714926.0,3848724417.6731567,201.2321014404297,204.9938201904297,198.62545776367188,200.1798095703125,13986718.0,2952698624.0,72,2.9661567211151123
2022-10-11,207.4499969482422,208.9499969482422,201.14999389648438,202.1999969482422,22723292.0,4594649573.054016,203.37841796875,205.53793334960938,202.181884765625,204.3887481689453,10347914.0,2212424192.0,73,2.9661567211151123
2022-10-12,202.125,204.8000030517578,200.8000030517578,203.97500610351562,12610118.0,2572148896.0160522,202.21556091308594,208.69842529296875,196.98226928710938,207.1100616455078,13738352.0,2881927424.0,74,2.9661567211151123
2022-10-13,193.5,196.1750030517578,189.0500030517578,189.5500030517578,84896212.0,16092077243.682678,201.43238830566406,202.9168701171875,198.67701721191406,201.31103515625,16150676.0,3391687680.0,75,2.9661567211151123
2022-10-14,193.5,193.75,188.125,188.64999389648438,27864794.0,5256693218.026794,192.4976043701172,195.84353637695312,192.33421325683594,195.04188537597656,8268028.5,1774168960.0,76,2.9661567211151123
2022-10-17,188.64999389648438,189.47500610351562,186.1999969482422,187.5500030517578,16909538.0,3171383903.5038147,188.93312072753906,190.84625244140625,186.8934783935547,188.65591430664062,20713714.0,4112576000.0,77,2.9661567211151123
2022-10-18,191.85000610351562,192.125,189.1999969482422,189.64999389648438,22328480.0,4234596095.7177734,188.12547302246094,187.0949249267578,188.44906616210938,185.70272827148438,15783667.0,3125047808.0,78,2.9661567211151123
2022-10-19,190.60000610351562,190.60000610351562,188.52499389648438,189.02499389648438,10198278.0,1927729436.7046509,191.0363006591797,192.1975555419922,189.15267944335938,190.13507080078125,18776780.0,3766039040.0,79,2.9661567211151123
2022-10-20,188.5,191.3000030517578,188.0,190.75,11868814.0,2263976270.5,188.51329040527344,188.50274658203125,184.98281860351562,185.0765838623047,10015060.0,2098378496.0,80,2.972689628601074
2022-10-21,191.25,191.64999389648438,190.10000610351562,191.27499389648438,8931540.0,1708380258.986206,191.50772094726562,192.9759521484375,190.48831176757812,191.65489196777344,9402318.0,2013355776.0,81,2.972689628601074
2022-10-24,193.1999969482422,193.1999969482422,192.0,192.35000610351562,3472470.0,667929625.6942749,191.44825744628906,191.87246704101562,188.6971435546875,189.19891357421875,14417189.0,2911146240.0,82,2.972689628601074
2022-10-25,193.22500610351562,193.22500610351562,191.8249969482422,192.3249969482422,5783256.0,1112264692.5509033,191.923828125,194.3105010986328,190.3936004638672,192.7049560546875,24055052.0,4717800448.0,83,2.972689628601074
2022-10-27,193.0,193.47500610351562,190.5500030517578,191.3249969482422,11723118.0,2242925515.573883,193.14028930664062,194.53814697265625,191.19126892089844,192.30477905273438,7023528.0,1607193216.0,84,2.972689628601074
2022-10-28,191.39999389648438,192.9250030517578,191.0,191.625,7609676.0,1458204163.5,191.37966918945312,191.23585510253906,187.24777221679688,187.5659637451172,16466995.0,3204233728.0,85,2.972689628601074
2022-10-31,193.27499389648438,194.1999969482422,192.375,193.27499389648438,6638382.0,1283033240.5325317,192.69839477539062,194.90931701660156,191.7034149169922,192.6433563232422,11938846.0,2436476928.0,86,2.972689628601074
2022-11-01,194.0,196.5,193.3000030517578,196.1999969482422,11540196.0,2264186419.9821167,194.6871337890625,196.41671752929688,193.83583068847656,195.36846923828125,9652952.0,2032577024.0,87,2.972689628601074
2022-11-02,196.4250030517578,197.4250030517578,195.3249969482422,196.97500610351562,6716614.0,1323005083.6449585,195.56448364257812,195.96405029296875,192.37918090820312,193.0239715576172,7825280.5,1732847360.0,88,2.978074073791504
2022-11-03,194.875,196.875,192.77499389648438,194.25,10312476.0,2003198463.0,197.92510986328125,196.17977905273438,194.718017578125,192.2765655517578,11538045.0,2309445632.0,89,2.978074073791504
2022-11-04,194.25,196.1999969482422,192.8249969482422,195.27499389648438,9023630.0,1762089293.1741333,195.3500213623047,197.51161193847656,194.66322326660156,196.8665771484375,6951936.0,1544322176.0,90,2.978074073791504
2022-11-07,196.5,197.4250030517578,193.8000030517578,195.75,8252598.0,1615446058.5,200.06515502929688,198.68862915039062,195.42227172851562,196.72251892089844,13041845.0,2579359488.0,91,2.978074073791504
2022-11-09,197.02499389648438,197.1999969482422,194.5749969482422,195.47500610351562,6862546.0,1341456221.2356567,197.6631317138672,199.60008239746094,197.3116455078125,198.65174865722656,10649938.0,2211664896.0,92,2.978074073791504
2022-11-10,194.39999389648438,195.5500030517578,193.5,194.4499969482422,5494908.0,1068484843.8308716,193.7178497314453,198.93679809570312,192.22360229492188,198.21688842773438,13270469.0,2665703680.0,93,2.978074073791504
2022-11-11,199.25,202.9250030517578,198.625,199.85000610351562,28417046.0,5679146816.543884,194.6745147705078,195.57301330566406,192.80516052246094,193.5580596923828,11699866.0,2389066496.0,94,2.978074073791504
2022-11-14,201.3249969482422,201.3249969482422,197.77499389648438,198.27499389648438,17623428.0,3494285079.135132,199.58328247070312,206.7150115966797,197.531005859375,200.8021697998047,12419839.0,2581849600.0,95,2.978074073791504
2022-11-15,199.02499389648438,199.77499389648438,197.0,198.5749969482422,12462712.0,2474782997.3668213,199.3572998046875,201.35208129882812,198.22816467285156,200.19369506835938,11692572.0,2413875456.0,96,3.0468928813934326
2022-11-16,199.5,200.85000610351562,198.10000610351562,199.125,11039528.0,2198246013.0,199.0002899169922,199.21022033691406,196.80360412597656,197.27276611328125,7161212.0,1540240256.0,97,3.0468928813934326
2022-11-17,198.9499969482422,199.0,197.5,198.375,6057616.0,1201679574.0,201.19895935058594,201.1359100341797,196.97930908203125,196.6509552001953,9012378.0,1875553408.0,98,3.0468928813934326
2022-11-18,198.9250030517578,199.4499969482422,196.39999389648438,196.9250030517578,9546202.0,1879885857.9826965,198.27508544921875,198.6053466796875,194.60479736328125,195.1031494140625,9768559.0,2046930176.0,99,3.0468928813934326
2022-11-21,196.9250030517578,197.22500610351562,193.8000030517578,194.3249969482422,7904612.0,1536063702.7770386,197.88143920898438,198.40884399414062,196.48898315429688,197.0375518798828,6686696.0,1417356672.0,100,3.0468928813934326
2022-11-22,194.5,194.6999969482422,192.25,194.39999389648438,8410828.0,1635064911.86438,195.90194702148438,197.19985961914062,194.86590576171875,196.08218383789062,6352123.5,1354162944.0,101,3.0468928813934326
2022-11-23,195.375,195.97500610351562,194.0,194.375,6717760.0,1305764600.0,194.95120239257812,196.34268188476562,193.93235778808594,195.3027801513672,6064029.5,1296191744.0,102,3.0468928813934326
2022-11-24,194.9499969482422,199.875,194.5749969482422,199.125,13370266.0,2662354217.25,195.41490173339844,195.8663330078125,193.33824157714844,193.8290557861328,10979547.0,2193025536.0,103,3.0468928813934326
2022-11-25,199.5,202.1999969482422,197.9499969482422,201.39999389648438,13648550.0,2748817886.695862,201.1103057861328,200.93902587890625,199.67588806152344,199.47604370117188,8517528.0,1822407168.0,104,3.1958131790161133
2022-11-28,201.39999389648438,204.72500610351562,201.0,202.8249969482422,13679200.0,2774483698.2543945,201.6556854248047,201.93324279785156,199.55776977539062,200.09051513671875,6671249.0,1450718336.0,105,3.1958131790161133
2022-11-29,201.5,204.4499969482422,201.4499969482422,202.5749969482422,9102602.0,1843959572.3710632,203.3636474609375,203.9528350830078,201.29420471191406,202.42665100097656,9350563.0,1971911552.0,106,3.1958131790161133
2022-11-30,203.4499969482422,204.0,201.3249969482422,203.4499969482422,13892346.0,2826397751.3039246,202.3647918701172,203.19158935546875,200.88580322265625,202.08518981933594,9112466.0,1912265216.0,107,3.1958131790161133
2022-12-01,206.4250030517578,208.1750030517578,205.8249969482422,206.85000610351562,15852984.0,3279189837.1589355,203.72169494628906,203.58816528320312,196.37777709960938,199.23341369628906,13485448.0,2704956672.0,108,3.1958131790161133
2022-12-02,206.89999389648438,206.9499969482422,204.52499389648438,206.1999969482422,11726622.0,2418029420.6131897,206.7315673828125,206.967529296875,204.4115447998047,205.07223510742188,9720506.0,2062050048.0,109,3.1958131790161133
2022-12-05,206.625,207.47500610351562,205.3249969482422,206.1750030517578,9947062.0,2050835538.2060242,207.14112854003906,209.6735076904297,206.13992309570312,208.46456909179688,12723462.0,2633258240.0,110,3.1958131790161133
2022-12-06,205.25,206.3000030517578,203.89999389648438,205.6750030517578,8832518.0,1816628166.6047058,206.28529357910156,207.56854248046875,205.04481506347656,206.99813842773438,6538587.5,1473435264.0,111,3.1958131790161133
2022-12-07,204.5,204.75,202.64999389648438,203.14999389648438,6568616.0,1334414300.3083496,205.3297119140625,205.70530700683594,203.64682006835938,204.29466247558594,6724690.5,1501062144.0,112,3.310502529144287
2022-12-08,203.625,204.0,201.64999389648438,201.85000610351562,8940712.0,1804682771.7697754,203.60862731933594,205.09669494628906,202.920166015625,204.4254608154297,5625968.5,1242743040.0,113,3.310502529144287
2022-12-09,203.0,203.0,195.625,197.02499389648438,15423336.0,3038782681.2634277,203.37413024902344,204.32223510742188,202.4601593017578,203.51614379882812,9075142.0,1910215808.0,114,3.310502529144287
2022-12-12,196.4499969482422,198.75,194.0,198.1750030517578,10365880.0,2054258300.6341553,196.44747924804688,197.95669555664062,194.24513244628906,196.6755828857422,7296067.0,1603203072.0,115,3.310502529144287
2022-12-13,199.1750030517578,199.6750030517578,198.0,198.875,6813842.0,1355102827.75,199.82510375976562,200.51028442382812,199.08599853515625,199.5792999267578,8610942.0,1816351744.0,116,3.310502529144287
2022-12-14,200.39999389648438,202.25,199.625,200.02499389648438,9995152.0,1999280217.7944336,200.39349365234375,201.40560913085938,197.82247924804688,198.23654174804688,7925540.5,1672219264.0,117,3.310502529144287
2022-12-15,199.875,199.875,197.02499389648438,197.60000610351562,7766926.0,1534744625.0055542,197.8040008544922,204.195068359375,196.37709045410156,199.9493865966797,14002819.0,2852189952.0,118,3.310502529144287
2022-12-16,195.6999969482422,197.39999389648438,194.02499389648438,194.875,18012634.0,3510212050.75,197.10525512695312,198.4072265625,195.95053100585938,197.4519500732422,7557482.0,1573438336.0,119,3.310502529144287
2022-12-19,194.22500610351562,195.25,192.85000610351562,194.52499389648438,8838046.0,1719220844.2068481,193.33221435546875,193.89968872070312,190.24205017089844,191.1958465576172,15979216.0,3085113856.0,120,3.222193956375122
2022-12-20,194.39999389648438,194.9499969482422,191.5,194.47500610351562,8778558.0,1707210120.630066,194.72474670410156,195.69203186035156,193.4862518310547,194.27281188964844,6481134.5,1380887424.0,121,3.222193956375122
2022-12-21,195.4499969482422,196.625,193.9250030517578,194.75,10215214.0,1989412926.5,194.18971252441406,197.727783203125,192.48094177246094,193.80035400390625,14589832.0,2868417792.0,122,3.222193956375122
2022-12-22,195.0500030517578,195.97500610351562,193.0,194.375,9093800.0,1767607375.0,194.2679901123047,200.58905029296875,195.3687286376953,200.4770965576172,14969915.0,2926560256.0,123,3.222193956375122
2022-12-23,192.0,192.9250030517578,188.5,188.8249969482422,12120710.0,2288693028.7605286,193.25607299804688,195.76541137695312,191.790771484375,193.49505615234375,14382524.0,2801153024.0,124,3.222193956375122
2022-12-26,189.0,190.8000030517578,188.14999389648438,190.25,7261148.0,1381433407.0,188.93255615234375,188.9708709716797,185.40859985351562,185.6165008544922,15097354.0,2773100288.0,125,3.222193956375122
2022-12-27,191.25,193.6750030517578,190.125,193.3000030517578,7685840.0,1485672895.4553223,192.52207946777344,191.7803192138672,190.36221313476562,189.9332275390625,6220581.5,1385024384.0,126,3.222193956375122
2022-12-28,192.5,194.77499389648438,191.625,193.89999389648438,7676002.0,1488376740.9494019,193.12423706054688,194.19189453125,192.02108764648438,193.08267211914062,5618305.5,1233939072.0,127,3.222193956375122
2022-12-29,193.125,196.0500030517578,192.39999389648438,195.375,9485398.0,1853209634.25,195.3739013671875,197.04977416992188,193.17825317382812,194.18255615234375,7573805.0,1582314752.0,128,3.0647478103637695
2022-12-30,196.5,198.14999389648438,195.77499389648438,196.375,8256556.0,1621381184.5,195.07664489746094,195.77706909179688,193.62229919433594,194.49742126464844,7250777.5,1511959808.0,129,3.0647478103637695
2023-01-02,196.5,196.9499969482422,195.25,196.52499389648438,5559512.0,1092583061.8674316,195.67825317382812,196.3143310546875,194.0190887451172,194.99400329589844,7164749.0,1477175040.0,130,3.0647478103637695
2023-01-03,196.52499389648438,198.875,195.85000610351562,198.52499389648438,5994422.0,1190042590.9629517,197.0152587890625,198.06680297851562,196.1532440185547,197.3443145751953,5054418.0,1162130944.0,131,3.0647478103637695
2023-01-04,198.75,198.75,194.3000030517578,194.85000610351562,8926522.0,1739332866.1831665,198.89816284179688,199.9927215576172,197.9364776611328,198.9149169921875,6470715.5,1421361152.0,132,3.0647478103637695
2023-01-05,195.0,196.10000610351562,191.875,193.4499969482422,9568980.0,1851119151.7977905,194.58148193359375,196.9436798095703,191.66456604003906,196.423828125,7232120.0,1506048000.0,133,3.0647478103637695
2023-01-06,193.5,194.39999389648438,190.6999969482422,191.0,8484754.0,1620588014.0,192.95924377441406,194.8433380126953,191.98452758789062,193.9925537109375,7235999.5,1478915456.0,134,3.0647478103637695
2023-01-09,193.0,196.5,192.5500030517578,195.89999389648438,7347432.0,1439361883.954834,192.19337463378906,193.11471557617188,190.83155822753906,191.7380828857422,6720574.5,1387662976.0,135,3.0647478103637695
2023-01-10,196.0,196.9499969482422,193.6750030517578,196.52499389648438,7879496.0,1548517903.307373,196.86666870117188,198.93385314941406,194.47210693359375,195.8681182861328,7131927.0,1520200576.0,136,3.1362218856811523
2023-01-11,196.5,198.0,195.75,196.9250030517578,7656600.0,1507775978.3660889,195.35342407226562,199.11402893066406,195.5604705810547,198.22296142578125,9179212.0,1926968704.0,137,3.1362218856811523
2023-01-12,197.875,198.9499969482422,195.25,197.25,9510500.0,1875946125.0,197.84173583984375,198.54855346679688,195.05905151367188,195.40431213378906,7575950.0,1570795008.0,138,3.1362218856811523
2023-01-13,198.0,198.3000030517578,193.25,196.9499969482422,13621860.0,2682825285.4293823,198.4320068359375,199.6810760498047,197.8637237548828,198.9395751953125,8935542.0,1841579776.0,139,3.1362218856811523
2023-01-16,195.0,200.5,194.5,199.3000030517578,23867444.0,4756781662.037659,198.0816650390625,199.18409729003906,196.96063232421875,198.25277709960938,9571306.0,1974350848.0,140,3.1362218856811523
2023-01-17,200.02499389648438,201.02499389648438,196.875,198.1750030517578,14310032.0,2835890635.270752,194.96060180664062,198.15164184570312,190.35671997070312,197.93563842773438,15853283.0,3103983872.0,141,3.1362218856811523
2023-01-18,199.25,201.9250030517578,199.0,201.60000610351562,16080426.0,3241813979.7471313,198.603271484375,199.25108337402344,196.9760284423828,197.89764404296875,8262898.5,1699472256.0,142,3.1362218856811523
2023-01-19,201.0500030517578,202.0,199.375,201.6999969482422,9447456.0,1905551846.3686523,198.61521911621094,204.45413208007812,194.37594604492188,198.181640625,14560438.0,2909122304.0,143,3.1362218856811523
2023-01-20,201.77499389648438,202.6999969482422,200.64999389648438,201.5749969482422,9265614.0,1867716113.77359,201.50924682617188,201.85540771484375,199.77586364746094,200.2648162841797,8955519.0,1857247616.0,144,3.1885952949523926
2023-01-23,202.60000610351562,203.875,201.25,203.5,8815290.0,1793911515.0,202.44346618652344,203.14501953125,201.50381469726562,202.20130920410156,6174255.0,1324541568.0,145,3.1885952949523926
2023-01-24,204.1999969482422,205.10000610351562,202.5749969482422,203.3000030517578,9552640.0,1942051741.1523438,204.09909057617188,204.21583557128906,199.68836975097656,199.89630126953125,8655855.0,1809948672.0,146,3.1885952949523926
2023-01-25,202.5,202.9499969482422,200.0,200.77499389648438,6355554.0,1276036315.5587769,204.42138671875,205.0474090576172,201.08309936523438,201.62680053710938,11020381.0,2258678016.0,147,3.1885952949523926
2023-01-27,200.77499389648438,201.8000030517578,197.10000610351562,199.02499389648438,7410134.0,1474801874.1221313,200.8573760986328,201.29592895507812,199.1135711669922,200.0784149169922,6511821.0,1386580480.0,148,3.1885952949523926
2023-01-30,199.02499389648438,202.39999389648438,197.52499389648438,201.125,7261256.0,1460420113.0,199.28836059570312,199.9644012451172,197.77191162109375,198.76918029785156,7392067.0,1535918336.0,149,3.1885952949523926
2023-01-31,201.14999389648438,201.27499389648438,198.85000610351562,199.4250030517578,9566846.0,1907868292.745697,200.61729431152344,201.32977294921875,198.0650634765625,200.2265167236328,8011092.0,1685063424.0,150,3.1885952949523926
2023-02-01,200.75,201.9499969482422,199.1750030517578,201.1999969482422,7029896.0,1414415053.74646,199.71261596679688,200.3269805908203,198.29971313476562,198.9051971435547,10389295.0,2113277696.0,151,3.1885952949523926
2023-02-02,201.1999969482422,205.0,201.1999969482422,204.72500610351562,10835460.0,2218289614.6343994,200.5858154296875,201.38336181640625,198.98809814453125,200.51145935058594,7195711.5,1521563648.0,152,3.329547882080078
2023-02-03,206.27499389648438,206.5,203.0749969482422,203.9499969482422,8850236.0,1805005605.1912231,204.19947814941406,205.4493408203125,202.19635009765625,203.97738647460938,14739198.0,2969444096.0,153,3.329547882080078
2023-02-06,202.6999969482422,203.10000610351562,200.8000030517578,202.3249969482422,5958022.0,1205456782.9675598,204.2751922607422,204.69491577148438,200.62765502929688,201.9453125,12208933.0,2471325184.0,154,3.329547882080078
2023-02-07,202.75,202.75,199.52499389648438,200.25,6683580.0,1338386895.0,201.4679412841797,203.30987548828125,199.34857177734375,201.33424377441406,6989339.5,1508164608.0,155,3.329547882080078
2023-02-08,200.5,203.8000030517578,200.5,203.375,8300976.0,1688210994.0,198.01234436035156,197.9043426513672,194.8284149169922,194.86402893066406,3224921.0,848258176.0,156,3.329547882080078
2023-02-09,203.375,204.47500610351562,201.77499389648438,204.14999389648438,5277374.0,1077375869.8894653,202.74124145507812,203.29119873046875,201.08111572265625,201.80279541015625,5870767.5,1277790848.0,157,3.329547882080078
2023-02-10,203.5,203.5,201.39999389648438,202.89999389648438,5160140.0,1046992374.5050049,203.51438903808594,204.4082489013672,202.39833068847656,203.44833374023438,5926687.5,1267625600.0,158,3.329547882080078
2023-02-13,202.8249969482422,202.8249969482422,199.60000610351562,200.3000030517578,4825356.0,966518821.5258179,202.6160888671875,203.48573303222656,200.06234741210938,199.9691619873047,6745742.0,1469683328.0,159,3.329547882080078
2023-02-14,201.5,203.22500610351562,200.75,202.5500030517578,4638822.0,939593410.2565613,201.2785186767578,203.08396911621094,200.52940368652344,202.28135681152344,5611668.5,1193920768.0,160,3.448065757751465
2023-02-15,201.35000610351562,203.9250030517578,200.1750030517578,203.6999969482422,5227672.0,1064876770.4464111,200.4141845703125,200.8546600341797,199.67889404296875,200.01272583007812,10531824.0,2092295040.0,161,3.448065757751465
2023-02-16,204.39999389648438,206.625,204.27499389648438,204.9499969482422,11189362.0,2293259707.752777,203.60708618164062,204.92408752441406,201.63035583496094,202.15896606445312,7035299.0,1479184128.0,162,3.448065757751465
2023-02-17,203.4250030517578,204.0,202.0,203.14999389648438,5616244.0,1140939934.321167,205.0366973876953,205.671142578125,203.5121612548828,204.37026977539062,5648539.0,1193936512.0,163,3.448065757751465
2023-02-20,202.64999389648438,203.89999389648438,201.10000610351562,203.52499389648438,6497188.0,1322340148.0443115,202.80715942382812,204.134033203125,201.82606506347656,203.16067504882812,6511782.0,1351887360.0,164,3.448065757751465
2023-02-21,203.6999969482422,204.0,201.0500030517578,201.375,5761172.0,1160156011.5,203.1154022216797,205.37420654296875,200.18145751953125,200.1103057861328,13055915.0,2553297664.0,165,3.448065757751465
2023-02-22,199.75,200.1750030517578,197.22500610351562,197.5749969482422,6883372.0,1359982201.8936157,201.24717712402344,203.36947631835938,200.49884033203125,202.97830200195312,4417614.5,968628608.0,166,3.448065757751465
2023-02-23,197.89999389648438,199.35000610351562,196.6999969482422,196.97500610351562,6078322.0,1197277513.0491333,197.65194702148438,198.33006286621094,194.6368408203125,195.8340606689453,11299015.0,2269580800.0,167,3.448065757751465
2023-02-24,197.97500610351562,198.25,196.27499389648438,196.64999389648438,5106634.0,1004219544.9315796,194.6215362548828,197.8678741455078,194.85202026367188,196.40805053710938,9512171.0,1822972928.0,168,3.414630889892578
2023-02-27,196.375,196.64999389648438,192.72500610351562,195.1750030517578,5554710.0,1084140541.2016296,196.7621307373047,197.11781311035156,194.10536193847656,194.734130859375,5892695.5,1205830912.0,169,3.414630889892578
2023-02-28,195.9250030517578,196.60000610351562,192.85000610351562,193.52499389648438,10061602.0,1947171465.638855,193.6589813232422,196.2430419921875,192.31410217285156,195.0888214111328,6829900.0,1477954560.0,170,3.414630889892578
2023-03-01,194.0500030517578,195.875,193.64999389648438,195.47500610351562,4542612.0,887967108.4259033,194.4591522216797,195.38507080078125,192.63427734375,193.58729553222656,4885817.5,1060193024.0,171,3.414630889892578
2023-03-02,194.35000610351562,195.1750030517578,193.64999389648438,194.02499389648438,4438972.0,861271515.206665,196.01731872558594,197.79319763183594,194.9957733154297,197.00070190429688,6004255.0,1243075072.0,172,3.414630889892578
2023-03-03,195.3000030517578,195.72500610351562,194.5500030517578,195.22500610351562,4393936.0,857806182.418457,194.5889434814453,196.33753967285156,192.15562438964844,195.6782989501953,5280011.0,1098465024.0,173,3.414630889892578
2023-03-06,196.22500610351562,198.3249969482422,196.0500030517578,196.875,6727722.0,1324520268.75,196.70835876464844,197.63800048828125,195.9525146484375,196.85398864746094,4921977.5,1049424768.0,174,3.414630889892578
2023-03-08,195.8249969482422,196.5,194.4250030517578,196.3000030517578,4908842.0,963605699.5805969,198.20169067382812,202.0118865966797,195.1022186279297,198.2977752685547,9401246.0,1801979136.0,175,3.414630889892578
2023-03-09,196.39999389648438,196.9250030517578,194.8000030517578,195.0500030517578,4157054.0,810833395.386322,195.65382385253906,196.9940643310547,193.47952270507812,196.4976043701172,5165201.5,1096665984.0,176,3.3192827701568604
2023-03-10,193.9499969482422,194.9499969482422,193.3000030517578,194.5500030517578,4567396.0,888586905.7385864,194.57200622558594,195.1759490966797,193.6729278564453,194.28659057617188,4171019.0,848948736.0,177,3.3192827701568604
2023-03-13,194.5,196.3000030517578,191.875,192.72500610351562,5982520.0,1152981203.5144043,194.8557891845703,195.9900360107422,193.51394653320312,194.6154327392578,10117481.0,1979631872.0,178,3.3192827701568604
2023-03-14,193.27499389648438,193.5749969482422,188.6750030517578,189.72500610351562,8094852.0,1535795845.1070557,193.01406860351562,196.6446533203125,191.7988739013672,194.11595153808594,8202305.0,1615171456.0,179,3.3192827701568604
2023-03-15,191.85000610351562,191.85000610351562,187.4499969482422,187.875,7687926.0,1444369097.25,191.39703369140625,193.4326171875,190.19068908691406,192.39691162109375,6343363.5,1266182784.0,180,3.3192827701568604
2023-03-16,187.6750030517578,188.35000610351562,185.0,186.4250030517578,7686620.0,1432978156.9577026,189.21331787109375,193.2076873779297,187.47750854492188,191.64349365234375,6732538.0,1415897088.0,181,3.3192827701568604
2023-03-17,188.60000610351562,189.1750030517578,186.9250030517578,188.25,9044282.0,1702586086.5,185.0696258544922,195.64031982421875,183.88265991210938,192.42970275878906,26330072.0,4889897984.0,182,3.3192827701568604
2023-03-20,187.5,187.97500610351562,182.5749969482422,183.5749969482422,8184754.0,1502516190.572113,191.1448974609375,191.49949645996094,188.71255493164062,189.32095336914062,7009769.0,1394001664.0,183,3.3192827701568604
2023-03-21,184.5,185.125,182.72500610351562,183.1999969482422,7211152.0,1321083024.3933105,186.25755310058594,188.19859313964844,184.4464569091797,186.43429565429688,9744490.0,1829153792.0,184,3.0709381103515625
2023-03-22,183.9250030517578,185.0,182.9250030517578,183.1999969482422,5374846.0,984671770.7972717,184.85992431640625,187.21022033691406,184.49375915527344,185.7890625,7767031.0,1461575552.0,185,3.0709381103515625
2023-03-23,182.4499969482422,182.4499969482422,180.1750030517578,180.75,9485192.0,1714448454.0,184.9014129638672,186.07151794433594,182.53701782226562,183.3773651123047,5729711.0,1135876992.0,186,3.0709381103515625
2023-03-24,181.6750030517578,183.4250030517578,180.5,180.875,7906696.0,1430123639.0,182.5328826904297,183.18862915039062,180.00975036621094,180.7143096923828,7679057.0,1494420096.0,187,3.0709381103515625
2023-03-27,180.875,182.0,179.60000610351562,180.625,6227714.0,1124880841.25,182.94630432128906,183.75344848632812,181.55853271484375,182.256591796875,5517673.0,1077083904.0,188,3.0709381103515625
2023-03-28,181.5,182.02499389648438,177.6999969482422,178.10000610351562,7813096.0,1391512445.2873535,182.1382598876953,184.205322265625,180.6830596923828,182.51087951660156,9482950.0,1778434304.0,189,3.0709381103515625
2023-03-29,179.0,180.375,177.5,179.52499389648438,8823840.0,1584099822.1435547,180.90634155273438,182.43133544921875,179.2651824951172,180.2707061767578,11625546.0,2166325248.0,190,3.0709381103515625
2023-03-31,181.6750030517578,182.875,180.64999389648438,182.625,7914212.0,1445332966.5,179.39036560058594,181.09698486328125,177.54884338378906,179.07614135742188,21185720.0,3862565888.0,191,3.0709381103515625
2023-04-03,183.97500610351562,184.1999969482422,182.5749969482422,183.97500610351562,4053500.0,745742687.2406006,184.2980194091797,186.0312957763672,182.92398071289062,184.46214294433594,6382524.0,1254937984.0,192,3.041749954223633
2023-04-05,184.85000610351562,185.9499969482422,183.60000610351562,184.875,6443110.0,1191169961.25,185.69386291503906,187.603515625,184.2938995361328,186.38201904296875,5789735.5,1136503296.0,193,3.041749954223633
2023-04-06,184.5,185.22500610351562,182.9250030517578,183.3249969482422,6429614.0,1178708966.9283752,185.90895080566406,187.06553649902344,184.410400390625,185.48008728027344,6772671.0,1281717248.0,194,3.041749954223633
2023-04-10,184.0,187.1999969482422,183.8000030517578,186.64999389648438,5624940.0,1049895016.6680908,184.63385009765625,186.39857482910156,183.44480895996094,185.07594299316406,6794018.5,1273353600.0,195,3.041749954223633
2023-04-11,186.75,187.4250030517578,184.3000030517578,185.125,6784354.0,1255953534.25,186.5760498046875,188.1128387451172,185.37059020996094,187.0824432373047,5832033.0,1119677056.0,196,3.041749954223633
2023-04-12,185.3000030517578,186.72500610351562,184.6750030517578,186.0749969482422,5578210.0,1037965408.726654,185.70599365234375,187.64761352539062,184.54367065429688,186.72933959960938,5507131.0,1049726144.0,197,3.041749954223633
2023-04-13,184.9499969482422,184.9499969482422,183.0,184.14999389648438,6724634.0,1238341310.0560913,185.7568359375,186.11888122558594,183.61647033691406,184.2620849609375,5425360.0,1045614656.0,198,3.041749954223633
2023-04-17,179.97500610351562,180.97500610351562,176.0,180.6750030517578,13603290.0,2457774462.2639465,184.28485107421875,185.3238067626953,183.0794219970703,184.10302734375,5961216.0,1117422336.0,199,3.041749954223633
2023-04-18,181.72500610351562,184.4499969482422,179.625,183.9499969482422,8024898.0,1476179962.6099548,180.67015075683594,182.16387939453125,179.19363403320312,180.74667358398438,6361708.0,1193166336.0,200,3.107198715209961
2023-04-19,183.9499969482422,183.9499969482422,180.1999969482422,180.39999389648438,7475944.0,1348660251.970459,184.00106811523438,184.7340545654297,182.3820037841797,183.3260040283203,6441809.5,1202407936.0,201,3.107198715209961
2023-04-20,180.25,181.85000610351562,179.5,181.4250030517578,4423266.0,802491047.5487366,181.35836791992188,181.97781372070312,178.93170166015625,179.80706787109375,9464123.0,1710899840.0,202,3.107198715209961
2023-04-21,182.0500030517578,184.35000610351562,181.8249969482422,184.02499389648438,5299988.0,975330259.3514404,182.13018798828125,182.97579956054688,180.04869079589844,181.05039978027344,7515992.0,1393249408.0,203,3.107198715209961
2023-04-24,187.5,189.3000030517578,185.27499389648438,188.97500610351562,17779044.0,3359794948.414673,185.52694702148438,186.9337158203125,183.450927734375,184.8279266357422,5860667.5,1103650304.0,204,3.107198715209961
2023-04-25,189.10000610351562,189.4499969482422,187.0500030517578,187.8249969482422,7528552.0,1414050256.4246826,189.25779724121094,190.26832580566406,187.7175750732422,189.14041137695312,6115428.0,1180328960.0,205,3.107198715209961
2023-04-26,188.8249969482422,188.8249969482422,186.6999969482422,187.27499389648438,7008146.0,1312450499.3756714,189.0785675048828,189.7544403076172,186.32106018066406,186.8551483154297,6269557.0,1197795456.0,206,3.107198715209961
2023-04-27,188.1999969482422,188.3000030517578,186.02499389648438,187.1999969482422,8491700.0,1589646214.0853882,186.449462890625,188.36492919921875,183.80203247070312,187.4915771484375,5323051.0,1005310656.0,207,3.107198715209961
2023-04-28,190.0,194.0,190.0,192.5,27709406.0,5334060655.0,187.5860595703125,188.0508575439453,184.9130096435547,185.88998413085938,5872746.0,1144620032.0,208,3.0343728065490723
2023-05-02,194.5,196.0749969482422,193.72500610351562,194.1750030517578,9746608.0,1892547638.144287,191.3695831298828,192.41477966308594,189.22047424316406,190.70089721679688,12087763.0,2304843776.0,209,3.0343728065490723
2023-05-03,194.1750030517578,194.1750030517578,191.02499389648438,192.5500030517578,4828488.0,929725379.135376,194.84812927246094,195.46266174316406,193.53878784179688,194.38360595703125,5947423.5,1182020864.0,210,3.0343728065490723
2023-05-04,192.375,193.0749969482422,191.52499389648438,191.85000610351562,6253358.0,1199706770.4674683,192.32997131347656,197.15548706054688,191.8530731201172,195.83135986328125,5952858.5,1193494272.0,211,3.0343728065490723
2023-05-05,191.375,192.1999969482422,189.5,189.6999969482422,7902194.0,1499046177.6844177,191.80850219726562,192.29893493652344,190.10765075683594,191.00965881347656,5947332.0,1152390912.0,212,3.0343728065490723
2023-05-08,190.5,191.5,189.8000030517578,190.1750030517578,9613544.0,1828255759.538208,190.2515869140625,193.1284942626953,189.13487243652344,192.14598083496094,6066875.0,1192671360.0,213,3.0343728065490723
2023-05-09,191.25,191.72500610351562,190.02499389648438,191.14999389648438,5716698.0,1092746787.8080444,190.14834594726562,190.52188110351562,188.41189575195312,189.11187744140625,5536682.5,1072079872.0,214,3.0343728065490723
2023-05-10,192.0,192.27499389648438,191.0,191.875,3670402.0,704258383.75,190.81190490722656,191.51376342773438,189.39404296875,190.62918090820312,5562156.5,1072554112.0,215,3.0343728065490723
2023-05-11,192.85000610351562,193.4250030517578,191.5500030517578,192.3249969482422,4049964.0,778909313.9404907,192.6931610107422,193.57476806640625,191.79393005371094,192.76210021972656,5338294.5,1062586752.0,216,3.0459799766540527
2023-05-12,192.3000030517578,192.625,190.77499389648438,191.625,4580358.0,877711101.75,191.9175262451172,193.23374938964844,190.77734375,192.6048583984375,6280828.0,1225815296.0,217,3.0459799766540527
2023-05-15,191.625,193.5,191.25,192.875,5089694.0,981674730.25,191.32098388671875,191.77171325683594,190.34327697753906,191.0908203125,4141944.0,819624768.0,218,3.0459799766540527
2023-05-16,193.75,194.39999389648438,193.25,193.47500610351562,4059352.0,785383152.9763184,192.29835510253906,192.5102081298828,191.0389404296875,191.62525939941406,4112494.0,819857088.0,219,3.0459799766540527
2023-05-17,193.10000610351562,193.6750030517578,190.6750030517578,191.14999389648438,5376102.0,1027641864.4868774,192.52993774414062,192.89093017578125,190.9475860595703,191.89060974121094,4768103.0,936740800.0,220,3.0459799766540527
2023-05-18,192.60000610351562,192.6750030517578,191.125,191.3000030517578,4237016.0,810541173.7303467,191.003662109375,191.27162170410156,189.31361389160156,189.87379455566406,4677701.0,905695360.0,221,3.0459799766540527
2023-05-19,192.39999389648438,194.10000610351562,191.75,193.10000610351562,7281582.0,1406073528.6432495,191.58822631835938,192.0413055419922,190.63072204589844,191.39549255371094,3779965.0,753944512.0,222,3.0459799766540527
2023-05-22,193.25,198.3000030517578,192.6999969482422,197.875,12197390.0,2413558546.25,194.0820770263672,193.91571044921875,192.67514038085938,192.81211853027344,4896630.0,972435328.0,223,3.0459799766540527
2023-05-23,198.5,201.0500030517578,198.02499389648438,198.8249969482422,12725634.0,2530174141.214447,198.51217651367188,199.0081329345703,195.4632110595703,195.68362426757812,6656062.0,1331906304.0,224,3.125197172164917
2023-05-24,197.25,200.22500610351562,196.6750030517578,199.85000610351562,8256974.0,1650156304.2965698,199.09848022460938,200.56045532226562,196.83917236328125,197.4395751953125,7152235.5,1431919104.0,225,3.125197172164917
2023-05-25,199.5,199.5,196.3249969482422,197.0500030517578,13605054.0,2680875932.21933,198.49009704589844,199.02371215820312,195.26687622070312,196.40997314453125,11660622.0,2244071424.0,226,3.125197172164917
2023-05-26,197.5749969482422,201.27499389648438,197.5,200.85000610351562,7926180.0,1591973301.3775635,193.94290161132812,203.26144409179688,191.42698669433594,199.6476593017578,10229464.0,2034976768.0,227,3.125197172164917
2023-05-29,202.0,203.0,199.6750030517578,199.89999389648438,7959308.0,1591065620.6202393,200.48284912109375,202.59800720214844,199.93101501464844,202.11422729492188,6591897.5,1325168768.0,228,3.125197172164917
2023-05-30,200.0,201.9250030517578,199.72500610351562,201.25,7378972.0,1485018115.0,201.97314453125,202.98696899414062,200.42274475097656,202.19113159179688,9083812.0,1819284224.0,229,3.125197172164917
2023-05-31,200.875,202.39999389648438,200.25,201.8249969482422,11783582.0,2378221401.1893616,200.83175659179688,202.16778564453125,200.0492706298828,201.4983673095703,7586270.5,1514645760.0,230,3.125197172164917
2023-06-01,202.5,204.0,202.02499389648438,203.5749969482422,7065484.0,1438355883.737854,201.0562744140625,202.873779296875,198.92059326171875,199.60922241210938,11630128.0,2326746624.0,231,3.125197172164917
2023-06-02,204.35000610351562,204.89999389648438,202.0,202.47500610351562,6320754.0,1279794704.7288208,202.43336486816406,203.74249267578125,201.43260192871094,203.07289123535156,5642877.0,1128017280.0,232,3.1049506664276123
2023-06-05,204.4499969482422,204.875,201.85000610351562,202.10000610351562,7252860.0,1465803050.2679443,203.63209533691406,205.0358428955078,201.20042419433594,201.80746459960938,7050314.0,1425117952.0,233,3.1049506664276123
2023-06-06,201.6750030517578,201.6750030517578,197.77499389648438,199.97500610351562,13707400.0,2741137398.66333,202.6848907470703,202.88739013671875,200.25311279296875,201.0482635498047,9584634.0,1931535744.0,234,3.1049506664276123
2023-06-07,201.1999969482422,201.8000030517578,200.5,201.39999389648438,8215860.0,1654674153.85437,199.37571716308594,201.2406463623047,198.4202117919922,200.28021240234375,8367174.0,1666440960.0,235,3.1049506664276123
2023-06-08,202.0500030517578,202.375,199.375,199.77499389648438,10615052.0,2120621948.5108643,202.35374450683594,203.2567138671875,199.88380432128906,200.24151611328125,6709379.0,1344974336.0,236,3.1049506664276123
2023-06-09,199.72500610351562,200.1750030517578,198.02499389648438,198.64999389648438,12018232.0,2387421713.446533,200.22149658203125,201.96017456054688,199.43856811523438,201.17869567871094,7618069.5,1515399424.0,237,3.1049506664276123
2023-06-12,199.89999389648438,199.89999389648438,197.3000030517578,197.8000030517578,11973622.0,2368382468.1405945,199.198974609375,201.78041076660156,197.0139617919922,199.9497528076172,12441512.0,2468208640.0,238,3.1049506664276123
2023-06-13,198.97500610351562,199.25,197.25,197.77499389648438,13016186.0,2574276106.7055054,196.88104248046875,198.14064025878906,194.87786865234375,196.2896728515625,12439580.0,2431681280.0,239,3.1049506664276123
2023-06-14,198.14999389648438,198.5749969482422,196.35000610351562,198.22500610351562,18512564.0,3669653111.8917236,197.11676025390625,198.27716064453125,195.27664184570312,197.06971740722656,11754442.0,2333079040.0,240,2.982508659362793
2023-06-15,198.5500030517578,198.72500610351562,194.125,194.47500610351562,28702320.0,5581883857.185059,198.1903533935547,199.05918884277344,196.3156280517578,197.3862762451172,13772884.0,2729907712.0,241,2.982508659362793
2023-06-16,192.77499389648438,194.3249969482422,189.5749969482422,190.64999389648438,41110648.0,7837744790.280518,195.5126495361328,202.26805114746094,192.4321746826172,197.82916259765625,24136100.0,4757620224.0,242,2.982508659362793
2023-06-19,191.0,191.0,188.5500030517578,190.0749969482422,10629440.0,2020390775.5615234,191.01824951171875,192.0534210205078,188.6787567138672,190.7632293701172,8290457.0,1563949568.0,243,2.982508659362793
2023-06-20,190.89999389648438,192.47500610351562,190.3000030517578,191.25,11802658.0,2257258342.5,190.18704223632812,191.57374572753906,186.99868774414062,190.2594451904297,11536532.0,2186065920.0,244,2.982508659362793
2023-06-21,192.125,193.625,191.5500030517578,192.75,8829264.0,1701840636.0,192.1057891845703,192.55259704589844,190.33082580566406,190.85882568359375,9091897.0,1740393472.0,245,2.982508659362793
2023-06-22,193.0,193.0,190.8000030517578,191.14999389648438,9356174.0,1788432602.9944458,188.89041137695312,194.98126220703125,186.19821166992188,190.05667114257812,11436631.0,2180735744.0,246,2.982508659362793
2023-06-23,191.14999389648438,191.5,189.0500030517578,189.97500610351562,6470406.0,1229215419.3422241,190.92440795898438,191.88636779785156,189.08834838867188,190.36767578125,8514979.0,1617250816.0,247,2.982508659362793
2023-06-26,190.0,190.9499969482422,189.52499389648438,190.4499969482422,4100400.0,780921167.4865723,191.3262481689453,190.1101837158203,188.555419921875,186.9781036376953,6097010.0,1155447424.0,248,2.9529991149902344
2023-06-27,192.125,192.125,190.75,191.3000030517578,5880750.0,1124987492.9466248,190.4140167236328,190.84152221679688,188.41497802734375,188.92201232910156,6382401.0,1235273728.0,249,2.9529991149902344
2023-06-28,191.875,191.875,190.39999389648438,190.85000610351562,7140112.0,1362690418.7797852,192.4576873779297,193.3878631591797,191.39501953125,192.4027862548828,7050374.0,1364855296.0,250,2.9529991149902344
2023-06-30,192.5,194.875,191.5,194.5749969482422,9070810.0,1764952828.0680847,192.26028442382812,192.91590881347656,191.6058349609375,192.2975311279297,5878449.0,1161949952.0,251,2.9529991149902344
2023-07-03,196.9499969482422,196.9499969482422,194.75,195.8000030517578,9036924.0,1769429746.7785034,194.63580322265625,195.62857055664062,193.17828369140625,194.4514923095703,9701344.0,1889293312.0,252,2.9529991149902344
2023-07-04,196.875,198.6750030517578,196.5,197.97500610351562,12617234.0,2497896978.159485,196.1504669189453,196.78883361816406,194.4120330810547,195.43243408203125,9673104.0,1892816640.0,253,2.9529991149902344
2023-07-05,197.0500030517578,197.6999969482422,195.9250030517578,196.9499969482422,12366958.0,2435672340.3590393,190.6898956298828,195.53273010253906,184.17481994628906,193.880615234375,12946860.0,2535184640.0,254,2.9529991149902344
2023-07-06,197.25,198.47500610351562,196.5749969482422,198.10000610351562,9037242.0,1790277695.3589478,195.7922821044922,197.6366424560547,194.30780029296875,197.167236328125,6621747.0,1306944768.0,255,2.9529991149902344
2023-07-07,197.5,198.72500610351562,196.60000610351562,197.9250030517578,9065220.0,1794233696.164856,198.07553100585938,199.30178833007812,197.0963592529297,198.62130737304688,7093892.5,1403455616.0,256,2.9980175495147705
2023-07-10,197.9250030517578,197.9250030517578,194.8249969482422,194.97500610351562,5630400.0,1097787274.3652344,198.52084350585938,199.62423706054688,197.5798797607422,198.88819885253906,6152939.0,1220689024.0,257,2.9980175495147705
2023-07-11,195.0,196.39999389648438,193.9250030517578,196.02499389648438,9634838.0,1888669060.1436157,196.87228393554688,198.0854034423828,195.15614318847656,195.17645263671875,6488817.0,1285758720.0,258,2.9980175495147705
2023-07-12,196.9499969482422,196.97500610351562,195.1750030517578,195.9250030517578,6848220.0,1341737524.399109,196.43643188476562,197.08982849121094,195.58485412597656,196.26040649414062,6787941.0,1342475648.0,259,2.9980175495147705
2023-07-13,195.9250030517578,199.3000030517578,195.625,197.14999389648438,13595726.0,2680397297.918274,195.9618377685547,196.99343872070312,195.25474548339844,196.5364227294922,5187333.0,1025675072.0,260,2.9980175495147705
2023-07-14,197.375,202.75,196.1750030517578,202.52499389648438,31366784.0,6352557738.152344,198.59210205078125,199.57603454589844,197.59298706054688,198.7210693359375,6066546.5,1210908416.0,261,2.9980175495147705
2023-07-17,203.5,212.47500610351562,202.89999389648438,207.625,45759860.0,9500890932.5,202.17970275878906,202.6427001953125,200.5269775390625,201.47792053222656,9831287.0,1959299968.0,262,2.9980175495147705
2023-07-18,209.0,210.14999389648438,206.125,208.60000610351562,17769026.0,3706618932.053528,206.32339477539062,207.33937072753906,203.20826721191406,204.94114685058594,20154688.0,4081085440.0,263,2.9980175495147705
2023-07-19,210.0,210.5,207.0749969482422,208.97500610351562,10830990.0,2263406201.3571167,208.45079040527344,211.34432983398438,205.08570861816406,205.9346466064453,13250478.0,2716197120.0,264,2.8884053230285645
2023-07-20,209.25,210.0,207.3249969482422,208.8249969482422,8255710.0,1723998615.5555725,208.20030212402344,208.8768768310547,205.70285034179688,206.8885040283203,9958932.0,1980730368.0,265,2.8884053230285645
2023-07-21,202.5,207.1750030517578,200.5,202.35000610351562,23514212.0,4758100941.71936,208.9805908203125,210.75425720214844,207.59507751464844,209.42852783203125,13270411.0,2713993728.0,266,2.8884053230285645
2023-07-24,203.14999389648438,204.0,201.75,202.02499389648438,6808460.0,1375479089.944458,202.43875122070312,202.94775390625,198.14080810546875,199.26109313964844,12683719.0,2499736320.0,267,2.8884053230285645
2023-07-25,202.75,202.75,200.0,200.1999969482422,6458200.0,1292931620.2911377,203.5723876953125,205.04171752929688,202.59384155273438,204.01577758789062,6033602.0,1196328576.0,268,2.8884053230285645
2023-07-26,201.75,201.8000030517578,200.6999969482422,201.375,5329662.0,1073260685.25,201.59423828125,202.8813934326172,200.2403564453125,201.13949584960938,5207725.0,1040415040.0,269,2.8884053230285645
2023-07-27,202.0,203.3000030517578,199.5,199.97500610351562,8948358.0,1789447945.6664429,201.8463897705078,202.95416259765625,200.3333282470703,201.10301208496094,4946870.5,992915968.0,270,2.8884053230285645
2023-07-28,200.52499389648438,201.4250030517578,198.27499389648438,199.375,6760060.0,1347786962.5,201.4143524169922,203.83509826660156,199.78453063964844,201.999755859375,12164516.0,2373348864.0,271,2.8884053230285645
2023-07-31,199.875,203.0,199.47500610351562,202.52499389648438,6762180.0,1369510463.2269287,199.68838500976562,201.23397827148438,198.6676788330078,200.11932373046875,9219800.0,1821898624.0,272,2.877279281616211
2023-08-01,202.75,204.0,202.02499389648438,203.47500610351562,7181804.0,1461317612.734253,202.62515258789062,204.41297912597656,201.66961669921875,203.47837829589844,6565423.0,1299902720.0,273,2.877279281616211
2023-08-02,202.9499969482422,202.9499969482422,199.5,201.39999389648438,5399618.0,1087483032.2433472,202.74082946777344,203.52919006347656,200.95220947265625,201.9046630859375,9024170.0,1798987008.0,274,2.877279281616211
2023-08-03,201.0,201.0,198.52499389648438,199.8249969482422,6821698.0,1363145782.0318298,201.26417541503906,202.34132385253906,199.94203186035156,200.9877166748047,7361898.5,1455648256.0,275,2.877279281616211
2023-08-04,200.4250030517578,205.0,200.14999389648438,204.4250030517578,12481540.0,2551538852.590637,198.94776916503906,199.30712890625,197.01129150390625,197.66574096679688,5884117.0,1176543744.0,276,2.877279281616211
2023-08-07,204.97500610351562,206.5,204.02499389648438,205.5749969482422,8822866.0,1813760651.0247498,203.582763671875,205.0104217529297,201.89297485351562,203.26165771484375,11557239.0,2333127936.0,277,2.877279281616211
2023-08-08,206.1999969482422,208.75,204.97500610351562,208.1750030517578,15724284.0,3273402869.6867065,204.27723693847656,205.17062377929688,202.36273193359375,203.58236694335938,7336865.5,1443993856.0,278,2.877279281616211
2023-08-09,207.75,209.25,206.27499389648438,208.89999389648438,9309388.0,1944731096.380005,208.14630126953125,208.98287963867188,204.2991485595703,204.97311401367188,10409338.0,2118124160.0,279,2.877279281616211
2023-08-10,208.5500030517578,210.39999389648438,207.77499389648438,209.3249969482422,9901644.0,2072661600.0825806,208.25526428222656,209.54454040527344,204.88150024414062,205.3817138671875,10950894.0,2219691008.0,280,2.826063871383667
2023-08-11,209.3249969482422,211.0749969482422,206.1750030517578,206.52499389648438,7571468.0,1563697382.4874268,209.38278198242188,211.3075408935547,208.11082458496094,209.9512939453125,12666525.0,2592467200.0,281,2.826063871383667
2023-08-14,206.625,208.10000610351562,204.75,207.5749969482422,5792180.0,1202311745.8236694,207.72479248046875,208.92547607421875,206.3470916748047,207.4085235595703,8385586.5,1691927936.0,282,2.826063871383667
2023-08-16,207.0749969482422,210.10000610351562,207.0,209.3249969482422,8131780.0,1702184823.6837769,209.04415893554688,210.56430053710938,203.3169708251953,203.73941040039062,9728796.0,1932524672.0,283,2.826063871383667
2023-08-17,209.3249969482422,210.1999969482422,207.25,208.77499389648438,6340960.0,1323833885.2978516,208.96298217773438,210.16470336914062,207.67869567871094,208.7587127685547,7205432.0,1424450304.0,284,2.826063871383667
2023-08-18,207.52499389648438,208.1750030517578,204.0,205.85000610351562,10602392.0,2182502457.911865,208.1932830810547,209.5887908935547,206.8626708984375,208.4248809814453,7063265.0,1409286144.0,285,2.826063871383667
2023-08-21,205.89999389648438,208.6750030517578,205.8249969482422,207.3000030517578,7334260.0,1520392120.3823853,204.9705352783203,206.04673767089844,203.82933044433594,205.0821990966797,5232921.0,1021805760.0,286,2.826063871383667
2023-08-22,207.5,209.0500030517578,206.375,208.5500030517578,6350240.0,1324342571.3793945,207.4696044921875,208.6779022216797,206.45628356933594,207.87252807617188,12463745.0,2524631040.0,287,2.826063871383667
2023-08-23,208.625,208.97500610351562,207.3000030517578,207.625,6134234.0,1273620334.25,207.2521209716797,208.5038604736328,206.04837036132812,207.1314239501953,6337539.0,1247787008.0,288,2.717723846435547
2023-08-24,209.375,210.0,206.0,206.35000610351562,5776956.0,1192074905.8597412,207.6592254638672,208.86717224121094,206.3859100341797,207.62515258789062,7885194.0,1576944000.0,289,2.717723846435547
2023-08-25,205.0,205.64999389648438,203.5500030517578,204.85000610351562,6598510.0,1351704813.774109,207.5160675048828,209.321533203125,207.0515899658203,208.58306884765625,5361579.0,1017485632.0,290,2.717723846435547
2023-08-28,205.72500610351562,206.22500610351562,203.8249969482422,204.02499389648438,3401974.0,694087724.5859985,204.05404663085938,205.864501953125,202.9998321533203,204.64283752441406,9059800.0,1795979008.0,291,2.717723846435547
2023-08-29,204.8249969482422,205.9499969482422,203.5500030517578,204.0500030517578,3998562.0,815906588.3026428,204.21408081054688,205.43580627441406,203.023193359375,204.25384521484375,6064975.0,1203990528.0,292,2.717723846435547
2023-08-30,205.0,205.10000610351562,203.3249969482422,203.60000610351562,4018182.0,818101879.7250366,203.3251953125,204.78347778320312,202.23968505859375,203.1197052001953,4776725.5,930430592.0,293,2.717723846435547
2023-08-31,204.0,205.0,203.22500610351562,204.1999969482422,22061952.0,4505050531.072266,203.1265106201172,203.9847412109375,201.9462890625,202.84368896484375,4846668.0,954174208.0,294,2.717723846435547
2023-09-01,203.97500610351562,208.875,203.75,208.1750030517578,8476130.0,1764518388.617096,202.93423461914062,203.62376403808594,201.29281616210938,202.21673583984375,6503340.0,1288480512.0,295,2.717723846435547
2023-09-04,209.0,218.25,208.0,217.0500030517578,27634648.0,5998100432.734253,207.51162719726562,208.64297485351562,206.42462158203125,207.48912048339844,4955805.5,945206272.0,296,2.76322865486145
2023-09-05,217.89999389648438,218.75,215.14999389648438,215.9250030517578,17973426.0,3880912063.900543,210.5606689453125,217.88623046875,209.34494018554688,211.51829528808594,19049154.0,4047835136.0,297,2.76322865486145
2023-09-06,216.875,217.77499389648438,212.9499969482422,214.64999389648438,13531912.0,2904624828.2077637,215.0608673095703,216.34759521484375,212.95230102539062,214.45675659179688,9797528.0,1994973312.0,298,2.76322865486145
2023-09-07,214.97500610351562,216.85000610351562,213.375,216.4250030517578,9322650.0,2017654554.70047,216.30194091796875,217.90228271484375,209.98904418945312,213.3654022216797,25521792.0,5232089088.0,299,2.76322865486145
2023-09-08,216.72500610351562,216.72500610351562,214.64999389648438,215.0,5748410.0,1235908150.0,215.84121704101562,217.95108032226562,214.87191772460938,216.87916564941406,7122446.5,1444579328.0,300,2.76322865486145
2023-09-11,216.5,218.75,215.0500030517578,217.4250030517578,8253314.0,1794476821.6371155,213.42037963867188,217.8065948486328,211.8479766845703,213.5004119873047,16102684.0,3414474496.0,301,2.76322865486145
2023-09-12,218.5500030517578,220.75,213.4499969482422,217.5,14545328.0,3163608840.0,217.30319213867188,219.2305145263672,216.16128540039062,218.01687622070312,6603516.0,1346708608.0,302,2.76322865486145
2023-09-13,217.47500610351562,218.97500610351562,215.75,217.85000610351562,7445670.0,1622039254.9447632,215.9636993408203,217.6200408935547,214.06594848632812,215.80093383789062,10168170.0,2121405696.0,303,2.76322865486145
2023-09-14,219.1999969482422,221.625,217.64999389648438,218.22500610351562,14895010.0,3250463648.1619263,217.13894653320312,218.5264892578125,213.99876403808594,215.63243103027344,14619096.0,3084613120.0,304,2.708590269088745
2023-09-15,219.89999389648438,221.875,219.125,220.52499389648438,19835876.0,4374306433.831421,220.362548828125,223.93289184570312,218.94406127929688,222.12020874023438,12803802.0,2748794112.0,305,2.708590269088745
2023-09-18,220.52499389648438,220.52499389648438,217.60000610351562,218.0500030517578,6025196.0,1313794006.187439,220.1333770751953,222.3733367919922,218.32122802734375,220.33181762695312,15095446.0,3240795136.0,306,2.708590269088745
2023-09-20,217.125,218.4250030517578,214.52499389648438,215.0500030517578,9102700.0,1957535662.7792358,217.59536743164062,218.62890625,215.0518798828125,216.32313537597656,8629419.0,1841422720.0,307,2.708590269088745
2023-09-21,214.9499969482422,215.625,211.52499389648438,214.47500610351562,8893070.0,1907341242.5289917,215.1794891357422,217.04507446289062,213.83978271484375,215.2774658203125,6808974.5,1439051776.0,308,2.708590269088745
2023-09-22,212.1999969482422,213.375,208.3000030517578,209.25,19818260.0,4146970905.0,214.26751708984375,216.26339721679688,211.75051879882812,212.79335021972656,7815265.0,1629296384.0,309,2.708590269088745
2023-09-25,209.25,209.875,206.0,207.0500030517578,9301132.0,1925799408.9848022,207.9845733642578,212.4441375732422,204.73695373535156,205.89224243164062,11439482.0,2340827904.0,310,2.708590269088745
2023-09-26,208.39999389648438,208.39999389648438,205.85000610351562,206.4499969482422,6480566.0,1337912830.922882,208.28646850585938,210.80584716796875,207.25213623046875,209.61215209960938,6401385.0,1309288320.0,311,2.708590269088745
2023-09-27,206.125,208.27499389648438,205.14999389648438,207.8249969482422,7773994.0,1615630279.325653,206.9292449951172,206.97409057617188,200.56326293945312,201.32469177246094,8691563.0,1744941824.0,312,2.8063557147979736
2023-09-28,208.25,208.25,202.0,202.6750030517578,16876116.0,3420366861.801819,207.3692169189453,208.9104461669922,205.81137084960938,207.4852752685547,9871451.0,2038610304.0,313,2.8063557147979736
2023-09-29,202.5,204.625,200.75,203.02499389648438,12780272.0,2594714644.79541,201.80136108398438,203.9821319580078,199.78744506835938,202.93800354003906,9713173.0,1959496704.0,314,2.8063557147979736
2023-10-03,203.22500610351562,204.0500030517578,201.8000030517578,202.72500610351562,5728104.0,1161229918.3615723,202.11056518554688,205.31558227539062,201.45858764648438,203.65667724609375,11633917.0,2340592128.0,315,2.8063557147979736
2023-10-04,201.35000610351562,202.72500610351562,200.3249969482422,202.4499969482422,6905870.0,1398093360.4249573,203.78050231933594,205.29786682128906,199.47265625,201.62843322753906,10628061.0,2161557760.0,316,2.8063557147979736
2023-10-05,203.97500610351562,205.1999969482422,202.5,203.39999389648438,8125304.0,1652686784.00708,203.10421752929688,204.18138122558594,202.2418975830078,203.2185516357422,7313153.0,1498301952.0,317,2.8063557147979736
2023-10-06,204.0,204.89999389648438,203.47500610351562,203.9250030517578,6365004.0,1297983460.1244507,203.93295288085938,204.025390625,198.56698608398438,199.6231689453125,11533194.0,2301959936.0,318,2.8063557147979736
2023-10-09,202.10000610351562,205.5,201.6999969482422,202.8000030517578,6030450.0,1222975278.403473,204.11285400390625,208.26637268066406,202.7903289794922,205.65391540527344,15650796.0,3153526528.0,319,2.8063557147979736
2023-10-10,203.1999969482422,204.375,203.10000610351562,203.875,5128014.0,1045473854.25,203.19204711914062,203.84103393554688,202.0286865234375,202.7655487060547,4839010.5,989604224.0,320,2.8797454833984375
2023-10-11,204.5,211.97500610351562,204.5,210.5749969482422,19092228.0,4020345852.835144,204.36581420898438,204.51620483398438,202.44898986816406,202.7273712158203,5813862.0,1202786048.0,321,2.8797454833984375
2023-10-12,210.875,210.9499969482422,207.35000610351562,208.5500030517578,10234398.0,2134383734.132904,210.25819396972656,211.64987182617188,208.14137268066406,210.0467071533203,12052207.0,2517622016.0,322,2.8797454833984375
2023-10-13,205.9499969482422,207.1999969482422,204.52499389648438,205.52499389648438,10914054.0,2243110881.735901,209.84486389160156,211.17169189453125,208.14923095703125,209.62608337402344,8990677.0,1855648768.0,323,2.8797454833984375
2023-10-16,205.5,205.9499969482422,204.0749969482422,205.10000610351562,5277652.0,1082446457.4122314,205.6436004638672,206.89871215820312,202.3351287841797,203.67828369140625,6884588.5,1417825536.0,324,2.8797454833984375
2023-10-17,205.85000610351562,206.9250030517578,205.52499389648438,205.6999969482422,5979388.0,1229960093.352356,203.73182678222656,207.43394470214844,200.44921875,202.4306640625,10063938.0,2073801984.0,325,2.8797454833984375
2023-10-18,204.5,206.8249969482422,203.5,203.72500610351562,4881066.0,994395200.6416626,205.75469970703125,207.5048370361328,204.75074768066406,206.5657501220703,5139037.0,1069973376.0,326,2.8797454833984375
2023-10-19,195.97500610351562,198.375,195.0500030517578,197.64999389648438,25629102.0,5065591853.8723755,204.07073974609375,205.01785278320312,202.96067810058594,203.91641235351562,5154813.0,1077932800.0,327,2.8797454833984375
2023-10-20,197.52499389648438,198.02499389648438,195.5,195.9250030517578,8429336.0,1651517681.524292,197.0556182861328,197.1879425048828,193.62005615234375,193.45016479492188,12351683.0,2396197888.0,328,2.9247255325317383
2023-10-23,195.4250030517578,196.5,191.10000610351562,191.5749969482422,8837826.0,1693106488.9790955,194.72811889648438,196.47467041015625,193.932861328125,196.2976837158203,6388805.5,1234997248.0,329,2.9247255325317383
2023-10-25,192.1999969482422,193.85000610351562,190.5500030517578,190.9250030517578,6678294.0,1275053302.330536,192.40374755859375,194.9994354248047,191.9021759033203,194.1636199951172,6279300.5,1240414976.0,330,2.9247255325317383
2023-10-26,189.39999389648438,190.27499389648438,187.52499389648438,189.125,10995582.0,2079539445.75,195.71669006347656,195.66358947753906,187.61683654785156,194.7780303955078,5276911.5,1134993664.0,331,2.9247255325317383
2023-10-27,189.52499389648438,192.1750030517578,189.52499389648438,191.1750030517578,6202812.0,1185822603.02948,188.84356689453125,189.726806640625,183.01126098632812,187.34063720703125,16938146.0,3109964800.0,332,2.9247255325317383
2023-10-30,192.0,192.1750030517578,190.1999969482422,191.0,4688744.0,895550104.0,192.04019165039062,194.19027709960938,191.62423706054688,193.43431091308594,5519493.0,1110555136.0,333,2.9247255325317383
2023-10-31,191.60000610351562,192.0500030517578,189.5749969482422,190.89999389648438,6153536.0,1174709984.8417969,191.41847229003906,191.87081909179688,189.60107421875,189.9183349609375,6977333.0,1362397440.0,334,2.9247255325317383
2023-11-01,191.9250030517578,192.77499389648438,190.0749969482422,190.47500610351562,4241952.0,807985833.0908203,190.86471557617188,191.1017303466797,188.4336395263672,188.6381378173828,8364517.0,1613277184.0,335,2.9247255325317383
2023-11-02,191.89999389648438,192.5749969482422,191.0500030517578,191.8249969482422,4742730.0,909774167.7763367,192.02853393554688,193.41183471679688,190.95948791503906,192.14366149902344,8721798.0,1705956992.0,336,2.902595043182373
2023-11-03,193.0,193.35000610351562,191.3249969482422,191.77499389648438,5291528.0,1014782749.9030762,192.6620330810547,194.6981658935547,191.4221649169922,192.30789184570312,7532770.0,1499446784.0,337,2.902595043182373
2023-11-06,193.0,193.22500610351562,191.5,192.3249969482422,4939936.0,950073176.1245117,192.16648864746094,193.16172790527344,190.69000244140625,191.7540740966797,4492559.5,944369280.0,338,2.902595043182373
2023-11-07,192.4499969482422,193.5,191.4250030517578,191.64999389648438,5692178.0,1090905878.9577026,190.09326171875,193.46177673339844,189.98048400878906,193.5667266845703,9123424.0,1720755328.0,339,2.902595043182373
2023-11-08,192.3000030517578,192.9250030517578,190.75,191.10000610351562,7102052.0,1357202180.5474854,192.00477600097656,192.6812286376953,191.06358337402344,191.73800659179688,4611634.0,926711040.0,340,2.902595043182373
2023-11-09,191.5,192.0,189.85000610351562,190.4250030517578,9231126.0,1757837196.721161,191.31272888183594,191.82711791992188,190.12551879882812,190.56051635742188,5505904.5,1082275072.0,341,2.902595043182373
2023-11-10,190.14999389648438,190.89999389648438,188.5,189.64999389648438,10710700.0,2031284189.6270752,190.1332550048828,190.63314819335938,188.92572021484375,189.252197265625,7258573.0,1404466432.0,342,2.902595043182373
2023-11-13,191.3000030517578,191.4499969482422,190.0,190.8249969482422,3585902.0,684279738.2066956,188.78549194335938,189.52418518066406,187.9075164794922,188.4346160888672,7682535.0,1475977728.0,343,2.902595043182373
2023-11-15,192.77499389648438,196.125,192.125,195.8249969482422,10792518.0,2113444804.4138489,190.48069763183594,191.0182647705078,188.28968811035156,188.90122985839844,12382032.0,2351118592.0,344,2.9298534393310547
2023-11-16,195.8249969482422,199.75,194.64999389648438,198.5500030517578,13843576.0,2748642057.047241,197.5876007080078,202.03604125976562,197.03956604003906,200.4797821044922,8550148.0,1845335168.0,345,2.9298534393310547
2023-11-17,199.0,199.5,197.25,197.6999969482422,7886928.0,1559245641.5310059,198.4852294921875,198.90638732910156,196.7332763671875,197.40187072753906,6206242.0,1259274496.0,346,2.9298534393310547
2023-11-20,196.60000610351562,200.5500030517578,196.60000610351562,200.10000610351562,8610496.0,1722960302.1542969,198.5090789794922,199.37689208984375,197.20237731933594,198.25059509277344,7738935.5,1557659904.0,347,2.9298534393310547
2023-11-21,201.3000030517578,201.3000030517578,200.02499389648438,200.3249969482422,5440248.0,1089817663.9976807,199.9599609375,200.5525665283203,198.4293212890625,199.41566467285156,6522829.5,1332100096.0,348,2.9298534393310547
2023-11-22,201.25,201.3000030517578,199.5500030517578,200.125,5318582.0,1064381222.75,199.81253051757812,201.4773406982422,196.38430786132812,200.61729431152344,9959946.0,1988386688.0,349,2.9298534393310547
2023-11-23,200.25,202.5,200.25,201.25,9677360.0,1947568700.0,200.45977783203125,201.05422973632812,199.3973388671875,200.27969360351562,5884061.5,1218068352.0,350,2.9298534393310547
2023-11-24,201.25,201.75,197.77499389648438,198.0,6250566.0,1237612068.0,202.11961364746094,204.37887573242188,201.40675354003906,203.59681701660156,10211690.0,2086237696.0,351,2.9298534393310547
2023-11-28,198.5,199.375,196.5500030517578,198.4250030517578,8145314.0,1616233955.3075256,198.1697998046875,198.34796142578125,195.09249877929688,195.49026489257812,7009726.0,1436242176.0,352,2.9173827171325684
2023-11-29,199.0,204.27499389648438,199.0,203.125,15544086.0,3157392468.75,198.29042053222656,199.10198974609375,197.57894897460938,198.43377685546875,3660240.5,766523264.0,353,2.9173827171325684
2023-11-30,203.47500610351562,207.25,202.02499389648438,206.52499389648438,19825958.0,4094555854.9419556,203.48788452148438,204.1632080078125,201.79592895507812,202.8184356689453,7106035.5,1470493696.0,354,2.9173827171325684
2023-12-01,206.875,206.875,203.25,203.8249969482422,9830426.0,2003686549.4499207,205.1377410888672,206.96006774902344,202.387451171875,204.78025817871094,16523662.0,3397125120.0,355,2.9173827171325684
2023-12-04,206.35000610351562,206.5,203.375,203.72500610351562,10662472.0,2172212173.2785645,204.89486694335938,209.06051635742188,204.87847900390625,206.18702697753906,8207207.0,1847999872.0,356,2.9173827171325684
2023-12-05,203.6999969482422,204.5,201.0500030517578,202.1750030517578,11165368.0,2257358309.473999,201.1298065185547,204.35183715820312,199.6704559326172,203.6239013671875,10533562.0,2103763200.0,357,2.9173827171325684
2023-12-06,203.375,210.1999969482422,202.97500610351562,209.375,22082070.0,4623433406.25,200.85581970214844,201.19888305664062,198.38626098632812,198.97860717773438,6181576.0,1303387904.0,358,2.9173827171325684
2023-12-07,210.0,210.75,208.3249969482422,209.125,11250552.0,2352771687.0,209.0391845703125,211.2345733642578,207.50567626953125,210.07705688476562,14713117.0,3103080704.0,359,2.9173827171325684
2023-12-08,209.39999389648438,212.25,207.5,211.3000030517578,15479122.0,3270738525.8385315,209.72286987304688,210.6903533935547,207.7868194580078,209.1705322265625,10287224.0,2148725504.0,360,2.89186954498291
2023-12-11,210.0,211.10000610351562,208.625,210.3000030517578,10084242.0,2120716123.3746643,211.95834350585938,218.94154357910156,211.1395721435547,215.95745849609375,18326440.0,4141076736.0,361,2.89186954498291
2023-12-12,210.35000610351562,213.9499969482422,210.0749969482422,211.10000610351562,11903364.0,2512800213.052368,210.4229736328125,211.594970703125,208.0869140625,209.77151489257812,13261622.0,2767622144.0,362,2.89186954498291
2023-12-13,211.77499389648438,212.14999389648438,207.5,209.8249969482422,9696816.0,2034634387.607666,212.7963409423828,218.55072021484375,211.8384246826172,216.51693725585938,16743271.0,3873842944.0,363,2.89186954498291
2023-12-14,211.75,218.0,211.625,217.1999969482422,24681376.0,5360794791.878418,210.12791442871094,213.32952880859375,208.73919677734375,211.42996215820312,12264559.0,2615583744.0,364,2.89186954498291
2023-12-15,218.02499389648438,224.75,216.75,223.27499389648438,41567234.0,9280923917.643738,216.7802734375,220.18283081054688,215.05543518066406,218.19334411621094,24661460.0,5395612672.0,365,2.89186954498291
2023-12-18,223.0,226.75,221.0,222.625,20182072.0,4493033779.0,221.86720275878906,225.44813537597656,220.10377502441406,223.89437866210938,18779258.0,4322772992.0,366,2.89186954498291
2023-12-19,222.8000030517578,223.6750030517578,217.5,219.35000610351562,16064694.0,3523790726.951111,220.90969848632812,223.04855346679688,218.42877197265625,220.07650756835938,19071246.0,4219167232.0,367,2.89186954498291
2023-12-20,221.0,224.75,214.6750030517578,215.97500610351562,26449942.0,5712526384.887634,218.55178833007812,221.8510284423828,216.96670532226562,219.54759216308594,18678352.0,4083091456.0,368,2.7761270999908447
2023-12-21,214.4499969482422,218.25,213.60000610351562,217.0,10663008.0,2313872736.0,218.20071411132812,221.24838256835938,215.94082641601562,219.4217529296875,18865600.0,4232133632.0,369,2.7761270999908447
2023-12-22,217.64999389648438,233.14999389648438,217.0,231.3249969482422,46080814.0,10659644157.922516,213.16171264648438,216.6405487060547,211.62277221679688,215.52114868164062,14117188.0,2986932224.0,370,2.7761270999908447
2023-12-26,227.0,237.89999389648438,224.1750030517578,235.0500030517578,54628644.0,12840462938.913391,228.57395935058594,232.07908630371094,225.328857421875,228.93858337402344,18929712.0,4369384448.0,371,2.7761270999908447
2023-12-27,234.25,237.6999969482422,232.0500030517578,235.47500610351562,25262992.0,5948803195.393066,233.62059020996094,237.24928283691406,230.1232452392578,234.2626495361328,21459760.0,5096893440.0,372,2.7761270999908447
2023-12-28,236.27499389648438,238.6999969482422,233.8249969482422,234.72500610351562,16839956.0,3952758774.8829346,235.4403076171875,239.21775817871094,233.23248291015625,237.6005859375,14828760.0,3527597568.0,373,2.7761270999908447
2023-12-29,235.47500610351562,237.6750030517578,233.0500030517578,235.64999389648438,15961140.0,3761242543.5809326,241.21871948242188,246.3505859375,223.4002227783203,228.9256134033203,30905044.0,6901257216.0,374,2.7761270999908447
2024-01-01,236.5,241.75,234.14999389648438,238.5749969482422,20347278.0,4854351786.755035,233.68663024902344,237.4990997314453,231.5251922607422,235.29310607910156,11615799.0,2731873792.0,375,2.7761270999908447
2024-01-02,239.0,239.0,232.14999389648438,234.60000610351562,14282514.0,3350677871.5735474,235.93833923339844,238.74642944335938,230.05517578125,233.43133544921875,29509170.0,6862586880.0,376,2.5807464122772217
2024-01-03,231.9499969482422,231.9499969482422,227.5,227.9499969482422,19534364.0,4452858214.185852,233.96820068359375,236.94430541992188,229.74085998535156,233.02584838867188,19429756.0,4470328832.0,377,2.5807464122772217
2024-01-04,228.5,229.9250030517578,225.6999969482422,226.1999969482422,15170336.0,3431529956.9038086,230.06968688964844,234.52340698242188,227.7344970703125,232.00030517578125,13345804.0,3096304640.0,378,2.5807464122772217
2024-01-05,227.52499389648438,231.5,226.75,228.3000030517578,16889130.0,3855788430.5415344,227.41354370117188,231.76734924316406,226.05087280273438,229.95425415039062,8513372.0,1912963584.0,379,2.5807464122772217
2024-01-08,228.75,230.0,224.52499389648438,225.1750030517578,10082886.0,2270413885.820526,228.57516479492188,232.31643676757812,226.61843872070312,229.7541961669922,14940246.0,3356017664.0,380,2.5807464122772217
2024-01-09,229.0,231.25,224.97500610351562,225.375,14465048.0,3260060193.0,224.34478759765625,226.86468505859375,220.09844970703125,222.76602172851562,15709062.0,3535613696.0,381,2.5807464122772217
2024-01-10,225.72500610351562,228.0,224.5,226.8000030517578,8874676.0,2012776543.8833618,224.69882202148438,226.90194702148438,221.74676513671875,224.1130828857422,14908492.0,3296972544.0,382,2.5807464122772217
2024-01-11,227.47500610351562,228.4499969482422,223.35000610351562,224.10000610351562,8638818.0,1935959166.5271606,225.61502075195312,228.09112548828125,224.01853942871094,226.29249572753906,6317018.5,1365153920.0,383,2.5807464122772217
2024-01-12,227.5,234.5,227.5,232.72500610351562,36086734.0,8398285390.405945,224.52584838867188,225.91168212890625,221.8924102783203,223.51296997070312,6882946.5,1509080064.0,384,2.426995277404785
2024-01-15,255.97500610351562,264.5,244.5749969482422,247.3000030517578,127844264.0,31615886877.34973,229.26185607910156,231.93295288085938,225.8618621826172,228.68807983398438,15967762.0,3618294272.0,385,2.426995277404785
2024-01-16,247.5,247.5,240.25,242.5,25912492.0,6283779310.0,241.0062255859375,244.002685546875,232.64178466796875,233.95555114746094,32623700.0,7756915712.0,386,2.426995277404785
2024-01-17,237.5749969482422,245.75,236.0,241.1999969482422,28668932.0,6914946310.909363,241.7100067138672,247.27590942382812,238.5768280029297,243.09585571289062,20859136.0,4903931392.0,387,2.426995277404785
2024-01-18,241.1999969482422,244.5,234.1999969482422,241.3249969482422,26144924.0,6309423704.512024,238.5112762451172,240.63967895507812,233.06265258789062,235.11231994628906,15959229.0,3595464448.0,388,2.426995277404785
2024-01-19,244.0,246.6750030517578,241.8000030517578,242.52499389648438,15498620.0,3758802720.9039307,239.33755493164062,243.62979125976562,235.2502899169922,238.166748046875,28700304.0,6788950016.0,389,2.426995277404785
2024-01-23,239.02499389648438,243.0,233.52499389648438,234.9499969482422,19972336.0,4692500282.249268,242.21095275878906,244.88047790527344,238.01255798339844,240.8652801513672,11183300.0,2493630976.0,390,2.426995277404785
2024-01-24,235.5,239.5,234.02499389648438,239.02499389648438,11708750.0,2798683897.2854614,235.59536743164062,238.89991760253906,231.79771423339844,235.2490234375,15449839.0,3466930688.0,391,2.426995277404785
2024-01-25,239.02499389648438,239.6750030517578,234.27499389648438,235.0,12852980.0,3020450300.0,233.71612548828125,236.2401123046875,229.5426483154297,232.1064910888672,11403008.0,2453337344.0,392,2.3730297088623047
2024-01-29,235.0,238.5,235.0,236.5,10051300.0,2377132450.0,236.384033203125,240.3039093017578,234.3047637939453,237.3528289794922,10465460.0,2288323840.0,393,2.3730297088623047
2024-01-30,237.1999969482422,241.4499969482422,235.75,236.25,11828014.0,2794368307.5,231.257568359375,236.07821655273438,228.21334838867188,232.98440551757812,18035488.0,4002547200.0,394,2.3730297088623047
2024-01-31,236.25,239.9499969482422,234.5,239.0749969482422,10584480.0,2530484523.6987305,236.51315307617188,238.34234619140625,232.4120330810547,234.25387573242188,12432998.0,2792842752.0,395,2.3730297088623047
2024-02-01,238.77499389648438,238.85000610351562,235.3000030517578,235.6750030517578,7828120.0,1844892204.8895264,236.93560791015625,239.94737243652344,233.79241943359375,236.38458251953125,16321765.0,3733704960.0,396,2.3730297088623047
2024-02-02,237.5,243.25,237.5,241.5749969482422,16296222.0,3936759779.917877,237.4490203857422,240.7457733154297,235.38600158691406,237.8743438720703,9315125.0,2021382656.0,397,2.3730297088623047
2024-02-05,241.5,244.75,239.5749969482422,241.1750030517578,11566604.0,2789575754.998474,241.27142333984375,246.51870727539062,238.1316375732422,242.25082397460938,11801963.0,2778691584.0,398,2.3730297088623047
2024-02-06,242.35000610351562,250.89999389648438,241.5500030517578,249.8249969482422,29024038.0,7250930204.775665,240.59010314941406,243.38809204101562,237.9783477783203,240.08206176757812,9534598.0,2044020992.0,399,2.3730297088623047
2024-02-07,250.47500610351562,250.85000610351562,246.27499389648438,247.60000610351562,9103534.0,2254035073.963562,246.77767944335938,252.77439880371094,244.31857299804688,249.05332946777344,24337316.0,5895726080.0,400,2.3548145294189453
2024-02-08,247.9499969482422,250.0500030517578,242.5500030517578,244.4250030517578,11303840.0,2762941126.496582,245.4581298828125,248.568359375,242.20982360839844,244.9452667236328,10592098.0,2421643264.0,401,2.3548145294189453
2024-02-09,245.4499969482422,247.375,241.375,245.22500610351562,7893788.0,1935754210.4798584,244.23728942871094,246.5619354248047,240.20489501953125,242.33258056640625,12028112.0,2759599616.0,402,2.3548145294189453
2024-02-12,245.5,255.39999389648438,245.5,250.72500610351562,48873500.0,12253808585.80017,241.95751953125,244.11500549316406,238.8851318359375,240.81565856933594,9715138.0,2167971072.0,403,2.3548145294189453
2024-02-13,251.5500030517578,256.5,245.85000610351562,255.8000030517578,22373576.0,5723160809.078735,250.64382934570312,255.54147338867188,238.7403564453125,243.51544189453125,67437696.0,15938068480.0,404,2.3548145294189453
2024-02-14,251.97500610351562,258.5,248.52499389648438,257.25,22594656.0,5812475256.0,251.79031372070312,256.0357666015625,249.1243896484375,252.80072021484375,10040582.0,2272350208.0,405,2.3548145294189453
2024-02-15,258.4750061035156,261.42498779296875,256.5249938964844,259.25,14570776.0,3777473678.0,254.5697479248047,259.7819519042969,249.50070190429688,253.7623748779297,17900750.0,4496855552.0,406,2.3548145294189453
2024-02-16,261.25,272.5,260.4750061035156,271.5,34942644.0,9486927846.0,257.67315673828125,260.18023681640625,248.77230834960938,251.77383422851562,25167482.0,6206305280.0,407,2.3548145294189453
2024-02-19,272.95001220703125,272.95001220703125,265.67498779296875,267.9750061035156,18602758.0,4985074188.592224,273.14910888671875,283.59686279296875,266.05511474609375,276.17681884765625,56558768.0,15331122176.0,408,2.302306652069092
2024-02-20,267.8999938964844,269.07501220703125,263.125,265.9750061035156,10374126.0,2759258226.16864,268.9512023925781,272.37030029296875,261.6506042480469,265.359375,28422962.0,7845144064.0,409,2.302306652069092
2024-02-21,267.95001220703125,268.1499938964844,259.75,260.70001220703125,13115574.0,3419230301.9022217,264.0037841796875,267.4012756347656,259.5223388671875,263.1145324707031,13921373.0,3500380672.0,410,2.302306652069092
2024-02-22,261.3999938964844,266.5,260.7250061035156,265.5249938964844,14596482.0,3875730793.960144,265.5137634277344,269.4858093261719,258.0870361328125,262.7879333496094,14784072.0,3915579648.0,411,2.302306652069092
2024-02-23,267.5,270.625,266.6499938964844,268.07501220703125,19860994.0,5324236208.993774,263.35546875,266.80181884765625,259.4493408203125,263.5276794433594,10095016.0,2455424256.0,412,2.302306652069092
2024-02-26,268.125,268.25,263.0249938964844,266.45001220703125,8820636.0,2350258569.8737793,265.7984924316406,268.88006591796875,262.7139587402344,266.2637939453125,7322408.0,1630439680.0,413,2.302306652069092
2024-02-27,267.0,268.70001220703125,263.7749938964844,265.7250061035156,10399260.0,2763343426.972046,266.36309814453125,271.5162048339844,263.5648193359375,268.40618896484375,17346796.0,4366909952.0,414,2.302306652069092
2024-02-28,265.0,265.4750061035156,257.5,258.8500061035156,12789056.0,3310447223.658203,269.1221618652344,272.6706237792969,263.4142150878906,267.539306640625,25206632.0,6058596352.0,415,2.302306652069092
2024-02-29,258.6499938964844,262.125,256.6000061035156,259.29998779296875,14462764.0,3750194528.652588,258.4993591308594,262.87261962890625,250.72259521484375,251.88247680664062,17647968.0,4352421376.0,416,2.22731351852417
2024-03-01,261.20001220703125,262.6000061035156,258.7749938964844,259.54998779296875,9420630.0,2445124401.502075,255.47625732421875,257.7025146484375,249.66525268554688,252.97018432617188,16844434.0,4074150400.0,417,2.22731351852417
2024-03-04,261.4750061035156,263.20001220703125,259.2749938964844,260.25,5662370.0,1473631792.5,261.5641174316406,266.93353271484375,259.2550964355469,263.80267333984375,19659756.0,4875585536.0,418,2.22731351852417
2024-03-05,258.875,260.25,255.3249969482422,256.6499938964844,10521548.0,2700355229.9815674,260.70465087890625,263.24493408203125,258.0721435546875,260.79180908203125,8309571.5,1984764672.0,419,2.22731351852417
2024-03-06,256.8500061035156,257.42498779296875,250.0,256.57501220703125,11091922.0,2845910022.5494385,255.39706420898438,258.3666687011719,253.5224151611328,256.1486511230469,7489526.5,1729151872.0,420,2.22731351852417
2024-03-07,256.875,260.20001220703125,255.25,257.75,9707982.0,2502232360.5,254.38916015625,257.9059143066406,252.19003295898438,256.07281494140625,8735874.0,2074265856.0,421,2.22731351852417
2024-03-11,258.70001220703125,259.4750061035156,256.1499938964844,257.2749938964844,11131512.0,2863859681.8586426,259.6898193359375,266.5763244628906,258.4392395019531,263.9945983886719,15467632.0,3868388608.0,422,2.22731351852417
2024-03-12,256.375,261.25,253.875,255.4250030517578,11652760.0,2976406258.5614014,258.3577575683594,260.90740966796875,252.90325927734375,254.03094482421875,10268278.0,2478907648.0,423,2.22731351852417
2024-03-13,256.8999938964844,259.3500061035156,248.39999389648438,252.1999969482422,13580480.0,3424997014.555664,258.80010986328125,261.40777587890625,253.4529266357422,254.56585693359375,10302092.0,2497725952.0,424,2.1514272689819336
2024-03-14,250.5749969482422,259.45001220703125,247.5749969482422,258.9750061035156,12825472.0,3321476689.4804688,253.20855712890625,255.89739990234375,248.85543823242188,252.8673553466797,26958828.0,6508247040.0,425,2.1514272689819336
2024-03-15,257.375,259.125,253.1999969482422,258.5,13649086.0,3528288731.0,255.00009155273438,256.38555908203125,251.1285858154297,253.29029846191406,9205110.0,2189950976.0,426,2.1514272689819336
2024-03-18,259.0,259.2749938964844,254.5,255.10000610351562,6393960.0,1631099235.0256348,257.3197021484375,262.4241943359375,252.4342803955078,257.4045104980469,24799902.0,6147955712.0,427,2.1514272689819336
2024-03-19,254.5,254.5,246.5749969482422,247.4250030517578,9617386.0,2379581760.399933,254.91578674316406,259.5224609375,247.42181396484375,248.61204528808594,15780960.0,3870717952.0,428,2.1514272689819336
2024-03-20,248.02499389648438,250.625,244.60000610351562,246.75,8385344.0,2069083632.0,247.14889526367188,247.94277954101562,237.71334838867188,240.35401916503906,20823556.0,4903413760.0,429,2.1514272689819336
2024-03-21,249.8249969482422,252.64999389648438,249.22500610351562,250.22500610351562,11644580.0,2913765101.572876,248.45294189453125,250.13059997558594,243.48545837402344,245.6885528564453,13077254.0,3109212416.0,430,2.1514272689819336
2024-03-22,244.625,245.375,239.77499389648438,243.5500030517578,28646502.0,6976855649.522186,251.97988891601562,253.89073181152344,249.48013305664062,251.61985778808594,7422210.5,1704953984.0,431,2.1514272689819336
2024-03-26,243.0,245.47500610351562,239.52499389648438,239.9250030517578,18273346.0,4384232594.815826,239.56625366210938,241.4306182861328,227.72926330566406,232.0079345703125,46775616.0,10965315584.0,432,2.23968768119812
2024-03-27,239.85000610351562,240.47500610351562,235.625,236.14999389648438,14320668.0,3381825660.793579,240.54811096191406,242.62164306640625,237.7141876220703,240.07220458984375,9281998.0,2188233728.0,433,2.23968768119812
2024-03-28,238.35000610351562,241.52499389648438,237.64999389648438,240.0500030517578,15455150.0,3710008804.6653748,235.15582275390625,237.63232421875,231.17373657226562,233.6040496826172,16695599.0,3880570624.0,434,2.23968768119812
2024-04-01,241.85000610351562,243.1999969482422,240.77499389648438,242.47500610351562,6041008.0,1464793451.6713867,238.91476440429688,241.3037109375,236.1968231201172,238.67567443847656,11751086.0,2730401280.0,435,2.23968768119812
2024-04-02,240.97500610351562,241.35000610351562,239.8000030517578,240.60000610351562,6932654.0,1667996594.713562,241.5113525390625,242.45480346679688,237.90171813964844,239.16815185546875,7010568.5,1645588096.0,436,2.23968768119812
2024-04-03,240.0,243.85000610351562,237.97500610351562,241.60000610351562,13794516.0,3332755149.795044,241.86953735351562,247.38685607910156,240.4173583984375,245.99488830566406,16153305.0,3803740928.0,437,2.23968768119812
2024-04-04,242.89999389648438,245.97500610351562,239.8000030517578,243.6999969482422,16004046.0,3900185961.3595276,240.291748046875,246.01083374023438,238.8278350830078,244.4432830810547,19791114.0,4698252800.0,438,2.23968768119812
2024-04-05,243.25,243.5749969482422,241.27499389648438,242.52499389648438,6414344.0,1555638739.4499512,245.06976318359375,246.09664916992188,237.28671264648438,237.63442993164062,9636742.0,2268422656.0,439,2.23968768119812
2024-04-08,245.0,245.8000030517578,239.10000610351562,239.9499969482422,26640770.0,6392452680.198822,242.72593688964844,243.95452880859375,240.33377075195312,241.31260681152344,11287665.0,2668042496.0,440,2.2840356826782227
2024-04-09,241.97500610351562,242.625,237.60000610351562,237.89999389648438,15801250.0,3759117278.5568237,241.6492462158203,243.97296142578125,239.66368103027344,241.9249725341797,7770994.0,1863394688.0,441,2.2840356826782227
2024-04-10,238.75,239.72500610351562,236.5500030517578,238.64999389648438,10771534.0,2570626523.355774,239.48367309570312,241.13917541503906,237.06631469726562,238.8648223876953,9705161.0,2299435008.0,442,2.2840356826782227
2024-04-12,237.5,240.0,235.0,235.375,13170046.0,3099899577.25,237.79920959472656,241.1977081298828,236.23101806640625,239.46221923828125,14904939.0,3513545216.0,443,2.2840356826782227
2024-04-15,233.22500610351562,234.1750030517578,229.10000610351562,229.6750030517578,12176472.0,2796631243.7596436,232.02418518066406,239.9208221435547,229.63595581054688,232.45867919921875,12437260.0,2938334208.0,444,2.2840356826782227
2024-04-16,226.52499389648438,229.25,222.39999389648438,224.1750030517578,21439424.0,4806182940.62793,231.58645629882812,234.41001892089844,229.91355895996094,232.53627014160156,11456926.0,2690393088.0,445,2.2840356826782227
2024-04-18,226.25,227.72500610351562,221.4250030517578,222.1750030517578,21986258.0,4884796938.246735,225.12149047851562,229.8927459716797,224.48333740234375,228.09803771972656,12326628.0,2838577152.0,446,2.2840356826782227
2024-04-19,220.0,226.9499969482422,218.5,226.375,20470106.0,4633920245.75,223.0903778076172,225.3417510986328,219.54393005371094,222.09725952148438,17324050.0,3961625344.0,447,2.2840356826782227
2024-04-22,226.375,233.0749969482422,225.0,231.0,18881740.0,4361681940.0,218.699462890625,227.3671112060547,204.33267211914062,225.82374572753906,21709680.0,4890672128.0,448,2.4000415802001953
2024-04-23,233.39999389648438,233.39999389648438,230.10000610351562,231.0500030517578,10322712.0,2385062639.102417,225.6039581298828,231.10121154785156,217.4626922607422,229.92626953125,19566110.0,4559339520.0,449,2.4000415802001953
2024-04-24,231.9499969482422,232.3249969482422,229.3000030517578,229.9499969482422,5915168.0,1360192863.5483398,231.15838623046875,233.04965209960938,221.3826904296875,222.97512817382812,8728225.0,2169260800.0,450,2.4000415802001953
2024-04-25,229.4499969482422,231.27499389648438,227.89999389648438,230.5,11805090.0,2721073245.0,229.53622436523438,231.1501007080078,225.93275451660156,227.64364624023438,16613458.0,3842676736.0,451,2.4000415802001953
2024-04-26,230.9499969482422,237.89999389648438,230.8000030517578,232.3000030517578,21478294.0,4989407761.7465515,228.82481384277344,230.2924346923828,226.6292724609375,227.90579223632812,6779004.0,1568040704.0,452,2.4000415802001953
2024-04-29,233.8249969482422,234.0,230.8000030517578,231.47500610351562,7249940.0,1678179905.750122,232.44529724121094,235.38218688964844,230.62754821777344,233.45816040039062,15957739.0,3744969984.0,453,2.4000415802001953
2024-04-30,231.5,233.375,230.75,231.1999969482422,8902956.0,2058363400.0303345,229.46646118164062,230.85696411132812,227.37440490722656,228.49606323242188,6541525.0,1521254144.0,454,2.4000415802001953
2024-05-02,231.1999969482422,231.5,227.72500610351562,228.6999969482422,14937276.0,3416154975.6150513,230.3603973388672,231.5655059814453,228.03822326660156,229.07559204101562,6763624.0,1565472768.0,455,2.4000415802001953
2024-05-03,230.1999969482422,231.0,226.60000610351562,228.6750030517578,9730626.0,2225150930.245514,228.73487854003906,230.3220977783203,227.0677490234375,228.32200622558594,6036037.0,1513068288.0,456,2.5793824195861816
2024-05-06,229.39999389648438,231.3000030517578,228.0,229.3249969482422,6918126.0,1586499223.837555,228.94322204589844,231.21368408203125,228.07240295410156,229.85935974121094,7780084.0,1827249152.0,457,2.5793824195861816
2024-05-07,230.89999389648438,232.6750030517578,227.0,231.9499969482422,9278528.0,2152154541.2841797,229.94297790527344,230.61524963378906,219.3033447265625,229.4803466796875,10113678.0,2409764608.0,458,2.5793824195861816
2024-05-08,232.5,233.1999969482422,230.64999389648438,231.60000610351562,8205680.0,1900435538.083496,230.76815795898438,231.42832946777344,224.69451904296875,226.6627655029297,15172683.0,3563302912.0,459,2.5793824195861816
2024-05-09,230.875,232.1999969482422,227.02499389648438,227.9499969482422,9233484.0,2104772649.621643,231.41238403320312,233.31484985351562,228.8283233642578,231.85316467285156,9923391.0,2335422720.0,460,2.5793824195861816
2024-05-10,228.02499389648438,228.75,225.14999389648438,225.9250030517578,6654714.0,1503466280.7585754,227.77197265625,230.08889770507812,226.6475830078125,228.56918334960938,6816849.0,1567149312.0,461,2.5793824195861816
2024-05-13,225.9250030517578,226.625,222.5,225.97500610351562,7111608.0,1607045661.2058105,227.3235321044922,228.01356506347656,221.06588745117188,221.09034729003906,7807059.5,1849705728.0,462,2.5793824195861816
2024-05-14,226.35000610351562,229.9499969482422,226.10000610351562,228.1750030517578,4909420.0,1120206923.4823608,225.2035675048828,227.51303100585938,223.28672790527344,225.283447265625,12587697.0,2885046016.0,463,2.5793824195861816
2024-05-15,228.1750030517578,229.875,227.3249969482422,229.14999389648438,4793424.0,1098413080.3432617,227.0240020751953,227.8592529296875,224.26336669921875,224.92779541015625,7096269.0,1620581120.0,464,2.6796579360961914
2024-05-16,231.0,233.75,228.0500030517578,232.22500610351562,14621472.0,3395471424.442383,227.11228942871094,227.91690063476562,224.64149475097656,225.23716735839844,4915184.0,1128608512.0,465,2.6796579360961914
2024-05-17,232.1999969482422,232.1999969482422,230.02499389648438,230.5,6876820.0,1585107010.0,231.58087158203125,232.56491088867188,228.81930541992188,229.87750244140625,5952787.0,1395956480.0,466,2.6796579360961914
2024-05-21,231.5,232.39999389648438,229.85000610351562,230.4499969482422,8467448.0,1951323365.7593994,229.82203674316406,231.72422790527344,227.94593811035156,229.91677856445312,5973803.0,1370297856.0,467,2.6796579360961914
2024-05-22,231.4499969482422,231.72500610351562,229.4250030517578,230.64999389648438,7765884.0,1791201097.2008057,234.42532348632812,247.0760040283203,232.68441772460938,240.20028686523438,24430276.0,5760816640.0,468,2.6796579360961914
2024-05-23,231.25,234.0,230.875,232.89999389648438,13171332.0,3067603142.4085693,230.25555419921875,232.62042236328125,228.92880249023438,231.1253204345703,8169983.0,1914346752.0,469,2.6796579360961914
2024-05-24,233.5,235.25,231.0,231.8249969482422,8205526.0,1902246039.908722,231.85667419433594,236.1583709716797,228.40121459960938,229.73687744140625,12025606.0,2835742208.0,470,2.6796579360961914
2024-05-27,231.0,231.0749969482422,225.8000030517578,226.22500610351562,40983758.0,9271550903.695007,232.9626007080078,235.01431274414062,230.6168975830078,233.6471710205078,9511384.0,2243132160.0,471,2.6796579360961914
2024-05-28,227.0,228.625,226.5500030517578,228.02499389648438,15778126.0,3597807084.8479614,225.53497314453125,227.53515625,222.3325958251953,223.89434814453125,7354870.0,1832276864.0,472,2.8592886924743652
2024-05-29,227.0,227.75,224.75,225.39999389648438,9756036.0,2199010454.853882,229.54318237304688,229.5884552001953,227.9176788330078,227.68798828125,11937786.0,2729446912.0,473,2.8592886924743652
2024-05-30,224.5,224.75,217.5500030517578,218.47500610351562,20724568.0,4527800120.292725,225.41192626953125,227.5557098388672,224.17091369628906,225.8058319091797,8323455.0,1893110912.0,474,2.8592886924743652
2024-05-31,218.77499389648438,221.0749969482422,217.75,219.10000610351562,21438004.0,4697066807.247192,219.25901794433594,223.23324584960938,218.0270538330078,220.67739868164062,18277342.0,4098728192.0,475,2.8592886924743652
2024-06-03,225.10000610351562,225.27499389648438,220.77499389648438,222.0500030517578,8964424.0,1990550376.557251,219.2611541748047,221.3696746826172,217.6393280029297,218.5902557373047,11667998.0,2649102848.0,476,2.8592886924743652
2024-06-04,222.9499969482422,222.9499969482422,208.5,219.0749969482422,17730732.0,3884360058.7901,223.1785888671875,228.19903564453125,220.82284545898438,221.8113555908203,16241240.0,3733741312.0,477,2.8592886924743652
2024-06-05,219.85000610351562,227.5,219.52499389648438,225.75,12267428.0,2769371871.0,215.95614624023438,218.07406616210938,213.5858612060547,215.10589599609375,12319482.0,2767339264.0,478,2.8592886924743652
2024-06-06,227.47500610351562,231.0,226.3000030517578,230.5,15425568.0,3555593424.0,219.48455810546875,228.30723571777344,208.85159301757812,225.894775390625,27109668.0,6180551680.0,479,2.8592886924743652
2024-06-07,235.0,243.1999969482422,234.14999389648438,242.27499389648438,72672440.0,17606714957.442627,230.61631774902344,233.13690185546875,228.77928161621094,231.1595916748047,8618834.0,2067968000.0,480,2.9494681358337402
2024-06-10,244.1999969482422,244.1999969482422,236.6750030517578,237.625,18311752.0,4351330069.0,242.1109161376953,243.7933349609375,237.1071014404297,238.89926147460938,39968920.0,9526489088.0,481,2.9494681358337402
2024-06-11,239.60000610351562,239.60000610351562,237.1750030517578,238.02499389648438,9371714.0,2230702167.649597,237.79986572265625,239.8358154296875,230.8269805908203,236.82882690429688,18815806.0,4461699584.0,482,2.9494681358337402
2024-06-12,239.0,242.1999969482422,237.77499389648438,238.4499969482422,13875116.0,3308521367.8565063,236.46873474121094,241.48159790039062,234.9165802001953,238.9860382080078,13204944.0,3243300864.0,483,2.9494681358337402
2024-06-13,240.0,242.6750030517578,239.0749969482422,241.3000030517578,12995932.0,3135918431.260437,241.6302947998047,240.26455688476562,238.20094299316406,237.4174346923828,14393548.0,3346285056.0,484,2.9494681358337402
2024-06-14,242.5,242.8000030517578,238.10000610351562,238.75,11322596.0,2703269795.0,241.33387756347656,242.6346435546875,239.77362060546875,240.58665466308594,10682016.0,2626982656.0,485,2.9494681358337402
2024-06-18,240.5,246.5,240.02499389648438,245.9250030517578,31870984.0,7837871837.462524,239.85452270507812,243.93331909179688,238.84152221679688,242.42860412597656,17074416.0,4152689408.0,486,2.9494681358337402
2024-06-19,246.125,248.5749969482422,243.375,247.875,20880284.0,5175700396.5,244.36280822753906,245.39141845703125,240.50282287597656,242.1851043701172,13743920.0,3341802240.0,487,2.9494681358337402
2024-06-20,248.75,248.75,244.125,245.1999969482422,12571126.0,3082440056.835968,247.18638610839844,248.03359985351562,243.3318634033203,244.81161499023438,14096559.0,3430272000.0,488,2.987913131713867
2024-06-21,248.97500610351562,250.47500610351562,244.5500030517578,245.27499389648438,95171176.0,23343109612.52124,243.81321716308594,243.60208129882812,241.91978454589844,242.8489990234375,10687210.0,2554760192.0,489,2.987913131713867
2024-06-24,245.0500030517578,247.4499969482422,244.72500610351562,245.27499389648438,9934518.0,2436688841.814514,250.2991180419922,256.0478820800781,244.6808319091797,246.0259552001953,31092680.0,7706074112.0,490,2.987913131713867
2024-06-25,245.27499389648438,249.0,244.64999389648438,248.4250030517578,9258210.0,2299970847.5038147,247.19598388671875,249.82249450683594,245.228271484375,247.80958557128906,11154165.0,2746588416.0,491,2.987913131713867
2024-06-26,248.4250030517578,249.9499969482422,246.89999389648438,247.60000610351562,12812090.0,3172273562.1987915,248.14024353027344,250.0428009033203,245.57546997070312,247.49620056152344,9970508.0,2475502080.0,492,2.987913131713867
2024-06-27,246.0749969482422,255.97500610351562,244.60000610351562,255.39999389648438,42137138.0,10761824788.01532,247.53411865234375,248.7161407470703,243.20974731445312,245.0428924560547,14897661.0,3653444096.0,493,2.987913131713867
2024-06-28,256.0,258.1499938964844,252.9250030517578,257.42498779296875,16405832.0,4223271102.333496,254.08189392089844,257.9148254394531,250.90513610839844,255.89852905273438,24570842.0,6114533376.0,494,2.987913131713867
2024-07-01,258.95001220703125,267.8999938964844,257.04998779296875,263.67498779296875,30757528.0,8109990819.941895,256.44012451171875,258.3196105957031,254.4217529296875,256.36273193359375,7036616.0,1738096640.0,495,2.987913131713867
2024-07-02,264.6499938964844,272.5,264.1499938964844,269.1000061035156,36276968.0,9762132310.217041,263.64263916015625,264.6510009765625,258.89300537109375,261.0384216308594,12107764.0,3054581760.0,496,2.9109883308410645
2024-07-03,270.95001220703125,272.7250061035156,267.75,269.5,16049384.0,4325308988.0,269.85565185546875,270.9506530761719,263.3515930175781,266.249755859375,45337248.0,11570100224.0,497,2.9109883308410645
2024-07-04,270.70001220703125,274.3999938964844,264.54998779296875,265.3500061035156,19524632.0,5180861220.3688965,270.45391845703125,272.601318359375,262.1605529785156,264.00152587890625,23505270.0,5974509568.0,498,2.9109883308410645
2024-07-05,265.67498779296875,268.25,264.7250061035156,267.54998779296875,10376090.0,2776122752.838745,268.1834411621094,271.0845031738281,265.5371398925781,268.59490966796875,10888529.0,2737135616.0,499,2.9109883308410645
2024-07-08,267.9750061035156,271.5,267.5,270.6000061035156,12176360.0,3294923090.3186035,266.41015625,268.6383972167969,263.4204406738281,265.9549865722656,11249838.0,2855900672.0,500,2.9109883308410645
2024-07-09,272.0,272.4750061035156,268.79998779296875,270.5,8681444.0,2348330602.0,270.5572509765625,274.1300964355469,268.41845703125,271.8547058105469,10594458.0,2689170432.0,501,2.9109883308410645
2024-07-10,270.5,271.67498779296875,265.875,267.7749938964844,9233748.0,2472566814.341675,269.6387939453125,271.8005676269531,266.5470886230469,268.82745361328125,10737226.0,2803554048.0,502,2.9109883308410645
2024-07-11,268.3500061035156,269.7749938964844,265.0,267.04998779296875,8807618.0,2352074279.385132,270.4056396484375,271.3632507324219,264.5271301269531,266.9998474121094,17676132.0,4506735616.0,503,2.9109883308410645
2024-07-12,272.5,282.3999938964844,270.7749938964844,280.07501220703125,54186042.0,15176156374.600708,268.6122131347656,272.6490173339844,266.6128845214844,269.95123291015625,15770170.0,4089499392.0,504,2.8645691871643066
2024-07-15,283.45001220703125,283.45001220703125,278.07501220703125,279.8500061035156,16099478.0,4505439016.563416,279.9657897949219,284.8166198730469,276.71075439453125,281.3994140625,22143972.0,6094015488.0,505,2.8645691871643066
2024-07-16,280.92498779296875,281.29998779296875,278.20001220703125,279.8500061035156,11239032.0,3145243173.7976074,281.2178955078125,284.4419250488281,278.02618408203125,281.66094970703125,14767813.0,3996915200.0,506,2.8645691871643066
2024-07-18,278.2749938964844,287.20001220703125,278.17498779296875,286.6000061035156,25019786.0,7170670820.308655,280.4005126953125,281.837158203125,271.0807189941406,272.7188415527344,19439480.0,5069099008.0,507,2.8645691871643066
2024-07-19,289.95001220703125,289.95001220703125,277.3500061035156,278.6000061035156,26523490.0,7389444475.886536,284.6333923339844,288.0142822265625,280.5319519042969,284.2441101074219,13816061.0,3672146432.0,508,2.8645691871643066
2024-07-22,260.5,263.375,250.77499389648438,252.89999389648438,76014568.0,19224083783.243896,279.4074401855469,282.28118896484375,274.8990173339844,278.81231689453125,20339042.0,5439378432.0,509,2.8645691871643066
2024-07-23,254.0,254.0,243.1750030517578,250.27499389648438,25847632.0,6469015941.038574,253.73646545410156,255.50401306152344,246.97694396972656,249.1683349609375,26564128.0,6596893696.0,510,2.8645691871643066
2024-07-24,251.25,253.1750030517578,249.9250030517578,250.0500030517578,12240276.0,3060681051.154358,243.34429931640625,247.7103271484375,239.450927734375,244.70054626464844,26833898.0,6438814720.0,511,2.8645691871643066
2024-07-25,248.0,253.75,246.64999389648438,253.4250030517578,21887890.0,5546938590.046539,250.7158203125,254.55093383789062,244.93099975585938,248.23695373535156,9461782.0,2374314496.0,512,2.817552328109741
2024-07-26,255.0,264.2749938964844,254.25,262.3999938964844,26153996.0,6862808390.768677,252.9716796875,253.75340270996094,246.42703247070312,248.4539794921875,21458246.0,5307604480.0,513,2.817552328109741
2024-07-29,264.0,265.2749938964844,261.42498779296875,262.20001220703125,12011554.0,3149429605.425415,265.8638000488281,267.534423828125,261.0107116699219,263.8067932128906,25178284.0,6541990912.0,514,2.817552328109741
2024-07-30,262.20001220703125,263.4750061035156,259.875,260.75,10816526.0,2820409154.5,262.3544921875,264.0957946777344,257.9714050292969,260.599609375,16890142.0,4316003840.0,515,2.817552328109741
2024-07-31,260.8999938964844,262.45001220703125,259.7250061035156,261.0,7758508.0,2024970588.0,258.6403503417969,263.01959228515625,255.00765991210938,258.8462829589844,25508416.0,6438086656.0,516,2.817552328109741
2024-08-01,261.5,263.3999938964844,258.75,260.7749938964844,10759752.0,2805874262.1276855,261.7311096191406,263.951171875,259.6852722167969,261.8255310058594,8595990.0,2220295680.0,517,2.817552328109741
2024-08-02,257.5,259.625,250.5,251.0749969482422,15652228.0,3929883097.333191,263.1896057128906,266.0343322753906,258.7987365722656,260.308837890625,11176727.0,2884244992.0,518,2.817552328109741
2024-08-05,245.0,247.9250030517578,240.125,242.5,21938080.0,5319984400.0,252.013671875,254.40621948242188,246.6565399169922,249.05978393554688,16968728.0,4334365696.0,519,2.817552328109741
2024-08-06,244.875,249.6750030517578,243.3000030517578,244.75,11271584.0,2758720184.0,238.5568084716797,253.1959228515625,236.02691650390625,245.16754150390625,16951832.0,4148315392.0,520,2.8254828453063965
2024-08-07,249.35000610351562,250.0500030517578,246.3249969482422,248.6999969482422,7079826.0,1760752704.5940857,247.6371307373047,250.13287353515625,246.37677001953125,248.3346405029297,12044390.0,3076451840.0,521,2.8254828453063965
2024-08-08,247.0,247.0,243.1750030517578,243.64999389648438,13160570.0,3206572800.1742554,248.98968505859375,250.35707092285156,246.93109130859375,248.38002014160156,7623833.0,1957578240.0,522,2.8254828453063965
2024-08-09,247.6750030517578,248.22500610351562,244.8249969482422,245.64999389648438,6065948.0,1490100089.1763916,231.32936096191406,241.4186553955078,231.72296142578125,241.26348876953125,28602978.0,6925424640.0,523,2.8254828453063965
2024-08-12,245.77499389648438,247.0,243.6999969482422,244.52499389648438,7338468.0,1794438842.909546,245.14776611328125,246.29347229003906,241.69699096679688,244.17794799804688,8813078.0,2251584256.0,524,2.8254828453063965
2024-08-13,244.52499389648438,246.35000610351562,243.5749969482422,245.25,6289418.0,1542479764.5,245.1411895751953,246.1304931640625,241.72357177734375,244.00323486328125,8654520.0,2129472256.0,525,2.8254828453063965
2024-08-14,246.5,248.4250030517578,245.22500610351562,247.5749969482422,11121756.0,2753468707.759094,247.8407745361328,251.90911865234375,247.31735229492188,249.42510986328125,13117540.0,3481520896.0,526,2.8254828453063965
2024-08-16,250.5,258.7250061035156,248.97500610351562,258.125,25931140.0,6693475512.5,247.04432678222656,247.53756713867188,242.76112365722656,243.71658325195312,9702648.0,2391347200.0,527,2.8254828453063965
2024-08-19,258.0,261.6000061035156,256.8500061035156,259.875,11466562.0,2979872799.75,258.1683349609375,259.4628601074219,247.62258911132812,248.45574951171875,12910130.0,3308231680.0,528,2.8822011947631836
2024-08-20,259.95001220703125,263.79998779296875,259.82501220703125,262.32501220703125,9543812.0,2503580599.4016113,262.6326599121094,265.3374938964844,260.4282531738281,263.365966796875,12115110.0,3104338176.0,529,2.8822011947631836
2024-08-21,261.70001220703125,264.04998779296875,260.5249938964844,263.17498779296875,6454402.0,1698637167.560913,262.7008972167969,267.1339111328125,258.927001953125,262.940185546875,19703634.0,4983961600.0,530,2.8822011947631836
2024-08-22,263.8999938964844,265.2749938964844,259.0249938964844,259.5,11496506.0,2983343307.0,265.1208801269531,266.64013671875,262.4825134277344,264.26666259765625,7902118.5,2003988608.0,531,2.8822011947631836
2024-08-23,259.95001220703125,260.7250061035156,255.6750030517578,256.20001220703125,11277706.0,2889348414.8673096,257.24932861328125,258.2294616699219,253.29367065429688,254.93580627441406,8382548.5,2154784768.0,532,2.8822011947631836
2024-08-26,258.0,262.3999938964844,257.9750061035156,260.0,17351380.0,4511358800.0,253.9058380126953,254.79734802246094,249.0461883544922,250.41409301757812,13662943.0,3409010688.0,533,2.8822011947631836
2024-08-27,260.0,261.625,258.0,258.57501220703125,7965796.0,2059755797.9387207,261.6084899902344,263.9478759765625,259.39105224609375,261.8618469238281,11443591.0,2870121984.0,534,2.8822011947631836
2024-08-28,260.0,269.04998779296875,258.92498779296875,267.29998779296875,34375566.0,9188588372.176392,261.3031921386719,262.6017150878906,255.25738525390625,256.2776184082031,15227076.0,3855963648.0,535,2.8822011947631836
2024-08-29,267.5,270.9750061035156,267.0249938964844,269.3500061035156,25685318.0,6918340560.07074,265.971923828125,267.413818359375,262.8358459472656,264.6382751464844,12241882.0,3106381568.0,536,2.8604907989501953
2024-08-30,270.8500061035156,271.0,267.8500061035156,269.20001220703125,19434804.0,5231849474.04126,269.9422912597656,272.1507873535156,267.2611389160156,269.71282958984375,12218004.0,3111717888.0,537,2.8604907989501953
2024-09-02,269.20001220703125,271.0,265.92498779296875,266.2250061035156,15735982.0,4189311903.994812,270.01470947265625,272.2211608886719,267.9494934082031,268.2954406738281,26521756.0,6956646400.0,538,2.8604907989501953
2024-09-03,266.5,270.42498779296875,264.75,268.0249938964844,15056686.0,4035568173.2512817,268.0289306640625,271.7453308105469,266.6864013671875,270.64111328125,24812560.0,6460604416.0,539,2.8604907989501953
2024-09-04,264.0,264.125,258.375,259.57501220703125,20402128.0,5295882624.649414,265.1689758300781,266.593505859375,259.05816650390625,261.152587890625,18000964.0,4635370496.0,540,2.8604907989501953
2024-09-05,260.6000061035156,263.0,259.75,262.42498779296875,12069118.0,3167238143.8218994,260.7071838378906,265.2338562011719,259.1532897949219,263.3185729980469,16095503.0,4032721664.0,541,2.8604907989501953
2024-09-06,262.42498779296875,264.95001220703125,259.2250061035156,260.29998779296875,14579954.0,3795161848.222046,264.692138671875,271.1159973144531,263.6743469238281,269.61175537109375,12633857.0,3256356352.0,542,2.8604907989501953
2024-09-09,258.54998779296875,260.875,256.7250061035156,257.42498779296875,11919540.0,3068387438.9978027,263.207763671875,268.4484558105469,261.7373962402344,266.54241943359375,17997170.0,4629508096.0,543,2.8604907989501953
2024-09-10,258.3999938964844,264.0,257.0,262.875,10287272.0,2704266627.0,257.2938232421875,258.7375183105469,252.56764221191406,254.24542236328125,18527256.0,4693786624.0,544,2.765223503112793
2024-09-11,262.5,263.125,256.625,257.17498779296875,8261524.0,2124657333.8513184,264.4207763671875,268.1283874511719,255.04983520507812,256.6016540527344,13517971.0,3451976192.0,545,2.765223503112793
2024-09-12,260.2250061035156,266.0,258.875,265.0249938964844,15779474.0,4181955000.539734,258.80859375,260.0955810546875,256.94873046875,257.94091796875,5174345.0,1364689920.0,546,2.765223503112793
2024-09-13,266.8999938964844,276.25,265.42498779296875,275.29998779296875,35919706.0,9888694623.327026,265.2905578613281,268.9852600097656,262.6942138671875,267.1481018066406,16095370.0,4125261568.0,547,2.765223503112793
2024-09-16,276.5,278.42498779296875,274.5,275.95001220703125,11088578.0,3059893234.458618,276.6010437011719,284.711181640625,274.0166931152344,278.8213806152344,33546500.0,9603529728.0,548,2.765223503112793
2024-09-17,274.5,277.45001220703125,273.5249938964844,275.95001220703125,8728238.0,2408557382.645874,275.4864196777344,284.6298828125,273.6427307128906,278.5167541503906,23783892.0,6689998848.0,549,2.765223503112793
2024-09-18,274.5249938964844,274.5249938964844,266.32501220703125,269.07501220703125,16665520.0,4484274997.436523,276.272705078125,278.4514465332031,273.14593505859375,274.9793395996094,14236499.0,3748006144.0,550,2.765223503112793
2024-09-19,272.1000061035156,275.7250061035156,264.57501220703125,266.67498779296875,20969182.0,5591956353.87854,267.8594665527344,270.8110656738281,264.93414306640625,268.2040100097656,17983888.0,4582511616.0,551,2.765223503112793
2024-09-20,268.95001220703125,270.375,265.5,269.54998779296875,16664232.0,4491843532.179199,266.3448791503906,271.86712646484375,262.14654541015625,263.50250244140625,19296922.0,4959174144.0,552,2.741550922393799
2024-09-23,269.54998779296875,270.20001220703125,266.0,267.45001220703125,8544290.0,2285170464.800415,267.41357421875,269.4104309082031,265.2513732910156,267.3231201171875,9651291.0,2435556608.0,553,2.741550922393799
2024-09-24,266.1000061035156,270.95001220703125,264.67498779296875,269.7749938964844,12355694.0,3333257273.4368286,267.9392395019531,271.23406982421875,266.0948486328125,269.45623779296875,10850158.0,2740300800.0,554,2.741550922393799
2024-09-25,269.3999938964844,269.70001220703125,265.375,268.1000061035156,8065196.0,2162279096.82605,267.29833984375,269.1084289550781,263.88214111328125,265.7185974121094,16432954.0,4223624448.0,555,2.741550922393799
2024-09-26,269.3500061035156,271.54998779296875,267.8500061035156,270.95001220703125,11403400.0,3089751369.20166,265.8600769042969,271.6759338378906,263.405517578125,268.90814208984375,23044566.0,6005260800.0,556,2.741550922393799
2024-09-27,274.45001220703125,279.45001220703125,270.3500061035156,270.8999938964844,26462384.0,7168659664.086426,270.2846984863281,272.16650390625,268.2412414550781,270.2248840332031,9375571.0,2382455552.0,557,2.741550922393799
2024-09-30,269.0,272.25,267.0,270.7250061035156,8199446.0,2219795068.395447,274.5277404785156,281.99578857421875,272.7671203613281,279.41851806640625,34083760.0,9071986688.0,558,2.741550922393799
2024-10-01,270.1000061035156,274.79998779296875,270.1000061035156,273.375,9411274.0,2572807029.75,270.28863525390625,271.9997863769531,267.5671691894531,269.5512390136719,10483116.0,2725491712.0,559,2.741550922393799
2024-10-03,270.04998779296875,271.20001220703125,263.125,265.07501220703125,14035368.0,3720425343.930176,274.3140869140625,276.27655029296875,272.0085144042969,274.0802917480469,11581390.0,2995121664.0,560,2.762812376022339
2024-10-04,264.0249938964844,270.9750061035156,264.0249938964844,266.7749938964844,11922754.0,3180692625.5792847,267.9403991699219,270.3998718261719,261.9927978515625,263.04046630859375,10638104.0,2708233728.0,561,2.762812376022339
2024-10-07,269.0,270.8500061035156,262.9750061035156,265.7250061035156,9878074.0,2624851273.940979,269.6722717285156,273.13922119140625,265.9501037597656,267.2296142578125,11358740.0,2930472704.0,562,2.762812376022339
2024-10-08,265.7749938964844,266.8999938964844,260.1499938964844,263.4750061035156,11502804.0,3030701354.107544,267.1036071777344,269.49542236328125,264.84783935546875,267.0786437988281,12417965.0,3194043648.0,563,2.762812376022339
2024-10-09,264.8999938964844,269.3500061035156,264.25,265.57501220703125,8841688.0,2348131398.5307617,264.2203674316406,265.5010986328125,262.69317626953125,264.1370544433594,8882626.0,2266145280.0,564,2.762812376022339
2024-10-10,267.5,268.79998779296875,261.7250061035156,262.5,12620244.0,3312814050.0,266.6970520019531,268.96026611328125,264.77532958984375,267.0904541015625,10378116.0,2672562944.0,565,2.762812376022339
2024-10-11,260.17498779296875,267.20001220703125,260.17498779296875,264.1499938964844,8436982.0,2228628743.8047485,263.3797607421875,263.63018798828125,261.1451416015625,262.6823425292969,10171648.0,2611259904.0,566,2.762812376022339
2024-10-14,269.3500061035156,275.92498779296875,268.1499938964844,274.7749938964844,33136266.0,9105017287.902283,264.7962951660156,267.65594482421875,261.19488525390625,262.24609375,10005062.0,2590245888.0,567,2.762812376022339
2024-10-15,276.42498779296875,276.42498779296875,265.42498779296875,266.4750061035156,21601252.0,5756193758.543579,270.64129638671875,276.737060546875,264.33526611328125,270.82464599609375,28411594.0,7150973440.0,568,2.8066394329071045
2024-10-16,266.5,269.3999938964844,264.5,266.07501220703125,12553622.0,3340205126.892456,260.0604553222656,260.1217041015625,257.9641418457031,258.39215087890625,30106092.0,7610775552.0,569,2.8066394329071045
2024-10-17,267.4750061035156,269.0,262.5249938964844,264.375,23755278.0,6280301621.25,264.53021240234375,266.3593444824219,262.0384826660156,263.938232421875,10527054.0,2763374592.0,570,2.8066394329071045
2024-10-18,266.0,279.20001220703125,262.3999938964844,274.32501220703125,74653054.0,20479199949.842163,267.1690979003906,273.50457763671875,265.9812316894531,271.4161682128906,13172288.0,3395877376.0,571,2.8066394329071045
2024-10-21,275.79998779296875,280.95001220703125,273.5,274.04998779296875,23966964.0,6568146191.6345215,269.4967956542969,270.95623779296875,264.0970764160156,265.76336669921875,30264076.0,7932178432.0,572,2.8066394329071045
2024-10-22,274.8999938964844,277.75,271.92498779296875,272.7250061035156,18478300.0,5039494480.282593,269.6369323730469,271.282470703125,264.6859130859375,266.73248291015625,11722590.0,3106795776.0,573,2.8066394329071045
2024-10-23,273.75,277.25,271.1000061035156,273.6000061035156,12698576.0,3474330471.105957,270.4090270996094,271.5818786621094,262.57708740234375,264.9048767089844,19461918.0,5095714304.0,574,2.8066394329071045
2024-10-24,273.6000061035156,275.25,272.57501220703125,273.45001220703125,9576604.0,2618722480.7019043,269.732421875,271.50213623046875,264.6889343261719,267.4478454589844,23590140.0,6106947584.0,575,2.8066394329071045
2024-10-25,274.875,276.0,270.25,271.7250061035156,10124540.0,2751090693.295288,271.2765808105469,273.4591369628906,268.0667419433594,269.94049072265625,16853752.0,4438725120.0,576,2.9137213230133057
2024-10-28,271.7250061035156,279.8999938964844,271.3500061035156,279.29998779296875,11185858.0,3124210002.853882,265.76959228515625,274.64886474609375,263.8857727050781,267.5052795410156,22090128.0,5923328000.0,577,2.9137213230133057
2024-10-29,279.8999938964844,281.70001220703125,276.625,281.1000061035156,12055630.0,3388837666.581726,276.6110534667969,279.0876159667969,272.5054931640625,274.7279357910156,14604007.0,3838051072.0,578,2.9137213230133057
2024-10-30,281.25,289.375,280.54998779296875,282.625,20755492.0,5866020926.5,278.75286865234375,281.6466979980469,276.5743408203125,279.1946716308594,10751816.0,2835014656.0,579,2.9137213230133057
2024-10-31,282.3999938964844,283.1499938964844,274.1499938964844,275.8999938964844,15680094.0,4326137838.896301,285.38702392578125,294.62420654296875,282.9588317871094,288.4876708984375,32361068.0,9679377408.0,580,2.9137213230133057
2024-11-01,275.8500061035156,277.45001220703125,275.0,275.67498779296875,1962810.0,541097622.789917,275.1092529296875,277.0001525878906,272.1031799316406,273.85894775390625,9096565.0,2444270592.0,581,2.9137213230133057
2024-11-04,275.5,276.2250061035156,267.1000061035156,270.3999938964844,9855560.0,2664943363.8464355,273.43218994140625,274.80450439453125,269.7049560546875,271.0923156738281,6253057.0,1759876608.0,582,2.9137213230133057
2024-11-05,271.5,272.67498779296875,270.20001220703125,271.8500061035156,6862260.0,1865505422.8839111,268.4058532714844,270.75762939453125,266.31329345703125,268.51123046875,9291933.0,2520371200.0,583,2.9137213230133057
2024-11-06,273.7250061035156,282.92498779296875,270.5,281.95001220703125,19554884.0,5513499782.50708,270.6261291503906,272.8249816894531,268.742919921875,270.4842834472656,6894165.0,1905530880.0,584,3.038640260696411
2024-11-07,283.0,284.8500061035156,277.2250061035156,281.70001220703125,11997142.0,3379595047.8494873,280.2798767089844,282.5860290527344,276.7667236328125,279.06781005859375,9866843.0,2699054592.0,585,3.038640260696411
2024-11-08,282.5,289.3999938964844,282.5,284.5,20852658.0,5932581201.0,280.7004089355469,283.45709228515625,278.59063720703125,280.8211975097656,6653786.0,1798371584.0,586,3.038640260696411
2024-11-11,284.5,291.6000061035156,283.0249938964844,286.75,16139444.0,4627985567.0,285.64178466796875,288.9520263671875,282.4355773925781,285.7407531738281,13198382.0,3646468608.0,587,3.038640260696411
2024-11-12,287.5,289.8500061035156,284.5249938964844,285.32501220703125,11260890.0,3213013576.712036,285.8568115234375,289.4044189453125,283.95294189453125,286.56805419921875,12372174.0,3404881920.0,588,3.038640260696411
2024-11-13,285.0,286.79998779296875,282.7749938964844,284.5,11391200.0,3240796400.0,284.33941650390625,286.76983642578125,281.73919677734375,283.791015625,11912434.0,3290488320.0,589,3.038640260696411
2024-11-14,284.4750061035156,287.2749938964844,282.1000061035156,283.3500061035156,9783520.0,2772160451.713867,282.79046630859375,288.55889892578125,279.3130187988281,282.1859130859375,18001970.0,4854841344.0,590,3.038640260696411
2024-11-18,283.3500061035156,283.3500061035156,270.1499938964844,276.42498779296875,15289764.0,4226472827.057373,285.62255859375,288.5482482910156,283.1912536621094,285.24334716796875,13597001.0,3816418816.0,591,3.038640260696411
2024-11-19,278.0,284.8999938964844,277.3500061035156,281.0,12919778.0,3630457618.0,274.8354797363281,277.9506530761719,273.0119934082031,275.06646728515625,7195467.0,2018967296.0,592,3.106532096862793
2024-11-21,281.0,283.79998779296875,277.6499938964844,278.57501220703125,11672608.0,3251696916.0878906,281.48468017578125,283.49176025390625,278.4674987792969,280.11505126953125,7782585.0,2203797504.0,593,3.106532096862793
2024-11-22,280.9750061035156,286.79998779296875,278.95001220703125,285.82501220703125,14733232.0,4211126216.2490234,277.46685791015625,279.355224609375,274.1222229003906,275.542724609375,7007074.0,1989707520.0,594,3.106532096862793
2024-11-25,287.75,293.7749938964844,286.95001220703125,291.2250061035156,23297474.0,6784807007.846497,284.80279541015625,286.674072265625,281.29791259765625,282.7705383300781,8386165.0,2368328704.0,595,3.106532096862793
2024-11-26,292.5,295.17498779296875,289.6499938964844,294.5,15771340.0,4644659630.0,288.8751220703125,291.49334716796875,285.7142028808594,288.1005859375,12670954.0,3549545472.0,596,3.106532096862793
2024-11-27,295.75,298.0,290.95001220703125,291.45001220703125,13659676.0,3981112736.944092,291.85693359375,294.4592590332031,288.10540771484375,290.935302734375,13127319.0,3680524288.0,597,3.106532096862793
2024-11-28,292.875,293.0,285.2749938964844,286.1000061035156,11896556.0,3403604744.2108154,291.36529541015625,294.950927734375,289.9714660644531,292.68231201171875,4897779.0,1449923584.0,598,3.106532096862793
2024-11-29,287.5,290.375,285.79998779296875,288.92498779296875,8540112.0,2467451755.350586,284.54290771484375,286.9552917480469,281.0072326660156,283.5459289550781,10372972.0,2948549632.0,599,3.106532096862793
2024-12-02,291.2250061035156,292.7749938964844,289.1000061035156,292.2749938964844,11194000.0,3271726281.677246,290.4811096191406,291.8893737792969,285.1092834472656,287.6268615722656,17506058.0,4795534848.0,600,3.1584434509277344
2024-12-03,295.3500061035156,296.20001220703125,289.29998779296875,291.6499938964844,15445286.0,4504617567.629456,292.064453125,296.0069580078125,288.40179443359375,291.5005187988281,16265719.0,4628663296.0,601,3.1584434509277344
2024-12-04,294.6499938964844,297.0,291.79998779296875,294.0,14036431.0,4126710714.0,291.7468566894531,293.9200134277344,288.2665710449219,290.5131530761719,10513656.0,3041967616.0,602,3.1584434509277344
2024-12-05,295.0,300.8999938964844,293.8999938964844,299.29998779296875,13487264.0,4036737950.560547,294.7252197265625,296.61944580078125,289.0545349121094,292.0666198730469,13409222.0,3834303488.0,603,3.1584434509277344
2024-12-06,299.1499938964844,299.1499938964844,296.20001220703125,297.3500061035156,7894350.0,2347385020.6832886,296.4835205078125,298.0708312988281,291.5532531738281,293.77734375,11771996.0,3398162944.0,604,3.1584434509277344
2024-12-09,295.0,305.70001220703125,293.75,303.75,9285213.0,2820383448.75,298.2191162109375,300.20196533203125,294.415283203125,296.4356689453125,9780006.0,2931689472.0,605,3.1584434509277344
2024-12-10,306.0,311.0,303.45001220703125,308.1000061035156,17028502.0,5246481570.133728,299.5414123535156,302.37152099609375,296.7128601074219,299.5079650878906,8945192.0,2632169472.0,606,3.1584434509277344
2024-12-11,308.1499938964844,309.8999938964844,305.54998779296875,309.0,8608406.0,2659997454.0,309.4126892089844,311.9035339355469,305.2113952636719,307.8311462402344,12443254.0,3822922496.0,607,3.1584434509277344
2024-12-12,308.0,313.79998779296875,307.45001220703125,309.1000061035156,12958440.0,4005453883.092041,304.75482177734375,309.8710021972656,302.59027099609375,307.8957214355469,9420304.0,2808470528.0,608,3.052985906600952
2024-12-13,309.1000061035156,311.04998779296875,304.20001220703125,309.95001220703125,7382211.0,2288116389.5648804,310.0597229003906,314.32080078125,307.3145751953125,311.7512512207031,13355572.0,4028910336.0,609,3.052985906600952
2024-12-16,310.0,311.3999938964844,307.1000061035156,309.20001220703125,7221189.0,2232791726.94928,308.2089538574219,312.64617919921875,306.8895568847656,311.56414794921875,6722194.0,1953940992.0,610,3.052985906600952
2024-12-17,311.0,312.25,307.29998779296875,308.8500061035156,10568517.0,3264086539.9551086,306.90850830078125,309.1148681640625,303.1072998046875,305.9156799316406,9646496.0,2870169600.0,611,3.052985906600952
2024-12-18,309.0,313.25,308.54998779296875,312.6000061035156,10965226.0,3427729714.526428,308.7315673828125,311.72235107421875,306.2434387207031,309.30499267578125,9098258.0,2650304512.0,612,3.052985906600952
2024-12-19,306.3500061035156,313.3999938964844,301.1499938964844,312.75,12405595.0,3879849836.25,312.48297119140625,314.09820556640625,308.40777587890625,310.67156982421875,7688775.5,2328376320.0,613,3.052985906600952
2024-12-20,315.5,320.0,304.3999938964844,305.20001220703125,22214824.0,6779964555.977051,311.3153381347656,314.96148681640625,307.09735107421875,311.0791931152344,15179131.0,4570357760.0,614,3.052985906600952
2024-12-23,306.6000061035156,310.6499938964844,305.0,307.8999938964844,6693583.0,2060954164.8456116,308.8847961425781,311.22784423828125,300.063232421875,304.4854431152344,17669100.0,5094192640.0,615,3.052985906600952
2024-12-24,307.5,309.20001220703125,302.79998779296875,305.29998779296875,8837902.0,2698211372.715454,306.68035888671875,310.2688293457031,298.70294189453125,301.3367614746094,14923326.0,4211266560.0,616,2.9099695682525635
2024-12-26,305.3999938964844,306.95001220703125,304.0,305.04998779296875,6516148.0,1987750867.8571777,304.2640380859375,306.7408142089844,298.81768798828125,301.8004455566406,18517384.0,5331961856.0,617,2.9099695682525635
2024-12-27,305.20001220703125,310.8999938964844,304.70001220703125,309.1000061035156,8063921.0,2492558030.318268,306.1123352050781,311.8258972167969,304.45001220703125,309.72198486328125,8422160.0,2496806144.0,618,2.9099695682525635
2024-12-30,309.1000061035156,309.3999938964844,302.6499938964844,303.70001220703125,13709891.0,4163694064.057068,311.7379150390625,317.9070739746094,307.7168273925781,312.8413391113281,14946591.0,4480459776.0,619,2.9099695682525635
2024-12-31,300.95001220703125,303.0,295.25,301.8500061035156,9337030.0,2818382562.4887085,304.1333923339844,307.1536865234375,300.48162841796875,303.6810302734375,15212644.0,4418199552.0,620,2.9099695682525635
2025-01-01,300.0,303.3500061035156,298.95001220703125,300.29998779296875,7878201.0,2365823664.130554,300.3050537109375,303.5235595703125,297.3518981933594,300.74761962890625,9798212.0,2881808128.0,621,2.9099695682525635
2025-01-02,298.0,304.45001220703125,297.1499938964844,303.79998779296875,8800435.0,2673572045.572815,299.6795959472656,304.36505126953125,297.6972351074219,302.22967529296875,9177424.0,2654294016.0,622,2.9099695682525635
2025-01-03,303.29998779296875,303.79998779296875,294.0,294.45001220703125,12535720.0,3691142907.023926,304.008544921875,307.5294494628906,300.7146301269531,304.56402587890625,13888515.0,3988384256.0,623,2.9099695682525635
2025-01-06,295.0,297.79998779296875,290.54998779296875,294.29998779296875,9173687.0,2699815972.116516,293.0389099121094,294.8153381347656,288.4043884277344,290.7608947753906,8400956.0,2499101440.0,624,2.8790318965911865
2025-01-07,294.29998779296875,297.5,291.29998779296875,294.04998779296875,7381943.0,2170660249.038391,295.65460205078125,300.36492919921875,285.88916015625,287.38458251953125,11329228.0,3241570304.0,625,2.8790318965911865
2025-01-08,293.0,298.45001220703125,289.29998779296875,297.54998779296875,7937785.0,2361887829.8532104,294.1763916015625,295.7821350097656,288.0189208984375,290.2403564453125,14477351.0,4076706048.0,626,2.8790318965911865
2025-01-09,297.0,298.0,291.3500061035156,292.29998779296875,7964702.0,2328082297.374634,295.17486572265625,298.4428405761719,291.8358154296875,293.689453125,6257377.0,1944008960.0,627,2.8790318965911865
2025-01-10,294.29998779296875,303.25,294.29998779296875,300.54998779296875,19505556.0,5862394617.695068,293.1085510253906,296.2083435058594,290.5506591796875,293.8704528808594,9526191.0,2676794368.0,628,2.8790318965911865
2025-01-13,298.95001220703125,299.25,290.25,291.8500061035156,9541248.0,2784613287.0351562,304.9989318847656,310.6792907714844,301.7312927246094,306.8033752441406,12099653.0,3592229888.0,629,2.8790318965911865
2025-01-14,291.79998779296875,294.54998779296875,286.54998779296875,292.8500061035156,7670070.0,2246180046.314392,290.8223876953125,299.48590087890625,286.3200988769531,289.69891357421875,11884874.0,3361707264.0,630,2.8790318965911865
2025-01-15,293.0,294.70001220703125,289.70001220703125,292.6499938964844,4662694.0,1364537370.6411743,290.1865234375,292.3136291503906,284.2246398925781,286.6728515625,11308277.0,3198138112.0,631,2.8790318965911865
2025-01-16,295.8999938964844,296.5,286.70001220703125,288.04998779296875,10345666.0,2980068965.010132,293.4681091308594,296.1220397949219,290.4305725097656,293.03387451171875,9701674.0,2802565632.0,632,2.9289069175720215
2025-01-17,287.79998779296875,287.79998779296875,280.5,281.95001220703125,9358955.0,2638757476.495056,288.7867431640625,293.3002624511719,282.59326171875,287.0987548828125,7891343.0,2286168576.0,633,2.9289069175720215
2025-01-20,302.0,305.3999938964844,296.95001220703125,300.25,39380165.0,11823894541.25,282.795166015625,286.85675048828125,279.3774108886719,281.1756896972656,7561915.0,2217163264.0,634,2.9289069175720215
2025-01-21,302.3999938964844,305.8500061035156,297.79998779296875,298.3500061035156,15619474.0,4660070163.233704,307.5814514160156,312.8680114746094,301.80072021484375,307.9586486816406,19274720.0,5604830208.0,635,2.9289069175720215
2025-01-22,299.3500061035156,310.0,299.3500061035156,309.1000061035156,30859317.0,9538615073.050323,303.61688232421875,311.1355895996094,300.225341796875,308.23773193359375,24715532.0,7738427392.0,636,2.9289069175720215
2025-01-23,311.1000061035156,324.6000061035156,310.6499938964844,317.70001220703125,39904371.0,12677619153.813904,309.1809997558594,313.1792297363281,304.3821716308594,309.16131591796875,18972732.0,5669912576.0,637,2.9289069175720215
2025-01-24,319.0,322.5,316.6000061035156,320.1000061035156,17479586.0,5595215585.286926,324.068115234375,328.4436950683594,318.07550048828125,322.13568115234375,27938968.0,8541080064.0,638,2.9289069175720215
2025-01-27,317.79998779296875,319.1499938964844,306.75,307.95001220703125,12372895.0,3810233166.286316,314.7948303222656,316.1295166015625,308.47174072265625,310.98944091796875,11803038.0,3668820992.0,639,2.9289069175720215
2025-01-28,304.0,307.6000061035156,301.54998779296875,303.6000061035156,12077491.0,3666726341.315155,304.30120849609375,309.0087890625,297.0008544921875,298.4532165527344,13226874.0,3952004864.0,640,3.0222692489624023
2025-01-29,305.04998779296875,314.70001220703125,305.04998779296875,312.45001220703125,16338112.0,5104843293.839844,299.2034606933594,301.7886962890625,294.23931884765625,297.1907653808594,13287156.0,3928521728.0,641,3.0222692489624023
2025-01-30,311.0,313.70001220703125,305.95001220703125,309.0,9984186.0,3085113474.0,310.91796875,316.0623779296875,307.07061767578125,311.2255554199219,15220901.0,4580343808.0,642,3.0222692489624023
2025-01-31,311.70001220703125,315.70001220703125,309.54998779296875,311.8999938964844,15597644.0,4864905068.399536,309.3837585449219,311.0915222167969,304.2073059082031,306.7858581542969,10304308.0,3104640512.0,643,3.0222692489624023
2025-02-01,312.54998779296875,313.25,303.3500061035156,304.79998779296875,6046117.0,1842856387.7948608,312.72833251953125,319.21746826171875,310.6219787597656,316.29693603515625,14549533.0,4473213440.0,644,3.0222692489624023
2025-02-03,303.0,314.0,300.29998779296875,313.6000061035156,14877076.0,4665451124.402466,303.2718811035156,305.0386962890625,297.6642150878906,299.8224182128906,7168606.5,2135282304.0,645,3.0222692489624023
2025-02-04,318.0,318.8500061035156,313.3500061035156,316.25,15366864.0,4859770740.0,310.76348876953125,315.6191711425781,309.01629638671875,313.40081787109375,8630223.0,2547713536.0,646,3.0222692489624023
2025-02-05,317.79998779296875,321.45001220703125,314.8999938964844,317.1000061035156,9628027.0,3053047420.464813,315.77618408203125,326.9258728027344,310.5574951171875,321.1656799316406,26770664.0,8178484736.0,647,3.0222692489624023
2025-02-06,320.0,323.6000061035156,314.54998779296875,317.95001220703125,15062390.0,4789087084.367065,310.6087951660156,317.86737060546875,302.71954345703125,314.3170471191406,35858340.0,10503724032.0,648,3.004429578781128
2025-02-07,319.0,319.0,314.0,318.0,8589587.0,2731488666.0,318.3032531738281,321.5741882324219,314.6080322265625,318.3680114746094,11150564.0,3446050048.0,649,3.004429578781128
2025-02-10,318.79998779296875,321.0,315.8500061035156,319.04998779296875,12304840.0,3925859051.7944336,317.3863830566406,319.0249938964844,307.2867736816406,308.7178649902344,9750210.0,2964327936.0,650,3.004429578781128
2025-02-11,319.5,320.3999938964844,311.6000061035156,313.0,10627890.0,3326529570.0,319.77838134765625,322.73193359375,316.8907165527344,320.16229248046875,8782336.0,2585836544.0,651,3.004429578781128
2025-02-12,313.45001220703125,315.75,309.3500061035156,310.20001220703125,9668342.0,2999119806.421753,311.7797546386719,316.9581298828125,301.6984558105469,302.28179931640625,15778390.0,4688497152.0,652,3.004429578781128
2025-02-13,310.29998779296875,313.6499938964844,306.95001220703125,308.54998779296875,8832731.0,2725339042.2285767,310.5837707519531,313.31219482421875,307.4619140625,310.326416015625,8172979.0,2465768960.0,653,3.004429578781128
2025-02-14,310.04998779296875,312.3999938964844,304.54998779296875,308.1000061035156,7371341.0,2271110207.091095,311.0486755371094,315.03009033203125,308.5516052246094,312.3331298828125,11757703.0,3513624320.0,654,3.004429578781128
2025-02-17,308.1000061035156,310.29998779296875,302.0,305.3500061035156,7507772.0,2292498226.0238037,307.3111572265625,309.4031066894531,304.8441467285156,306.97021484375,5903860.0,1787346176.0,655,3.004429578781128
2025-02-18,305.3500061035156,312.75,305.3500061035156,312.20001220703125,10368789.0,3237136052.3721313,305.4671630859375,307.31646728515625,301.451171875,303.49029541015625,7118270.0,2136515200.0,656,2.9268336296081543
2025-02-19,311.25,316.5,308.29998779296875,314.1000061035156,7835672.0,2461184623.0251465,310.8839416503906,314.0028076171875,307.77734375,311.4347839355469,9100716.0,2745844736.0,657,2.9268336296081543
2025-02-20,311.20001220703125,314.29998779296875,310.25,313.29998779296875,7697134.0,2411511988.2408447,308.95001220703125,323.2711181640625,308.419921875,316.55218505859375,18214610.0,5799765504.0,658,2.9268336296081543
2025-02-21,312.79998779296875,312.79998779296875,305.04998779296875,306.3500061035156,8722925.0,2672268126.990509,317.40997314453125,320.1689147949219,313.3876953125,316.68133544921875,9120744.0,2807573504.0,659,2.9268336296081543
2025-02-24,302.95001220703125,303.29998779296875,293.3500061035156,295.04998779296875,12600963.0,3717913979.329651,307.39007568359375,313.5909729003906,306.0390930175781,311.7512512207031,8387707.5,2552541184.0,660,2.9268336296081543
2025-02-25,294.3500061035156,296.29998779296875,290.1000061035156,291.29998779296875,10810040.0,3148964520.041504,293.5432434082031,297.902099609375,291.22418212890625,296.2493591308594,8842060.0,2638102528.0,661,2.9268336296081543
2025-02-27,294.0,295.79998779296875,291.3500061035156,294.5,15555649.0,4581138630.5,292.6439208984375,295.92938232421875,287.3329772949219,289.1679382324219,8275515.0,2449604352.0,662,2.9268336296081543
2025-02-28,294.0,294.0,277.0,277.6499938964844,17458839.0,4847446541.789703,287.84716796875,304.2819519042969,285.1968688964844,299.302734375,11024659.0,3170518784.0,663,2.9268336296081543
2025-03-03,279.45001220703125,286.3500061035156,279.29998779296875,283.54998779296875,11471554.0,3252758996.666382,273.0951843261719,273.9560546875,262.8932189941406,264.31951904296875,17004670.0,4702772736.0,664,2.9802615642547607
2025-03-04,279.0,283.1000061035156,276.29998779296875,280.0,9331785.0,2612899800.0,279.3623352050781,284.5968322753906,274.5232849121094,277.7768249511719,14881655.0,4198753024.0,665,2.9802615642547607
2025-03-05,281.3999938964844,286.95001220703125,278.6499938964844,285.1000061035156,10285712.0,2932456553.979004,276.5189208984375,292.5242919921875,274.2237548828125,291.54327392578125,9721630.0,2766919680.0,666,2.9802615642547607
2025-03-06,288.45001220703125,292.0,283.5,285.8999938964844,9782051.0,2796688321.195099,284.66949462890625,286.3736572265625,278.5353698730469,279.48150634765625,9261242.0,2938265088.0,667,2.9802615642547607
2025-03-07,287.3999938964844,287.70001220703125,282.8999938964844,284.79998779296875,8097300.0,2306110941.156006,286.80169677734375,288.38165283203125,282.494140625,284.16802978515625,7983186.5,2364374528.0,668,2.9802615642547607
2025-03-10,284.45001220703125,285.6499938964844,277.95001220703125,280.8999938964844,8165123.0,2293583000.864044,282.3304748535156,283.4473571777344,277.949951171875,279.9222106933594,9820368.0,2835392256.0,669,2.9802615642547607
2025-03-11,277.0,279.29998779296875,273.20001220703125,277.75,8602609.0,2389374649.75,280.66436767578125,282.9427490234375,275.8988037109375,277.7182312011719,7187490.0,2233334784.0,670,2.9802615642547607
2025-03-12,277.70001220703125,277.70001220703125,262.20001220703125,268.54998779296875,18584311.0,4990816492.190735,275.6022033691406,280.1241455078125,273.54144287109375,275.8273010253906,8333971.0,2653087232.0,671,2.9802615642547607
2025-03-13,268.54998779296875,271.1000061035156,263.3500061035156,264.0,8683943.0,2292560952.0,267.524169921875,275.2890319824219,262.2987976074219,272.2666931152344,17067662.0,4830294016.0,672,3.0025219917297363
2025-03-17,264.0,265.20001220703125,258.8999938964844,259.8500061035156,12697926.0,3299556148.6019897,265.5087890625,269.8992614746094,262.5789794921875,266.0636901855469,12094165.0,3401113088.0,673,3.0025219917297363
2025-03-18,259.8500061035156,259.8500061035156,259.8500061035156,259.8500061035156,0.0,0.0,261.9605712890625,265.9441223144531,259.6972351074219,262.6506042480469,6946378.0,2058209024.0,674,3.0025219917297363
2025-03-19,262.0,266.5,256.25,265.70001220703125,14044300.0,3731570681.439209,260.01165771484375,273.9043273925781,242.8950958251953,266.4111022949219,10254674.0,2821112832.0,675,3.0025219917297363
2025-03-20,269.20001220703125,273.95001220703125,267.5,268.0,17038774.0,4566391432.0,271.3343200683594,272.6866455078125,265.613525390625,268.6352233886719,15050892.0,4042310656.0,676,3.0025219917297363
2025-03-21,264.0,269.54998779296875,260.20001220703125,264.29998779296875,22659168.0,5988817825.798828,272.3641662597656,274.24395751953125,268.1397399902344,269.72064208984375,11882169.0,3349321728.0,677,3.0025219917297363
2025-03-24,267.04998779296875,271.6499938964844,265.3999938964844,269.3999938964844,9269617.0,2497234763.222748,263.7019348144531,266.1226501464844,258.66802978515625,260.7815246582031,16456731.0,4491482112.0,678,3.0025219917297363
2025-03-25,272.0,274.70001220703125,269.3500061035156,271.0,12563930.0,3404825030.0,271.5135498046875,274.3575744628906,267.0670471191406,269.3279113769531,15242793.0,4271929856.0,679,3.0025219917297363
2025-03-26,272.0,272.25,266.75,267.3999938964844,7308412.0,1954269324.1929932,275.1850280761719,284.1728515625,270.23883056640625,278.4400634765625,15808348.0,4291269888.0,680,3.015275001525879
2025-03-27,270.0,273.54998779296875,269.6000061035156,272.20001220703125,14783522.0,4024074868.862915,270.8045959472656,272.8494873046875,267.7098083496094,269.2917785644531,7148095.0,2073057280.0,681,3.015275001525879
2025-03-28,271.0,271.8500061035156,261.6000061035156,262.25,14283389.0,3745818765.25,272.89111328125,275.6434020996094,265.21636962890625,276.10797119140625,10834915.0,3033456128.0,682,3.015275001525879
2025-04-01,260.3500061035156,263.0,258.5,262.6000061035156,8388635.0,2202855602.200165,264.8848571777344,268.1359558105469,262.8583984375,265.0395812988281,8579782.0,2410799104.0,683,3.015275001525879
2025-04-02,262.79998779296875,265.54998779296875,261.1000061035156,263.6000061035156,7136992.0,1881311134.7607422,262.70550537109375,264.8338623046875,259.3592529296875,260.2490234375,8383780.5,2371034624.0,684,3.015275001525879
2025-04-03,259.8999938964844,260.5,255.3000030517578,256.3500061035156,12262561.0,3143507587.1947327,262.77783203125,276.0959167480469,238.94424438476562,258.40411376953125,16037772.0,4235846400.0,685,3.015275001525879
2025-04-04,253.0,253.9499969482422,244.85000610351562,246.3000030517578,14639785.0,3605779090.1770782,258.2138366699219,261.81622314453125,255.3138885498047,258.34381103515625,14655069.0,3973121792.0,686,3.015275001525879
2025-04-07,231.0500030517578,243.85000610351562,228.0,242.89999389648438,13011904.0,3160591402.1816406,249.14288330078125,250.93736267089844,241.0642852783203,243.87879943847656,11867269.0,3246749184.0,687,3.015275001525879
2025-04-08,244.75,249.5,243.85000610351562,247.25,13806651.0,3413694459.75,246.23141479492188,250.76824951171875,241.67425537109375,244.85983276367188,4866939.0,1496725504.0,688,3.101759433746338
2025-04-09,240.6999969482422,242.3000030517578,234.0,236.64999389648438,19063559.0,4511391120.99527,248.6094970703125,251.96080017089844,246.5758056640625,249.43878173828125,5726514.5,1662260736.0,689,3.101759433746338
2025-04-11,245.0,245.0,238.35000610351562,239.75,11205821.0,2686595584.75,236.1480255126953,261.7236633300781,234.919921875,256.149658203125,29919924.0,6770701312.0,690,3.101759433746338
2025-04-15,245.0500030517578,245.0500030517578,241.35000610351562,244.0,10694621.0,2609487524.0,244.04454040527344,249.47280883789062,241.952392578125,246.34170532226562,12061333.0,3232357120.0,691,3.101759433746338
2025-04-16,244.0,248.4499969482422,241.1999969482422,247.64999389648438,16203319.0,4012751851.4527893,244.9273681640625,253.76589965820312,243.61102294921875,250.74412536621094,13927032.0,3715058944.0,692,3.101759433746338
2025-04-17,235.0,237.8000030517578,232.14999389648438,236.89999389648438,54875421.0,12999986899.96701,246.88461303710938,248.17613220214844,242.9904327392578,244.68173217773438,7350607.0,2018065536.0,693,3.101759433746338
2025-04-21,237.39999389648438,240.8000030517578,237.39999389648438,238.4499969482422,16298364.0,3886344846.0613403,233.7185821533203,236.7275848388672,227.40577697753906,231.64227294921875,14240954.0,3658547200.0,694,3.101759433746338
2025-04-22,238.4499969482422,239.0,233.5,234.14999389648438,18367713.0,4300799886.842377,234.05645751953125,235.30572509765625,231.005126953125,232.56045532226562,8563568.0,2309750272.0,695,3.101759433746338
2025-04-23,237.1999969482422,245.35000610351562,236.10000610351562,243.60000610351562,31898042.0,7770363225.890198,235.02508544921875,239.1138153076172,233.65313720703125,236.9837646484375,9782684.0,2593897472.0,696,2.9908339977264404
2025-04-24,244.8000030517578,245.14999389648438,241.5,242.75,23000820.0,5583449055.0,244.926025390625,253.25621032714844,235.4864959716797,246.57357788085938,23534760.0,6097839104.0,697,2.9908339977264404
2025-04-25,243.9499969482422,246.14999389648438,238.0500030517578,240.89999389648438,16620430.0,4003861485.556946,235.0907745361328,250.42417907714844,237.36109924316406,240.075927734375,24376180.0,6243302400.0,698,2.9908339977264404
2025-04-28,240.5,241.9499969482422,238.75,240.5,14218414.0,3419528567.0,239.2989959716797,246.48464965820312,225.42636108398438,241.70213317871094,22113364.0,5593255936.0,699,2.9908339977264404
2025-04-29,241.60000610351562,243.60000610351562,239.85000610351562,241.39999389648438,16647246.0,4018645082.793274,239.3026123046875,242.901611328125,237.84426879882812,240.75588989257812,11921356.0,3150225664.0,700,2.9908339977264404
2025-04-30,241.5500030517578,243.39999389648438,239.1999969482422,241.5,14206640.0,3430903560.0,246.98580932617188,245.67906188964844,245.6595916748047,242.91322326660156,12972073.0,3396074240.0,701,2.9908339977264404
2025-05-02,242.0399932861328,245.8000030517578,240.75,241.67999267578125,10822257.0,2615522992.4954224,243.26148986816406,247.1226806640625,241.25335693359375,244.68736267089844,18425554.0,4818006016.0,702,2.9908339977264404
2025-05-05,244.0,246.8699951171875,242.6999969482422,243.57000732421875,12170446.0,2964355621.359009,244.4553680419922,250.25372314453125,243.463134765625,248.3861541748047,14246720.0,3784511232.0,703,2.9908339977264404
2025-05-06,244.5,245.89999389648438,240.61000061035156,241.19000244140625,8869045.0,2139124985.202942,243.5082244873047,246.8357696533203,242.26931762695312,244.91204833984375,12566749.0,3337856000.0,704,2.8523666858673096
2025-05-07,236.00999450683594,244.4499969482422,236.00999450683594,244.0399932861328,9130056.0,2228098804.9420166,241.4397430419922,242.11404418945312,237.2012176513672,237.61366271972656,11947237.0,3187324928.0,705,2.8523666858673096
2025-05-08,243.11000061035156,245.8300018310547,239.30999755859375,241.57000732421875,11434833.0,2762312691.5612183,231.56500244140625,237.9052734375,229.0605926513672,236.3278045654297,15733670.0,4031046400.0,706,2.8523666858673096
2025-05-09,236.60000610351562,242.9499969482422,236.5,242.00999450683594,10582438.0,2561055762.248932,241.0546875,242.68252563476562,238.49656677246094,239.70199584960938,10627142.0,2868146432.0,707,2.8523666858673096
2025-05-12,245.08999633789062,257.94000244140625,244.8800048828125,257.2799987792969,19791711.0,5092011381.920197,238.89138793945312,239.2782440185547,233.84539794921875,234.44247436523438,8718748.0,2408968704.0,708,2.8523666858673096
2025-05-13,256.95001220703125,256.95001220703125,250.6199951171875,251.57000732421875,11714159.0,2946931065.427063,252.94801330566406,258.77911376953125,248.77267456054688,255.4931182861328,15186040.0,4131612672.0,709,2.8523666858673096
2025-05-14,251.57000732421875,253.69000244140625,250.75,252.94000244140625,8839105.0,2235763240.279846,238.55291748046875,256.1553649902344,235.43455505371094,253.59300231933594,14087032.0,3744890624.0,710,2.8523666858673096
2025-05-15,253.1999969482422,257.1000061035156,250.6199951171875,256.57000732421875,12083645.0,3100300886.1532593,253.70892333984375,255.1339874267578,248.09158325195312,249.58941650390625,8279957.0,2369664768.0,711,2.8523666858673096
2025-05-16,257.0,257.0,253.52999877929688,254.30999755859375,6640387.0,1688716801.7581177,253.72055053710938,260.53271484375,249.98330688476562,250.585205078125,14369132.0,3836132864.0,712,2.810973644256592
2025-05-19,254.30999755859375,254.74000549316406,251.27999877929688,251.75,6788784.0,1709076372.0,256.0561218261719,258.0450134277344,250.181884765625,251.7830810546875,8683325.0,2351525376.0,713,2.810973644256592
2025-05-20,253.0,254.60000610351562,249.30999755859375,249.7100067138672,9366429.0,2338891048.4749603,253.2664031982422,254.9503173828125,248.45236206054688,250.2900848388672,7616797.0,2176975616.0,714,2.810973644256592
2025-05-21,249.7100067138672,252.11000061035156,248.10000610351562,250.9199981689453,5313593.0,1333286745.8305206,253.099609375,253.3777618408203,245.6961669921875,249.78640747070312,15352776.0,3888070656.0,715,2.810973644256592
2025-05-22,249.0,249.88999938964844,245.0,245.94000244140625,11469037.0,2820694987.7805786,256.3797607421875,258.591552734375,250.58290100097656,251.741455078125,7994514.5,2193168640.0,716,2.810973644256592
2025-05-23,246.10000610351562,250.49000549316406,245.60000610351562,247.36000061035156,7437642.0,1839775129.6595764,246.10765075683594,247.59872436523438,243.06834411621094,244.72406005859375,9966704.0,2620495872.0,717,2.810973644256592
2025-05-26,248.49000549316406,250.85000610351562,248.1999969482422,250.24000549316406,3690751.0,923573550.5139008,245.3163604736328,249.49945068359375,242.89442443847656,251.04515075683594,9596880.0,2529552128.0,718,2.810973644256592
2025-05-27,250.99000549316406,250.99000549316406,247.99000549316406,248.25,6861143.0,1703278749.75,247.84886169433594,249.0048828125,244.73880004882812,245.0491943359375,5110497.5,1547416960.0,719,2.810973644256592
2025-05-28,249.58999633789062,250.13999938964844,246.9600067138672,247.42999267578125,6205160.0,1535342693.3520508,247.08006286621094,248.0030517578125,242.98458862304688,243.96875,8899580.0,2353479168.0,720,2.776395797729492
2025-05-29,249.64999389648438,251.74000549316406,248.10000610351562,250.13999938964844,11785042.0,2947910398.686981,246.00942993164062,248.6070556640625,244.82508850097656,247.34384155273438,3890130.0,1096718336.0,721,2.776395797729492
2025-05-30,250.0,251.11000061035156,248.52000427246094,249.6699981689453,13858429.0,3460033943.0544586,250.39666748046875,251.39956665039062,246.1588897705078,247.36021423339844,11316532.0,2989853184.0,722,2.776395797729492
2025-06-02,247.60000610351562,248.4199981689453,246.1999969482422,247.67999267578125,5846259.0,1448001386.3007202,249.52581787109375,252.54200744628906,247.50396728515625,250.43048095703125,8227331.0,2180857856.0,723,2.776395797729492
2025-06-03,248.0,249.5,245.72999572753906,246.22000122070312,8573438.0,2110951914.8256226,250.37249755859375,252.1766357421875,248.79449462890625,250.5408935546875,6197643.5,1727261696.0,724,2.776395797729492
2025-06-04,246.50999450683594,249.80999755859375,246.50999450683594,246.86000061035156,6698150.0,1653505313.0882263,245.768310546875,250.14804077148438,244.85592651367188,248.9016876220703,7748138.5,2046781696.0,725,2.776395797729492
2025-06-05,246.89999389648438,249.49000549316406,246.8800048828125,247.94000244140625,6468060.0,1603690812.191162,250.73703002929688,252.66397094726562,246.73696899414062,248.55270385742188,14224126.0,3478675712.0,726,2.776395797729492
2025-06-06,247.10000610351562,249.97999572753906,247.10000610351562,248.58999633789062,4445411.0,1105084704.2104187,251.19212341308594,253.08001708984375,245.8785400390625,246.99801635742188,7236739.0,1907842048.0,727,2.776395797729492
2025-06-09,249.60000610351562,253.39999389648438,249.22000122070312,251.2899932861328,9193904.0,2310336074.4333496,248.4510498046875,250.47384643554688,247.5942840576172,249.09510803222656,3567231.0,1036477184.0,728,2.7675657272338867
2025-06-10,252.89999389648438,255.8000030517578,251.8300018310547,254.8699951171875,10739851.0,2737265771.9293213,249.89779663085938,251.95474243164062,248.4180908203125,250.09786987304688,8613432.0,2258605568.0,729,2.7675657272338867
2025-06-11,256.0199890136719,261.6000061035156,254.10000610351562,258.9200134277344,17268454.0,4471148341.556213,258.40423583984375,260.2007751464844,252.4121551513672,253.009521484375,8113288.0,2178294784.0,730,2.7675657272338867
2025-06-12,260.0,263.0,256.32000732421875,259.6099853515625,14528657.0,3771784430.947876,258.6176452636719,260.2634582519531,255.783447265625,256.9159240722656,7407332.5,2058575872.0,731,2.7675657272338867
2025-06-13,255.0,262.25,254.0,260.2099914550781,8692116.0,2261775430.086548,259.32769775390625,262.59429931640625,258.45440673828125,261.320068359375,8761500.0,2377627904.0,732,2.7675657272338867
2025-06-16,260.0,265.30999755859375,258.0,262.8900146484375,10935361.0,2874797213.475952,257.23419189453125,259.0139465332031,254.87054443359375,256.283203125,11156242.0,2935277312.0,733,2.7675657272338867
2025-06-17,262.8900146484375,265.45001220703125,261.6600036621094,262.9100036621094,7528454.0,1979305868.710022,260.9997253417969,262.9443664550781,256.6499938964844,260.0686950683594,12963529.0,3419001856.0,734,2.7675657272338867
2025-06-18,262.8999938964844,265.6000061035156,261.0299987792969,261.5899963378906,5016660.0,1312308071.0284424,250.5169677734375,261.94390869140625,245.97921752929688,262.3014221191406,12352412.0,3164972032.0,735,2.7675657272338867
2025-06-19,262.8500061035156,266.44000244140625,261.80999755859375,265.5799865722656,14184486.0,3767115601.4144897,260.9410095214844,263.9455871582031,260.21575927734375,262.68634033203125,7731119.5,2121766784.0,736,2.7953782081604004
2025-06-20,266.0,267.20001220703125,262.8699951171875,266.5400085449219,12904674.0,3439611918.229431,264.7734375,269.72479248046875,263.1073303222656,267.1722106933594,14057913.0,3726250240.0,737,2.7953782081604004
2025-06-23,264.0,265.20001220703125,261.80999755859375,263.239990234375,6214062.0,1635789620.1958008,262.51812744140625,266.88653564453125,256.0576171875,265.7325439453125,13060127.0,3458766080.0,738,2.7953782081604004
2025-06-24,265.5,268.6499938964844,264.7099914550781,264.9700012207031,6319428.0,1674458844.8741455,262.82037353515625,264.3397216796875,260.6496887207031,261.9261779785156,6018554.0,1699689472.0,739,2.7953782081604004
2025-06-25,265.8999938964844,269.9599914550781,265.8500061035156,269.4100036621094,5331739.0,1436423823.5154114,269.3220520019531,270.37109375,268.17596435546875,268.20281982421875,7507730.0,2119846400.0,740,2.7953782081604004
2025-06-26,269.1000061035156,271.29998779296875,267.19000244140625,268.5199890136719,8564099.0,2299631769.3919983,268.39764404296875,269.4341735839844,265.593994140625,266.5574035644531,6062598.5,1745155456.0,741,2.7953782081604004
2025-06-27,269.0,270.0,264.5,265.04998779296875,8906108.0,2360563816.6828613,268.8834533691406,270.7585754394531,267.34918212890625,268.92315673828125,4997574.5,1431832192.0,742,2.7953782081604004
2025-06-30,266.1000061035156,266.739990234375,262.8999938964844,265.9800109863281,7119563.0,1893661444.9578552,265.2527770996094,268.95977783203125,262.0104064941406,266.9496154785156,10656194.0,2861848064.0,743,2.7953782081604004
2025-07-01,265.5,268.3500061035156,263.70001220703125,264.54998779296875,3886095.0,1028066384.8123169,270.19537353515625,273.28436279296875,265.3625793457031,265.8280029296875,7042507.0,2028845312.0,744,2.825263023376465
2025-07-02,265.0,268.70001220703125,264.45001220703125,267.0,8750887.0,2336486829.0,266.61871337890625,266.7691650390625,265.7940673828125,264.9940185546875,-380580.0,114074368.0,745,2.825263023376465
2025-07-03,268.3999938964844,270.8500061035156,266.45001220703125,267.04998779296875,9357962.0,2499043637.8670654,268.3671875,268.8403625488281,265.90350341796875,266.91973876953125,4799342.5,1389630080.0,746,2.825263023376465
2025-07-04,268.29998779296875,271.3999938964844,267.5,270.04998779296875,7141779.0,1928637331.7700806,271.37298583984375,273.5433044433594,266.8344421386719,266.17706298828125,8281598.0,2300051200.0,747,2.825263023376465
2025-07-07,270.04998779296875,270.54998779296875,267.29998779296875,267.75,4849218.0,1298378119.5,269.94708251953125,271.1801452636719,267.26971435546875,268.5730895996094,6191661.5,1766582272.0,748,2.825263023376465
2025-07-08,267.79998779296875,270.29998779296875,267.3500061035156,269.6499938964844,5519016.0,1488202630.7145996,266.58721923828125,275.408447265625,263.478515625,267.1346740722656,9284683.0,2558662400.0,749,2.825263023376465
2025-07-09,268.0,269.3999938964844,264.8500061035156,267.79998779296875,11564433.0,3096955016.232605,270.95556640625,273.21478271484375,270.46380615234375,271.6526794433594,7932049.0,2209475584.0,750,2.825263023376465
2025-07-10,267.54998779296875,267.54998779296875,263.1499938964844,265.04998779296875,6911031.0,1831768682.1868286,265.1603088378906,270.57720947265625,262.33770751953125,268.87799072265625,14967150.0,3996704000.0,751,2.825263023376465
2025-07-11,261.0,262.04998779296875,257.75,258.29998779296875,13109857.0,3386275903.067566,265.9677734375,268.09375,264.9731140136719,266.46673583984375,5718496.5,1616734080.0,752,2.862349271774292
2025-07-14,258.29998779296875,259.54998779296875,251.64999389648438,254.25,10388421.0,2641256039.25,258.32452392578125,260.9722900390625,256.1668701171875,258.40411376953125,10546603.0,2813107968.0,753,2.862349271774292
2025-07-15,254.0,259.8500061035156,252.8000030517578,257.3999938964844,8750149.0,2252288299.193329,256.9637145996094,261.095703125,256.81451416015625,259.3857116699219,8781528.0,2353865472.0,754,2.862349271774292
2025-07-16,257.3999938964844,264.0,256.04998779296875,262.79998779296875,12179338.0,3200729877.7264404,259.717041015625,261.8379821777344,254.83738708496094,255.41751098632812,7491744.0,2036605824.0,755,2.862349271774292
2025-07-17,263.8500061035156,264.3500061035156,258.0,260.6000061035156,7484171.0,1950375008.2797546,260.04705810546875,267.678955078125,257.4841613769531,259.0462951660156,10270340.0,2747993856.0,756,2.862349271774292
2025-07-18,268.6000061035156,271.8999938964844,265.6000061035156,266.95001220703125,30319126.0,8093691055.806519,259.0574645996094,259.76678466796875,254.5007781982422,255.23956298828125,7936060.0,2166590464.0,757,2.862349271774292
2025-07-21,266.95001220703125,267.1499938964844,259.20001220703125,260.3500061035156,12190000.0,3173666574.4018555,267.5212707519531,269.2056884765625,263.64990234375,265.2333984375,13392337.0,3501338880.0,758,2.862349271774292
2025-07-22,261.70001220703125,262.1499938964844,258.75,259.70001220703125,6724044.0,1746234308.8806152,258.5665588378906,261.0518798828125,256.72064208984375,258.909423828125,7702260.5,2111097344.0,759,2.862349271774292
2025-07-23,260.25,261.75,258.1499938964844,261.3999938964844,6510321.0,1701797869.664154,260.1764831542969,262.5896301269531,259.2972717285156,260.976318359375,5537568.0,1632054528.0,760,2.9535536766052246
2025-07-24,262.0,263.3999938964844,260.25,261.8500061035156,8139900.0,2131432864.6820068,260.1295471191406,261.667724609375,257.9416198730469,259.2998046875,3963881.0,1246467328.0,761,2.9535536766052246
2025-07-25,261.79998779296875,262.04998779296875,256.04998779296875,259.20001220703125,8427780.0,2184480678.878174,264.560546875,265.17279052734375,257.49884033203125,257.4991760253906,6900611.0,1941704960.0,762,2.9535536766052246
2025-07-28,254.0,254.0,249.0,250.0500030517578,8998911.0,2250177723.012497,258.7743225097656,261.0624084472656,257.34783935546875,259.38671875,4344860.5,1318828416.0,763,2.9535536766052246
2025-07-29,249.1999969482422,252.6999969482422,247.25,251.8000030517578,12923128.0,3254043669.838257,248.83279418945312,252.01800537109375,247.21531677246094,250.29513549804688,7029919.0,1880531840.0,764,2.9535536766052246
2025-07-30,251.4499969482422,252.5,249.1999969482422,250.1999969482422,6057152.0,1515499411.915039,254.0616455078125,256.4786682128906,244.5679473876953,246.71148681640625,12573494.0,3236124416.0,765,2.9535536766052246
2025-07-31,248.10000610351562,250.14999389648438,246.0500030517578,248.3000030517578,7338764.0,1822215123.5961304,249.6142120361328,251.31617736816406,247.83856201171875,249.13050842285156,5553175.5,1552156032.0,766,2.9535536766052246
2025-08-01,246.5,246.89999389648438,242.1999969482422,242.75,7436999.0,1805331507.25,247.6067352294922,249.98793029785156,245.78298950195312,248.1348876953125,6856002.0,1807957888.0,767,2.9535536766052246
2025-08-04,242.75,246.4199981689453,241.10000610351562,246.0500030517578,5234393.0,1287922413.6240997,243.71253967285156,245.47006225585938,241.2220458984375,242.0032501220703,4693249.0,1414977024.0,768,3.0431389808654785
2025-08-05,246.0500030517578,246.9499969482422,244.52999877929688,245.91000366210938,7383968.0,1815791597.9208984,244.7424774169922,253.3119354248047,243.40785217285156,247.52809143066406,9492499.0,2441454080.0,769,3.0431389808654785
2025-08-06,246.0,246.0,239.30999755859375,239.9600067138672,7700190.0,1847737644.098053,245.69366455078125,247.22256469726562,242.5509033203125,243.73480224609375,6810037.5,1828634112.0,770,3.0431389808654785
2025-08-07,239.11000061035156,243.17999267578125,238.61000061035156,242.32000732421875,6190830.0,1500161970.9429932,239.93490600585938,241.610595703125,237.25003051757812,238.91204833984375,9685652.0,2422652416.0,771,3.0431389808654785
2025-08-08,242.39999389648438,243.25,238.39999389648438,239.0500030517578,8922847.0,2133006602.580368,241.52012634277344,243.85986328125,238.69720458984375,240.4351348876953,5614276.0,1559392512.0,772,3.0431389808654785
2025-08-11,239.0500030517578,244.75,238.6199951171875,241.6199951171875,3047287.0,736285470.060669,240.7238311767578,243.0980224609375,237.9254150390625,239.69552612304688,6030993.5,1640053120.0,773,3.0431389808654785
2025-08-12,242.6999969482422,246.2899932861328,241.10000610351562,241.72000122070312,8101435.0,1958278878.089447,243.35263061523438,246.75106811523438,242.88758850097656,245.94740295410156,3626494.5,1080203136.0,774,3.0431389808654785
2025-08-13,242.88999938964844,242.88999938964844,240.1199951171875,241.64999389648438,5820844.0,1406606917.0723877,243.2909393310547,245.09060668945312,239.6878662109375,241.10585021972656,5901097.0,1614487168.0,775,3.0431389808654785
2025-08-14,243.10000610351562,248.42999267578125,242.41000366210938,246.80999755859375,12857225.0,3173291670.8602905,240.83717346191406,244.20428466796875,240.07102966308594,243.25067138671875,6170159.0,1583633920.0,776,3.231196880340576
2025-08-18,248.63999938964844,249.00999450683594,244.75999450683594,245.2100067138672,5789317.0,1419598460.4387054,244.9627227783203,245.4127655029297,242.79884338378906,243.13722229003906,13511796.0,3183737856.0,777,3.231196880340576
2025-08-19,245.4600067138672,247.5,244.77999877929688,246.9600067138672,4090961.0,1010303756.0261688,243.56138610839844,245.22171020507812,242.8487091064453,244.06178283691406,3563366.5,984785792.0,778,3.231196880340576
2025-08-20,245.3000030517578,252.88999938964844,245.3000030517578,250.83999633789062,10099384.0,2533329445.574951,247.11119079589844,252.8091278076172,246.85238647460938,252.07167053222656,5074200.5,1381396224.0,779,3.231196880340576
2025-08-21,252.74000549316406,252.74000549316406,249.61000061035156,249.91000366210938,7607486.0,1901186854.1194458,250.30877685546875,252.17123413085938,245.19488525390625,250.98171997070312,6115463.0,1629538048.0,780,3.231196880340576
2025-08-22,252.0,253.0,247.61000061035156,248.63999938964844,13572686.0,3374712638.75589,250.77500915527344,252.62921142578125,249.46014404296875,251.52395629882812,4867696.5,1330514944.0,781,3.231196880340576
2025-08-25,250.60000610351562,257.2900085449219,250.60000610351562,253.83999633789062,16391069.0,4160708894.9341125,248.0883331298828,249.5438232421875,246.18443298339844,247.3306121826172,5273633.5,1385489920.0,782,3.231196880340576
2025-08-26,253.0,254.82000732421875,251.30999755859375,252.02999877929688,15797327.0,3981400304.5261536,255.20912170410156,258.5818786621094,253.58651733398438,257.5535583496094,15514304.0,3915977984.0,783,3.231196880340576
2025-08-28,252.02000427246094,252.35000610351562,249.0800018310547,250.64999389648438,5851451.0,1466666157.4355774,256.7726745605469,258.0535888671875,241.2057342529297,253.0733642578125,11275538.0,2768909824.0,784,3.383429527282715
2025-08-29,250.5,253.10000610351562,248.66000366210938,249.41000366210938,10117017.0,2523285247.019623,248.47354125976562,249.7489013671875,244.24969482421875,245.3430633544922,5519305.5,1504741632.0,785,3.383429527282715
2025-09-01,249.4199981689453,252.99000549316406,249.39999389648438,250.36000061035156,3198345.0,800737656.1521149,251.28993225097656,255.69700622558594,250.94276428222656,253.15171813964844,7488015.0,1849841536.0,786,3.383429527282715
2025-09-02,250.36000061035156,253.14999389648438,249.60000610351562,250.92999267578125,5046939.0,1266428366.3051147,252.03810119628906,254.83868408203125,250.8275146484375,253.1293487548828,8144277.0,2094252288.0,787,3.383429527282715
2025-09-03,251.89999389648438,252.39999389648438,249.1199951171875,249.55999755859375,3862765.0,963991623.9694214,250.71783447265625,256.8727111816406,248.87518310546875,252.57699584960938,10736187.0,2760736768.0,788,3.383429527282715
2025-09-04,249.5,250.33999633789062,244.44000244140625,244.97000122070312,5021036.0,1230003195.0491943,251.29171752929688,252.6599884033203,245.8695526123047,247.26463317871094,9275541.0,2339142400.0,789,3.383429527282715
2025-09-05,246.10000610351562,247.32000732421875,241.27000427246094,243.6699981689453,6233782.0,1518985648.5256042,245.90606689453125,247.79373168945312,242.694580078125,244.09654235839844,6740803.0,1734032256.0,790,3.383429527282715
2025-09-08,244.36000061035156,246.99000549316406,242.1999969482422,242.52000427246094,6596932.0,1599887976.8251343,243.92214965820312,250.15850830078125,242.70492553710938,245.5433807373047,8219789.0,2038604288.0,791,3.383429527282715
2025-09-09,245.0,249.85000610351562,245.0,249.14999389648438,12836972.0,3198331495.449341,242.83616638183594,245.59750366210938,241.85601806640625,243.9514617919922,3142889.5,847351936.0,792,3.2979347705841064
2025-09-10,249.3000030517578,257.1700134277344,249.25,255.75,15261331.0,3903085403.25,243.46087646484375,248.96197509765625,236.7806396484375,247.49713134765625,13218648.0,3189578496.0,793,3.2979347705841064
2025-09-11,255.6999969482422,255.6999969482422,252.1699981689453,253.91000366210938,5865301.0,1489258598.3893738,252.55406188964844,253.2310791015625,251.0454559326172,251.77781677246094,10873532.0,2682364928.0,794,3.2979347705841064
2025-09-12,254.8800048828125,255.89999389648438,250.82000732421875,251.94000244140625,5345794.0,1346819353.411255,252.94549560546875,253.62721252441406,250.6931915283203,251.5129852294922,5123045.0,1374754176.0,795,3.2979347705841064
2025-09-15,251.5,251.7899932861328,249.60000610351562,251.27999877929688,3700703.0,929912645.3225403,249.77476501464844,252.88938903808594,244.75108337402344,248.751708984375,6181999.0,1611621888.0,796,3.2979347705841064
2025-09-16,252.0,254.5,250.1999969482422,254.00999450683594,7316998.0,1858590621.7865295,249.37991333007812,251.18612670898438,246.73497009277344,249.4746551513672,5921777.5,1569465728.0,797,3.2979347705841064
2025-09-17,253.3000030517578,255.5,252.85000610351562,254.14999389648438,7339871.0,1865428169.8509827,252.654296875,253.91041564941406,250.63211059570312,251.76222229003906,4968413.5,1351471872.0,798,3.2979347705841064
2025-09-18,257.0,259.79998779296875,256.0,256.92999267578125,10498239.0,2697312469.378601,254.27503967285156,255.99574279785156,252.9097900390625,254.2415313720703,5372968.5,1459264256.0,799,3.2979347705841064
2025-09-19,257.0,257.6600036621094,254.6999969482422,255.8800048828125,10741757.0,2748600833.6099854,256.7788391113281,258.761962890625,254.9380340576172,257.3375244140625,13895116.0,3496070144.0,800,3.36191463470459
2025-09-22,248.5500030517578,251.77999877929688,247.2100067138672,250.3300018310547,15784007.0,3951210501.21138,246.34532165527344,252.1869659423828,245.1903076171875,250.0944061279297,15381892.0,3758933248.0,801,3.36191463470459
2025-09-23,250.22000122070312,252.0,248.75,249.6300048828125,8674114.0,2165319120.1740723,250.8087921142578,252.31777954101562,246.31448364257812,247.30357360839844,6100130.0,1616701184.0,802,3.36191463470459
2025-09-24,248.3300018310547,249.1199951171875,244.25,244.58999633789062,7888797.0,1929520829.3403625,245.67056274414062,252.8445587158203,245.2166748046875,249.0667724609375,9518098.0,2343240960.0,803,3.36191463470459
2025-09-25,245.4499969482422,245.63999938964844,241.27999877929688,242.0,7957740.0,1925773080.0,246.46067810058594,248.69277954101562,240.2415771484375,245.75869750976562,8685718.0,2134296320.0,804,3.36191463470459
2025-09-26,241.4499969482422,241.5500030517578,235.00999450683594,235.75,16999628.0,4007662301.0,241.74867248535156,241.5211639404297,240.13629150390625,238.65821838378906,6869662.0,1665445888.0,805,3.36191463470459
2025-09-29,236.8800048828125,240.7899932861328,236.2899932861328,239.63999938964844,8894412.0,2131456886.2512817,237.33546447753906,242.24514770507812,236.8282470703125,240.2378692626953,9812373.0,2376555776.0,806,3.36191463470459
2025-09-30,239.92999267578125,241.5,239.0,239.3699951171875,5590909.0,1338295860.0306396,239.74578857421875,241.9995574951172,238.15611267089844,239.65621948242188,5698313.0,1444593280.0,807,3.36191463470459
2025-10-01,240.0,243.57000732421875,237.83999633789062,241.07000732421875,9479378.0,2285193723.889038,239.71742248535156,241.78057861328125,238.10572814941406,239.47402954101562,5255740.5,1351400832.0,808,3.3557281494140625
2025-10-03,240.97999572753906,241.39999389648438,238.05999755859375,240.97999572753906,10968346.0,2643151972.21817,240.7371063232422,244.87408447265625,239.20257568359375,243.4017791748047,9645970.0,2354810112.0,809,3.3557281494140625
2025-10-06,240.0,242.9600067138672,239.32000732421875,242.1300048828125,6064946.0,1468505404.5939941,242.39390563964844,242.7087860107422,240.3634796142578,239.32601928710938,8601812.0,2063074560.0,810,3.3557281494140625
2025-10-07,242.89999389648438,245.0,242.13999938964844,243.52999877929688,6587728.0,1604309391.7983398,241.98236083984375,244.433837890625,240.00933837890625,241.35177612304688,11332487.0,2757326592.0,811,3.3557281494140625
2025-10-08,243.25,246.35000610351562,242.57000732421875,244.27000427246094,7360563.0,1797964755.457718,243.39663696289062,244.9331817626953,240.02720642089844,241.1241455078125,5672267.0,1464091904.0,812,3.3557281494140625
2025-10-09,243.99000549316406,246.8000030517578,243.16000366210938,246.39999389648438,4629760.0,1140772835.7421875,240.45608520507812,246.61279296875,241.17893981933594,245.19715881347656,12221456.0,2825161216.0,813,3.3557281494140625
2025-10-10,248.0,251.25,246.25,248.6999969482422,7070200.0,1758358718.423462,247.18519592285156,249.15139770507812,246.8402557373047,248.04193115234375,5790809.5,1496179712.0,814,3.3557281494140625
2025-10-13,246.05999755859375,247.6999969482422,244.50999450683594,245.1300048828125,6717589.0,1646682624.3707275,249.74696350097656,251.5506591796875,248.7939453125,250.15342712402344,5656529.5,1448729472.0,815,3.3557281494140625
2025-10-14,245.8000030517578,250.14999389648438,245.11000061035156,248.4199981689453,7888607.0,1959687736.4955292,244.11900329589844,245.6260986328125,238.9844970703125,240.88682556152344,10611759.0,2554025728.0,816,3.421506404876709
2025-10-15,250.0,252.1300048828125,248.5399932861328,250.2100067138672,13278925.0,3322519913.402939,247.29055786132812,254.5185546875,246.12704467773438,250.5491943359375,8154193.0,2117913600.0,817,3.421506404876709
2025-10-16,250.39999389648438,254.07000732421875,248.8000030517578,253.80999755859375,10661302.0,2705945034.5914307,251.3751220703125,254.44261169433594,249.8500213623047,252.35211181640625,14560942.0,3663656960.0,818,3.421506404876709
2025-10-17,250.0,250.0,239.11000061035156,240.89999389648438,43802251.0,10551961998.552277,253.34368896484375,255.9910430908203,251.64768981933594,254.2224884033203,10349495.0,2631685120.0,819,3.421506404876709
2025-10-20,240.89999389648438,241.94000244140625,239.27000427246094,241.24000549316406,9871824.0,2381478875.987549,245.91046142578125,246.7491455078125,243.70388793945312,242.98094177246094,9085639.0,2197736960.0,820,3.421506404876709
2025-10-21,241.0,242.16000366210938,240.36000061035156,241.36000061035156,2082336.0,502592618.23095703,241.7843475341797,244.73521423339844,240.7482452392578,243.0228271484375,6602376.5,1626987648.0,821,3.421506404876709
2025-10-23,244.8000030517578,247.8000030517578,243.3699951171875,244.3000030517578,18964626.0,4633058189.675446,244.0288848876953,245.32643127441406,243.4368133544922,244.30007934570312,5353576.0,1326850176.0,822,3.421506404876709
2025-10-24,245.0,245.8800048828125,242.16000366210938,242.97999572753906,6803979.0,1653230788.3502655,243.5731658935547,247.85389709472656,240.39430236816406,245.61355590820312,12930562.0,3042190592.0,823,3.421506404876709
2025-10-27,243.2899932861328,245.72999572753906,243.05999755859375,243.91000366210938,9550336.0,2329422488.734375,242.82339477539062,245.24899291992188,235.37216186523438,241.38954162597656,12426798.0,2952965120.0,824,3.370074510574341
2025-10-28,243.66000366210938,244.6999969482422,241.39999389648438,242.3800048828125,8780789.0,2128287680.6949463,243.5417938232422,245.5821075439453,242.12326049804688,243.90969848632812,5962524.0,1480146944.0,825,3.370074510574341
2025-10-29,243.60000610351562,243.60000610351562,241.63999938964844,242.27999877929688,8776917.0,2126471440.04599,241.90036010742188,243.0316925048828,237.7582550048828,238.7384490966797,10498011.0,2470742528.0,826,3.370074510574341
2025-10-30,242.88999938964844,244.77000427246094,240.5,241.9199981689453,8344622.0,2018730938.9605408,239.47958374023438,245.96336364746094,238.73419189453125,243.47157287597656,14262444.0,3312738304.0,827,3.370074510574341
2025-10-31,242.11000061035156,243.19000244140625,240.5,240.6699981689453,5659566.0,1362087738.8570251,241.64073181152344,243.1719512939453,238.99490356445312,240.29458618164062,11297130.0,2651453952.0,828,3.370074510574341
2025-11-03,240.6699981689453,241.2899932861328,239.5,240.5,4902693.0,1179097666.5,239.99513244628906,243.76670837402344,238.482666015625,241.53958129882812,32638646.0,7295951360.0,829,3.370074510574341
2025-11-04,240.5,240.83999633789062,237.52000427246094,237.9199981689453,6848284.0,1629343716.7404175,242.67355346679688,243.36463928222656,240.7269744873047,240.94772338867188,8770917.0,2036570368.0,830,3.370074510574341
2025-11-06,240.0,240.6199951171875,238.3699951171875,240.0500030517578,7141517.0,1714321177.6441803,238.45191955566406,240.40298461914062,236.30197143554688,237.75830078125,10942751.0,2548520960.0,831,3.370074510574341
2025-11-07,238.6999969482422,239.25,236.0,236.49000549316406,5520619.0,1305571217.635666,240.3258819580078,241.9862518310547,238.78623962402344,239.7387237548828,6543489.0,1596145408.0,832,3.3866028785705566
2025-11-10,237.44000244140625,241.5500030517578,237.02000427246094,239.83999633789062,8566758.0,2054651207.3475952,237.08372497558594,239.7646942138672,236.23468017578125,238.12588500976562,4904627.0,1235303552.0,833,3.3866028785705566
2025-11-11,241.10000610351562,242.0500030517578,238.80999755859375,241.69000244140625,8831094.0,2134387130.420288,238.44219970703125,243.94017028808594,236.40948486328125,241.5093231201172,14744602.0,3122872320.0,834,3.3866028785705566
2025-11-12,242.75,246.3000030517578,242.10000610351562,245.22000122070312,13152546.0,3225267346.175354,241.2353515625,244.39015197753906,240.15457153320312,242.42420959472656,10760104.0,2584389632.0,835,3.3866028785705566
2025-11-13,246.0,246.0,244.0,245.3300018310547,6211124.0,1523775062.2929077,244.57785034179688,246.92611694335938,242.00262451171875,245.15420532226562,9863883.0,2412013056.0,836,3.3866028785705566
2025-11-14,243.9199981689453,245.89999389648438,242.14999389648438,244.3699951171875,6841554.0,1671870517.5739746,241.9587860107422,251.08790588378906,241.551025390625,246.2955322265625,9236787.0,2384736768.0,837,3.3866028785705566
2025-11-17,243.97000122070312,244.77999877929688,242.69000244140625,244.0500030517578,6559062.0,1600739101.1166687,243.47369384765625,246.36434936523438,242.33248901367188,244.70999145507812,10523846.0,2556501248.0,838,3.3866028785705566
2025-11-18,242.92999267578125,244.0,240.3000030517578,240.89999389648438,4730012.0,1139459861.9302979,244.36566162109375,245.404052734375,241.71803283691406,242.3255157470703,7389689.5,1841623424.0,839,3.3866028785705566
2025-11-19,241.1999969482422,246.85000610351562,240.5399932861328,246.07000732421875,13298452.0,3272350181.0407715,236.4248504638672,243.24461364746094,236.594970703125,243.13192749023438,9572572.0,2239283200.0,840,3.3728041648864746
2025-11-20,247.5,247.8000030517578,245.7100067138672,246.25999450683594,6705862.0,1651385539.2835999,242.47659301757812,248.1508026123047,235.86094665527344,246.74964904785156,10688267.0,2597541632.0,841,3.3728041648864746
2025-11-21,245.0,247.25,243.61000061035156,244.49000549316406,5516450.0,1348716890.802765,243.5135040283203,246.38914489746094,240.2507781982422,246.59703063964844,5804696.0,1455873792.0,842,3.3728041648864746
2025-11-24,245.02000427246094,249.3800048828125,245.02000427246094,247.27000427246094,19711070.0,4873956363.114777,245.66064453125,255.0658721923828,245.07437133789062,252.56927490234375,22587180.0,5482603520.0,843,3.3728041648864746
2025-11-25,248.0,248.0,244.0,245.63999938964844,8188793.0,2011495107.5219574,246.24305725097656,251.7666015625,244.89027404785156,249.2926788330078,14440136.0,3509946368.0,844,3.3728041648864746
2025-11-26,246.0,250.5500030517578,245.6199951171875,250.19000244140625,8202096.0,2052082418.2646484,241.24874877929688,247.873779296875,240.68084716796875,244.55352783203125,8828671.0,2128891776.0,845,3.3728041648864746
2025-11-27,250.39999389648438,251.9199981689453,247.69000244140625,249.55999755859375,5268129.0,1314714260.378357,248.84625244140625,249.9388885498047,247.40264892578125,248.4015350341797,4241490.0,1134057600.0,846,3.3728041648864746
2025-11-28,251.0,251.99000549316406,248.60000610351562,249.52999877929688,7049965.0,1759177757.8440857,247.88162231445312,248.977294921875,246.1444091796875,246.97340393066406,10981960.0,2703676416.0,847,3.3728041648864746
2025-12-01,250.10000610351562,250.75,248.86000061035156,250.27999877929688,3865446.0,967443820.161438,248.46119689941406,258.0060119628906,244.8872833251953,255.79441833496094,12144746.0,3076300544.0,848,3.391047954559326
2025-12-02,250.0,251.4499969482422,248.8699951171875,250.1699981689453,8535708.0,2135378054.7306519,249.8173370361328,254.07774353027344,247.84182739257812,249.66390991210938,5860795.0,1538451968.0,849,3.391047954559326
2025-12-03,250.60000610351562,257.1300048828125,250.5500030517578,254.69000244140625,17215454.0,4384604021.289917,250.5255126953125,251.604248046875,246.64511108398438,247.47535705566406,9443028.0,2344893440.0,850,3.391047954559326
2025-12-04,256.0,258.79998779296875,255.5,256.92999267578125,10687381.0,2745908722.0532837,254.31500244140625,257.4777526855469,253.38723754882812,256.36737060546875,7480860.5,1930896000.0,851,3.391047954559326
2025-12-05,258.20001220703125,261.1000061035156,257.70001220703125,259.9100036621094,7886562.0,2049796358.3014526,256.57049560546875,258.1899719238281,254.2705535888672,256.07843017578125,10905489.0,2770915840.0,852,3.391047954559326
2025-12-08,260.010009765625,263.07000732421875,259.7099914550781,261.3800048828125,9684253.0,2531270096.4263916,259.2257995605469,261.83770751953125,257.9112854003906,259.91339111328125,6785589.0,1798669568.0,853,3.391047954559326
2025-12-09,261.3800048828125,261.82000732421875,257.04998779296875,257.4100036621094,8560580.0,2203578929.1497803,257.2340393066406,260.81402587890625,255.74339294433594,259.7853698730469,10904392.0,2787080192.0,854,3.391047954559326
2025-12-10,258.010009765625,260.3699951171875,257.25,257.9800109863281,7944200.0,2049444803.277588,258.1847839355469,259.37310791015625,256.9882507324219,257.7738037109375,12898402.0,3320841216.0,855,3.391047954559326
2025-12-11,258.30999755859375,259.9800109863281,257.7200012207031,259.25,6473376.0,1678222728.0,255.4606475830078,261.56756591796875,253.9428253173828,254.5028076171875,8726434.0,2304435712.0,856,3.346231698989868
2025-12-12,259.5,260.82000732421875,257.3599853515625,260.6000061035156,4008271.0,1044555447.0645447,259.1568298339844,261.1562194824219,257.982666015625,259.72418212890625,5711981.0,1522732032.0,857,3.346231698989868
2025-12-15,259.989990234375,262.5,258.5400085449219,261.739990234375,4023911.0,1053218425.8439941,259.67742919921875,261.4895324707031,258.37359619140625,259.980224609375,5216511.5,1404145792.0,858,3.346231698989868
2025-12-16,261.739990234375,261.75,258.79998779296875,259.2200012207031,2982041.0,773004671.6601868,261.22637939453125,264.0218505859375,260.34912109375,262.78704833984375,6314893.0,1699531008.0,859,3.346231698989868
2025-12-17,259.0,262.1300048828125,258.30999755859375,261.1400146484375,4923276.0,1285664366.7583008,260.337890625,262.64788818359375,259.14990234375,261.3640441894531,5492702.0,1473834112.0,860,3.346231698989868
2025-12-18,261.17999267578125,264.989990234375,261.0,263.8500061035156,9008412.0,2376869561.1829834,260.19482421875,261.7268371582031,258.6700439453125,260.1208190917969,4941072.0,1320606592.0,861,3.346231698989868
2025-12-19,267.0,267.0,263.29998779296875,264.45001220703125,12750745.0,3371934670.8987427,264.32330322265625,266.96343994140625,262.16583251953125,264.30694580078125,8912269.0,2390581248.0,862,3.346231698989868
2025-12-22,267.510009765625,273.1000061035156,266.79998779296875,272.6700134277344,14651313.0,3994973712.443939,264.3104553222656,264.9891357421875,261.7747497558594,263.1033935546875,4983709.0,1336445184.0,863,3.346231698989868
2025-12-23,272.0,272.4800109863281,270.2099914550781,271.3999938964844,7572420.0,2055154741.7816162,269.7052307128906,270.83251953125,264.15576171875,265.810302734375,12869104.0,3463902208.0,864,3.3249220848083496
2025-12-24,270.94000244140625,270.9800109863281,267.20001220703125,268.05999755859375,4694861.0,1258504428.197937,271.2912902832031,274.35675048828125,269.2204895019531,272.4235534667969,13471086.0,3657482496.0,865,3.3249220848083496
2025-12-26,267.20001220703125,268.8800048828125,265.739990234375,266.29998779296875,2899112.0,772033490.2104492,269.2371520996094,271.1239929199219,267.2969970703125,269.4052429199219,9272050.0,2491376128.0,866,3.3249220848083496
2025-12-29,265.989990234375,267.3900146484375,263.6000061035156,264.239990234375,3755074.0,992240717.0893555,268.9683837890625,271.0118408203125,267.5707092285156,269.7547912597656,6173457.5,1700405120.0,867,3.3249220848083496
2025-12-30,264.0,264.7200012207031,263.0199890136719,263.6499938964844,5117699.0,1349281310.1140442,266.1801452636719,267.984130859375,264.8948669433594,266.85040283203125,4842531.0,1331027072.0,868,3.3249220848083496
2025-12-31,264.0,264.6000061035156,261.260009765625,263.2799987792969,5705044.0,1502023977.355835,263.4637451171875,264.4073791503906,261.8575439453125,262.9923095703125,3446398.5,962881664.0,869,3.3249220848083496
2026-01-01,264.5,268.04998779296875,263.75,267.3500061035156,3639755.0,973088521.4653015,265.887451171875,267.8216857910156,264.2139892578125,266.194091796875,5497156.5,1514236160.0,870,3.3249220848083496
2026-01-02,267.3500061035156,272.3999938964844,266.1499938964844,269.0,8286204.0,2228988876.0,266.8011474609375,270.0970764160156,265.58441162109375,268.79632568359375,7261507.0,1971325056.0,871,3.3249220848083496
2026-01-05,269.45001220703125,269.6499938964844,261.70001220703125,263.29998779296875,7006599.0,1844837431.170227,269.74432373046875,271.39776611328125,268.11199951171875,269.89666748046875,5982679.0,1637700480.0,872,3.2564525604248047
2026-01-06,263.29998779296875,266.1000061035156,262.95001220703125,265.6000061035156,4083654.0,1084618527.324646,263.7579040527344,265.9810791015625,262.2837829589844,264.350341796875,8292175.5,2197222400.0,873,3.2564525604248047
2026-01-07,265.0,272.5,264.5,270.79998779296875,10242615.0,2773700016.9680786,265.22283935546875,266.8359375,263.7746276855469,265.7137756347656,3087421.5,862031360.0,874,3.2564525604248047
2026-01-08,270.8999938964844,270.8999938964844,261.3500061035156,262.20001220703125,9269522.0,2430468781.5533447,272.1463623046875,274.9177551269531,270.7109680175781,273.1169128417969,7040905.0,1995471488.0,875,3.2564525604248047
2026-01-09,261.3500061035156,263.95001220703125,260.45001220703125,261.95001220703125,4735387.0,1240434682.455017,261.7191467285156,261.8126525878906,253.8653106689453,254.87208557128906,8780234.0,2161201920.0,876,3.2564525604248047
2026-01-12,260.70001220703125,264.5,259.04998779296875,263.1000061035156,3802164.0,1000349371.6065674,262.4431457519531,265.4266357421875,261.1485595703125,263.6413879394531,10512308.0,2677079808.0,877,3.2564525604248047
2026-01-13,263.45001220703125,264.8500061035156,261.29998779296875,264.20001220703125,6931244.0,1831234749.409912,262.25634765625,262.9825439453125,260.35418701171875,261.2589416503906,2152443.0,647782144.0,878,3.2564525604248047
2026-01-14,264.0,264.0,259.6000061035156,260.20001220703125,5625861.0,1463849100.875061,264.0622253417969,266.3127136230469,262.6815490722656,265.0778503417969,4553432.0,1229099264.0,879,3.2564525604248047
2026-01-15,260.20001220703125,260.20001220703125,260.20001220703125,260.20001220703125,0.0,0.0,261.7112121582031,263.39154052734375,258.0447082519531,258.8432922363281,5447483.0,1448278016.0,880,3.161904811859131
2026-01-16,263.25,269.79998779296875,263.0,267.45001220703125,12028289.0,3216966039.8796997,261.3772277832031,263.9220275878906,260.5054931640625,262.7486877441406,3189991.5,872898688.0,881,3.161904811859131
2026-01-19,252.0,252.0,241.5500030517578,245.9499969482422,65833247.0,16191686898.742874,267.0019226074219,270.3650817871094,266.0089111328125,269.07379150390625,5598464.0,1517953920.0,882,3.161904811859131
2026-01-20,245.9499969482422,246.0,239.39999389648438,239.89999389648438,16796201.0,4029408517.3841248,250.91000366210938,256.82562255859375,248.9569854736328,253.86888122558594,26354068.0,6498892800.0,883,3.161904811859131
2026-01-21,239.89999389648438,242.60000610351562,237.60000610351562,239.5500030517578,14397792.0,3448991117.538574,243.03643798828125,245.2032012939453,240.6866455078125,242.00540161132812,12694939.0,3050490880.0,884,3.161904811859131
2026-01-22,242.0,242.89999389648438,239.1999969482422,240.64999389648438,8537915.0,2054649192.6387024,240.76797485351562,245.19017028808594,236.39476013183594,244.30706787109375,13584102.0,3225154048.0,885,3.161904811859131
2026-01-23,242.3000030517578,243.5500030517578,237.85000610351562,238.39999389648438,13546802.0,3229557514.1168823,243.87864685058594,244.31494140625,242.0390167236328,242.79637145996094,6389693.0,1484102144.0,886,3.161904811859131
2026-01-27,235.1999969482422,236.39999389648438,231.75,234.8000030517578,15677537.0,3681085735.444046,237.8930206298828,242.26206970214844,237.08958435058594,238.498291015625,16360809.0,3863936256.0,887,3.161904811859131
2026-01-28,235.5,238.10000610351562,234.9499969482422,237.35000610351562,10155128.0,2410319692.7819824,234.22523498535156,235.2759552001953,230.8977508544922,231.6571502685547,16052967.0,3752855552.0,888,3.185291290283203
2026-01-29,236.1999969482422,240.89999389648438,235.4499969482422,239.8000030517578,12201949.0,2926027407.437393,238.04391479492188,239.0675811767578,235.82965087890625,236.49392700195312,7286204.0,1740809984.0,889,3.185291290283203
2026-01-30,238.0,238.0,235.3000030517578,236.89999389648438,11362317.0,2691732827.9499207,240.9693145751953,242.5377655029297,238.90487670898438,240.1862335205078,6659913.0,1631055104.0,890,3.185291290283203
2026-02-02,244.0,244.0800018310547,239.2899932861328,242.3000030517578,12335721.0,2988945235.945633,238.13478088378906,240.90347290039062,236.87754821777344,239.30279541015625,6913260.0,1652388352.0,891,3.185291290283203
2026-02-03,259.2099914550781,259.8900146484375,242.27999877929688,242.69000244140625,25915412.0,6289411401.550049,241.67431640625,243.77610778808594,239.76824951171875,241.779052734375,8636594.0,2094656896.0,892,3.185291290283203
2026-02-04,235.91000366210938,235.9199981689453,226.25999450683594,233.33999633789062,25995324.0,6065748806.96228,247.19921875,248.9564208984375,240.266357421875,246.03652954101562,7534960.0,1851410304.0,893,3.185291290283203
2026-02-05,233.33999633789062,235.57000732421875,231.6999969482422,233.38999938964844,10102736.0,2357877548.8737793,231.10565185546875,233.0277099609375,227.55078125,229.7294921875,14591204.0,3443523584.0,894,3.185291290283203
2026-02-06,232.92999267578125,232.92999267578125,228.60000610351562,230.72000122070312,12279085.0,2833030506.1891174,233.51510620117188,235.2122039794922,231.70907592773438,233.3509521484375,4621493.5,1121100672.0,895,3.185291290283203
2026-02-09,231.85000610351562,232.92999267578125,229.61000061035156,230.0800018310547,9112474.0,2096598034.6054382,233.66705322265625,235.40261840820312,229.46165466308594,230.976318359375,11587343.0,2702982656.0,896,3.081374168395996
2026-02-10,229.97999572753906,232.86000061035156,227.1999969482422,231.47000122070312,12435622.0,2878473439.5202026,230.674560546875,230.96498107910156,228.4386444091797,228.33001708984375,10856964.0,2479431936.0,897,3.081374168395996
2026-02-11,231.47000122070312,233.0,229.5,229.80999755859375,7874912.0,1809733507.4941406,230.94151306152344,235.0737762451172,227.2369384765625,232.94036865234375,13732561.0,3272817152.0,898,3.081374168395996
2026-02-12,226.1999969482422,226.25999450683594,218.5,219.0800018310547,40899346.0,8960228796.56894,231.2429656982422,235.53146362304688,228.616943359375,234.30978393554688,13480970.0,3157659904.0,899,3.081374168395996
2026-02-13,210.64999389648438,216.47999572753906,209.00999450683594,214.08999633789062,23721186.0,5078468623.870422,221.21434020996094,223.81643676757812,218.9217071533203,221.493408203125,24536030.0,5277152256.0,900,3.081374168395996
2026-02-16,214.6199951171875,216.91000366210938,210.11000061035156,213.25999450683594,20754327.0,4426067662.013077,211.3849639892578,219.43045043945312,208.68145751953125,216.36509704589844,36478808.0,7718199296.0,901,3.081374168395996
2026-02-17,213.25999450683594,219.38999938964844,212.25999450683594,215.69000244140625,26941553.0,5811023632.345276,211.88955688476562,216.9146270751953,211.0912628173828,216.07748413085938,15621364.0,3400906240.0,902,3.081374168395996
2026-02-18,216.1999969482422,216.39999389648438,210.25999450683594,211.9499969482422,22679760.0,4806975062.786865,212.60865783691406,217.11013793945312,209.92919921875,213.29525756835938,33526552.0,7495252992.0,903,3.081374168395996
2026-02-19,214.0,215.44000244140625,210.39999389648438,211.2100067138672,14151588.0,2988956996.4918823,207.34564208984375,216.51336669921875,210.3387451171875,217.7039337158203,17592564.0,3753419264.0,904,2.8860416412353516
2026-02-20,209.6999969482422,211.9600067138672,208.25,209.86000061035156,17690420.0,3712511551.9973755,213.32554626464844,215.4718475341797,210.05377197265625,212.68472290039062,11807947.0,2654002176.0,905,2.8860416412353516
2026-02-23,210.36000061035156,211.74000549316406,204.27999877929688,205.88999938964844,20946229.0,4312619076.025436,210.82852172851562,223.89840698242188,209.66795349121094,219.01712036132812,11249306.0,2599728384.0,906,2.8860416412353516
2026-02-24,203.0,203.2899932861328,199.36000061035156,200.13999938964844,25036686.0,5010842320.75882,206.002197265625,209.61349487304688,205.19378662109375,207.3985595703125,23893476.0,4419611648.0,907,2.8860416412353516
2026-02-25,201.30999755859375,205.47999572753906,201.30999755859375,201.9199981689453,13979068.0,2822653384.963562,203.28775024414062,207.92626953125,202.63690185546875,206.47036743164062,13927692.0,3022240512.0,908,2.8860416412353516
2026-02-26,203.7100067138672,204.6300048828125,199.1199951171875,201.0800018310547,14378069.0,2891142140.8470306,201.24862670898438,207.34121704101562,201.83348083496094,205.25823974609375,14918813.0,3263219456.0,909,2.8860416412353516
2026-02-27,204.0,204.0,200.0500030517578,200.9600067138672,13288519.0,2670460867.4573517,204.0946502685547,210.3873748779297,201.90794372558594,207.71481323242188,23131420.0,5066290176.0,910,2.8860416412353516
2026-03-02,195.0,200.36000061035156,194.6999969482422,198.57000732421875,10486866.0,2082377058.4281006,200.10696411132812,206.37884521484375,197.6601104736328,202.0099639892578,23144254.0,5089682432.0,911,2.8860416412353516
2026-03-04,196.00999450683594,197.1199951171875,194.50999450683594,195.5500030517578,19562075.0,3825363825.948715,198.13963317871094,198.79254150390625,193.6718292236328,194.65615844726562,11006526.0,2466705152.0,912,2.7044637203216553
2026-03-05,196.39999389648438,196.97000122070312,193.22000122070312,195.67999267578125,13149281.0,2573051209.7717896,194.00164794921875,195.9535369873047,190.9957275390625,192.58221435546875,21653360.0,4741309440.0,913,2.7044637203216553
2026-03-06,195.60000610351562,198.92999267578125,195.0,195.39999389648438,9022914.0,1763077340.5285034,194.64508056640625,196.61514282226562,192.12380981445312,193.90863037109375,25525460.0,5566795264.0,914,2.7044637203216553
2026-03-09,194.0,199.5,193.02999877929688,198.75,25862728.0,5140217190.0,197.75650024414062,199.44229125976562,196.127685546875,196.12274169921875,15329326.0,3305651968.0,915,2.7044637203216553
2026-03-10,200.5,201.30999755859375,197.4199981689453,200.92999267578125,12982340.0,2608541481.114502,199.57943725585938,201.78067016601562,185.28651428222656,197.79457092285156,24790128.0,5392395264.0,916,2.7044637203216553
2026-03-11,202.69000244140625,205.9499969482422,201.5800018310547,202.22999572753906,29199002.0,5904914049.708405,195.87106323242188,199.61773681640625,193.8717041015625,198.68687438964844,12951242.0,2743886848.0,917,2.7044637203216553
2026-03-12,201.05999755859375,203.8000030517578,199.6999969482422,202.50999450683594,19042475.0,3856291507.6465607,201.63427734375,203.266357421875,199.057861328125,200.360595703125,16220334.0,3564430848.0,918,2.7044637203216553
2026-03-13,200.60000610351562,202.07000732421875,196.0399932861328,197.5800018310547,12629652.0,2495366665.2855835,202.9063720703125,206.15911865234375,197.3889617919922,202.23133850097656,21569740.0,4712503808.0,919,2.7044637203216553
2026-03-16,196.24000549316406,198.2899932861328,192.77000427246094,195.11000061035156,12631649.0,2464561044.0997467,197.673583984375,199.3072967529297,196.09356689453125,197.38766479492188,11904321.0,2628085760.0,920,2.582873582839966
2026-03-17,195.0,195.11000061035156,188.25,191.32000732421875,21778468.0,4166656657.2702637,195.71234130859375,198.3768768310547,191.03302001953125,195.97909545898438,20117180.0,4354749952.0,921,2.582873582839966
2026-03-18,193.0,198.0,192.69000244140625,194.3000030517578,24529164.0,4766016640.057068,191.6027374267578,192.5823974609375,188.94940185546875,189.8039093017578,16185847.0,3439165184.0,922,2.582873582839966
2026-03-19,191.97999572753906,192.7899932861328,187.67999267578125,188.41000366210938,13685195.0,2578427640.066681,198.53955078125,200.15823364257812,195.18138122558594,196.968505859375,25041870.0,5382220800.0,923,2.582873582839966
2026-03-20,191.19000244140625,192.3000030517578,188.41000366210938,190.89999389648438,24395304.0,4657063384.702881,191.278564453125,204.31307983398438,190.2696533203125,201.67591857910156,30578856.0,6704086016.0,924,2.582873582839966
2026-03-23,189.41000366210938,190.6199951171875,187.0,187.5399932861328,12014988.0,2253290768.8529663,191.71630859375,193.330078125,189.60430908203125,190.85340881347656,16581186.0,3523687424.0,925,2.582873582839966
2026-03-24,191.5,191.5,187.8000030517578,188.74000549316406,11843191.0,2235283934.396591,188.12322998046875,192.43360900878906,187.37826538085938,190.61282348632812,18150992.0,3841580544.0,926,2.582873582839966
2026-03-25,189.0,190.6199951171875,187.89999389648438,189.0500030517578,13862888.0,2620779018.7061768,189.18414306640625,190.1363525390625,187.38299560546875,187.9773712158203,9161447.0,1954145536.0,927,2.582873582839966
2026-03-27,189.0500030517578,192.2899932861328,187.89999389648438,191.60000610351562,26269256.0,5033189609.934814,187.86314392089844,187.8826904296875,184.48397827148438,184.58767700195312,13972063.0,2923045120.0,928,2.508463144302368
2026-03-30,189.99000549316406,191.6300048828125,186.5,187.63999938964844,27946986.0,5243972435.982513,198.2607421875,197.88006591796875,196.9061279296875,195.59710693359375,15507994.0,3187747584.0,929,2.508463144302368
2026-04-01,191.50999450683594,194.49000549316406,190.41000366210938,191.17999267578125,11769673.0,2250125997.9363403,191.4359893798828,192.6656036376953,184.35382080078125,188.52586364746094,22819940.0,4819451904.0,930,2.508463144302368
2026-04-02,190.5,195.33999633789062,188.5800018310547,194.91000366210938,16623045.0,3239997761.825409,194.1331024169922,196.59083557128906,192.03269958496094,193.65643310546875,18085886.0,3815705856.0,931,2.508463144302368
2026-04-06,197.0,201.17999267578125,196.11000061035156,197.2899932861328,23282287.0,4593362245.915817,192.3911895751953,193.1800079345703,189.49253845214844,189.89981079101562,18076978.0,3847148288.0,932,2.508463144302368
2026-04-07,197.00999450683594,205.27000427246094,197.00999450683594,204.72000122070312,24771466.0,5071214549.758606,198.5869903564453,200.88014221191406,196.45693969726562,198.0152130126953,20522004.0,4432211456.0,933,2.508463144302368
2026-04-08,207.6999969482422,209.0,202.8000030517578,203.4199981689453,22084158.0,4492359379.922699,202.1088409423828,205.48681640625,200.35604858398438,202.86328125,20978336.0,4595510272.0,934,2.508463144302368
2026-04-09,203.7100067138672,204.16000366210938,201.6300048828125,202.8699951171875,14540807.0,2949893445.089966,198.72323608398438,208.77508544921875,195.43832397460938,206.85736083984375,16779212.0,3625456896.0,935,2.508463144302368
2026-04-10,208.6999969482422,208.6999969482422,200.6199951171875,204.8800048828125,51219565.0,10493864727.295532,200.80892944335938,202.78602600097656,198.02365112304688,201.18519592285156,17958690.0,3878935552.0,936,2.4179728031158447
2026-04-13,203.00999450683594,203.39999389648438,200.30999755859375,202.97000122070312,21930624.0,4451258780.050781,205.8760528564453,206.5955352783203,203.57386779785156,203.47433471679688,20579450.0,4393520128.0,937,2.4179728031158447
2026-04-15,206.5,210.49000549316406,205.10000610351562,209.75,27890080.0,5849944280.0,203.1546630859375,204.2598114013672,198.2769775390625,199.35104370117188,19298692.0,4135035136.0,938,2.4179728031158447
2026-04-16,212.97999572753906,212.97999572753906,208.2100067138672,210.25999450683594,36305074.0,7633504659.810272,207.20083618164062,208.86082458496094,200.39085388183594,204.72946166992188,19914712.0,4267879424.0,939,2.4179728031158447
2026-04-17,205.0,206.4499969482422,202.5,204.32000732421875,80542603.0,16456465234.871643,200.5084991455078,207.03512573242188,195.89218139648438,202.8814239501953,25856328.0,5553839616.0,940,2.4179728031158447
2026-04-20,204.5,205.1999969482422,202.0,202.47999572753906,27927164.0,5654692047.402283,203.60708618164062,207.859130859375,200.0210723876953,203.13650512695312,24519550.0,5149414400.0,941,2.4179728031158447
2026-04-21,203.0,205.6999969482422,202.47999572753906,205.00999450683594,21530723.0,4414013403.958206,200.39300537109375,200.03289794921875,194.28565979003906,194.33677673339844,24264380.0,5051021312.0,942,2.4179728031158447
2026-04-22,203.5,205.3800048828125,202.1999969482422,204.0,21790433.0,4445248332.0,204.11351013183594,205.26547241210938,201.07899475097656,201.63494873046875,20022366.0,4244646912.0,943,2.4179728031158447
2026-04-23,204.0,204.89999389648438,202.3000030517578,202.75999450683594,20307250.0,4117497898.448944,205.9449005126953,205.6017303466797,201.85543823242188,201.77090454101562,20511142.0,4347659264.0,944,2.513218641281128
2026-04-24,202.75,202.75,197.8800048828125,199.36000061035156,39363394.0,7847486251.865509,199.06488037109375,201.80752563476562,193.53945922851562,200.23873901367188,22500244.0,4680076288.0,945,2.513218641281128
2026-04-27,199.36000061035156,205.25,199.36000061035156,205.0500030517578,42632215.0,8741735815.853195,199.56690979003906,203.32228088378906,198.60513305664062,202.01156616210938,29223088.0,6134921216.0,946,2.513218641281128
2026-04-28,204.55999755859375,205.67999267578125,201.02000427246094,201.5800018310547,23455983.0,4728257096.089188,204.2510528564453,206.18418884277344,201.6678924560547,204.052978515625,20001986.0,4182973440.0,947,2.513218641281128
2026-04-29,201.5800018310547,203.60000610351562,200.3000030517578,200.67999267578125,15667662.0,3144186295.406616,198.97874450683594,204.1750946044922,198.123291015625,201.8115234375,23684688.0,5018183680.0,948,2.513218641281128
2026-04-30,200.88999938964844,202.14999389648438,200.0,200.64999389648438,15300274.0,3069999884.7145386,198.352783203125,201.59890747070312,191.90533447265625,199.09255981445312,24254862.0,5026781184.0,949,2.513218641281128
2026-05-01,200.64999389648438,200.64999389648438,200.64999389648438,200.64999389648438,0.0,0.0,203.0264434814453,204.41555786132812,201.8133544921875,202.69924926757812,10441318.0,2198754816.0,950,2.513218641281128
2026-05-04,202.39999389648438,203.3699951171875,200.05999755859375,200.75,8446995.0,1695734246.25,201.35523986816406,204.51693725585938,200.31597900390625,202.89627075195312,7188592.0,1511733760.0,951,2.513218641281128
2026-05-05,200.0,202.3000030517578,199.60000610351562,199.77999877929688,8899200.0,1777882165.1367188,206.09376525878906,206.85691833496094,200.6383514404297,200.1167449951172,9547820.0,2014417792.0,952,2.51584529876709
2026-05-06,200.50999450683594,201.1300048828125,198.25,199.1199951171875,13166683.0,2621749854.6695557,200.010498046875,201.97137451171875,197.9130401611328,200.37286376953125,11057041.0,2273577216.0,953,2.51584529876709
2026-05-07,199.5,200.27999877929688,197.19000244140625,197.36000061035156,19303572.0,3809752981.7019653,200.18267822265625,202.12974548339844,199.34130859375,200.8218994140625,9468074.0,1973740288.0,954,2.51584529876709
2026-05-08,198.0,198.94000244140625,196.6999969482422,197.91000366210938,15970687.0,3160758722.6564026,199.3649139404297,199.33474731445312,196.63734436035156,196.40480041503906,21837088.0,4442059776.0,955,2.51584529876709
2026-05-11,197.8800048828125,198.24000549316406,196.14999389648438,196.67999267578125,9199527.0,1809362902.9806519,204.0599822998047,202.64291381835938,203.35797119140625,201.4007568359375,13227039.0,2711552512.0,956,2.51584529876709
2026-05-12,196.10000610351562,196.13999938964844,189.10000610351562,189.57000732421875,27435195.0,5200890117.09137,198.96774291992188,199.8009796142578,195.07244873046875,195.33502197265625,11612061.0,2433603072.0,957,2.51584529876709
2026-05-13,190.6699981689453,191.3000030517578,187.30999755859375,187.8000030517578,17242394.0,3238121645.8196106,191.66632080078125,193.17681884765625,188.9630889892578,191.04849243164062,33656544.0,6815079424.0,958,2.51584529876709
2026-05-14,188.25,190.17999267578125,187.0,188.3000030517578,18280387.0,3442196927.887314,190.44332885742188,192.06790161132812,188.69554138183594,189.9988250732422,12785625.0,2525108224.0,959,2.51584529876709
2026-05-15,189.89999389648438,191.89999389648438,188.8000030517578,190.0,17902610.0,3401495900.0,190.5384521484375,192.93052673339844,189.48338317871094,191.17584228515625,8058608.0,1606479232.0,960,2.5521750450134277
2026-05-18,190.99000549316406,192.75,189.1999969482422,192.1699981689453,16327369.0,3137630470.8336945,191.28384399414062,193.08177185058594,190.00933837890625,191.06039428710938,8309795.5,1651682560.0,961,2.5521750450134277
2026-05-19,192.39999389648438,198.0,192.39999389648438,195.1699981689453,20534622.0,4007742138.139984,189.843994140625,193.6600799560547,185.6251678466797,192.7659912109375,21279240.0,4210678272.0,962,2.5521750450134277
2026-05-20,194.61000061035156,197.94000244140625,194.00999450683594,197.1199951171875,16201692.0,3193677447.930176,193.62940979003906,198.42044067382812,186.19036865234375,197.95664978027344,21544434.0,4357383680.0,963,2.5521750450134277
2026-05-21,198.5,200.0399932861328,197.5,199.74000549316406,18980608.0,3791186746.1835938,198.1425323486328,200.1990203857422,196.89088439941406,197.57656860351562,29871074.0,6111787008.0,964,2.5521750450134277
2026-05-22,200.0,205.39999389648438,198.8300018310547,203.11000061035156,40014399.0,8127324605.312851,199.8560333251953,200.2392578125,196.5997772216797,196.90049743652344,15501488.0,3130274048.0,965,2.5521750450134277
2026-05-25,207.0,209.5500030517578,204.05999755859375,206.83999633789062,72041558.0,14901075592.895935,203.8910369873047,204.11471557617188,199.79168701171875,200.12071228027344,13514774.0,2778563328.0,966,2.5521750450134277
2026-05-26,206.99000549316406,208.69000244140625,202.94000244140625,203.72999572753906,46458415.0,9464972689.458237,209.25643920898438,208.746337890625,206.78981018066406,205.815185546875,15929398.0,3359881472.0,967,2.5521750450134277
2026-05-27,203.85000610351562,205.99000549316406,200.1999969482422,201.5800018310547,39465643.0,7955484388.203751,202.3900909423828,202.7752227783203,197.66497802734375,199.1916046142578,26223568.0,5306055168.0,968,2.5508503913879395
2026-05-28,201.5800018310547,201.5800018310547,201.5800018310547,201.5800018310547,0.0,0.0,196.98585510253906,199.44444274902344,194.272705078125,197.19644165039062,25249552.0,5053043712.0,969,2.5508503913879395
2026-05-29,211.0,211.0,203.64999389648438,204.25,82734524.0,16898526527.0,191.81358337402344,196.67807006835938,188.3646697998047,193.0237579345703,32138646.0,6397018112.0,970,2.5508503913879395
2026-06-01,205.10000610351562,207.75,205.10000610351562,206.41000366210938,26491139.0,5468036098.0034485,203.33987426757812,209.29165649414062,202.4556121826172,207.9702911376953,41131172.0,8405152256.0,971,2.5508503913879395
2026-06-02,208.0,210.17999267578125,206.50999450683594,209.83999633789062,42476874.0,8913347084.605042,188.7642364501953,206.61167907714844,171.4351348876953,205.89520263671875,30108220.0,5947500032.0,972,2.5508503913879395
2026-06-03,208.0,208.39999389648438,202.0,204.10000610351562,62282204.0,12711798216.540405,211.33779907226562,212.52059936523438,207.71286010742188,208.8160400390625,30338338.0,6271567872.0,973,2.5508503913879395
2026-06-04,203.0,205.08999633789062,202.10000610351562,204.32000732421875,40659957.0,8307642712.042419,202.2779083251953,205.08432006835938,193.12380981445312,194.70303344726562,55503476.0,11187560448.0,974,2.5508503913879395
2026-06-05,191.52000427246094,199.0,188.14999389648438,198.3699951171875,43539069.0,8636844904.93689,203.17172241210938,205.20594787597656,200.20223999023438,202.34259033203125,59183776.0,12055162880.0,975,2.5508503913879395
2026-06-08,193.38999938964844,193.88999938964844,181.0,181.75999450683594,75164049.0,13661817133.351547,194.125,194.727783203125,189.80783081054688,191.65484619140625,32360164.0,6400963584.0,976,2.5710301399230957
2026-06-09,183.97000122070312,184.35000610351562,180.60000610351562,181.6699981689453,28381665.0,5156097028.581619,178.8122100830078,189.46337890625,178.38119506835938,188.44796752929688,45400156.0,8730034176.0,977,2.5710301399230957
2026-06-10,182.10000610351562,182.2899932861328,178.5,178.92999267578125,16935979.0,3030354598.427185,179.23330688476562,184.57571411132812,174.99456787109375,181.367431640625,36768328.0,7003780096.0,978,2.5710301399230957
2026-06-11,176.97000122070312,178.1999969482422,175.8300018310547,177.3699951171875,14468882.0,2566345529.691162,177.05723571777344,176.4593963623047,170.44834899902344,169.62887573242188,21622722.0,4124903424.0,979,2.5710301399230957
2026-06-12,178.64999389648438,180.4499969482422,177.57000732421875,180.13999938964844,13850153.0,2494966552.9665375,176.2300567626953,178.46629333496094,174.84426879882812,176.5177001953125,19579918.0,3717025792.0,980,2.5710301399230957
2026-06-15,183.0,183.0,180.91000366210938,181.3800048828125,13870660.0,2515860378.527832,177.22645568847656,180.57449340820312,176.95758056640625,180.8705596923828,13066057.0,2528812800.0,981,2.5710301399230957
2026-06-16,182.38999938964844,183.3800048828125,181.6300048828125,182.6699981689453,11706020.0,2138338651.9656372,179.91412353515625,181.87579345703125,178.54957580566406,180.14031982421875,18757710.0,3595629056.0,982,2.5710301399230957
2026-06-17,184.0,185.25,183.5800018310547,184.47000122070312,16131548.0,2975786679.251831,179.01646423339844,183.30853271484375,178.68785095214844,181.36447143554688,19045382.0,3633834496.0,983,2.5710301399230957
2026-06-18,184.47000122070312,184.75999450683594,181.7100067138672,182.83999633789062,18165845.0,3321443033.2746887,185.37744140625,185.99256896972656,181.1202850341797,181.52444458007812,15751817.0,3086970880.0,984,2.7028489112854004
2026-06-19,176.75999450683594,181.47999572753906,174.88999938964844,180.8000030517578,37469436.0,6774474143.147644,181.8016357421875,189.5354766845703,176.74240112304688,184.63462829589844,60255624.0,11436748800.0,985,2.7028489112854004
2026-06-22,180.83999633789062,182.39999389648438,180.0,180.17999267578125,10368112.0,1868126344.2216797,164.74270629882812,181.7516632080078,164.13424682617188,176.53103637695312,40452940.0,7556705280.0,986,2.7028489112854004
2026-06-23,179.5,179.5,174.0,174.49000549316406,23954730.0,4179860969.287262,183.13882446289062,184.80506896972656,182.05224609375,183.04307556152344,8205118.0,1588073216.0,987,2.7028489112854004
2026-06-24,171.5,175.49000549316406,171.49000549316406,174.47999572753906,56627728.0,9880405739.500244,174.34568786621094,174.75840759277344,171.49688720703125,171.59683227539062,17204752.0,3223431680.0,988,2.7028489112854004
2026-06-25,176.0,176.38999938964844,172.69000244140625,175.0,21544904.0,3770358200.0,173.42120361328125,174.67041015625,164.8636474609375,167.5499725341797,36277728.0,6828419072.0,989,2.7028489112854004
2026-06-26,175.0,175.0,175.0,175.0,0.0,0.0,175.88278198242188,178.120849609375,175.37939453125,176.81884765625,11350557.0,2184084992.0,990,2.7028489112854004
2026-06-29,176.27999877929688,176.69000244140625,174.60000610351562,175.47999572753906,24484011.0,4296454145.673019,176.28585815429688,176.37472534179688,165.52911376953125,167.59765625,30870236.0,5748796416.0,991,2.7028489112854004
2026-06-30,175.0,175.39999389648438,170.0500030517578,170.38999938964844,26845383.0,4574184792.984879,173.65025329589844,174.88418579101562,171.61288452148438,172.42298889160156,26110556.0,4846524416.0,992,2.9237308502197266
2026-07-01,171.0,172.14999389648438,169.25,170.1300048828125,34638511.0,5893050045.5633545,169.71353149414062,173.73651123046875,168.5540313720703,171.50953674316406,31575646.0,5757340672.0,993,2.9237308502197266
2026-07-02,169.49000549316406,174.97000122070312,169.0,174.0,43447174.0,7559808276.0,168.46243286132812,170.18890380859375,167.68063354492188,168.74343872070312,15790609.0,2863012864.0,994,2.9237308502197266
2026-07-03,176.1999969482422,178.13999938964844,174.58999633789062,176.0800018310547,29538753.0,5201183682.327072,173.1580352783203,175.6048126220703,171.5395050048828,173.89183044433594,28478988.0,5206914560.0,995,2.9237308502197266
2026-07-06,176.0800018310547,176.3000030517578,173.57000732421875,174.32000732421875,8304046.0,1447561359.5406494,177.02218627929688,177.82925415039062,172.85520935058594,173.49017333984375,32800420.0,5968802816.0,996,2.9237308502197266
2026-07-07,173.89999389648438,176.1999969482422,172.77000427246094,173.0,18837725.0,3258926425.0,174.06036376953125,177.5002899169922,174.02499389648438,176.65220642089844,24422100.0,4495118848.0,997,2.9237308502197266
2026-07-08,173.0,175.39999389648438,172.24000549316406,172.72000122070312,16482564.0,2846868474.2003174,172.79425048828125,174.5239715576172,172.36331176757812,173.4737548828125,12494500.0,2305962752.0,998,2.9237308502197266
2026-07-09,173.0,174.2899932861328,171.64999389648438,172.75999450683594,10270117.0,1774265356.5045624,177.57681274414062,178.76409912109375,169.80429077148438,171.91958618164062,25534782.0,4641681408.0,999,2.9237308502197266
2026-07-10,175.22999572753906,177.22000122070312,175.0,175.4600067138672,16249590.0,2851153170.497589,172.8911590576172,174.51528930664062,172.4960479736328,173.45367431640625,11407935.0,2061663744.0,1000,3.0062010288238525
2026-07-13,174.60000610351562,179.9499969482422,174.36000061035156,178.42999267578125,22417855.0,4000017703.456726,175.97430419921875,176.5357666015625,172.5506591796875,172.36712646484375,18656086.0,3358545920.0,1001,3.0062010288238525
2026-07-14,178.5,180.5,176.7100067138672,177.13999938964844,14461463.0,2561703546.9934235,176.23171997070312,179.8762969970703,175.27130126953125,178.63812255859375,25022146.0,4539021824.0,1002,3.0062010288238525
2026-07-15,175.1199951171875,176.60000610351562,174.49000549316406,174.64999389648438,10398720.0,1816136384.53125,177.78634643554688,179.5887451171875,177.3220977783203,178.5194091796875,9392409.0,1799342080.0,1003,3.0062010288238525
2026-07-16,175.60000610351562,177.99000549316406,175.41000366210938,177.74000549316406,11184572.0,1987945888.718689,175.14463806152344,177.19651794433594,173.48757934570312,174.91041564941406,10195626.0,2000137984.0,1004,3.0062010288238525
2026-07-17,173.5500030517578,176.25999450683594,173.5500030517578,176.0,22960032.0,4040965632.0,179.81002807617188,181.48471069335938,176.82656860351562,177.1192626953125,12057357.0,2227648768.0,1005,3.0062010288238525
2026-07-20,177.0,177.8000030517578,175.85000610351562,176.3800048828125,10183661.0,1796194176.9049072,173.65960693359375,177.18740844726562,173.68710327148438,176.81246948242188,10865559.0,1945282560.0,1006,3.0062010288238525
2026-07-21,176.11000061035156,177.5,174.5,174.97000122070312,11350578.0,1986010646.515686,177.09188842773438,181.34715270996094,176.00408935546875,176.71127319335938,18063646.0,3317072384.0,1007,3.0062010288238525
2026-07-22,174.77000427246094,174.9600067138672,173.4199981689453,174.44000244140625,5057035.0,882149197.7462769,174.3644256591797,175.61431884765625,173.8944854736328,174.44244384765625,10736179.0,1934064640.0,1008,3.028830051422119
2026-07-23,173.80999755859375,175.55999755859375,173.30999755859375,174.82000732421875,9055905.0,1583153378.4274292,174.24620056152344,176.0408477783203,174.0414276123047,174.80093383789062,13791900.0,2447193600.0,1009,3.028830051422119
2026-07-24,174.0,177.89999389648438,172.8000030517578,177.1199951171875,13282944.0,2352674976.421875,175.53497314453125,188.10992431640625,176.27651977539062,186.3524932861328,34647048.0,6074594816.0,1010,3.028830051422119
2026-07-27,177.5,178.77999877929688,175.61000061035156,178.52999877929688,12504426.0,2232415158.515808,176.4598388671875,178.95323181152344,176.03753662109375,177.61354064941406,22441898.0,4054771456.0,1011,3.028830051422119
2026-07-28,178.5500030517578,181.6999969482422,178.5500030517578,181.1199951171875,26873060.0,4867248495.983887,178.3424530029297,179.2100372314453,176.01695251464844,176.07327270507812,13496762.0,2442616576.0,1012,3.028830051422119
2026-07-29,183.0,185.75999450683594,181.4499969482422,183.61000061035156,26147867.0,4801009875.8293915,179.57525634765625,182.2037353515625,178.15492248535156,180.8505859375,21656006.0,3952854016.0,1013,3.028830051422119
2026-07-30,183.39999389648438,191.33999633789062,183.39999389648438,186.3300018310547,54015268.0,10064664985.34491,183.6975860595703,185.29783630371094,181.9761199951172,183.08717346191406,28330860.0,5251838464.0,1014,3.028830051422119
2026-07-31,184.85000610351562,185.24000549316406,180.8300018310547,183.64999389648438,18762810.0,3445789941.980896,185.9453125,186.84544372558594,184.22084045410156,185.04067993164062,11232458.0,2157952000.0,1015,3.028830051422119
2026-08-03,184.02000427246094,189.80999755859375,184.02000427246094,188.66000366210938,15840516.0,2988471806.569702,181.606201171875,185.5720977783203,181.7643585205078,185.01577758789062,38652636.0,7138138112.0,1016,3.1186583042144775
2026-08-04,189.0,189.39999389648438,186.3000030517578,186.3000030517578,11903457.0,2217614075.426468,187.056640625,191.68605041503906,183.25894165039062,190.64129638671875,25323356.0,4840492032.0,1017,3.1186583042144775
2026-08-05,187.0,188.5399932861328,186.07000732421875,186.99000549316406,8829250.0,1650981506.0005188,186.79913330078125,188.288818359375,186.05841064453125,187.26580810546875,7958568.0,1532893184.0,1018,3.1186583042144775
2026-08-06,186.0,188.24000549316406,185.41000366210938,186.1199951171875,6629768.0,1233932387.788086,185.91036987304688,187.13587951660156,184.45726013183594,185.7209930419922,10510253.0,1919267584.0,1019,3.1186583042144775
2026-08-07,185.8699951171875,188.3699951171875,185.64999389648438,187.52999877929688,7823102.0,1467066308.510315,185.0983123779297,185.65673828125,183.0880889892578,183.55015563964844,7945254.0,1481718784.0,1020,3.1186583042144775
2026-08-10,187.52999877929688,187.88999938964844,185.0,185.5,5337618.0,990128139.0,187.77157592773438,189.42335510253906,179.89459228515625,187.73312377929688,24442188.0,4529821184.0,1021,3.1186583042144775
2026-08-11,185.5,187.47999572753906,183.30999755859375,184.60000610351562,9182421.0,1695074972.64505,185.54241943359375,186.5940399169922,184.3773193359375,185.2445068359375,7364218.0,1370515200.0,1022,3.1186583042144775
2026-08-12,184.50999450683594,185.0,181.91000366210938,183.94000244140625,8624548.0,1586399380.1760254,183.34561157226562,187.22561645507812,181.44219970703125,182.65054321289062,16580113.0,3178882560.0,1023,3.1186583042144775
2026-08-13,183.49000549316406,183.75,181.72000122070312,183.10000610351562,5434084.0,994980813.5670166,183.2757110595703,184.104736328125,180.98394775390625,181.4798126220703,7257873.0,1376676608.0,1024,3.0601930618286133
2026-08-14,183.5500030517578,185.83999633789062,183.10000610351562,184.0,7366162.0,1355373808.0,182.3003387451172,184.76507568359375,178.76182556152344,183.94979858398438,10172185.0,1833838336.0,1025,3.0601930618286133
2026-08-17,183.5,183.7100067138672,181.0,181.89999389648438,4436515.0,807002051.4216614,184.88038635253906,186.04649353027344,180.10415649414062,181.09031677246094,10022079.0,1916207616.0,1026,3.0601930618286133
2026-08-18,181.89999389648438,181.99000549316406,178.05999755859375,178.05999755859375,7074731.0,1259726584.5877075,182.0172576904297,182.91392517089844,179.1248321533203,179.84507751464844,7468130.0,1471500800.0,1027,3.0601930618286133
2026-08-19,179.05999755859375,179.9499969482422,178.22000122070312,179.5500030517578,5964187.0,1070869794.0512543,179.26535034179688,180.97276306152344,178.57827758789062,179.72486877441406,6405239.0,1079542272.0,1028,3.0601930618286133
2026-08-20,181.55999755859375,182.4600067138672,180.50999450683594,181.0,5364164.0,970913684.0,181.0839080810547,182.85287475585938,180.60592651367188,182.06549072265625,3141540.0,577594368.0,1029,3.0601930618286133
2026-08-21,180.60000610351562,181.75999450683594,180.0,180.7899932861328,4637869.0,838480305.3719635,184.13330078125,184.44802856445312,183.5112762451172,183.21392822265625,9689388.0,1783490048.0,1030,3.0601930618286133
2026-08-24,181.0,183.9199981689453,180.55999755859375,181.30999755859375,9441129.0,1711771075.9403687,180.67991638183594,181.6937255859375,179.70335388183594,180.36212158203125,5364464.0,945210880.0,1031,3.0601930618286133
2026-08-25,181.2899932861328,181.2899932861328,178.38999938964844,180.08999633789062,8352475.0,1504197192.162323,181.65493774414062,183.43907165527344,180.06228637695312,181.79367065429688,6428561.0,1082772224.0,1032,3.0022761821746826
2026-08-26,180.08999633789062,180.9499969482422,176.66000366210938,177.35000610351562,9355776.0,1659246930.703125,179.48130798339844,180.74380493164062,178.94871520996094,179.62991333007812,3126400.0,523477248.0,1033,3.0022761821746826
2026-08-27,177.35000610351562,178.6999969482422,176.39999389648438,176.39999389648438,4695019.0,828201322.9438782,177.93931579589844,180.08554077148438,177.40036010742188,178.83230590820312,12122863.0,2103109760.0,1034,3.0022761821746826
2026-08-28,178.25,181.85000610351562,178.25,180.9499969482422,14686269.0,2657480330.731064,177.69998168945312,179.37294006347656,176.73423767089844,177.63455200195312,8668054.0,1492347904.0,1035,3.0022761821746826
2026-08-31,180.1699981689453,184.5,176.1699981689453,184.5,16666567.0,3074981611.5,180.60659790039062,181.156005859375,178.93289184570312,179.24969482421875,6307611.0,1093298944.0,1036,3.0022761821746826
2026-09-01,181.0,182.10000610351562,178.5,181.6999969482422,6813425.0,1237999301.707077,184.5042266845703,186.5237274169922,181.78466796875,182.60183715820312,10563200.0,1953348736.0,1037,3.0022761821746826
2026-09-02,180.0,180.38999938964844,176.8000030517578,177.08999633789062,12056634.0,2135109270.9072876,181.83192443847656,184.77667236328125,182.59561157226562,184.97879028320312,16887980.0,2862808064.0,1038,3.0022761821746826
2026-09-03,177.5,178.0399932861328,175.72000122070312,175.72000122070312,6496396.0,1141546713.050171,177.88575744628906,179.3384246826172,175.68516540527344,176.7658233642578,7281681.0,1375145472.0,1039,3.0022761821746826
2026-09-04,176.74000549316406,178.75,176.39999389648438,176.39999389648438,6880382.0,1213699342.805481,176.25738525390625,177.6226806640625,175.04371643066406,175.8606719970703,15583986.0,2712329728.0,1040,3.0242180824279785
