Date,actual_open,actual_high,actual_low,actual_close,actual_volume,pred_open,pred_high,pred_low,pred_close,pred_volume,previous_actual_close,actual_return,predicted_return,return_error,squared_return_error
2022-06-24,137.89999389648438,137.89999389648438,134.9499969482422,136.60000610351562,21879039.0,136.8123321533203,137.81033325195312,133.703857421875,134.7570037841797,8378827.0,136.5,0.0007326454470009125,-0.01276920304630269,0.013501848493303603,0.00018229991273612477
2022-06-27,137.25,139.0500030517578,136.75,138.5,12872030.0,136.3930206298828,137.95233154296875,134.99020385742188,136.39390563964844,10032220.0,136.60000610351562,0.013909178708561454,-0.001508788101451497,0.01541796681001295,0.00023771370055466093
2022-06-28,138.5,139.3000030517578,137.14999389648438,138.60000610351562,14272044.0,139.26718139648438,141.07464599609375,138.25650024414062,139.7342071533203,8804500.0,138.5,0.0007220657293547372,0.008911242984262158,-0.00818917725490742,6.706262411229303e-05
2022-06-29,137.8000030517578,143.10000610351562,136.8000030517578,141.75,53487394.0,139.10787963867188,140.4464874267578,137.12026977539062,138.3900909423828,14982564.0,138.60000610351562,0.022727227689526508,-0.001514539335417009,0.024241767024943517,0.0005876632684916388
2022-06-30,142.3000030517578,143.9499969482422,141.14999389648438,142.89999389648438,19270932.0,142.1715850830078,143.1331787109375,139.33668518066406,140.45480346679688,13427850.0,141.75,0.00811283172123023,-0.0091371889467593,0.01725002066798953,0.00029756321304606596
2022-07-01,142.0,143.1999969482422,139.75,140.64999389648438,9592229.0,143.4513702392578,144.66766357421875,139.54148864746094,140.12452697753906,11186406.0,142.89999389648438,-0.015745277089583953,-0.01942244252967451,0.0036771654400905573,1.3521545673796382e-05
2022-07-04,139.35000610351562,142.1999969482422,139.35000610351562,141.39999389648438,17526429.0,139.8045196533203,141.51976013183594,138.64076232910156,140.05984497070312,9935080.0,140.64999389648438,0.005332385585114174,-0.00419586883320866,0.009528254418322835,9.078763226028862e-05
2022-07-05,141.39999389648438,144.25,140.1999969482422,140.85000610351562,11370649.0,141.63038635253906,143.0638427734375,138.39112854003906,138.99722290039062,10840632.0,141.39999389648438,-0.0038895885198649838,-0.016992723478140737,0.013103134958275753,0.00017169214573478812
2022-07-06,141.5,142.0,136.10000610351562,138.9499969482422,15929985.0,142.0143280029297,143.2620849609375,138.673583984375,139.14146423339844,10335981.0,140.85000610351562,-0.013489592282140528,-0.012130222194392526,-0.001359370087748002,1.8478870354640106e-06
2022-07-07,140.0,142.75,139.5,140.4499969482422,18144208.0,138.4740753173828,140.4807586669922,137.52926635742188,139.1954803466797,10731898.0,138.9499969482422,0.010795250327056527,0.0017667031581796167,0.00902854716887691,8.151466398063528e-05
2022-07-08,141.0,144.1999969482422,141.0,143.6999969482422,15375888.0,140.77394104003906,142.0936279296875,139.21400451660156,140.37351989746094,10914634.0,140.4499969482422,0.023139907943164006,-0.0005445144353362075,0.023684422378500214,0.0005609518634032018
2022-07-11,144.0,147.0,143.60000610351562,144.8000030517578,16779135.0,143.4353485107422,145.4349365234375,142.26893615722656,143.90866088867188,14448664.0,143.6999969482422,0.007654879101436807,0.0014520803400215332,0.0062027987614152735,3.847471247461485e-05
2022-07-12,144.0500030517578,148.10000610351562,144.0500030517578,147.10000610351562,19138561.0,145.24391174316406,146.60130310058594,144.1672821044922,144.95204162597656,13816936.0,144.8000030517578,0.01588399864146206,0.001049990131315237,0.014834008510146823,0.00022004780847910838
2022-07-13,147.75,149.35000610351562,147.5,148.60000610351562,13644449.0,146.94281005859375,148.03488159179688,145.62786865234375,146.20582580566406,13446710.0,147.10000610351562,0.010197144376353329,-0.006078723730455371,0.0162758681068087,0.0002649038826302326
2022-07-14,149.0,149.3000030517578,147.0,148.3000030517578,9775869.0,148.50311279296875,149.947021484375,147.04183959960938,148.27774047851562,12432166.0,148.60000610351562,-0.0020188629840891537,-0.002168678410251923,0.00014981542616276933,2.2444661916332188e-08
2022-07-15,148.4499969482422,150.14999389648438,148.14999389648438,149.75,11518139.0,148.36228942871094,150.0175323486328,147.18238830566406,148.5491180419922,11859540.0,148.3000030517578,0.00977745730548718,0.001679804350020353,0.008097652955466828,6.557198338718065e-05
2022-07-18,151.39999389648438,151.5500030517578,149.3000030517578,149.8000030517578,8286352.0,149.3892822265625,150.71400451660156,148.02552795410156,149.0984344482422,10074712.0,149.75,0.0003339101953776513,-0.004351022048466158,0.004684932243843809,2.1948590129407388e-05
2022-07-19,149.8000030517578,151.1999969482422,149.25,150.75,6798359.0,150.02381896972656,151.25755310058594,148.50314331054688,149.60183715820312,11462864.0,149.8000030517578,0.0063417685506586,-0.001322869756459344,0.007664638307117944,5.8746680378939816e-05
2022-07-20,152.10000610351562,152.25,150.14999389648438,150.5500030517578,7271345.0,149.43072509765625,150.5955047607422,147.69158935546875,148.75518798828125,10057902.0,150.75,-0.0013266795903296158,-0.013232583825663391,0.011905904235333775,0.00014175055566093873
2022-07-21,151.0,151.25,150.0,150.85000610351562,7521568.0,150.8279571533203,152.02987670898438,149.3031463623047,150.34335327148438,8342922.0,150.5500030517578,0.001992713687655412,-0.0013726321892029159,0.0033653458768583278,1.1325552870887347e-05
2022-07-22,151.0,151.39999389648438,148.14999389648438,148.9499969482422,6800124.0,150.2471160888672,151.7254180908203,148.93960571289062,150.1903839111328,10065060.0,150.85000610351562,-0.012595353519373576,-0.004372702457367983,-0.008222651062005593,6.76119904875017e-05
2022-07-25,149.1999969482422,150.4499969482422,147.35000610351562,150.10000610351562,7996687.0,150.05111694335938,152.22930908203125,149.17559814453125,150.9993133544922,8937718.0,148.9499969482422,0.0077207732718049815,0.013758418585010812,-0.0060376453132058305,3.645316092807633e-05
2022-07-26,150.0,150.9499969482422,149.14999389648438,150.0,5774871.0,150.2962188720703,152.4623260498047,149.38644409179688,151.21849060058594,10509574.0,150.10000610351562,-0.0006662631542243558,0.007451595280409062,-0.008117858434633418,6.589962556474893e-05
2022-07-27,149.5500030517578,150.5500030517578,149.0500030517578,149.6999969482422,5403197.0,150.88504028320312,152.73837280273438,149.9563446044922,151.47854614257812,7729672.0,150.0,-0.0020000203450520893,0.009856974283854125,-0.011856994628906214,0.00014058832162991083
2022-07-28,150.0500030517578,150.9499969482422,149.0500030517578,150.35000610351562,6030744.0,149.2826690673828,150.68080139160156,147.970703125,149.20245361328125,8858338.0,149.6999969482422,0.004342078614057554,-0.0033236028397045647,0.007665681453762119,5.876267215055251e-05
2022-07-29,150.9499969482422,154.4499969482422,150.4499969482422,152.9499969482422,11771461.0,149.85597229003906,151.0026397705078,148.4546356201172,149.42942810058594,6875748.0,150.35000610351562,0.01729292144448924,-0.006122899671157089,0.02341582111564633,0.0005483006785199485
2022-08-01,152.89999389648438,157.6999969482422,151.0,156.5,14221965.0,152.8311309814453,155.19235229492188,151.97235107421875,153.82546997070312,9048202.0,152.9499969482422,0.02321021982732785,0.00572391657357918,0.01748630325374867,0.0003057708014820613
2022-08-02,157.10000610351562,160.10000610351562,156.5500030517578,159.5500030517578,18278835.0,155.980224609375,159.28700256347656,154.9464874267578,157.40127563476562,16040535.0,156.5,0.019488837391423708,0.005758949742911357,0.013729887648512351,0.000188509814840772
2022-08-03,160.0500030517578,160.9499969482422,157.1999969482422,159.64999389648438,10147608.0,159.37359619140625,161.0015869140625,157.58074951171875,159.13247680664062,11069800.0,159.5500030517578,0.0006267053764588137,-0.002616899010536189,0.0032436043869950026,1.0520969419333227e-05
2022-08-04,159.6999969482422,160.5,153.0500030517578,154.6999969482422,15754128.0,159.1286163330078,160.37083435058594,157.03346252441406,158.15789794921875,8784746.0,159.64999389648438,-0.03100530621662112,-0.009346044499275674,-0.021659261717345446,0.000469123618140466
2022-08-05,154.39999389648438,157.14999389648438,153.0,155.60000610351562,33864055.0,152.9450225830078,155.0989227294922,151.8009796142578,153.63693237304688,9947180.0,154.6999969482422,0.00581777099565528,-0.006871781487823747,0.012689552483479027,0.00016102474223096875
2022-08-08,155.5,160.0,154.9499969482422,159.39999389648438,16964235.0,154.75576782226562,156.79258728027344,152.98764038085938,154.75328063964844,14531847.0,155.60000610351562,0.024421514421026025,-0.005441680145589989,0.029863194566616014,0.0008918103897235642
2022-08-10,156.89999389648438,157.14999389648438,155.0,155.75,14055597.0,157.97036743164062,159.43841552734375,155.97378540039062,157.4578399658203,12258742.0,159.39999389648438,-0.022898331469540123,-0.01218415310558485,-0.010714178363955273,0.0001147936180146473
2022-08-11,156.1999969482422,156.85000610351562,152.85000610351562,153.64999389648438,15810624.0,156.1754913330078,157.8209228515625,154.76251220703125,156.2230682373047,9130312.0,155.75,-0.013483185255316998,0.00303735625877799,-0.01652054151409499,0.00027292829191893594
2022-08-12,153.6999969482422,159.0,152.60000610351562,158.5,17998843.0,153.47279357910156,154.85592651367188,151.68643188476562,153.1545867919922,10882373.0,153.64999389648438,0.03156528666563507,-0.003224257235089456,0.03478954390072453,0.0012103123648204393
2022-08-16,159.0,159.8000030517578,156.9499969482422,158.75,8309725.0,158.26585388183594,160.94140625,157.03173828125,159.49908447265625,12019294.0,158.5,0.001577287066246047,0.0063033720672318605,-0.0047260850009858135,2.2335879436543078e-05
2022-08-17,159.0,163.64999389648438,159.0,161.4499969482422,19674110.0,158.60833740234375,160.31927490234375,156.85897827148438,158.7081756591797,10645090.0,158.75,0.01700785479207667,-0.00026346041461611236,0.017271315206692783,0.0002982983289689374
2022-08-18,161.4499969482422,162.64999389648438,159.89999389648438,160.8000030517578,9585888.0,160.89443969726562,162.46983337402344,159.2769317626953,160.70408630371094,7977652.0,161.4499969482422,-0.004025976517625818,-0.004620072212019766,0.0005940956943939479,3.529496940974272e-07
2022-08-19,161.0500030517578,161.64999389648438,157.14999389648438,157.75,9599472.0,161.19699096679688,162.79928588867188,159.77621459960938,161.13490295410156,7892981.0,160.8000030517578,-0.01896768031015572,0.0020827107959442426,-0.021050391106099964,0.0004431189657197725
2022-08-22,157.3000030517578,158.9499969482422,156.0,156.5,11400211.0,159.0375518798828,160.40496826171875,157.1980743408203,158.54168701171875,8215062.0,157.75,-0.007923930269413626,0.005018618140847808,-0.012942548410261434,0.00016750955935196078
2022-08-23,156.4499969482422,159.1999969482422,155.64999389648438,158.64999389648438,14362373.0,156.3771209716797,158.73431396484375,155.17543029785156,157.27914428710938,11130852.0,156.5,0.013737980169229225,0.004978557745107803,0.008759422424121421,7.67274812042012e-05
2022-08-24,158.89999389648438,163.0,158.0,160.8000030517578,20602844.0,157.79190063476562,159.3589324951172,156.29165649414062,157.768310546875,9091359.0,158.64999389648438,0.013551901909786945,-0.00555741180919711,0.019109313718984056,0.0003651658708105522
2022-08-25,161.35000610351562,161.9499969482422,158.4499969482422,158.89999389648438,12889454.0,161.251708984375,163.37660217285156,159.6179656982422,161.64549255371094,12169646.0,160.8000030517578,-0.01181597710953941,0.00525801919096347,-0.01707399630050288,0.00029152134966958603
2022-08-26,159.0,164.6999969482422,158.89999389648438,163.39999389648438,30724938.0,159.42271423339844,160.84461975097656,157.5426025390625,158.94395446777344,9770392.0,158.89999389648438,0.0283196990110115,0.00027665558827960623,0.028043043422731895,0.0007864122844092265
2022-08-29,161.8000030517578,163.39999389648438,160.6999969482422,160.9499969482422,10928330.0,162.31541442871094,165.12527465820312,161.08407592773438,163.46176147460938,14932150.0,163.39999389648438,-0.014993861932420138,0.00037801456812869283,-0.015371876500548831,0.00023629458714812538
2022-08-30,161.8000030517578,165.4499969482422,161.5500030517578,164.0,24663153.0,161.2781219482422,163.41273498535156,160.120361328125,161.90838623046875,7651527.0,160.9499969482422,0.01895000378744105,0.005954577821674301,0.01299542596576675,0.00016888109603172466
2022-09-01,161.5,164.25,160.3000030517578,160.6999969482422,14554158.0,163.0222625732422,165.03965759277344,161.00448608398438,162.8313751220703,16400793.0,164.0,-0.020121969827791575,-0.007125761450790802,-0.012996208377000773,0.00016890143217842507
2022-09-02,163.0,166.39999389648438,161.25,161.8000030517578,25106698.0,160.3296661376953,161.93280029296875,158.30357360839844,159.88429260253906,11820228.0,160.6999969482422,0.006845091004388237,-0.005075944998093829,0.011921036002482066,0.0001421110993724736
2022-09-05,162.60000610351562,165.10000610351562,162.1999969482422,164.5,15226001.0,162.4599609375,164.25633239746094,160.5049285888672,162.017333984375,11598326.0,161.8000030517578,0.016687249056345665,0.001343207221990328,0.015344041834355338,0.00023543961981444672
2022-09-06,165.8000030517578,168.85000610351562,164.8000030517578,168.4499969482422,27866331.0,162.9866180419922,164.65631103515625,160.99276733398438,162.4171600341797,10564258.0,164.5,0.02401213950299197,-0.012661641129606771,0.03667378063259874,0.0013449661858879745
2022-09-07,168.5,170.14999389648438,166.64999389648438,167.3000030517578,19415892.0,166.40235900878906,169.80882263183594,165.29598999023438,168.01873779296875,13205985.0,168.4499969482422,-0.0068269155079754285,-0.0025601612531103157,-0.004266754254865113,1.8205191871409544e-05
2022-09-08,168.0,169.1999969482422,165.9499969482422,166.8000030517578,11595205.0,167.9396209716797,170.42874145507812,165.88888549804688,167.60313415527344,20653026.0,167.3000030517578,-0.0029886431014906067,0.001811901362738455,-0.004800544464229062,2.304522715304029e-05
2022-09-09,167.64999389648438,169.35000610351562,165.9499969482422,166.60000610351562,16415150.0,166.1312255859375,168.03150939941406,164.4395294189453,165.9933624267578,12142864.0,166.8000030517578,-0.0011990224495387336,-0.004835974881545413,0.0036369524320066793,1.3227422992679299e-05
2022-09-12,167.4499969482422,168.10000610351562,165.5,166.39999389648438,15469466.0,166.66494750976562,168.30441284179688,162.87139892578125,163.6584014892578,13734556.0,166.60000610351562,-0.0012005534195898004,-0.01765668971482548,0.01645613629523568,0.00027080442176737307
2022-09-13,166.9499969482422,168.9499969482422,165.64999389648438,167.39999389648438,15644741.0,165.2466583251953,166.75636291503906,162.99781799316406,164.36463928222656,12786950.0,166.39999389648438,0.00600961560504687,-0.012231698851647654,0.018241314456694524,0.00033274555310801264
2022-09-14,165.0,173.0500030517578,165.0,172.35000610351562,38751148.0,167.56503295898438,169.36080932617188,165.56813049316406,166.84945678710938,16308416.0,167.39999389648438,0.02956996647259258,-0.003288752266714212,0.03285871873930679,0.0010796953971888713
2022-09-15,174.39999389648438,176.14999389648438,172.64999389648438,175.10000610351562,29483891.0,171.2301483154297,173.918701171875,169.2418975830078,171.33602905273438,23857294.0,172.35000610351562,0.015955903119308834,-0.005883243486352052,0.021839146605660886,0.0004769483244635494
2022-09-16,173.9499969482422,174.6999969482422,171.3000030517578,172.8000030517578,26126152.0,175.94361877441406,177.3611602783203,173.35679626464844,174.57049560546875,16466188.0,175.10000610351562,-0.013135368198663011,-0.003024046142715897,-0.010111322055947114,0.00010223883371908257
2022-09-19,173.5,174.10000610351562,170.5500030517578,171.0,13304030.0,171.144775390625,172.87953186035156,169.15040588378906,170.65377807617188,15666762.0,172.8000030517578,-0.010416684143336852,-0.01242028320417965,0.002003599060842798,4.0144091966101415e-06
2022-09-20,171.89999389648438,173.14999389648438,170.89999389648438,171.89999389648438,15395199.0,171.3942108154297,174.2562255859375,170.57559204101562,172.80934143066406,12572976.0,171.0,0.005263122201663029,0.01058094403897103,-0.005317821837308001,2.8279229093349846e-05
2022-09-21,171.0,172.0500030517578,168.14999389648438,168.60000610351562,7370283.0,170.77806091308594,173.81272888183594,170.10675048828125,172.55062866210938,12758409.0,171.89999389648438,-0.019197137348102244,0.003784960958269634,-0.02298209830637188,0.0005281768425637412
2022-09-22,167.0,169.64999389648438,166.85000610351562,168.64999389648438,7447846.0,168.34153747558594,169.86862182617188,166.654541015625,167.88856506347656,10321038.0,168.60000610351562,0.0002964874920470262,-0.00421969759361851,0.004516185085665536,2.0395927727987826e-05
2022-09-23,167.14999389648438,168.5,162.64999389648438,163.9499969482422,12264388.0,168.09988403320312,170.36056518554688,167.16148376464844,169.0198211669922,10971230.0,168.64999389648438,-0.027868349352725086,0.002192868567399975,-0.03006121792012506,0.0009036768228412481
2022-09-26,162.4499969482422,163.85000610351562,156.60000610351562,158.60000610351562,21951865.0,163.74771118164062,166.120849609375,162.67266845703125,164.69883728027344,11587182.0,163.9499969482422,-0.032631844735047544,0.004567492198658929,-0.03719933693370647,0.0013837906683074185
2022-09-27,159.39999389648438,161.64999389648438,157.5,159.0,8367800.0,158.9835662841797,163.13449096679688,158.22447204589844,161.5490264892578,14967762.0,158.60000610351562,0.002522029515076518,0.01859407485657605,-0.01607204534149953,0.00025831064145921673
2022-09-28,157.8000030517578,159.4499969482422,155.0,157.9499969482422,14261815.0,159.36785888671875,162.30868530273438,158.8307647705078,161.0212860107422,11209588.0,159.0,-0.006603792778350992,0.012712490633598694,-0.019316283411949686,0.0003731188048507626
2022-09-29,158.75,161.6999969482422,158.0,159.5500030517578,17623352.0,157.02069091796875,159.5531768798828,155.93235778808594,157.98512268066406,13628514.0,157.9499969482422,0.010129826745358672,0.00022238514150396682,0.009907441603854705,9.81573991337911e-05
2022-09-30,160.0,161.5500030517578,157.39999389648438,159.64999389648438,12015533.0,160.73280334472656,164.1001739501953,159.86363220214844,163.09486389160156,12220062.0,159.5500030517578,0.0006267053764588137,0.022217867577813744,-0.02159116220135493,0.0004661782852052179
2022-10-03,159.85000610351562,164.10000610351562,158.9499969482422,160.35000610351562,10528629.0,160.63304138183594,165.21017456054688,160.00131225585938,164.1465301513672,12272046.0,159.64999389648438,0.0043846679222872,0.028164963525136866,-0.023780295602849666,0.0005655024589589112
2022-10-04,161.9499969482422,164.0,161.35000610351562,162.5500030517578,9013773.0,161.99435424804688,164.82151794433594,161.17575073242188,163.4147491455078,10230506.0,160.35000610351562,0.013719967973196967,0.01911283395906893,-0.005392865985871964,2.908300354157479e-05
2022-10-06,164.25,165.10000610351562,162.39999389648438,162.89999389648438,6456408.0,163.84605407714844,167.01016235351562,163.0577392578125,165.7608642578125,11227262.0,162.5500030517578,0.0021531272725667794,0.019753067645482014,-0.017599940372915235,0.00030975790113017164
2022-10-07,163.10000610351562,164.85000610351562,161.35000610351562,164.3000030517578,8825983.0,163.58587646484375,166.9070587158203,162.95248413085938,165.74110412597656,10376498.0,162.89999389648438,0.00859428611251567,0.017440824652808606,-0.008846538540292936,7.826124414488828e-05
2022-10-10,162.6999969482422,165.60000610351562,161.85000610351562,163.9499969482422,10484521.0,163.243896484375,165.78463745117188,162.30599975585938,164.64271545410156,10147498.0,164.3000030517578,-0.002130286652553326,0.002085894071686578,-0.004216180724239904,1.7776179899452124e-05
2022-10-11,164.39999389648438,164.39999389648438,160.3000030517578,161.0500030517578,13805741.0,163.26449584960938,165.7925262451172,162.49166870117188,164.447998046875,9207966.0,163.9499969482422,-0.017688282710977332,0.00303751819397724,-0.020725800904954572,0.0004295588231518158
2022-10-12,161.89999389648438,165.3000030517578,161.14999389648438,165.0,12496248.0,161.7528533935547,164.08250427246094,160.81369018554688,162.72349548339844,9253529.0,161.0500030517578,0.024526525137492428,0.010391135671713014,0.014135389465779413,0.00019980923534926762
2022-10-13,164.85000610351562,166.8000030517578,164.25,164.75,9447511.0,164.45477294921875,166.43182373046875,163.2257537841797,164.8125762939453,9493168.0,165.0,-0.0015151515151514694,-0.00113590124881624,-0.0003792502663352293,1.4383076451534234e-07
2022-10-14,166.25,167.5,164.85000610351562,165.10000610351562,9588164.0,164.73800659179688,166.1049346923828,163.5866241455078,164.66900634765625,6389936.0,164.75,0.00212446800312982,-0.0004916154922230964,0.0026160834953529166,6.843892854657934e-06
2022-10-17,165.10000610351562,169.0500030517578,164.0,168.4499969482422,13426449.0,165.4925079345703,168.07472229003906,164.71514892578125,166.88902282714844,10106341.0,165.10000610351562,0.020290676686142373,0.010835957949699493,0.00945471873644288,8.939170638524404e-05
2022-10-18,168.9499969482422,169.4499969482422,166.39999389648438,166.9499969482422,20635735.0,166.6473846435547,168.03041076660156,165.14149475097656,166.2958984375,8701411.0,168.4499969482422,-0.008904719662659821,-0.012787762242608136,0.003883042579948315,1.5078019677691665e-05
2022-10-19,166.5,168.10000610351562,163.85000610351562,164.0500030517578,6947654.0,166.79638671875,168.1124267578125,164.69342041015625,165.87979125976562,14135792.0,166.9499969482422,-0.017370433959237652,-0.006410336675887085,-0.010960097283350567,0.00012012373246050848
2022-10-20,164.0,167.89999389648438,161.5,166.9499969482422,12020720.0,164.27496337890625,165.5657958984375,162.7770233154297,163.79197692871094,7884348.0,164.0500030517578,0.01767749980211475,-0.0015728504617307237,0.019250350263845473,0.00037057598528073547
2022-10-21,167.5,168.4499969482422,164.5,165.0500030517578,7414335.0,165.41258239746094,166.8584747314453,164.09962463378906,165.2891387939453,8643824.0,166.9499969482422,-0.011380616539174992,-0.009948237104860702,-0.0014323794343142904,2.0517108438465267e-06
2022-10-24,166.9499969482422,167.9499969482422,166.25,166.9499969482422,685185.0,165.45901489257812,166.82839965820312,164.14852905273438,165.29779052734375,8110298.0,165.0500030517578,0.011511625939737646,0.001501287312962063,0.010010338626775583,0.00010020687942271527
2022-10-25,167.4499969482422,169.6999969482422,165.4499969482422,169.35000610351562,8131380.0,165.84596252441406,167.06094360351562,164.2758331298828,165.26988220214844,5927108.0,166.9499969482422,0.014375616646566947,-0.01006358057385659,0.024439197220423536,0.0005972743607787575
2022-10-27,169.89999389648438,171.5,167.5500030517578,170.64999389648438,16225577.0,168.10195922851562,170.92453002929688,167.72824096679688,169.84591674804688,6078502.0,169.35000610351562,0.007676337443850656,0.0029283178426822154,0.004748019601168441,2.2543690133079716e-05
2022-10-28,170.64999389648438,174.6999969482422,169.89999389648438,174.0500030517578,16185760.0,169.63706970214844,171.20448303222656,168.29562377929688,169.5183563232422,5846476.0,170.64999389648438,0.019923875047636264,-0.006631336734349014,0.026555211781985277,0.0007051792727860897
2022-10-31,169.89999389648438,174.0,169.0500030517578,173.10000610351562,24233760.0,172.6226348876953,174.5283203125,171.23179626464844,172.91546630859375,7934351.0,174.0500030517578,-0.005458184036685632,-0.006518452877169345,0.0010602688404837135,1.1241700141006784e-06
2022-11-01,174.0,182.9499969482422,173.5,181.8000030517578,41101936.0,171.71890258789062,174.17752075195312,170.7689971923828,172.80191040039062,11903070.0,173.10000610351562,0.050259945935758665,-0.0017221010549631766,0.05198204699072184,0.0027021332093456136
2022-11-02,181.89999389648438,182.6999969482422,180.0,180.9499969482422,22146420.0,179.13772583007812,180.8137969970703,174.65106201171875,176.39523315429688,27036912.0,181.8000030517578,-0.004675501040963259,-0.029729206857726065,0.025053705816762806,0.0006276881751528944
2022-11-03,179.35000610351562,181.85000610351562,177.25,178.14999389648438,16719953.0,180.37818908691406,182.2801513671875,177.84429931640625,179.64614868164062,23823086.0,180.9499969482422,-0.015473904940483174,-0.00720557219448037,-0.008268332746002804,6.836532639862228e-05
2022-11-04,179.0500030517578,179.5,176.35000610351562,176.9499969482422,14881752.0,177.90940856933594,180.25588989257812,176.88067626953125,178.7189178466797,8116580.0,178.14999389648438,-0.0067358798167540535,0.003193510916008835,-0.009929390732762888,9.859280032387753e-05
2022-11-07,177.85000610351562,179.5,174.85000610351562,175.85000610351562,12799401.0,175.67990112304688,180.80088806152344,173.47483825683594,173.7716064453125,27665864.0,176.9499969482422,-0.006216393691424127,-0.01796208283552203,0.011745689144097904,0.00013796121346977935
2022-11-09,177.75,177.75,172.25,173.39999389648438,14929008.0,173.96923828125,175.0919189453125,168.43630981445312,170.44952392578125,20456096.0,175.85000610351562,-0.013932397622943626,-0.030710730681210996,0.01677833305826737,0.00028151246021414764
2022-11-10,173.5,174.1999969482422,170.5500030517578,172.10000610351562,10668583.0,173.70428466796875,176.6692352294922,170.46533203125,171.254150390625,18861554.0,173.39999389648438,-0.007497046359441151,-0.012375107159117826,0.004878060799676676,2.3795477165342247e-05
2022-11-11,173.0,173.60000610351562,169.64999389648438,171.4499969482422,16963169.0,172.1240234375,174.15284729003906,170.76622009277344,172.6979217529297,10801884.0,172.10000610351562,-0.0037769269739739153,0.00347423374903566,-0.007251160723009575,5.257933183091675e-05
2022-11-14,172.35000610351562,173.39999389648438,171.10000610351562,171.4499969482422,10224241.0,171.4685821533203,173.58209228515625,170.24325561523438,172.2817840576172,11401248.0,171.4499969482422,0.0,0.004851485122079557,-0.004851485122079557,2.35369078897593e-05
2022-11-15,172.3000030517578,174.14999389648438,171.39999389648438,172.10000610351562,13899999.0,172.621826171875,173.47349548339844,169.4697723388672,170.59225463867188,11667358.0,171.4499969482422,0.0037912462341405107,-0.0050028715359455855,0.008794117770086096,7.733650735414405e-05
2022-11-16,172.10000610351562,172.9499969482422,169.14999389648438,169.9499969482422,9781274.0,172.94346618652344,174.67428588867188,171.60630798339844,173.0326385498047,8671464.0,172.10000610351562,-0.012492789535290538,0.005419130814720008,-0.017911920350010546,0.0003208368906251219
2022-11-17,169.9499969482422,170.8000030517578,167.5,168.3000030517578,12778124.0,171.23936462402344,172.71302795410156,169.54461669921875,171.08595275878906,9896195.0,169.9499969482422,-0.009708702124819002,0.006684059022918465,-0.016392761147737467,0.000268722618046771
2022-11-18,168.5500030517578,169.0500030517578,165.10000610351562,165.85000610351562,11134908.0,168.8829803466797,171.41139221191406,168.0392608642578,170.23558044433594,10205521.0,168.3000030517578,-0.01455731968993923,0.01150075672894002,-0.02605807641887925,0.0006790233466521508
2022-11-21,165.0,166.1999969482422,164.14999389648438,164.39999389648438,12788632.0,166.59906005859375,169.39895629882812,164.1334228515625,165.31724548339844,10016833.0,165.85000610351562,-0.008742913196676194,-0.0032123038921365588,-0.005530609304539635,3.058763927946039e-05
2022-11-22,165.25,167.5,164.85000610351562,167.0500030517578,15198091.0,164.2678680419922,166.72120666503906,163.370361328125,165.20956420898438,9610358.0,164.39999389648438,0.01611927769864785,0.004924393811168493,0.011194883887479357,0.0001253254252541449
2022-11-23,167.85000610351562,168.25,166.25,168.0500030517578,12004998.0,166.59292602539062,167.85946655273438,165.07875061035156,166.1021728515625,7716083.5,167.0500030517578,0.005986231557805866,-0.005673931055850678,0.011660162613656544,0.0001359593921769138
2022-11-24,168.6999969482422,170.0,167.60000610351562,169.5,10986350.0,167.21690368652344,168.5414581298828,165.20384216308594,166.27772521972656,9347838.0,168.0500030517578,0.008628366092892081,-0.010546133887813225,0.019174499980705306,0.0003676614495100678
2022-11-25,170.25,171.25,168.60000610351562,169.75,12358833.0,168.45335388183594,170.12767028808594,167.2805938720703,168.89947509765625,11090218.0,169.5,0.001474926253687281,-0.0035429197778392707,0.005017846031526552,2.5178778796106762e-05
2022-11-28,170.0,171.89999389648438,169.39999389648438,170.39999389648438,5471921.0,169.8250732421875,171.90928649902344,168.834228515625,170.76455688476562,11582654.0,169.75,0.0038291245742820834,0.005976771044274631,-0.002147646469992548,4.612385360071452e-06
2022-11-29,171.0,171.60000610351562,169.0500030517578,170.14999389648438,7693168.0,169.96681213378906,171.31532287597656,168.45596313476562,169.7186737060547,8584318.0,170.39999389648438,-0.0014671362027857127,-0.003998358068273089,0.0025312218654873764,6.407084132321394e-06
2022-11-30,170.10000610351562,172.85000610351562,169.75,172.1999969482422,9133076.0,169.7616729736328,171.22714233398438,168.2972869873047,169.79071044921875,9993737.0,170.14999389648438,0.012048211138961262,-0.002111568969459965,0.014159780108421227,0.00020049937271884145
2022-12-01,173.5,173.64999389648438,170.85000610351562,172.1999969482422,9214914.0,171.8910675048828,174.28933715820312,170.98464965820312,173.08245849609375,7366957.5,172.1999969482422,0.0,0.005124631611444164,-0.005124631611444164,2.6261849153012806e-05
2022-12-02,172.39999389648438,172.85000610351562,171.14999389648438,172.14999389648438,6376672.0,172.6723175048828,174.44287109375,171.48736572265625,173.1459503173828,8959069.0,172.1999969482422,-0.00029037777377449725,0.005493341381561878,-0.005783719155336375,3.345140726780492e-05
2022-12-05,173.0500030517578,175.64999389648438,171.39999389648438,175.14999389648438,9861212.0,171.9701690673828,172.60377502441406,169.4849090576172,170.3981475830078,7382428.0,172.14999389648438,0.017426663411930887,-0.010176278684796092,0.02760294209672698,0.0007619224123952624
2022-12-06,175.60000610351562,176.0,173.85000610351562,175.1999969482422,7008295.0,174.52833557128906,175.06414794921875,171.97113037109375,172.89187622070312,7712175.0,175.14999389648438,0.0002854870311177482,-0.01289247932897919,0.013177966360096938,0.00017365879738784654
2022-12-07,174.10000610351562,175.0,171.3000030517578,171.85000610351562,7718718.0,174.67007446289062,175.27633666992188,172.2258758544922,173.21897888183594,7379531.5,175.1999969482422,-0.019120952643145395,-0.011307180941284356,-0.007813771701861039,6.105502820880436e-05
2022-12-08,171.85000610351562,172.4499969482422,170.0,170.35000610351562,4225180.0,172.0680694580078,173.77381896972656,170.77264404296875,172.4317626953125,7366484.5,171.85000610351562,-0.00872854202342277,0.003385257905934802,-0.012113799929357572,0.0001467441487285035
2022-12-09,171.1999969482422,171.75,168.0,169.5,6174919.0,171.22869873046875,173.04525756835938,170.26852416992188,171.95822143554688,5253932.0,170.35000610351562,-0.004989762683067389,0.009440653210508243,-0.014430415893575632,0.00020823690286156022
2022-12-12,170.0,170.0,167.5500030517578,168.89999389648438,7153044.0,169.85377502441406,170.87193298339844,167.69482421875,168.72116088867188,6289208.0,169.5,-0.0035398590177913025,-0.004594921010785402,0.0010550619929940996,1.1131558090606815e-06
2022-12-13,169.75,170.0,168.0500030517578,169.1999969482422,5166993.0,169.17523193359375,171.6932373046875,168.2556915283203,170.53382873535156,7234636.5,168.89999389648438,0.0017762170668975674,0.009673386014854124,-0.007897168947956557,6.236527739256927e-05
2022-12-14,169.9499969482422,173.6999969482422,169.4499969482422,171.60000610351562,8562333.0,170.1051788330078,172.06451416015625,169.00814819335938,170.83172607421875,6898869.5,169.1999969482422,0.014184451528137965,0.009643789334557118,0.004540662193580847,2.0617613156214427e-05
2022-12-15,172.0,174.0500030517578,171.6999969482422,172.10000610351562,10644546.0,172.0358123779297,173.10137939453125,170.19573974609375,171.5118865966797,8518930.0,171.60000610351562,0.002913752810115744,-0.0005135169213384971,0.003427269731454241,1.1746177812142425e-05
2022-12-16,171.89999389648438,173.10000610351562,169.0500030517578,169.8000030517578,9433166.0,172.29222106933594,173.0261993408203,170.15499877929688,171.06898498535156,7023226.5,172.10000610351562,-0.013364340326486701,-0.005990825575821979,-0.0073735147506647225,5.436871977827024e-05
2022-12-19,169.8000030517578,172.25,169.5,171.8000030517578,7706855.0,169.93609619140625,170.9772491455078,168.0602264404297,169.30838012695312,8298911.5,169.8000030517578,0.011778562803619996,-0.00289530574775565,0.014673868551375646,0.0002153224182630512
2022-12-20,171.14999389648438,171.4499969482422,168.5500030517578,169.75,7387632.0,171.81246948242188,173.27928161621094,170.48785400390625,171.91844177246094,7289455.0,171.8000030517578,-0.011932497178944845,0.0006893988277023588,-0.012621896006647204,0.00015931225880261665
2022-12-21,170.0,171.0500030517578,166.60000610351562,167.9499969482422,8454254.0,170.1005859375,171.26376342773438,168.48155212402344,169.59075927734375,5526723.0,169.75,-0.010603847138484945,-0.0009380896769145552,-0.00966575746157039,9.342686730590367e-05
2022-12-22,168.5,168.64999389648438,164.5500030517578,165.89999389648438,6979001.0,168.13128662109375,169.95338439941406,166.97117614746094,168.54736328125,7345991.0,167.9499969482422,-0.012206032086976237,0.003556810621389239,-0.015762842708365477,0.0002484672102486707
2022-12-23,164.3000030517578,166.35000610351562,162.35000610351562,163.0,5313321.0,166.0101318359375,167.23928833007812,164.0704803466797,165.39682006835938,4786168.0,165.89999389648438,-0.01748037373825262,-0.003032994856159932,-0.014447378882092687,0.00020872675656273776
2022-12-26,162.0,167.75,161.89999389648438,165.64999389648438,8321609.0,163.95242309570312,165.8970184326172,163.16879272460938,164.92657470703125,3912939.0,163.0,0.016257631266775263,0.011819476730253076,0.0044381545365221875,1.9697215690052473e-05
2022-12-27,167.0,168.1999969482422,164.5500030517578,165.1999969482422,9244387.0,166.1539764404297,167.23948669433594,164.41659545898438,165.62640380859375,5427489.5,165.64999389648438,-0.00271655276077698,-0.00014240922885500051,-0.0025741435319219796,6.626214922935764e-06
2022-12-28,165.0,167.60000610351562,164.8000030517578,165.85000610351562,9652984.0,166.4547119140625,167.99200439453125,165.3314208984375,166.61749267578125,7212904.5,165.1999969482422,0.003934680189353168,0.008580482770730091,-0.004645802581376923,2.1583481625128485e-05
2022-12-29,165.0,167.39999389648438,164.0,166.75,19571340.0,166.89659118652344,168.11415100097656,165.99876403808594,166.81777954101562,8988110.0,165.85000610351562,0.005426553291307368,0.005835233053268496,-0.0004086797619611282,1.670191478366044e-07
2022-12-30,166.75,167.8000030517578,166.0,166.4499969482422,8626291.0,166.46412658691406,167.61474609375,164.8751983642578,165.97708129882812,7674864.0,166.75,-0.0017991187511713358,-0.00463519460972639,0.002836075858555054,8.043326275478786e-06
2023-01-02,167.0500030517578,168.5500030517578,166.39999389648438,168.0,7322962.0,166.78414916992188,167.82598876953125,165.4541778564453,166.44778442382812,5774580.0,166.4499969482422,0.009312124242572217,-1.3292426882749453e-05,0.009325416669454967,8.696339605894856e-05
2023-01-03,168.0,169.1999969482422,166.8000030517578,167.60000610351562,9629995.0,168.22080993652344,169.18264770507812,166.4246368408203,167.43795776367188,9437318.0,168.0,-0.0023809160505022797,-0.003345489501953125,0.0009645734514508453,9.304019432437962e-07
2023-01-04,167.85000610351562,168.5,164.6999969482422,166.60000610351562,11995082.0,168.28683471679688,169.46205139160156,167.0436553955078,168.20413208007812,8462514.0,167.60000610351562,-0.005966586894885717,0.0036045701346179015,-0.009571157029503619,9.160704688341653e-05
2023-01-05,168.0,170.35000610351562,167.14999389648438,169.89999389648438,18887530.0,166.9862823486328,168.8454132080078,166.1717987060547,167.81800842285156,8857524.0,166.60000610351562,0.019807849172096326,0.007310938023490365,0.01249691114860596,0.00015617278825615194
2023-01-06,170.4499969482422,172.14999389648438,168.5500030517578,169.0,13216749.0,169.5363006591797,171.60826110839844,168.32806396484375,170.58038330078125,14380580.0,169.89999389648438,-0.005297197932995323,0.0040046464316616515,-0.009301844364656975,8.652430858430072e-05
2023-01-09,170.25,171.0,169.4499969482422,170.39999389648438,6012344.0,169.7873077392578,170.89822387695312,168.5059051513672,169.60960388183594,9447624.0,169.0,0.008283987553161953,0.003607123561159442,0.004676863992002511,2.1873056799689666e-05
2023-01-10,170.39999389648438,170.6999969482422,167.14999389648438,167.9499969482422,7557693.0,170.07733154296875,171.27175903320312,168.85940551757812,169.87347412109375,7353495.5,170.39999389648438,-0.01437791687792267,-0.003089904895832829,-0.01128801198208984,0.0001274192145078038
2023-01-11,168.4499969482422,168.8000030517578,165.5,166.0500030517578,8463293.0,168.6802978515625,170.99673461914062,168.11741638183594,169.80126953125,7307105.0,167.9499969482422,-0.01131285460558773,0.011022760444457269,-0.022335615050045,0.0004988796996637967
2023-01-12,166.89999389648438,167.1999969482422,165.5500030517578,165.9499969482422,7628932.0,166.2761993408203,168.59971618652344,165.62106323242188,167.58914184570312,8621688.0,166.0500030517578,-0.0006022649905309541,0.009269128368914137,-0.009871393359445091,9.744440685689664e-05
2023-01-13,166.1999969482422,168.14999389648438,165.5,167.8000030517578,5090393.0,166.2453155517578,167.66319274902344,165.35330200195312,166.5485076904297,5568810.5,165.9499969482422,0.011147973109590481,0.0036065727821263938,0.007541400327464087,5.687271889907544e-05
2023-01-16,168.64999389648438,168.64999389648438,164.64999389648438,165.9499969482422,10321015.0,168.07083129882812,170.04151916503906,167.32302856445312,168.8059539794922,6987956.5,167.8000030517578,-0.011025065970618586,0.0059949398655498864,-0.017020005836168473,0.00028968059866320885
2023-01-17,166.60000610351562,168.1999969482422,165.8000030517578,167.6999969482422,13015434.0,166.80194091796875,170.32664489746094,166.1195526123047,169.2832794189453,11367505.0,165.9499969482422,0.010545345177353616,0.0200860652726782,-0.009540720095324584,9.102533993733034e-05
2023-01-18,167.5,169.6999969482422,167.10000610351562,169.4499969482422,5536057.0,167.66326904296875,171.2957000732422,167.08251953125,170.58914184570312,13947013.0,167.6999969482422,0.01043530132287418,0.01722805575454256,-0.00679275443166838,4.614151276895041e-05
2023-01-19,170.39999389648438,170.39999389648438,167.3000030517578,168.6999969482422,6812613.0,169.37611389160156,172.094482421875,168.3267364501953,170.34164428710938,11382025.0,169.4499969482422,-0.004426084470388503,0.005262008586164324,-0.009688093056552827,9.38591470724271e-05
2023-01-20,169.89999389648438,169.89999389648438,167.64999389648438,168.6999969482422,8545359.0,168.646484375,169.7412109375,167.46556091308594,168.399658203125,6796440.5,168.6999969482422,0.0,-0.0017803126885018727,0.0017803126885018727,3.1695132688407663e-06
2023-01-23,169.39999389648438,169.5,166.0,166.85000610351562,7787735.0,169.2034912109375,170.16871643066406,167.8570556640625,168.73117065429688,6960565.0,168.6999969482422,-0.01096615813984958,0.00018478782820752215,-0.011150945968057102,0.00012434359598252894
2023-01-24,167.1999969482422,167.5500030517578,165.39999389648438,166.0500030517578,7033092.0,167.22921752929688,168.67495727539062,166.8138885498047,167.69061279296875,7598805.5,166.85000610351562,-0.004794743916649802,0.005038098044369388,-0.00983284196101919,9.66847810303797e-05
2023-01-25,166.0,166.60000610351562,164.39999389648438,165.89999389648438,9257370.0,167.1052703857422,169.7847900390625,166.32693481445312,168.6583709716797,10290420.0,166.0500030517578,-0.0009033974857963756,0.015708328045672237,-0.016611725531468613,0.0002759494251328462
2023-01-27,166.25,167.0500030517578,164.0,166.3000030517578,13756671.0,166.6894989013672,169.46937561035156,165.8894500732422,168.34744262695312,10484965.0,165.89999389648438,0.0024111462928866345,0.01475255467457015,-0.012341408381683516,0.00015231036084348816
2023-01-30,167.60000610351562,172.25,167.10000610351562,168.85000610351562,30768122.0,166.21041870117188,168.27859497070312,165.28953552246094,167.09861755371094,11915422.0,166.3000030517578,0.015333752284804048,0.004802251877918273,0.010531500406885774,0.00011091250082023523
2023-01-31,169.85000610351562,172.64999389648438,167.35000610351562,171.14999389648438,24990701.0,172.27755737304688,173.66033935546875,171.0171356201172,172.92138671875,18731116.0,168.85000610351562,0.013621484807994078,0.024112410234313986,-0.010490925426319908,0.00011005951630060555
2023-02-01,172.25,173.8000030517578,167.1999969482422,170.0,13878016.0,171.12400817871094,174.13111877441406,170.043212890625,172.48741149902344,18792120.0,171.14999389648438,-0.006719216695852848,0.007814301199145612,-0.01453351789499846,0.00021122314240424047
2023-02-02,170.0,170.85000610351562,165.5,166.89999389648438,19898080.0,169.75953674316406,172.23681640625,168.41427612304688,171.04345703125,16350146.0,170.0,-0.01823533002068012,0.0061379825367646745,-0.024373312557444793,0.000594058365022896
2023-02-03,164.5,166.4499969482422,162.5500030517578,165.5500030517578,11730514.0,166.78555297851562,168.97360229492188,165.90953063964844,167.2689208984375,14310086.0,166.89999389648438,-0.008088621294760845,0.002210467438255037,-0.010299088733015882,0.00010607122873053468
2023-02-06,164.5,166.85000610351562,164.0500030517578,166.0500030517578,7588936.0,166.66287231445312,169.3649139404297,165.365234375,167.80728149414062,11436064.0,165.5500030517578,0.003020235522700032,0.013635025072618712,-0.01061478954991868,0.0001126737571890628
2023-02-07,166.5,167.6999969482422,164.3000030517578,165.25,8699758.0,166.75819396972656,169.2313232421875,165.8832244873047,168.06634521484375,8760332.0,166.0500030517578,-0.004817844246039815,0.012142981788789475,-0.01696082603482929,0.0002876696197837431
2023-02-08,165.60000610351562,165.75,164.10000610351562,165.5,8839686.0,166.322021484375,168.39559936523438,165.540283203125,167.3647003173828,8760718.0,165.25,0.001512859304084735,0.012796976202013921,-0.011284116897929186,0.000127331294166131
2023-02-09,165.9499969482422,166.64999389648438,164.64999389648438,166.0,5507650.0,165.31063842773438,167.48358154296875,165.00892639160156,166.88729858398438,11215286.0,165.5,0.0030211480362538623,0.008382468785404162,-0.0053613207491503,2.8743760175269536e-05
2023-02-10,165.10000610351562,165.8000030517578,164.10000610351562,165.0,9468345.0,166.4998016357422,168.50135803222656,165.7460479736328,167.52455139160156,8185744.5,166.0,-0.0060240963855421326,0.009184044527720259,-0.015208140913262391,0.00023128755003764545
2023-02-13,165.10000610351562,168.1999969482422,164.8000030517578,167.85000610351562,9829152.0,166.3828887939453,169.92593383789062,166.7098846435547,168.69573974609375,7340661.5,165.0,0.017272764263731144,0.022398422703598486,-0.005125658439867342,2.6272374442183316e-05
2023-02-14,168.5,168.5,164.85000610351562,166.0500030517578,12916373.0,167.74862670898438,170.72134399414062,166.38150024414062,167.9916534423828,9230826.0,167.85000610351562,-0.010723878381319385,0.0008438923664968456,-0.01156777074781623,0.00013381332007403288
2023-02-15,166.0,166.5,164.1999969482422,165.8000030517578,11855678.0,167.1453857421875,168.32095336914062,166.51889038085938,167.31626892089844,8144496.0,166.0500030517578,-0.0015055705835914646,0.007625810574336089,-0.009131381157927554,8.338212185135436e-05
2023-02-16,166.0,167.6999969482422,165.60000610351562,167.39999389648438,7923121.0,166.38160705566406,168.17991638183594,165.39508056640625,166.75538635253906,10909988.0,165.8000030517578,0.009650125544491628,0.005762263469217155,0.003887862075274473,1.5115471516357533e-05
2023-02-17,167.0,169.64999389648438,166.4499969482422,168.0500030517578,10182025.0,168.2222900390625,169.73690795898438,167.4242706298828,168.2908935546875,8116044.5,167.39999389648438,0.003882970005813613,0.005321981425841837,-0.0014390114200282245,2.070753866971647e-06
2023-02-20,167.6999969482422,170.0,167.25,167.89999389648438,6679716.0,168.42811584472656,169.61798095703125,167.24830627441406,168.493896484375,8617818.0,168.0500030517578,-0.0008926459538786125,0.002641436623363136,-0.0035340825772417483,1.2489739662763677e-05
2023-02-21,169.0500030517578,174.25,169.0500030517578,173.25,26883881.0,168.693115234375,170.31564331054688,168.14073181152344,169.10919189453125,8954666.0,167.89999389648438,0.03186424239427943,0.007201894234685868,0.02466234815959356,0.000608231416745008
2023-02-22,172.9499969482422,173.1999969482422,168.5,170.5,12225021.0,173.1042938232422,173.9631805419922,171.29196166992188,172.61331176757812,12629028.0,173.25,-0.015873015873015928,-0.0036749681525072297,-0.012198047720508698,0.00014879236819180744
2023-02-23,170.9499969482422,171.64999389648438,169.0,169.60000610351562,11184381.0,171.0458526611328,172.6810302734375,170.16868591308594,171.92478942871094,9561374.0,170.5,-0.005278556577620996,0.00835653623877386,-0.013635092816394856,0.0001859157561117026
2023-02-24,170.25,171.1999969482422,169.39999389648438,171.0,8338893.0,170.15640258789062,172.03445434570312,169.1741943359375,171.3135223388672,13201435.0,169.60000610351562,0.008254680696355043,0.010103279325978987,-0.0018485986296239432,3.4173168934475206e-06
2023-02-27,171.14999389648438,173.5,170.5,172.39999389648438,17669762.0,171.52923583984375,174.40635681152344,170.92025756835938,173.73422241210938,9932988.0,171.0,0.008187098809850246,0.015989604749177655,-0.007802505939327409,6.087909893323949e-05
2023-02-28,172.8000030517578,173.0,169.85000610351562,170.5,19044910.0,173.1516571044922,174.78233337402344,171.9565887451172,173.38197326660156,11838447.0,172.39999389648438,-0.011020846657484262,0.005695936223215847,-0.01671678288070011,0.00027945082988046826
2023-03-01,170.9499969482422,173.0500030517578,169.9499969482422,172.25,9318790.0,170.94285583496094,171.7931365966797,169.59945678710938,170.5273895263672,9680350.0,170.5,0.01026392961876832,0.00016064238338531212,0.010103287235383007,0.00010207641296065321
2023-03-02,172.1999969482422,172.1999969482422,170.25,170.8000030517578,7725981.0,172.02830505371094,173.4046173095703,170.95037841796875,172.53128051757812,9470868.0,172.25,-0.008417979380215934,0.0016329783313679958,-0.01005095771158393,0.00010102175092004847
2023-03-03,172.0,175.0,171.5,172.60000610351562,12962719.0,170.99827575683594,172.43511962890625,170.00772094726562,171.53878784179688,8556381.0,170.8000030517578,0.010538659365318281,0.004325437803506249,0.006213221561812032,3.860412217616595e-05
2023-03-06,172.89999389648438,177.5,172.6999969482422,176.8000030517578,12402804.0,172.4604949951172,174.5127716064453,171.4903564453125,173.26824951171875,9309625.0,172.60000610351562,0.02433370104125765,0.003871630269829396,0.020462070771428253,0.00041869634025493846
2023-03-08,175.6999969482422,179.14999389648438,175.4499969482422,178.85000610351562,22099710.0,175.679931640625,176.618896484375,174.05197143554688,175.278564453125,9501888.0,176.8000030517578,0.011595039685365238,-0.00860542178942958,0.020200461474794817,0.00040805864379466964
2023-03-09,178.39999389648438,182.1999969482422,178.0,179.4499969482422,18874546.0,179.36676025390625,179.8747100830078,177.50181579589844,178.25852966308594,10708360.0,178.85000610351562,0.003354715259999974,-0.003307108863543129,0.006661824123543103,4.4379900653020835e-05
2023-03-10,178.0,181.0,177.8000030517578,180.75,12399692.0,179.91490173339844,180.3783416748047,175.1977081298828,175.89163208007812,12842333.0,179.4499969482422,0.007244374889194161,-0.019829283525651942,0.027073658414846102,0.0007329829799637672
2023-03-13,181.3000030517578,181.5500030517578,179.4499969482422,179.6999969482422,13669178.0,178.8292236328125,180.29434204101562,177.75669860839844,179.36000061035156,9148224.0,180.75,-0.0058091455145660165,-0.007690176429590245,0.0018810309150242288,3.5382773032768875e-06
2023-03-14,178.64999389648438,181.0,177.1999969482422,177.89999389648438,9217542.0,178.74850463867188,180.40521240234375,177.74192810058594,179.670654296875,10639428.0,179.6999969482422,-0.0100167116434412,-0.00016328687738176306,-0.009853424766059438,9.708997962039349e-05
2023-03-15,179.4499969482422,179.5500030517578,177.75,178.1999969482422,8548173.0,177.95404052734375,179.165771484375,176.6068572998047,177.91842651367188,8917302.0,177.89999389648438,0.0016863578530101897,0.00010361224182076079,0.001582745611189429,2.5050836697393987e-06
2023-03-16,178.1999969482422,180.0,176.9499969482422,179.60000610351562,9405016.0,177.77581787109375,178.77288818359375,176.07846069335938,177.13485717773438,7764464.0,178.1999969482422,0.007856392700613002,-0.005977215425077564,0.013833608125690566,0.00019136871377517205
2023-03-17,181.6999969482422,181.6999969482422,175.89999389648438,176.9499969482422,47276890.0,179.79888916015625,180.90756225585938,176.1603240966797,176.9072265625,12276013.0,179.60000610351562,-0.014755061610332354,-0.014993204061828358,0.000238142451496004,5.671182720452661e-08
2023-03-20,177.5500030517578,177.5500030517578,174.9499969482422,176.0,5627841.0,177.8875732421875,179.38632202148438,176.30380249023438,177.61451721191406,12055425.0,176.9499969482422,-0.005368731080114486,0.003755412687948434,-0.00912414376806292,8.324999950028142e-05
2023-03-21,176.85000610351562,177.5500030517578,175.3000030517578,177.10000610351562,12894327.0,176.92337036132812,177.8040313720703,175.48916625976562,176.56988525390625,5577611.0,176.0,0.006250034679066152,0.003237984397194582,0.00301205028187157,9.072446900522604e-06
2023-03-22,177.8000030517578,177.8000030517578,173.8000030517578,174.35000610351562,7893205.0,177.4495391845703,179.3157501220703,176.4345245361328,178.24826049804688,8056802.0,177.10000610351562,-0.015527949775408945,0.006483649660972368,-0.022011599436381313,0.0004845105097477021
2023-03-23,174.0500030517578,175.85000610351562,173.6999969482422,174.60000610351562,5759884.0,175.5849609375,176.78945922851562,174.4993133544922,175.75570678710938,5563621.0,174.35000610351562,0.0014338972827541152,0.008062521562282932,-0.006628624279528816,4.393865983915892e-05
2023-03-24,175.1999969482422,175.1999969482422,172.35000610351562,172.6999969482422,4977283.0,175.51661682128906,177.3069305419922,174.66763305664062,176.28121948242188,5709753.0,174.60000610351562,-0.01088206809195058,0.009628942268819385,-0.020511010360769966,0.0004207015460196129
2023-03-27,172.64999389648438,173.9499969482422,170.6999969482422,171.25,12077986.0,174.0083465576172,175.48443603515625,173.1259765625,174.1543731689453,4663304.5,172.6999969482422,-0.00839604501369362,0.0084214027006555,-0.01681744771434912,0.0002828265476248665
2023-03-28,171.35000610351562,173.0,170.5,172.0,8750986.0,172.36187744140625,173.46163940429688,171.3857879638672,172.36476135253906,5193211.5,171.25,0.004379562043795637,0.0065095553432938935,-0.0021299932994982562,4.536871455907468e-06
2023-03-29,172.64999389648438,175.39999389648438,171.6999969482422,174.0,20272070.0,171.94606018066406,173.28533935546875,170.8189239501953,172.24777221679688,8024642.0,172.0,0.011627906976744207,0.0014405361441678366,0.01018737083257637,0.00010378252448042776
2023-03-31,174.8000030517578,177.25,174.60000610351562,175.10000610351562,8125121.0,174.6662139892578,176.18035888671875,173.62171936035156,174.9850311279297,8188610.0,174.0,0.006321874158135676,0.00566109843637741,0.0006607757217582666,4.3662455446515815e-07
2023-04-03,175.60000610351562,178.10000610351562,175.4499969482422,177.8000030517578,9098662.0,176.1351776123047,178.03103637695312,175.12391662597656,176.95462036132812,9410126.0,175.10000610351562,0.015419742170917017,0.010591742964966455,0.004827999205950562,2.3309576332659253e-05
2023-04-05,178.3000030517578,178.3000030517578,175.14999389648438,175.89999389648438,10829323.0,177.68885803222656,179.16079711914062,176.4437713623047,177.91168212890625,7461937.0,177.8000030517578,-0.01068621553802973,0.0006281162836421217,-0.011314331821671852,0.0001280141045708963
2023-04-06,176.39999389648438,176.60000610351562,174.85000610351562,175.1999969482422,7159274.0,176.5297088623047,177.2527313232422,174.7593994140625,175.671630859375,7247762.0,175.89999389648438,-0.003979516614731282,-0.0012982549461812987,-0.0026812616685499835,7.189164135235442e-06
2023-04-10,175.85000610351562,178.0,175.1999969482422,177.60000610351562,10968456.0,175.83343505859375,176.7483673095703,174.7256622314453,175.69651794433594,5863709.0,175.1999969482422,0.013698682631726689,0.0028340239996718086,0.01086465863205488,0.00011804080719108462
2023-04-11,178.10000610351562,179.75,176.5500030517578,178.10000610351562,9208605.0,176.9107208251953,177.4972381591797,174.9617919921875,175.847900390625,7367336.5,177.60000610351562,0.0028153152185623753,-0.009865459756062123,0.012680774974624498,0.00016080205395706295
2023-04-12,178.0,178.3000030517578,175.3000030517578,175.8000030517578,7591360.0,178.277587890625,179.111328125,176.83822631835938,177.74429321289062,6440215.0,178.10000610351562,-0.012914109898575776,-0.001997264898566331,-0.010916845000009445,0.00011917750475423122
2023-04-13,176.0,176.10000610351562,172.3000030517578,173.0500030517578,9944382.0,176.65074157714844,177.62681579589844,175.14161682128906,176.19664001464844,7110072.5,175.8000030517578,-0.015642775610136717,0.002256182912430571,-0.017898958522567288,0.00032037271619258416
2023-04-17,172.35000610351562,173.9499969482422,169.25,169.60000610351562,17401126.0,172.45904541015625,173.4801788330078,171.036376953125,172.16981506347656,6115299.5,173.0500030517578,-0.019936416569783733,-0.005086321714874442,-0.01485009485490929,0.00022052531719980338
2023-04-18,170.0,170.75,169.0,170.10000610351562,16199789.0,170.52503967285156,171.888427734375,169.46495056152344,170.75660705566406,6684934.0,169.60000610351562,0.0029481131014512663,0.006819580840359718,-0.0038714677389084518,1.498826245340892e-05
2023-04-19,168.75,169.9499969482422,166.8000030517578,167.10000610351562,16314641.0,169.95663452148438,171.8604278564453,168.85438537597656,171.22988891601562,7909801.0,170.10000610351562,-0.017636683670512743,0.006642461916270603,-0.024279145586783346,0.0005894769104242213
2023-04-20,167.10000610351562,170.1999969482422,166.8000030517578,169.6999969482422,15498083.0,167.93838500976562,169.848876953125,167.0749053955078,168.87396240234375,8159587.0,167.10000610351562,0.015559489825008876,0.010616135452019115,0.004943354372989761,2.4436752456956994e-05
2023-04-21,169.64999389648438,169.9499969482422,168.39999389648438,169.6999969482422,6672391.0,170.38238525390625,172.14749145507812,169.33351135253906,170.91812133789062,10354288.0,169.6999969482422,0.0,0.007178104959070675,-0.007178104959070675,5.1525190803435015e-05
2023-04-24,168.5,171.25,168.1999969482422,170.9499969482422,8088991.0,169.739990234375,170.97352600097656,168.63949584960938,170.01904296875,7827979.0,169.6999969482422,0.007365940026394124,0.0018800590821761443,0.00548588094421798,3.0094889734133957e-05
2023-04-25,171.3000030517578,172.4499969482422,170.35000610351562,171.10000610351562,9175412.0,171.8006134033203,173.32901000976562,171.2620849609375,172.1474609375,7709216.0,170.9499969482422,0.0008775031175862757,0.007004761688415684,-0.006127258570829408,3.754329759380244e-05
2023-04-26,171.10000610351562,171.6999969482422,169.5,169.85000610351562,9032416.0,171.6845245361328,172.5792694091797,170.74703979492188,171.48448181152344,8459079.0,171.10000610351562,-0.007305668938689225,0.00224708179013855,-0.009552750728827775,9.125504648711958e-05
2023-04-27,170.0,171.35000610351562,168.8000030517578,170.9499969482422,9054900.0,170.8199920654297,172.12057495117188,169.8439483642578,171.09808349609375,7207237.5,169.85000610351562,0.006476248485126179,0.007348115088188445,-0.0008718666030622657,7.601513735353344e-07
2023-04-28,171.89999389648438,172.5,169.60000610351562,172.0,21552892.0,170.63897705078125,171.1304473876953,168.68943786621094,169.3437957763672,6161259.5,170.9499969482422,0.006142164787962701,-0.009395736768344598,0.015537901556307299,0.00024142638477349677
2023-05-02,172.64999389648438,176.0,172.5500030517578,175.60000610351562,8893428.0,172.37380981445312,173.43685913085938,171.23146057128906,172.394287109375,8949272.0,172.0,0.020930268043695577,0.0022923669149710335,0.018637901128724543,0.0003473713584841116
2023-05-03,175.60000610351562,178.64999389648438,175.10000610351562,176.35000610351562,11194149.0,174.9801788330078,175.59739685058594,173.28155517578125,174.12115478515625,7239024.0,175.60000610351562,0.00427107046658004,-0.008421704253743556,0.012692774720323596,0.00016110653010088574
2023-05-04,176.4499969482422,177.4499969482422,174.8000030517578,176.35000610351562,4671155.0,176.4923095703125,177.5857696533203,175.0736083984375,176.3146209716797,8632543.0,176.35000610351562,0.0,-0.0002006528529132634,0.0002006528529132634,4.0261567382231715e-08
2023-05-05,176.35000610351562,176.39999389648438,173.0,174.25,5958697.0,175.5921173095703,176.5630645751953,174.05963134765625,175.37095642089844,8274262.0,176.35000610351562,-0.011908171425199399,-0.005551741699643009,-0.0063564297255563895,4.040419885593688e-05
2023-05-08,174.8000030517578,177.5500030517578,174.5,177.0500030517578,6287186.0,174.595458984375,175.68316650390625,173.64434814453125,174.72723388671875,5514005.5,174.25,0.016068884084693424,0.002738788446018603,0.013330095638674822,0.0001776914497362175
2023-05-09,177.1999969482422,178.64999389648438,175.1999969482422,176.0,7918748.0,176.63880920410156,177.5934295654297,175.36846923828125,176.36770629882812,5738339.0,177.0500030517578,-0.005930545233884366,-0.003853695233940413,-0.0020768499999439527,4.3133059222671965e-06
2023-05-10,176.0,177.35000610351562,174.9499969482422,177.0500030517578,6231734.0,176.57244873046875,177.1846466064453,174.71597290039062,175.55848693847656,6385796.5,176.0,0.005965926430442137,-0.002508596940474117,0.008474523370916254,7.181754636420578e-05
2023-05-11,177.60000610351562,180.0,176.9499969482422,179.5500030517578,12125975.0,176.71827697753906,177.35052490234375,174.9473419189453,175.8213348388672,6213871.0,177.0500030517578,0.014120304755200541,-0.006939667843617325,0.021059972598817867,0.00044352244586295936
2023-05-12,179.10000610351562,179.25,174.5,174.9499969482422,8920297.0,178.6368865966797,179.46807861328125,177.0674285888672,178.29254150390625,6728893.0,179.5500030517578,-0.02561963812492729,-0.007003405884037139,-0.01861623224089015,0.00034656410284675796
2023-05-15,174.0,176.75,173.85000610351562,175.9499969482422,7980565.0,174.84805297851562,175.92282104492188,173.7398681640625,174.7688751220703,5069874.0,174.9499969482422,0.005715918933658859,-0.0010352776755147008,0.00675119660917356,4.557865565571657e-05
2023-05-16,176.89999389648438,178.0,175.5,177.4499969482422,7874923.0,177.16397094726562,178.15965270996094,175.46347045898438,176.48345947265625,7670997.0,175.9499969482422,0.008525149337974991,0.003031898457895421,0.00549325088007957,3.017580523149497e-05
2023-05-17,177.4499969482422,177.85000610351562,175.0500030517578,176.0,6639494.0,177.46499633789062,178.72998046875,176.20445251464844,177.69091796875,6548385.5,177.4499969482422,-0.008171298806306071,0.001357683993525649,-0.00952898279983172,9.080151319948876e-05
2023-05-18,177.0,177.6999969482422,174.64999389648438,175.10000610351562,6921939.0,176.93040466308594,178.23876953125,175.87225341796875,177.1953125,5895788.0,176.0,-0.0051136016845703125,0.006791548295454586,-0.011905149980024898,0.00014173259604688683
2023-05-19,175.0,175.35000610351562,172.9499969482422,173.3000030517578,6657753.0,176.16390991210938,176.86309814453125,174.53775024414062,175.40138244628906,6100266.0,175.10000610351562,-0.010279857161704986,0.001721166946135222,-0.012001024107840208,0.00014402457963696186
2023-05-22,173.3000030517578,177.0500030517578,173.14999389648438,174.10000610351562,13339834.0,174.25650024414062,175.1893768310547,173.2282257080078,174.13998413085938,4964689.5,173.3000030517578,0.004616289888459413,0.004846976712693296,-0.00023068682423388331,5.3216410875114574e-08
2023-05-23,174.9499969482422,175.64999389648438,172.8000030517578,174.14999389648438,8359389.0,174.58384704589844,175.63809204101562,173.13546752929688,174.35997009277344,7619739.0,174.10000610351562,0.00028712114426365787,0.001493187709041388,-0.0012060665647777302,1.454596558674755e-06
2023-05-24,174.0,175.3000030517578,173.4499969482422,174.9499969482422,8507023.0,174.20736694335938,175.3861541748047,173.04159545898438,174.0487060546875,6537517.0,174.14999389648438,0.004593758712580387,-0.0005816126634898833,0.00517537137607027,2.678446888024748e-05
2023-05-25,174.9499969482422,175.5500030517578,173.39999389648438,174.5,7986243.0,174.70130920410156,175.15562438964844,172.2275390625,172.9793243408203,8359714.0,174.9499969482422,-0.002572146076546211,-0.011264204868805416,0.008692058792259205,7.555188604809055e-05
2023-05-26,175.0,177.25,174.10000610351562,174.5,6926193.0,174.5187530517578,175.40109252929688,172.87698364257812,173.93148803710938,8352850.5,174.5,0.0,-0.0032579482114075686,0.0032579482114075686,1.0614226548213776e-05
2023-05-29,174.9499969482422,177.8000030517578,174.8000030517578,176.3000030517578,9943211.0,175.32269287109375,176.64381408691406,174.04745483398438,174.79458618164062,6213576.0,174.5,0.010315203735001832,0.0016881729606912366,0.008627030774310596,7.442565998090208e-05
2023-05-30,177.0,178.0,175.60000610351562,176.8000030517578,9727639.0,176.5927734375,177.3526611328125,175.05198669433594,175.8932647705078,6650526.5,176.3000030517578,0.002836074823284074,-0.002307080398237904,0.005143155221521978,2.6452045632668783e-05
2023-05-31,177.0,177.0,171.9499969482422,173.85000610351562,41785992.0,176.66082763671875,177.50686645507812,175.24203491210938,175.96694946289062,6784625.0,176.8000030517578,-0.016685502812907704,-0.004711841484659418,-0.011973661328248286,0.00014336856560358851
2023-06-01,173.60000610351562,174.6999969482422,171.85000610351562,174.39999389648438,11602551.0,172.97097778320312,174.65968322753906,171.4247589111328,173.84329223632812,7944971.0,173.85000610351562,0.0031635764950233014,-3.861873426391771e-05,0.003202195229287219,1.0254054286469826e-05
2023-06-02,175.89999389648438,175.89999389648438,173.39999389648438,174.5500030517578,7262018.0,174.29539489746094,176.4275360107422,173.27780151367188,175.54420471191406,9256528.0,174.39999389648438,0.0008601442690558958,0.006560842061203553,-0.005700697792147658,3.249795531739718e-05
2023-06-05,175.8000030517578,176.1999969482422,173.5500030517578,174.10000610351562,12239684.0,175.3926544189453,176.52642822265625,174.1607208251953,175.32969665527344,6859566.5,174.5500030517578,-0.0025780403344293212,0.004466878200422686,-0.007044918534852007,4.963087716270135e-05
2023-06-06,174.5,175.75,173.5500030517578,175.39999389648438,4889564.0,174.67616271972656,175.3470458984375,172.39161682128906,173.48785400390625,8744620.0,174.10000610351562,0.007466902627193628,-0.0035160946476096022,0.01098299727480323,0.00012062622913833518
2023-06-07,175.9499969482422,178.0,175.39999389648438,177.35000610351562,6270083.0,175.1832733154297,176.0331573486328,173.6981658935547,174.68881225585938,7111287.0,175.39999389648438,0.011117515820337376,-0.004054627510675535,0.01517214333101291,0.00023019393325679954
2023-06-08,178.75,184.35000610351562,178.10000610351562,182.0500030517578,27382635.0,178.05052185058594,179.57119750976562,176.90476989746094,178.4420623779297,6236994.0,177.35000610351562,0.026501250558169653,0.006157633136909313,0.02034361742126034,0.0004138627697826072
2023-06-09,184.0,184.25,180.5500030517578,182.8000030517578,10235269.0,181.92396545410156,182.65707397460938,179.77989196777344,180.8162078857422,7976653.0,182.0500030517578,0.004119747253103601,-0.006777232328114002,0.010896979581217603,0.00011874416399347337
2023-06-12,182.8000030517578,186.4499969482422,182.64999389648438,185.6999969482422,17450400.0,181.98927307128906,182.8386993408203,180.22702026367188,181.3580322265625,7234259.0,182.8000030517578,0.01586429895005681,-0.007888242894542152,0.023752541844598962,0.0005641832440794246
2023-06-13,186.0,186.64999389648438,185.0,185.35000610351562,8332566.0,183.82391357421875,184.65585327148438,181.63072204589844,182.79910278320312,7690103.0,185.6999969482422,-0.0018847110957364022,-0.015621401253159917,0.013736690157423515,0.00018869665648105606
2023-06-14,185.35000610351562,188.39999389648438,185.35000610351562,187.1999969482422,15061573.0,183.6698455810547,184.33657836914062,181.1500244140625,182.24539184570312,7847813.0,185.35000610351562,0.009981067082853956,-0.016750008932174598,0.026731076015028554,0.0007145504249212348
2023-06-15,187.0,187.3000030517578,185.35000610351562,186.6999969482422,9840499.0,186.6822509765625,187.06967163085938,182.85287475585938,183.6420135498047,8974462.0,187.1999969482422,-0.0026709402144822203,-0.019006321882693356,0.016335381668211135,0.00026684469424612844
2023-06-16,186.89999389648438,188.6999969482422,186.0500030517578,188.1999969482422,8562558.0,185.2918701171875,186.09500122070312,183.21279907226562,184.26065063476562,8709240.0,186.6999969482422,0.008034279724256521,-0.013065593751202975,0.021099873475459496,0.0004452046606803992
2023-06-19,188.1999969482422,188.1999969482422,185.1999969482422,185.85000610351562,5363723.0,187.82980346679688,188.234130859375,184.60511779785156,185.35398864746094,9253088.0,188.1999969482422,-0.012486667815264862,-0.01512225476583795,0.002635586950573088,6.946318574031148e-06
2023-06-20,186.0,188.0,184.5500030517578,187.5,6035600.0,185.80735778808594,186.76513671875,184.19801330566406,185.365966796875,6832198.0,185.85000610351562,0.008878094389544122,-0.0026044621508972687,0.011482556540441391,0.00013184910470443337
2023-06-21,187.5,188.6999969482422,186.5,187.5,5906854.0,185.91090393066406,187.34373474121094,184.70860290527344,186.2257537841797,6977699.0,187.5,0.0,-0.0067959798177082975,0.0067959798177082975,4.6185341682698505e-05
2023-06-22,187.5,187.9499969482422,183.35000610351562,184.5,6683123.0,186.8480224609375,188.1494140625,185.634521484375,187.0052947998047,6976242.5,187.5,-0.016000000000000014,-0.0026384277343749485,-0.013361572265625066,0.00017853161340952096
2023-06-23,184.5500030517578,187.5,183.75,186.6999969482422,15255365.0,185.49880981445312,186.98582458496094,184.3392791748047,185.83030700683594,6718376.5,184.5,0.011924102700499706,0.007210336080411661,0.004713766620088045,2.2219595748656267e-05
2023-06-26,187.39999389648438,187.39999389648438,184.4499969482422,184.89999389648438,7231775.0,187.8680419921875,188.71670532226562,185.8701171875,186.90377807617188,8027644.0,186.6999969482422,-0.009641152014891685,0.001091489722874428,-0.010732641737766113,0.00011518959867123921
2023-06-27,184.89999389648438,186.9499969482422,184.8000030517578,186.0500030517578,6787438.0,185.2913818359375,186.8802490234375,184.37203979492188,185.83120727539062,6335067.0,184.89999389648438,0.006219627870389655,0.005036308326908712,0.001183319543480943,1.4002451419839473e-06
2023-06-28,186.0500030517578,190.60000610351562,185.3000030517578,189.10000610351562,32476741.0,186.06961059570312,187.32733154296875,184.81568908691406,186.1422119140625,6716441.5,186.0500030517578,0.016393458756941426,0.0004956133340079383,0.015897845422933488,0.00025274148909148727
2023-06-30,188.10000610351562,191.64999389648438,188.0,189.14999389648438,9579059.0,188.59909057617188,189.8928680419922,186.96051025390625,188.30609130859375,8967482.0,189.10000610351562,0.000264345803042465,-0.004198385876768684,0.004462731679811149,1.9915974045990043e-05
2023-07-03,190.0,192.60000610351562,188.6999969482422,191.25,7352149.0,188.73472595214844,190.38768005371094,187.52215576171875,189.04949951171875,8078322.0,189.14999389648438,0.011102332388468916,-0.0005312946762272563,0.011633627064696173,0.00013534127868043127
2023-07-04,191.10000610351562,194.8000030517578,189.0,194.0500030517578,13258826.0,189.38619995117188,191.07257080078125,188.1556854248047,189.7289581298828,7471131.0,191.25,0.014640538832720651,-0.007953160105187873,0.022593698937908524,0.0005104752316968488
2023-07-05,194.0,194.75,192.35000610351562,193.39999389648438,6558910.0,191.74661254882812,193.16395568847656,189.87939453125,191.39205932617188,7940643.0,194.0500030517578,-0.003349699278799134,-0.013697210429195361,0.010347511150396227,0.00010707098700757425
2023-07-06,193.5,197.14999389648438,192.75,196.75,16276609.0,191.4583740234375,193.0338134765625,190.0686492919922,191.68629455566406,7426305.0,193.39999389648438,0.01732164534249514,-0.008860906902290577,0.026182552244785717,0.0006855260420509336
2023-07-07,196.75,197.75,192.14999389648438,192.60000610351562,12652336.0,193.60540771484375,195.1421356201172,191.83364868164062,193.48373413085938,8119237.0,196.75,-0.021092726284545726,-0.016601097174793522,-0.004491629109752204,2.0174732059573378e-05
2023-07-10,192.64999389648438,193.35000610351562,189.8000030517578,191.5500030517578,10238356.0,192.70358276367188,194.3083953857422,191.0032196044922,192.674072265625,7858315.0,192.60000610351562,-0.005451729067928901,0.00038455950032290076,-0.005836288568251802,3.4062264251906666e-05
2023-07-11,192.64999389648438,192.9499969482422,190.8000030517578,192.39999389648438,11236383.0,190.9437255859375,192.8385772705078,189.56582641601562,191.34683227539062,8954424.0,191.5500030517578,0.004437435819287794,-0.001060667048448427,0.005498102867736221,3.0229135144209257e-05
2023-07-12,193.75,194.75,190.25,190.8000030517578,9191559.0,191.69508361816406,192.88241577148438,189.5824737548828,191.06361389160156,8185716.0,192.39999389648438,-0.008315960995234684,-0.006945842241563804,-0.0013701187536708792,1.8772253991606433e-06
2023-07-13,191.8000030517578,191.8000030517578,186.9499969482422,187.89999389648438,10612659.0,191.45899963378906,193.3071746826172,190.02061462402344,191.91127014160156,7204778.0,190.8000030517578,-0.015199209166085637,0.005824250901832029,-0.021023460067917665,0.00044198587322732865
2023-07-14,187.9499969482422,188.35000610351562,184.75,187.4499969482422,12369394.0,186.75282287597656,187.95779418945312,184.71435546875,186.0315704345703,6712375.0,187.89999389648438,-0.002394874735813457,-0.009943712201200938,0.007548837465387481,5.698494707883769e-05
2023-07-17,188.4499969482422,188.9499969482422,185.8000030517578,186.5,9058800.0,187.50115966796875,189.94346618652344,185.4026336669922,186.79666137695312,9493270.0,187.4499969482422,-0.005068001940296107,-0.0034853858731694887,-0.0015826160671266187,2.504673615927326e-06
2023-07-18,187.0,189.14999389648438,186.3000030517578,187.35000610351562,7177677.0,187.33363342285156,189.0799102783203,185.78024291992188,187.7422332763672,8345425.0,186.5,0.004557673477295632,0.006660768237893855,-0.002103094760598223,4.423007572055697e-06
2023-07-19,191.0,196.60000610351562,190.1999969482422,192.5500030517578,31761232.0,188.0056610107422,189.31036376953125,186.3453826904297,187.7626953125,7125262.5,187.35000610351562,0.02775552057024777,0.002202771259886438,0.025552749310361333,0.0006529429973181716
2023-07-20,192.6999969482422,194.25,191.85000610351562,192.89999389648438,8936996.0,192.5340118408203,193.89328002929688,189.58160400390625,191.3124237060547,15550712.0,192.5500030517578,0.0018176621094754264,-0.006427314079919588,0.008244976189395015,6.797963236369074e-05
2023-07-21,192.8000030517578,196.35000610351562,192.10000610351562,195.10000610351562,11031250.0,192.84498596191406,194.3278045654297,191.09275817871094,192.6736297607422,7575259.0,192.89999389648438,0.011404936633703677,-0.0011734792270842176,0.012578415860787895,0.00015821654556692047
2023-07-24,195.5,197.0,192.9499969482422,195.89999389648438,9981788.0,195.03677368164062,196.9249267578125,193.02212524414062,194.87844848632812,13058189.0,195.10000610351562,0.004100398605545452,-0.0011356105087456658,0.005236009114291118,2.741579144493966e-05
2023-07-25,196.5,201.35000610351562,195.89999389648438,200.64999389648438,18028061.0,195.43734741210938,197.10104370117188,193.30319213867188,195.00750732421875,10626311.0,195.89999389648438,0.024247065584442895,-0.004555827463359807,0.028802893047802702,0.0008296066479231613
2023-07-26,201.5,202.14999389648438,200.0,201.60000610351562,13857423.0,199.59417724609375,201.0264434814453,196.99600219726562,198.59439086914062,9607760.0,200.64999389648438,0.004734673490801811,-0.010244720109008565,0.014979393599810376,0.00022438223261804003
2023-07-27,201.75,203.0,200.60000610351562,201.9499969482422,16013422.0,200.09710693359375,201.48765563964844,197.7628173828125,199.483642578125,8556196.0,201.60000610351562,0.0017360656454883383,-0.01049783462954823,0.012233900275036569,0.00014966831593953985
2023-07-28,201.85000610351562,210.4499969482422,199.5,210.0,39630520.0,202.07058715820312,203.2884063720703,198.7676239013672,200.50885009765625,13243189.0,201.9499969482422,0.03986136753357283,-0.007136156832699969,0.0469975243662728,0.002208767296558406
2023-07-31,212.1999969482422,218.9499969482422,209.64999389648438,218.35000610351562,43494779.0,206.22486877441406,207.74322509765625,201.7689971923828,204.08570861816406,16471662.0,210.0,0.03976193382626492,-0.0281632922944568,0.06792522612072172,0.004613836343551176
2023-08-01,219.5500030517578,226.64999389648438,218.85000610351562,225.14999389648438,63510580.0,213.40025329589844,214.59461975097656,205.13475036621094,207.62289428710938,19118750.0,218.35000610351562,0.03114260408925751,-0.04912805823930555,0.08027066232856306,0.006443379230666193
2023-08-02,225.0500030517578,225.14999389648438,216.85000610351562,219.10000610351562,22647784.0,211.48187255859375,218.63778686523438,203.23561096191406,212.7368621826172,54582960.0,225.14999389648438,-0.026870921416725868,-0.05513272063233665,0.028261799215610783,0.0007987292949034983
2023-08-03,219.10000610351562,223.60000610351562,217.9499969482422,220.10000610351562,29868065.0,216.43869018554688,218.81336975097656,212.9792022705078,217.18495178222656,18405792.0,219.10000610351562,0.0045641258427329134,-0.008740548918032776,0.013304674760765689,0.00017701437048975554
2023-08-04,221.6999969482422,222.1999969482422,217.60000610351562,217.9499969482422,12879897.0,218.74603271484375,220.6785888671875,210.6552734375,213.10223388671875,28535580.0,220.10000610351562,-0.009768328467298026,-0.031793603011104565,0.02202527454380654,0.00048511271873005236
2023-08-07,219.6999969482422,221.35000610351562,217.64999389648438,217.9499969482422,12929354.0,220.44171142578125,226.12860107421875,210.75546264648438,215.97308349609375,29940786.0,217.9499969482422,0.0,-0.00907049084574163,0.00907049084574163,8.227380418268272e-05
2023-08-08,220.3000030517578,220.39999389648438,214.0,217.5500030517578,15314866.0,216.1078643798828,218.38758850097656,211.54933166503906,214.48443603515625,22116258.0,217.9499969482422,-0.0018352553433591545,-0.015900715584359126,0.014065460240999972,0.000197837171791151
2023-08-09,218.4499969482422,219.6999969482422,216.4499969482422,218.6999969482422,12554174.0,216.621826171875,217.98684692382812,212.07968139648438,214.54183959960938,13210632.0,217.5500030517578,0.0052861129871406565,-0.013827457641693353,0.01911357062883401,0.0003653285821834261
2023-08-10,219.1999969482422,220.85000610351562,216.5,217.39999389648438,10970619.0,217.21646118164062,218.61370849609375,213.01576232910156,215.3997802734375,17504528.0,218.6999969482422,-0.005944229857787642,-0.0150901541877283,0.009145924329940658,8.364793184900048e-05
2023-08-11,214.89999389648438,216.5,212.64999389648438,213.0,7970536.0,217.98709106445312,219.9664764404297,214.20022583007812,216.97732543945312,20620526.0,217.39999389648438,-0.02023916292554928,-0.0019441971890418186,-0.018294965736507462,0.00033470577129998203
2023-08-14,213.3000030517578,214.0,211.8000030517578,213.0,9283695.0,213.37351989746094,214.45819091796875,207.10504150390625,209.0445556640625,18279000.0,213.0,0.0,-0.0185701612015845,0.0185701612015845,0.0003448508870528343
2023-08-16,212.9499969482422,217.9499969482422,212.0500030517578,217.4499969482422,9687712.0,211.72653198242188,212.6314239501953,207.74520874023438,209.56671142578125,13327454.0,213.0,0.02089200445184125,-0.0161187257005575,0.03701073015239875,0.0013697941464136782
2023-08-17,219.4499969482422,219.8000030517578,215.14999389648438,215.75,11865239.0,214.84820556640625,216.40113830566406,211.99273681640625,214.0461883544922,9253455.0,217.4499969482422,-0.007817875245345829,-0.01565329336178456,0.00783541811643873,6.139377705941626e-05
2023-08-18,215.8000030517578,216.64999389648438,213.3000030517578,215.14999389648438,14101163.0,215.54319763183594,217.12115478515625,212.78538513183594,215.03436279296875,10048344.0,215.75,-0.0027810248135139437,-0.003316974308371967,0.0005359494948580235,2.872418610385705e-07
2023-08-21,217.1999969482422,219.5500030517578,215.6999969482422,218.8000030517578,13336739.0,213.5578155517578,215.03033447265625,211.4219970703125,213.39846801757812,7043023.0,215.14999389648438,0.016964951237830705,-0.008140952491725195,0.0251059037295559,0.0006303064020777289
2023-08-22,219.25,222.3000030517578,218.85000610351562,221.6999969482422,16930149.0,216.71974182128906,218.19064331054688,213.89463806152344,215.8636016845703,10324954.0,218.8000030517578,0.013254085265247406,-0.013420481381313687,0.026674566646561093,0.0007115325057818295
2023-08-23,222.89999389648438,222.89999389648438,221.0500030517578,221.6999969482422,13507905.0,219.55224609375,221.80934143066406,217.11126708984375,219.85597229003906,13186273.0,221.6999969482422,0.0,-0.008317657571432546,0.008317657571432546,6.918342747560917e-05
2023-08-24,222.0,222.39999389648438,219.64999389648438,220.85000610351562,11182959.0,222.25564575195312,223.74868774414062,219.15972900390625,221.31959533691406,12562782.0,221.6999969482422,-0.0038339686803198214,-0.001715839497358873,-0.0021181291829609483,4.486471235710814e-06
2023-08-25,221.85000610351562,221.85000610351562,217.1999969482422,217.89999389648438,7413549.0,220.98898315429688,223.69784545898438,219.51007080078125,222.47012329101562,9341988.0,220.85000610351562,-0.0133575373579502,0.007335825866994217,-0.020693363224944417,0.00042821528155948197
2023-08-28,217.89999389648438,219.3000030517578,217.1999969482422,218.6999969482422,4851793.0,221.0407257080078,223.4802703857422,219.19131469726562,221.87741088867188,11547292.0,217.89999389648438,0.003671423011319064,0.01825340570719347,-0.014581982695874407,0.00021263421934278063
2023-08-29,219.1999969482422,221.75,218.25,221.10000610351562,8799235.0,219.6564483642578,222.900634765625,218.53555297851562,221.9207763671875,7831514.0,218.6999969482422,0.010973978915241656,0.014726929418785284,-0.0037529505035436284,1.4084637482048373e-05
2023-08-30,222.0,222.0,219.75,220.39999389648438,5490930.0,222.76693725585938,225.1755828857422,221.2351837158203,224.01828002929688,8058105.0,221.10000610351562,-0.003166043363669213,0.013198886681237587,-0.0163649300449068,0.0002678109353746933
2023-08-31,221.64999389648438,221.64999389648438,218.75,220.3000030517578,18532999.0,219.62490844726562,220.27090454101562,217.31692504882812,218.6406707763672,5450748.0,220.39999389648438,-0.0004536789813774922,-0.00798241002195077,0.007528731040573278,5.668179108129159e-05
2023-09-01,217.85000610351562,231.64999389648438,216.14999389648438,230.6999969482422,29859815.0,220.60635375976562,221.53634643554688,217.97500610351562,219.73377990722656,8752442.0,220.3000030517578,0.04720832388749896,-0.002570236662222003,0.04977856054972096,0.0024779050904022363
2023-09-04,233.6999969482422,236.5,230.5,235.8000030517578,21895573.0,228.45932006835938,230.85101318359375,224.37570190429688,227.33457946777344,19920404.0,230.6999969482422,0.022106658738533902,-0.014587852297300974,0.036694511035834876,0.0013464871401590074
2023-09-05,236.89999389648438,236.89999389648438,231.6999969482422,234.60000610351562,13952922.0,230.98504638671875,231.98626708984375,224.11141967773438,226.60887145996094,13917844.0,235.8000030517578,-0.005089045516164736,-0.03897850497389277,0.03388945945772803,0.001148495462336992
2023-09-06,235.5,235.85000610351562,228.39999389648438,231.89999389648438,14623019.0,234.10452270507812,235.259765625,229.8655242919922,232.3009033203125,12743979.0,234.60000610351562,-0.011509003140604768,-0.00980009686013672,-0.0017089062804680477,2.9203606754231376e-06
2023-09-07,233.0,238.0,229.35000610351562,234.10000610351562,30334731.0,230.09222412109375,231.57638549804688,226.42327880859375,228.8964385986328,13152779.0,231.89999389648438,0.009486900668109977,-0.012951942116877668,0.022438842784987645,0.0005035016655293921
2023-09-08,236.0,243.60000610351562,235.0,240.25,28856420.0,233.0875244140625,234.59927368164062,229.42050170898438,231.6779327392578,11877040.0,234.10000610351562,0.026270797676805513,-0.010346319099140966,0.03661711677594648,0.001340813240983301
2023-09-11,243.60000610351562,243.89999389648438,238.14999389648438,243.10000610351562,22493483.0,238.1774444580078,239.42845153808594,232.5841064453125,234.93939208984375,16789286.0,240.25,0.011862668484976524,-0.022104507430411036,0.03396717591538756,0.0011537690396668846
2023-09-12,244.1999969482422,244.9499969482422,234.10000610351562,235.10000610351562,21174310.0,241.9900665283203,242.13192749023438,230.98092651367188,234.30824279785156,25436546.0,243.10000610351562,-0.032908267376157485,-0.036165212196335395,0.0032569448201779094,1.0607689561683715e-05
2023-09-13,236.10000610351562,238.4499969482422,233.14999389648438,237.14999389648438,9151928.0,238.701904296875,238.8219757080078,230.57969665527344,232.24143981933594,22180064.0,235.10000610351562,0.008719641598248673,-0.012158937515812096,0.02087857911406077,0.00043591506582209456
2023-09-14,237.9499969482422,239.1999969482422,235.9499969482422,237.9499969482422,7568464.0,238.3079833984375,241.7357177734375,236.35260009765625,240.50949096679688,9406816.0,237.14999389648438,0.003373405322991463,0.014166127584970267,-0.010792722261978804,0.00011648285382421288
2023-09-15,235.60000610351562,239.3000030517578,235.60000610351562,236.1999969482422,14098284.0,238.8323516845703,242.1513671875,236.90707397460938,240.9466552734375,8844550.0,237.9499969482422,-0.007354486330927168,0.01259364725206158,-0.019948133582988747,0.0003979280334447635
2023-09-18,237.0,242.14999389648438,236.0500030517578,241.1999969482422,11163399.0,236.85227966308594,237.9546661376953,232.99761962890625,235.33645629882812,9610494.0,236.1999969482422,0.02116850154361183,-0.0036559723140185962,0.024824473857630425,0.0006162545023081764
2023-09-20,241.5,246.0,240.35000610351562,241.75,18936709.0,240.51919555664062,243.30223083496094,237.61614990234375,241.08245849609375,12569796.0,241.1999969482422,0.0022802780212134444,-0.00048730702170640683,0.002767585042919851,7.659526969793674e-06
2023-09-21,240.0500030517578,242.89999389648438,237.10000610351562,238.9499969482422,10134737.0,243.1778106689453,245.19256591796875,239.38958740234375,242.13818359375,14941491.0,241.75,-0.011582225653600009,0.0016057232419854905,-0.0131879488955855,0.0001739219960725748
2023-09-22,238.60000610351562,239.3000030517578,236.0,237.9499969482422,7209300.0,237.3467254638672,239.37144470214844,229.68701171875,233.64744567871094,21375586.0,238.9499969482422,-0.004184975989836914,-0.022191049747867564,0.01800607375803065,0.00032421869217964
2023-09-25,239.14999389648438,240.25,237.14999389648438,239.64999389648438,8027642.0,238.9710693359375,240.89442443847656,236.22796630859375,238.52493286132812,11306224.0,237.9499969482422,0.007144345324837209,0.002416204750828266,0.004728140574008943,2.235531328758962e-05
2023-09-26,239.75,243.1999969482422,239.0500030517578,240.1999969482422,10681642.0,237.8189697265625,239.2082977294922,234.56036376953125,236.92691040039062,10576862.0,239.64999389648438,0.00229502635412282,-0.011362752202989768,0.013657778557112588,0.00018653491511512438
2023-09-27,239.89999389648438,240.5,237.85000610351562,239.3000030517578,9679279.0,240.07400512695312,242.67047119140625,238.59605407714844,241.26956176757812,6874285.5,240.1999969482422,-0.0037468522394623616,0.004452809462634599,-0.008199661702096961,6.723445202883563e-05
2023-09-28,239.60000610351562,241.1999969482422,235.64999389648438,237.0500030517578,32887087.0,238.97998046875,240.51409912109375,236.36215209960938,238.6529541015625,8517832.0,239.3000030517578,-0.009402423615988642,-0.002703923702229827,-0.006698499913758815,4.486990109462685e-05
2023-09-29,239.5500030517578,251.5,239.5,245.5500030517578,35038887.0,236.33209228515625,237.6856689453125,231.31471252441406,233.13265991210938,14691674.0,237.0500030517578,0.03585741358604455,-0.01652538742550924,0.05238280101155379,0.002743957841816041
2023-10-03,244.35000610351562,246.6999969482422,240.5500030517578,241.1999969482422,14885044.0,246.21884155273438,247.93145751953125,241.81063842773438,243.7584228515625,14885125.0,245.5500030517578,-0.017715357562421707,-0.00729619294615802,-0.010419164616263688,0.00010855899130080124
2023-10-04,241.0,241.0,231.5,235.14999389648438,25424437.0,241.00454711914062,243.59530639648438,238.65562438964844,241.4263458251953,10103905.0,241.1999969482422,-0.02508293170938991,0.0009384281916127168,-0.026021359901002628,0.0006771111710975075
2023-10-05,237.25,237.39999389648438,232.0500030517578,233.85000610351562,22472389.0,237.08135986328125,241.38583374023438,235.32339477539062,239.4768524169922,13516150.0,235.14999389648438,-0.005528334368322452,0.018400419446374938,-0.02392875381469739,0.0005725852591243949
2023-10-06,234.25,237.5,233.64999389648438,235.5500030517578,8825123.0,234.62808227539062,237.69546508789062,231.8655242919922,235.03976440429688,16237204.0,233.85000610351562,0.007269604036228561,0.005087698395246587,0.0021819056409819737,4.760712226148958e-06
2023-10-09,233.85000610351562,236.3000030517578,230.5,234.6999969482422,10659145.0,235.8446044921875,237.7435302734375,233.431640625,235.59393310546875,8700985.0,235.5500030517578,-0.003608601538964362,0.00018649990720343013,-0.0037951014461677923,1.440279498670487e-05
2023-10-10,234.89999389648438,236.85000610351562,233.75,235.89999389648438,11665907.0,234.45059204101562,236.9496307373047,232.54034423828125,235.17105102539062,8683526.0,234.6999969482422,0.005112897161676733,0.0020070476492264344,0.0031058495124502983,9.646301193987755e-06
2023-10-11,236.25,239.6999969482422,236.0,238.6999969482422,14313043.0,235.7838897705078,236.86837768554688,232.2429962158203,233.98001098632812,11631162.0,235.89999389648438,0.011869449445541358,-0.00813896973222794,0.0200084191777693,0.00040033683799332626
2023-10-12,238.9499969482422,242.75,238.60000610351562,241.60000610351562,13170027.0,238.07855224609375,239.5345916748047,235.21363830566406,237.13107299804688,8776105.0,238.6999969482422,0.012149179691452794,-0.006572785799136449,0.018721965490589243,0.0003505119918308145
2023-10-13,240.5500030517578,243.8000030517578,239.60000610351562,242.0500030517578,11880728.0,240.1662139892578,242.33474731445312,237.97567749023438,240.19488525390625,7165624.0,241.60000610351562,0.0018625701029550967,-0.005815897409403803,0.0076784675123589,5.8958863338351066e-05
2023-10-16,242.85000610351562,245.0,241.0,243.4499969482422,6936948.0,240.53857421875,242.14111328125,237.94998168945312,239.86383056640625,10723298.0,242.0500030517578,0.005783903651449318,-0.009031904390780277,0.014815808042229595,0.00021950816794419513
2023-10-17,244.85000610351562,247.1999969482422,243.3000030517578,245.9499969482422,10084205.0,240.95571899414062,242.9544219970703,239.00929260253906,241.0963897705078,6533001.5,243.4499969482422,0.010269049214781889,-0.009667723176167264,0.019936772390949153,0.00039747489336851245
2023-10-18,245.89999389648438,246.8000030517578,241.60000610351562,242.0,6987265.0,242.12547302246094,243.2025146484375,238.9990692138672,240.525634765625,7882656.0,245.9499969482422,-0.016060162623516616,-0.0220547357183285,0.005994573094811884,3.5934906589042524e-05
2023-10-19,240.1999969482422,241.8000030517578,238.5,239.5,11485237.0,241.43580627441406,243.03866577148438,239.08380126953125,240.9232940673828,7698221.5,242.0,-0.010330578512396715,-0.00444919806866606,-0.005881380443730655,3.4590635923897395e-05
2023-10-20,238.9499969482422,242.14999389648438,237.5500030517578,241.0,9040953.0,240.1876983642578,241.7898712158203,234.03109741210938,234.99893188476562,9325770.0,239.5,0.006263048016701411,-0.01879360382143791,0.02505665183813932,0.0006278358013377306
2023-10-23,240.8000030517578,240.89999389648438,235.0,236.5500030517578,7058625.0,239.2681121826172,240.75291442871094,236.4473419189453,238.3630828857422,10779074.0,241.0,-0.018464717627560967,-0.010941564789451519,-0.007523152838109448,5.659782862555425e-05
2023-10-25,236.0,236.3000030517578,228.35000610351562,232.0500030517578,23949207.0,238.8088836669922,240.82359313964844,236.7093505859375,239.0948486328125,9192470.0,236.5500030517578,-0.019023462024709392,0.010758171837765174,-0.029781633862474566,0.0008869457155184918
2023-10-26,230.85000610351562,233.3000030517578,227.75,231.64999389648438,17410264.0,230.1883544921875,232.927490234375,227.04849243164062,229.8394775390625,13589456.0,232.0500030517578,-0.0017238058608610718,-0.009526074051385613,0.007802268190524542,6.087538891687111e-05
2023-10-27,232.0,238.4499969482422,232.0,236.60000610351562,10519462.0,231.29212951660156,234.1574249267578,228.84532165527344,231.91429138183594,14217497.0,231.64999389648438,0.021368497031962974,0.0011409345664377124,0.02022756246552526,0.0004091542832967264
2023-10-30,237.4499969482422,238.39999389648438,230.64999389648438,234.60000610351562,8812268.0,237.3892822265625,239.7501678466797,235.09681701660156,237.98614501953125,10263514.0,236.60000610351562,-0.00845308515810006,0.00585857514901833,-0.01431166030711839,0.00020482362074634804
2023-10-31,234.5,237.1999969482422,233.5500030517578,235.8000030517578,6583581.0,236.6646270751953,238.33201599121094,234.2271728515625,236.38941955566406,7795681.0,234.60000610351562,0.005115076372643745,0.0076275081227357155,-0.00251243175009197,6.3123132988702004e-06
2023-11-01,236.6999969482422,236.6999969482422,232.10000610351562,232.60000610351562,6718059.0,236.38552856445312,238.188720703125,234.11160278320312,236.36373901367188,7573812.0,235.8000030517578,-0.013570809613347556,0.0023907377210268255,-0.015961547334374382,0.00025477099330747395
2023-11-02,234.1999969482422,235.6999969482422,233.75,235.25,6057787.0,234.36813354492188,236.60125732421875,232.27383422851562,234.87693786621094,8849722.0,232.60000610351562,0.011392922729782873,0.009789044294702176,0.0016038784350806967,2.5724260345169047e-06
2023-11-03,233.3000030517578,235.25,233.3000030517578,234.35000610351562,6825146.0,235.42709350585938,237.31982421875,233.302001953125,235.60354614257812,7384439.0,235.25,-0.0038256913771917977,0.0015028528908740402,-0.005328544268065838,2.8393384016737298e-05
2023-11-06,235.35000610351562,237.1999969482422,234.5500030517578,235.85000610351562,5338605.0,236.03883361816406,237.8503875732422,233.92214965820312,236.14613342285156,7250227.5,234.35000610351562,0.0064006825727900285,0.007664293887590379,-0.0012636113148003503,1.59671355489147e-06
2023-11-07,236.3000030517578,239.5500030517578,235.1999969482422,239.14999389648438,7002346.0,235.96865844726562,236.89813232421875,232.87930297851562,234.38450622558594,6483807.0,235.85000610351562,0.013991891912525034,-0.0062136944668403915,0.020205586379365426,0.0004082657209339976
2023-11-08,239.85000610351562,240.89999389648438,235.9499969482422,236.6999969482422,9777991.0,239.57778930664062,241.34207153320312,237.17935180664062,239.39405822753906,8691024.0,239.14999389648438,-0.01024460385017889,0.0010205491837074199,-0.01126515303388631,0.00012690367287687796
2023-11-09,237.1999969482422,239.6999969482422,236.0,237.9499969482422,13987058.0,238.71444702148438,240.17617797851562,236.21328735351562,238.1185760498047,7316986.5,236.6999969482422,0.00528094641367205,0.005993152175125305,-0.0007122057614532551,5.072370466472109e-07
2023-11-10,237.85000610351562,243.25,235.8000030517578,242.75,9589671.0,238.00953674316406,239.73117065429688,235.3792266845703,237.7289581298828,9296750.0,237.9499969482422,0.020172318190035066,-0.0009289296961304538,0.02110124788616552,0.0004452626623534048
2023-11-13,244.9499969482422,250.60000610351562,243.3000030517578,245.6999969482422,18792969.0,242.0137939453125,243.67529296875,239.3110809326172,241.5830535888672,9531931.0,242.75,0.012152407613768013,-0.004807194278610982,0.016959601892378995,0.0002876280963479852
2023-11-15,248.9499969482422,248.9499969482422,245.9499969482422,247.3000030517578,10965645.0,245.7538604736328,247.48272705078125,242.53079223632812,244.65875244140625,8674144.0,245.6999969482422,0.006512031434223742,-0.0042378694333288225,0.010749900867552564,0.00011556036866220737
2023-11-16,248.8000030517578,254.25,247.64999389648438,252.35000610351562,22145147.0,246.63729858398438,249.87753295898438,244.5736083984375,248.1338348388672,9408236.0,247.3000030517578,0.02042055394031239,0.0033717419200147702,0.01704881202029762,0.00029066199130344466
2023-11-17,253.0,253.10000610351562,251.0,251.60000610351562,5618928.0,250.11410522460938,251.53347778320312,245.99691772460938,248.317626953125,13013341.0,252.35000610351562,-0.0029720625395679434,-0.015979310690947712,0.013007248151379769,0.00016918850447157242
2023-11-20,251.0,255.39999389648438,250.3000030517578,251.0500030517578,6283832.0,252.625244140625,254.495849609375,249.51193237304688,252.030517578125,8691064.0,251.60000610351562,-0.0021860216153235523,0.001711094849625061,-0.0038971164649486134,1.5187516741373577e-05
2023-11-21,252.60000610351562,252.8000030517578,247.3000030517578,250.0,6851869.0,251.21966552734375,253.23712158203125,248.99578857421875,251.1552734375,5953119.0,251.0500030517578,-0.004182445883266328,0.0004193203922029376,-0.004601766275469266,2.1176252854046276e-05
2023-11-22,250.8000030517578,254.0,249.35000610351562,253.64999389648438,5275418.0,249.15200805664062,250.4832763671875,245.905517578125,247.79275512695312,8777623.0,250.0,0.014599975585937397,-0.008828979492187528,0.023428955078124925,0.0005489159360527957
2023-11-23,254.0,255.6999969482422,251.6999969482422,252.75,8200025.0,251.725830078125,253.827880859375,249.65744018554688,251.92276000976562,5699983.0,253.64999389648438,-0.003548172356162782,-0.006809516768305657,0.0032613444121428747,1.0636367374615554e-05
2023-11-24,253.3000030517578,256.8500061035156,253.0,253.89999389648438,7149443.0,252.96080017089844,254.20179748535156,249.54493713378906,251.13009643554688,6984188.0,252.75,0.004549926395586157,-0.006409114003770977,0.010959040399357134,0.00012010056647474177
2023-11-28,254.85000610351562,258.29998779296875,253.64999389648438,257.54998779296875,6151585.0,253.84217834472656,255.060302734375,250.52227783203125,252.04283142089844,7113373.5,253.89999389648438,0.014375714786241778,-0.007314543206893953,0.02169025799313573,0.00047046729180878847
2023-11-29,259.54998779296875,259.54998779296875,256.1000061035156,258.3999938964844,8637363.0,257.7755126953125,259.28851318359375,254.49618530273438,256.5501708984375,7629720.0,257.54998779296875,0.003300353887800922,-0.003882030448143392,0.007182384335944314,5.1586644749218245e-05
2023-11-30,257.95001220703125,261.6499938964844,256.0,261.29998779296875,21687673.0,256.39459228515625,257.5738525390625,252.7845001220703,254.3162841796875,6843469.5,258.3999938964844,0.011222886861391057,-0.015803830546655573,0.02702671740804663,0.0007304434538544108
2023-12-01,262.3500061035156,275.45001220703125,261.75,268.95001220703125,29121320.0,262.797607421875,267.40008544921875,261.29071044921875,265.86773681640625,9098202.0,261.29998779296875,0.029276788256583197,0.017480861985560425,0.011795926271022772,0.0001391438765914052
2023-12-04,276.0,279.0,273.25,274.79998779296875,20464526.0,268.66217041015625,271.56561279296875,265.8517150878906,268.2877197265625,8324042.0,268.95001220703125,0.021751163117383898,-0.0024625114348718613,0.02421367455225576,0.0005863020353225582
2023-12-05,275.20001220703125,286.54998779296875,272.79998779296875,285.45001220703125,18883076.0,272.8299865722656,274.9620666503906,267.9432373046875,270.4535827636719,12517623.0,274.79998779296875,0.0387555490798861,-0.015816612890723336,0.054572161970609434,0.0029781208621464305
2023-12-06,288.0,288.25,278.95001220703125,281.1000061035156,13415314.0,280.7228698730469,284.0081787109375,277.37841796875,280.5566711425781,11922535.0,285.45001220703125,-0.01523911689434665,-0.01714254985179009,0.0019034329574434405,3.6230570234818827e-06
2023-12-07,281.8500061035156,288.25,281.29998779296875,283.79998779296875,25133786.0,280.271728515625,283.4184875488281,276.9541015625,280.18511962890625,9997800.0,281.1000061035156,0.009605057384661997,-0.0032546654384364437,0.01285972282309844,0.00016537247108691893
2023-12-08,286.45001220703125,291.8999938964844,281.0,285.04998779296875,20815064.0,283.3360290527344,285.7810363769531,278.3372802734375,281.1438903808594,10153375.0,283.79998779296875,0.0044045104079140085,-0.00935904695685541,0.013763557364769419,0.00018943551133329852
2023-12-11,286.04998779296875,288.5,284.3999938964844,287.29998779296875,8071675.0,285.282470703125,289.3699951171875,282.0901794433594,285.8480224609375,11085729.0,285.04998779296875,0.007893352381527441,0.0027996305986455194,0.0050937217828819215,2.594600160140578e-05
2023-12-12,287.45001220703125,288.6000061035156,280.8500061035156,283.3999938964844,8640883.0,282.65863037109375,287.2236633300781,280.3733825683594,284.49261474609375,9812529.0,287.29998779296875,-0.01357463996585595,-0.009771573846700021,-0.003803066119155929,1.4463311906671738e-05
2023-12-13,284.75,294.8999938964844,284.5,294.04998779296875,23629670.0,282.556884765625,287.33819580078125,280.43646240234375,284.7694091796875,9323832.0,283.3999938964844,0.03757937235656539,0.004832093552208372,0.032747278804357016,0.0010723842690902902
2023-12-14,297.75,298.5,293.6000061035156,295.3999938964844,24900443.0,290.187255859375,295.4938659667969,286.9164123535156,291.8326416015625,15457635.0,294.04998779296875,0.004591076890185564,-0.007540711727447524,0.012131788617633088,0.00014718029506293175
2023-12-15,298.0,307.0,295.0,305.1000061035156,28843558.0,293.22589111328125,297.09521484375,289.6473693847656,293.3218994140625,11724269.0,295.3999938964844,0.0328368734172364,-0.007034849442651314,0.039871722859887715,0.0015897542838156926
2023-12-18,306.0,306.54998779296875,301.75,303.20001220703125,13307504.0,298.48553466796875,302.5443420410156,294.40765380859375,298.280517578125,12299628.0,305.1000061035156,-0.006227446274910009,-0.022351649914673866,0.016124203639763857,0.000259989943016574
2023-12-19,305.0,312.5,302.5,309.6499938964844,15650536.0,300.14508056640625,304.6790771484375,296.63238525390625,301.325439453125,15130924.0,303.20001220703125,0.021273025823788316,-0.006182627567396848,0.027455653391185164,0.0007538129031368974
2023-12-20,312.5,313.3500061035156,295.1499938964844,297.6499938964844,23497233.0,307.3265380859375,309.7103576660156,298.88531494140625,301.95684814453125,19495948.0,309.6499938964844,-0.038753432057265225,-0.024844650100412813,-0.013908781956852412,0.0001934542155232632
2023-12-21,295.79998779296875,303.1499938964844,293.20001220703125,301.95001220703125,17868637.0,297.7615051269531,301.67364501953125,293.34857177734375,297.2774963378906,13965561.0,297.6499938964844,0.014446559377529589,-0.0012514616705260329,0.01569802104805562,0.0002464278648251973
2023-12-22,304.0,308.95001220703125,299.6000061035156,302.79998779296875,15207726.0,298.5321960449219,305.0045166015625,296.2974853515625,302.2066955566406,11563868.0,301.95001220703125,0.002814954633466593,0.0008500855745399161,0.001964869058926677,3.860710418727405e-06
2023-12-26,306.45001220703125,310.70001220703125,304.6000061035156,309.6000061035156,9917180.0,305.1436462402344,309.61187744140625,301.57916259765625,305.88043212890625,11023726.0,302.79998779296875,0.02245712874729766,0.010173198349148205,0.012283930398149456,0.00015089494602658026
2023-12-27,311.6000061035156,312.25,303.54998779296875,306.04998779296875,12630732.0,306.68597412109375,311.0466613769531,302.8641052246094,307.2362365722656,10106758.0,309.6000061035156,-0.011466467185274887,-0.0076349143561051935,-0.003831552829169693,1.468079708271828e-05
2023-12-28,309.1000061035156,315.5,307.75,313.8999938964844,37591916.0,303.7474060058594,307.05731201171875,298.7400207519531,302.4732971191406,12159557.0,306.04998779296875,0.025649424658124254,-0.01168662250118313,0.037336047159307384,0.001393980417482025
2023-12-29,314.3500061035156,314.3500061035156,308.1499938964844,311.1499938964844,12682889.0,311.90924072265625,318.18487548828125,307.53887939453125,313.4564514160156,22632936.0,313.8999938964844,-0.008760752002138883,-0.0014130056995637075,-0.0073477463025751755,5.398937572700716e-05
2024-01-01,312.0,313.29998779296875,307.79998779296875,309.75,8024960.0,310.3809814453125,314.72723388671875,306.1387634277344,311.24334716796875,12724103.0,311.1499938964844,-0.0044994180425731445,0.0003000265894763654,-0.00479944463204951,2.3034668776108857e-05
2024-01-02,310.79998779296875,310.79998779296875,302.04998779296875,306.0,13506040.0,311.37646484375,315.8797912597656,307.92803955078125,312.55316162109375,9810024.0,309.75,-0.01210653753026636,0.009049755031779627,-0.021156292562045986,0.0004475887149708823
2024-01-03,307.20001220703125,308.0,303.29998779296875,306.20001220703125,14259987.0,308.495361328125,311.5689392089844,302.13824462890625,305.44970703125,17139572.0,306.0,0.0006536346635008794,-0.0017983430351307117,0.002451977698631591,6.012194634586674e-06
2024-01-04,310.8999938964844,321.75,308.6000061035156,317.1000061035156,40057506.0,304.2738952636719,307.11669921875,299.6131896972656,303.3531799316406,10612326.0,306.20001220703125,0.03559762724344551,-0.00929729641377608,0.044894923657221586,0.002015554170187754
2024-01-05,322.8999938964844,325.6499938964844,312.70001220703125,314.95001220703125,27456415.0,318.37982177734375,324.4492492675781,313.41375732421875,319.6131286621094,23177914.0,317.1000061035156,-0.006780176143492467,0.0079253311580616,-0.014705507301554066,0.00021625194499605996
2024-01-08,316.45001220703125,318.3500061035156,312.6000061035156,316.45001220703125,10136462.0,313.81500244140625,318.17999267578125,308.8732604980469,312.9739685058594,18721464.0,314.95001220703125,0.0047626605552058,-0.006274150260622724,0.011036810815828524,0.00012181119298438949
2024-01-09,317.8500061035156,321.45001220703125,316.04998779296875,319.75,12229517.0,316.2274169921875,321.6321716308594,312.73828125,318.18194580078125,10585924.0,316.45001220703125,0.010428148730200704,0.005473008459285333,0.00495514027091537,2.455341510444725e-05
2024-01-10,319.6499938964844,319.75,308.0,313.3500061035156,14455000.0,318.57879638671875,321.0390319824219,311.794189453125,315.3656005859375,12503440.0,319.75,-0.020015618128176316,-0.01371196063819391,-0.006303657489982406,3.9736097751011286e-05
2024-01-11,314.95001220703125,317.29998779296875,312.3500061035156,312.8999938964844,10316319.0,313.69830322265625,315.52325439453125,306.4101867675781,309.7666320800781,13005410.0,313.3500061035156,-0.0014361327533614077,-0.011435691570574669,0.009999558817213261,9.999117653890747e-05
2024-01-12,315.20001220703125,315.29998779296875,309.70001220703125,312.6499938964844,12341629.0,312.49566650390625,315.2090759277344,307.42620849609375,310.9405212402344,10315546.0,312.8999938964844,-0.000798977324629524,-0.006262296882301177,0.005463319557671653,2.984786058923759e-05
2024-01-15,314.8999938964844,318.0,309.6000061035156,317.29998779296875,9706124.0,312.77978515625,315.1234436035156,308.0308532714844,311.2303161621094,8083926.5,312.6499938964844,0.014872841795173564,-0.004540789259842581,0.019413631055016145,0.00037688907074028726
2024-01-16,317.25,317.25,310.1499938964844,311.5,10162832.0,314.90997314453125,317.0674743652344,308.8677978515625,311.7748107910156,12862149.0,317.29998779296875,-0.01827919324331373,-0.017413101842153833,-0.0008660914011598964,7.501143151631126e-07
2024-01-17,309.75,314.1000061035156,307.1000061035156,309.29998779296875,13502940.0,312.5127868652344,314.776123046875,307.37371826171875,310.83660888671875,9641173.0,311.5,-0.007062639508928603,-0.0021296664952848987,-0.0049329730136437044,2.433422275333705e-05
2024-01-18,308.95001220703125,311.29998779296875,296.54998779296875,299.29998779296875,32481018.0,308.015869140625,309.68035888671875,295.9514465332031,299.6007995605469,32372832.0,309.29998779296875,-0.03233107143442093,-0.031358514759832645,-0.0009725566745882874,9.45866485286228e-07
2024-01-19,303.79998779296875,309.45001220703125,301.70001220703125,308.45001220703125,28651237.0,298.487060546875,299.5690612792969,282.82232666015625,287.044921875,39670208.0,299.29998779296875,0.030571415927994394,-0.04094576150282303,0.07151717743081742,0.005114706667671021
2024-01-23,313.45001220703125,315.29998779296875,300.29998779296875,302.6000061035156,21652362.0,304.21112060546875,305.9126281738281,288.54827880859375,292.09490966796875,36084128.0,308.45001220703125,-0.018965815762682192,-0.05302351075312972,0.03405769499044753,0.0011599265880623548
2024-01-24,302.95001220703125,310.70001220703125,298.25,308.8500061035156,23922028.0,308.9046325683594,312.98040771484375,303.0362548828125,306.9095458984375,22267904.0,302.6000061035156,0.020654328730786542,0.014241704256435561,0.006412624474350981,4.1121752649045195e-05
2024-01-25,310.0,317.20001220703125,309.20001220703125,314.75,32525422.0,303.3621826171875,308.5889587402344,294.9225158691406,303.1325378417969,24305780.0,308.8500061035156,0.01910310435450313,-0.0185121196332515,0.03761522398775463,0.0014149050756489515
2024-01-29,317.79998779296875,325.75,316.1499938964844,324.54998779296875,24694773.0,315.2346496582031,318.804443359375,309.0994567871094,313.9637145996094,19161592.0,314.75,0.031135783297756126,-0.002498126768516684,0.03363391006627281,0.0011312399063461275
2024-01-30,321.8500061035156,323.95001220703125,314.5,315.45001220703125,20918448.0,324.4579162597656,327.005126953125,318.63092041015625,321.8778991699219,13641045.0,324.54998779296875,-0.02803874881592172,-0.008233211288091069,-0.019805537527830652,0.0003922593167663083
2024-01-31,318.54998779296875,320.0,312.6000061035156,317.5,20931224.0,321.2150573730469,323.61376953125,314.5055236816406,318.56024169921875,18310806.0,315.45001220703125,0.00649861376966232,0.00985965881068429,-0.0033610450410219705,1.1296623767778379e-05
2024-02-01,320.04998779296875,326.95001220703125,317.1000061035156,322.0,24020951.0,319.04669189453125,322.8948669433594,314.94305419921875,319.1219482421875,15892566.0,317.5,0.014173228346456623,0.0051084984005904666,0.009064729945866157,8.216932899148266e-05
2024-02-02,324.0,333.70001220703125,323.1000061035156,332.5,32346639.0,325.3757629394531,327.7762145996094,319.6874694824219,322.9508056640625,16135950.0,322.0,0.032608695652173836,0.0029528126213120842,0.02965588303086175,0.000879471398340154
2024-02-05,338.0,341.04998779296875,333.04998779296875,336.1000061035156,19651482.0,329.4888610839844,331.7584228515625,320.91021728515625,324.1959228515625,22697610.0,332.5,0.010827086025610999,-0.02497466811560145,0.03580175414121245,0.0012817655995878228
2024-02-06,336.0,336.0,329.0,334.20001220703125,12024661.0,338.6930847167969,343.46575927734375,332.7956848144531,337.6737365722656,23427492.0,336.1000061035156,-0.005653061178163776,0.004682327998129621,-0.010335389176293397,0.0001068202694254427
2024-02-07,337.8999938964844,337.8999938964844,329.6499938964844,330.70001220703125,8080437.0,331.0384216308594,333.1005554199219,324.80224609375,328.6300354003906,14811656.0,334.20001220703125,-0.01047277041340089,-0.016666596658261423,0.006193826244860534,3.836348355152315e-05
2024-02-08,333.95001220703125,335.25,328.0,330.8999938964844,17754869.0,330.6736145019531,332.7188720703125,325.236328125,328.7503662109375,10962683.0,330.70001220703125,0.0006047223528009571,-0.005895512319706864,0.006500234672507821,4.2253050797672855e-05
2024-02-09,332.95001220703125,335.0,319.6000061035156,324.8999938964844,18304439.0,332.09759521484375,336.04339599609375,328.3939208984375,332.78167724609375,12593738.0,330.8999938964844,-0.01813236660825379,0.005686562055960742,-0.023818928664214534,0.0005673413627109408
2024-02-12,326.1499938964844,326.70001220703125,314.5,316.1499938964844,11714289.0,326.2842102050781,328.3178405761719,319.0660705566406,322.6231689453125,16432576.0,324.8999938964844,-0.02693136400238838,-0.007007771603397717,-0.019923592398990664,0.00039694953408111853
2024-02-13,318.54998779296875,323.95001220703125,315.8999938964844,321.54998779296875,15426888.0,318.1494445800781,319.94927978515625,310.447021484375,313.9303283691406,17445464.0,316.1499938964844,0.01708048078676372,-0.007020925415771262,0.02410140620253498,0.0005808777809395917
2024-02-14,320.8999938964844,329.3500061035156,318.3500061035156,328.0,14085723.0,322.19580078125,325.9947814941406,316.5954895019531,322.3230285644531,18045630.0,321.54998779296875,0.02005912751327532,0.0024041076063796574,0.017655019906895664,0.0003116997279128822
2024-02-15,331.0,340.8999938964844,330.1499938964844,339.25,21973316.0,327.4415588378906,330.54864501953125,322.365478515625,325.83782958984375,11384743.0,328.0,0.03429878048780477,-0.006591982957793396,0.040890763445598166,0.0016720545351638673
2024-02-16,341.8999938964844,342.95001220703125,336.79998779296875,337.75,20307449.0,340.1037292480469,342.49993896484375,332.35906982421875,336.3034973144531,14981256.0,339.25,-0.004421518054532059,-0.008685343214581809,0.00426382516004975,1.8180204995473276e-05
2024-02-19,340.3999938964844,341.8999938964844,337.5,338.75,8496898.0,339.8560791015625,341.7182922363281,332.99749755859375,336.37835693359375,9431826.0,337.75,0.002960769800148144,-0.0040611193675981205,0.007021889167746265,4.930692748411233e-05
2024-02-20,340.6000061035156,346.5,337.79998779296875,345.70001220703125,19340526.0,337.56317138671875,340.5643310546875,332.82366943359375,336.65032958984375,13989264.0,338.75,0.020516641201568264,-0.006198289033671589,0.026714930235239853,0.0007136874974737325
2024-02-21,347.0,348.04998779296875,334.70001220703125,336.1000061035156,17751633.0,346.06585693359375,348.7198791503906,337.8273620605469,341.6308898925781,18476472.0,345.70001220703125,-0.027769759226292434,-0.011770674488771005,-0.01599908473752143,0.00025597071243839116
2024-02-22,339.0,340.25,330.6000061035156,339.54998779296875,16083122.0,340.874755859375,346.28277587890625,337.132080078125,342.6918029785156,12984343.0,336.1000061035156,0.01026474747635242,0.019612605639078184,-0.009347858162725764,8.73824522304387e-05
2024-02-23,340.0,340.0,334.8500061035156,337.75,9665454.0,336.7554931640625,338.63861083984375,330.0679931640625,333.65740966796875,14582902.0,339.54998779296875,-0.005301098093592804,-0.017354081392554344,0.01205298329896154,0.0001452744064050458
2024-02-26,338.0,338.5,334.54998779296875,337.6000061035156,7711995.0,339.82275390625,342.83062744140625,334.2996826171875,338.9670104980469,11264271.0,337.75,-0.0004440973989174868,0.0036032879290803788,-0.0040473853279978655,1.638132799329239e-05
2024-02-27,336.1000061035156,338.0,334.1000061035156,336.1000061035156,8882923.0,336.28497314453125,339.4848327636719,331.8733825683594,336.2383117675781,8112348.0,337.6000061035156,-0.0044431278817573805,-0.0040334547136233745,-0.000409673168134006,1.6783210468895354e-07
2024-02-28,335.70001220703125,336.5,331.79998779296875,333.29998779296875,12977628.0,336.32635498046875,339.52435302734375,331.8460693359375,336.1822814941406,8098420.0,336.1000061035156,-0.008330908240699375,0.0002447943740877534,-0.008575702614787128,7.354267533726679e-05
2024-02-29,333.29998779296875,336.0,330.6000061035156,335.6000061035156,13149469.0,334.0160217285156,334.7366943359375,326.7950134277344,329.4222412109375,12458976.0,333.29998779296875,0.006900745258879404,-0.01163440361251955,0.018535148871398954,0.0003435517436849219
2024-03-01,335.6000061035156,344.3500061035156,335.0,343.5,13027254.0,337.09844970703125,334.8123779296875,325.117431640625,326.876220703125,17911368.0,335.6000061035156,0.023539909871299614,-0.02599459249622238,0.04953450236752199,0.002453666924798042
2024-03-04,348.0,358.29998779296875,345.75,353.8500061035156,38075510.0,340.1100769042969,343.22576904296875,335.30377197265625,340.257568359375,13126241.0,343.5,0.03013102213541674,-0.009439393422489117,0.03957041555790586,0.001565817787425358
2024-03-05,354.8999938964844,359.95001220703125,353.54998779296875,358.25,15918221.0,349.6994323730469,350.48809814453125,339.3479919433594,343.0301513671875,20822848.0,353.8500061035156,0.012434629986122436,-0.030577517450043112,0.04301214743616555,0.0018500448270704426
2024-03-06,359.45001220703125,359.45001220703125,345.0,351.95001220703125,13120921.0,353.1738586425781,354.3166198730469,345.06634521484375,349.0617980957031,17340530.0,358.25,-0.017585450922452894,-0.025647458211575325,0.00806200728912243,6.49959615298632e-05
2024-03-07,352.0,353.8999938964844,349.70001220703125,352.20001220703125,9172926.0,350.38397216796875,352.7801513671875,345.2974853515625,349.1506042480469,8889752.0,351.95001220703125,0.0007103281469782452,-0.00795399307256639,0.008664321219544635,7.507046219545144e-05
2024-03-11,352.25,353.1499938964844,346.70001220703125,347.95001220703125,10664917.0,351.8938903808594,356.9964294433594,348.993896484375,354.7735595703125,8769522.0,352.20001220703125,-0.012067006963934368,0.007307062106995277,-0.019374069070929645,0.0003753545523651527
2024-03-12,348.0,349.45001220703125,342.54998779296875,344.75,9637912.0,349.3203430175781,352.8087463378906,344.61822509765625,349.80224609375,12787132.0,347.95001220703125,-0.009196758427262863,0.005323275820483753,-0.014520034247746616,0.00021083139455573463
2024-03-13,343.8500061035156,344.5,319.5,322.5,23722232.0,348.9487609863281,353.0610046386719,344.80718994140625,350.3310546875,12496280.0,344.75,-0.06453952139231323,0.01618870105148651,-0.08072822244379974,0.006517045898935612
2024-03-14,321.04998779296875,326.95001220703125,316.5,321.8500061035156,20859127.0,330.98291015625,331.1112976074219,319.16888427734375,322.1056823730469,18396120.0,322.5,-0.002015484950339097,-0.0012226903161337566,-0.0007927946342053405,6.285233320247796e-07
2024-03-15,322.6499938964844,326.04998779296875,305.75,316.29998779296875,43285007.0,322.62469482421875,328.87603759765625,318.3868408203125,325.15582275390625,17665524.0,321.8500061035156,-0.01724411435543627,0.010271295907098299,-0.027515410262534568,0.0007570978019155926
2024-03-18,317.1000061035156,322.8999938964844,314.95001220703125,317.1499938964844,13690352.0,315.9505615234375,318.9059753417969,308.93994140625,312.62225341796875,18579978.0,316.29998779296875,0.0026873415628203556,-0.011627361735490283,0.014314703298310638,0.00020491073051866546
2024-03-19,314.29998779296875,317.8999938964844,310.1000061035156,313.45001220703125,13388060.0,322.6352233886719,324.9629211425781,317.3632507324219,320.90765380859375,13226302.0,317.1499938964844,-0.011666346399681116,0.011848210576777873,-0.02351455697645899,0.0005529343897991362
2024-03-20,316.0,317.45001220703125,308.29998779296875,313.6499938964844,10026655.0,314.0920104980469,315.56085205078125,306.2162170410156,309.2017517089844,16519833.0,313.45001220703125,0.0006380018556868539,-0.013553231241353214,0.014191233097040068,0.00020139109681452543
2024-03-21,317.25,326.3500061035156,317.0,325.0,23370426.0,317.37408447265625,320.9183044433594,313.8601989746094,318.4328308105469,10868414.0,313.6499938964844,0.03618685262038146,0.015248962241781516,0.020937890378599944,0.0004383952535062681
2024-03-22,324.5,327.25,321.1499938964844,324.75,14709219.0,326.3638000488281,329.69512939453125,321.28717041015625,325.5870056152344,18878332.0,325.0,-0.0007692307692307443,0.001806171123797995,-0.0025754018930287392,6.632694910616014e-06
2024-03-26,320.1000061035156,330.29998779296875,320.1000061035156,329.1000061035156,11208959.0,325.7297668457031,326.4206237792969,318.74798583984375,321.3796691894531,12916552.0,324.75,0.013394937963096654,-0.010378231903146684,0.023773169866243338,0.0005651636054892603
2024-03-27,332.0,334.1000061035156,326.29998779296875,331.6000061035156,45209520.0,328.0491638183594,328.3511047363281,320.318115234375,322.7947998046875,12422156.0,329.1000061035156,0.007596475094605815,-0.019158937046160007,0.026755412140765822,0.0007158520788222391
2024-03-28,331.8999938964844,340.0,330.29998779296875,335.79998779296875,19868037.0,331.5201416015625,333.0602722167969,324.1581115722656,327.12451171875,19566508.0,331.6000061035156,0.012665807033013232,-0.013496665568119792,0.026162472601133024,0.0006844749726050362
2024-04-01,339.0,344.3999938964844,336.1499938964844,342.3500061035156,8580656.0,335.65069580078125,336.32470703125,327.6208190917969,330.18670654296875,16315582.0,335.79998779296875,0.019505713367045097,-0.016716144889977635,0.03622185825702273,0.0013120230155918458
2024-04-02,343.0,345.6000061035156,340.75,344.79998779296875,9745257.0,344.4337463378906,345.5494689941406,337.9033508300781,341.106689453125,11488956.0,342.3500061035156,0.007156365257117381,-0.003631712073095983,0.010788077330213364,0.0001163826124826635
2024-04-03,344.3500061035156,354.1000061035156,342.0,351.25,21679943.0,344.00323486328125,344.6315612792969,337.0859680175781,339.87603759765625,9328834.0,344.79998779296875,0.01870653258521604,-0.014280598519826548,0.03298713110504259,0.0010881508185412684
2024-04-04,355.0,362.70001220703125,352.6499938964844,354.6499938964844,28962927.0,350.20623779296875,350.73675537109375,341.1007385253906,344.0376281738281,13598163.0,351.25,0.00967969792593415,-0.020533442921485734,0.030213140847419884,0.0009128338798660319
2024-04-05,356.3999938964844,358.20001220703125,351.54998779296875,354.54998779296875,11208130.0,354.4503479003906,359.6116943359375,349.79193115234375,355.95672607421875,15514086.0,354.6499938964844,-0.00028198535242274225,0.0036845684483948205,-0.003966553800817563,1.573354905478025e-05
2024-04-08,355.6000061035156,366.0,353.25,363.5,11447140.0,358.7158203125,361.92584228515625,353.4026184082031,358.3386535644531,11496983.0,354.54998779296875,0.025243301410737606,0.010685843751027546,0.01455745765971006,0.0002119195735142511
2024-04-09,365.0,366.8999938964844,360.3500061035156,362.8999938964844,10010148.0,358.6303405761719,362.0379943847656,353.5020751953125,358.6153564453125,11045716.0,363.5,-0.001650635773082887,-0.013437808953748243,0.011787173180665356,0.00013893745159099664
2024-04-10,364.1000061035156,368.3500061035156,361.3500061035156,362.5,12886638.0,366.4790954589844,368.98291015625,360.1214599609375,363.4638977050781,13525776.0,362.8999938964844,-0.0011022152196521473,0.0015538821109890577,-0.002656097330641205,7.054853029839335e-06
2024-04-12,362.5,374.5,361.0,361.75,30924494.0,361.2547302246094,364.25213623046875,356.5179138183594,360.3599853515625,8728543.0,362.5,-0.002068965517241339,-0.005903488685344849,0.0038345231681035097,1.4703567926722577e-05
2024-04-15,355.5,366.0,352.79998779296875,361.1499938964844,18126999.0,368.6439208984375,371.0357666015625,362.91259765625,365.88848876953125,9710442.0,361.75,-0.0016586208804855174,0.011440190102367076,-0.013098810982852593,0.00017157884916449973
2024-04-16,361.0,361.95001220703125,354.6000061035156,359.25,15328939.0,358.6605529785156,362.4894714355469,354.03424072265625,358.4550476074219,11523170.0,361.1499938964844,-0.005260955084022467,-0.007462124697792283,0.0022011696137698156,4.845147668583559e-06
2024-04-18,359.54998779296875,361.25,349.20001220703125,351.1499938964844,22966560.0,359.3702392578125,361.50933837890625,353.5168151855469,357.0508117675781,12347494.0,359.25,-0.02254698984973036,-0.006121609554410212,-0.016425380295320147,0.00026979311784589135
2024-04-19,343.1000061035156,352.3999938964844,343.0,350.54998779296875,12867942.0,350.92041015625,356.6841735839844,347.22735595703125,352.7319030761719,14676037.0,351.1499938964844,-0.0017086889191075816,0.004504938650671919,-0.006213627569779501,3.8609167575923904e-05
2024-04-22,355.0,355.0,341.8999938964844,342.8999938964844,37382916.0,348.95660400390625,352.99285888671875,344.857177734375,349.62152099609375,10883642.0,350.54998779296875,-0.021822833156115773,-0.0026486002830025113,-0.01917423287311326,0.00036765120627237725
2024-04-23,346.0,348.6499938964844,344.0,347.1499938964844,14651106.0,344.77056884765625,350.9359436035156,341.3913269042969,347.9992980957031,13294020.0,342.8999938964844,0.012394284268441913,0.014871111956794358,-0.0024768276883524454,6.134675397789318e-06
2024-04-24,349.79998779296875,353.1499938964844,347.29998779296875,351.6499938964844,11132307.0,349.50048828125,355.20947265625,341.443359375,343.791259765625,13494325.0,347.1499938964844,0.012962696468725499,-0.009675166901661814,0.022637863370387312,0.0005124728579763236
2024-04-25,351.0,360.6000061035156,349.1000061035156,359.20001220703125,19865014.0,353.696044921875,355.5532531738281,347.59783935546875,350.8533935546875,10520380.0,351.6499938964844,0.021470264301410413,-0.0022653216426085088,0.023735585944018922,0.0005633780401059086
2024-04-26,360.70001220703125,361.3999938964844,355.0,356.0,10986589.0,357.197021484375,361.0339050292969,352.00970458984375,356.7293395996094,11588314.0,359.20001220703125,-0.00890871965000617,-0.006878264263526446,-0.0020304553864797237,4.122749076484524e-06
2024-04-29,359.70001220703125,363.6499938964844,356.95001220703125,363.0,13652173.0,356.79644775390625,358.5273742675781,350.3065185546875,353.48583984375,10416512.0,356.0,0.0196629213483146,-0.007062247629915697,0.026725168978230296,0.000714234656914963
2024-04-30,364.95001220703125,365.45001220703125,359.29998779296875,363.20001220703125,14566548.0,361.40814208984375,364.6784973144531,355.91485595703125,360.0396728515625,11367336.0,363.0,0.0005509978155131545,-0.008155171207816836,0.00870616902332999,7.579737906279068e-05
2024-05-02,363.20001220703125,372.6000061035156,363.20001220703125,369.04998779296875,27892188.0,361.7769775390625,364.85491943359375,356.68914794921875,360.8056640625,14766160.0,363.20001220703125,0.01610676043315462,-0.0065923680177808475,0.02269912845093547,0.000515250432432068
2024-05-03,372.29998779296875,380.3999938964844,360.3500061035156,364.95001220703125,26844664.0,363.9594421386719,366.6568603515625,358.2714538574219,362.04595947265625,13773446.0,369.04998779296875,-0.011109539958141124,-0.01897853556966289,0.007868995611521767,6.192109193414883e-05
2024-05-06,367.79998779296875,368.8500061035156,354.3999938964844,356.79998779296875,15319437.0,367.8472900390625,371.8179931640625,362.92047119140625,367.6337585449219,11332878.0,364.95001220703125,-0.022331892427610356,0.007353736808119793,-0.02968562923573015,0.0008812365831212365
2024-05-07,358.25,358.45001220703125,346.8500061035156,349.1499938964844,10028071.0,357.8730163574219,360.86651611328125,352.18475341796875,356.421875,13205427.0,356.79998779296875,-0.021440566586911514,-0.0010597332004061988,-0.020380833386505315,0.0004153783695284897
2024-05-08,345.20001220703125,358.5,345.20001220703125,355.45001220703125,9595776.0,350.6984558105469,355.4940490722656,346.6639404296875,352.03533935546875,12532926.0,349.1499938964844,0.018043873466068838,0.008263913817623703,0.009779959648445136,9.56476107252151e-05
2024-05-09,356.5,358.0,344.8500061035156,346.04998779296875,9043486.0,354.72344970703125,357.74615478515625,349.7737731933594,353.59033203125,10554214.0,355.45001220703125,-0.026445418740307924,-0.005231903536123905,-0.02121351520418402,0.00045001322731814654
2024-05-10,347.6499938964844,356.3500061035156,347.54998779296875,355.5,11699095.0,352.83892822265625,356.8795166015625,348.7386474609375,353.46441650390625,8892736.0,346.04998779296875,0.02730822869638394,0.021425889242837837,0.005882339453546104,3.4601917446745076e-05
2024-05-13,355.5,356.0,346.5,350.8999938964844,10691781.0,357.0428161621094,360.14080810546875,352.13946533203125,356.11309814453125,8918999.0,355.5,-0.012939538969101605,0.001724608001494321,-0.014664146970595926,0.00021503720637523768
2024-05-14,350.54998779296875,357.25,350.29998779296875,355.79998779296875,10891985.0,353.8828430175781,357.7078857421875,349.8741760253906,354.37310791015625,8770698.0,350.8999938964844,0.013964075182999025,0.009897731758571782,0.004066343424427243,1.653514884538268e-05
2024-05-15,357.5,363.5,356.6499938964844,361.3500061035156,8538183.0,356.0484313964844,361.3108215332031,351.0128479003906,356.1846618652344,14246412.0,355.79998779296875,0.015598702925690544,0.0010811525729714777,0.014517550352719066,0.0002107592682437335
2024-05-16,363.8500061035156,363.8500061035156,353.04998779296875,361.45001220703125,13114162.0,360.945556640625,364.42437744140625,355.8487548828125,360.0832214355469,13786376.0,361.3500061035156,0.00027675688896211526,-0.0035056998659793726,0.003782456754941488,1.430697910300249e-05
2024-05-17,362.45001220703125,366.5,360.3500061035156,365.45001220703125,8509179.0,363.0230712890625,370.70428466796875,360.14178466796875,367.4548645019531,12803275.0,361.45001220703125,0.011066537183318292,0.016613230300521975,-0.005546693117203683,3.076580453643471e-05
2024-05-21,367.0,374.1000061035156,365.3500061035156,372.0,10939593.0,365.3942565917969,371.6904296875,362.740234375,368.9432373046875,9704062.0,365.45001220703125,0.017923074494954783,0.009558694707820337,0.008364379787134446,6.996284922342328e-05
2024-05-22,375.0,377.3500061035156,370.6000061035156,373.8500061035156,14001806.0,370.2229919433594,372.9945373535156,364.3450622558594,368.1283264160156,9003088.0,372.0,0.0049731346868699955,-0.010407724688130005,0.015380859375,0.0002365708351135254
2024-05-23,375.04998779296875,375.6000061035156,369.5,372.29998779296875,15370357.0,375.33642578125,383.2005615234375,371.48687744140625,378.9072265625,22343250.0,373.8500061035156,-0.004146096790801468,0.013527405045926644,-0.01767350183672811,0.0003123526671728319
2024-05-24,373.0,378.1499938964844,368.70001220703125,374.95001220703125,13317821.0,372.99395751953125,378.2265625,369.71356201171875,375.0218200683594,10368507.0,372.29998779296875,0.007117981469116019,0.007310857815295391,-0.00019287634617937144,3.720128491550473e-08
2024-05-27,379.95001220703125,380.5,368.0,369.6499938964844,21891930.0,372.44964599609375,375.66729736328125,367.64361572265625,371.81365966796875,11652788.0,374.95001220703125,-0.014135266403513147,-0.008364721794783536,-0.005770544608729611,3.329918508133838e-05
2024-05-28,372.6000061035156,373.25,364.1000061035156,365.3999938964844,10200096.0,373.6212463378906,379.1729736328125,370.2748107910156,375.73150634765625,13667911.0,369.6499938964844,-0.011497362559649171,0.016452083191092814,-0.027949445750741986,0.0007811715177736692
2024-05-29,361.5,366.3500061035156,360.0,364.6000061035156,18146672.0,368.9805908203125,376.538330078125,366.3537902832031,373.55413818359375,12797970.0,365.3999938964844,-0.0021893481289859684,0.02231566618312364,-0.024505014312109608,0.0006004957264366968
2024-05-30,364.0,364.79998779296875,357.1499938964844,359.70001220703125,14425073.0,362.48590087890625,365.2959899902344,356.5652770996094,360.09393310546875,14066135.0,364.6000061035156,-0.013439368662800266,-0.012358949321486068,-0.0010804193413141983,1.167305953085806e-06
2024-05-31,363.45001220703125,366.6499938964844,355.5,359.0,30515612.0,360.64447021484375,364.1656188964844,356.8403625488281,361.0948181152344,11121904.0,359.70001220703125,-0.0019461000369062065,0.0038776921347456472,-0.005823792171651854,3.3916555258593416e-05
2024-06-03,385.0,393.20001220703125,373.45001220703125,391.79998779296875,39261174.0,362.93817138671875,367.0212097167969,358.7228088378906,362.91986083984375,15682231.0,359.0,0.09136486850409131,0.010918832422962987,0.08044603608112832,0.0064715647211662005
2024-06-04,391.8999938964844,391.8999938964844,313.95001220703125,331.25,84042244.0,391.7940673828125,394.3580017089844,383.92401123046875,388.8857116699219,17174558.0,391.79998779296875,-0.15454310791087622,-0.007438173082809807,-0.1471049348280664,0.021639861850769666
2024-06-05,340.0,342.25,315.29998779296875,341.0,46418629.0,350.809326171875,363.3468017578125,344.19512939453125,354.8712463378906,46137240.0,331.25,0.029433962264150848,0.07130942290683961,-0.04187546064268877,0.0017535542040373758
2024-06-06,347.79998779296875,359.75,345.0,349.75,33171039.0,316.1580810546875,329.5599060058594,315.93109130859375,327.8679504394531,30138188.0,341.0,0.0256598240469208,-0.03851040926846594,0.06417023331538674,0.00411781884375117
2024-06-07,352.0,362.0,347.70001220703125,360.6000061035156,23930193.0,358.4359436035156,366.4617004394531,354.6976623535156,363.04443359375,16934190.0,349.75,0.031022176135856006,0.03801124687276625,-0.006989070736910241,4.884710976553506e-05
2024-06-10,365.0,370.1000061035156,361.79998779296875,364.8999938964844,16072588.0,364.1477355957031,368.28143310546875,358.9856262207031,363.3885192871094,13501266.0,360.6000061035156,0.011924536107008166,0.007732981520785831,0.004191554586222335,1.7569129849281488e-05
2024-06-11,368.75,371.95001220703125,364.8999938964844,367.3999938964844,11235777.0,365.66973876953125,367.3316345214844,357.947509765625,361.6551208496094,14001218.0,364.8999938964844,0.00685119222202335,-0.008892499592081382,0.015743691814104732,0.0002478638319375083
2024-06-12,369.54998779296875,374.0,365.3999938964844,371.29998779296875,12134524.0,371.7483825683594,375.60321044921875,365.751220703125,369.9561462402344,16087130.0,367.3999938964844,0.01061511693324424,0.006957409869936537,0.0036577070633077025,1.3378820960971057e-05
2024-06-13,376.3999938964844,376.3999938964844,367.95001220703125,369.95001220703125,11243702.0,373.07830810546875,376.44647216796875,366.93377685546875,370.95538330078125,15896354.0,371.29998779296875,-0.0036358083229731664,-0.0009281026219145616,-0.0027077057010586048,7.331670163545271e-06
2024-06-14,370.0,370.8500061035156,366.1000061035156,368.45001220703125,10298434.0,373.7937316894531,376.4343566894531,368.7154541015625,372.0520935058594,9671995.0,369.95001220703125,-0.0040546018394521655,0.005682068467271151,-0.009736670306723316,9.480274866182752e-05
2024-06-18,371.79998779296875,372.25,368.70001220703125,369.6499938964844,10228382.0,371.18426513671875,374.2759704589844,366.056884765625,369.955322265625,11719210.0,368.45001220703125,0.003256837154829162,0.004085520447066671,-0.0008286832922375087,6.867159988335963e-07
2024-06-19,369.79998779296875,370.8999938964844,361.54998779296875,362.5,8337334.0,371.26470947265625,374.6203918457031,366.989013671875,370.8740539550781,9293311.0,369.6499938964844,-0.01934260520639053,0.003311402891397197,-0.022654008097787726,0.0005132040828946319
2024-06-20,362.5,364.8999938964844,357.04998779296875,357.6499938964844,14338604.0,365.6628723144531,368.6546630859375,361.2062683105469,364.7630615234375,9945728.0,362.5,-0.0133793271821121,0.0062429283405172065,-0.019622255522629306,0.0003850329117953563
2024-06-21,359.95001220703125,362.95001220703125,356.75,359.79998779296875,17931844.0,359.89813232421875,361.946533203125,354.6324157714844,357.708984375,10139103.0,357.6499938964844,0.006011446758493966,0.00016493912909920638,0.005846507629394759,3.418165146057113e-05
2024-06-24,357.6000061035156,364.6499938964844,355.54998779296875,362.75,9335598.0,360.39190673828125,362.22601318359375,354.2119445800781,357.63299560546875,12192268.0,359.79998779296875,0.008199033649574972,-0.006022768930017075,0.014221802579592047,0.00020225966861289098
2024-06-25,364.25,364.70001220703125,357.75,360.8500061035156,14983828.0,362.3089904785156,365.61346435546875,358.4511413574219,362.4272766113281,10469448.0,362.75,-0.005237750231521399,-0.0008896578598811544,-0.004348092371640244,1.8905907272316082e-05
2024-06-26,363.0,366.8999938964844,359.6499938964844,365.04998779296875,15918394.0,362.6156005859375,365.9447937011719,358.35235595703125,362.5096435546875,10918518.0,360.8500061035156,0.011639134317343647,0.004599244625468568,0.007039889691875079,4.956004687376899e-05
2024-06-27,365.04998779296875,381.1000061035156,364.1000061035156,377.1499938964844,55378829.0,368.0168762207031,371.1393737792969,363.15692138671875,366.85797119140625,11432638.0,365.04998779296875,0.033146162191841855,0.00495270088726274,0.028193461304579115,0.0007948712603327999
2024-06-28,377.95001220703125,389.5,376.70001220703125,378.3500061035156,25141039.0,376.4525451660156,381.6375427246094,371.89971923828125,377.1737365722656,16751381.0,377.1499938964844,0.0031817903392585833,6.295287330093657e-05,0.0031188374659576468,9.727147139061115e-06
2024-07-01,381.75,382.0,367.79998779296875,369.75,23389211.0,379.57989501953125,384.4565734863281,375.2812194824219,379.93438720703125,12254678.0,378.3500061035156,-0.02273029196453269,0.004187606919404008,-0.026917898883936697,0.0007245732803258405
2024-07-02,372.6000061035156,372.6000061035156,365.1499938964844,370.3999938964844,13702830.0,374.8508605957031,379.0074462890625,370.5885314941406,374.7345275878906,10981612.0,369.75,0.0017579280499915306,0.013480804835404037,-0.011722876785412506,0.00013742584012596345
2024-07-03,370.54998779296875,374.25,368.6499938964844,372.6499938964844,9207317.0,372.05841064453125,378.476806640625,368.3697509765625,374.7258605957031,13294070.0,370.3999938964844,0.006074514138973752,0.011678905967875686,-0.0056043918289019334,3.140920777186276e-05
2024-07-04,373.8999938964844,380.8500061035156,371.75,372.95001220703125,14916930.0,372.02142333984375,375.8006286621094,367.8477783203125,371.62249755859375,10693660.0,372.6499938964844,0.0008050940975734555,-0.002757269166026144,0.0035623632635995994,1.269043202184399e-05
2024-07-05,374.3500061035156,381.25,371.0,379.79998779296875,15946104.0,375.6190185546875,379.9058532714844,371.30218505859375,375.7207946777344,12633268.0,372.95001220703125,0.01836700727103069,0.007429366885675304,0.010937640385355385,0.0001196319771993571
2024-07-08,380.8500061035156,381.25,376.1499938964844,377.45001220703125,8898299.0,379.1532897949219,382.0548400878906,374.4315185546875,377.4598388671875,10162496.0,379.79998779296875,-0.006187403005443182,-0.006161529755121742,-2.5873250321439833e-05,6.694250821958864e-10
2024-07-09,379.20001220703125,380.25,375.04998779296875,377.04998779296875,8355819.0,379.15216064453125,381.4270324707031,373.2333984375,376.0701904296875,10766098.0,377.45001220703125,-0.0010598076596248784,-0.003655641098739504,0.0025958334391146254,6.738351243625663e-06
2024-07-10,378.79998779296875,383.79998779296875,370.0,381.3999938964844,17715196.0,376.5985107421875,379.4489440917969,371.6898498535156,374.9253845214844,10168408.0,377.04998779296875,0.011536948002512926,-0.0056348053050486735,0.0171717533075616,0.00029486911165575274
2024-07-11,382.3999938964844,383.29998779296875,374.6000061035156,377.1000061035156,19873143.0,381.56646728515625,385.94879150390625,377.21258544921875,381.69122314453125,13342515.0,381.3999938964844,-0.011274220927585565,0.0007635795823477398,-0.012037800509933305,0.00014490864111695053
2024-07-12,378.95001220703125,379.3999938964844,372.0,377.1499938964844,16151583.0,380.9105529785156,385.9879150390625,376.92108154296875,381.97137451171875,13893862.0,377.1000061035156,0.00013255845176263215,0.012917974885595429,-0.012785416433832797,0.00016346687338652177
2024-07-15,378.6000061035156,388.95001220703125,376.8999938964844,385.6499938964844,22951140.0,379.18017578125,382.590576171875,375.1748046875,378.8880310058594,10065484.0,377.1499938964844,0.022537452306927497,0.004608344524730468,0.01792910778219703,0.00032145290586563805
2024-07-16,386.6499938964844,388.75,380.0,380.45001220703125,11893034.0,384.5477600097656,387.0771179199219,378.4979553222656,382.1494445800781,13507935.0,385.6499938964844,-0.013483681503308698,-0.009077011206555019,-0.004406670296753679,1.9418743104291154e-05
2024-07-18,382.8999938964844,382.8999938964844,374.20001220703125,377.75,15709153.0,383.16864013671875,386.4122009277344,377.5429992675781,380.7046813964844,12382910.0,380.45001220703125,-0.0070968908408445275,0.0006693893580809185,-0.007766280198925446,6.0315108128221465e-05
2024-07-19,377.75,378.0,362.8999938964844,364.6499938964844,13330099.0,380.630859375,385.09039306640625,373.6529541015625,376.0323486328125,13946892.0,377.75,-0.03467903667376737,-0.004547058549801419,-0.030131978123965952,0.0009079361056631627
2024-07-22,364.75,377.25,362.3500061035156,373.5,18715538.0,366.89776611328125,370.2991638183594,361.9944152832031,366.31463623046875,11688162.0,364.6499938964844,0.024269864943499586,0.004565041442059936,0.01970482350143965,0.00038828006922288834
2024-07-23,376.70001220703125,385.6499938964844,361.54998779296875,382.45001220703125,49882257.0,373.470458984375,376.2175598144531,368.6336669921875,372.43096923828125,11384340.0,373.5,0.023962549416415735,-0.00286219748786809,0.026824746904283825,0.0007195670464788846
2024-07-24,384.1000061035156,395.0,381.70001220703125,392.6000061035156,36868466.0,381.6579284667969,384.34716796875,375.1787109375,379.1490478515625,13603159.0,382.45001220703125,0.026539400111170286,-0.00863110014409374,0.035170500255264026,0.001236964088205527
2024-07-25,390.95001220703125,396.29998779296875,386.25,392.1499938964844,25973101.0,393.50518798828125,396.468505859375,386.6560363769531,390.58551025390625,13571395.0,392.6000061035156,-0.0011462358635638825,-0.0051311661189282765,0.003984930255364394,1.5879669140118533e-05
2024-07-26,394.95001220703125,399.5,389.70001220703125,396.29998779296875,20381410.0,393.8636474609375,399.3825988769531,389.36077880859375,395.02587890625,14635243.0,392.1499938964844,0.010582669797464916,0.007333635227659174,0.003249034569805742,1.0556225635792784e-05
2024-07-29,404.0,408.29998779296875,392.6499938964844,393.8999938964844,27751449.0,397.55078125,399.8078308105469,390.25872802734375,393.5750732421875,15253039.0,396.29998779296875,-0.006056002953343964,-0.006875888555930909,0.000819885602586945,6.722124013293578e-07
2024-07-30,397.0,412.70001220703125,397.0,406.95001220703125,34447139.0,397.00341796875,400.00531005859375,390.4137268066406,393.99224853515625,16172442.0,393.8999938964844,0.03313028309915733,0.000234208276469694,0.03289607482268764,0.0010821517387398635
2024-07-31,409.5,417.3999938964844,408.54998779296875,416.0,29727771.0,406.7406921386719,410.32275390625,398.7022705078125,402.612548828125,23500310.0,406.95001220703125,0.022238573587668675,-0.010658467253466086,0.03289704084113476,0.0010822152961032885
2024-08-01,419.8999938964844,424.3500061035156,415.6000061035156,423.45001220703125,28803487.0,414.4956359863281,417.3431091308594,406.7279052734375,409.5213623046875,17036324.0,416.0,0.01790868318997907,-0.015573648306039689,0.03348233149601876,0.0011210665224092896
2024-08-02,416.25,426.29998779296875,413.3500061035156,419.70001220703125,24233263.0,420.5359191894531,422.58404541015625,411.86016845703125,414.3298645019531,17748532.0,423.45001220703125,-0.00885582687896247,-0.021537719783130238,0.012681892904167769,0.0001608304076327808
2024-08-05,407.6499938964844,415.6499938964844,404.6499938964844,413.25,42489503.0,412.6873779296875,416.0508117675781,402.3721618652344,406.67742919921875,23791934.0,419.70001220703125,-0.015368148723926112,-0.031028312196923813,0.0156601634729977,0.0002452407200010114
2024-08-06,413.25,424.95001220703125,413.25,415.0,18230579.0,411.5341491699219,418.42572021484375,407.90533447265625,413.9740295410156,16936758.0,413.25,0.004234724742891771,0.001752037606813417,0.0024826871360783542,6.163735415648941e-06
2024-08-07,421.0,421.0,415.0,416.29998779296875,15556736.0,414.5816345214844,420.42047119140625,410.607421875,415.4930419921875,14871993.0,415.0,0.0031325007059488374,0.0011880529932228878,0.0019444477127259496,3.7808769075251772e-06
2024-08-08,416.3500061035156,417.0,405.79998779296875,407.70001220703125,16447385.0,417.57586669921875,422.5809631347656,413.19415283203125,417.44757080078125,13976848.0,416.29998779296875,-0.020658121158087517,0.0027566251296244904,-0.023414746287712007,0.0005482503437179232
2024-08-09,413.79998779296875,416.3500061035156,408.20001220703125,410.6499938964844,10954753.0,406.98504638671875,410.16314697265625,399.3040771484375,402.81365966796875,17233956.0,407.70001220703125,0.007235667405266488,-0.011985166526267355,0.019220833931533843,0.00036944045702360273
2024-08-12,410.0,410.0,400.1000061035156,400.8500061035156,26254763.0,410.81524658203125,415.843994140625,407.2083740234375,411.1744079589844,11068444.0,410.6499938964844,-0.0238645755232596,0.001277034141712985,-0.025141609664972586,0.0006321005365458429
2024-08-13,403.0,404.5,395.0,396.20001220703125,11355664.0,400.8391418457031,405.13482666015625,395.3942565917969,399.6502380371094,15073071.0,400.8500061035156,-0.011600333854762557,-0.0029930598681253695,-0.008607273986637187,7.408516548104122e-05
2024-08-14,398.8999938964844,400.0,393.6499938964844,396.3500061035156,9424614.0,399.07550048828125,403.183349609375,394.17529296875,398.1728515625,13887216.0,396.20001220703125,0.00037858125154732747,0.004979402561042567,-0.00460082130949524,2.1167556721905493e-05
2024-08-16,398.04998779296875,400.95001220703125,393.29998779296875,398.04998779296875,13844122.0,397.58184814453125,400.5765380859375,392.6548156738281,395.5889892578125,10979402.0,396.3500061035156,0.00428909212381634,-0.0019200626567024148,0.006209154780518755,3.855360308843891e-05
2024-08-19,402.29998779296875,407.5,401.45001220703125,403.1000061035156,10677045.0,398.9705505371094,402.17559814453125,394.457275390625,397.45703125,11680592.0,398.04998779296875,0.012686894775571389,-0.0014896534635171488,0.014176548239088538,0.0002009745199752043
2024-08-20,404.54998779296875,408.20001220703125,403.1000061035156,406.25,10126083.0,405.3875732421875,410.41949462890625,401.88433837890625,406.3311767578125,11459582.0,403.1000061035156,0.007814422844924174,0.008015804032181384,-0.00020138118725721021,4.0554382581123566e-08
2024-08-21,407.5,409.70001220703125,405.20001220703125,408.95001220703125,9726854.0,408.0060119628906,410.81610107421875,402.6345520019531,405.663818359375,12338026.0,406.25,0.006646183894230662,-0.0014429086538461089,0.00808909254807677,6.543341825135114e-05
2024-08-22,409.79998779296875,410.04998779296875,402.25,403.3500061035156,10445288.0,411.17645263671875,414.90655517578125,407.50018310546875,410.9178161621094,11210846.0,408.95001220703125,-0.013693620091349001,0.004811844715343572,-0.018505464806692573,0.0003424522277117374
2024-08-23,403.3500061035156,405.8999938964844,399.54998779296875,401.95001220703125,11513586.0,405.99444580078125,409.33441162109375,402.9267578125,405.8146667480469,9720232.0,403.3500061035156,-0.003470915768686189,0.006110476279250987,-0.009581392047937176,9.180307357627375e-05
2024-08-26,402.45001220703125,415.95001220703125,401.95001220703125,414.8500061035156,13772637.0,403.2390441894531,406.1239013671875,399.4195251464844,402.062744140625,10967554.0,401.95001220703125,0.03209352781370245,0.0002804625703947128,0.03181306524330774,0.0010120711201749546
2024-08-27,415.5,416.20001220703125,409.1000061035156,409.6499938964844,8441188.0,413.4590148925781,416.82696533203125,409.3984680175781,412.66900634765625,10887920.0,414.8500061035156,-0.012534680319454372,-0.005257321257734704,-0.007277359061719668,5.295995491319337e-05
2024-08-28,410.04998779296875,414.3999938964844,407.3500061035156,409.04998779296875,15884745.0,409.46435546875,411.36090087890625,404.0809631347656,406.0690002441406,10267102.0,409.6499938964844,-0.0014646798790560744,-0.008741593325273245,0.00727691344621717,5.295346930373625e-05
2024-08-29,409.04998779296875,412.6000061035156,403.75,409.8999938964844,19014705.0,407.9052734375,411.3211669921875,404.20928955078125,407.12506103515625,11412808.0,409.04998779296875,0.002078000559544879,-0.00470584724424139,0.006783847803786269,4.602059102493579e-05
2024-08-30,412.70001220703125,419.20001220703125,411.5,416.20001220703125,22633988.0,408.63360595703125,411.5343017578125,403.6877136230469,406.5596923828125,15860357.0,409.8999938964844,0.015369647241658457,-0.008149064560648456,0.023518711802306913,0.0005531298048399705
2024-09-02,417.79998779296875,419.1000061035156,407.70001220703125,410.0,11107165.0,415.591552734375,419.49224853515625,410.91680908203125,414.5067443847656,18327554.0,416.20001220703125,-0.014896713179208598,-0.004068399261418887,-0.010828313917789711,0.00011725238230219837
2024-09-03,410.5,411.54998779296875,405.6000061035156,406.3999938964844,7538160.0,409.315185546875,411.11279296875,403.5264587402344,405.7362365722656,10610114.0,410.0,-0.008780502691501546,-0.01039942299447405,0.0016189203029725041,2.6209029473765845e-06
2024-09-04,400.0,408.25,399.8999938964844,405.1000061035156,11052003.0,409.1582336425781,412.2598876953125,405.4587707519531,408.20068359375,10270670.0,406.3999938964844,-0.003198788908692407,0.004430831014540448,-0.007629619923232855,5.821110017299172e-05
2024-09-05,405.3500061035156,408.3999938964844,401.8500061035156,403.25,14246871.0,404.7524719238281,407.7783203125,400.7956237792969,403.7168273925781,9921853.0,405.1000061035156,-0.004566788634021601,-0.0034144129600038875,-0.0011523756740177138,1.3279696940677802e-06
2024-09-06,403.25,404.6499938964844,392.70001220703125,394.79998779296875,17956121.0,406.6966247558594,410.266845703125,398.7675476074219,400.1643981933594,12876523.0,403.25,-0.02095477298705828,-0.007651833370466488,-0.013302939616591791,0.00017696820244268735
2024-09-09,391.20001220703125,392.75,385.29998779296875,389.8500061035156,12293356.0,394.6500549316406,397.6483154296875,388.560791015625,391.87530517578125,14139058.0,394.79998779296875,-0.012537947929342041,-0.0074080109108848324,-0.005129937018457209,2.631625381333764e-05
2024-09-10,390.1000061035156,399.3999938964844,389.75,396.29998779296875,15852309.0,387.4579772949219,390.0946960449219,382.40826416015625,386.1772155761719,11379012.0,389.8500061035156,0.016544777705455482,-0.009421034936109574,0.025965812641565056,0.0006742234261368597
2024-09-11,399.0,399.29998779296875,387.5,389.6499938964844,11492592.0,397.8388366699219,400.94952392578125,393.65936279296875,397.2410888671875,12655186.0,396.29998779296875,-0.01678020212293929,0.0023747189079157405,-0.019154921030855032,0.00036691099969829243
2024-09-12,391.0,406.25,390.6499938964844,404.8500061035156,24028069.0,393.4646911621094,398.0874328613281,390.08111572265625,394.2391357421875,14232726.0,389.6499938964844,0.03900939932022518,0.011777600199122107,0.027231799121103073,0.0007415708833721102
2024-09-13,404.8500061035156,407.29998779296875,399.3500061035156,401.3999938964844,12017217.0,403.5556335449219,405.3858642578125,398.0937805175781,400.3373107910156,11443496.0,404.8500061035156,-0.008521704717843415,-0.011146585758840644,0.002624881040997229,6.890000479386697e-06
2024-09-16,402.45001220703125,412.0,402.0,411.1000061035156,11479712.0,403.4131164550781,405.7025451660156,399.2191162109375,401.57135009765625,10863082.0,401.3999938964844,0.024165451804996074,0.0004268963721412167,0.023738555432854858,0.0005635190140387228
2024-09-17,411.8500061035156,417.6499938964844,410.1000061035156,416.29998779296875,14432501.0,410.5047302246094,412.2062683105469,404.1514587402344,406.4127197265625,12564228.0,411.1000061035156,0.012648945785088905,-0.011401815391296477,0.024050761176385382,0.0005784391131635263
2024-09-18,418.5,419.75,413.0,414.1499938964844,10303840.0,415.5088195800781,418.1080322265625,409.75146484375,412.3049621582031,15283033.0,416.29998779296875,-0.005164530289521907,-0.009596506730508048,0.004431976440986141,1.9642415173456177e-05
2024-09-19,424.0,431.8500061035156,420.54998779296875,423.95001220703125,59601773.0,414.7732238769531,416.6295166015625,409.1394958496094,410.9674377441406,10689992.0,414.1499938964844,0.023662968622417457,-0.007684549557519071,0.03134751817993653,0.0009826668960414512
2024-09-20,428.04998779296875,429.8500061035156,416.54998779296875,423.95001220703125,36084164.0,425.7113342285156,429.1192626953125,420.2226867675781,423.0055236816406,26469320.0,423.95001220703125,0.0,-0.0022278299285185543,0.0022278299285185543,4.963226190402987e-06
2024-09-23,427.5,430.5,425.0,428.3500061035156,14139629.0,422.6273193359375,425.23919677734375,418.71282958984375,420.888671875,15105228.0,423.95001220703125,0.010378567684379947,-0.007220993616899096,0.017599561301279043,0.0003097445579974789
2024-09-24,431.45001220703125,431.45001220703125,427.0,428.1000061035156,12539885.0,424.20489501953125,427.9370422363281,422.5370788574219,424.8717956542969,10891348.0,428.3500061035156,-0.0005836348697041416,-0.008120019609333728,0.007536384739629587,5.679709494372171e-05
2024-09-25,428.1000061035156,437.0,425.6499938964844,436.1000061035156,19443168.0,425.9542541503906,428.8319091796875,423.5523681640625,425.7409973144531,11295436.0,428.1000061035156,0.018687222345111554,-0.005510415219410425,0.02419763756452198,0.0005855256637039652
2024-09-26,437.95001220703125,437.95001220703125,430.54998779296875,434.6000061035156,20041825.0,429.30633544921875,430.9324645996094,424.0835266113281,425.9500427246094,13151209.0,436.1000061035156,-0.0034395780302831636,-0.02327439403084297,0.019834816000559807,0.00039341992577606334
2024-09-27,436.0,442.5,433.5,436.8999938964844,53885913.0,431.91876220703125,434.4097900390625,425.36737060546875,428.0353698730469,20813996.0,434.6000061035156,0.005292194571255848,-0.015105007221065558,0.020397201792321407,0.0004160458409566796
2024-09-30,436.8999938964844,448.45001220703125,433.6000061035156,443.20001220703125,20903229.0,436.00750732421875,437.61566162109375,427.0677490234375,429.50958251953125,23060504.0,436.8999938964844,0.014419817803979162,-0.01691556759028967,0.03133538539426883,0.0009819063778073564
2024-10-01,446.0,447.75,438.79998779296875,440.1000061035156,15984996.0,444.13494873046875,447.769287109375,441.9749450683594,444.0350646972656,16129562.0,443.20001220703125,-0.006994598416363629,0.0018841436535075307,-0.00887874206987116,7.88320607433e-05
2024-10-03,432.0,442.5,432.0,435.3500061035156,13563784.0,440.0521545410156,441.5373840332031,432.1257629394531,433.5914001464844,17283592.0,440.1000061035156,-0.010793001440865146,-0.014788924941528725,0.0039959235006635785,1.5967404623155468e-05
2024-10-04,432.8999938964844,439.3500061035156,426.29998779296875,430.45001220703125,18347292.0,433.99932861328125,436.37457275390625,428.1512145996094,430.4615783691406,19286928.0,435.3500061035156,-0.01125529764049038,-0.011228730138601706,-2.6567501888674627e-05,7.058321566047299e-10
2024-10-07,430.6000061035156,433.0,409.04998779296875,415.45001220703125,23431004.0,428.73175048828125,431.5400085449219,423.910888671875,426.44696044921875,14272966.0,430.45001220703125,-0.03484725188667326,-0.009299690194658816,-0.025547561692014442,0.0006526779084072838
2024-10-08,414.0,427.70001220703125,411.29998779296875,420.95001220703125,18706355.0,414.78759765625,421.7518005371094,411.947509765625,417.9983825683594,14304721.0,415.45001220703125,0.013238656489096945,0.006133999967385284,0.007104656521711661,5.0476144291500036e-05
2024-10-09,424.45001220703125,424.75,417.0,418.45001220703125,13916492.0,421.12689208984375,426.1670837402344,413.6555480957031,415.5169372558594,14899796.0,420.95001220703125,-0.00593894744625989,-0.012906698642640269,0.006967751196380378,4.8549556734660196e-05
2024-10-10,420.70001220703125,429.8999938964844,420.5,422.70001220703125,15866037.0,421.1708068847656,425.5889587402344,413.6300354003906,415.24114990234375,14082734.0,418.45001220703125,0.010156529755093624,-0.00766844834766045,0.017824978102754074,0.00031772984436366226
2024-10-11,423.95001220703125,426.6499938964844,419.6000061035156,422.5,8639087.0,422.35052490234375,425.3133239746094,419.5164794921875,421.561279296875,9518107.0,422.70001220703125,-0.0004731776703457147,-0.002693950502179132,0.0022207728318334174,4.931831970609416e-06
2024-10-14,424.6000061035156,426.0,420.0,424.5,8483177.0,421.3354797363281,423.9261474609375,416.6168212890625,418.9924011230469,12528364.0,422.5,0.004733727810650956,-0.00830200917622037,0.013035736986871327,0.00016993043879088513
2024-10-15,426.6499938964844,427.20001220703125,423.54998779296875,426.6000061035156,9365964.0,421.9236145019531,424.4997253417969,418.18084716796875,420.2315368652344,9980137.0,424.5,0.004947010844559729,-0.010055272402274773,0.015002283246834502,0.00022506850261825117
2024-10-16,425.29998779296875,429.3999938964844,421.25,424.25,6219440.0,425.74871826171875,428.8235168457031,422.5191345214844,424.74005126953125,10457876.0,426.6000061035156,-0.00550868745872779,-0.004359950322019079,-0.0011487371367087107,1.3195970092537271e-06
2024-10-17,423.6499938964844,425.6000061035156,416.6000061035156,417.75,11968387.0,422.88226318359375,425.4103698730469,419.3480529785156,421.31353759765625,9464550.0,424.25,-0.015321154979375362,-0.006921537778064257,-0.008399617201311105,7.055356912856139e-05
2024-10-18,417.70001220703125,425.95001220703125,414.45001220703125,424.95001220703125,8828971.0,420.3523254394531,424.37152099609375,418.40283203125,421.468505859375,8042038.0,417.75,0.017235217730775076,0.008901270758527868,0.008333946972247208,6.94546721362284e-05
2024-10-21,426.04998779296875,428.75,419.1000061035156,425.0,9139781.0,422.3196105957031,425.0617370605469,418.9892272949219,421.2077331542969,9157049.0,424.95001220703125,0.00011763217209748156,-0.008806398270936322,0.008924030443033804,7.96383193481941e-05
2024-10-22,422.8500061035156,426.29998779296875,413.45001220703125,415.75,14242323.0,424.48028564453125,427.15802001953125,422.1275634765625,423.99298095703125,7240112.0,425.0,-0.021764705882352908,-0.0023694565716911864,-0.019395249310661722,0.000376175695822724
2024-10-23,414.0,414.75,401.70001220703125,408.29998779296875,22522821.0,417.2807312011719,421.2367248535156,408.19964599609375,410.3095397949219,11839175.0,415.75,-0.017919452091476273,-0.01308589345779465,-0.004833558633681623,2.3363289065238156e-05
2024-10-24,409.25,415.25,406.79998779296875,411.8999938964844,9400171.0,410.49267578125,416.5804443359375,405.19244384765625,406.1806640625,13864360.0,408.29998779296875,0.008817061501704027,-0.005190604442396829,0.014007665944100856,0.0001962147052015229
2024-10-25,402.5,407.5,391.6000061035156,398.8999938964844,19642277.0,409.6109313964844,412.7799072265625,404.6872863769531,407.77001953125,13159006.0,411.8999938964844,-0.03156105897701733,-0.010026643424210113,-0.021534415552807218,0.0004637310532009854
2024-10-28,398.8999938964844,406.5,397.79998779296875,403.8999938964844,11716022.0,400.8458557128906,407.2995910644531,397.6809997558594,403.6551513671875,14470155.0,398.8999938964844,0.01253446998371599,0.011920675716874385,0.0006137942668416052,3.7674340200762364e-07
2024-10-29,409.0,414.29998779296875,404.45001220703125,412.1499938964844,20284308.0,406.2144775390625,411.1326904296875,403.1009521484375,407.802001953125,12232746.0,403.8999938964844,0.020425848290837934,0.009660827223584079,0.010765021067253855,0.00011588567857841932
2024-10-30,414.1499938964844,414.79998779296875,405.79998779296875,408.5,12264297.0,413.13232421875,414.82659912109375,407.1064758300781,409.0265808105469,10214002.0,412.1499938964844,-0.008855984351660795,-0.007578340730782562,-0.0012776436208782327,1.6323732219708412e-06
2024-10-31,409.0,410.6499938964844,403.5,408.1499938964844,12204072.0,410.4608154296875,413.9213562011719,407.52984619140625,410.62615966796875,10277142.0,408.5,-0.0008568080869415517,0.005204797228809621,-0.006061605315751173,3.6743059003942876e-05
2024-11-01,412.0,415.45001220703125,410.3500061035156,411.3500061035156,2145479.0,408.32720947265625,411.7178649902344,405.0377502441406,408.01739501953125,10242684.0,408.1499938964844,0.007840284833724231,-0.0003248778119221418,0.008165162645646373,6.666988102985889e-05
2024-11-04,413.8500061035156,414.29998779296875,393.70001220703125,400.95001220703125,13866505.0,411.1949157714844,413.09564208984375,406.261962890625,408.29925537109375,8018559.0,411.3500061035156,-0.025282590840334684,-0.007416435364423379,-0.017866155475911305,0.0003191995114894355
2024-11-05,400.0,404.1000061035156,397.1499938964844,403.1000061035156,6665326.0,397.7421569824219,401.9754638671875,393.4380798339844,398.96478271484375,8844905.0,400.95001220703125,0.005362249235633554,-0.004951314208122337,0.010313563443755891,0.00010636959090837788
2024-11-06,406.70001220703125,410.79998779296875,403.1499938964844,408.8999938964844,9700643.0,402.64678955078125,405.3890686035156,399.0771179199219,401.8604431152344,5737144.0,403.1000061035156,0.014388458707885299,-0.003075075587974374,0.017463534295859673,0.000304975030102667
2024-11-07,410.8999938964844,410.8999938964844,402.0,403.79998779296875,7589295.0,408.4136047363281,410.9737548828125,404.2828369140625,406.487548828125,8101592.0,408.8999938964844,-0.012472502273518593,-0.005899841292172026,-0.0065726609813465675,4.319987237571562e-05
2024-11-08,403.1499938964844,404.20001220703125,395.54998779296875,397.6499938964844,7536509.0,403.733642578125,405.6251220703125,398.9194030761719,401.11395263671875,4827983.0,403.79998779296875,-0.015230297380884328,-0.006651895090267201,-0.008578402290617126,7.358898585966516e-05
2024-11-11,398.1499938964844,400.8999938964844,391.79998779296875,392.54998779296875,12243693.0,402.50384521484375,405.39007568359375,400.2037048339844,402.37701416015625,8942730.0,397.6499938964844,-0.01282536447075433,0.01188738925242494,-0.02471275372317927,0.0006107201965825109
2024-11-12,393.1499938964844,394.79998779296875,379.04998779296875,380.29998779296875,10549517.0,395.76336669921875,398.2129211425781,389.6456604003906,392.8372802734375,11124171.0,392.54998779296875,-0.031206216739103954,0.0007318621561651639,-0.03193807889526912,0.0010200408835204346
2024-11-13,384.0,387.6000061035156,379.3500061035156,381.3500061035156,20602407.0,385.8659973144531,391.7374572753906,382.3232421875,388.15374755859375,7371903.0,380.29998779296875,0.002761026411387979,0.02065148571579889,-0.01789045930441091,0.0003200685341227829
2024-11-14,380.04998779296875,385.20001220703125,371.3500061035156,372.5,15086601.0,384.3685607910156,387.6947326660156,378.68896484375,382.5299377441406,12286682.0,381.3500061035156,-0.023207043298468788,0.0030940910495349527,-0.02630113434800374,0.0006917496679917422
2024-11-18,380.0,380.0,362.6499938964844,366.70001220703125,16383636.0,374.47332763671875,381.5989685058594,370.7884826660156,378.0635681152344,10128898.0,372.5,-0.015570437028104012,0.014935753329488266,-0.030506190357592278,0.0009306276501336561
2024-11-19,368.0,378.5,365.04998779296875,366.70001220703125,17055094.0,372.0079650878906,376.9635314941406,364.4403381347656,369.9474792480469,9055899.0,366.70001220703125,0.0,0.00885592291494719,-0.00885592291494719,7.842737067548672e-05
2024-11-21,363.70001220703125,364.3500061035156,354.79998779296875,356.1499938964844,21276150.0,372.8439636230469,375.36712646484375,366.0549621582031,369.42254638671875,9762655.0,366.70001220703125,-0.028770160783606835,0.007424418023063595,-0.03619457880667043,0.0013100475349922763
2024-11-22,357.04998779296875,367.1000061035156,355.70001220703125,365.45001220703125,15949254.0,361.38861083984375,368.8654479980469,355.7651062011719,363.88446044921875,10207183.0,356.1499938964844,0.026112644868526713,0.021716879644205322,0.004395765224321391,1.9322751907353287e-05
2024-11-25,374.0,377.20001220703125,367.5,368.3999938964844,18388844.0,369.8215026855469,378.19464111328125,364.5428161621094,373.32098388671875,13086378.0,365.45001220703125,0.00807218933073095,0.021537751858737186,-0.013465562528006236,0.0001813213741956457
2024-11-26,370.0,370.3999938964844,360.25,361.6499938964844,11222231.0,370.9393615722656,374.527099609375,364.4696350097656,368.115234375,16594095.0,368.3999938964844,-0.018322475873592592,-0.0007729628832848778,-0.017549512990307714,0.0003079854061969792
2024-11-27,363.79998779296875,371.6000061035156,361.3500061035156,369.29998779296875,14225274.0,364.6966552734375,373.9190673828125,361.5094909667969,369.994140625,10397554.0,361.6499938964844,0.021153032007720896,0.02307243707822093,-0.0019194050705000354,3.684115824661246e-06
2024-11-28,369.70001220703125,371.8500061035156,359.6000061035156,362.04998779296875,16837860.0,369.77508544921875,377.9381408691406,367.17352294921875,374.62310791015625,10645922.0,369.29998779296875,-0.019631736365137376,0.014414081486977093,-0.03404581785211447,0.0011591177132193563
2024-11-29,363.25,365.3999938964844,360.20001220703125,363.6499938964844,14280017.0,364.6972351074219,371.0016784667969,360.1878662109375,365.91400146484375,19559246.0,362.04998779296875,0.004419296112310844,0.010672597161043296,-0.006253301048732451,3.9103774006078375e-05
2024-12-02,363.6499938964844,363.8999938964844,357.0,358.20001220703125,12510350.0,366.40576171875,379.47930908203125,363.849853515625,375.8697509765625,15765587.0,363.6499938964844,-0.014986887889250178,0.0336030724190155,-0.04858996030826568,0.002360984242758834
2024-12-03,359.0,370.0,358.20001220703125,367.45001220703125,14205760.0,362.1040954589844,368.7493896484375,357.8685302734375,364.0145263671875,12335865.0,358.20001220703125,0.025823561375686754,0.01623259062536153,0.009590970750325223,9.198671993359396e-05
2024-12-04,368.95001220703125,375.1499938964844,368.0,372.75,22035954.0,368.9751892089844,377.0868835449219,364.40936279296875,372.56378173828125,17533642.0,367.45001220703125,0.014423697419780224,0.01391691212781554,0.0005067852919646842,2.5683133215173025e-07
2024-12-05,372.75,373.95001220703125,364.3999938964844,369.1499938964844,18758283.0,375.5957336425781,380.2337646484375,371.289794921875,375.5586242675781,13136650.0,372.75,-0.00965796406040409,0.00753487395728536,-0.01719283801768945,0.00029559367910250765
2024-12-06,369.45001220703125,371.20001220703125,368.04998779296875,369.5,9736086.0,370.9387512207031,375.68145751953125,367.07708740234375,371.48492431640625,11539858.0,369.1499938964844,0.0009481406184548291,0.006325153619199719,-0.00537701300074489,2.8912268810179567e-05
2024-12-09,370.8999938964844,373.29998779296875,367.75,369.8500061035156,10878679.0,372.8031311035156,375.52044677734375,365.47607421875,368.0269470214844,12859394.0,369.5,0.0009472424993657302,-0.003986611579203325,0.0049338540785690554,2.4342916068612502e-05
2024-12-10,369.0,371.20001220703125,366.3999938964844,369.1499938964844,7913822.0,372.4055480957031,377.0224609375,368.6336669921875,372.8221435546875,12285893.0,369.8500061035156,-0.001892692160278986,0.008036061652355375,-0.009928753812634361,9.858015227190137e-05
2024-12-11,369.25,370.75,364.70001220703125,365.5,9998662.0,371.73822021484375,375.0194396972656,365.5154724121094,368.45782470703125,12351832.0,369.1499938964844,-0.009887563204207694,-0.00187503508302167,-0.008012528121186024,6.420060689279684e-05
2024-12-12,366.0,367.0,353.0,355.6000061035156,22538216.0,366.3360900878906,369.32562255859375,362.086181640625,365.0311279296875,7572772.0,365.5,-0.02708616661144836,-0.0012828237217852312,-0.025803342889663128,0.0006658125042815286
2024-12-13,355.75,358.29998779296875,348.04998779296875,357.1499938964844,14269143.0,359.16534423828125,363.8374328613281,354.9085693359375,358.9560241699219,14147576.0,355.6000061035156,0.004358795743433008,0.009437620947141623,-0.0050788252037086146,2.579446544982585e-05
2024-12-16,357.1499938964844,358.8999938964844,351.70001220703125,352.8999938964844,12168143.0,359.9608154296875,368.2074890136719,355.7304992675781,363.7073974609375,19448632.0,357.1499938964844,-0.011899762208120945,0.018360363086982856,-0.0302601252951038,0.0009156751828753809
2024-12-17,352.0,353.8500061035156,347.25,349.04998779296875,15646176.0,358.2650451660156,366.55206298828125,355.0655212402344,362.5362243652344,14680010.0,352.8999938964844,-0.010909623604711483,0.02730583914823348,-0.03821546275294496,0.0014604215934217238
2024-12-18,349.54998779296875,351.0,340.0,341.75,14672392.0,353.6822814941406,357.74273681640625,348.84613037109375,352.843505859375,9944442.0,349.04998779296875,-0.02091387494131236,0.010868122615882436,-0.0317819975571948,0.001010095368725536
2024-12-19,337.0,340.6000061035156,335.04998779296875,337.3999938964844,14513129.0,345.4022216796875,349.4315490722656,336.68206787109375,341.0511169433594,10952283.0,341.75,-0.012728620639401944,-0.002045012601728291,-0.010683608037673653,0.00011413948070264509
2024-12-20,337.79998779296875,343.8999938964844,331.0,333.25,20375797.0,338.8533020019531,345.3081359863281,334.8282470703125,340.9342956542969,14405640.0,337.3999938964844,-0.012299922855830259,0.010475109133810001,-0.02277503198964026,0.0005187020821291372
2024-12-23,335.8999938964844,338.25,330.5,333.6499938964844,8884187.0,335.8577880859375,355.0562438964844,330.2179260253906,348.7801208496094,24004558.0,333.25,0.0012002817598930626,0.04660201305209122,-0.045401731292198155,0.002061317204328965
2024-12-24,335.1000061035156,336.8500061035156,331.75,335.29998779296875,7755462.0,333.3976135253906,340.17620849609375,330.3613586425781,336.3475646972656,8004390.0,333.6499938964844,0.004945283760431574,0.008085031770203477,-0.0031397480097719033,9.858017564866627e-06
2024-12-26,335.29998779296875,337.3999938964844,332.25,334.6499938964844,9030212.0,336.046875,340.2711181640625,333.00634765625,336.87646484375,7359735.0,335.29998779296875,-0.0019385443487869303,0.004701691345585957,-0.006640235694372887,4.4092730076823775e-05
2024-12-27,336.6499938964844,340.0,334.20001220703125,335.0,9090597.0,337.1195983886719,340.2620849609375,332.22296142578125,335.4794006347656,13071173.0,334.6499938964844,0.0010458870757483751,0.002478430459908587,-0.001432543384160212,2.0521805475011926e-06
2024-12-30,335.0,336.79998779296875,327.3999938964844,331.3999938964844,36657549.0,338.77947998046875,345.0849304199219,336.1017761230469,341.2389221191406,12235619.0,335.0,-0.010746286876166078,0.018623648116837588,-0.029369934993003666,0.0008625930814932612
2024-12-31,330.1000061035156,334.6000061035156,326.20001220703125,333.3500061035156,8580998.0,332.8049011230469,339.82598876953125,329.7847900390625,335.68310546875,20698632.0,331.3999938964844,0.005884164885169962,0.012924295869490843,-0.00704013098432088,4.956344427639489e-05
2025-01-01,333.0,334.6499938964844,328.79998779296875,333.6499938964844,7843971.0,335.3028869628906,341.2975158691406,332.97393798828125,337.7643737792969,13014184.0,333.3500061035156,0.0008999183665099331,0.013242440662834198,-0.012342522296324265,0.00015233785663526162
2025-01-02,333.6499938964844,338.6000061035156,330.0,338.0,16543382.0,333.55377197265625,335.6773986816406,330.33319091796875,332.4375305175781,6769457.0,333.6499938964844,0.013037632798114762,-0.0036339379621940227,0.016671570760308785,0.0002779412716159828
2025-01-03,338.04998779296875,344.5,337.04998779296875,339.8500061035156,8689629.0,341.0145263671875,349.4670715332031,335.4822082519531,343.76593017578125,20469476.0,338.0,0.0054733908388036046,0.017058965017104244,-0.01158557417830064,0.00013422552904090654
2025-01-06,341.70001220703125,341.70001220703125,326.45001220703125,327.5,10538077.0,344.3818054199219,349.55853271484375,341.5873107910156,346.1802673339844,11305510.0,339.8500061035156,-0.03633957887808281,0.01862663268142062,-0.05496621155950343,0.0030212844132040885
2025-01-07,327.0,330.3500061035156,325.1000061035156,328.6000061035156,13891401.0,333.3645324707031,338.20428466796875,330.7045593261719,334.7866516113281,12380640.0,327.5,0.0033587972626432094,0.022249317897185206,-0.018890520634541996,0.0003568517698440569
2025-01-08,330.5,330.5,321.8500061035156,325.3999938964844,8993608.0,328.6528625488281,331.0897216796875,325.6224670410156,328.03961181640625,7452599.0,328.6000061035156,-0.009738320595232053,-0.0017053995030446023,-0.00803292109218745,6.452782127331002e-05
2025-01-09,324.04998779296875,325.95001220703125,319.79998779296875,320.3500061035156,12403467.0,327.2176818847656,330.639404296875,323.668212890625,326.7710876464844,13969238.0,325.3999938964844,-0.015519323563894183,0.00421356415401819,-0.019732887717912373,0.000389386857687737
2025-01-10,320.3500061035156,321.0,307.6000061035156,308.25,15941143.0,325.0323791503906,329.376220703125,322.6407470703125,326.0034484863281,8718132.0,320.3500061035156,-0.03777120609638984,0.017647704932415964,-0.055418911028805806,0.003071255699618694
2025-01-13,301.1000061035156,309.95001220703125,296.8500061035156,298.20001220703125,29630336.0,312.94403076171875,318.83056640625,310.4989929199219,315.2086486816406,9913316.0,308.25,-0.03260336672495945,0.02257469158683101,-0.05517805831179046,0.0030446181190593477
2025-01-14,300.45001220703125,312.70001220703125,300.20001220703125,310.3999938964844,22732888.0,308.6439208984375,323.58514404296875,298.721923828125,315.2178039550781,26377564.0,298.20001220703125,0.04091207642534589,0.0570683804540959,-0.016156304028750013,0.0002610261598694039
2025-01-15,312.54998779296875,324.29998779296875,312.54998779296875,321.3500061035156,21894626.0,314.1741943359375,325.25347900390625,312.6770935058594,320.463134765625,19255794.0,310.3999938964844,0.035277101876113326,0.03241991323136628,0.002857188644747044,8.16352695167145e-06
2025-01-16,324.70001220703125,327.29998779296875,321.6499938964844,325.5,14865186.0,325.6956787109375,334.40380859375,319.462158203125,326.40655517578125,21208146.0,321.3500061035156,0.012914248693518093,0.015735332118328227,-0.0028210834248101335,7.958511689738472e-06
2025-01-17,325.29998779296875,329.0,323.3500061035156,326.1499938964844,7129232.0,325.1075134277344,333.31591796875,322.9781494140625,329.3163757324219,17341032.0,325.5,0.0019969090521794186,0.011724656628024244,-0.009727747575844825,9.462907289935487e-05
2025-01-20,326.20001220703125,337.0,324.54998779296875,336.04998779296875,17991880.0,328.88507080078125,334.6278076171875,326.3764343261719,330.6349182128906,11388922.0,326.1499938964844,0.03035411338878169,0.013751109613173051,0.016603003775608638,0.00027565973437287467
2025-01-21,337.79998779296875,338.25,323.79998779296875,324.29998779296875,12774630.0,336.5467834472656,343.263671875,332.9930114746094,338.2589111328125,16758361.0,336.04998779296875,-0.03496503623514147,0.006573198690918103,-0.04153823492605957,0.001725424960772515
2025-01-22,327.0,327.0,317.3500061035156,322.3999938964844,11068145.0,329.37860107421875,330.868408203125,324.8431701660156,325.95892333984375,8250541.0,324.29998779296875,-0.005858754141234601,0.0051154351197018055,-0.010974189260936407,0.00012043282993485195
2025-01-23,321.0,325.1000061035156,319.54998779296875,323.6499938964844,6477347.0,322.3124084472656,329.2651062011719,319.66082763671875,326.01568603515625,9563526.0,322.3999938964844,0.0038771712892815557,0.011214926200751707,-0.007337754911470151,5.384264714080433e-05
2025-01-24,324.79998779296875,329.8999938964844,322.1000061035156,323.6499938964844,7492600.0,327.8749694824219,333.4151611328125,325.23876953125,329.7035827636719,12941832.0,323.6499938964844,0.0,0.018704121678814856,-0.018704121678814856,0.00034984416777591185
2025-01-27,323.6499938964844,325.04998779296875,315.0,322.20001220703125,13803855.0,324.01031494140625,326.0280456542969,320.81011962890625,322.2920227050781,7127609.5,323.6499938964844,-0.0044800918176963744,-0.004195801690144885,-0.00028429012755148975,8.082087662324231e-08
2025-01-28,322.5,323.8500061035156,308.1499938964844,318.25,22008929.0,321.89056396484375,324.42059326171875,318.9642028808594,320.88568115234375,7857602.0,322.20001220703125,-0.012259503592113918,-0.004079239617914676,-0.008180263974199242,6.691671868758197e-05
2025-01-29,320.0,322.8999938964844,313.29998779296875,321.25,16056888.0,318.12213134765625,321.2406005859375,314.75238037109375,317.3773498535156,8352339.5,318.25,0.009426551453260101,-0.0027420271688433084,0.01216857862210341,0.0001480743056823121
2025-01-30,322.25,326.79998779296875,321.1499938964844,323.0,10375720.0,321.8651123046875,327.8589172363281,318.15411376953125,324.20147705078125,17402730.0,321.25,0.005447470817120603,0.009187477200875538,-0.0037400063837549347,1.3987647750527663e-05
2025-01-31,322.45001220703125,326.25,317.54998779296875,324.0,13195557.0,322.68780517578125,327.3063049316406,320.08258056640625,324.0141296386719,13398542.0,323.0,0.003095975232198178,0.0031397202435661242,-4.374501136794606e-05,1.91362601958173e-09
2025-02-01,326.04998779296875,330.79998779296875,316.75,317.70001220703125,10097627.0,323.73382568359375,328.1162414550781,319.61334228515625,323.7076416015625,14369888.0,324.0,-0.019444406768422073,-0.0009023407359182167,-0.018542066032503857,0.00034380821275373333
2025-02-03,310.1000061035156,314.04998779296875,304.0,311.25,15881217.0,321.58746337890625,326.314453125,318.6075439453125,322.6412353515625,11429885.0,317.70001220703125,-0.020302209503309854,0.015553109709392388,-0.03585531921270224,0.0012856039158447745
2025-02-04,314.8500061035156,320.45001220703125,310.29998779296875,319.1000061035156,12141064.0,308.19146728515625,314.1721496582031,306.1573791503906,310.9324951171875,10561284.0,311.25,0.025220903143825302,-0.0010200960090361866,0.02624099915286149,0.0006885900365404773
2025-02-05,321.0,323.04998779296875,318.3999938964844,319.6000061035156,12226722.0,320.24176025390625,324.27093505859375,313.03985595703125,317.52294921875,9368640.0,319.1000061035156,0.0015669068957580023,-0.004942202615483615,0.0065091095112416175,4.236850662933609e-05
2025-02-06,322.6000061035156,322.70001220703125,311.3999938964844,312.79998779296875,13384442.0,319.7780456542969,323.70263671875,316.6480407714844,320.0150451660156,13461547.0,319.6000061035156,-0.021276652630427106,0.0012986203209444103,-0.022575272951371517,0.0005096429488289264
2025-02-07,313.5,319.25,312.1000061035156,316.95001220703125,8937447.0,314.203857421875,318.9987487792969,311.18988037109375,315.4296875,9578096.0,312.79998779296875,0.013267341994940507,0.008406968700944262,0.004860373293996245,2.362322855699191e-05
2025-02-10,316.5,316.8500061035156,309.0,310.5,6806132.0,316.9273681640625,325.9599914550781,314.3233337402344,323.03900146484375,16757604.0,316.95001220703125,-0.020350250697634076,0.01921119742325539,-0.039561448120889464,0.0015651081774218285
2025-02-11,312.3500061035156,312.3500061035156,304.1499938964844,305.6000061035156,13241830.0,313.09112548828125,314.606689453125,309.23626708984375,310.69207763671875,7225435.5,310.5,-0.01578097873263884,0.0006186075256642276,-0.016399586258303067,0.0002689464294435228
2025-02-12,306.20001220703125,307.5,300.0,306.25,7616083.0,307.5093994140625,310.24664306640625,304.40106201171875,306.6129150390625,7850811.5,305.6000061035156,0.002126943336068443,0.0033144925239425582,-0.0011875491878741151,1.4102730736204704e-06
2025-02-13,306.1499938964844,308.6000061035156,303.1000061035156,306.70001220703125,9086906.0,307.8467712402344,309.6955261230469,304.2357482910156,306.22772216796875,7271399.5,306.25,0.0014694276147959595,-7.274394132650297e-05,0.0015421715561224625,2.3782931085131776e-06
2025-02-14,306.8500061035156,308.25,298.3500061035156,300.3500061035156,7446248.0,308.0000305175781,314.0094909667969,305.0516662597656,310.7923583984375,10832682.0,306.70001220703125,-0.02070429035141086,0.013343156271685475,-0.034047446623096334,0.001159228621552594
2025-02-17,297.5,303.20001220703125,292.79998779296875,302.3500061035156,6464173.0,307.0219421386719,313.6875305175781,304.73046875,310.90582275390625,12290820.0,300.3500061035156,0.0066588978170711854,0.0351450522253447,-0.028486154408273512,0.0008114609929720005
2025-02-18,301.1499938964844,312.3999938964844,297.5,311.20001220703125,15793327.0,305.0083312988281,309.423828125,301.7701110839844,306.72845458984375,7857173.5,302.3500061035156,0.02927073234615918,0.01448139043473029,0.014789341911428888,0.00021872463417314708
2025-02-19,311.20001220703125,316.3500061035156,310.6000061035156,314.79998779296875,13079903.0,310.218994140625,318.40350341796875,306.19744873046875,315.2904357910156,16507392.0,311.20001220703125,0.01156804448819404,0.013144034137322347,-0.0015759896491283065,2.483743374159563e-06
2025-02-20,312.54998779296875,327.1499938964844,311.5,325.1499938964844,22888146.0,315.9690246582031,320.80157470703125,310.1028137207031,316.7721862792969,16358867.0,314.79998779296875,0.03287803845253778,0.006264925548933542,0.02661311290360424,0.0007082577784199866
2025-02-21,323.29998779296875,329.75,321.54998779296875,326.25,10809296.0,315.10345458984375,330.7387390136719,313.69158935546875,327.04803466796875,23540016.0,325.1499938964844,0.0033830728099777385,0.005837431361258583,-0.002454358551280844,6.023875898245404e-06
2025-02-24,322.1000061035156,325.3999938964844,319.45001220703125,320.1000061035156,6034113.0,326.27947998046875,330.9781799316406,323.2301940917969,327.3332824707031,11170976.0,326.25,-0.018850556004549768,0.003320406040469459,-0.022170962045019227,0.0004915515580016832
2025-02-25,320.1000061035156,321.5,315.75,318.70001220703125,10686112.0,324.76348876953125,328.30810546875,320.7032165527344,324.1952209472656,10131445.0,320.1000061035156,-0.004373614088690858,0.012793548158901435,-0.017167162247592294,0.0002947114596351581
2025-02-27,315.3500061035156,319.29998779296875,314.5,315.70001220703125,7302366.0,320.537109375,328.6683654785156,318.9582214355469,326.68365478515625,9406994.0,318.70001220703125,-0.009413240932200417,0.02505065036815468,-0.0344638913003551,0.001187759803562692
2025-02-28,314.0,315.6499938964844,306.54998779296875,311.45001220703125,21127180.0,316.605712890625,321.7632751464844,313.8997802734375,318.9308166503906,8826909.0,315.70001220703125,-0.013462147087954235,0.010233779912687035,-0.02369592700064127,0.00056149695641972
2025-03-03,311.29998779296875,317.79998779296875,307.70001220703125,314.3999938964844,9779703.0,311.8260498046875,318.81243896484375,309.0901184082031,315.924560546875,11283804.0,311.45001220703125,0.00947176617059231,0.014366826663886556,-0.004895060493294245,2.39616172330101e-05
2025-03-04,311.29998779296875,314.8999938964844,308.0,313.75,8734999.0,316.54791259765625,320.4565734863281,313.0899353027344,316.9631042480469,9161126.0,314.3999938964844,-0.002067410652362711,0.008152386772648512,-0.010219797425011223,0.00010444425940826603
2025-03-05,313.54998779296875,327.29998779296875,313.5,326.20001220703125,10493615.0,311.035400390625,317.18798828125,308.7001037597656,314.67315673828125,8872605.0,313.75,0.03968131380727091,0.00294233223356577,0.03673898157370514,0.001349752767073046
2025-03-06,329.0,338.79998779296875,323.20001220703125,337.8999938964844,26294903.0,326.89923095703125,339.3860168457031,325.4736328125,335.7475280761719,17262574.0,326.20001220703125,0.03586750843536879,0.029268901017333704,0.006598607418035085,4.3541619857347656e-05
2025-03-07,335.8500061035156,338.75,328.70001220703125,329.54998779296875,8992315.0,340.31854248046875,346.83331298828125,335.9432373046875,340.07733154296875,24238400.0,337.8999938964844,-0.024711471602078983,0.006443733902970816,-0.0311552055050498,0.0009706468300618853
2025-03-10,329.45001220703125,334.95001220703125,326.29998779296875,329.3999938964844,11383132.0,331.3102722167969,346.19586181640625,331.0297546386719,341.9289245605469,13990235.0,329.54998779296875,-0.0004551476317413705,0.03756315347022521,-0.03801830110196658,0.001445391218679793
2025-03-11,327.0,333.25,323.70001220703125,330.29998779296875,10299324.0,328.19537353515625,348.3941955566406,326.70196533203125,333.2536315917969,12171544.0,329.3999938964844,0.0027322219585930174,0.011698961040429001,-0.008966739081835984,8.040240976172482e-05
2025-03-12,331.0,334.79998779296875,326.3999938964844,330.1499938964844,6984859.0,329.85015869140625,334.93487548828125,327.1509704589844,331.92333984375,13055396.0,330.29998779296875,-0.00045411414480101,0.004914780837953714,-0.005368894982754724,2.8825033335848848e-05
2025-03-13,332.0,334.54998779296875,328.45001220703125,331.8999938964844,8965150.0,329.5669250488281,332.7371826171875,326.8063049316406,330.6408386230469,6346750.0,330.1499938964844,0.005300621027873431,0.001486732502307353,0.003813888525566078,1.4545745685444594e-05
2025-03-17,332.95001220703125,334.5,330.5,331.6499938964844,4353561.0,328.5749816894531,350.3438720703125,323.68536376953125,332.0098571777344,12783930.0,331.8999938964844,-0.0007532389412395757,0.0003310132065994509,-0.0010842521478390266,1.1756027200935422e-06
2025-03-18,331.6499938964844,331.6499938964844,331.6499938964844,331.6499938964844,0.0,331.0677490234375,334.5107116699219,328.0968017578125,331.9273986816406,7126619.0,331.6499938964844,0.0,0.0008364383846266588,-0.0008364383846266588,6.996291712768543e-07
2025-03-19,339.0,343.8999938964844,336.3500061035156,341.29998779296875,30582397.0,338.5983581542969,351.355224609375,333.63214111328125,347.0423278808594,17641914.0,331.6499938964844,0.02909692167670097,0.04641138027332303,-0.017314458596622062,0.00029979047649413964
2025-03-20,344.70001220703125,344.70001220703125,340.29998779296875,341.75,15002119.0,347.1141662597656,350.28240966796875,341.43975830078125,345.8980407714844,10906286.0,341.29998779296875,0.001318523947045236,0.013472174459334463,-0.012153650512289227,0.0001477112207748682
2025-03-21,342.0,353.8500061035156,341.75,351.29998779296875,36406837.0,341.78216552734375,345.8773193359375,338.9328918457031,343.2232360839844,8544388.0,341.75,0.02794436808476597,0.0043108590606710795,0.02363350902409489,0.0005585427487919746
2025-03-24,357.0,368.0,353.6499938964844,366.95001220703125,24588471.0,344.4365234375,354.61767578125,341.71484375,350.5738830566406,16362240.0,351.29998779296875,0.04454888971782567,-0.0020669079463675466,0.046615797664193215,0.0021730325918690014
2025-03-25,369.0,371.45001220703125,364.1499938964844,366.95001220703125,23189083.0,360.5552673339844,364.50128173828125,356.0799865722656,360.64288330078125,14702578.0,366.95001220703125,0.0,-0.017187978461468356,0.017187978461468356,0.0002954266035919001
2025-03-26,366.95001220703125,369.0,353.29998779296875,354.6499938964844,18668095.0,367.306884765625,369.8353271484375,361.8296813964844,365.5843505859375,18056104.0,366.95001220703125,-0.03351960185685254,-0.0037216557450970855,-0.029797946111755458,0.0008879175924790822
2025-03-27,353.8999938964844,364.45001220703125,351.0,360.6499938964844,37930538.0,356.9750671386719,357.4227600097656,351.1595153808594,352.57086181640625,12451889.0,354.6499938964844,0.016918088547186905,-0.005862490105343121,0.022780578652530026,0.0005189547637441068
2025-03-28,362.0,364.29998779296875,356.45001220703125,357.6000061035156,11327077.0,355.4916076660156,360.27667236328125,351.1864318847656,355.8975830078125,16774208.0,360.6499938964844,-0.008456919020062958,-0.013177349144877337,0.004720430124814379,2.228246056325509e-05
2025-04-01,352.3500061035156,362.8999938964844,350.8500061035156,352.1499938964844,18736320.0,360.833251953125,366.56396484375,357.6252136230469,363.40277099609375,15917878.0,357.6000061035156,-0.015240526045890546,0.01622697089915137,-0.03146749694504192,0.0009902033639862225
2025-04-02,352.1499938964844,353.45001220703125,347.04998779296875,351.75,13593404.0,354.2469482421875,355.79205322265625,350.56329345703125,352.6160583496094,11014779.0,352.1499938964844,-0.0011358622843025135,0.0013234827806414273,-0.002459345064943941,6.048378148464116e-06
2025-04-03,351.75,361.3500061035156,351.75,358.8999938964844,10317410.0,355.94525146484375,360.288330078125,352.31378173828125,357.7560119628906,17312600.0,351.75,0.020326919392990472,0.017074660875310954,0.0032522585176795182,1.0577185465818978e-05
2025-04-04,358.8500061035156,358.8500061035156,348.54998779296875,350.3999938964844,10872963.0,358.8190612792969,363.5254821777344,355.3971252441406,360.44500732421875,15405656.0,358.8999938964844,-0.023683477694490085,0.004304857770992321,-0.027988335465482406,0.0007833469221283803
2025-04-07,328.0,351.3999938964844,324.0,349.79998779296875,18025165.0,351.1812438964844,356.47833251953125,349.54815673828125,354.53179931640625,10318103.0,350.3999938964844,-0.0017123462156590774,0.011791682339876042,-0.01350402855553512,0.00018235878722870793
2025-04-08,356.8500061035156,358.25,350.0,352.95001220703125,17506712.0,351.36138916015625,361.0265808105469,347.82806396484375,357.8879699707031,12804791.0,349.79998779296875,0.009005215906201958,0.023121733733510785,-0.014116517827308828,0.00019927607556872795
2025-04-09,354.0,354.79998779296875,348.20001220703125,349.3500061035156,7462119.0,358.26629638671875,366.6887512207031,355.3509521484375,364.01495361328125,13469233.0,352.95001220703125,-0.010199761946470653,0.031349882486360725,-0.04154964443283138,0.0017263729524947156
2025-04-11,351.0,361.5,351.0,360.1000061035156,11246077.0,347.8988952636719,357.0552062988281,345.9269714355469,354.59356689453125,15351375.0,349.3500061035156,0.030771432123045894,0.015009476740818872,0.015761955382227022,0.0002484392374713154
2025-04-15,367.0,368.45001220703125,361.54998779296875,362.5,17497327.0,359.79046630859375,368.6726989746094,357.44403076171875,365.11639404296875,13974230.0,360.1000061035156,0.006664798266608374,0.013930541111990768,-0.007265742845382395,5.279101909522546e-05
2025-04-16,362.5,363.0,357.8999938964844,359.29998779296875,11541484.0,366.2895812988281,372.36187744140625,362.58392333984375,369.10784912109375,16920852.0,362.5,-0.00882761988146552,0.018228549299569075,-0.027056169181034595,0.0007320362907527662
2025-04-17,359.25,365.45001220703125,357.25,364.0,12288196.0,362.1551513671875,370.5309143066406,358.2318420410156,365.26947021484375,17240614.0,359.29998779296875,0.013081025234377153,0.01661420157162552,-0.003533176337248367,1.2483335030091788e-05
2025-04-21,365.79998779296875,368.20001220703125,361.79998779296875,364.54998779296875,7375594.0,363.4012451171875,368.068603515625,359.5301208496094,364.9853515625,16240154.0,364.0,0.0015109554751888687,0.002707009787087822,-0.001196054311898953,1.4305459170120782e-06
2025-04-22,367.04998779296875,367.04998779296875,359.70001220703125,360.25,12077119.0,367.7449951171875,371.20819091796875,364.6813659667969,367.56103515625,9223150.0,364.54998779296875,-0.011795331057343872,0.008259628210415038,-0.02005495926775891,0.00040220139123146897
2025-04-23,362.95001220703125,364.25,357.8999938964844,363.79998779296875,9719205.0,363.1335754394531,368.24285888671875,361.210205078125,365.2628479003906,8906370.0,360.25,0.009854233984646132,0.013914914366108588,-0.004060680381462456,1.6489125160394077e-05
2025-04-24,363.75,366.45001220703125,361.6000061035156,363.20001220703125,7491123.0,362.2893981933594,364.6044921875,358.5818176269531,361.2998046875,9827340.0,363.79998779296875,-0.0016491907808390271,-0.006872411185707805,0.005223220404868778,2.728203139783756e-05
2025-04-25,363.20001220703125,365.79998779296875,351.1000061035156,356.45001220703125,9785640.0,364.6771240234375,370.6448974609375,362.2044677734375,367.5390319824219,14767656.0,363.20001220703125,-0.018584801137485507,0.011946639949222515,-0.030531441086708022,0.0009321688948311228
2025-04-28,353.70001220703125,362.8999938964844,353.70001220703125,361.5,5315840.0,357.36962890625,367.3699645996094,355.7807312011719,364.634033203125,15011774.0,356.45001220703125,0.0141674501894411,0.022959800016335352,-0.008792349826894252,7.73054154784874e-05
2025-04-29,364.0,364.3500061035156,354.1000061035156,356.95001220703125,9472828.0,361.5140686035156,363.2123718261719,356.80084228515625,358.9109191894531,7632728.5,361.5,-0.012586411598807024,-0.007162049268456094,-0.005424362330350929,2.9423706690930163e-05
2025-04-30,357.0,361.0,352.0,354.54998779296875,16739088.0,357.307861328125,359.4713134765625,352.974365234375,355.7035217285156,9101322.0,356.95001220703125,-0.006723698926981658,-0.0034920589323097495,-0.0032316399946719088,1.0443497055163054e-05
2025-05-02,354.54998779296875,358.0,347.6000061035156,348.70001220703125,8221620.0,352.2974548339844,364.6690979003906,349.6828308105469,362.24981689453125,19753652.0,354.54998779296875,-0.01649972017303647,0.021717189018939154,-0.03821690919197562,0.0014605321481877109
2025-05-05,351.0,352.0,345.54998779296875,348.6000061035156,9492646.0,353.9429016113281,363.2060852050781,352.2315368652344,359.5542297363281,12729207.0,348.70001220703125,-0.0002867969601797471,0.031127666043362368,-0.031414463003542115,0.0009868684858009163
2025-05-06,349.0,349.5,340.0,341.79998779296875,8904223.0,349.5973815917969,352.3406677246094,347.5007629394531,349.4635009765625,9751766.0,348.6000061035156,-0.019506650004267767,0.0024770363107522453,-0.021983686315020012,0.00048328246399719817
2025-05-07,338.0,343.70001220703125,337.0,342.04998779296875,8465490.0,341.109619140625,343.84564208984375,338.0588073730469,341.1112060546875,6001644.0,341.79998779296875,0.0007314219102647623,-0.0020151602190765505,0.002746582129341313,7.54371339321706e-06
2025-05-08,341.04998779296875,343.1000061035156,338.3999938964844,340.0,14286109.0,339.02593994140625,343.2312927246094,335.8917541503906,342.2984619140625,8406444.0,342.04998779296875,-0.005993240362895502,0.0007264263410649008,-0.006719666703960403,4.515392061231407e-05
2025-05-09,334.20001220703125,338.75,330.6000061035156,334.75,11322011.0,338.82281494140625,342.7030029296875,335.5990905761719,342.15850830078125,8947450.0,340.0,-0.01544117647058818,0.006348553825827219,-0.0217897302964154,0.0004747923463905231
2025-05-12,340.3999938964844,349.20001220703125,338.1000061035156,348.54998779296875,7978210.0,332.78192138671875,334.7731018066406,329.01983642578125,331.61260986328125,8715042.0,334.75,0.041224758156740204,-0.009372337973767686,0.05059709613050789,0.0025600661368398565
2025-05-13,348.6000061035156,349.79998779296875,340.5,341.5,14738980.0,348.5134582519531,352.015625,345.05999755859375,348.4640808105469,9023309.0,348.54998779296875,-0.02022661896392408,-0.0002464696182198356,-0.019980149345704246,0.0003992063678766458
2025-05-14,342.45001220703125,343.8500061035156,337.75,338.54998779296875,22485535.0,343.3305969238281,347.2354736328125,341.1162414550781,345.0906066894531,9687574.0,341.5,-0.008638395921028552,0.01051422163822302,-0.019152617559251572,0.00036682275937095164
2025-05-15,339.5,343.75,332.6499938964844,341.95001220703125,43307763.0,342.7249755859375,346.7549133300781,340.6175537109375,344.44476318359375,8873624.0,338.54998779296875,0.010042902190685377,0.017411831644282394,-0.007368929453597017,5.4301121292089634e-05
2025-05-16,343.0,347.6000061035156,342.0,343.1000061035156,6920351.0,342.9937438964844,344.4915771484375,338.1008605957031,339.6099548339844,12496007.0,341.95001220703125,0.003363046806350578,-0.006843273254893423,0.010206320061244,0.00010416896919255174
2025-05-19,343.1000061035156,347.70001220703125,342.3999938964844,345.1499938964844,6218209.0,345.1593017578125,350.64306640625,343.14141845703125,348.0623779296875,11561178.0,343.1000061035156,0.00597489873652246,0.014463339370138995,-0.008488440633616534,7.205362439043227e-05
2025-05-20,346.8999938964844,349.70001220703125,341.54998779296875,342.6000061035156,9986143.0,345.6308898925781,347.7646179199219,342.3603820800781,345.04595947265625,8581304.0,345.1499938964844,-0.007388056897180584,-0.0003014180085987306,-0.007086638888581853,5.0220450737160646e-05
2025-05-21,342.54998779296875,347.3999938964844,339.8500061035156,346.1499938964844,5930972.0,344.6086730957031,346.59375,342.84393310546875,344.2676696777344,9520136.0,342.6000061035156,0.010361902305092485,0.004867669423551879,0.005494232881540606,3.0186594956601992e-05
2025-05-22,346.1499938964844,347.0,338.25,341.3999938964844,8717514.0,345.2568054199219,347.4571533203125,342.254150390625,344.8961181640625,8305589.5,346.1499938964844,-0.013722374935012938,-0.003622347983622487,-0.01010002695139045,0.00010201054441881348
2025-05-23,342.0,344.95001220703125,340.1499938964844,344.6000061035156,4045937.0,342.7044982910156,345.634033203125,340.6449279785156,343.4039306640625,7338920.0,341.3999938964844,0.009373205226247183,0.005869762165800596,0.003503443060446587,1.2274113277791349e-05
2025-05-26,351.0,351.20001220703125,342.54998779296875,343.5,16655082.0,343.96759033203125,345.93157958984375,341.1762390136719,343.16265869140625,6409263.0,344.6000061035156,-0.0031921244458282816,-0.004171060321100484,0.0009789358752722022,9.583154478949526e-07
2025-05-27,344.0,344.5,336.79998779296875,338.54998779296875,24937330.0,340.0653076171875,345.0036315917969,327.2450256347656,343.3135986328125,13200620.0,343.5,-0.014410515886553843,-0.0005426531795851286,-0.013867862706968714,0.00019231761605933363
2025-05-28,338.6000061035156,340.70001220703125,337.1000061035156,340.04998779296875,10985957.0,334.92193603515625,340.97821044921875,327.25860595703125,338.7811584472656,14501741.0,338.54998779296875,0.004430660328120561,0.0006828257646791513,0.00374783456344141,1.4046263914926065e-05
2025-05-29,341.0,342.25,338.04998779296875,339.3500061035156,15884093.0,343.04998779296875,348.3362121582031,341.864990234375,346.2397155761719,7948323.5,340.04998779296875,-0.002058467033027145,0.01820240554448005,-0.020260872577507194,0.000410502957601983
2025-05-30,337.5,340.75,332.8500061035156,333.8999938964844,19143010.0,342.72430419921875,344.876708984375,340.6748046875,342.3719482421875,10098865.0,339.3500061035156,-0.016060150608539492,0.008905089389478427,-0.02496523999801792,0.0006232632081586338
2025-06-02,333.8999938964844,334.79998779296875,330.29998779296875,332.54998779296875,29479727.0,333.5086669921875,337.503173828125,330.5438232421875,335.5267028808594,7898288.0,333.8999938964844,-0.004043145038014395,0.0048718449059910185,-0.008914989944005414,7.947704570171765e-05
2025-06-03,333.0,334.75,327.0,328.25,14081719.0,332.9056701660156,335.251708984375,328.0336608886719,330.4554443359375,10475577.0,332.54998779296875,-0.012930350175341832,-0.006298431916753611,-0.006631918258588221,4.398233978859582e-05
2025-06-04,329.0,329.95001220703125,324.8500061035156,329.25,15654279.0,330.8097229003906,334.1963806152344,327.9571228027344,331.1518859863281,7560743.0,328.25,0.0030464584920031346,0.008840475205873943,-0.005794016713870809,3.357062968061428e-05
2025-06-05,329.20001220703125,331.6000061035156,327.6000061035156,328.6499938964844,16270360.0,328.74609375,332.0247802734375,325.4991760253906,328.88739013671875,10923584.0,329.25,-0.0018223420000474944,-0.0011013207692672777,-0.0007210212307802166,5.198716152358184e-07
2025-06-06,329.6499938964844,333.5,329.04998779296875,332.8500061035156,11402511.0,328.3076477050781,330.6087951660156,323.73431396484375,326.28839111328125,10743078.0,328.6499938964844,0.012779590095943094,-0.007185768529017422,0.019965358624960516,0.0003986155450232853
2025-06-09,333.8999938964844,337.54998779296875,332.75,337.1000061035156,19416373.0,334.6719665527344,338.7275390625,328.9655456542969,331.7488098144531,9251924.0,332.8500061035156,0.012768514111663354,-0.0033083859662602633,0.016076900077923617,0.0002584667161155404
2025-06-10,338.79998779296875,340.8999938964844,336.79998779296875,339.20001220703125,12061248.0,337.84307861328125,340.6337890625,334.21087646484375,337.3755187988281,11873385.0,337.1000061035156,0.006229623451477373,0.0008173025521331923,0.005412320899344181,2.92932175174778e-05
2025-06-11,341.0,342.6000061035156,337.45001220703125,338.1000061035156,10807496.0,341.7035217285156,343.9685363769531,338.0164489746094,340.7775573730469,16965466.0,339.20001220703125,-0.003242942405450866,0.0046507815720617796,-0.007893723977512646,6.231087823315806e-05
2025-06-12,338.1499938964844,341.6499938964844,332.6499938964844,333.70001220703125,11881618.0,339.6870422363281,341.6817932128906,337.4729919433594,339.0279541015625,10254126.0,338.1000061035156,-0.013013882925329567,0.002744596217968631,-0.0157584791432982,0.00024832966490976433
2025-06-13,326.79998779296875,332.8999938964844,326.6000061035156,331.95001220703125,11711773.0,334.2488708496094,337.70068359375,331.4535827636719,336.6012878417969,9062517.0,333.70001220703125,-0.0052442311536814445,0.008694262896717042,-0.013938494050398487,0.000194281616392994
2025-06-16,332.0,334.6499938964844,330.6000061035156,333.70001220703125,8065112.0,329.48779296875,333.3838806152344,325.3133544921875,330.02947998046875,17334044.0,331.95001220703125,0.005271878101057448,-0.005785606735765669,0.011057484836823117,0.00012226797091657315
2025-06-17,334.0,336.8999938964844,333.1000061035156,335.20001220703125,6796992.0,331.28387451171875,332.7768249511719,325.637451171875,328.07513427734375,11246106.0,333.70001220703125,0.004495055274584159,-0.016856091471155743,0.021351146745739902,0.0004558714673581196
2025-06-18,335.20001220703125,335.8999938964844,330.75,332.3999938964844,17835507.0,336.5074768066406,338.2239990234375,334.8240661621094,335.79327392578125,8240137.0,335.20001220703125,-0.008353276278574517,0.001769873798165511,-0.010123150076740028,0.00010247816747620164
2025-06-19,332.3999938964844,333.1499938964844,328.54998779296875,330.04998779296875,11610604.0,331.0826721191406,333.9201354980469,328.2371520996094,331.32275390625,8963323.0,332.3999938964844,-0.007069813918972101,-0.0032407942539549595,-0.0038290196650171415,1.4661391595087983e-05
2025-06-20,330.0,336.0,329.70001220703125,335.20001220703125,16592862.0,332.9085388183594,336.15472412109375,331.04644775390625,333.963623046875,10604530.0,330.04998779296875,0.015603770957546503,0.011857704586134332,0.003746066371412171,1.403301325902515e-05
2025-06-23,333.70001220703125,335.70001220703125,330.3500061035156,332.6000061035156,8277787.0,334.4681701660156,336.3045654296875,329.4225769042969,332.5686340332031,14592308.0,335.20001220703125,-0.007756581171929566,-0.007850173263725613,9.359209179604644e-05,8.759479646759584e-09
2025-06-24,331.0,331.70001220703125,321.3500061035156,329.95001220703125,100814893.0,331.7545471191406,333.9586181640625,329.29290771484375,331.6224670410156,5482337.5,332.6000061035156,-0.007967510065708172,-0.00293908311654012,-0.005028426949168052,2.5285077583119524e-05
2025-06-25,331.5,333.70001220703125,329.3999938964844,330.8500061035156,17963666.0,327.623779296875,332.21270751953125,324.2523193359375,328.0127258300781,65415176.0,329.95001220703125,0.0027276674138132506,-0.005871454175723878,0.008599121589537129,7.394489211164356e-05
2025-06-26,332.3999938964844,337.79998779296875,331.29998779296875,337.1499938964844,13754087.0,332.43048095703125,335.1792907714844,326.86102294921875,328.3689880371094,9273266.0,330.8500061035156,0.019041824623686532,-0.007498921023534777,0.02654074564722131,0.0007044111795104968
2025-06-27,338.95001220703125,341.29998779296875,334.45001220703125,338.29998779296875,50845169.0,337.8350524902344,342.66400146484375,335.56951904296875,340.1968994140625,12945631.0,337.1499938964844,0.003410926641859824,0.00903724031658637,-0.005626313674726546,3.165540556641493e-05
2025-06-30,335.75,337.25,333.6499938964844,334.8999938964844,11858890.0,338.1187744140625,340.8135681152344,336.32794189453125,338.4226989746094,11691304.0,338.29998779296875,-0.01005023357720336,0.00036272889763067084,-0.010412962474834031,0.00010842978750230167
2025-07-01,335.25,335.25,332.1499938964844,332.6000061035156,8903292.0,335.7969055175781,339.4978942871094,333.7766418457031,337.54107666015625,9992402.0,334.8999938964844,-0.006867685383355582,0.007886183373560174,-0.014753868756915756,0.00021767664329629488
2025-07-02,332.6499938964844,335.6499938964844,331.29998779296875,333.75,11326880.0,332.1794128417969,335.265869140625,328.50921630859375,333.95135498046875,9956004.0,332.6000061035156,0.0034575883204477353,0.004062985123736151,-0.000605396803288416,3.665052894318331e-07
2025-07-03,334.6000061035156,336.3500061035156,331.0,334.6000061035156,15786429.0,333.6621398925781,336.03314208984375,330.74285888671875,333.82269287109375,9022348.0,333.75,0.0025468347670880576,0.00021780635533708015,0.0023290284117509774,5.42437334274328e-06
2025-07-04,335.70001220703125,336.0,332.25,335.5,5899185.0,334.3118896484375,336.3472900390625,331.6757507324219,333.9189758300781,4746380.0,334.6000061035156,0.0026897605501117194,-0.002035356428615298,0.0047251169787270175,2.232673046265434e-05
2025-07-07,335.5,339.0,333.75,337.45001220703125,9454556.0,336.2640075683594,339.6800842285156,334.3188171386719,337.8610534667969,8739332.0,335.5,0.00581225695091292,0.007037417188664241,-0.0012251602377513215,1.5010176081668746e-06
2025-07-08,338.20001220703125,343.8999938964844,337.0,343.20001220703125,12092302.0,337.22216796875,340.1686096191406,335.0403747558594,338.28619384765625,8990380.0,337.45001220703125,0.017039560800111264,0.0024779422444116683,0.014561618555699596,0.00021204073496169478
2025-07-09,343.25,345.6000061035156,342.79998779296875,344.0,9079872.0,343.4442138671875,346.5884704589844,340.85955810546875,344.25091552734375,9675354.0,343.20001220703125,0.0023309666798210227,0.003062072502720614,-0.0007311058228995915,5.345157242776888e-07
2025-07-10,344.0,345.0,341.20001220703125,341.45001220703125,6426072.0,343.9809875488281,345.30975341796875,338.8684387207031,341.2262878417969,10103372.0,344.0,-0.0074127552121184825,-0.008063116738962539,0.0006503615268440566,4.229701155989325e-07
2025-07-11,340.5,344.0,339.5,342.70001220703125,17234194.0,343.6389465332031,347.7084655761719,341.7983703613281,345.06097412109375,6793586.5,341.45001220703125,0.0036608579742620773,0.010575374974281848,-0.006914517000019771,4.7810545343562414e-05
2025-07-14,343.04998779296875,345.0,339.95001220703125,342.1000061035156,11516965.0,344.5835266113281,346.0617370605469,339.8392639160156,341.84185791015625,17667724.0,342.70001220703125,-0.0017508201988424288,-0.0025040976548217353,0.0007532774559793065,5.674269256866561e-07
2025-07-15,343.1499938964844,344.1000061035156,340.95001220703125,342.0,8450777.0,343.740478515625,346.9289245605469,340.6800231933594,344.2614440917969,16339476.0,342.1000061035156,-0.0002923300255228689,0.0063181465937396375,-0.006610476619262506,4.3698401133816255e-05
2025-07-16,342.0,343.79998779296875,340.79998779296875,342.45001220703125,6001484.0,343.6392517089844,347.3072204589844,341.4985046386719,344.9700012207031,11223448.0,342.0,0.001315825166757989,0.008684214095623144,-0.007368388928865155,5.429315540702259e-05
2025-07-17,344.20001220703125,344.5,342.0,342.6499938964844,7562006.0,343.55462646484375,346.3679504394531,341.43072509765625,344.1453857421875,6899893.5,342.45001220703125,0.0005839733751629161,0.004950718279230992,-0.004366744904068076,1.906846105720451e-05
2025-07-18,343.0,343.8999938964844,340.6499938964844,342.1000061035156,6370338.0,344.69647216796875,348.2038879394531,342.7319030761719,346.2747497558594,8738156.0,342.6499938964844,-0.001605100839823459,0.010578596013254504,-0.012183696853077963,0.00014844246900770186
2025-07-21,342.1000061035156,342.79998779296875,339.29998779296875,341.54998779296875,4463318.0,341.98968505859375,344.48651123046875,339.6813049316406,342.3890380859375,7739370.5,342.1000061035156,-0.0016077705370763917,0.0008448757008627794,-0.002452646237939171,6.015473568477169e-06
2025-07-22,341.54998779296875,342.6000061035156,340.04998779296875,340.8500061035156,4728372.0,341.69525146484375,344.2890625,339.4334411621094,341.60443115234375,5837252.5,341.54998779296875,-0.002049426773446217,0.00015940085293753015,-0.002208827626383747,4.878919483076058e-06
2025-07-23,341.79998779296875,344.0,340.95001220703125,343.04998779296875,5058422.0,342.45391845703125,346.6691589355469,340.847900390625,344.79461669921875,6404844.5,340.8500061035156,0.0064543982692051305,0.011572863503206632,-0.005118465234001501,2.6198686351682044e-05
2025-07-24,343.6000061035156,343.6000061035156,336.5,338.8999938964844,9098453.0,343.2996520996094,345.3746337890625,340.6484680175781,342.43719482421875,5339495.0,343.04998779296875,-0.012097344539154786,-0.0017863080908191442,-0.010311036448335642,0.00010631747263890609
2025-07-25,338.8999938964844,339.8999938964844,332.54998779296875,333.20001220703125,7790739.0,340.2062072753906,343.6175842285156,338.58642578125,341.87200927734375,7634861.0,338.8999938964844,-0.016819066958124962,0.008769594081984966,-0.025588661040109928,0.0006547795738256396
2025-07-28,333.45001220703125,336.6000061035156,330.3500061035156,332.95001220703125,4605823.0,334.896484375,337.29473876953125,332.5081481933594,335.2863464355469,6646628.5,333.20001220703125,-0.0007503000925601633,0.006261507059067251,-0.007011807151627414,4.916543953161335e-05
2025-07-29,332.0,335.5,328.5,334.6000061035156,7551356.0,333.7691650390625,336.3731689453125,331.6698913574219,334.30426025390625,4310881.0,332.95001220703125,0.0049556805405923665,0.0040674215264269176,0.0008882590141654489,7.890040762461753e-07
2025-07-30,335.0,342.29998779296875,332.5,338.79998779296875,12537358.0,332.4864196777344,334.1932373046875,329.2364196777344,331.4224548339844,5952363.0,334.6000061035156,0.012552246302571124,-0.009496566681317375,0.0220488129838885,0.0004861501539984901
2025-07-31,336.04998779296875,340.1000061035156,333.0,334.25,8935384.0,340.1279296875,342.6127624511719,337.4954833984375,340.4029235839844,8049041.5,338.79998779296875,-0.013429716519792523,0.004731215610300321,-0.018160932130092844,0.0003298194558338386
2025-08-01,333.0,334.75,330.20001220703125,330.8999938964844,7107542.0,335.75457763671875,338.4627990722656,333.90350341796875,336.9161071777344,4705203.0,334.25,-0.010022456555020542,0.007976386470409436,-0.017998843025429978,0.00032395835025406935
2025-08-04,330.8999938964844,333.29998779296875,327.20001220703125,332.0,8193399.0,331.89068603515625,333.96905517578125,328.9564514160156,331.5209045410156,6159882.0,330.8999938964844,0.0033242856567103907,0.0018764299062679068,0.0014478557504424838,2.096286274089368e-06
2025-08-05,332.45001220703125,334.3500061035156,331.29998779296875,333.6000061035156,9855535.0,330.95751953125,333.19659423828125,327.828857421875,330.4611511230469,7813363.0,332.0,0.004819295492517028,-0.004635086978774461,0.00945438247129149,8.938534791346377e-05
2025-08-06,333.6000061035156,335.3999938964844,331.6000061035156,332.1000061035156,13872826.0,333.25592041015625,336.18212890625,331.58331298828125,334.8139953613281,4422785.0,333.6000061035156,-0.004496402795432064,0.003639056461635093,-0.008135459257067157,6.61856973233997e-05
2025-08-07,332.1000061035156,332.45001220703125,328.6499938964844,329.75,8731389.0,334.9279479980469,337.26141357421875,334.1988525390625,336.049072265625,7568035.5,332.1000061035156,-0.0070762001214270676,0.01189119569265662,-0.018967395814083687,0.0003597621039681194
2025-08-08,330.0,337.5,329.6499938964844,334.75,11247218.0,330.0538635253906,333.7155456542969,328.85308837890625,332.3782043457031,7145718.0,329.75,0.015163002274450443,0.007970293694323338,0.007192708580127105,5.1735056718634074e-05
2025-08-11,335.0,339.1000061035156,333.95001220703125,336.1499938964844,11993280.0,334.3258972167969,336.82684326171875,332.84619140625,335.5816955566406,4630495.0,334.75,0.0041822073083923605,0.0024845274283513685,0.001697679880040992,2.882116975095997e-06
2025-08-12,336.25,341.8500061035156,335.75,340.1000061035156,7221182.0,335.1236877441406,338.02471923828125,332.8800354003906,336.8263854980469,7111151.0,336.1499938964844,0.011750743057421076,0.002012171988230893,0.009738571069190183,9.483976646966803e-05
2025-08-13,340.29998779296875,343.0,339.1499938964844,339.95001220703125,5417151.0,339.6590576171875,342.30267333984375,337.87823486328125,340.10589599609375,5824682.0,340.1000061035156,-0.0004410287968025228,1.7318119589493364e-05,-0.0004583469163920162,2.100818957660699e-07
2025-08-14,339.95001220703125,340.45001220703125,336.29998779296875,339.3500061035156,5689423.0,341.2723693847656,344.2549743652344,339.7581481933594,342.3810119628906,5934655.5,339.95001220703125,-0.0017649833268728043,0.007151050650290536,-0.00891603397716334,7.949566188193112e-05
2025-08-18,341.45001220703125,341.79998779296875,335.45001220703125,336.04998779296875,6511340.0,338.69012451171875,341.3688049316406,336.97247314453125,339.75274658203125,4848860.0,339.3500061035156,-0.009724527040498199,0.0011867996795991154,-0.010911326720097314,0.0001190570507927096
2025-08-19,338.8999938964844,340.6499938964844,334.1499938964844,335.04998779296875,10316115.0,336.1174621582031,339.3086853027344,334.9142150878906,337.9869079589844,3726689.0,336.04998779296875,-0.002975747764692893,0.005763785854409509,-0.008739533619102402,7.637944787942113e-05
2025-08-20,337.79998779296875,343.3999938964844,336.5,342.0,10824544.0,336.11419677734375,338.4343566894531,334.5218811035156,336.60443115234375,4795803.0,335.04998779296875,0.02074320985000533,0.00463943714672066,0.01610377270328467,0.0002593314952790564
2025-08-21,342.3500061035156,344.3500061035156,336.8999938964844,338.79998779296875,11135121.0,342.3877868652344,344.5520324707031,339.8433532714844,341.7968444824219,5815617.5,342.0,-0.009356760839272615,-0.0005940219812226033,-0.008762738858050012,7.678559229437963e-05
2025-08-22,338.5,338.8999938964844,335.5,337.0,8534844.0,341.24957275390625,343.3786315917969,340.0621337890625,341.05078125,7096185.0,338.79998779296875,-0.005312833110456494,0.006643428388806827,-0.011956261499263321,0.0001429521890387664
2025-08-25,337.04998779296875,341.3999938964844,337.04998779296875,337.8500061035156,7142387.0,338.6144104003906,341.3984069824219,337.25506591796875,339.96868896484375,5907839.5,337.0,0.0025222733042007395,0.00880916606778559,-0.00628689276358485,3.952502062081556e-05
2025-08-26,336.1499938964844,337.3999938964844,331.75,333.20001220703125,13113388.0,339.0995178222656,342.1315002441406,337.5079650878906,340.5822448730469,7982218.5,337.8500061035156,-0.013763486199433794,0.008087135474829976,-0.02185062167426377,0.0004774496675518057
2025-08-28,331.25,332.8999938964844,328.70001220703125,330.79998779296875,10486948.0,331.98779296875,334.361083984375,329.37762451171875,331.5014953613281,6687017.0,333.20001220703125,-0.00720295416007144,-0.005097589386184542,-0.0021053647738868975,4.4325608311238265e-06
2025-08-29,331.0,331.5,327.0,327.54998779296875,11813425.0,330.82476806640625,333.083984375,328.3456726074219,330.3847351074219,6648047.0,330.79998779296875,-0.00982466783533864,-0.0012552983702247555,-0.008569369465113885,7.343409302962624e-05
2025-09-01,328.0,331.6000061035156,328.0,330.70001220703125,6897558.0,328.0771484375,330.2796325683594,326.708740234375,328.55328369140625,6110470.0,327.54998779296875,0.009616927282725118,0.0030630314023141203,0.006553895880410998,4.295355121126825e-05
2025-09-02,331.1000061035156,338.25,331.1000061035156,336.29998779296875,9224639.0,330.4229736328125,334.0289001464844,328.905029296875,333.1736145019531,7004619.0,330.70001220703125,0.016933702386535465,0.00747989780349112,0.009453804583044345,8.937442109439026e-05
2025-09-03,336.5,338.0,333.5,334.25,10778333.0,338.3054504394531,340.5450439453125,337.14410400390625,339.046630859375,7627767.0,336.29998779296875,-0.006095711767407974,0.008167241052940977,-0.01426295282034895,0.0002034318231555001
2025-09-04,333.5,334.8999938964844,329.29998779296875,330.04998779296875,7934237.0,337.2291564941406,340.5555114746094,335.9107360839844,339.1907653808594,7893246.0,334.25,-0.012565481546839896,0.014781646614388633,-0.02734712816122853,0.0007478654186666584
2025-09-05,330.04998779296875,331.79998779296875,325.95001220703125,328.70001220703125,5678244.0,331.51544189453125,335.04058837890625,330.63348388671875,333.88128662109375,6847038.5,330.04998779296875,-0.004090215530576868,0.011608238054316322,-0.01569845358489319,0.00024644144495704584
2025-09-08,328.75,330.95001220703125,326.3500061035156,326.70001220703125,5239184.0,329.1433410644531,331.6477355957031,327.4355163574219,329.50054931640625,10977155.0,328.70001220703125,-0.006084575374887158,0.002435464191193226,-0.008520039566080384,7.259107420757522e-05
2025-09-09,327.6000061035156,328.1499938964844,323.6499938964844,324.1000061035156,9735495.0,327.5357666015625,329.4833984375,326.58990478515625,328.1894226074219,5342170.5,326.70001220703125,-0.007958389979697889,0.004558954223260914,-0.012517344202958802,0.00015668390589534633
2025-09-10,325.5,328.04998779296875,325.1499938964844,325.6499938964844,6509477.0,325.334228515625,328.80181884765625,324.3876953125,327.1058044433594,7789230.0,324.1000061035156,0.00478243679043211,0.009274292759142044,-0.004491855968709935,2.0176770043635066e-05
2025-09-11,326.45001220703125,333.5,326.0,331.04998779296875,10309925.0,325.9828796386719,328.55303955078125,324.9523010253906,326.88702392578125,7151760.5,325.6499938964844,0.016582201743264635,0.003798649017294542,0.012783552725970093,0.0001634192202976574
2025-09-12,332.0,333.5,328.3999938964844,331.70001220703125,5257048.0,332.3216247558594,335.196533203125,331.157958984375,334.1129455566406,6527950.5,331.04998779296875,0.0019635234497243914,0.00925225155298115,-0.007288728103256759,5.312555736320486e-05
2025-09-15,331.0,333.79998779296875,330.6499938964844,331.1000061035156,6566824.0,333.9578552246094,336.1067199707031,333.5408935546875,335.35589599609375,5708486.5,331.70001220703125,-0.001808881764951864,0.011021657083270409,-0.012830538848222273,0.00016462272713574093
2025-09-16,331.20001220703125,335.79998779296875,331.20001220703125,335.04998779296875,8784889.0,331.10260009765625,333.34197998046875,330.4134216308594,332.3050842285156,4086154.0,331.1000061035156,0.011929875012500535,0.003639619760753554,0.00829025525174698,6.87283321391184e-05
2025-09-17,335.5,337.45001220703125,334.54998779296875,336.3999938964844,7936518.0,336.0731506347656,339.1690673828125,334.9148254394531,337.8520202636719,6953145.5,335.04998779296875,0.004029267729297237,0.008363028123536509,-0.004333760394239272,1.8781479154676933e-05
2025-09-18,337.0,337.6000061035156,334.1000061035156,336.95001220703125,6497322.0,337.305908203125,339.40625,336.4151306152344,338.0315856933594,7602339.5,336.3999938964844,0.001635012843419048,0.004850154062062906,-0.0032151412186438577,1.033713305582271e-05
2025-09-19,336.95001220703125,339.5,336.45001220703125,338.6499938964844,10646331.0,336.07794189453125,337.9442138671875,333.7071533203125,336.0959167480469,7795107.0,336.95001220703125,0.0050452044156883424,-0.0025347838790390487,0.007579988294727391,5.7456222548204264e-05
2025-09-22,339.1499938964844,340.3500061035156,336.8500061035156,339.20001220703125,6966213.0,339.7337951660156,342.452880859375,338.2979736328125,340.88360595703125,7715763.5,338.6499938964844,0.0016241497725082432,0.006595635909651287,-0.004971486137143044,2.4715674411805467e-05
2025-09-23,339.45001220703125,344.1000061035156,338.1000061035156,343.0,10738268.0,339.19708251953125,341.4457702636719,337.5532531738281,339.9107971191406,7098630.0,339.20001220703125,0.01120279379780631,0.002095474311703649,0.00910731948610266,8.294326822194523e-05
2025-09-24,343.29998779296875,350.3999938964844,342.25,347.6000061035156,14653575.0,344.05780029296875,347.59747314453125,342.37701416015625,345.5989074707031,6958141.5,343.0,0.013411096511707354,0.007576989710504689,0.005834106801202665,3.40368021678392e-05
2025-09-25,349.29998779296875,350.79998779296875,340.0,340.5,13228081.0,348.5746765136719,351.87371826171875,346.01788330078125,349.5660705566406,8414590.0,347.6000061035156,-0.020425793955254568,0.005656111676072495,-0.026081905631327063,0.0006802658013614504
2025-09-26,340.5,340.75,336.45001220703125,337.8999938964844,6337702.0,343.4441833496094,348.0679626464844,341.0682678222656,345.6262512207031,10824845.0,340.5,-0.007635847587417421,0.015055069664326348,-0.02269091725174377,0.000514877725725483
2025-09-29,339.1000061035156,343.75,338.0,340.95001220703125,16922231.0,340.2953796386719,344.0201416015625,339.09600830078125,341.7869873046875,8246849.0,337.8999938964844,0.009026393505888075,0.011503384073436651,-0.002476990567548576,6.135482271724616e-06
2025-09-30,341.1000061035156,343.04998779296875,339.1499938964844,340.45001220703125,8308029.0,343.0522155761719,349.94580078125,340.57452392578125,344.08056640625,11878797.0,340.95001220703125,-0.0014664906352793716,0.009181856832777724,-0.010648347468057096,0.00011338730380047796
2025-10-01,340.29998779296875,343.04998779296875,338.04998779296875,340.25,6022078.0,340.1874084472656,344.1332702636719,338.5896911621094,342.3930969238281,11832356.0,340.45001220703125,-0.0005874936109845352,0.005707400931491913,-0.006294894542476448,3.962569730089977e-05
2025-10-03,340.25,343.5,338.75,342.0,8506827.0,341.9636535644531,346.19964599609375,340.34014892578125,344.1558532714844,6311624.0,340.25,0.005143277002204183,0.011479363031548395,-0.006336086029344212,4.0145986171250905e-05
2025-10-06,340.6000061035156,341.79998779296875,335.6499938964844,339.1000061035156,8436245.0,342.392333984375,347.7303466796875,341.04718017578125,345.55584716796875,8357788.0,342.0,-0.008479514317205727,0.010397213941429007,-0.018876728258634734,0.0003563308697503391
2025-10-07,339.1000061035156,341.3999938964844,336.8500061035156,338.0,16130172.0,340.08465576171875,344.63726806640625,338.24090576171875,342.9067687988281,8526772.0,339.1000061035156,-0.00324389880187681,0.011226076752562486,-0.014469975554439296,0.0002093801925460708
2025-10-08,339.25,339.25,332.29998779296875,333.79998779296875,13223442.0,341.0301513671875,348.43841552734375,339.3085632324219,346.573974609375,10088244.0,338.0,-0.012426071618435675,0.02536678878513321,-0.037792860403568884,0.0014283002974836449
2025-10-09,333.79998779296875,336.3999938964844,331.20001220703125,335.8500061035156,6824759.0,331.230712890625,336.8664245605469,328.53204345703125,335.4453430175781,13536194.0,333.79998779296875,0.006141457116584315,0.004929165023306981,0.001212292093277334,1.4696521194227403e-06
2025-10-10,336.0,341.95001220703125,335.95001220703125,339.70001220703125,8970962.0,334.6360168457031,338.1797790527344,334.0575866699219,337.21026611328125,9723631.0,335.8500061035156,0.0114634689103712,0.0040502009380531945,0.007413267972318005,5.495654202939591e-05
2025-10-13,337.95001220703125,342.1000061035156,336.20001220703125,341.70001220703125,6663149.0,340.93609619140625,345.7803039550781,339.5008850097656,343.2483825683594,8290709.0,339.70001220703125,0.005887547624758627,0.01044559974630066,-0.004558052121542033,2.0775839142693832e-05
2025-10-14,342.0,343.0,335.20001220703125,336.6499938964844,7545848.0,341.3523864746094,345.6459655761719,339.64715576171875,343.1722106933594,7810293.0,341.70001220703125,-0.014779099005378882,0.004308453127698897,-0.01908755213307778,0.0003643346464329621
2025-10-15,336.95001220703125,341.75,336.75,339.25,8121744.0,338.703125,344.4676818847656,337.5032958984375,342.3336486816406,8274043.0,336.6499938964844,0.007723172881788587,0.016882979023323363,-0.009159806141534776,8.390204855049821e-05
2025-10-16,340.20001220703125,342.6000061035156,339.6499938964844,341.5,6788416.0,340.3089599609375,343.60101318359375,338.6917724609375,341.5216064453125,7128126.5,339.25,0.006632277081798144,0.006695965940493709,-6.368885869556529e-05,4.056270721943682e-09
2025-10-17,341.5,344.20001220703125,340.1499938964844,341.0,7032129.0,341.5635986328125,343.33282470703125,339.5270690917969,341.13671875,6735495.5,341.5,-0.0014641288433382416,-0.0010637811127379715,-0.00040034773060027007,1.602783053967864e-07
2025-10-20,341.3999938964844,344.45001220703125,340.29998779296875,341.95001220703125,6896835.0,342.5668029785156,344.66162109375,340.546875,342.3998718261719,6765499.0,341.0,0.0027859595514112545,0.004105195971178421,-0.0013192364197671669,1.7403847312400926e-06
2025-10-21,342.95001220703125,343.5,341.04998779296875,342.0,346988.0,342.72467041015625,344.6968688964844,340.74700927734375,342.55908203125,6544820.5,341.95001220703125,0.0001461845041212939,0.0017811662596169953,-0.0016349817554957013,2.673165340803805e-06
2025-10-23,343.79998779296875,345.20001220703125,341.04998779296875,342.6499938964844,8710859.0,342.8234558105469,344.73321533203125,340.894775390625,342.5927429199219,4173110.0,342.0,0.001900566948784821,0.0017331664325201945,0.00016740051626462638,2.802293284566344e-08
2025-10-24,342.45001220703125,343.25,338.1499938964844,339.6000061035156,7584711.0,343.4230651855469,346.3653564453125,341.9510192871094,344.5546569824219,4741378.0,342.6499938964844,-0.008901175681591211,0.0055586257693409635,-0.014459801450932175,0.00020908585800038024
2025-10-27,340.70001220703125,342.8999938964844,340.45001220703125,341.75,6752390.0,340.2681884765625,342.96173095703125,338.9378967285156,341.1350402832031,4551337.0,339.6000061035156,0.0063309595342853076,0.004520124122788127,0.0018108354114971803,3.2791248875321623e-06
2025-10-28,342.3999938964844,342.8999938964844,337.29998779296875,339.1499938964844,13186584.0,342.0580749511719,344.929443359375,340.60577392578125,342.8166809082031,5821362.5,341.75,-0.007607918371662414,0.0031212316260516015,-0.010729149997714016,0.00011511465967344667
2025-10-29,339.25,350.0,339.1499938964844,347.5,15423201.0,340.15625,343.4194641113281,338.63421630859375,341.73748779296875,7451234.0,339.1499938964844,0.024620392905164712,0.007629349677282127,0.016991043227882585,0.00028869554997177466
2025-10-30,349.0,349.0,343.45001220703125,345.1499938964844,6721032.0,347.7667236328125,349.5587158203125,345.52484130859375,347.0733947753906,7891069.0,347.5,-0.006762607492131312,-0.0012276409341277494,-0.005534966558003562,3.0635854798217805e-05
2025-10-31,345.0,345.0,335.6000061035156,336.95001220703125,18651312.0,345.9642333984375,348.1051025390625,343.9179992675781,346.00543212890625,4925829.0,345.1499938964844,-0.023757733838791317,0.00247845356381049,-0.026236187402601807,0.0006883375294244418
2025-11-03,336.8500061035156,337.5,333.3999938964844,335.20001220703125,10242245.0,338.5508117675781,342.5008850097656,337.28790283203125,339.4522705078125,11745125.0,336.95001220703125,-0.005193648721178112,0.007426200356519974,-0.012619849077698087,0.00015926059074387725
2025-11-04,335.3999938964844,336.0,329.70001220703125,330.6000061035156,11887651.0,336.9545593261719,341.6095275878906,335.85821533203125,338.1160583496094,4545317.5,335.20001220703125,-0.013723168066815283,0.008699421349594338,-0.022422589416409622,0.0005027725161368848
2025-11-06,332.04998779296875,332.95001220703125,324.6000061035156,326.6499938964844,11587302.0,331.42431640625,334.29058837890625,329.7319030761719,331.9223327636719,10156239.0,330.6000061035156,-0.011948010085016336,0.003999778087548478,-0.015947788172564814,0.00025433194759699816
2025-11-07,324.3999938964844,327.1000061035156,320.8500061035156,326.1000061035156,8578167.0,326.2860107421875,332.2367248535156,325.2000732421875,330.44293212890625,6601054.5,326.6499938964844,-0.0016837220365693017,0.01161162805233018,-0.013295350088899482,0.00017676633398639948
2025-11-10,326.1000061035156,328.25,324.0,325.45001220703125,5246998.0,324.32562255859375,330.8350830078125,323.39794921875,329.1533508300781,6456337.0,326.1000061035156,-0.001993234849183234,0.009363215790904489,-0.011356450640087723,0.00012896897114074885
2025-11-11,325.95001220703125,327.45001220703125,322.8500061035156,326.6499938964844,6103758.0,326.2173156738281,333.61676025390625,325.266845703125,332.32305908203125,6830509.0,325.45001220703125,0.0036871459346874413,0.021118594614240704,-0.017431448679553263,0.0003038554030678992
2025-11-12,327.5,328.25,325.54998779296875,327.1499938964844,6850550.0,326.9646911621094,330.45440673828125,325.3904113769531,328.3997802734375,9491836.0,326.6499938964844,0.0015306903699452423,0.005356762313326824,-0.0038260719433815815,1.4638826515931713e-05
2025-11-13,327.1499938964844,329.95001220703125,325.54998779296875,326.95001220703125,7276001.0,327.7104797363281,332.8039855957031,326.5220947265625,331.6174621582031,9541793.0,327.1499938964844,-0.0006112844052701405,0.013655718615517731,-0.014267003020787872,0.00020354737519517026
2025-11-14,327.0,329.8999938964844,326.20001220703125,328.45001220703125,9169855.0,327.3902893066406,330.3537292480469,325.89630126953125,328.4067687988281,8633960.0,326.95001220703125,0.004587857299268583,0.004455594241955296,0.00013226305731328658,1.749351632985773e-08
2025-11-17,329.0,331.45001220703125,328.54998779296875,330.20001220703125,6283156.0,329.0641784667969,331.966552734375,327.6960754394531,330.5947570800781,4987706.0,328.45001220703125,0.005328055822683142,0.0065298973765755,-0.0012018415538923577,1.444423120662397e-06
2025-11-18,329.04998779296875,329.75,327.1499938964844,328.45001220703125,6776200.0,332.01177978515625,334.2084655761719,330.97637939453125,332.8661804199219,5045186.5,330.20001220703125,-0.005299818096017428,0.008074403738116631,-0.013374221834134059,0.0001788698096686282
2025-11-19,328.95001220703125,328.95001220703125,325.04998779296875,326.6000061035156,6935056.0,328.9309997558594,330.8681640625,326.5968322753906,328.4593200683594,3703084.5,328.45001220703125,-0.005632534738191808,2.833874556906757e-05,-0.005660873483760875,3.204548859914699e-05
2025-11-20,328.0,330.0,326.20001220703125,326.6000061035156,5155775.0,327.03570556640625,331.0518798828125,324.3708801269531,330.256591796875,4595906.5,326.6000061035156,0.0,0.011195914344840574,-0.011195914344840574,0.00012534849801700693
2025-11-21,326.8500061035156,328.3999938964844,325.0,326.6499938964844,6142545.0,327.4399108886719,331.2574768066406,326.174560546875,329.95220947265625,8657870.0,326.6000061035156,0.00015305508889951192,0.01026394153856236,-0.010110886449662848,0.0001022300247979758
2025-11-24,326.70001220703125,327.1000061035156,322.04998779296875,323.45001220703125,13719726.0,326.9067687988281,329.04803466796875,325.511474609375,327.49591064453125,3803725.0,326.6499938964844,-0.009796362312093576,0.0025896732400214617,-0.012386035552115038,0.00015341387669825767
2025-11-25,323.45001220703125,325.6000061035156,322.5,323.70001220703125,8074651.0,325.5960388183594,329.3428649902344,323.8842468261719,327.2037658691406,9983723.0,323.45001220703125,0.0007729169595454,0.01160535946960084,-0.01083244251005544,0.00011734181073365621
2025-11-26,324.29998779296875,327.79998779296875,324.0,326.1000061035156,7101095.0,324.6750793457031,327.74664306640625,323.49554443359375,326.21990966796875,3930424.0,323.70001220703125,0.007414253339445009,0.007784669032776748,-0.0003704156933317382,1.372077858664323e-07
2025-11-27,327.1499938964844,328.75,325.0,327.3500061035156,6755179.0,327.3780517578125,330.3265686035156,325.9450378417969,328.87744140625,6102694.5,326.1000061035156,0.0038331799343886974,0.008517127417203119,-0.004683947482814421,2.1939364021763553e-05
2025-11-28,328.0,328.1499938964844,324.25,326.45001220703125,8930988.0,327.55413818359375,330.4590759277344,324.5834045410156,329.4147033691406,4252486.0,327.3500061035156,-0.0027493321512258584,0.006307307857425615,-0.009056640008651473,8.202272824630656e-05
2025-12-01,327.1000061035156,328.25,325.45001220703125,327.1000061035156,6936186.0,326.4949951171875,330.3631896972656,324.6252136230469,328.8957824707031,10564676.0,326.45001220703125,0.0019910977858139667,0.007492020745034633,-0.0055009229592206665,3.0260153403281057e-05
2025-12-02,327.45001220703125,329.95001220703125,326.75,328.6000061035156,5806943.0,327.26123046875,329.01434326171875,324.9948425292969,326.7081298828125,3542903.0,327.1000061035156,0.004585753506605839,-0.0011980318354964936,0.005783785342102332,3.3452172883517795e-05
2025-12-03,329.0,329.0,321.29998779296875,322.95001220703125,8546132.0,329.1129455566406,330.595947265625,327.15325927734375,328.7822570800781,5675392.5,328.6000061035156,-0.017194138136152448,0.0005546286463096184,-0.017748766782462067,0.00031501872229822885
2025-12-04,322.8999938964844,324.29998779296875,321.1000061035156,322.95001220703125,5965357.0,323.94708251953125,325.6916198730469,321.2412414550781,323.07867431640625,7139236.0,322.95001220703125,0.0,0.0003983963601541518,-0.0003983963601541518,1.5871965978407663e-07
2025-12-05,322.25,324.1499938964844,320.95001220703125,323.29998779296875,6574010.0,322.9821472167969,324.72576904296875,321.1287841796875,322.77423095703125,3702131.0,322.95001220703125,0.0010836834578384913,-0.0005442986324686316,0.001627982090307123,2.6503256863607493e-06
2025-12-08,323.20001220703125,323.20001220703125,317.8500061035156,319.5,7906928.0,323.28192138671875,326.20062255859375,321.98046875,324.52093505859375,6410534.0,323.29998779296875,-0.011753751736613527,0.0037765150378132883,-0.015530266774426815,0.00024118918608486548
2025-12-09,317.45001220703125,321.3999938964844,315.54998779296875,319.8500061035156,7152584.0,320.720703125,322.7999572753906,318.8612365722656,320.8687744140625,6801300.0,319.5,0.0010954807621772478,0.00428411397202666,-0.003188633209849412,1.0167381746954563e-05
2025-12-10,319.8500061035156,323.70001220703125,319.5,321.6000061035156,5484712.0,318.5857849121094,325.44024658203125,317.044677734375,323.87249755859375,5755747.0,319.8500061035156,0.005471314574349684,0.01257618064192334,-0.007104866067573656,5.047912183815955e-05
2025-12-11,321.6499938964844,323.45001220703125,319.1499938964844,322.6000061035156,6317942.0,322.56378173828125,326.32501220703125,321.5334167480469,325.1319885253906,3356772.5,321.6000061035156,0.0031094526773054465,0.01098253219789469,-0.007873079520589243,6.198538113752175e-05
2025-12-12,322.8999938964844,325.95001220703125,322.8999938964844,325.04998779296875,4261023.0,322.7501220703125,325.76165771484375,321.0509033203125,323.8988037109375,8388773.0,322.6000061035156,0.007594487424364749,0.00402603094497489,0.0035684564793898588,1.2733881645299466e-05
2025-12-15,323.04998779296875,325.29998779296875,321.54998779296875,323.95001220703125,10219819.0,325.2694091796875,328.1861572265625,324.512451171875,327.1466979980469,5204196.0,325.04998779296875,-0.003384019773100544,0.006450423884998058,-0.009834443658098602,9.67162820643158e-05
2025-12-16,322.04998779296875,323.79998779296875,319.04998779296875,321.0,5241263.0,323.61407470703125,325.2406005859375,322.0598449707031,323.6127014160156,5412921.0,323.95001220703125,-0.009106380910231082,-0.001041243334789721,-0.008065137575441361,6.504644411079615e-05
2025-12-17,320.0,322.3999938964844,319.54998779296875,321.25,5043027.0,321.10235595703125,323.4107666015625,320.17236328125,322.1795349121094,4084897.0,321.0,0.0007788161993769194,0.0036745635891257677,-0.0028957473897488484,8.38535294523727e-06
2025-12-18,322.0,322.1499938964844,317.0,318.5,5554193.0,319.9493103027344,321.5973205566406,318.5247802734375,319.9787902832031,5006866.0,321.25,-0.008560311284046662,-0.003957073048394988,-0.004603238235651674,2.1189802254165538e-05
2025-12-19,318.95001220703125,320.6000061035156,317.5,319.8999938964844,10833662.0,320.643310546875,323.591796875,319.4603271484375,322.1562805175781,5748124.5,318.5,0.004395585232290111,0.011479687653306536,-0.007084102421016425,5.018450711145077e-05
2025-12-22,319.95001220703125,323.6499938964844,319.5,320.70001220703125,8925871.0,321.30401611328125,323.8945617675781,319.82958984375,322.14569091796875,7112929.0,319.8999938964844,0.0025008387802776255,0.007019997075120354,-0.004519158294842729,2.0422791693845842e-05
2025-12-23,321.04998779296875,324.75,320.25,323.25,6024641.0,321.60614013671875,325.14715576171875,320.585205078125,323.6965026855469,8026890.0,320.70001220703125,0.00795131804149296,0.009343593278634543,-0.0013922752371415825,1.93843033595765e-06
2025-12-24,323.8999938964844,326.6499938964844,322.25,322.54998779296875,5678004.0,323.8387145996094,325.2342834472656,321.11456298828125,322.5013427734375,5897428.0,323.25,-0.0021655443372969874,-0.0023160316366975797,0.00015048729940059236,2.2646427280883524e-08
2025-12-26,322.54998779296875,325.75,322.29998779296875,324.1000061035156,4174183.0,323.8971252441406,325.4995422363281,322.6885986328125,324.0960998535156,4681068.0,322.54998779296875,0.00480551346832403,0.004793402942365743,1.2110525958286544e-05,1.4666483898633223e-10
2025-12-29,324.1000061035156,325.79998779296875,323.04998779296875,325.5,14043845.0,324.08978271484375,325.85113525390625,322.07586669921875,323.4389953613281,7528045.5,324.1000061035156,0.004319635514098863,-0.0020395270895995354,0.006359162603698398,4.043894902027619e-05
2025-12-30,325.0,325.54998779296875,323.3500061035156,324.8999938964844,8035909.0,324.5578918457031,326.9142150878906,323.02496337890625,325.4145812988281,5773073.5,325.5,-0.001843336723550304,-0.0002624230450748444,-0.0015809136784754596,2.499288058790809e-06
2025-12-31,324.75,330.6499938964844,324.70001220703125,329.54998779296875,8497983.0,324.99285888671875,326.6219482421875,323.3546447753906,324.8126525878906,5657939.0,324.8999938964844,0.014312077512583343,-0.0002688252084780407,0.014580902721061384,0.00021260272416105528
2026-01-01,329.79998779296875,336.8999938964844,329.6000061035156,336.29998779296875,10357315.0,329.6932373046875,331.8379211425781,328.25775146484375,329.8977355957031,7757380.0,329.54998779296875,0.020482476862479837,0.0010552201960718488,0.019427256666407988,0.0003774183015824936
2026-01-02,336.79998779296875,353.0,335.95001220703125,352.1000061035156,23128940.0,335.301513671875,337.2675476074219,332.89520263671875,334.8453063964844,6900541.5,336.29998779296875,0.046981917585657396,-0.004325546979739747,0.05130746456539714,0.0026324559201294836
2026-01-05,350.3500061035156,354.79998779296875,348.3999938964844,350.6000061035156,18248271.0,346.9845275878906,348.649169921875,341.94482421875,344.08404541015625,12601728.0,352.1000061035156,-0.004260153291673063,-0.022766147555824623,0.01850599426415156,0.0003424718237048104
2026-01-06,349.8999938964844,354.1000061035156,346.1499938964844,350.79998779296875,8641743.0,348.8858947753906,350.8209228515625,345.9565734863281,348.1081237792969,7498455.0,350.6000061035156,0.0005703984197709122,-0.007107479409121931,0.007677877828892843,5.8949807955404276e-05
2026-01-07,349.54998779296875,351.3500061035156,346.29998779296875,348.8500061035156,7165806.0,348.05938720703125,350.23931884765625,344.58660888671875,347.13677978515625,9137097.0,350.79998779296875,-0.00555867091592932,-0.01044244052247345,0.0048837696065441305,2.385120556980421e-05
2026-01-08,346.75,349.79998779296875,342.20001220703125,344.3999938964844,8805975.0,348.77484130859375,351.18963623046875,343.0548095703125,344.4565124511719,9479252.0,348.8500061035156,-0.012756233708394404,-0.012594219794968442,-0.00016201391342596239,2.6248508143595237e-08
2026-01-09,344.3999938964844,344.3999938964844,334.3999938964844,336.0,10161744.0,344.4143371582031,346.73980712890625,342.13323974609375,344.2083740234375,6536307.0,344.3999938964844,-0.024390226612515997,-0.0005563875622612846,-0.023833839050254713,0.0005680518838734464
2026-01-12,336.75,340.6499938964844,333.70001220703125,337.45001220703125,9406174.0,335.5679931640625,338.3048095703125,334.2581481933594,336.5911560058594,7202173.5,336.0,0.0043155125209264344,0.001759392874581378,0.0025561196463450564,6.533747646431176e-06
2026-01-13,337.45001220703125,339.25,335.04998779296875,337.8999938964844,5583379.0,337.0142517089844,338.5506286621094,335.2063293457031,336.61285400390625,5418752.0,337.45001220703125,0.0013334765837171858,-0.0024808361915583665,0.0038143127752755523,1.4548981947630285e-05
2026-01-14,338.8999938964844,350.5,337.45001220703125,349.1000061035156,20389924.0,337.25213623046875,340.1075439453125,335.8478698730469,338.4614562988281,6998533.0,337.8999938964844,0.03314593787907083,0.0016616230023245304,0.0314843148767463,0.0009912620832581084
2026-01-15,349.1000061035156,349.1000061035156,349.1000061035156,349.1000061035156,0.0,346.2662048339844,348.0884094238281,342.89495849609375,345.1390380859375,7669140.5,349.1000061035156,0.0,-0.011346227293973832,0.011346227293973832,0.00012873687380651674
2026-01-16,352.6499938964844,354.04998779296875,345.3999938964844,346.3500061035156,14275582.0,345.7001647949219,347.41534423828125,343.10601806640625,344.9525146484375,5013088.5,349.1000061035156,-0.007877398888341935,-0.011880525300960065,0.00400312641261813,1.60250210754009e-05
2026-01-19,343.5,347.95001220703125,342.04998779296875,343.3500061035156,9974363.0,347.32562255859375,349.02349853515625,344.810302734375,346.4770812988281,5865379.0,346.3500061035156,-0.008661758184301482,0.00036689820433988274,-0.009028656388641365,8.151663618415453e-05
2026-01-20,343.0,348.29998779296875,337.70001220703125,338.75,7718407.0,344.47894287109375,348.742431640625,343.8166198730469,347.19775390625,6508615.5,343.3500061035156,-0.013397425431030285,0.011206488231645162,-0.024603913662675447,0.0006053525675203875
2026-01-21,338.79998779296875,341.6000061035156,336.79998779296875,338.70001220703125,6948955.0,338.08154296875,340.7133483886719,334.940185546875,337.5774841308594,9287594.0,338.75,-0.00014756544049820963,-0.0034613014587177027,0.003313736018219493,1.098084639844518e-05
2026-01-22,338.70001220703125,343.20001220703125,337.1000061035156,342.45001220703125,5885972.0,339.3204650878906,344.9407958984375,338.3868713378906,343.2430114746094,6994794.0,338.70001220703125,0.011071744507962444,0.013413047250796062,-0.0023413027428336175,5.48169853360022e-06
2026-01-23,343.95001220703125,345.45001220703125,336.1000061035156,336.70001220703125,10084314.0,340.9866027832031,343.0400390625,338.9937744140625,340.235595703125,4846725.0,342.45001220703125,-0.0167907717770025,-0.006466393415011762,-0.010324378361990738,0.00010659278856154256
2026-01-27,340.5,346.5,337.04998779296875,344.70001220703125,12203590.0,337.1463928222656,339.81658935546875,335.8484191894531,338.0175476074219,6057501.0,336.70001220703125,0.023760022898606126,0.003913083910375592,0.019846938988230534,0.0003939009872025452
2026-01-28,344.70001220703125,353.25,344.70001220703125,348.04998779296875,13566973.0,343.0732116699219,344.79217529296875,340.2122802734375,341.9886779785156,6430933.0,344.70001220703125,0.009718524709321663,-0.007865779322593025,0.017584304031914688,0.00030920774828681113
2026-01-29,350.0,360.5,347.29998779296875,358.1499938964844,20624409.0,351.12451171875,352.4090576171875,346.6282043457031,347.9533386230469,7682862.0,348.04998779296875,0.029018837689267274,-0.0002776876118707472,0.02929652530113802,0.0008582863947202203
2026-01-30,359.0,359.3500061035156,351.1000061035156,356.0,22641103.0,356.8128662109375,359.0382080078125,351.3437805175781,353.79119873046875,11380845.0,358.1499938964844,-0.0060030543993413454,-0.012170306408759712,0.006167252009418367,3.803499734767489e-05
2026-02-02,344.95001220703125,352.75,337.75,350.3500061035156,12622760.0,354.565673828125,358.3147888183594,351.26507568359375,355.3337707519531,9842127.0,356.0,-0.015870769372147153,-0.0018714304720417463,-0.013999338900105407,0.00019598148964000445
2026-02-03,365.95001220703125,365.95001220703125,353.79998779296875,358.54998779296875,11559806.0,349.2411193847656,353.87786865234375,346.97869873046875,351.49530029296875,7558408.5,350.3500061035156,0.02340511359097941,0.0032690000556607757,0.020136113535318634,0.0004054630683072423
2026-02-04,359.45001220703125,368.54998779296875,357.6000061035156,367.25,15515053.0,355.9469909667969,359.7200622558594,352.3382263183594,356.5718688964844,7943194.5,358.54998779296875,0.024264433142456854,-0.005516996133957619,0.029781429276414473,0.0008869335297460771
2026-02-05,369.75,370.70001220703125,365.0,367.0,18789794.0,364.77734375,366.33294677734375,356.33721923828125,359.2436828613281,8310258.5,367.25,-0.000680735194009574,-0.021800727402782494,0.02111999220877292,0.00044605407089862885
2026-02-06,361.79998779296875,365.95001220703125,361.0,365.04998779296875,7328789.0,361.9990234375,363.4504699707031,352.93939208984375,356.0143127441406,10024938.0,367.0,-0.005313384760303186,-0.029933752740761266,0.02462036798045808,0.0006061625194931654
2026-02-09,366.54998779296875,368.6000061035156,361.0,361.8999938964844,7983235.0,359.98760986328125,362.23638916015625,355.0942687988281,358.1000671386719,6054218.5,365.04998779296875,-0.00862893850655555,-0.0190382711592868,0.010409332652731251,0.00010835420627521703
2026-02-10,361.8999938964844,368.1499938964844,361.25,366.8999938964844,8319282.0,363.4149169921875,365.63214111328125,358.4058837890625,361.2311096191406,7471792.0,361.8999938964844,0.013815971495788837,-0.0018482572219524762,0.015664228717741313,0.00024536806132171164
2026-02-11,369.0,369.0,366.0,368.45001220703125,5782448.0,362.2109375,364.6566467285156,356.2682800292969,359.7266845703125,9147926.0,366.8999938964844,0.004224634331785326,-0.019551129587087712,0.02377576391887304,0.000565286949925985
2026-02-12,370.0,372.0,366.8500061035156,368.25,6763353.0,368.5426940917969,370.113525390625,360.8053894042969,363.5364990234375,7999676.5,368.45001220703125,-0.0005428476059293752,-0.013335630399797238,0.012792782793867863,0.00016365529161108165
2026-02-13,367.54998779296875,368.0,362.3999938964844,363.0,7111972.0,366.5157470703125,367.89599609375,357.6107177734375,360.4545593261719,7876667.0,368.25,-0.014256619144602856,-0.021168881666878803,0.006912262522275947,4.777937317686064e-05
2026-02-16,362.6000061035156,369.6499938964844,362.5,369.1000061035156,6292850.0,361.4609375,363.75811767578125,356.9951171875,360.09228515625,7316436.0,363.0,0.016804424527591344,-0.008010233729338845,0.02481465825693019,0.0006157672644082336
2026-02-17,368.75,369.5,366.04998779296875,368.3999938964844,4442793.0,367.7351379394531,369.92852783203125,362.8110046386719,365.7835998535156,6536159.5,369.1000061035156,-0.0018965380532530718,-0.008985115673690647,0.007088577620437575,5.0247932680968436e-05
2026-02-18,368.45001220703125,370.70001220703125,367.3999938964844,368.3999938964844,4871319.0,366.5035705566406,369.8606262207031,363.2053527832031,367.1071472167969,6072432.0,368.3999938964844,0.0,-0.0035093558661968283,0.0035093558661968283,1.2315578595610091e-05
2026-02-19,367.0,370.8999938964844,362.20001220703125,363.20001220703125,5375352.0,368.9718017578125,371.04034423828125,364.24066162109375,367.0953063964844,6167405.0,368.3999938964844,-0.014115042821944868,-0.003541497072789279,-0.010573545749155588,0.00011179986970948621
2026-02-20,362.79998779296875,373.6499938964844,362.70001220703125,372.95001220703125,16736731.0,366.1200866699219,369.1479187011719,362.76470947265625,366.0550537109375,5646901.0,363.20001220703125,0.026844712754145794,0.007860796828054184,0.01898391592609161,0.0003603890638889147
2026-02-23,374.0,376.5,372.1499938964844,375.45001220703125,16135451.0,370.67730712890625,374.275146484375,367.060791015625,370.98736572265625,6958149.0,372.95001220703125,0.006703311216443186,-0.00526249207704943,0.011965803293492616,0.00014318044845855875
2026-02-24,374.95001220703125,385.0,373.54998779296875,382.75,20774629.0,372.26763916015625,375.2043762207031,367.9170837402344,371.2563171386719,6852833.0,375.45001220703125,0.01944330151983964,-0.011169782746063395,0.030613084265903034,0.00093716092827128
2026-02-25,382.75,388.54998779296875,382.70001220703125,384.8999938964844,12750016.0,379.5959167480469,384.26422119140625,375.49725341796875,380.9114990234375,8050409.0,382.75,0.005617227685132287,-0.004803399024330468,0.010420626709462755,0.00010858946101796856
2026-02-26,385.0,385.8500061035156,378.3999938964844,381.8999938964844,10721570.0,383.96502685546875,386.0929870605469,378.292724609375,380.9526672363281,8311051.0,384.8999938964844,-0.007794232391717948,-0.010255460438427177,0.0024612280467092296,6.057643497908129e-06
2026-02-27,381.0,385.20001220703125,380.1499938964844,381.8999938964844,11548959.0,378.89111328125,382.42572021484375,375.59063720703125,379.43023681640625,7224568.0,381.8999938964844,0.0,-0.006467025712358465,0.006467025712358465,4.182242156430551e-05
2026-03-02,365.0,378.95001220703125,365.0,377.54998779296875,14732253.0,377.9533386230469,382.48529052734375,375.7154541015625,380.04058837890625,7432058.5,381.8999938964844,-0.011390432503370795,-0.004868828351126231,-0.0065216041522445645,4.253132071857354e-05
2026-03-04,370.75,373.8500061035156,364.1000061035156,365.79998779296875,11433169.0,372.2630310058594,376.6075134277344,369.9367980957031,373.539794921875,6369557.0,377.54998779296875,-0.031121706740573796,-0.01062162097934638,-0.020500085761227416,0.00042025351621767905
2026-03-05,366.95001220703125,379.8999938964844,366.6000061035156,378.04998779296875,16158714.0,367.1819152832031,370.8946228027344,365.0599365234375,368.4061279296875,5843724.0,365.79998779296875,0.03348824606012046,0.0071244948706608024,0.02636375118945966,0.0006950473767797357
2026-03-06,377.0,385.54998779296875,374.6499938964844,380.6000061035156,14940896.0,374.5622253417969,378.43865966796875,370.43707275390625,374.4502258300781,7988645.0,378.04998779296875,0.006745188183800099,-0.00952192059019974,0.01626710877399984,0.00026461882786514253
2026-03-09,373.0,379.0,371.3999938964844,376.25,11286578.0,378.5769958496094,382.9657897949219,375.0170593261719,379.21636962890625,7588904.5,380.6000061035156,-0.011429337976238796,-0.003635408440411436,-0.00779392953582736,6.074533760944208e-05
2026-03-10,385.0,385.45001220703125,374.8500061035156,377.29998779296875,10875834.0,371.9841003417969,376.1972961425781,369.17694091796875,373.3264465332031,8424033.0,376.25,0.0027906652304816593,-0.007770241772217634,0.010560907002699293,0.00011153275671966298
2026-03-11,377.5,383.8999938964844,376.45001220703125,379.8999938964844,9963701.0,377.2845458984375,381.1250305175781,373.9140930175781,377.3764343261719,6423773.0,377.29998779296875,0.006891084515333379,0.00020261472482485665,0.006688469790508522,4.4735628138545116e-05
2026-03-12,379.0,392.3999938964844,375.6499938964844,390.54998779296875,23847146.0,378.22027587890625,382.52490234375,375.31365966796875,379.2958679199219,8186916.0,379.8999938964844,0.028033677461406503,-0.0015902237069451708,0.029623901168351674,0.0008775755204322677
2026-03-13,391.8500061035156,394.5,383.20001220703125,384.45001220703125,27107369.0,385.9337463378906,390.7944030761719,382.465087890625,387.09503173828125,8513911.0,390.54998779296875,-0.015618936823961982,-0.008846386282615804,-0.006772550541346178,4.586744083508842e-05
2026-03-16,384.5,388.25,375.45001220703125,382.3999938964844,16793109.0,382.8587341308594,387.61602783203125,379.2177429199219,383.6062927246094,9844868.0,384.45001220703125,-0.005332340344530673,-0.0021946142687792047,-0.003137726075751468,9.845324926450707e-06
2026-03-17,382.8999938964844,385.8999938964844,378.29998779296875,383.3500061035156,9720902.0,380.7165832519531,386.05340576171875,377.8059387207031,382.7684020996094,9469770.0,382.3999938964844,0.0024843415852364714,0.0009634105884026578,0.0015209309968338136,2.3132310971298978e-06
2026-03-18,385.0,386.3500061035156,377.6000061035156,378.5,10681498.0,380.8423156738281,385.80322265625,377.9908752441406,382.7035827636719,8528490.0,383.3500061035156,-0.012651639562530681,-0.0016862484141169087,-0.010965391148413772,0.0001202398030377111
2026-03-19,373.5,380.75,373.1000061035156,374.04998779296875,10568326.0,378.38287353515625,382.8337707519531,375.4656066894531,379.65118408203125,6451129.5,378.5,-0.011756967521879158,0.0030414374690390655,-0.014798404990918224,0.00021899279027523338
2026-03-20,375.8500061035156,383.29998779296875,375.5,380.95001220703125,20930288.0,373.7355651855469,378.6578063964844,371.40411376953125,375.6741027832031,7307694.0,374.04998779296875,0.01844679759188117,0.004341973113853648,0.014104824478027522,0.00019894607355596435
2026-03-23,377.1000061035156,379.5,369.29998779296875,372.3999938964844,13148432.0,378.0061950683594,381.72088623046875,373.1949157714844,377.2318115234375,11515250.0,380.95001220703125,-0.022443937620614363,-0.009760337483787906,-0.012683600136826456,0.0001608737124309041
2026-03-24,378.0,378.1499938964844,371.0,375.54998779296875,9339144.0,372.58843994140625,376.9608459472656,369.3279113769531,373.5560302734375,9601851.0,372.3999938964844,0.008458630365498765,0.003104286777390497,0.005354343588108268,2.8668995259516122e-05
2026-03-25,376.0,380.95001220703125,375.6000061035156,378.3999938964844,9266292.0,375.2306213378906,378.2903747558594,371.26513671875,374.9126892089844,8144767.0,375.54998779296875,0.007588886156712604,-0.0016969740505908826,0.009285860207303487,8.622719978958235e-05
2026-03-27,379.8999938964844,379.8999938964844,374.6499938964844,375.6499938964844,20263654.0,376.8881530761719,379.4482727050781,372.0263366699219,374.9486999511719,6827890.0,378.3999938964844,-0.007267441977687472,-0.009120755816546477,0.0018533138388590054,3.434772185306303e-06
2026-03-30,374.0,377.95001220703125,369.6499938964844,370.6499938964844,17974103.0,376.0992126464844,379.78076171875,371.8913269042969,375.9796142578125,12692290.0,375.6499938964844,-0.013310262428429143,0.000877466702206231,-0.014187729130635374,0.00020129165788427959
2026-04-01,381.29998779296875,381.8999938964844,361.45001220703125,364.6499938964844,15449629.0,372.2174377441406,377.04376220703125,369.32073974609375,373.694091796875,9925045.0,370.6499938964844,-0.016187778494003435,0.008212863754264,-0.024400642248267435,0.0005953913421279336
2026-04-02,359.95001220703125,361.29998779296875,352.0,359.6499938964844,16551512.0,364.16046142578125,369.79376220703125,361.6553955078125,366.36138916015625,12545491.0,364.6499938964844,-0.01371177864716866,0.004693254606656261,-0.01840503325382492,0.00033874524907440113
2026-04-06,358.79998779296875,366.75,355.70001220703125,366.1000061035156,11534034.0,357.4200134277344,362.7488098144531,354.8751525878906,359.8268127441406,9568911.0,359.6499938964844,0.017934136845523474,0.0004916414587987639,0.01744249538672471,0.0003042406453159128
2026-04-07,364.8500061035156,369.79998779296875,362.25,368.8500061035156,12603971.0,364.96429443359375,369.13531494140625,362.3395690917969,366.9229431152344,8531241.0,366.1000061035156,0.007511608724809493,0.002247847577161899,0.005263761147647594,2.7707181419484318e-05
2026-04-08,373.5,375.54998779296875,368.25,374.1499938964844,19491331.0,366.9058837890625,369.7788391113281,363.4042663574219,366.62579345703125,9606370.0,368.8500061035156,0.014368951349512438,-0.00603012772042677,0.020399079069939208,0.0004161224269016318
2026-04-09,376.95001220703125,384.20001220703125,376.5,378.6499938964844,18503665.0,373.8677673339844,377.67425537109375,370.9512023925781,374.9815368652344,8306794.5,374.1499938964844,0.012027261989599358,0.0022224855868366866,0.009804776402762672,9.613364030817171e-05
2026-04-10,381.20001220703125,384.45001220703125,372.04998779296875,380.1499938964844,14953758.0,377.8307189941406,381.2771301269531,374.5180358886719,378.3978271484375,9822115.0,378.6499938964844,0.003961442028730389,-0.0006659626359740711,0.00462740466470446,2.1412873930928595e-05
2026-04-13,374.3500061035156,388.0,374.3500061035156,386.25,15240045.0,377.6229553222656,380.4801330566406,373.5039978027344,377.1012878417969,9317453.0,380.1499938964844,0.016046313827317027,-0.008019745110183218,0.024066058937500245,0.0005791751927832355
2026-04-15,390.25,393.95001220703125,387.1000061035156,392.6000061035156,7722460.0,380.1690673828125,382.8609924316406,375.3436279296875,378.9932861328125,9371089.0,386.25,0.01644014525182036,-0.018787608717637516,0.035227753969457876,0.001240994649732655
2026-04-16,397.0,397.25,387.79998779296875,390.79998779296875,9896906.0,387.2205810546875,390.41351318359375,382.3625183105469,386.318359375,8243939.0,392.6000061035156,-0.004584865722269682,-0.01600011877447438,0.011415253052204699,0.0001303080022458687
2026-04-17,393.0,396.25,388.45001220703125,393.6000061035156,15320653.0,390.3704833984375,394.4034729003906,381.24713134765625,383.0307312011719,13545278.0,390.79998779296875,0.007164837251812273,-0.01988039108105788,0.027045228332870153,0.0007314443755770825
2026-04-20,393.0,400.8500061035156,390.6499938964844,398.0,9895187.0,388.5345153808594,391.20263671875,382.83319091796875,386.68621826171875,11730647.0,393.6000061035156,0.011178846108369278,-0.01756551761835734,0.02874436372672662,0.0008262384460543569
2026-04-21,398.6000061035156,402.70001220703125,395.70001220703125,396.20001220703125,9493644.0,394.82269287109375,398.7804260253906,390.7345275878906,395.0330505371094,8919052.0,398.0,-0.004522582394393848,-0.007454646891684957,0.002932064497291109,8.597002216274965e-06
2026-04-22,398.0,407.25,393.20001220703125,405.3999938964844,16411131.0,395.3631896972656,398.69122314453125,388.9678649902344,393.1400451660156,12760186.0,396.20001220703125,0.023220548727913126,-0.007723288608624923,0.03094383733653805,0.0009575210691101262
2026-04-23,404.0,405.8999938964844,400.3999938964844,402.25,9144699.0,403.0270080566406,408.36749267578125,397.9144592285156,403.6643371582031,14115986.0,405.3999938964844,-0.007770088662824914,-0.004281343770134449,-0.003488744892690465,1.2171340926273805e-05
2026-04-24,404.75,405.25,399.20001220703125,401.8500061035156,6266676.0,397.574462890625,402.05816650390625,393.0958251953125,397.76104736328125,12001987.0,402.25,-0.0009943912902035112,-0.011159608792340014,0.010165217502136503,0.00010333164686574229
2026-04-27,403.8999938964844,414.3999938964844,402.6000061035156,410.20001220703125,13001752.0,400.4820251464844,404.1706237792969,394.572021484375,398.5850524902344,11490301.0,401.8500061035156,0.020778912471547173,-0.008124806678341034,0.028903719149888207,0.0008354249806956143
2026-04-28,414.0,414.20001220703125,405.95001220703125,406.8500061035156,7726655.0,404.9700012207031,407.83026123046875,398.0341796875,401.5673522949219,10031357.0,410.20001220703125,-0.008166762564172814,-0.02104500159729983,0.012878239033127015,0.00016584904059435622
2026-04-29,409.5,410.0,399.6499938964844,401.29998779296875,11920835.0,404.5633544921875,407.8720397949219,397.2406921386719,401.3778076171875,11170973.0,406.8500061035156,-0.01364143597710743,-0.013450161986567122,-0.00019127399054030825,3.6585739457213926e-08
2026-04-30,400.0,400.29998779296875,393.1499938964844,399.1499938964844,7706357.0,402.867919921875,405.4263000488281,394.97430419921875,398.97174072265625,12746718.0,401.29998779296875,-0.005357572793133425,-0.005801762125927756,0.00044418933279433137,1.9730416336827326e-07
2026-05-01,399.1499938964844,399.1499938964844,399.1499938964844,399.1499938964844,0.0,398.2405700683594,401.9401550292969,393.48590087890625,397.7395935058594,9294720.0,399.1499938964844,0.0,-0.0035335097386742786,0.0035335097386742786,1.2485691073305968e-05
2026-05-04,400.0,404.79998779296875,397.25,400.04998779296875,6333200.0,397.3360290527344,400.9149169921875,392.5433044433594,396.8536376953125,8448301.0,399.1499938964844,0.002254776174988038,-0.005753115962134792,0.00800789213712283,6.412633647979364e-05
2026-05-05,398.29998779296875,400.5,394.54998779296875,398.6499938964844,6791514.0,399.5080871582031,402.9987487792969,395.3345947265625,399.0845947265625,5613468.5,400.04998779296875,-0.0034995474045830255,-0.0024131810920235974,-0.001086366312559428,1.180191765063969e-06
2026-05-06,400.0,403.0,391.6499938964844,394.8500061035156,11120409.0,396.4542236328125,399.261962890625,391.3753356933594,395.02197265625,7364717.0,398.6499938964844,-0.009532140602403927,-0.009100768332575115,-0.0004313722698288114,1.8608203517726087e-07
2026-05-07,396.75,403.5,393.1499938964844,400.3500061035156,9700378.0,394.7658386230469,398.401123046875,390.639892578125,394.9609375,7894117.0,394.8500061035156,0.013929340040476301,0.00028094566232650386,0.013648394378149797,0.000186278669101511
2026-05-08,398.0,405.1000061035156,397.1499938964844,402.1499938964844,4740939.0,398.3103942871094,401.79376220703125,393.92352294921875,397.810546875,7162725.5,400.3500061035156,0.00449603538285781,-0.006343097763957584,0.010839133146815394,0.00011748680737439219
2026-05-11,401.8999938964844,405.0,391.0,392.95001220703125,10088836.0,400.7707214355469,402.98095703125,394.8271484375,398.0853576660156,6521291.5,402.1499938964844,-0.02287699074744054,-0.010107264185399978,-0.012769726562040562,0.00016306591646928428
2026-05-12,392.20001220703125,399.8500061035156,391.25,392.70001220703125,10247516.0,392.9716796875,396.7526550292969,389.53717041015625,393.7352294921875,5697864.0,392.95001220703125,-0.000636213238920269,0.001998262528981831,-0.0026344757679021003,6.940462571663361e-06
2026-05-13,392.0,394.04998779296875,385.79998779296875,390.45001220703125,12322076.0,392.7900085449219,397.64813232421875,389.52264404296875,394.6864013671875,8067159.5,392.70001220703125,-0.0057295643749911696,0.00505828647417772,-0.01078785084916889,0.00011637772594391394
2026-05-14,393.70001220703125,398.54998779296875,391.20001220703125,396.29998779296875,7363948.0,390.392333984375,394.40289306640625,386.6462707519531,391.3712158203125,8160900.0,390.45001220703125,0.014982649258659997,0.002359338159766189,0.012623311098893808,0.0001593479830994556
2026-05-15,396.0,398.0,392.5,395.25,7107857.0,393.7639465332031,396.23883056640625,388.60235595703125,392.1360168457031,7815414.0,396.29998779296875,-0.0026494772276330902,-0.01050711853526709,0.007857641307634,6.174252691943616e-05
2026-05-18,393.0,393.8500061035156,384.8999938964844,388.29998779296875,7632596.0,393.15692138671875,395.57598876953125,387.8129577636719,390.8404541015625,8486715.0,395.25,-0.017583838600964574,-0.011156346359108116,-0.006427492241856458,4.131265651912496e-05
2026-05-19,386.70001220703125,392.75,386.04998779296875,389.3999938964844,6693518.0,387.5507507324219,391.5536804199219,384.04290771484375,388.16412353515625,6760041.5,388.29998779296875,0.0028328769974159673,-0.0003498950864889716,0.003182772083904939,1.0130038138084587e-05
2026-05-20,386.1000061035156,393.3500061035156,384.0,392.45001220703125,5386249.0,391.10528564453125,394.8261413574219,387.48895263671875,391.53143310546875,6732193.0,389.3999938964844,0.007832610062540768,0.0054736498263812106,0.0023589602361595574,5.564693395781955e-06
2026-05-21,393.5,395.54998779296875,387.8500061035156,388.79998779296875,10596954.0,392.0619201660156,394.824462890625,387.75408935546875,391.3326416015625,7351295.0,392.45001220703125,-0.009300609760554579,-0.002847166698211945,-0.006453443062342634,4.164692735889828e-05
2026-05-22,389.95001220703125,391.5,387.45001220703125,388.6499938964844,11755213.0,389.7876281738281,392.5743713378906,385.2403869628906,388.5444030761719,6765448.5,388.79998779296875,-0.0003857867829055728,-0.0006573681193965397,0.00027158133649096694,7.375642233021982e-08
2026-05-25,391.95001220703125,392.79998779296875,386.45001220703125,390.04998779296875,10489850.0,389.049560546875,393.9743957519531,386.11944580078125,390.97760009765625,7191572.0,388.6499938964844,0.003602197140024188,0.005988952110447698,-0.0023867549704235103,5.696599288841331e-06
2026-05-26,390.75,392.25,389.0,389.70001220703125,9062218.0,390.7219543457031,392.569580078125,385.1194763183594,387.3965759277344,5541507.0,390.04998779296875,-0.0008972582922455175,-0.006802748232984879,0.005905489940739361,3.487481144017379e-05
2026-05-27,390.3500061035156,403.1000061035156,390.3500061035156,398.1499938964844,14418621.0,390.0616455078125,394.0487365722656,387.0623779296875,391.301513671875,7308051.0,389.70001220703125,0.02168329849824069,0.004109575095401663,0.017573723402839025,0.0003088357542394921
2026-05-28,398.1499938964844,398.1499938964844,398.1499938964844,398.1499938964844,0.0,398.828857421875,402.64849853515625,394.3656311035156,398.6343994140625,7874243.0,398.1499938964844,0.0,0.001216640776099176,-0.001216640776099176,1.4802147780672054e-06
2026-05-29,400.0,401.6499938964844,385.1000061035156,386.8999938964844,17003143.0,395.8752746582031,401.14349365234375,393.2813720703125,398.27105712890625,5677904.0,398.1499938964844,-0.02825568296486003,0.0003040643834679724,-0.028559747348328002,0.0008156591686003283
2026-06-01,386.8999938964844,389.0,376.5,378.70001220703125,18408900.0,391.7474670410156,395.98321533203125,388.7787170410156,393.2780456542969,7470988.0,386.8999938964844,-0.021194060012435734,0.016485013849648622,-0.037679073862084356,0.0014197126071044085
2026-06-02,375.95001220703125,377.5,363.04998779296875,367.3999938964844,17496468.0,381.5537414550781,385.4241943359375,379.404052734375,382.91864013671875,8975808.0,378.70001220703125,-0.02983897001928082,0.011139761800116332,-0.04097873181939715,0.0016792564615260726
2026-06-03,368.04998779296875,371.5,363.70001220703125,366.79998779296875,10825715.0,364.6564025878906,374.741943359375,354.8692626953125,374.68316650390625,12287640.0,367.3999938964844,-0.0016331140813373723,0.019823551247727833,-0.021456665329065205,0.0004603884870435089
2026-06-04,366.79998779296875,368.79998779296875,364.3500061035156,366.3999938964844,14363519.0,365.411865234375,369.9908142089844,362.4398498535156,367.7174072265625,7139339.0,366.79998779296875,-0.00109049593728483,0.002501143577222642,-0.003591639514507472,1.289987440217147e-05
2026-06-05,365.95001220703125,368.5,358.6499938964844,361.6499938964844,10277061.0,365.5402526855469,369.5915832519531,362.1023864746094,367.01629638671875,7330050.0,366.3999938964844,-0.012963974015081425,0.0016820483092270244,-0.01464602232430845,0.0002145059699241415
2026-06-08,358.95001220703125,365.3500061035156,355.1499938964844,362.3999938964844,14933986.0,361.308349609375,365.535888671875,359.0791320800781,363.0392761230469,8027274.0,361.6499938964844,0.0020738283220176346,0.0038415104382945042,-0.0017676821162768697,3.1247000642050728e-06
2026-06-09,362.79998779296875,363.70001220703125,355.0,355.6499938964844,14246656.0,359.12628173828125,365.0763854980469,357.10406494140625,363.32672119140625,7448969.5,362.3999938964844,-0.01862582812826441,0.002557194565479426,-0.021183022693743836,0.00044872045044366636
2026-06-10,359.0,359.0,351.1000061035156,351.6499938964844,14939921.0,355.9061584472656,360.6201171875,353.2461242675781,357.7245788574219,7472548.0,355.6499938964844,-0.011247012705317916,0.00583322085348148,-0.017080233558799396,0.0002917343784231371
2026-06-11,352.0,353.3500061035156,348.79998779296875,351.8500061035156,15079402.0,353.6497497558594,359.75030517578125,352.0062561035156,357.0296936035156,9902225.0,351.6499938964844,0.0005687820574515889,0.015298449595920971,-0.014729667538469382,0.00021696310579383867
2026-06-12,357.0,357.0,349.70001220703125,353.8999938964844,8740239.0,348.4061279296875,354.6128845214844,346.9365539550781,352.4124755859375,7937482.0,351.8500061035156,0.005826311659536065,0.0015986058623411736,0.004227705797194892,1.7873496307635295e-05
2026-06-15,357.3999938964844,358.0,346.95001220703125,348.1000061035156,17190759.0,352.9079284667969,358.3748474121094,351.81005859375,356.4117431640625,8253373.0,353.8999938964844,-0.016388776188182796,0.007097341935283552,-0.02348611812346635,0.0005515977445094144
2026-06-16,349.75,356.20001220703125,348.5,355.54998779296875,14555184.0,349.87823486328125,357.61944580078125,347.43170166015625,350.0491638183594,11032562.0,348.1000061035156,0.021401843030240286,0.005599418789622446,0.01580242424061784,0.00024971661188046636
2026-06-17,355.54998779296875,356.04998779296875,352.04998779296875,355.54998779296875,9299676.0,354.4720764160156,357.58392333984375,351.3822326660156,354.2515869140625,8793600.0,355.54998779296875,0.0,-0.003651809656824656,0.003651809656824656,1.3335713769677813e-05
2026-06-18,357.0,363.54998779296875,354.04998779296875,361.95001220703125,12260776.0,354.5159606933594,357.5818786621094,351.8520202636719,354.3254699707031,7504062.0,355.54998779296875,0.01800035053802085,-0.0034440103060238147,0.021444360844044663,0.0004598606120095959
2026-06-19,361.95001220703125,368.0,359.95001220703125,365.79998779296875,17465450.0,360.27593994140625,363.9173278808594,356.9044494628906,361.2893981933594,8038507.0,361.95001220703125,0.010636760480989826,-0.0018251526216112035,0.01246191310260103,0.00015529927817677924
2026-06-22,365.79998779296875,368.5,364.04998779296875,367.04998779296875,11946682.0,360.5892639160156,376.092529296875,356.3192138671875,364.30303955078125,12286203.0,365.79998779296875,0.003417167965318324,-0.00409225886315423,0.007509426828472554,5.6391491292183364e-05
2026-06-23,367.8500061035156,369.25,361.8999938964844,364.6000061035156,11696171.0,364.8148498535156,367.6656799316406,361.5729675292969,364.4378662109375,7667901.0,367.04998779296875,-0.0066747902763452105,-0.007116528181182247,0.00044173790483703623,1.9513237656981449e-07
2026-06-24,362.8500061035156,364.04998779296875,355.5,357.04998779296875,12770898.0,363.856689453125,367.0794677734375,359.92022705078125,364.733154296875,9302966.0,364.6000061035156,-0.020707674668560827,0.0003651897727110498,-0.021072864441271877,0.0004440656157602207
2026-06-25,356.45001220703125,359.0,351.45001220703125,352.04998779296875,19767157.0,357.15496826171875,360.0568542480469,351.46923828125,354.0162658691406,8369623.0,357.04998779296875,-0.014003641425410662,-0.008496630801139271,-0.005507010624271391,3.0327166015837978e-05
2026-06-26,352.04998779296875,352.04998779296875,352.04998779296875,352.04998779296875,0.0,353.28070068359375,358.520751953125,349.0626525878906,355.9639892578125,14155675.0,352.04998779296875,0.0,0.011117743503929578,-0.011117743503929578,0.00012360422061916834
2026-06-29,352.0,357.8999938964844,351.54998779296875,356.1000061035156,49895302.0,357.7319641113281,360.5372619628906,352.9721374511719,356.71014404296875,8863137.0,352.04998779296875,0.011504100130600214,0.013237200430583407,-0.0017331002999831924,3.0036366498018312e-06
2026-06-30,354.75,358.3500061035156,352.8999938964844,356.6499938964844,10291360.0,356.5085754394531,359.01806640625,351.02850341796875,353.4123229980469,7891271.0,356.1000061035156,0.0015444756628530953,-0.007547551416462128,0.009092027079315224,8.266495641100132e-05
2026-07-01,358.0,360.8500061035156,354.25,357.8999938964844,6915166.0,356.90478515625,359.1601867675781,350.9042053222656,353.0411376953125,7584448.5,356.6499938964844,0.0035048367345908993,-0.01011876142697854,0.013623598161569439,0.0001856024268679182
2026-07-02,359.95001220703125,359.95001220703125,352.29998779296875,358.25,6513560.0,356.6613464355469,359.5548400878906,354.09967041015625,356.717529296875,4850377.0,357.8999938964844,0.0009779438655617145,-0.0033038966744195486,0.004281840539981263,1.8334158409827035e-05
2026-07-03,358.25,360.1499938964844,355.45001220703125,356.45001220703125,6588714.0,356.46063232421875,359.2785339355469,354.1481628417969,356.70989990234375,4717062.5,358.25,-0.0050243902106594795,-0.004298953517533177,-0.0007254366931263023,5.262583957340249e-07
2026-07-06,356.0,359.3999938964844,354.6499938964844,356.25,6204261.0,356.5054931640625,359.3541259765625,354.2510986328125,356.8417663574219,4425326.0,356.45001220703125,-0.0005611227386214113,0.0010990437283617815,-0.0016601664669831928,2.7561526980954565e-06
2026-07-07,355.79998779296875,357.1499938964844,352.54998779296875,354.20001220703125,8149003.0,356.8410949707031,359.75067138671875,354.73541259765625,357.2906188964844,4361934.5,356.25,-0.0057543516995614,0.002921035498903546,-0.008675387198464946,7.526234304328945e-05
2026-07-08,351.95001220703125,353.0,347.54998779296875,348.70001220703125,9572223.0,354.8930358886719,358.05712890625,350.4578857421875,353.252197265625,6561126.0,354.20001220703125,-0.015527949775408945,-0.002675931419370614,-0.01285201835603833,0.00016517437582394618
2026-07-09,349.0,351.0,343.1000061035156,343.70001220703125,17821421.0,348.35443115234375,351.3695068359375,345.3526916503906,347.9630126953125,7606462.5,348.70001220703125,-0.014338972827541485,-0.0021135631944892985,-0.012225409633052187,0.0001494606406959252
2026-07-10,344.5,348.79998779296875,343.20001220703125,344.54998779296875,13016441.0,344.4692077636719,347.8116455078125,341.4318542480469,344.1152038574219,10187264.0,343.70001220703125,0.0024730158735797314,0.0012080059227361772,0.0012650099508435542,1.6002501757332114e-06
2026-07-13,345.04998779296875,355.0,343.70001220703125,351.75,8226337.0,348.0038146972656,351.67236328125,345.1293029785156,348.29974365234375,9597145.0,344.54998779296875,0.020896858110926786,0.010883053235306361,0.010013804875620425,0.00010027628808699939
2026-07-14,348.5,353.95001220703125,347.5,348.1499938964844,8579646.0,353.0039978027344,355.392578125,347.70849609375,349.889892578125,9017172.0,351.75,-0.010234558929681947,-0.00528815187455578,-0.004946407055126167,2.4466942755001922e-05
2026-07-15,347.5,348.45001220703125,343.04998779296875,344.3500061035156,11352533.0,348.7503662109375,351.938232421875,346.2957458496094,349.14410400390625,7289898.5,348.1499938964844,-0.010914800688172965,0.002855407510699015,-0.01377020819887198,0.0001896186338402811
2026-07-16,344.20001220703125,346.04998779296875,342.1000061035156,342.45001220703125,10347549.0,344.6101989746094,349.7018127441406,342.9549560546875,347.3587646484375,7540792.5,344.3500061035156,-0.005517624111536112,0.008737501064592479,-0.014255125176128591,0.0002032085937870952
2026-07-17,342.5,343.8999938964844,340.25,341.8500061035156,7612446.0,341.9801940917969,346.4488220214844,340.5216369628906,344.1213073730469,8319426.0,342.45001220703125,-0.0017520983563372727,0.0048804062094913725,-0.006632504565828645,4.3990116815737826e-05
2026-07-20,343.0,349.29998779296875,341.1000061035156,347.25,14463484.0,343.021484375,347.7643737792969,341.5559997558594,345.784423828125,7028613.5,341.8500061035156,0.015796383794269175,0.011509193079897173,0.004287190714372002,1.838000422139752e-05
2026-07-21,347.20001220703125,349.1499938964844,344.1499938964844,348.54998779296875,8575793.0,347.6257019042969,350.5367126464844,344.79327392578125,347.47412109375,9359252.0,347.25,0.003743665350522063,0.0006454171166305755,0.0030982482338914874,9.599142118811722e-06
2026-07-22,347.3999938964844,350.8500061035156,345.6499938964844,350.5,7035952.0,346.8993835449219,349.37371826171875,344.5397033691406,346.994140625,7195677.5,348.54998779296875,0.005594641444054638,-0.004463770542126322,0.01005841198618096,0.00010117165168374879
2026-07-23,348.54998779296875,350.70001220703125,347.1000061035156,348.6000061035156,6863144.0,348.6017761230469,350.8835144042969,345.80328369140625,348.0396728515625,7059058.5,350.5,-0.005420809975704377,-0.0070194783122324855,0.0015986683365281085,2.5557404502175493e-06
2026-07-24,347.95001220703125,350.0,345.1000061035156,347.20001220703125,6300466.0,347.6153564453125,350.12591552734375,345.3473205566406,347.6483154296875,6871541.0,348.6000061035156,-0.00401604667806188,-0.0027300363085637214,-0.0012860103694981584,1.6538226704567899e-06
2026-07-27,353.0,353.0,347.79998779296875,350.79998779296875,12350753.0,347.2798156738281,349.7975158691406,345.1672668457031,347.4967956542969,6754204.5,347.20001220703125,0.010368592912925578,0.0008547910046980967,0.009513801908227482,9.051242674899288e-05
2026-07-28,349.95001220703125,350.0,342.1000061035156,343.75,12409670.0,351.4599304199219,356.4677734375,350.180419921875,354.7823486328125,10589192.0,350.79998779296875,-0.02009688722432179,0.011352226278280364,-0.031449113502602155,0.0009890467400995532
2026-07-29,343.70001220703125,345.3500061035156,341.1499938964844,343.5,8471125.0,345.6287841796875,349.42803955078125,342.2684326171875,345.8750915527344,7295836.0,343.75,-0.0007272727272726875,0.006182084517045494,-0.006909357244318182,4.773921752961214e-05
2026-07-30,343.5,347.6499938964844,341.8500061035156,344.8500061035156,9943764.0,343.5491638183594,345.8262634277344,341.6063537597656,343.71893310546875,5814305.5,343.5,0.003930148772971265,0.0006373598412481307,0.003292788931723134,1.0842458948878378e-05
2026-07-31,344.1000061035156,348.25,343.54998779296875,347.25,8519119.0,345.7770080566406,348.7255554199219,342.1249694824219,345.0528259277344,7175572.0,344.8500061035156,0.006959529807182285,0.0005881392507729455,0.00637139055640934,4.0594617622302115e-05
2026-08-03,347.25,350.8999938964844,345.29998779296875,350.8999938964844,5460220.0,347.0237121582031,349.7889099121094,343.105224609375,345.8558349609375,7132140.5,347.25,0.010511141530552548,-0.004014874122570178,0.014526015653122726,0.00021100513075476645
2026-08-04,348.0,348.95001220703125,341.6000061035156,343.6499938964844,7201524.0,348.0852966308594,350.76007080078125,343.99853515625,346.6441650390625,6798447.0,350.8999938964844,-0.02066115738417129,-0.012128324113557354,-0.008532833270613938,7.280924362409614e-05
2026-08-05,343.45001220703125,349.8999938964844,342.75,349.8999938964844,18554536.0,342.015869140625,346.4627685546875,340.6247253417969,344.6070861816406,7102632.0,343.6499938964844,0.01818710930017553,0.0027850787200787153,0.015402030580096815,0.00023722254599023744
2026-08-06,347.5,349.25,343.1000061035156,345.0,10079779.0,348.14569091796875,350.936767578125,345.7535705566406,348.406494140625,6991727.5,349.8999938964844,-0.014003983943863707,-0.004268361765965678,-0.009735622177898029,9.478233919077996e-05
2026-08-07,345.0,347.0,342.5,342.5,7012048.0,344.2643737792969,346.16680908203125,341.47723388671875,343.3496398925781,6355711.0,345.0,-0.007246376811594235,-0.004783652485280787,-0.002462724326313448,6.065011107416026e-06
2026-08-10,342.5,343.70001220703125,337.1499938964844,340.45001220703125,8818488.0,342.6445617675781,344.8161926269531,340.39349365234375,342.40606689453125,5876919.0,342.5,-0.0059853658188868675,-0.0002742572422445022,-0.005711108576642365,3.2616761174197986e-05
2026-08-11,339.6000061035156,340.3999938964844,336.04998779296875,338.45001220703125,10043994.0,341.2530517578125,343.80133056640625,339.111083984375,341.3249206542969,8109289.5,340.45001220703125,-0.005874577554086824,0.002569858763093791,-0.008444436317180615,7.130850471491891e-05
2026-08-12,338.45001220703125,341.3500061035156,335.3500061035156,339.45001220703125,10152704.0,339.3865966796875,342.8133544921875,337.29364013671875,339.74951171875,5982912.0,338.45001220703125,0.002954646074553313,0.0038395611311836664,-0.0008849150566303532,7.830746574511012e-07
2026-08-13,338.04998779296875,344.25,338.0,344.25,9672695.0,338.6670227050781,341.153076171875,336.7201232910156,338.8752746582031,6407194.5,339.45001220703125,0.014140484962013256,-0.0016931434030339476,0.015833628365047203,0.0002507037872024274
2026-08-14,343.6499938964844,343.6499938964844,337.5,340.0,7507624.0,343.31573486328125,345.7857666015625,341.4970703125,344.0350036621094,5644977.0,344.25,-0.012345679012345734,-0.0006245354768064093,-0.011721143535539325,0.0001373852057807153
2026-08-17,340.0,340.29998779296875,335.70001220703125,337.0,7839848.0,341.0868835449219,345.0957946777344,339.77685546875,343.5474548339844,6633975.0,340.0,-0.008823529411764675,0.010433690688189445,-0.01925722009995412,0.00037084052597807695
2026-08-18,337.0,339.29998779296875,333.8999938964844,337.1000061035156,9943991.0,335.45428466796875,338.60028076171875,334.3855895996094,337.1981506347656,6066771.0,337.0,0.00029675401636675147,0.0005879840794231761,-0.0002912300630564246,8.481494962784906e-08
2026-08-19,336.29998779296875,338.8500061035156,333.6000061035156,336.54998779296875,7502595.0,339.152587890625,343.47650146484375,337.4602355957031,342.124267578125,6739998.0,337.1000061035156,-0.001631617622629089,0.014904364828360661,-0.01653598245098975,0.00027343871561944096
2026-08-20,337.1000061035156,339.54998779296875,334.3999938964844,337.5,4185077.0,338.30560302734375,341.1330261230469,336.5173034667969,339.3575134277344,7333647.5,336.54998779296875,0.002822796735965527,0.008342076174706836,-0.005519279438741309,3.046244552291258e-05
2026-08-21,337.0,342.8500061035156,337.0,340.0,6534716.0,338.1923522949219,339.5741271972656,335.6690673828125,337.19482421875,5682426.0,337.5,0.007407407407407307,-0.0009042245370370905,0.008311631944444398,6.908322557990856e-05
2026-08-24,340.70001220703125,342.04998779296875,337.45001220703125,339.5,5401943.0,338.9016418457031,341.0325622558594,336.7493896484375,339.04876708984375,6858706.5,340.0,-0.0014705882352941124,-0.0027977438534007026,0.0013271556181065902,1.7613420346718856e-06
2026-08-25,339.0,340.79998779296875,335.6499938964844,339.8500061035156,5260835.0,340.57879638671875,342.0315246582031,337.1771240234375,338.37103271484375,5343883.0,339.5,0.0010309458130062232,-0.0033253822832289837,0.004356328096235207,1.8977594482048263e-05
2026-08-26,341.54998779296875,344.45001220703125,334.6000061035156,334.6000061035156,5903358.0,339.12481689453125,340.919921875,336.6629333496094,338.74359130859375,6429615.0,339.8500061035156,-0.015447991483633738,-0.0032555973960608497,-0.012192394087572889,0.00014865447358668234
2026-08-27,335.0,335.95001220703125,328.3999938964844,330.8999938964844,12911842.0,336.0814514160156,339.2613830566406,334.4020080566406,337.31060791015625,6189702.5,334.6000061035156,-0.011058015957975176,0.008101021390304552,-0.019159037348279728,0.0003670687121127775
2026-08-28,329.5,333.1000061035156,328.79998779296875,330.04998779296875,7332490.0,330.8060302734375,333.81964111328125,329.3045654296875,332.22705078125,5623722.0,330.8999938964844,-0.002568770381366492,0.004010446990762917,-0.006579217372129409,4.3286101229729404e-05
2026-08-31,330.1000061035156,330.45001220703125,323.5,327.3999938964844,18400774.0,332.8121337890625,336.8748779296875,331.41204833984375,335.1539306640625,5886226.0,330.04998779296875,-0.008029068306303455,0.015464151067611454,-0.02349321937391491,0.0005519313565508908
2026-09-01,327.3999938964844,328.25,325.04998779296875,327.5,7377499.0,329.96551513671875,333.760986328125,328.06524658203125,331.93829345703125,7249274.5,327.3999938964844,0.0003054554226633588,0.013861636057274307,-0.013556180634610948,0.00018377003339820088
2026-09-02,324.0,331.1000061035156,321.0,330.0,11993091.0,330.4234313964844,332.0643310546875,328.2782287597656,330.05877685546875,5543330.0,327.5,0.007633587786259444,0.007813059100667985,-0.00017947131440854136,3.2209952695529504e-08
2026-09-03,330.45001220703125,332.70001220703125,329.1000061035156,330.8999938964844,8100926.0,330.66094970703125,333.1034851074219,328.54730224609375,331.2227783203125,7148924.0,330.0,0.0027272542317708925,0.0037053888494318343,-0.0009781346176609418,9.567473302667167e-07
2026-09-04,332.75,334.04998779296875,329.79998779296875,332.5,7031864.0,332.1983642578125,333.9238586425781,328.9142150878906,330.1863098144531,5431378.0,330.8999938964844,0.004835316207398188,-0.0021567969029776535,0.006992113110375842,4.8889645748289726e-05
