Date,actual_open,actual_high,actual_low,actual_close,actual_volume,pred_open,pred_high,pred_low,pred_close,pred_volume,previous_actual_close,actual_return,predicted_return,return_error,squared_return_error
2022-06-24,242.08999633789062,251.14999389648438,240.60000610351562,249.05999755859375,4996020.0,240.42068481445312,247.8468780517578,236.85366821289062,240.48162841796875,5296713.0,239.55999755859375,0.03965603647026428,0.0038471817864733637,0.035808854683790914,0.0012822740737648544
2022-06-27,253.8000030517578,253.8000030517578,249.0800018310547,250.49000549316406,4127285.0,250.01138305664062,256.36614990234375,247.77786254882812,253.15565490722656,4006317.0,249.05999755859375,0.00574162028662939,0.016444460727456978,-0.010702840440827588,0.00011455079350181447
2022-06-28,248.60000610351562,252.69000244140625,247.86000061035156,250.2100067138672,3527135.0,249.99024963378906,254.72967529296875,247.31842041015625,251.2238006591797,4403181.0,250.49000549316406,-0.0011178041964013952,0.002929438899452075,-0.00404724309585347,1.638017667693358e-05
2022-06-29,248.0,251.9600067138672,243.60000610351562,244.82000732421875,2727410.0,249.9474334716797,257.5057678222656,248.11788940429688,254.7210693359375,4580866.5,250.2100067138672,-0.021541901782578532,0.018029105555434688,-0.03957100733801322,0.001565864621745096
2022-06-30,247.0,259.44000244140625,245.8300018310547,256.2699890136719,9956150.0,244.10476684570312,247.66470336914062,237.10122680664062,239.31448364257812,3710278.5,244.82000732421875,0.04676897862473206,-0.02248804638891122,0.06925702501364328,0.004796535513740411
2022-07-01,253.24000549316406,254.9600067138672,247.6999969482422,253.13999938964844,5358285.0,256.8735046386719,262.7834167480469,253.9307861328125,258.4786071777344,6312660.0,256.2699890136719,-0.012213640918587787,0.008618325433122243,-0.02083196635171003,0.00043397082207877885
2022-07-04,250.1999969482422,257.82000732421875,250.0,252.97000122070312,2008615.0,251.99172973632812,257.14984130859375,249.73095703125,254.087890625,3896795.5,253.13999938964844,-0.0006715579100703417,0.0037445336084263037,-0.004416091518496645,1.9501864299738006e-05
2022-07-05,253.77000427246094,262.0899963378906,252.2100067138672,255.47999572753906,6272225.0,252.8006134033203,257.33282470703125,250.1387939453125,253.79248046875,4187068.5,252.97000122070312,0.009922103390615389,0.0032512916317271046,0.006670811758888284,4.449972952252221e-05
2022-07-06,254.6300048828125,259.260009765625,254.02000427246094,256.80999755859375,3157810.0,255.84129333496094,261.7535400390625,253.36392211914062,258.3760681152344,4899991.0,255.47999572753906,0.005205894212058304,0.011335808815277515,-0.006129914603219211,3.757585304276013e-05
2022-07-07,256.0,264.30999755859375,251.60000610351562,261.6499938964844,4945940.0,257.2253723144531,263.1551818847656,254.18881225585938,258.1933898925781,4959857.5,256.80999755859375,0.018846604041520276,0.0053868320826129246,0.013459771958907352,0.00018116546118578865
2022-07-08,263.9599914550781,264.7099914550781,254.1999969482422,256.0899963378906,3652815.0,260.85418701171875,265.5880432128906,258.1389465332031,261.608642578125,4543683.0,261.6499938964844,-0.021249752296166435,-0.00015804058598878346,-0.021091711710177652,0.0004448603028652451
2022-07-11,255.1300048828125,256.0,248.02000427246094,251.22999572753906,3691540.0,257.2467956542969,263.1728210449219,254.6268310546875,259.0919494628906,5261091.5,256.0899963378906,-0.018977705805966694,0.01172225845573105,-0.030699964261697743,0.0009424878056695186
2022-07-12,249.8000030517578,251.5,246.74000549316406,247.25999450683594,3442455.0,251.0994415283203,257.9401550292969,249.37615966796875,255.1005096435547,4195654.0,251.22999572753906,-0.0158022580432976,0.015406257142213331,-0.031208515185510932,0.0009739714200842664
2022-07-13,248.82000732421875,254.97999572753906,248.07000732421875,253.77999877929688,3151325.0,248.65298461914062,256.15234375,247.15478515625,252.72793579101562,5043037.0,247.25999450683594,0.02636902215202741,0.022114136559315156,0.004254885592712254,1.810405140707031e-05
2022-07-14,254.8000030517578,259.8900146484375,254.00999450683594,258.989990234375,3203265.0,252.99758911132812,266.12957763671875,251.32504272460938,261.49578857421875,8317830.0,253.77999877929688,0.020529558988646057,0.030403459027643853,-0.009873900038997796,9.749390198012068e-05
2022-07-15,260.0,263.6000061035156,255.17999267578125,262.92999267578125,2703045.0,255.30703735351562,261.9012145996094,253.64743041992188,259.16864013671875,3527392.25,258.989990234375,0.015212952584926942,0.0006897946217230277,0.014523157963203914,0.00021092211722417326
2022-07-18,266.3999938964844,283.7900085449219,264.6000061035156,279.4200134277344,5420345.0,260.83734130859375,265.7439880371094,258.5633544921875,262.51910400390625,3827646.5,262.92999267578125,0.06271639299928378,-0.0015627303210770105,0.06427912332036079,0.00413180569483415
2022-07-19,276.44000244140625,279.79998779296875,271.4700012207031,278.30999755859375,4993150.0,276.4230041503906,283.8381042480469,273.02435302734375,279.7007751464844,7296198.0,279.4200134277344,-0.003972571096550026,0.0010048017509762808,-0.004977372847526307,2.4774240463292135e-05
2022-07-20,282.0,286.25,280.30999755859375,281.6099853515625,4629925.0,272.3251647949219,276.28472900390625,267.9447021484375,271.5639343261719,4272022.5,278.30999755859375,0.011857237691484723,-0.024239385187740492,0.036096622879225215,0.0013029661832850052
2022-07-21,280.6000061035156,293.69000244140625,279.0799865722656,292.3800048828125,4855305.0,279.3885498046875,283.62164306640625,275.0509338378906,278.7687072753906,4605137.5,281.6099853515625,0.038244451871281004,-0.010089408131692568,0.04833386000297357,0.0023361620227870484
2022-07-22,293.3999938964844,299.9800109863281,291.29998779296875,299.2200012207031,4810415.0,283.1148681640625,288.09185791015625,278.41192626953125,283.1425476074219,4720820.0,292.3800048828125,0.0233942000946068,-0.03159401163254327,0.05498821172715007,0.0030237034289498847
2022-07-25,294.6000061035156,301.79998779296875,294.6000061035156,299.29998779296875,4721665.0,284.7976379394531,288.50152587890625,272.2742004394531,277.14019775390625,7927185.0,299.2200012207031,0.000267316930483652,-0.07379120171352094,0.07405851864400459,0.005484664183744375
2022-07-26,299.20001220703125,301.7799987792969,294.739990234375,295.6700134277344,4102640.0,291.8405456542969,295.9942932128906,281.76934814453125,286.1029968261719,5999682.5,299.29998779296875,-0.01212821421077137,-0.04409285501182669,0.03196464080105532,0.0010217382615404906
2022-07-27,292.20001220703125,294.79998779296875,287.0,290.1600036621094,6702695.0,293.3382568359375,298.5318603515625,288.9737243652344,293.828857421875,4690336.5,295.6700134277344,-0.018635673268813657,-0.006227063693455603,-0.012408609575358054,0.0001539735915936676
2022-07-28,295.6000061035156,301.239990234375,288.6000061035156,292.19000244140625,8557735.0,287.56182861328125,292.7611083984375,284.68829345703125,289.1065673828125,4723338.0,290.1600036621094,0.006996135765357847,-0.003630535794049705,0.010626671559407552,0.00011292614843152134
2022-07-29,296.0,296.0,274.1000061035156,275.95001220703125,9296570.0,290.77899169921875,295.66119384765625,284.3836669921875,288.6554260253906,5561020.5,292.19000244140625,-0.05558023922338562,-0.012096842419255682,-0.04348339680412994,0.0018908057976254175
2022-08-01,276.0,279.6000061035156,272.2200012207031,274.9700012207031,4709025.0,271.3041076660156,281.8193664550781,265.1177062988281,268.5593566894531,7194202.5,275.95001220703125,-0.003551407657097272,-0.026782588116116113,0.02323118045901884,0.0005396877455194988
2022-08-02,275.3999938964844,280.6700134277344,272.6300048828125,275.82000732421875,4861880.0,276.8811950683594,284.5622863769531,274.8053894042969,281.26568603515625,3977262.5,274.9700012207031,0.0030912685010804353,0.022895896957864537,-0.0198046284567841,0.0003922233083112626
2022-08-03,277.0,279.2900085449219,269.6199951171875,272.04998779296875,3733035.0,275.28662109375,282.5091857910156,273.62591552734375,279.5151672363281,3513511.5,275.82000732421875,-0.01366840486962373,0.013396997367800978,-0.027065402237424707,0.0007325359982735943
2022-08-04,275.3999938964844,275.3999938964844,266.7099914550781,271.9800109863281,4646770.0,275.9083251953125,288.15093994140625,274.283203125,284.8371887207031,5529990.5,272.04998779296875,-0.0002572203998548739,0.04700312994487432,-0.047260350344729196,0.0022335407147065453
2022-08-05,273.92999267578125,275.760009765625,270.80999755859375,272.489990234375,3153135.0,270.7331237792969,277.5379943847656,268.2166442871094,274.2511291503906,4057789.5,271.9800109863281,0.0018750615024885064,0.00835031278889331,-0.006475251286404804,4.1928879222087065e-05
2022-08-08,274.0,280.79998779296875,271.20001220703125,278.45001220703125,4775785.0,278.97802734375,286.75274658203125,276.7355041503906,283.4018859863281,4270178.0,272.489990234375,0.021872443708959244,0.04004512511658698,-0.018172681407627733,0.0003302463495431387
2022-08-10,279.0,281.9200134277344,277.0400085449219,279.2799987792969,4003980.0,279.8340148925781,289.5826416015625,277.36309814453125,285.9878234863281,5316466.5,278.45001220703125,0.002980738142861039,0.027070608543168007,-0.024089870400306967,0.0005803218559035858
2022-08-11,281.1300048828125,285.05999755859375,278.239990234375,281.2099914550781,5658525.0,281.8135986328125,288.3863220214844,278.27642822265625,284.174560546875,6977151.0,279.2799987792969,0.006910601132258165,0.017525643758850462,-0.010615042626592297,0.0001126791299643715
2022-08-12,281.20001220703125,281.2099914550781,272.510009765625,273.5899963378906,5225265.0,284.1806945800781,288.8896484375,276.5662841796875,280.7469482421875,8378529.0,281.2099914550781,-0.02709717061530781,-0.0016466101026306745,-0.025450560512677134,0.0006477310304094406
2022-08-16,273.0,277.3999938964844,270.55999755859375,272.94000244140625,6555990.0,275.9477844238281,281.1380615234375,272.4842529296875,276.6402587890625,3888220.0,273.5899963378906,-0.0023757955524134067,0.01114902771300419,-0.013524823265417596,0.00018292084436078107
2022-08-17,272.79998779296875,273.79998779296875,270.20001220703125,271.1099853515625,6599875.0,275.0228271484375,281.2819519042969,269.42633056640625,272.368896484375,4952281.0,272.94000244140625,-0.006704832833130059,-0.0020924230670579247,-0.004612409766072134,2.1274323850157598e-05
2022-08-18,270.04998779296875,273.04998779296875,265.4100036621094,269.69000244140625,4383855.0,273.3879699707031,281.5917053222656,271.40234375,278.5931701660156,4780617.0,271.1099853515625,-0.005237663630555223,0.02760202581527671,-0.03283968944583193,0.0010784452028986852
2022-08-19,270.010009765625,272.9800109863281,268.0,269.3699951171875,3815695.0,268.551513671875,271.2550354003906,262.6282043457031,266.09820556640625,5465121.5,269.69000244140625,-0.0011865746646959607,-0.013318242584021478,0.012131667919325517,0.00014717736650479192
2022-08-22,272.9700012207031,272.9700012207031,261.0,262.57000732421875,4246725.0,269.55499267578125,275.1468200683594,267.25445556640625,272.5343017578125,4347310.0,269.3699951171875,-0.02524404319794582,0.011747064253568418,-0.03699110745151424,0.001368342030489472
2022-08-23,261.0899963378906,271.32000732421875,259.6400146484375,267.32000732421875,4383165.0,263.797607421875,269.062255859375,261.503662109375,266.36688232421875,4145737.0,262.57000732421875,0.01809041348022178,0.01446042919636148,0.003629984283860299,1.317678590107277e-05
2022-08-24,269.20001220703125,269.94000244140625,265.4200134277344,268.6099853515625,2029850.0,266.3760681152344,274.2665100097656,264.63262939453125,271.22308349609375,4116177.5,267.32000732421875,0.004825594762831287,0.014600763373244785,-0.009775168610413498,9.555392136201336e-05
2022-08-25,269.79998779296875,272.739990234375,264.0,264.94000244140625,3292195.0,269.9350891113281,277.81634521484375,267.1521301269531,274.48406982421875,4972066.0,268.6099853515625,-0.013662868509347836,0.021868451632459207,-0.03553132014180704,0.0012624747110195828
2022-08-26,267.0,269.489990234375,264.8299865722656,266.6700134277344,2107620.0,268.7772521972656,272.32080078125,265.6316223144531,268.6653747558594,2616376.5,264.94000244140625,0.006529821734680308,0.014061192270416134,-0.007531370535735826,5.672154214654975e-05
2022-08-29,260.45001220703125,266.3599853515625,260.0,264.9800109863281,2128080.0,270.6337890625,276.99609375,268.4283447265625,274.3651428222656,3433432.75,266.6700134277344,-0.006337429618288204,0.028856373071794783,-0.03519380269008299,0.0012386037477884926
2022-08-30,266.3999938964844,271.80999755859375,266.0899963378906,270.92999267578125,5142225.0,265.8782958984375,269.7974548339844,263.5989685058594,267.200927734375,2168211.5,264.9800109863281,0.022454454837199433,0.008381450131955237,0.014073004705244196,0.0001980494614338253
2022-09-01,268.3999938964844,271.6000061035156,264.6000061035156,265.8500061035156,2217970.0,268.8384094238281,271.5683898925781,264.75372314453125,267.7345275878906,3102177.5,270.92999267578125,-0.01875018163214137,-0.011794430938897982,-0.00695575069324339,4.83824677065559e-05
2022-09-02,268.0,268.0,261.32000732421875,261.7200012207031,2321585.0,264.44366455078125,266.52264404296875,258.8829345703125,261.6425476074219,3159681.0,265.8500061035156,-0.015535094180905817,-0.015826437462843068,0.0002913432819372508,8.48809079299684e-08
2022-09-05,264.17999267578125,267.6000061035156,262.010009765625,264.1600036621094,2988435.0,264.875244140625,271.1072998046875,260.3640441894531,263.4324035644531,3598947.5,261.7200012207031,0.009322949831979566,0.006542879167671822,0.0027800706643077433,7.728792898544496e-06
2022-09-06,266.760009765625,278.30999755859375,263.489990234375,276.95001220703125,8058715.0,267.7977294921875,273.23040771484375,264.2559814453125,268.8441467285156,4389872.5,264.1600036621094,0.0484176573577042,0.017732219115191183,0.03068543824251302,0.0009415961201350804
2022-09-07,275.20001220703125,278.1700134277344,272.20001220703125,273.32000732421875,3464835.0,275.18145751953125,280.04388427734375,271.27435302734375,275.8685607910156,4879597.5,276.95001220703125,-0.013107076088875291,-0.0039048614130667847,-0.009202214675808507,8.468075493966546e-05
2022-09-08,274.79998779296875,277.17999267578125,271.20001220703125,272.2900085449219,3184610.0,273.3847961425781,276.30316162109375,269.8309020996094,272.7209167480469,2301141.0,273.32000732421875,-0.0037684719438597636,-0.0021919016541706027,-0.001576570289689161,2.4855738783305646e-06
2022-09-09,273.989990234375,275.0,264.0,264.82000732421875,3022760.0,272.05157470703125,274.953857421875,268.43524169921875,271.3767395019531,2818037.0,272.2900085449219,-0.027433989446111973,-0.0033540306816586263,-0.024079958764453346,0.0005798444140977736
2022-09-12,266.25,266.8699951171875,262.0,265.70001220703125,4745365.0,268.3714294433594,271.04302978515625,264.5951232910156,267.3198547363281,2617051.75,264.82000732421875,0.0033230302034359394,0.009439798138245692,-0.0061167679348097526,3.741484996831676e-05
2022-09-13,267.0,270.0,264.7300109863281,266.5199890136719,3598305.0,265.3135681152344,270.11297607421875,262.6465148925781,266.8961181640625,4101916.75,265.70001220703125,0.0030860999961177527,0.004501715852761157,-0.001415615856643404,2.003968253580239e-06
2022-09-14,264.6700134277344,270.8900146484375,263.0199890136719,266.92999267578125,3689160.0,267.21746826171875,270.9911804199219,264.6966552734375,268.3789978027344,3004396.25,266.5199890136719,0.0015383598942304566,0.0069751195621095,-0.005436759667879043,2.9558355686276243e-05
2022-09-15,268.2699890136719,274.79998779296875,262.6000061035156,265.19000244140625,4760095.0,268.16815185546875,271.93096923828125,265.64666748046875,269.0627136230469,2952639.0,266.92999267578125,-0.006518526513011325,0.007989813830535208,-0.014508340343546533,0.00021049193952417993
2022-09-16,265.9599914550781,267.6000061035156,253.60000610351562,256.80999755859375,5117185.0,266.6441345214844,267.79302978515625,261.2190246582031,262.6341247558594,2141363.5,265.19000244140625,-0.03160000303806343,-0.009637911165642832,-0.021962091872420597,0.0004823334794126429
2022-09-19,257.3999938964844,261.6600036621094,256.0199890136719,257.3800048828125,1969205.0,257.31915283203125,262.0279235839844,250.3029022216797,254.12086486816406,3448948.0,256.80999755859375,0.002219568278640338,-0.010471292846829794,0.012690861125470132,0.00016105795610596901
2022-09-20,259.0400085449219,263.70001220703125,258.0,259.2200012207031,3808500.0,256.9696350097656,258.56500244140625,251.13511657714844,253.82444763183594,2465105.5,257.3800048828125,0.007148948259319443,-0.013814426853381412,0.020963375112700855,0.0004394630961158056
2022-09-21,259.95001220703125,261.989990234375,252.60000610351562,254.55999755859375,3779985.0,259.53509521484375,261.86151123046875,256.5858459472656,260.60797119140625,2195839.0,259.2200012207031,-0.017977021989679653,0.005354409243758074,-0.023331431233437727,0.0005443556834006336
2022-09-22,252.60000610351562,255.1999969482422,248.25,251.44000244140625,4041540.0,256.1839294433594,260.2243347167969,254.94174194335938,257.5396728515625,3717125.5,254.55999755859375,-0.01225642342516664,0.011705198466160915,-0.023961621891327556,0.000574159323662948
2022-09-23,251.0,251.3800048828125,239.30999755859375,240.6300048828125,5578410.0,250.53204345703125,253.86668395996094,248.15415954589844,251.36544799804688,1931569.5,251.44000244140625,-0.04299235385631539,-0.0002965098736695815,-0.04269584398264581,0.0018229350933904322
2022-09-26,238.22999572753906,240.44000244140625,229.64999389648438,234.99000549316406,3960710.0,240.04470825195312,241.65855407714844,232.82943725585938,234.6715087890625,2916976.5,240.6300048828125,-0.02343847099365326,-0.02476206612991516,0.0013235951362619014,1.7519040847361613e-06
2022-09-27,236.02000427246094,237.8300018310547,229.1999969482422,233.00999450683594,3060765.0,231.99746704101562,240.92282104492188,229.89718627929688,238.5161590576172,5260534.5,234.99000549316406,-0.008425937018779805,0.015005546968063221,-0.023431483986843027,0.0005490344418256812
2022-09-28,231.9499969482422,238.6999969482422,231.0,234.97999572753906,7037355.0,231.0066680908203,233.1635284423828,222.8726806640625,226.0024871826172,5264520.0,233.00999450683594,0.008454578203276775,-0.030073848716447138,0.03852842691972391,0.0014844396809085062
2022-09-29,238.0,242.52999877929688,237.39999389648438,241.85000610351562,8863220.0,235.43504333496094,238.72731018066406,231.6859893798828,234.88604736328125,3742766.75,234.97999572753906,0.02923657545701208,-0.0003998143074559479,0.02963638976446803,0.0008783155982714654
2022-09-30,240.0,244.5500030517578,237.8000030517578,239.50999450683594,3689185.0,241.8506622314453,243.73751831054688,236.6319580078125,238.95855712890625,3290834.5,241.85000610351562,-0.009675466353629592,-0.011955546419840868,0.0022800800662112763,5.198765108334018e-06
2022-10-03,240.0,243.39999389648438,231.52999877929688,233.92999267578125,3393565.0,239.5810089111328,246.0829315185547,237.50538635253906,244.6953582763672,3175276.5,239.50999450683594,-0.023297574042971392,0.021649884716536283,-0.044947458759507675,0.0020202740489376433
2022-10-04,236.02000427246094,240.75,235.0800018310547,239.97000122070312,2886230.0,233.9410400390625,240.8798370361328,226.60935974121094,239.19326782226562,3107864.5,233.92999267578125,0.025819726986838765,0.022499360113173106,0.003320366873665659,1.1024836175736262e-05
2022-10-06,242.16000366210938,243.60000610351562,238.39999389648438,239.5500030517578,4285510.0,242.05906677246094,248.8809356689453,240.27491760253906,246.31610107421875,3914404.5,239.97000122070312,-0.001750211138095703,0.026445388262006375,-0.028195599400102078,0.0007949918255310366
2022-10-07,239.39999389648438,241.92999267578125,234.1199951171875,239.82000732421875,5047815.0,243.33184814453125,248.0753631591797,242.5467529296875,246.21823120117188,3665069.0,239.5500030517578,0.001127131158510597,0.027836476996300874,-0.026709345837790277,0.0007133891550826848
2022-10-10,236.7899932861328,238.5399932861328,232.8000030517578,235.5500030517578,3026365.0,234.86846923828125,243.11618041992188,232.83364868164062,242.80722045898438,4883309.5,239.82000732421875,-0.017805037703498283,0.012456063062024514,-0.030261100765522797,0.0009157342195411244
2022-10-11,235.0,238.85000610351562,233.99000549316406,234.77000427246094,2086380.0,231.43711853027344,244.93370056152344,234.00599670410156,242.78701782226562,5449035.5,235.5500030517578,-0.0033113936284920875,0.030723900134773663,-0.03403529376326575,0.0011584012215517965
2022-10-12,235.9499969482422,243.57000732421875,234.3300018310547,242.39999389648438,2322665.0,237.56153869628906,242.96792602539062,235.73483276367188,240.46798706054688,3695330.5,234.77000427246094,0.032499848725003666,0.024270488922738087,0.008229359802265579,6.772236275514457e-05
2022-10-13,242.17999267578125,242.17999267578125,235.00999450683594,237.8000030517578,2016655.0,241.5652313232422,245.10716247558594,239.45101928710938,242.5623016357422,2423228.75,242.39999389648438,-0.018976860398317363,0.0006695863999366392,-0.019646446798254003,0.00038598287179662495
2022-10-14,240.0,243.16000366210938,236.07000732421875,236.77999877929688,3429520.0,237.79464721679688,241.69903564453125,235.73097229003906,239.32174682617188,2721268.75,237.8000030517578,-0.004289336666824739,0.0063992588514931725,-0.010688595518317912,0.00011424607415420574
2022-10-17,236.0399932861328,239.47000122070312,234.39999389648438,238.47999572753906,1567175.0,239.0980682373047,242.12681579589844,236.95803833007812,239.88665771484375,1657309.5,236.77999877929688,0.007179647592729044,0.013120444934382247,-0.005940797341653203,3.529307305459377e-05
2022-10-18,241.9600067138672,246.1699981689453,240.32000732421875,244.8300018310547,4394830.0,237.70057678222656,241.31100463867188,235.1177215576172,238.41497802734375,3110021.5,238.47999572753906,0.026626996885602328,-0.0002726337695410086,0.026899630655143336,0.0007235901293831271
2022-10-19,245.0,246.8000030517578,241.02999877929688,242.91000366210938,1833905.0,245.20799255371094,247.97854614257812,240.2031707763672,245.40234375,3381089.0,244.8300018310547,-0.007842168666363891,0.0023377115331650877,-0.010179880199528979,0.00010362996087676217
2022-10-20,242.55999755859375,245.69000244140625,239.0,243.16000366210938,3339120.0,237.2655487060547,244.72145080566406,229.01602172851562,243.3388214111328,4048728.0,242.91000366210938,0.0010291877494998936,0.0017653358962519405,-0.000736148146752047,5.419140939664733e-07
2022-10-21,245.0,246.5500030517578,236.67999267578125,239.5399932861328,5002910.0,238.52955627441406,246.93783569335938,237.5509490966797,243.63198852539062,4506579.5,243.16000366210938,-0.014887359440111103,0.0019410464557201301,-0.016828405895831233,0.0002831952449948474
2022-10-24,243.0,243.0,238.4199981689453,239.8000030517578,395760.0,240.17718505859375,251.7875518798828,238.23464965820312,249.2813262939453,5765394.5,239.5399932861328,0.0010854545082767952,0.04066683343426658,-0.039581378925989785,0.0015666855576827884
2022-10-25,240.0,248.0,237.0399932861328,243.4199981689453,4718435.0,244.08834838867188,246.36265563964844,238.02212524414062,241.79847717285156,4851912.0,239.8000030517578,0.015095892706916247,0.008333920332196154,0.006761972374720093,4.5724270396477694e-05
2022-10-27,245.0,250.74000549316406,242.2100067138672,249.3800048828125,4543535.0,241.65869140625,245.94052124023438,239.6236572265625,244.08897399902344,3202926.0,243.4199981689453,0.024484457968529938,0.002748236936612747,0.02173622103191719,0.00047246330474835926
2022-10-28,250.6300048828125,256.7699890136719,248.80999755859375,254.94000244140625,2765695.0,252.32301330566406,258.5241394042969,250.62635803222656,256.19244384765625,4002162.75,249.3800048828125,0.022295282098524716,0.027317502732606913,-0.005022220634082197,2.5222700097400988e-05
2022-10-31,254.7899932861328,254.7899932861328,245.0,245.8300018310547,3104155.0,256.3333435058594,262.9388732910156,254.42880249023438,260.6170349121094,4392317.0,254.94000244140625,-0.03573390022401579,0.022268111776643895,-0.058002012000659686,0.0033642333961246703
2022-11-01,246.3000030517578,247.25999450683594,240.60000610351562,241.5399932861328,6675575.0,245.76243591308594,252.9224090576172,243.0894775390625,250.87338256835938,3617496.0,245.8300018310547,-0.01745111871198768,0.020515725093516846,-0.037966843805504524,0.0014414812285515773
2022-11-02,241.60000610351562,244.55999755859375,240.0,241.55999755859375,2733960.0,242.18687438964844,246.067626953125,232.41896057128906,242.7230987548828,4958558.0,241.5399932861328,8.281971109114217e-05,0.004898176292273293,-0.004815356581182151,2.318765900393425e-05
2022-11-03,240.39999389648438,248.6699981689453,239.1699981689453,248.0500030517578,3636250.0,242.9457550048828,245.26193237304688,236.74893188476562,237.828125,3000741.0,241.55999755859375,0.02686705397730349,-0.015449050324189306,0.042316104301492796,0.001790652683254817
2022-11-04,249.0,252.86000061035156,248.0800018310547,251.91000366210938,3337760.0,244.9700469970703,251.5555877685547,238.76715087890625,241.52850341796875,4155400.25,248.0500030517578,0.015561381023430743,-0.02629106854890184,0.041852449572332584,0.0017516275352046418
2022-11-07,252.8699951171875,258.79998779296875,251.33999633789062,257.8299865722656,2258285.0,251.98446655273438,255.3589324951172,249.60708618164062,252.65382385253906,3545456.0,251.91000366210938,0.023500388329543265,0.002952721922974355,0.02054766640656891,0.00042220659475564046
2022-11-09,252.8000030517578,259.79998779296875,252.8000030517578,255.05999755859375,1989790.0,255.60020446777344,257.92742919921875,252.8087615966797,254.70045471191406,2574021.5,257.8299865722656,-0.010743471116364867,-0.012137966967912805,0.0013944958515479389,1.944618679984411e-06
2022-11-10,253.9600067138672,258.0,247.49000549316406,249.02999877929688,3089160.0,255.75619506835938,258.3279113769531,253.36866760253906,255.45538330078125,2471972.25,255.05999755859375,-0.023641491558909156,0.0015501675918296876,-0.025191659150738843,0.0006346196907670041
2022-11-11,250.39999389648438,257.3999938964844,250.39999389648438,255.35000610351562,2488040.0,248.92202758789062,252.93905639648438,247.43661499023438,251.08541870117188,2186231.0,249.02999877929688,0.025378497993006288,0.008253704099708159,0.01712479389329813,0.0002932585658879409
2022-11-14,255.97999572753906,257.1000061035156,251.0800018310547,253.14999389648438,1655990.0,252.53001403808594,266.3092956542969,248.7633514404297,258.77764892578125,3619026.25,255.35000610351562,-0.0086156732110646,0.013423312082773586,-0.022038985293838187,0.0004857168727820159
2022-11-15,253.99000549316406,254.02000427246094,249.2100067138672,250.5399932861328,1474635.0,253.38600158691406,256.63104248046875,251.49696350097656,254.19447326660156,2388596.0,253.14999389648438,-0.010310095489944215,0.004125930852458604,-0.014436026342402819,0.00020839885655854812
2022-11-16,250.39999389648438,250.9600067138672,245.05999755859375,246.72999572753906,2486780.0,252.11094665527344,256.00323486328125,251.5281982421875,254.27777099609375,2847469.0,250.5399932861328,-0.015207143213428975,0.014918886445774548,-0.030126029659203524,0.0009075776630272104
2022-11-17,246.39999389648438,261.9599914550781,246.39999389648438,255.1300048828125,10895855.0,244.93783569335938,247.96630859375,242.2572784423828,245.42694091796875,2227505.5,246.72999572753906,0.034045350385971895,-0.00528129871573968,0.039326649101711575,0.0015465853295691518
2022-11-18,255.10000610351562,256.8900146484375,248.39999389648438,250.25,5665580.0,255.5599822998047,258.9906311035156,251.88128662109375,255.25645446777344,4811748.0,255.1300048828125,-0.019127522398057484,0.0004956280427268478,-0.01962315044078433,0.0003850680332216543
2022-11-21,250.49000549316406,261.0,248.60000610351562,260.0299987792969,11427320.0,247.59194946289062,249.91334533691406,244.4427490234375,246.53538513183594,1810759.5,250.25,0.03908091420298443,-0.014843615856799497,0.053924530059783926,0.0029078549421685403
2022-11-22,260.989990234375,270.989990234375,258.20001220703125,269.29998779296875,9851655.0,259.7508239746094,263.51959228515625,256.9385070800781,260.3601379394531,5741133.5,260.0299987792969,0.03564969064027057,0.0012696195120027731,0.0343800711282678,0.0011819892907847529
2022-11-23,270.0,272.5899963378906,265.04998779296875,266.8500061035156,6956495.0,264.30242919921875,270.676513671875,257.4023132324219,265.7413330078125,9402204.0,269.29998779296875,-0.009097593020823358,-0.013214463224900164,0.004116870204076806,1.69486202772154e-05
2022-11-24,268.19000244140625,268.19000244140625,261.0,262.3399963378906,3504165.0,268.11358642578125,289.11212158203125,269.03680419921875,278.8514709472656,7482444.0,266.8500061035156,-0.016900916853925363,0.044974572116346145,-0.06187548897027151,0.003828576135310191
2022-11-25,263.0,264.3999938964844,255.0399932861328,256.0299987792969,4325525.0,263.0480651855469,269.0618591308594,260.71453857421875,266.315673828125,5417618.0,262.3399963378906,-0.024052746995035235,0.015154675404941864,-0.0392074223999771,0.001537221971250226
2022-11-28,254.8000030517578,258.9599914550781,249.39999389648438,252.9499969482422,22810780.0,255.08975219726562,257.92999267578125,251.61228942871094,255.0972442626953,2689657.5,256.0299987792969,-0.012029847462170729,-0.0036431454167431543,-0.008386702045427574,7.033677119877906e-05
2022-11-29,250.5500030517578,256.20001220703125,250.3000030517578,254.05999755859375,8742450.0,263.7885437011719,278.7413330078125,259.8872985839844,272.8160095214844,13653458.0,252.9499969482422,0.004388221481491872,0.0785373109820875,-0.07414908950059562,0.00549808747376734
2022-11-30,254.49000549316406,275.0,254.39999389648438,270.0,11378515.0,244.62997436523438,263.11468505859375,241.47024536132812,251.73834228515625,6058435.0,254.05999755859375,0.06274109499560243,-0.009138216546278777,0.07187931154188121,0.005166635427734817
2022-12-01,269.2900085449219,269.2900085449219,255.39999389648438,257.3699951171875,8011285.0,269.0147705078125,274.74468994140625,265.8771057128906,271.87591552734375,5962227.5,270.0,-0.04677779586226849,0.006947835286458259,-0.05372563114872675,0.002886443442329038
2022-12-02,257.3299865722656,259.6400146484375,253.60000610351562,258.07000732421875,5168550.0,253.7628936767578,266.6703796386719,250.5904998779297,257.8998107910156,4411581.5,257.3699951171875,0.002719867196300463,0.0020585759174720497,0.0006612912788284131,4.37306155454518e-07
2022-12-05,259.20001220703125,260.0,255.8000030517578,258.9700012207031,4417660.0,257.7305908203125,265.0716247558594,255.957275390625,262.4533386230469,5665029.0,258.07000732421875,0.0034874021426043456,0.016985047368643924,-0.013497645226039579,0.00018218642664802903
2022-12-06,259.0,267.79998779296875,258.0400085449219,265.30999755859375,10171880.0,259.14013671875,262.5030517578125,256.43499755859375,259.41943359375,3980201.0,258.9700012207031,0.02448158592889471,0.0017354611380793195,0.022746124790815392,0.0005173861929993465
2022-12-07,265.6000061035156,273.3500061035156,265.3999938964844,267.0400085449219,6943485.0,262.44952392578125,270.5362854003906,257.4749755859375,258.60675048828125,5587417.5,265.30999755859375,0.0065207153980169075,-0.02526571607552064,0.031786431473537546,0.0010103772258218983
2022-12-08,266.9800109863281,271.0,265.0,267.6400146484375,2846375.0,270.72698974609375,274.086181640625,267.54327392578125,270.6997985839844,4664359.0,267.0400085449219,0.0022468771881225535,0.01370502517208716,-0.011458147983964606,0.00013128915522243217
2022-12-09,269.67999267578125,270.82000732421875,263.2900085449219,268.80999755859375,3202765.0,266.7369384765625,268.0024108886719,262.11773681640625,263.8804931640625,3096707.25,267.6400146484375,0.004371479771786424,-0.01404693348755559,0.018418413259342015,0.00033923794699190573
2022-12-12,268.0,275.19000244140625,265.6499938964844,272.7099914550781,5938835.0,270.87799072265625,275.7649841308594,268.0513916015625,271.6378173828125,4355212.0,268.80999755859375,0.014508366250902904,0.010519771771518194,0.003988594479384711,1.590888592097819e-05
2022-12-13,272.20001220703125,274.19000244140625,268.0,273.1700134277344,1977965.0,270.64453125,276.5423583984375,265.3689270019531,272.9524841308594,7888016.0,272.7099914550781,0.001686854120018566,0.000889196154814087,0.0007976579652044791,6.3625822945415e-07
2022-12-14,273.19000244140625,276.0,271.0799865722656,275.7099914550781,4138030.0,271.3609619140625,272.7332763671875,266.08905029296875,267.9035949707031,3562008.75,273.1700134277344,0.009298158298826964,-0.019278903972468564,0.028577062271295528,0.0008166484880575023
2022-12-15,275.0799865722656,280.8399963378906,274.010009765625,278.6400146484375,3778060.0,275.8082275390625,282.04608154296875,275.35919189453125,280.333740234375,2746288.75,275.7099914550781,0.010627192645054295,0.016770334491306382,-0.006143141846252087,3.77381917431735e-05
2022-12-16,275.3999938964844,280.79998779296875,267.6199951171875,274.0899963378906,9071230.0,277.60675048828125,283.3485107421875,276.9911804199219,281.5199890136719,2696189.75,278.6400146484375,-0.016329378665471572,0.010335824769705404,-0.026665203435176976,0.000711033074239374
2022-12-19,274.7900085449219,277.3699951171875,272.3999938964844,274.45001220703125,3297195.0,270.15289306640625,273.7272644042969,266.0233154296875,269.3950500488281,5469842.0,274.0899963378906,0.00131349510726686,-0.01712921431570491,0.01844270942297177,0.00034013353086017174
2022-12-20,273.9800109863281,279.79998779296875,270.4800109863281,277.8500061035156,2851545.0,274.435302734375,278.9059753417969,272.9004821777344,276.7788391113281,2920891.25,274.45001220703125,0.012388390399923122,0.008485431957423684,0.003902958442499438,1.5233084603877638e-05
2022-12-21,277.3599853515625,283.8999938964844,272.04998779296875,273.8800048828125,4286630.0,276.9754333496094,280.3431396484375,274.6570129394531,277.4498596191406,2773192.75,277.8500061035156,-0.014288289125407028,-0.0014401528723592127,-0.012848136253047815,0.00016507460517688153
2022-12-22,275.0,277.3999938964844,265.6700134277344,267.8800048828125,1549960.0,274.41278076171875,277.9137268066406,272.23968505859375,275.46234130859375,2796515.25,273.8800048828125,-0.021907404312217937,0.005777480639590049,-0.027684884951807986,0.0007664528547948443
2022-12-23,265.3900146484375,265.3900146484375,258.1199951171875,260.29998779296875,1564975.0,272.3717346191406,278.7745361328125,271.2521057128906,276.6550598144531,2114701.5,267.8800048828125,-0.028296315334023214,0.03275740918206793,-0.061053724516091146,0.003727557277286749
2022-12-26,260.30999755859375,273.3999938964844,259.010009765625,270.2300109863281,1606850.0,261.87591552734375,267.6497497558594,260.9552917480469,265.7892761230469,1557506.0,260.29998779296875,0.038148381325539216,0.021088315741466968,0.017060065584072248,0.0002910458377328464
2022-12-27,272.3999938964844,278.0,265.9100036621094,275.7799987792969,2420365.0,270.85931396484375,274.3807678222656,268.2486267089844,271.3187561035156,2196692.75,270.2300109863281,0.02053801416323653,0.004028957084424523,0.016509057078812006,0.0002725489656314728
2022-12-28,272.7099914550781,279.3999938964844,270.5,277.7200012207031,2201075.0,274.3284606933594,276.9852294921875,270.66485595703125,273.6612854003906,2793889.5,275.7799987792969,0.007034601675224517,-0.007682621612460805,0.014717223287685322,0.00021659666129958714
2022-12-29,269.79998779296875,269.79998779296875,250.27000427246094,262.45001220703125,19945730.0,277.65057373046875,282.0058288574219,275.6792297363281,279.37445068359375,1919766.5,277.7200012207031,-0.05498339675411734,0.005957257149713957,-0.0609406539038313,0.003713763298226549
2022-12-30,266.0,276.9599914550781,265.0299987792969,275.3800048828125,7329350.0,261.4949645996094,269.217529296875,259.46258544921875,266.0699768066406,5737294.5,262.45001220703125,0.04926649675893913,0.013792967922416466,0.03547352883652266,0.0012583712481156048
2023-01-02,276.20001220703125,278.0,272.3999938964844,277.1600036621094,2184945.0,273.8723449707031,276.8232421875,269.8764343261719,272.8205871582031,4094452.5,275.3800048828125,0.006463790935200109,-0.009294130580390303,0.015757921515590412,0.00024831209049150724
2023-01-03,273.760009765625,275.3900146484375,267.1199951171875,269.92999267578125,2678225.0,275.2895202636719,279.018798828125,272.1697692871094,276.00115966796875,3961118.0,277.1600036621094,-0.026086054592286523,-0.004181137172856286,-0.021904917419430237,0.00047982540715205824
2023-01-04,269.6000061035156,270.5799865722656,263.57000732421875,265.6700134277344,2709675.0,267.3416748046875,268.99761962890625,262.75994873046875,265.07989501953125,1894998.0,269.92999267578125,-0.01578179292274362,-0.0179679835062847,0.002186190583541081,4.779429267563693e-06
2023-01-05,267.19000244140625,268.0,262.25,263.9800109863281,2309935.0,265.76824951171875,268.55377197265625,262.9990539550781,266.0450439453125,1607136.75,265.6700134277344,-0.006361284134409617,0.001411640375740486,-0.007772924510150103,6.041835544049222e-05
2023-01-06,264.9800109863281,265.1499938964844,257.3999938964844,258.92999267578125,1599915.0,267.6516418457031,272.4689025878906,263.3611755371094,263.83355712890625,2905245.75,263.9800109863281,-0.0191303057063984,-0.0005547914665002818,-0.018575514239898117,0.0003450497292766577
2023-01-09,260.0,264.94000244140625,259.8999938964844,263.7200012207031,2348255.0,260.1415710449219,264.39617919921875,258.6975402832031,262.2885437011719,1263522.25,258.92999267578125,0.0184992418044041,0.012970884487669254,0.005528357316734844,3.056273462149569e-05
2023-01-10,264.5299987792969,267.5199890136719,263.7200012207031,266.7799987792969,2849300.0,262.76666259765625,264.3533935546875,258.2867736816406,260.16619873046875,1563508.75,263.7200012207031,0.011603206220346163,-0.013475665379131585,0.025078871599477748,0.0006289498007030916
2023-01-11,266.79998779296875,268.7699890136719,263.82000732421875,266.8999938964844,1445245.0,265.25799560546875,270.33575439453125,263.5486145019531,268.5284118652344,1837183.75,266.7799987792969,0.0004497905305367311,0.006553763752671582,-0.006103973222134851,3.725848909653931e-05
2023-01-12,268.29998779296875,268.45001220703125,261.0400085449219,262.5299987792969,2259350.0,267.28070068359375,271.7996826171875,265.1221008300781,268.97454833984375,3109856.5,266.8999938964844,-0.01637315555309593,0.007772778159612859,-0.02414593371270879,0.0005830261148585268
2023-01-13,262.0,262.6000061035156,253.52000427246094,256.6400146484375,4597480.0,263.0854187011719,266.50909423828125,260.68121337890625,263.41632080078125,1307830.75,262.5299987792969,-0.022435470834748172,0.0033760790218473335,-0.025811549856595506,0.0006662361059995154
2023-01-16,257.79998779296875,260.30999755859375,253.8000030517578,254.5399932861328,2549280.0,255.91709899902344,259.9497375488281,254.47117614746094,257.8567199707031,1152361.5,256.6400146484375,-0.008182751100530572,0.004740902637230482,-0.012923653737761054,0.00016702082593354525
2023-01-17,255.5500030517578,256.1300048828125,252.5800018310547,254.3300018310547,3167635.0,254.49942016601562,256.9039306640625,251.3446044921875,253.74510192871094,2135914.5,254.5399932861328,-0.0008249841306551264,-0.0031228544762642585,0.002297870345609132,5.280208125229832e-06
2023-01-18,255.60000610351562,258.3500061035156,251.22999572753906,256.79998779296875,2375830.0,254.68663024902344,263.20849609375,253.65740966796875,261.16845703125,1916023.25,254.3300018310547,0.009711736500339407,0.026888118393275207,-0.0171763818929358,0.0002950280949319728
2023-01-19,256.79998779296875,259.4700012207031,254.4600067138672,258.9599914550781,2489795.0,258.1615295410156,260.806396484375,256.6236572265625,258.553466796875,2210328.0,256.79998779296875,0.008411229613650706,0.006828189592126943,0.0015830400215237628,2.506015709745955e-06
2023-01-20,258.79998779296875,258.79998779296875,253.27999877929688,255.4600067138672,1984570.0,257.16156005859375,261.4300842285156,250.47088623046875,252.3129425048828,3654533.5,258.9599914550781,-0.013515542387628199,-0.02566824671581891,0.012152704328190711,0.00014768822248842524
2023-01-23,256.4200134277344,259.3900146484375,254.97999572753906,256.9200134277344,1269830.0,255.66490173339844,260.97894287109375,253.92137145996094,258.6163024902344,3742356.75,255.4600067138672,0.00571520659005742,0.012355342102149391,-0.006640135512091971,4.4091399618944905e-05
2023-01-24,257.5799865722656,258.55999755859375,252.60000610351562,253.05999755859375,1061495.0,257.80963134765625,260.8899841308594,255.60389709472656,258.461181640625,1782703.75,256.9200134277344,-0.015024193007160846,0.00599863043882376,-0.021022823445984606,0.0004419591056410401
2023-01-25,253.7100067138672,254.1300048828125,246.0,250.83999633789062,2130930.0,252.92205810546875,256.01116943359375,250.0017547607422,252.97256469726562,3183384.75,253.05999755859375,-0.00877262800174139,-0.00034550249810971767,-0.008427125503631672,7.101644425395936e-05
2023-01-27,251.0,256.79998779296875,246.00999450683594,248.2100067138672,2410525.0,249.68959045410156,255.52291870117188,247.85780334472656,252.96493530273438,2805954.75,250.83999633789062,-0.010484729957023098,0.008471292440864975,-0.018956022397888073,0.0003593307851492343
2023-01-30,247.8000030517578,252.97999572753906,245.47999572753906,248.77000427246094,5905675.0,249.6187744140625,254.03018188476562,247.69586181640625,251.3679656982422,1384086.5,248.2100067138672,0.0022561441660138293,0.012722931787417568,-0.01046678762140374,0.00010955364311157055
2023-01-31,249.52000427246094,259.0799865722656,246.67999267578125,257.32000732421875,6053500.0,251.53912353515625,255.47201538085938,249.33505249023438,252.881103515625,3141295.75,248.77000427246094,0.03436910762920431,0.01652570314973123,0.01784340447947308,0.00031838708341807995
2023-02-01,265.6000061035156,273.3800048828125,255.63999938964844,259.4700012207031,7936630.0,258.21600341796875,262.1131591796875,255.61172485351562,259.1883850097656,3592533.25,257.32000732421875,0.008355331242375641,0.007260911053809993,0.001094420188565648,1.1977555491400683e-06
2023-02-02,258.5799865722656,259.9200134277344,250.60000610351562,252.89999389648438,2552580.0,261.3859558105469,265.3266296386719,258.0461120605469,262.05364990234375,4602030.0,259.4700012207031,-0.0253208744491058,0.009957408060606632,-0.03527828250971243,0.001244557216835082
2023-02-03,254.24000549316406,256.8399963378906,250.0,255.80999755859375,2600590.0,253.55516052246094,260.3460998535156,251.3982391357422,258.21490478515625,2203471.25,252.89999389648438,0.01150653907607646,0.021015860090717764,-0.009509321014641303,9.04271861594987e-05
2023-02-06,252.0,259.5199890136719,252.0,258.7300109863281,2088355.0,257.5079040527344,262.1720886230469,256.0062561035156,259.2631530761719,2965852.5,255.80999755859375,0.011414774463869515,0.01349890758975203,-0.0020841331258825146,4.343610886400822e-06
2023-02-07,258.7799987792969,260.6000061035156,255.8000030517578,258.260009765625,1940780.0,258.4057312011719,261.0546569824219,255.0740509033203,257.33489990234375,3126846.5,258.7300109863281,-0.001816570172557097,-0.005392150213521574,0.0035755800409644767,1.2784772629343528e-05
2023-02-08,259.55999755859375,262.1600036621094,258.010009765625,261.5299987792969,1715770.0,258.28851318359375,261.1722106933594,255.5445556640625,258.47998046875,1511945.0,258.260009765625,0.012661615774890667,0.0008517412483823872,0.01180987452650828,0.00013947313633186914
2023-02-09,261.70001220703125,263.489990234375,259.7099914550781,263.010009765625,1437655.0,260.85943603515625,263.602783203125,257.8484802246094,260.8076171875,2166479.5,261.5299987792969,0.005659048649241605,-0.0027621366388889124,0.008421185288130517,7.091636165702586e-05
2023-02-10,264.0,264.0,253.5399932861328,255.72000122070312,3358630.0,263.6776428222656,268.8024597167969,260.13909912109375,262.74859619140625,2604872.25,263.010009765625,-0.027717608738230926,-0.0009939301338823814,-0.026723678604348544,0.0007141549981485161
2023-02-13,255.72000122070312,256.94000244140625,250.60000610351562,251.22000122070312,1789390.0,258.8638916015625,264.8730163574219,256.55908203125,262.210693359375,3252024.5,255.72000122070312,-0.017597372041759818,0.025382027638385596,-0.042979399680145414,0.0018472287968656837
2023-02-14,252.39999389648438,254.89999389648438,249.97999572753906,254.0399932861328,1050085.0,254.4512939453125,258.4329833984375,251.9814910888672,255.59988403320312,1191783.5,251.22000122070312,0.01122518928320626,0.017434451043777166,-0.0062092617605709055,3.85549316112881e-05
2023-02-15,253.10000610351562,255.5800018310547,251.39999389648438,254.5399932861328,1236070.0,254.50918579101562,258.8139343261719,252.9486083984375,256.891845703125,996590.75,254.0399932861328,0.001968194037215376,0.011225997844284574,-0.009257803807069198,8.570693133018494e-05
2023-02-16,256.3999938964844,256.4599914550781,249.27000427246094,251.74000549316406,3304915.0,254.0581817626953,256.8885192871094,251.79405212402344,254.66464233398438,1114579.5,254.5399932861328,-0.011000188052261106,0.0004897031945445551,-0.011489891246805661,0.00013201760086342136
2023-02-17,249.97999572753906,252.25999450683594,246.10000610351562,246.82000732421875,2077315.0,251.70692443847656,254.65516662597656,249.26893615722656,252.1881561279297,2038318.0,251.74000549316406,-0.01954396624130894,0.001780212222875388,-0.02132417846418433,0.00045472058717238275
2023-02-20,251.75999450683594,251.75999450683594,246.83999633789062,247.44000244140625,2309105.0,251.21514892578125,257.0218200683594,248.75894165039062,254.23464965820312,2892282.5,246.82000732421875,0.002511932172390985,0.030040685981524318,-0.027528753809133333,0.000757832286283873
2023-02-21,249.39999389648438,250.52999877929688,242.1999969482422,242.99000549316406,2163550.0,249.16192626953125,252.64170837402344,246.74891662597656,250.0039825439453,1940934.25,247.44000244140625,-0.01798414526485448,0.010362027470260049,-0.028346172735114528,0.0008035055087289502
2023-02-22,242.1999969482422,244.25999450683594,239.02000427246094,241.61000061035156,3253235.0,244.1824188232422,247.6338653564453,241.41188049316406,243.77967834472656,1702624.75,242.99000549316406,-0.00567926602582558,0.0032498161805454284,-0.008929082206371008,7.972850904813136e-05
2023-02-23,241.99000549316406,243.0500030517578,239.02000427246094,240.05999755859375,1641205.0,241.9767608642578,245.4456787109375,239.1647491455078,241.8367462158203,2556244.0,241.61000061035156,-0.006415309994794116,0.0009384777322791749,-0.007353787727073291,5.407819393485376e-05
2023-02-24,240.55999755859375,244.39999389648438,240.17999267578125,243.69000244140625,2464105.0,240.9335479736328,245.18197631835938,238.0421142578125,241.38388061523438,4346504.5,240.05999755859375,0.015121240188826102,0.005514800758579019,0.009606439430247082,9.228367852700589e-05
2023-02-27,243.69000244140625,244.1199951171875,238.39999389648438,240.5800018310547,1437525.0,244.3228759765625,247.18597412109375,241.83802795410156,244.42770385742188,1814118.75,243.69000244140625,-0.012762118179630022,0.003027212477430208,-0.01578933065706023,0.00024930296259798203
2023-02-28,241.0,242.52999877929688,238.0,240.6699981689453,13260610.0,243.55477905273438,246.26304626464844,239.4459991455078,241.587890625,2271992.25,240.5800018310547,0.000374080709974578,0.0041894121966674636,-0.0038153314866928856,1.4556754353350145e-05
2023-03-01,241.39999389648438,246.2899932861328,241.0,244.3300018310547,2913235.0,242.02980041503906,245.31617736816406,238.45663452148438,241.1055908203125,1782356.75,240.6699981689453,0.015207560933873099,0.0018099167103553526,0.013397644223517746,0.00017949687073995843
2023-03-02,244.60000610351562,244.97999572753906,238.60000610351562,241.9199981689453,2720640.0,244.57168579101562,247.3377227783203,241.7164764404297,244.16024780273438,2455289.25,244.3300018310547,-0.009863723832719495,-0.0006947735728242144,-0.009168950259895281,8.406964886843374e-05
2023-03-03,243.1300048828125,245.8000030517578,242.07000732421875,243.3800048828125,1836725.0,242.76853942871094,246.08609008789062,240.5966796875,243.5321044921875,1903496.0,241.9199981689453,0.006035080708158613,0.006663799336325882,-0.0006287186281672685,3.952871134045321e-07
2023-03-06,244.0,249.80999755859375,244.0,249.3699951171875,3145920.0,244.10768127441406,247.90771484375,241.8074951171875,245.2041473388672,3153169.0,243.3800048828125,0.024611677681817712,0.007495038291798206,0.017116639390019506,0.0002929793440079673
2023-03-08,249.0,258.9800109863281,244.22000122070312,254.08999633789062,51702925.0,248.48562622070312,251.63104248046875,245.45449829101562,249.38235473632812,1864558.25,249.3699951171875,0.018927703064216095,4.956337724126847e-05,0.018878139686974826,0.00035638415804093397
2023-03-09,255.99000549316406,262.94000244140625,255.0,258.0799865722656,8022010.0,254.6920928955078,257.0043640136719,252.3350830078125,254.6008758544922,2949595.5,254.08999633789062,0.015703059120316887,0.0020106242825954634,0.013692434837721423,0.0001874827717852473
2023-03-10,256.989990234375,257.0,251.69000244140625,253.92999267578125,1446625.0,258.9965515136719,261.11981201171875,255.10891723632812,257.2170104980469,1927361.25,258.0799865722656,-0.01608026236983051,-0.0033438318316756366,-0.012736430538154875,0.00016221666285324407
2023-03-13,254.14999389648438,256.7699890136719,250.33999633789062,251.61000061035156,3683830.0,250.05471801757812,251.61378479003906,246.49041748046875,248.58560180664062,1373109.25,253.92999267578125,-0.009136345183106687,-0.02104670981487544,0.011910364631768755,0.00014185678566168807
2023-03-14,250.2100067138672,251.60000610351562,244.60000610351562,247.8000030517578,3141790.0,252.76087951660156,256.2519226074219,250.61993408203125,254.2173309326172,2245457.5,251.61000061035156,-0.015142472673389418,0.010362586208579883,-0.0255050588819693,0.0006505080285727211
2023-03-15,250.1999969482422,250.80999755859375,245.0800018310547,245.91000366210938,1987050.0,246.6458282470703,248.73826599121094,243.4669952392578,245.43060302734375,1738402.0,247.8000030517578,-0.007627116087055352,-0.009561743322170857,0.0019346272351155047,3.7427825388506624e-06
2023-03-16,246.39999389648438,252.1699981689453,245.74000549316406,250.0399932861328,3988570.0,246.89419555664062,249.63540649414062,244.93434143066406,247.67074584960938,1716816.0,245.91000366210938,0.016794719867103236,0.007160108012195021,0.009634611854908215,9.282574559473792e-05
2023-03-17,251.3000030517578,253.58999633789062,247.36000061035156,249.1999969482422,4182610.0,252.78164672851562,257.7210693359375,251.14564514160156,256.2225036621094,2914823.5,250.0399932861328,-0.003359447930113224,0.024726085994177804,-0.02808553392429103,0.0007887972158125022
2023-03-20,254.97999572753906,254.97999572753906,240.7100067138672,243.94000244140625,3402415.0,252.9965362548828,254.77978515625,251.76876831054688,252.81654357910156,1070704.0,249.1999969482422,-0.021107522356544894,0.014512627107337028,-0.03562014946388192,0.0012687950478292877
2023-03-21,246.67999267578125,257.7300109863281,243.6199951171875,252.10000610351562,5079360.0,244.2406463623047,249.81356811523438,242.831298828125,247.57493591308594,3367565.25,243.94000244140625,0.033450863246873075,0.014900932341151307,0.018549930905721768,0.0003440999366070516
2023-03-22,252.38999938964844,252.9600067138672,248.33999633789062,249.22999572753906,1814750.0,253.1673583984375,255.49005126953125,251.205078125,253.30474853515625,2554983.5,252.10000610351562,-0.011384412163790714,0.004778827459234414,-0.016163239623025127,0.0002612503151113295
2023-03-23,248.39999389648438,252.8300018310547,246.8000030517578,252.11000061035156,2141185.0,250.71493530273438,254.67564392089844,248.9380340576172,252.84323120117188,1986221.0,249.22999572753906,0.011555611010646283,0.014497594734073749,-0.002941983723427466,8.655268228912137e-06
2023-03-24,250.86000061035156,251.86000061035156,245.0,246.63999938964844,4290270.0,250.50924682617188,252.68426513671875,242.78640747070312,250.0199432373047,2305994.75,252.11000061035156,-0.02169688313617235,-0.008290259680246326,-0.013406623455926026,0.0001797375524889859
2023-03-27,246.39999389648438,246.60000610351562,241.1300048828125,241.8800048828125,1948390.0,246.43145751953125,248.7555694580078,242.05992126464844,244.21600341796875,5237775.5,246.63999938964844,-0.019299361492926215,-0.009828073214718902,-0.009471288278207313,8.970530164890724e-05
2023-03-28,242.2100067138672,246.86000061035156,240.42999267578125,245.17999267578125,2605125.0,242.9613800048828,245.0181884765625,239.626953125,241.4200897216797,2138688.5,241.8800048828125,0.013643078081495563,-0.001901418686325984,0.015544496767821547,0.00024163137976481453
2023-03-29,245.17999267578125,252.0,244.3000030517578,250.36000061035156,1649135.0,245.03367614746094,249.97096252441406,242.93531799316406,247.71820068359375,3604137.0,245.17999267578125,0.02112736801252857,0.010352427129602493,0.010774940882926076,0.00011609935103055177
2023-03-31,250.60000610351562,256.3800048828125,250.60000610351562,251.8800048828125,4489935.0,248.46571350097656,251.3853759765625,243.43101501464844,249.6417999267578,1272771.0,250.36000061035156,0.006071274439827912,-0.002868671839921899,0.00893994627974981,7.992263948481249e-05
2023-04-03,253.1999969482422,258.20001220703125,253.1999969482422,257.2900085449219,2297460.0,254.00833129882812,256.90625,251.50701904296875,254.66043090820312,2051998.75,251.8800048828125,0.02147849593947071,0.0110386929152404,0.01043980302423031,0.00010898948718472832
2023-04-05,256.20001220703125,258.8399963378906,254.88999938964844,257.80999755859375,1710530.0,256.2087097167969,258.64483642578125,253.77110290527344,255.946533203125,1444646.25,257.2900085449219,0.002021022956206542,-0.00522163821826882,0.007242661174475362,5.2456140888252833e-05
2023-04-06,257.20001220703125,261.3999938964844,256.0299987792969,260.7699890136719,1428390.0,258.5796813964844,264.0301208496094,255.6659698486328,258.0852355957031,2539055.5,257.80999755859375,0.011481290419722345,0.0010676003247189758,0.01041369009500337,0.0001084449413947713
2023-04-10,260.7699890136719,261.3999938964844,257.010009765625,260.95001220703125,630385.0,259.5702819824219,261.80718994140625,257.0085754394531,259.6799011230469,1988358.5,260.7699890136719,0.000690352421458762,-0.00418026589159326,0.004870618313052022,2.3722922751437723e-05
2023-04-11,260.95001220703125,262.0,255.39999389648438,259.05999755859375,2316150.0,258.2818603515625,259.5964050292969,255.24058532714844,257.6100769042969,1447450.5,260.95001220703125,-0.0072428226097878134,-0.012799138327246218,0.005556315717458404,3.08726443520753e-05
2023-04-12,259.79998779296875,262.3999938964844,257.7099914550781,261.79998779296875,2680600.0,259.24420166015625,262.7345886230469,257.47332763671875,261.0279235839844,1776116.5,259.05999755859375,0.01057666278158309,0.0075964102676466805,0.00298025251393641,8.881905046824292e-06
2023-04-13,261.7900085449219,261.7900085449219,258.3999938964844,259.32000732421875,774615.0,260.19091796875,261.23883056640625,255.139892578125,257.6986389160156,2230169.5,261.79998779296875,-0.00947280589910171,-0.01566596282730337,0.00619315692820166,3.835519273733222e-05
2023-04-17,260.0,265.3999938964844,259.17999267578125,264.2699890136719,2927410.0,258.78369140625,260.09173583984375,255.5786590576172,257.47052001953125,1682900.0,259.32000732421875,0.019088313857959838,-0.007132065604082527,0.026220379462042365,0.000687508299133493
2023-04-18,265.45001220703125,269.0,263.79998779296875,267.8399963378906,2602290.0,264.1059265136719,268.0107727050781,261.5350341796875,266.2889404296875,2666757.75,264.2699890136719,0.013508939617180804,0.00763973019997799,0.005869209417202814,3.44476191829822e-05
2023-04-19,269.4700012207031,273.9800109863281,267.510009765625,273.30999755859375,2649705.0,269.8394775390625,272.24200439453125,266.325439453125,269.5519714355469,2125642.0,267.8399963378906,0.02042264521913495,0.006391782859407336,0.014030862359727614,0.00019686509855762114
2023-04-20,274.010009765625,274.7099914550781,267.1700134277344,267.8699951171875,1972785.0,271.17919921875,273.6523132324219,266.7307434082031,269.9268798828125,1969292.5,273.30999755859375,-0.019904147268670624,-0.012378316585568538,-0.007525830683102086,5.663812747072081e-05
2023-04-21,271.0799865722656,272.3500061035156,268.2099914550781,271.7699890136719,1533610.0,268.3753662109375,272.6678466796875,265.8136901855469,270.7113952636719,1965329.75,267.8699951171875,0.014559278633570871,0.010607384919095963,0.003951893714474908,1.5617463930506285e-05
2023-04-24,272.20001220703125,282.3599853515625,271.239990234375,278.5199890136719,3484290.0,273.7839050292969,276.32025146484375,270.3902282714844,273.8382568359375,2235406.5,271.7699890136719,0.024837179500568185,0.007610361356571893,0.017226818143996292,0.0002967632633663199
2023-04-25,279.94000244140625,293.8599853515625,279.0199890136719,286.54998779296875,11463135.0,281.2443542480469,286.09466552734375,274.85894775390625,278.96441650390625,2194793.5,278.5199890136719,0.028830960419514717,0.00159567538332972,0.027235285036184997,0.0007417607510022424
2023-04-26,287.9700012207031,287.9700012207031,276.3999938964844,281.2300109863281,4680385.0,285.2493896484375,287.7079772949219,279.44854736328125,283.1296081542969,3276116.0,286.54998779296875,-0.018565615192014162,-0.011936415230780262,-0.0066291999612339,4.394629212602355e-05
2023-04-27,280.0,282.3999938964844,276.3999938964844,281.1099853515625,5355815.0,283.1702575683594,286.6009216308594,278.97418212890625,283.40545654296875,2725838.5,281.2300109863281,-0.0004267881452078015,0.007735467310231003,-0.008162255455438805,6.662241411984054e-05
2023-04-28,270.0,273.0,261.79998779296875,266.5199890136719,15378245.0,279.1299133300781,282.8824462890625,273.8741149902344,278.4144287109375,3929994.75,281.1099853515625,-0.051901380591813706,-0.009588975067014727,-0.04231240552479898,0.0017903396612950393
2023-05-02,269.7799987792969,270.6600036621094,264.3299865722656,265.05999755859375,4445290.0,266.0574645996094,271.5247497558594,263.64825439453125,269.29473876953125,2825972.75,266.5199890136719,-0.005477981071818294,0.010411038084340518,-0.015889019156158812,0.0002524609297447817
2023-05-03,264.6099853515625,267.1400146484375,263.25,263.80999755859375,2404405.0,266.00030517578125,270.9727783203125,262.9673767089844,267.9253234863281,3393886.75,265.05999755859375,-0.004715913421540208,0.010810103199751842,-0.01552601662129205,0.00024105719212463698
2023-05-04,265.20001220703125,266.20001220703125,263.20001220703125,265.5400085449219,2605540.0,264.4427490234375,267.1799011230469,262.2181701660156,263.99310302734375,1527395.5,263.80999755859375,0.006557791601297769,0.0006940808553297373,0.0058637107459680315,3.438310371238097e-05
2023-05-05,265.6000061035156,269.4700012207031,263.25,263.7699890136719,1867575.0,265.99420166015625,268.6207275390625,262.4891357421875,265.6456298828125,2728266.0,265.5400085449219,-0.00666573576218954,0.0003977605426368491,-0.007063496304826389,4.989298004829605e-05
2023-05-08,265.79998779296875,271.0,263.7699890136719,269.5799865722656,3146345.0,266.3736572265625,270.9428405761719,264.0458068847656,269.0633850097656,2382173.5,263.7699890136719,0.022026757404507435,0.02006822692713306,0.001958530477374376,3.835841630804302e-06
2023-05-09,271.739990234375,280.0,269.1400146484375,269.6499938964844,4717955.0,272.041748046875,274.4701843261719,268.18670654296875,271.9292907714844,3169091.5,269.5799865722656,0.0002596903616951529,0.008714683271152213,-0.00845499290945706,7.148690509896916e-05
2023-05-10,272.20001220703125,272.20001220703125,266.1000061035156,270.6099853515625,2721495.0,270.6574401855469,274.7119140625,267.89935302734375,271.9391174316406,1984698.75,269.6499938964844,0.003560138983154104,0.008489240077769189,-0.004929101094615085,2.4296037600935626e-05
2023-05-11,270.2200012207031,273.9800109863281,268.010009765625,272.8599853515625,1675840.0,268.89483642578125,272.03179931640625,265.8328857421875,269.73193359375,2329462.25,270.6099853515625,0.008314549062470533,-0.0032447130754313935,0.011559262137901927,0.000133616541172733
2023-05-12,272.989990234375,274.92999267578125,268.20001220703125,269.95001220703125,1868500.0,272.4848937988281,275.28778076171875,269.3062438964844,272.5689392089844,1639249.75,272.8599853515625,-0.01066471194294738,-0.0010666501436740194,-0.00959806179927336,9.212279030267058e-05
2023-05-15,270.6000061035156,273.5199890136719,267.2099914550781,268.1199951171875,3314115.0,271.1599426269531,275.5925598144531,268.8246765136719,273.08917236328125,2003403.75,269.95001220703125,-0.006779096155181019,0.01162867202925888,-0.0184077681844399,0.0003388459295320778
2023-05-16,270.0,272.05999755859375,265.0,265.7200012207031,5037130.0,269.7023620605469,273.6585693359375,266.91119384765625,271.846923828125,2762165.0,268.1199951171875,-0.00895119327238314,0.01390022668510249,-0.02285141995748563,0.0005221873940733726
2023-05-17,265.79998779296875,270.1199951171875,265.0199890136719,268.8399963378906,1876620.0,268.6817626953125,273.22406005859375,265.99249267578125,270.9721984863281,2604385.0,265.7200012207031,0.01174166454483827,0.019765908631253604,-0.008024244086415333,6.438849315837145e-05
2023-05-18,270.489990234375,271.3999938964844,265.8900146484375,269.2200012207031,3189190.0,267.71466064453125,270.86639404296875,265.0942687988281,268.5899353027344,2076045.0,268.8399963378906,0.0014134983186613326,-0.0009301481868864148,0.0023436465055477473,5.492678942966167e-06
2023-05-19,271.3800048828125,271.3800048828125,266.6000061035156,267.8599853515625,3457825.0,268.02911376953125,270.29736328125,265.1292419433594,267.99517822265625,2033407.75,269.2200012207031,-0.005051689558628669,-0.004549524524527393,-0.0005021650341012762,2.521697214739359e-07
2023-05-22,267.20001220703125,267.5799865722656,261.20001220703125,263.8599853515625,3724060.0,268.6685791015625,271.470947265625,265.9566955566406,269.43023681640625,2217811.0,267.8599853515625,-0.014933174862792775,0.005862209925767026,-0.0207953847885598,0.00043244802850426437
2023-05-23,264.7900085449219,276.07000732421875,264.07000732421875,272.6600036621094,3621815.0,264.63214111328125,268.156982421875,262.4061584472656,266.1800842285156,2181872.0,263.8599853515625,0.03335109072647713,0.008792916720062216,0.024558174006414912,0.0006031039105293531
2023-05-24,272.5400085449219,278.0,271.239990234375,273.92999267578125,4991420.0,272.7814025878906,275.74224853515625,268.77728271484375,272.98919677734375,2730570.0,272.6600036621094,0.004657775238812389,0.0012073392166542796,0.00345043602215811,1.190550874300628e-05
2023-05-25,273.92999267578125,277.6000061035156,271.6700134277344,275.07000732421875,2376370.0,273.43682861328125,276.05804443359375,269.140625,273.1518249511719,2880844.25,273.92999267578125,0.004161700722515649,-0.0028407540080154225,0.007002454730531071,4.903437225313698e-05
2023-05-26,275.07000732421875,277.2300109863281,273.0,276.7200012207031,2622815.0,272.60601806640625,274.70318603515625,268.5748291015625,270.9446716308594,1553685.75,275.07000732421875,0.005998450767260799,-0.014997402782982894,0.020995853550243693,0.0004408258663032807
2023-05-29,277.6000061035156,284.67999267578125,276.7200012207031,281.760009765625,5878845.0,275.3410949707031,277.89495849609375,270.45574951171875,273.8392028808594,2709892.5,276.7200012207031,0.01821338726036692,-0.010410517227289695,0.028623904487656615,0.0008193279081184885
2023-05-30,282.29998779296875,284.239990234375,281.1400146484375,283.3599853515625,3948785.0,278.6001281738281,281.1158752441406,274.2036437988281,277.28857421875,1830433.875,281.760009765625,0.005678504864009559,-0.015869659965565885,0.021548164829575445,0.00046432340752255215
2023-05-31,283.5299987792969,283.9800109863281,278.2799987792969,279.95001220703125,6080605.0,280.22796630859375,282.85296630859375,277.1561584472656,280.0835876464844,1136753.75,283.3599853515625,-0.01203406733770307,-0.011562668952756816,-0.0004713983849462533,2.2221643732993602e-07
2023-06-01,279.95001220703125,283.70001220703125,279.95001220703125,282.04998779296875,2902875.0,279.238037109375,282.0397033691406,275.2499694824219,279.0110778808594,3010848.25,279.95001220703125,0.00750125198917484,-0.003353935650045603,0.010855187639220443,0.00011783509868268428
2023-06-02,283.07000732421875,284.8399963378906,280.8399963378906,282.6700134277344,3680045.0,280.3958740234375,283.5320129394531,276.6854248046875,279.91424560546875,2103597.5,282.04998779296875,0.0021982827924131865,-0.007572211593455891,0.009770494385869077,9.546256054429916e-05
2023-06-05,284.20001220703125,285.42999267578125,279.5299987792969,280.19000244140625,2510040.0,280.92156982421875,283.40234375,276.95635986328125,279.9126281738281,1874681.25,282.6700134277344,-0.008773519894292425,-0.00975478516617112,0.0009812652718786952,9.628815337951695e-07
2023-06-06,281.489990234375,283.95001220703125,277.1499938964844,281.7799987792969,1777200.0,281.40301513671875,285.20489501953125,275.9028015136719,278.3779296875,2784049.5,280.19000244140625,0.005674707605683116,-0.006467299825536066,0.012142007431219182,0.00014742834445978184
2023-06-07,280.0,285.20001220703125,278.0,281.6700134277344,3799040.0,279.69171142578125,282.12310791015625,276.4855041503906,279.1732177734375,1676633.75,281.7799987792969,-0.00039032348654610693,-0.00925112150313101,0.008860798016584903,7.851374149071495e-05
2023-06-08,282.6000061035156,289.79998779296875,280.0,282.19000244140625,4030580.0,281.78082275390625,284.73345947265625,275.80145263671875,278.0171203613281,2494543.75,281.6700134277344,0.0018460929061776543,-0.01296869702938197,0.014814789935559625,0.00021947800083475875
2023-06-09,282.0,287.760009765625,281.79998779296875,283.44000244140625,2435880.0,281.99310302734375,284.43316650390625,277.2191467285156,280.416748046875,4248174.5,282.19000244140625,0.00442963956619824,-0.006283902261560281,0.010713541827758521,0.0001147799784951314
2023-06-12,285.0,292.25,283.3999938964844,290.4700012207031,2951100.0,283.1260986328125,285.62225341796875,279.95806884765625,282.70538330078125,1996137.75,283.44000244140625,0.02480242280110101,-0.0025917976795701847,0.027394220480671194,0.0007504433157436251
2023-06-13,291.6199951171875,292.20001220703125,287.0,288.67999267578125,3300860.0,285.91986083984375,288.4774169921875,281.2251281738281,284.8884582519531,2893203.75,290.4700012207031,-0.006162455804039513,-0.01921555735633118,0.013053101552291668,0.00017038346013443915
2023-06-14,290.0,290.0,280.45001220703125,281.55999755859375,3617290.0,288.04730224609375,291.73553466796875,285.7909851074219,289.1900634765625,1921869.375,288.67999267578125,-0.024663971518053995,0.0017669073497383891,-0.026430878867792384,0.000698591357723914
2023-06-15,282.79998779296875,284.0,280.79998779296875,282.8399963378906,2747890.0,282.74395751953125,286.79345703125,280.30517578125,284.1734619140625,2210150.75,281.55999755859375,0.00454609600225786,0.009282086866494232,-0.004735990864236372,2.242960946613038e-05
2023-06-16,281.29998779296875,282.20001220703125,278.0199890136719,280.29998779296875,6897545.0,283.0285949707031,286.8871154785156,280.37060546875,283.9038391113281,3308061.0,282.8399963378906,-0.008980372570389528,0.003761288315696998,-0.012741660886086525,0.00016234992213602726
2023-06-19,294.6000061035156,300.17999267578125,290.55999755859375,293.9700012207031,15970295.0,280.4080810546875,282.77679443359375,277.45660400390625,279.870361328125,1691709.125,280.29998779296875,0.04876922591174404,-0.001532738079036533,0.050301963990780574,0.0025302875813297855
2023-06-20,294.0,314.5400085449219,291.2099914550781,311.92999267578125,13814600.0,289.45208740234375,290.94586181640625,281.5730285644531,284.8203125,4372269.5,293.9700012207031,0.061094640203080974,-0.03112456605337033,0.0922192062564513,0.008504382002569907
2023-06-21,343.1199951171875,358.7099914550781,335.0,346.8699951171875,67327115.0,302.81793212890625,305.00640869140625,296.28009033203125,298.71002197265625,3962234.25,311.92999267578125,0.11201232091113078,-0.04238121057139188,0.15439353148252266,0.023837362563644715
2023-06-22,353.0,353.0,338.3399963378906,343.75,20695285.0,309.56732177734375,316.459228515625,304.9774169921875,312.0265197753906,3957354.5,346.8699951171875,-0.008994710298114494,-0.10045110800092483,0.09145639770281033,0.008364272680774611
2023-06-23,338.6099853515625,341.7099914550781,328.3699951171875,335.3299865722656,26775580.0,335.17669677734375,337.61932373046875,323.7161865234375,329.7007141113281,10658013.0,343.75,-0.024494584517045448,-0.04087064985795452,0.016376065340909074,0.0002681755160497234
2023-06-26,333.739990234375,342.69000244140625,328.45001220703125,340.6700134277344,9027690.0,328.8427734375,330.4672546386719,314.387451171875,320.70855712890625,19354988.0,335.3299865722656,0.015924692301020782,-0.04360310747278895,0.05952779977380973,0.003543558945910782
2023-06-27,340.79998779296875,345.7099914550781,332.0,339.2300109863281,9250910.0,331.55194091796875,334.26336669921875,322.9036865234375,327.93194580078125,6029728.0,340.6700134277344,-0.004226971510985944,-0.037391220609016784,0.03316424909803084,0.0010998674182362393
2023-06-28,342.0,343.6700134277344,337.8299865722656,340.20001220703125,9058510.0,334.7448425292969,338.22760009765625,326.4872131347656,332.164306640625,5863414.5,339.2300109863281,0.002859420420624925,-0.020828653470721048,0.023688073891345973,0.0005611248446818667
2023-06-30,340.2200012207031,353.3900146484375,339.55999755859375,347.0400085449219,13348225.0,338.29949951171875,341.8619079589844,330.25408935546875,336.0481262207031,5395950.0,340.20001220703125,0.020105808619807153,-0.012204249962817326,0.03231005858262448,0.0010439398856126258
2023-07-03,350.5400085449219,355.5799865722656,348.6199951171875,351.5899963378906,7848930.0,344.7666931152344,347.88287353515625,331.7306823730469,337.70458984375,8937894.0,347.0400085449219,0.013110845092604961,-0.026900122381605662,0.040010967474210624,0.0016008775182223404
2023-07-04,354.3999938964844,358.6400146484375,348.0,355.5400085449219,8948575.0,348.52703857421875,352.283935546875,340.4684753417969,345.7568359375,5167429.0,351.5899963378906,0.011234711590699442,-0.016590803097778606,0.027825514688478048,0.0007742592676787076
2023-07-05,355.6000061035156,365.6000061035156,353.7799987792969,360.45001220703125,13158105.0,348.29693603515625,352.155517578125,337.8912658691406,343.65972900390625,4789985.0,355.5400085449219,0.013809989154818236,-0.03341474730125782,0.047224736456076055,0.002230175733345839
2023-07-06,360.32000732421875,360.32000732421875,353.45001220703125,354.2699890136719,4616375.0,354.67413330078125,359.5484619140625,340.5693664550781,344.1873779296875,14251034.0,360.45001220703125,-0.017145298887685345,-0.04511758559187673,0.027972286704191385,0.0007824488234614821
2023-07-07,355.0,355.79998779296875,342.3999938964844,343.7200012207031,6705130.0,353.4098205566406,355.5885009765625,341.4293518066406,345.363525390625,9757366.0,354.2699890136719,-0.029779513140080316,-0.025140327714022526,-0.00463918542605779,2.1522041417347e-05
2023-07-10,345.7900085449219,346.0799865722656,340.7699890136719,344.6400146484375,6425075.0,346.3455505371094,350.9873046875,340.25677490234375,345.6392822265625,7727117.0,343.7200012207031,0.0026766362867072235,0.005583850224145204,-0.00290721393743798,8.451892878033644e-06
2023-07-11,345.9800109863281,355.510009765625,345.2300109863281,352.1400146484375,6085610.0,341.35040283203125,348.6405944824219,338.7332458496094,345.69439697265625,3473915.5,344.6400146484375,0.021761837515155147,0.0030593729091332733,0.018702464606021874,0.0003497821823395009
2023-07-12,352.0199890136719,363.5899963378906,351.94000244140625,361.1000061035156,6537300.0,349.13580322265625,352.1473388671875,342.2341613769531,346.3226623535156,5428195.5,352.1400146484375,0.025444400188440408,-0.016519997878485015,0.041964398066925424,0.0017610107051193743
2023-07-13,363.5,365.8399963378906,356.6000061035156,357.79998779296875,6218315.0,356.4409484863281,360.1206359863281,350.88092041015625,355.07073974609375,3344189.0,361.1000061035156,-0.009138793283766544,-0.016696943382752183,0.007558150098985639,5.712563291879662e-05
2023-07-14,360.0,362.2699890136719,354.5299987792969,356.7799987792969,4492200.0,358.05523681640625,361.0011901855469,349.49700927734375,353.5741882324219,5004453.0,357.79998779296875,-0.0028507240035515746,-0.011810507838787343,0.008959783835235768,8.027772637415217e-05
2023-07-17,357.2200012207031,358.4100036621094,351.0400085449219,353.8999938964844,4223875.0,359.7481994628906,364.74395751953125,355.61907958984375,360.6622619628906,3378294.75,356.7799987792969,-0.008072215069976685,0.010881392445979854,-0.01895360751595654,0.0003592392378689242
2023-07-18,355.760009765625,360.239990234375,354.0,356.8299865722656,7805875.0,353.15313720703125,356.3962097167969,347.5622253417969,351.2091979980469,3554805.5,353.8999938964844,0.008279154355222307,-0.007603266303600309,0.015882420658822616,0.0002522512859837954
2023-07-19,356.79998779296875,358.94000244140625,354.55999755859375,357.1499938964844,5968125.0,358.9576416015625,362.78857421875,353.41192626953125,357.6983642578125,5230897.5,356.8299865722656,0.0008968061437122365,0.002433589435373973,-0.0015367832916617363,2.3617028855306813e-06
2023-07-20,357.0,359.70001220703125,355.6000061035156,356.57000732421875,2878425.0,355.6627197265625,361.2615661621094,352.0488586425781,357.387939453125,5276779.5,357.1499938964844,-0.0016239299514974048,0.0006662342452947723,-0.002290164196792177,5.244852048268758e-06
2023-07-21,355.69000244140625,373.6300048828125,355.0,366.29998779296875,15551270.0,355.85260009765625,359.2362060546875,351.2904357910156,354.9084777832031,3655264.5,356.57000732421875,0.027287714246540196,-0.004659756869300646,0.03194747111584084,0.0010206409106974848
2023-07-24,368.1600036621094,369.5899963378906,356.0,359.260009765625,30150490.0,361.8829345703125,364.6615905761719,350.6663818359375,354.8614501953125,6178927.5,366.29998779296875,-0.01921915987429057,-0.031227239909495386,0.012008080035204816,0.0001441939861318845
2023-07-25,366.17999267578125,366.19000244140625,359.20001220703125,364.70001220703125,7020285.0,361.6827087402344,366.0594177246094,354.58953857421875,358.813720703125,8467370.0,359.260009765625,0.015142243204177452,-0.001242245310829726,0.01638448851500718,0.0002684514638984021
2023-07-26,365.20001220703125,367.0799865722656,361.739990234375,363.8299865722656,3995010.0,364.176025390625,368.31689453125,358.72479248046875,362.3486328125,7993420.0,364.70001220703125,-0.0023855925572926484,-0.006447434372983896,0.004061841815691247,1.6498558935697968e-05
2023-07-27,367.6000061035156,369.82000732421875,357.30999755859375,362.3299865722656,11626560.0,367.12286376953125,371.69805908203125,362.7439270019531,366.94732666015625,5517084.0,363.8299865722656,-0.004122804758705745,0.00856812303257315,-0.012690927791278894,0.00016105964820345499
2023-07-28,365.2099914550781,367.6600036621094,358.0,363.57000732421875,5905730.0,361.822998046875,362.90472412109375,352.4443359375,355.6934509277344,7782313.0,362.3299865722656,0.00342235199378349,-0.018316274916449937,0.021738626910233427,0.00047256789994232494
2023-07-31,366.2900085449219,379.6000061035156,363.6099853515625,378.6300048828125,7778860.0,361.0435791015625,365.7536315917969,356.9657287597656,361.9649353027344,4895476.0,363.57000732421875,0.04142255206756862,-0.004414753662705273,0.04583730573027389,0.0021010585966105997
2023-08-01,378.6300048828125,380.20001220703125,369.0,370.739990234375,5345210.0,369.7667236328125,372.94970703125,363.548583984375,367.604736328125,4967225.0,378.6300048828125,-0.02083832381662276,-0.029118845343754196,0.008280521527131435,6.856703676128711e-05
2023-08-02,372.0,373.25,360.3299865722656,366.6300048828125,7630985.0,370.625732421875,373.10693359375,361.442626953125,365.697509765625,5679928.0,370.739990234375,-0.011085897016300361,-0.013601123702792983,0.002515226686492622,6.326365284444655e-06
2023-08-03,365.79998779296875,367.7200012207031,358.29998779296875,363.69000244140625,3816705.0,366.2372131347656,369.863525390625,360.8719482421875,364.67938232421875,6062141.5,366.6300048828125,-0.008018990268802373,-0.005320411675572623,-0.00269857859322975,7.282326423837857e-06
2023-08-04,365.0,368.739990234375,360.4100036621094,367.3999938964844,5455600.0,366.37274169921875,370.7162780761719,360.76519775390625,366.7735595703125,3850261.5,363.69000244140625,0.010200971789637858,0.008478531464177541,0.0017224403254603171,2.9668006747718433e-06
2023-08-07,368.17999267578125,372.0,366.6300048828125,370.9599914550781,4926185.0,365.8723449707031,368.0547790527344,359.53125,363.2896728515625,5081567.0,367.3999938964844,0.009689705002000615,-0.01118759148939985,0.020877296491400466,0.0004358615087898422
2023-08-08,370.9800109863281,374.95001220703125,368.0,372.2799987792969,9859755.0,370.399658203125,371.9712829589844,362.7704772949219,366.2848815917969,4855347.5,370.9599914550781,0.0035583549563957817,-0.012602733370095542,0.016161088326491324,0.0002611807758966541
2023-08-09,374.6000061035156,375.17999267578125,368.0,369.7799987792969,6340300.0,369.6650390625,373.40386962890625,363.4873962402344,368.44061279296875,8388000.0,372.2799987792969,-0.0067153755458189135,-0.010313167505419107,0.003597791959600194,1.2944106984563803e-05
2023-08-10,370.92999267578125,374.7799987792969,368.0,370.1400146484375,5397960.0,368.96392822265625,369.33953857421875,357.5793151855469,360.0065002441406,5072669.0,369.7799987792969,0.0009735947599358585,-0.026430576470929057,0.027404171230864915,0.0007509886008505642
2023-08-11,370.0,370.010009765625,360.82000732421875,361.5899963378906,5133290.0,367.061279296875,370.31463623046875,362.825439453125,367.0130920410156,5207774.0,370.1400146484375,-0.023099416361853642,-0.008447945327910156,-0.014651471033943486,0.000214665603458485
2023-08-14,361.5899963378906,363.8599853515625,354.9100036621094,362.7099914550781,4598320.0,359.6235656738281,363.6029357910156,356.024169921875,360.2872619628906,5275493.0,361.5899963378906,0.003097417319424256,-0.0036027942924136136,0.00670021161183787,4.489283564340702e-05
2023-08-16,362.760009765625,363.3299865722656,352.0199890136719,359.20001220703125,9040420.0,357.16632080078125,360.9104309082031,354.4333801269531,358.30267333984375,2954677.0,362.7099914550781,-0.009677095560466809,-0.012151079978672819,0.00247398441820601,6.12059890152613e-06
2023-08-17,362.3900146484375,374.0,362.3900146484375,368.8800048828125,6805160.0,358.2744445800781,362.25140380859375,354.3296203613281,359.2178649902344,5934250.5,359.20001220703125,0.02694875374949035,4.9701510569155616e-05,0.026899052238921195,0.0007235590113522113
2023-08-18,370.3999938964844,370.3999938964844,361.6099853515625,364.0899963378906,4286650.0,369.384765625,371.84979248046875,363.83685302734375,368.1280517578125,5835748.0,368.8800048828125,-0.012985275649309291,-0.002038476239011322,-0.01094679941029797,0.00011983241732929997
2023-08-21,364.0,371.0,362.92999267578125,368.6499938964844,6865250.0,364.12481689453125,369.65789794921875,361.06207275390625,367.4745788574219,5451986.5,364.0899963378906,0.012524369261609491,0.009296005255772677,0.0032283640058368146,1.0422334154182724e-05
2023-08-22,370.7900085449219,370.7900085449219,366.1400146484375,369.010009765625,4892080.0,366.39837646484375,368.4679260253906,361.8266906738281,364.771728515625,3291564.5,368.6499938964844,0.00097657907256532,-0.010520182951497259,0.011496762024062579,0.00013217553703792748
2023-08-23,369.79998779296875,371.2699890136719,364.2300109863281,370.44000244140625,2475480.0,368.09869384765625,369.80035400390625,363.6307678222656,366.2826843261719,4627368.0,369.010009765625,0.0038752137826545408,-0.007390925360494571,0.011266139143149112,0.0001269258911927966
2023-08-24,371.0,386.3500061035156,371.0,375.1000061035156,8085270.0,368.31243896484375,368.50341796875,360.0632629394531,361.9842529296875,4698653.0,370.44000244140625,0.0125796448315445,-0.02282623219952118,0.03540587703106568,0.0012535761283389442
2023-08-25,373.0,375.94000244140625,367.3999938964844,372.8299865722656,4806385.0,376.388916015625,378.7003479003906,372.06683349609375,375.5163269042969,3983641.0,375.1000061035156,-0.006051771512431081,0.0011098928126018759,-0.007161664325032957,5.128943590444976e-05
2023-08-28,373.989990234375,374.19000244140625,369.2300109863281,372.3699951171875,4670145.0,370.76129150390625,372.57476806640625,364.6729736328125,367.75048828125,7199786.0,372.8299865722656,-0.001233783417764256,-0.013624167781448149,0.012390384363683893,0.0001535216246798223
2023-08-29,373.3999938964844,375.6000061035156,369.3599853515625,374.45001220703125,2919905.0,369.6790466308594,370.6810607910156,363.22601318359375,365.5294189453125,5136632.5,372.3699951171875,0.005585888006871098,-0.018370374255643807,0.023956262262514905,0.0005739025015903958
2023-08-30,374.3999938964844,384.0,373.55999755859375,376.82000732421875,3644915.0,373.44873046875,374.2652587890625,367.47698974609375,369.60198974609375,3950229.0,374.45001220703125,0.00632926970203207,-0.01294704847881556,0.01927631818084763,0.00037157644260927685
2023-08-31,379.0,387.79998779296875,377.82000732421875,385.6600036621094,12639870.0,376.89776611328125,380.1134948730469,373.74639892578125,377.5513000488281,3466274.75,376.82000732421875,0.02345946649877484,0.0019406950543900958,0.021518771444384743,0.00046305752447566825
2023-09-01,386.0,387.19000244140625,381.3699951171875,382.4100036621094,3756035.0,382.7098388671875,385.7651672363281,378.781005859375,382.7731018066406,4111339.5,385.6600036621094,-0.008427111883884786,-0.007485613825793713,-0.0009414980580910726,8.864185933892607e-07
2023-09-04,383.3999938964844,389.0,377.8500061035156,378.7799987792969,7899565.0,382.65252685546875,383.69805908203125,374.78179931640625,377.24761962890625,6614671.0,382.4100036621094,-0.009492442268900225,-0.013499605093397427,0.004007162824497201,1.6057353902032387e-05
2023-09-05,380.760009765625,385.989990234375,376.0400085449219,382.70001220703125,6793595.0,382.5666198730469,389.67303466796875,380.7662353515625,386.7664794921875,4529086.0,378.7799987792969,0.01034905074282566,0.0210847477127325,-0.010735696969906838,0.00011525518942966687
2023-09-06,383.9800109863281,385.3999938964844,376.3999938964844,378.5199890136719,6908360.0,381.55706787109375,383.54937744140625,377.0830383300781,379.62335205078125,3360053.25,382.70001220703125,-0.010922453775878305,-0.008039352124675658,-0.0028831016512026464,8.312275131167426e-06
2023-09-07,379.0,380.1600036621094,374.1300048828125,378.739990234375,6035475.0,380.2004699707031,383.30999755859375,376.67828369140625,380.3050842285156,4691077.5,378.5199890136719,0.0005812142742485094,0.0047159866497281655,-0.004134772375479656,1.7096342597029678e-05
2023-09-08,382.0,391.989990234375,380.55999755859375,390.7699890136719,7287555.0,378.9618225097656,380.6222839355469,374.2029113769531,376.7607421875,4268815.5,378.739990234375,0.031763212466294766,-0.00522587552914644,0.036989087995441206,0.0013681926307344927
2023-09-11,394.3599853515625,394.3599853515625,387.6300048828125,391.44000244140625,6565460.0,389.7293701171875,393.5750732421875,385.95233154296875,390.1744689941406,6429786.5,390.7699890136719,0.0017145979644586085,-0.0015239655968319887,0.003238563561290597,1.0488293940519235e-05
2023-09-12,393.9700012207031,393.9700012207031,378.2699890136719,382.2300109863281,6903070.0,392.9861145019531,394.9158020019531,388.05474853515625,391.24127197265625,4100972.25,391.44000244140625,-0.02352848814029107,-0.0005076907508443362,-0.023020797389446734,0.0005299571124459576
2023-09-13,380.4100036621094,384.0,375.44000244140625,382.07000732421875,6517920.0,386.47125244140625,388.83026123046875,381.4258117675781,385.12078857421875,5711973.5,382.2300109863281,-0.0004186057020915124,0.0075629267844015136,-0.007981532486493026,6.370486083294354e-05
2023-09-14,384.0,385.54998779296875,381.1199951171875,383.0799865722656,5225585.0,378.85711669921875,381.8270568847656,374.19281005859375,378.10302734375,5326969.0,382.07000732421875,0.002643440282371623,-0.010382861529097842,0.013026301811469465,0.00016968453888349268
2023-09-15,385.5899963378906,386.7300109863281,381.20001220703125,384.45001220703125,6773145.0,385.352294921875,386.1419982910156,371.99908447265625,372.71099853515625,4162249.5,383.0799865722656,0.0035763435386546583,-0.02706742299405751,0.03064376653271217,0.0009390404273113704
2023-09-18,383.2300109863281,384.9200134277344,380.2900085449219,382.5,3166810.0,383.45245361328125,385.21087646484375,378.6954040527344,381.9227294921875,4496302.0,384.45001220703125,-0.0050722126287282565,-0.006573761567427838,0.0015015489386995817,2.2546492153098403e-06
2023-09-20,380.0,389.0,378.5899963378906,383.5799865722656,4028295.0,387.35333251953125,390.5107421875,378.4207763671875,379.9941101074219,4392889.0,382.5,0.0028234943065768014,-0.006551346124387236,0.009374840430964038,8.788763310603798e-05
2023-09-21,382.94000244140625,384.79998779296875,378.20001220703125,380.05999755859375,2504980.0,381.7409973144531,383.8572082519531,377.6777038574219,380.9753723144531,4084449.5,383.5799865722656,-0.009176675366009301,-0.006790276732338785,-0.0023863986336705167,5.694898438784509e-06
2023-09-22,380.05999755859375,385.94000244140625,376.20001220703125,378.19000244140625,2804785.0,380.620849609375,385.3572082519531,377.63824462890625,383.0204162597656,5079486.0,380.05999755859375,-0.004920262930063313,0.007789345682757576,-0.012709608612820888,0.0001615341510910909
2023-09-25,378.19000244140625,391.8699951171875,372.1300048828125,389.1099853515625,10327105.0,377.9480285644531,379.58319091796875,373.51318359375,376.1338195800781,3436348.25,378.19000244140625,0.028874329939084342,-0.005436904328656067,0.03431123426774041,0.0011772607969757637
2023-09-26,388.3999938964844,388.6199951171875,374.20001220703125,376.9200134277344,5973300.0,386.3793029785156,393.074951171875,383.13848876953125,390.3067932128906,4112060.25,389.1099853515625,-0.03132783116016524,0.0030757572572874814,-0.034403588417452724,0.0011836068959974872
2023-09-27,379.6000061035156,382.67999267578125,376.04998779296875,378.4800109863281,3216495.0,382.7987060546875,387.41192626953125,377.31170654296875,382.6121826171875,5906394.5,376.9200134277344,0.004138802671704855,0.015101796101746334,-0.010962993430041479,0.00012018722494713262
2023-09-28,381.8599853515625,382.4800109863281,371.2699890136719,374.2900085449219,21636670.0,378.7835998535156,381.0633850097656,374.239501953125,377.52496337890625,3630223.5,378.4800109863281,-0.011070604311406052,-0.0025233766109152844,-0.008547227700490767,7.305510136403668e-05
2023-09-29,374.5400085449219,386.19000244140625,373.1199951171875,383.8699951171875,6908925.0,377.3561096191406,382.2231140136719,374.2319030761719,379.1131591796875,5068911.5,374.2900085449219,0.02559509031381446,0.01288613247656789,0.01270895783724657,0.00016151760930891102
2023-10-03,387.6000061035156,387.9800109863281,376.20001220703125,384.3900146484375,11039535.0,381.95147705078125,384.3483581542969,377.55224609375,380.5155944824219,3281987.5,383.8699951171875,0.0013546761608478342,-0.008738376735440312,0.010093052896288146,0.00010186971676727053
2023-10-04,381.79998779296875,383.989990234375,368.29998779296875,370.1199951171875,6700835.0,384.969970703125,389.0160217285156,380.7532653808594,385.6640625,5103620.0,384.3900146484375,-0.037123803916450204,0.0033144665652351524,-0.04043827048168536,0.0016352537195499452
2023-10-05,370.3999938964844,374.5899963378906,364.6000061035156,367.5,7397385.0,373.1661376953125,376.4894104003906,368.03375244140625,372.4526672363281,4341183.5,370.1199951171875,-0.007078772159709867,0.00630247527805694,-0.013381247437766808,0.00017905778299074076
2023-10-06,370.19000244140625,372.6000061035156,367.0,369.7699890136719,6311950.0,370.2649230957031,374.0865478515625,365.7158508300781,370.4469299316406,4372690.0,367.5,0.0061768408535289865,0.008018856956845344,-0.0018420161033163573,3.3930233248767772e-06
2023-10-09,368.010009765625,368.1700134277344,360.7300109863281,364.17999267578125,5354120.0,375.16802978515625,380.5068664550781,371.3404235839844,377.0703430175781,7163099.0,369.7699890136719,-0.01511749602178758,0.019742959733912713,-0.03486045575570029,0.0012152513754951377
2023-10-10,368.0,379.3500061035156,363.0400085449219,378.57000732421875,8377560.0,366.2173767089844,369.35369873046875,359.4430236816406,363.01422119140625,7732564.5,364.17999267578125,0.03951346844374437,-0.0032010860229020333,0.042714554466646404,0.0018245331632841023
2023-10-11,381.4100036621094,384.1000061035156,377.1099853515625,379.7200012207031,4561415.0,378.5508117675781,381.9759826660156,372.0643005371094,377.68865966796875,8168836.5,378.57000732421875,0.0030377311309279786,-0.0023280968888145237,0.005365828019742502,2.8792110337453744e-05
2023-10-12,381.7099914550781,381.7099914550781,375.0,375.6199951171875,3313985.0,383.57012939453125,386.45709228515625,377.0303955078125,381.64715576171875,6112853.5,379.7200012207031,-0.010797445724047061,0.005075198922417368,-0.01587264464646443,0.0002519408480729359
2023-10-13,374.9700012207031,377.3500061035156,374.0799865722656,376.19000244140625,2983920.0,381.49761962890625,383.7244873046875,376.37530517578125,379.9518737792969,4058404.25,375.6199951171875,0.0015175106001503735,0.01153260933502187,-0.010015098734871497,0.00010030220266922467
2023-10-16,376.19000244140625,377.0,371.1199951171875,373.510009765625,2463960.0,377.49639892578125,380.8829040527344,373.22662353515625,377.11248779296875,4664014.0,376.19000244140625,-0.007124040135007781,0.0024521793390992475,-0.009576219474107028,9.170397941626669e-05
2023-10-17,375.69000244140625,378.5799865722656,374.3999938964844,377.69000244140625,3378270.0,376.7511291503906,380.8370361328125,373.4076232910156,378.17376708984375,2877571.75,373.510009765625,0.011191112865768016,0.012486298097192261,-0.0012951852314242451,1.6775047836994755e-06
2023-10-18,377.67999267578125,378.1700134277344,370.510009765625,373.239990234375,2524565.0,374.6827087402344,375.3902282714844,367.4300231933594,369.6988525390625,3205914.0,377.69000244140625,-0.011782181625846988,-0.021157959836608287,0.009375778210761299,8.790521705738634e-05
2023-10-19,367.3999938964844,378.0,364.69000244140625,375.7699890136719,3099700.0,374.66912841796875,376.66021728515625,369.8851013183594,372.964599609375,3393644.75,373.239990234375,0.006778477241166314,-0.0007378379386063783,0.007516315179772692,5.64949938816814e-05
2023-10-20,375.29998779296875,377.1499938964844,373.20001220703125,375.3399963378906,2206225.0,376.1877136230469,378.9376220703125,364.93829345703125,366.54638671875,3516441.0,375.7699890136719,-0.0011442975446492865,-0.024545872647073752,0.023401575102424466,0.0005476337172744127
2023-10-23,374.9599914550781,383.20001220703125,373.20001220703125,376.0,10365280.0,374.71575927734375,376.9161071777344,370.75836181640625,373.9302978515625,2557995.5,375.3399963378906,0.0017584154860896817,-0.0037557907499393695,0.005514206236029051,3.0406470413461676e-05
2023-10-25,374.30999755859375,377.3699951171875,358.3999938964844,363.2300109863281,6849205.0,379.5791320800781,385.9516906738281,372.0064697265625,375.4930419921875,4526356.0,376.0,-0.03396273673848904,-0.0013482925739694007,-0.03261444416451964,0.0010637019681605693
2023-10-26,363.2300109863281,363.7699890136719,352.1700134277344,359.5199890136719,4792965.0,362.96746826171875,366.1122741699219,358.8221130371094,362.9244384765625,3814110.5,363.2300109863281,-0.010213974232420764,-0.000841264489505833,-0.00937270974291493,8.784768792493247e-05
2023-10-27,370.20001220703125,405.94000244140625,370.20001220703125,387.0400085449219,25056665.0,357.9189453125,360.8823547363281,353.6005554199219,357.5318603515625,2118275.5,359.5199890136719,0.07654656311808994,-0.005529953056473191,0.08207651617456313,0.006736554507353323
2023-10-30,387.0,387.0400085449219,373.04998779296875,378.44000244140625,10187990.0,398.99371337890625,405.4611511230469,391.0260314941406,400.15850830078125,14557804.0,387.0400085449219,-0.022219940868251298,0.033894428137231536,-0.056114369005482834,0.0031488224088834925
2023-10-31,380.3999938964844,381.3900146484375,374.1400146484375,375.9700012207031,8455335.0,378.2522277832031,381.1214904785156,372.67083740234375,376.5852355957031,4742969.5,378.44000244140625,-0.006526797391313233,-0.004901085598080446,-0.001625711793232787,2.6429388346561636e-06
2023-11-01,376.79998779296875,381.3999938964844,375.2300109863281,380.45001220703125,3794295.0,380.59124755859375,385.4573059082031,376.81488037109375,382.02783203125,3968861.25,375.9700012207031,0.011915873531883836,0.0161125376782143,-0.004196664146330464,1.7611989957095605e-05
2023-11-02,382.70001220703125,393.0,380.55999755859375,390.9700012207031,4288760.0,383.9806213378906,389.4347839355469,379.7462463378906,385.51580810546875,5789520.0,380.45001220703125,0.02765143560554595,0.013315273323426302,0.014336162282119647,0.00020552554897927
2023-11-03,392.5,405.5899963378906,390.4100036621094,402.7099914550781,9322270.0,395.22216796875,400.6078186035156,385.3709716796875,387.9705505371094,4995718.0,390.9700012207031,0.030027854305240576,-0.007671817976388828,0.037699672281629404,0.0014212652901422565
2023-11-06,401.7900085449219,402.4800109863281,396.3999938964844,398.29998779296875,5634155.0,401.63580322265625,403.6714782714844,394.2805480957031,397.83624267578125,4026740.25,402.7099914550781,-0.010950817599968299,-0.012102378591817287,0.0011515609918489877,1.3260927179482244e-06
2023-11-07,399.9800109863281,401.0799865722656,390.8500061035156,397.44000244140625,8807090.0,397.0398254394531,398.5982360839844,389.05059814453125,392.527099609375,4730027.0,398.29998779296875,-0.00215913978890081,-0.014493819634748384,0.012334679845847574,0.0001521443268995583
2023-11-08,397.44000244140625,398.5299987792969,394.25,395.92999267578125,3525375.0,398.154296875,401.5550842285156,392.65106201171875,397.3788146972656,5422115.0,397.44000244140625,-0.0037993401679480288,-0.00015395466929535306,-0.0036453854986526757,1.3288835433787217e-05
2023-11-09,394.0,394.0,388.0,388.67999267578125,4975345.0,398.8980712890625,402.2785339355469,394.41253662109375,398.7220458984375,3811462.25,395.92999267578125,-0.01831131799589847,0.0070518861271078315,-0.0253632041230063,0.0006432921233852838
2023-11-10,388.0,393.19000244140625,385.3800048828125,390.44000244140625,2430100.0,393.87384033203125,398.6007995605469,385.2807922363281,388.24169921875,4776551.0,388.67999267578125,0.004528171757719246,-0.001127646046337305,0.005655817804056551,3.198827503268307e-05
2023-11-13,391.4800109863281,394.6000061035156,386.0400085449219,393.55999755859375,2779500.0,392.1748962402344,395.0750427246094,387.9627380371094,391.8372497558594,3356362.25,390.44000244140625,0.007990971974383587,0.0035786479503026047,0.0044123240240809825,1.9468603293482195e-05
2023-11-15,397.04998779296875,408.239990234375,395.0199890136719,407.1499938964844,6346865.0,392.443115234375,395.1272277832031,388.17755126953125,391.9132385253906,3304330.0,393.55999755859375,0.03453093917622385,-0.004184264263183746,0.0387152034394076,0.001498866977354718
2023-11-16,407.3599853515625,410.20001220703125,403.1000061035156,407.1499938964844,3184495.0,404.72650146484375,411.18878173828125,400.9372863769531,407.61138916015625,5292141.0,407.1499938964844,0.0,0.0011332316605392467,-0.0011332316605392467,1.2842139964485385e-06
2023-11-17,403.7900085449219,403.7900085449219,396.2200012207031,398.9599914550781,5468870.0,406.34466552734375,412.419189453125,402.8781433105469,409.0997314453125,4884952.0,407.1499938964844,-0.020115442869166555,0.0047887451260133496,-0.024904187995179905,0.000620218579699263
2023-11-20,399.0,401.9599914550781,395.55999755859375,397.7900085449219,2862980.0,398.5433654785156,400.7039794921875,393.3424072265625,396.9773254394531,3507056.5,398.9599914550781,-0.0029325820513709244,-0.004969586069003773,0.0020370040176328486,4.149385367852366e-06
2023-11-21,400.0,403.9599914550781,396.0400085449219,399.9700012207031,5089455.0,397.5742492675781,402.21856689453125,394.42108154296875,399.74749755859375,3491410.5,397.7900085449219,0.005480260008931426,0.004920910459345507,0.0005593495495859191,3.1287191862197057e-07
2023-11-22,400.989990234375,402.0,390.6499938964844,395.4200134277344,2639075.0,399.1737060546875,408.2836608886719,397.8482971191406,406.9534912109375,3317649.5,399.9700012207031,-0.011375822634403177,0.017460034424884086,-0.028835857059287262,0.0008315066523436471
2023-11-23,395.6000061035156,399.7799987792969,394.0,394.9700012207031,1529325.0,398.0285949707031,405.4126892089844,395.25164794921875,403.322509765625,3958334.0,395.4200134277344,-0.001138061281042102,0.019985069216368556,-0.021123130497410658,0.00044618664201064023
2023-11-24,394.9700012207031,396.0,388.2200012207031,389.5,2379295.0,397.510986328125,399.3773193359375,391.81988525390625,395.2266845703125,3502289.0,394.9700012207031,-0.013849156148055375,0.0006498806208472541,-0.014499036768902629,0.00021022206722599038
2023-11-28,390.3599853515625,394.0,386.9100036621094,393.1400146484375,3604165.0,395.28155517578125,400.444580078125,391.9075622558594,397.62457275390625,3839326.5,389.5,0.00934535211408849,0.02085898011272458,-0.011513627998636089,0.00013256362969097686
2023-11-29,393.1400146484375,396.2799987792969,392.0,394.8699951171875,3299720.0,396.2991943359375,404.1402282714844,393.4060363769531,401.94500732421875,3530759.75,393.1400146484375,0.004400418182557653,0.022396582254937902,-0.01799616407238025,0.0003238619213200297
2023-11-30,394.6099853515625,404.0,394.260009765625,401.44000244140625,11002290.0,396.3495178222656,403.73992919921875,393.4951171875,401.5485534667969,3405990.75,394.8699951171875,0.016638406071519674,0.016913309271896715,-0.0002749032003770413,7.557176957753972e-08
2023-12-01,402.79998779296875,405.9800109863281,399.3999938964844,400.6499938964844,3034950.0,402.92779541015625,407.51947021484375,398.87615966796875,404.3408508300781,4221707.0,401.44000244140625,-0.0019679367778929757,0.007226106942581634,-0.00919404372047461,8.45304399339986e-05
2023-12-04,405.0,421.6000061035156,401.45001220703125,418.8900146484375,9360830.0,401.7032775878906,408.791748046875,400.41192626953125,406.84832763671875,2637560.5,400.6499938964844,0.04552607270640774,0.015470694707749866,0.030055377998657873,0.0009033257466422078
2023-12-05,418.8900146484375,419.7699890136719,408.6099853515625,413.989990234375,8296900.0,413.2119140625,420.4183349609375,410.5063171386719,417.6816711425781,4091175.75,418.8900146484375,-0.011697639577718189,-0.002884631916741931,-0.008813007660976258,7.76691040324262e-05
2023-12-06,415.3999938964844,416.82000732421875,409.0,411.1400146484375,3598450.0,415.80279541015625,419.61712646484375,411.7985534667969,416.39776611328125,3844039.75,413.989990234375,-0.00688416544642545,0.005816024386345875,-0.012700189832771325,0.00016129482178842814
2023-12-07,412.19000244140625,414.0,406.0,406.9599914550781,3904160.0,411.2158203125,415.1523132324219,406.0031433105469,410.95892333984375,8590308.0,411.1400146484375,-0.010166909190129969,-0.00044046140521880606,-0.009726447784911163,9.460378651260327e-05
2023-12-08,410.0,411.5,402.94000244140625,406.32000732421875,4218365.0,410.37762451171875,416.1714782714844,407.1808166503906,413.2235107421875,4208174.0,406.9599914550781,-0.001572597169985035,0.015390995229566107,-0.01696359239955114,0.0002877634670981093
2023-12-11,406.32000732421875,413.5799865722656,403.0899963378906,409.4200134277344,4948465.0,409.4677429199219,412.91278076171875,406.0585021972656,409.8996276855469,4195685.0,406.32000732421875,0.007629469500973984,0.008809855032493541,-0.0011803855315195566,1.3933100030207062e-06
2023-12-12,413.0,413.0,397.6099853515625,399.04998779296875,7159045.0,411.71038818359375,414.50628662109375,407.8853454589844,411.46673583984375,4716707.0,409.4200134277344,-0.025328575288603994,0.004999077585323253,-0.030327652873927247,0.0009197665288414276
2023-12-13,401.989990234375,402.3399963378906,395.2099914550781,399.05999755859375,7973270.0,402.8122253417969,408.72174072265625,397.12664794921875,400.6819152832031,4819484.0,399.04998779296875,2.5083989302565612e-05,0.00408953148767166,-0.004064447498369095,1.6519733466998792e-05
2023-12-14,401.20001220703125,426.0,401.0199890136719,423.6600036621094,11924520.0,399.1134033203125,402.54962158203125,394.50634765625,399.02447509765625,4560700.5,399.05999755859375,0.06164488110563782,-8.90153389335735e-05,0.06173389644457139,0.003811073970229064
2023-12-15,423.3999938964844,424.32000732421875,414.0199890136719,415.5400085449219,11228265.0,421.40924072265625,420.32000732421875,402.32952880859375,404.19891357421875,7935561.5,423.6600036621094,-0.019166300918185386,-0.04593563215708185,0.026769331238896465,0.0007165970949777582
2023-12-18,415.3599853515625,415.7099914550781,408.5799865722656,409.6000061035156,4203410.0,417.1671142578125,419.8316345214844,407.14849853515625,411.81182861328125,9413756.0,415.5400085449219,-0.014294658322326348,-0.008971891646956998,-0.00532276667536935,2.8331845080422487e-05
2023-12-19,411.760009765625,416.5299987792969,408.0,411.9100036621094,11070960.0,409.1918640136719,411.607421875,401.40533447265625,405.9326171875,7599376.0,409.6000061035156,0.005639642392998301,-0.00895358608732244,0.014593228480320741,0.0002129623174788444
2023-12-20,412.20001220703125,422.3900146484375,398.0,399.75,9435625.0,409.71331787109375,413.6484069824219,398.3401794433594,406.679443359375,11280201.0,411.9100036621094,-0.02952102049962413,-0.012698308504847655,-0.016822711994776474,0.0002830036388591962
2023-12-21,399.4599914550781,409.5799865722656,394.3999938964844,403.3699951171875,9405990.0,398.06060791015625,401.45404052734375,388.77313232421875,395.4637756347656,10302200.0,399.75,0.00905564757270172,-0.010722262327040322,0.01977790989974204,0.00039116572000231424
2023-12-22,405.9800109863281,413.79998779296875,403.29998779296875,411.0899963378906,6928875.0,405.2737121582031,411.8271789550781,401.73431396484375,407.2132568359375,6332182.0,403.3699951171875,0.019138759238798375,0.009527882007270838,0.009610877231527537,9.236896115949441e-05
2023-12-26,414.3999938964844,415.3599853515625,405.6199951171875,407.1499938964844,4822975.0,411.39361572265625,414.8657531738281,404.9959716796875,408.9513854980469,5898944.0,411.0899963378906,-0.009584281973545772,-0.005202293558333015,-0.004381988415212756,1.9201822471058803e-05
2023-12-27,408.2099914550781,413.1000061035156,407.1600036621094,409.9800109863281,3750095.0,410.826416015625,413.9401550292969,403.71630859375,409.25927734375,6182679.5,407.1499938964844,0.006950797328424629,0.0051806053761158655,0.001770191952308764,3.133579548018713e-06
2023-12-28,412.9599914550781,412.9599914550781,407.2200012207031,409.1300048828125,3288345.0,410.4936828613281,419.8154602050781,407.1515197753906,415.5947265625,9418784.0,409.9800109863281,-0.0020732866987116516,0.013695095921052447,-0.0157683826197641,0.0002486418904432785
2023-12-29,410.5,413.6000061035156,407.5899963378906,410.6600036621094,5291010.0,410.3595886230469,414.64385986328125,403.9562072753906,408.2460632324219,7804990.0,409.1300048828125,0.003739639628081326,-0.0021605397791438774,0.005900179407225203,3.481211703744435e-05
2024-01-01,411.1099853515625,412.0,408.2200012207031,409.7699890136719,1523610.0,411.0329895019531,415.07244873046875,404.89849853515625,407.6545104980469,7879670.0,410.6600036621094,-0.002167278625872182,-0.007318689761020458,0.005151411135148276,2.653703668332965e-05
2024-01-02,410.0,411.95001220703125,403.20001220703125,406.010009765625,5389635.0,407.82476806640625,409.665283203125,399.9671630859375,402.9612731933594,4382692.0,409.7699890136719,-0.009175828754802828,-0.016615945537400756,0.0074401167825979275,5.5355337738695336e-05
2024-01-03,407.0,419.6000061035156,405.79998779296875,418.010009765625,6787670.0,408.2682189941406,412.0709228515625,404.30413818359375,408.4220275878906,4470909.0,406.010009765625,0.029555921557025577,0.005940784129085941,0.023615137427939636,0.0005576747157404754
2024-01-04,420.0,430.5,418.0400085449219,429.6300048828125,7695105.0,415.4696960449219,422.5991516113281,411.42132568359375,417.96820068359375,9469686.0,418.010009765625,0.02779836569871308,-0.00010001933220382675,0.027898385030916906,0.0007783198873332885
2024-01-05,430.6000061035156,435.3500061035156,423.8900146484375,434.4800109863281,8114435.0,425.31121826171875,428.27972412109375,415.7084655761719,420.2786560058594,4711183.0,429.6300048828125,0.01128879744988609,-0.021766051650661256,0.033054849100547345,0.0010926230490599556
2024-01-08,436.79998779296875,445.0,432.7099914550781,439.2699890136719,7487975.0,428.04986572265625,432.1518859863281,421.6764831542969,427.089599609375,5126568.0,434.4800109863281,0.011024622321450073,-0.01700978454722435,0.028034406868674422,0.0007859279684783796
2024-01-09,441.32000732421875,444.6099853515625,430.1199951171875,433.57000732421875,5463445.0,434.8984069824219,438.72137451171875,424.8669738769531,429.8052978515625,9471844.0,439.2699890136719,-0.012976032581355601,-0.02154640972255173,0.008570377141196128,7.345136434233711e-05
2024-01-10,436.0,437.57000732421875,427.1400146484375,430.0,2470725.0,432.1677551269531,435.4505615234375,424.25311279296875,428.2900695800781,4669572.0,433.57000732421875,-0.008233981280788005,-0.012177820547887519,0.003943839267099514,1.555386816471603e-05
2024-01-11,443.5899963378906,457.9700012207031,440.79998779296875,455.95001220703125,14663945.0,431.8330078125,437.2301330566406,427.5537109375,433.03082275390625,3807245.25,430.0,0.0603488655977471,0.007048425009084314,0.05330044058866279,0.002840936966945572
2024-01-12,458.55999755859375,460.6199951171875,452.0199890136719,458.55999755859375,5187280.0,451.16424560546875,453.672119140625,436.2028503417969,440.63311767578125,11992246.0,455.95001220703125,0.005724279595758386,-0.033593363573143464,0.03931764316890185,0.0015458770643570943
2024-01-15,458.55999755859375,458.55999755859375,458.55999755859375,458.55999755859375,0.0,455.850341796875,459.88800048828125,444.14544677734375,448.89495849609375,10719196.0,458.55999755859375,0.0,-0.021076934564631333,0.021076934564631333,0.000444237170641751
2024-01-16,465.0,466.989990234375,459.010009765625,461.94000244140625,6647950.0,451.09954833984375,456.64007568359375,440.6922302246094,444.6625671386719,9032402.0,458.55999755859375,0.00737091089673747,-0.0303066785020778,0.03767758939881527,0.0014196007429057168
2024-01-17,458.79998779296875,463.57000732421875,448.0,457.6000061035156,5308645.0,455.6259765625,457.6239929199219,443.0279541015625,446.7974853515625,6002973.0,461.94000244140625,-0.009395151567201943,-0.03278026802141798,0.023385116454216037,0.0005468636715772456
2024-01-18,454.20001220703125,457.4599914550781,439.30999755859375,451.0799865722656,7883550.0,452.99322509765625,456.05889892578125,445.63232421875,449.9495544433594,6648833.0,457.6000061035156,-0.014248294240133963,-0.01671864413923463,0.0024703498991006656,6.102628623986669e-06
2024-01-19,454.20001220703125,464.3900146484375,454.20001220703125,460.3699951171875,5296785.0,449.0230712890625,451.1781005859375,438.85809326171875,442.8072204589844,5824491.5,451.0799865722656,0.020595035961396002,-0.018339909460726833,0.038934945422122835,0.001515929975023684
2024-01-23,457.4100036621094,462.7900085449219,449.5199890136719,455.8999938964844,10999270.0,467.07421875,468.5528869628906,444.75299072265625,447.12158203125,7934605.5,460.3699951171875,-0.009709584178189679,-0.028777750996923923,0.019068166818734245,0.00036359498582707765
2024-01-24,446.7699890136719,463.0,441.9100036621094,460.489990234375,8501730.0,454.0708923339844,456.5727233886719,442.7959899902344,446.9071044921875,6128629.0,455.8999938964844,0.010067989469929373,-0.019725574741592977,0.02979356421152235,0.0008876564684261054
2024-01-25,463.55999755859375,470.5899963378906,458.3999938964844,461.42999267578125,5327820.0,449.1152038574219,455.11083984375,436.180908203125,446.3675842285156,9678248.0,460.489990234375,0.002041309173578032,-0.0306682149565759,0.03270952413015393,0.0010699129688211224
2024-01-29,486.3999938964844,488.3999938964844,460.42999267578125,481.79998779296875,17895075.0,457.25897216796875,460.39642333984375,448.2812194824219,453.5802917480469,4849774.5,461.42999267578125,0.04414536428172822,-0.017011683358974627,0.061157047640702844,0.0037401844761271973
2024-01-30,481.79998779296875,499.30999755859375,481.79998779296875,490.5899963378906,14238795.0,487.2197570800781,486.0343322753906,454.81671142578125,457.62738037109375,13253314.0,481.79998779296875,0.018244102880091706,-0.050171457107346495,0.0684155599874382,0.004680688848394755
2024-01-31,490.0,495.9200134277344,480.1000061035156,493.3599853515625,9573360.0,473.841796875,475.6059265136719,454.58892822265625,460.10552978515625,6940017.5,490.5899963378906,0.005646240311357742,-0.06213837783137022,0.06778461814272796,0.004594754456755445
2024-02-01,482.20001220703125,487.7900085449219,477.7200012207031,479.44000244140625,10601720.0,485.7272644042969,488.3076477050781,469.4732666015625,476.1062927246094,8838566.0,493.3599853515625,-0.02821465729580208,-0.03497181194104815,0.006757154645246066,4.5659138899770494e-05
2024-02-02,479.5,484.2300109863281,477.1199951171875,481.1000061035156,4405185.0,477.0010070800781,483.1004333496094,467.969970703125,475.3692932128906,9801220.0,479.44000244140625,0.0034623803889044513,-0.008490549824350824,0.011952930213255275,0.0001428725406829508
2024-02-05,483.79998779296875,486.4800109863281,469.44000244140625,471.4200134277344,1993400.0,464.8521728515625,488.49151611328125,457.92803955078125,462.8639831542969,10991886.0,481.1000061035156,-0.02012054157758303,-0.037904848717243644,0.017784307139660616,0.0003162815804377835
2024-02-06,472.0,480.7799987792969,464.7300109863281,479.2900085449219,7511415.0,469.1382751464844,470.76531982421875,452.99725341796875,458.55914306640625,7629186.0,471.4200134277344,0.016694232092447914,-0.027281129343270094,0.04397536143571801,0.0019338324134020345
2024-02-07,479.5899963378906,491.8299865722656,479.2900085449219,482.7300109863281,5230250.0,473.59844970703125,477.9402770996094,465.8414306640625,471.8157958984375,4982762.0,479.2900085449219,0.0071772880303717645,-0.015594342701145347,0.022771630731517112,0.0005185471661725746
2024-02-08,485.0,485.0,468.1600036621094,469.5899963378906,4430985.0,478.8712158203125,481.7811279296875,469.515380859375,474.66705322265625,3522820.25,482.7300109863281,-0.027220214922186958,-0.016702830941041746,-0.010517383981145212,0.00011061536580684991
2024-02-09,469.5899963378906,470.80999755859375,458.29998779296875,466.82000732421875,2903050.0,470.787109375,473.29986572265625,460.6938781738281,465.0607604980469,3544919.0,469.5899963378906,-0.005898739400910791,-0.009645085873134285,0.003746346472223494,1.403511188994142e-05
2024-02-12,467.0,470.5899963378906,450.9700012207031,452.45001220703125,2845040.0,462.1384582519531,465.86419677734375,446.455078125,452.98809814453125,7223786.0,466.82000732421875,-0.030782731870374058,-0.029630069325800923,-0.0011526625445731353,1.3286309416618152e-06
2024-02-13,453.3999938964844,468.70001220703125,447.04998779296875,466.1300048828125,8984610.0,459.150146484375,464.7377624511719,453.8505859375,460.3128967285156,3381240.25,452.45001220703125,0.030235368121775075,0.017378460181997957,0.012856907939777118,0.0001653000817719039
2024-02-14,457.0,480.9200134277344,456.0400085449219,478.6600036621094,3686385.0,464.24310302734375,468.75,456.6795349121094,462.7524719238281,3884086.0,466.1300048828125,0.02688091014962013,-0.007245903339420323,0.03412681348904045,0.0011646393989157534
2024-02-15,487.44000244140625,492.67999267578125,482.3999938964844,487.5199890136719,5721585.0,470.24627685546875,474.5663146972656,462.5594787597656,468.4023132324219,2820947.75,478.6600036621094,0.01850997635853613,-0.02143001368655928,0.03993999004509541,0.0015952028048023203
2024-02-16,488.0,491.9599914550781,486.7699890136719,489.8800048828125,4596560.0,489.3891296386719,492.84295654296875,477.97125244140625,484.1769104003906,3738226.25,487.5199890136719,0.004840859702830436,-0.006857315984201584,0.01169817568703202,0.00013684731440466707
2024-02-19,489.8800048828125,492.3900146484375,483.30999755859375,487.9800109863281,3451410.0,488.5236511230469,493.6642761230469,476.9544677734375,483.470458984375,4910186.0,489.8800048828125,-0.0038784883594888964,-0.013083910007657407,0.00920542164816851,8.473978772056945e-05
2024-02-20,487.9800109863281,488.9700012207031,479.05999755859375,483.3299865722656,4396705.0,482.83428955078125,486.58575439453125,474.33154296875,479.79254150390625,2741849.5,487.9800109863281,-0.009529128876946569,-0.016778288655457385,0.007249159778510816,5.255031749437899e-05
2024-02-21,482.760009765625,483.010009765625,469.010009765625,471.19000244140625,3665875.0,478.94952392578125,484.04693603515625,473.1189880371094,479.3254089355469,3845398.5,483.3299865722656,-0.025117382467731986,-0.008285390412291371,-0.016831992055440614,0.00028331595655441594
2024-02-22,471.82000732421875,479.94000244140625,466.6099853515625,479.0400085449219,2571220.0,474.58233642578125,478.7420654296875,467.37493896484375,472.9464416503906,3243170.5,471.19000244140625,0.016659958961017685,0.0037276665461567493,0.012932292414860935,0.0001672441871034697
2024-02-23,479.70001220703125,491.3999938964844,477.6199951171875,489.0899963378906,5723325.0,475.44293212890625,478.2601623535156,467.97882080078125,472.97393798828125,2182295.75,479.0400085449219,0.02097943306133332,-0.012662972713002096,0.033642405774335415,0.001131811466285037
2024-02-26,489.9800109863281,507.0,489.5899963378906,497.0299987792969,5989015.0,489.45416259765625,493.9508056640625,481.6339111328125,487.68408203125,4316234.0,489.0899963378906,0.016234236031932303,-0.0028745513446759574,0.01910878737660826,0.0003651457550044232
2024-02-27,495.0,501.8699951171875,451.3999938964844,474.4800109863281,20513770.0,494.3958740234375,500.7342834472656,487.4132080078125,494.0869140625,3384332.5,497.0299987792969,-0.04536947035058525,-0.005921342220841952,-0.0394481281297433,0.0015561548129406444
2024-02-28,478.3999938964844,487.5899963378906,461.5799865722656,469.760009765625,11119410.0,479.3354797363281,490.5012512207031,473.96710205078125,485.35308837890625,5244809.0,474.4800109863281,-0.009947734596640667,0.02291577546117418,-0.03286351005781485,0.0010800102933200978
2024-02-29,479.79998779296875,491.0199890136719,470.2300109863281,487.7200012207031,20232355.0,472.60968017578125,478.7617492675781,463.6485290527344,471.20770263671875,6253944.0,469.760009765625,0.03823226984357153,0.003081771204441308,0.03515049863913022,0.0012355575545794956
2024-03-01,493.8999938964844,494.7699890136719,487.0,490.0899963378906,5500370.0,495.7366943359375,513.4871215820312,487.5899963378906,500.8811950683594,12555462.0,487.7200012207031,0.004859335502451545,0.02698514273500252,-0.022125807232550976,0.000489551345692005
2024-03-04,492.0,493.0,483.79998779296875,489.29998779296875,2666695.0,485.28076171875,488.6925048828125,475.2822570800781,480.70904541015625,3975246.25,490.0899963378906,-0.0016119662731847173,-0.019141282209046984,0.017529315935862266,0.0003072769171792748
2024-03-05,482.20001220703125,491.1700134277344,482.20001220703125,486.29998779296875,6190170.0,486.48455810546875,489.9039611816406,476.7044982910156,482.35650634765625,3558609.5,489.29998779296875,-0.006131208000907162,-0.01419064299721673,0.008059434996309567,6.495449245973938e-05
2024-03-06,488.79998779296875,490.6000061035156,469.7799987792969,474.9200134277344,6744720.0,486.7519226074219,493.75579833984375,479.314453125,487.9371032714844,7326632.0,486.29998779296875,-0.023401140552936073,0.0033664723825010956,-0.02676761293543717,0.0007165051022613833
2024-03-07,474.9200134277344,491.0799865722656,474.9200134277344,489.9100036621094,5963990.0,475.2280578613281,479.61932373046875,466.4525146484375,473.27001953125,4412712.0,474.9200134277344,0.03156318919092249,-0.0034742564007264054,0.0350374455916489,0.0012276225935877567
2024-03-11,489.20001220703125,499.9800109863281,484.1300048828125,496.19000244140625,11377355.0,487.2947998046875,494.3253173828125,471.1432189941406,472.7894287109375,7879548.0,489.9100036621094,0.01281867839471218,-0.0349463673392959,0.04776504573400808,0.0022814995939718836
2024-03-12,496.79998779296875,496.79998779296875,482.0400085449219,484.3500061035156,7206710.0,489.5838928222656,494.02874755859375,480.8593444824219,487.0564270019531,4388754.0,496.19000244140625,-0.023861819624809488,-0.018407415293563267,-0.005454404331246221,2.9750526608717534e-05
2024-03-13,486.9800109863281,487.94000244140625,460.0199890136719,464.2799987792969,8118855.0,486.7503662109375,490.7102966308594,470.7137756347656,473.5910949707031,4908199.5,484.3500061035156,-0.04143699199196327,-0.022213091766769,-0.019223900225194268,0.00036955833986822425
2024-03-14,463.0,465.5899963378906,453.2300109863281,458.29998779296875,10111785.0,461.840087890625,465.7969055175781,447.4375915527344,454.556884765625,7284766.5,464.2799987792969,-0.0128801822220449,-0.0209423495288108,0.0080621673067659,6.499854168228491e-05
2024-03-15,458.79998779296875,463.0,450.20001220703125,453.3599853515625,7257360.0,435.83233642578125,471.39129638671875,409.684326171875,444.699951171875,7308924.0,458.29998779296875,-0.010778971357157996,-0.029674966143000248,0.01889599478584225,0.0003570586189465776
2024-03-18,453.0,466.5799865722656,452.95001220703125,461.7900085449219,5870405.0,433.54583740234375,469.47406005859375,430.7066650390625,448.9256896972656,6611589.0,453.3599853515625,0.018594546201121442,-0.009780959497028063,0.028375505698149506,0.0008051693236257151
2024-03-19,464.6000061035156,468.5799865722656,455.510009765625,457.3999938964844,6619825.0,453.0861511230469,456.91864013671875,440.1174011230469,445.55352783203125,6176265.5,461.7900085449219,-0.00950651717708273,-0.035159878759722374,0.025653361582639644,0.0006580949604896516
2024-03-20,458.0,465.5799865722656,456.0,462.8399963378906,4526425.0,463.1705322265625,464.9884338378906,454.7442321777344,457.7815246582031,5507091.5,457.3999938964844,0.011893315509394986,0.0008341293546345607,0.011059186154760425,0.00012230559840564469
2024-03-21,464.5400085449219,470.989990234375,458.0,462.1600036621094,8698620.0,461.9012451171875,464.874267578125,454.7264404296875,458.8397521972656,2604331.5,462.8399963378906,-0.0014691744040306043,-0.008642822945890472,0.007173648541859867,5.14612334021282e-05
2024-03-22,467.79998779296875,471.739990234375,461.0299987792969,466.1400146484375,6367775.0,466.4335632324219,477.61578369140625,455.21270751953125,456.9120178222656,8325207.0,462.1600036621094,0.008611759898716764,-0.011355344032930703,0.019967103931647467,0.00039868523941721177
2024-03-26,456.20001220703125,477.8800048828125,455.989990234375,474.510009765625,10693585.0,466.85614013671875,468.875,456.82635498046875,460.9754638671875,3842005.25,466.1400146484375,0.0179559678512049,-0.011079398075587,0.0290353659267919,0.0008430524745027081
2024-03-27,482.0,486.0,469.0,477.2699890136719,77232200.0,470.2218933105469,473.150146484375,462.3222351074219,466.6385803222656,4116428.75,474.510009765625,0.0058164826689537374,-0.016588542457191435,0.022405025126145173,0.0005019851509031966
2024-03-28,474.80999755859375,478.9100036621094,467.6499938964844,471.9599914550781,11625440.0,481.0083923339844,483.2117614746094,438.0863037109375,451.21630859375,45268808.0,477.2699890136719,-0.011125773002336525,-0.05458897693057241,0.04346320392823588,0.0018890500957074192
2024-04-01,474.20001220703125,487.3999938964844,473.2099914550781,486.3500061035156,4228910.0,471.3343505859375,476.8801574707031,462.32049560546875,469.5885925292969,9969555.0,471.9599914550781,0.030489903612533675,-0.005024576168988548,0.035514479781522224,0.0012612782741521509
2024-04-02,486.0,494.260009765625,485.989990234375,493.19000244140625,4433110.0,483.5878601074219,487.0766906738281,472.972900390625,478.82525634765625,6081460.5,486.3500061035156,0.014063938011825039,-0.015471881693073897,0.029535819704898936,0.0008723646456402963
2024-04-03,495.3999938964844,513.3599853515625,491.760009765625,511.2900085449219,11588495.0,488.37762451171875,492.2955017089844,477.81048583984375,483.92431640625,9203344.0,493.19000244140625,0.03669986417793614,-0.018787254383278107,0.055487118561214244,0.0030788203262262464
2024-04-04,514.989990234375,514.989990234375,497.20001220703125,499.8599853515625,7019985.0,505.1651611328125,510.04461669921875,493.0987854003906,500.8197937011719,9856750.0,511.2900085449219,-0.022355264140381026,-0.02047803530044945,-0.0018772288399315773,3.5239881174708555e-06
2024-04-05,502.1099853515625,506.3999938964844,499.6199951171875,503.7699890136719,3253480.0,498.8018493652344,509.6936950683594,485.35015869140625,493.35736083984375,9004774.0,499.8599853515625,0.00782219776876003,-0.013008891894287777,0.020831089663047808,0.00043393429654993724
2024-04-08,508.5899963378906,516.0599975585938,505.3999938964844,513.8400268554688,3678905.0,508.4385986328125,511.85528564453125,488.94268798828125,492.4465637207031,4772853.5,503.7699890136719,0.019989356375739842,-0.022477371697227966,0.04246672807296781,0.001803422993223392
2024-04-09,518.0,521.1300048828125,504.6199951171875,510.0799865722656,4766875.0,509.4005126953125,512.3786010742188,490.3835754394531,493.6463623046875,4400071.5,513.8400268554688,-0.007317530917576254,-0.03929951637742157,0.03198198545984532,0.0010228473939537573
2024-04-10,511.989990234375,513.25,503.8999938964844,505.6099853515625,3504425.0,509.8713073730469,512.174072265625,499.0740661621094,504.2333984375,4477641.0,510.0799865722656,-0.008763333866010914,-0.011462100628677252,0.002698766762666338,7.283342039272547e-06
2024-04-12,503.989990234375,503.989990234375,495.7799987792969,497.1199951171875,4144555.0,509.82476806640625,514.18603515625,502.6205139160156,508.8390808105469,3433294.75,505.6099853515625,-0.01679157943938092,0.0063865341914461915,-0.023178113630827113,0.0005372249514835337
2024-04-15,498.6000061035156,498.6000061035156,481.6099853515625,482.92999267578125,4750690.0,498.4880676269531,504.38714599609375,493.1568908691406,499.6861877441406,2837128.0,497.1199951171875,-0.02854442102668031,0.005162119110393437,-0.03370654013707375,0.0011361308480121635
2024-04-16,480.0,484.79998779296875,473.6700134277344,480.1499938964844,4033025.0,483.196044921875,487.309326171875,474.4884948730469,479.8839111328125,4695799.0,482.92999267578125,-0.0057565254207834204,-0.00630750127175006,0.0005509758509666396,3.0357438834841265e-07
2024-04-18,483.9800109863281,488.45001220703125,472.2200012207031,474.2900085449219,6791185.0,483.1676025390625,489.3062438964844,472.3686828613281,476.05914306640625,3866628.25,480.1499938964844,-0.012204489068109559,-0.008519943521982154,-0.0036845455461274046,1.3575875881487295e-05
2024-04-19,469.9700012207031,475.7300109863281,465.0199890136719,473.30999755859375,4797160.0,475.1548156738281,481.5968933105469,468.16607666015625,476.3854064941406,8459472.0,474.2900085449219,-0.002066269515848984,0.004417967723265415,-0.006484237239114399,4.204533257311792e-05
2024-04-22,478.0,486.4599914550781,474.79998779296875,484.92999267578125,3489700.0,470.9138488769531,475.3929443359375,465.08367919921875,470.9195556640625,3447545.0,473.30999755859375,0.024550495821185292,-0.005050478347935816,0.029600974169121108,0.0008762176717609751
2024-04-23,488.3900146484375,491.2799987792969,483.4200134277344,485.3900146484375,2892585.0,482.66552734375,484.5244445800781,474.7076110839844,478.2206115722656,1981787.0,484.92999267578125,0.0009486358435326636,-0.013835772595739315,0.014784408439271979,0.0002185787328992165
2024-04-24,485.3999938964844,496.3399963378906,483.6000061035156,492.2099914550781,8459300.0,484.63134765625,488.5330810546875,478.97320556640625,484.1994934082031,2097943.5,485.3900146484375,0.014050509076871442,-0.0024527106127155696,0.016503219689587012,0.0002723562601227724
2024-04-25,491.79998779296875,500.8599853515625,484.45001220703125,498.3699951171875,14587660.0,490.2215881347656,497.9698486328125,485.64404296875,494.2813720703125,4796858.0,492.2099914550781,0.012514991099427109,0.00420832703763474,0.008306664061792368,6.900066783547289e-05
2024-04-26,502.5,507.3900146484375,467.3999938964844,499.7200012207031,20810260.0,492.1407775878906,499.0255126953125,486.932373046875,494.093505859375,3538195.5,498.3699951171875,0.0027088430618664727,-0.008580952504588346,0.011289795566454819,0.0001274594839323429
2024-04-29,513.989990234375,515.3900146484375,486.04998779296875,498.44000244140625,11904615.0,494.5858154296875,506.5235290527344,489.27276611328125,501.7151184082031,9793010.0,499.7200012207031,-0.0025614319542346387,0.003992470148535876,-0.006553902102770515,4.295363277269977e-05
2024-04-30,498.6000061035156,515.760009765625,496.79998779296875,510.3399963378906,13426225.0,495.4723815917969,503.2690734863281,486.9974060058594,496.75714111328125,6759191.5,498.44000244140625,0.023874476041644055,-0.003376256560232327,0.027250732601876382,0.0007426024273389683
2024-05-02,509.30999755859375,519.7999877929688,507.0,516.4199829101562,9243475.0,505.3701171875,512.7137451171875,492.9948425292969,503.1009216308594,13252979.0,510.3399963378906,0.011913599984117562,-0.014184807694826107,0.02609840767894367,0.0006811268833763459
2024-05-03,520.0,531.5999755859375,515.030029296875,517.7100219726562,7622145.0,513.2520751953125,517.777587890625,500.62164306640625,507.5787353515625,10557655.0,516.4199829101562,0.0024980424948513047,-0.01712026616160567,0.019618308656456973,0.00038487803454001463
2024-05-06,520.0,521.7899780273438,499.7699890136719,509.510009765625,4326785.0,525.530029296875,533.1011962890625,514.57470703125,523.322998046875,12657626.0,517.7100219726562,-0.015839006121199484,0.010841930493891816,-0.0266809366150913,0.0007118723786585196
2024-05-07,509.510009765625,513.0,488.3299865722656,497.1600036621094,7825870.0,515.2056884765625,521.1482543945312,507.47247314453125,515.513671875,4192074.0,509.510009765625,-0.024238986215789238,0.011783207384162386,-0.036022193599951624,0.0012975984317523958
2024-05-08,496.70001220703125,499.6000061035156,486.54998779296875,489.6000061035156,7324775.0,498.5461120605469,501.47222900390625,482.29132080078125,488.85791015625,8304223.5,497.1600036621094,-0.015206367171345936,-0.0166990374219681,0.0014926702506221634,2.228064477092432e-06
2024-05-09,489.6000061035156,494.8299865722656,470.8399963378906,472.17999267578125,4104015.0,492.3261413574219,500.0381164550781,486.2939758300781,495.4126281738281,4603610.0,489.6000061035156,-0.035580092341852,0.01187218545312585,-0.04745227779497785,0.002251718667931748
2024-05-10,474.79998779296875,481.3399963378906,466.2200012207031,468.8699951171875,10984650.0,473.70587158203125,479.8720703125,465.627197265625,472.7059631347656,4791234.0,472.17999267578125,-0.00701003348285989,0.0011139194102736116,-0.008123952893133501,6.599861060985219e-05
2024-05-13,469.0,470.92999267578125,455.75,460.3599853515625,8390345.0,474.8065185546875,481.1759033203125,470.59747314453125,477.0124816894531,5107598.0,468.8699951171875,-0.01815004127849562,0.017366192456462315,-0.035516233734957936,0.0012614028587161642
2024-05-14,469.0,483.57000732421875,463.3599853515625,466.07000732421875,12376035.0,464.5604248046875,475.783447265625,460.8486328125,471.9025573730469,4554124.0,460.3599853515625,0.012403384643206339,0.025072926381013882,-0.012669541737807544,0.0001605172878460474
2024-05-15,467.6000061035156,468.3999938964844,460.6099853515625,464.0,4269680.0,468.4879150390625,470.1925964355469,456.1111145019531,458.9034118652344,7189368.5,466.07000732421875,-0.004441408568860661,-0.01537665017349843,0.010935241604637769,0.0001195795089518008
2024-05-16,467.3999938964844,469.1600036621094,453.0,467.739990234375,12445545.0,470.11700439453125,475.14129638671875,466.270751953125,469.6372985839844,3450428.25,464.0,0.00806032378098065,0.012149350396517988,-0.004089026615537339,1.6720138662572746e-05
2024-05-17,468.79998779296875,477.3299865722656,464.20001220703125,474.32000732421875,4729135.0,471.39752197265625,477.8775939941406,464.8096923828125,471.797607421875,16182782.0,467.739990234375,0.014067681248607133,0.008674941788635149,0.005392739459971985,2.9081638883138933e-05
2024-05-21,474.0,477.8999938964844,469.7300109863281,474.6499938964844,3935580.0,475.17999267578125,479.7015686035156,469.20989990234375,474.3047790527344,3169167.0,474.32000732421875,0.0006957045184055044,-3.210547994858537e-05,0.0007278099983540898,5.297073937041801e-07
2024-05-22,474.6499938964844,475.9700012207031,466.4200134277344,467.3500061035156,3465540.0,477.0240783691406,479.7339782714844,471.5907897949219,473.6317443847656,3221131.5,474.6499938964844,-0.015379727982385294,-0.002145263930922625,-0.013234464051462669,0.00017515103872945767
2024-05-23,469.20001220703125,481.94000244140625,465.70001220703125,480.0899963378906,5512760.0,469.36334228515625,485.6452331542969,465.8546142578125,482.6109924316406,2769888.5,467.3500061035156,0.027260062197481005,0.03265429791124208,-0.005394235713761075,2.9097778935615457e-05
2024-05-24,479.9700012207031,485.7900085449219,472.5400085449219,479.5,4877325.0,479.1018371582031,489.56695556640625,471.5338134765625,477.0484313964844,9337606.0,480.0899963378906,-0.0012289286225314333,-0.006335405787679771,0.005106477165148338,2.6076109038181403e-05
2024-05-27,482.0,484.70001220703125,475.20001220703125,476.0,3398210.0,479.5724792480469,489.1858825683594,474.660400390625,486.0373840332031,8704014.0,479.5,-0.007299270072992692,0.013633751894062796,-0.020933021967055487,0.0004381914086732276
2024-05-28,478.0,486.6000061035156,475.0,478.739990234375,6493910.0,479.14111328125,486.38836669921875,473.9613037109375,481.9288024902344,7105436.5,476.0,0.005756282004989455,0.012455467416458754,-0.0066991854114692995,4.487908517724309e-05
2024-05-29,475.010009765625,479.5299987792969,471.6000061035156,474.92999267578125,2197930.0,483.3050231933594,489.2020263671875,478.230224609375,484.779296875,4454690.0,478.739990234375,-0.007958385838476745,0.012615003475411335,-0.02057338931388808,0.00042326434786080425
2024-05-30,473.20001220703125,476.0,458.3999938964844,460.5400085449219,6688165.0,472.9322814941406,475.99957275390625,467.56182861328125,472.3905944824219,1563268.0,474.92999267578125,-0.03029916904128427,-0.005346889504813657,-0.024952279536470612,0.00062261625406617
2024-05-31,463.7799987792969,477.4700012207031,462.7300109863281,470.80999755859375,12916455.0,463.0916442871094,469.85125732421875,460.2483825683594,467.2390441894531,2024118.5,460.5400085449219,0.02229988453363685,0.014546044904321986,0.007753839629314863,6.0122028997133645e-05
2024-06-03,490.0,509.3900146484375,485.04998779296875,501.8299865722656,15161795.0,479.8406066894531,486.43829345703125,476.14727783203125,480.6125793457031,4741168.5,470.80999755859375,0.065886428016668,0.020820674662689997,0.045065753353978,0.0020309221253615793
2024-06-04,508.0,508.0,438.6000061035156,452.1400146484375,17788625.0,503.9132385253906,508.5238952636719,494.7303466796875,502.26373291015625,6479177.0,501.8299865722656,-0.09901754230199344,0.0008643292539238789,-0.09988187155591732,0.009976388265512766
2024-06-05,448.3800048828125,479.5799865722656,446.0,477.489990234375,7114095.0,451.6191711425781,462.1489562988281,443.72998046875,456.2851867675781,9112372.0,452.1400146484375,0.05606664918973925,0.009167894866292103,0.046898754323447145,0.0021994931570910523
2024-06-06,486.0,507.0,480.010009765625,494.9599914550781,10501485.0,475.80816650390625,475.25030517578125,468.99737548828125,470.22198486328125,2464821.5,477.489990234375,0.03658715696244852,-0.015221272738149438,0.05180842970059796,0.0026841133880418006
2024-06-07,495.8699951171875,501.3900146484375,492.010009765625,499.5899963378906,3706890.0,496.86541748046875,502.1747131347656,485.9825439453125,494.3355407714844,8222222.0,494.9599914550781,0.009354301282415323,-0.0012616185032612304,0.010615919785676553,0.00011269775289591892
2024-06-10,502.0,510.5,497.0400085449219,503.82000732421875,4849020.0,500.6587829589844,504.90509033203125,490.3124694824219,497.2165222167969,7181264.0,499.5899963378906,0.008466964945925914,-0.004750843969038354,0.013217808914964269,0.0001747104725125089
2024-06-11,502.989990234375,510.4100036621094,498.0,506.6000061035156,4681350.0,506.72705078125,508.08074951171875,492.271484375,496.8578186035156,5567041.0,503.82000732421875,0.0055178411712177855,-0.013818801594798091,0.019336642766015877,0.00037390575346051415
2024-06-12,506.95001220703125,516.6900024414062,506.1099853515625,513.3900146484375,3510365.0,504.615478515625,506.0185546875,493.6969909667969,497.10980224609375,3210096.0,506.6000061035156,0.013403096058262731,-0.018733130167950862,0.03213622622621359,0.0010327370360623783
2024-06-13,518.4000244140625,539.530029296875,516.219970703125,536.8599853515625,10022455.0,514.97119140625,517.6129150390625,504.65814208984375,509.33038330078125,3407291.0,513.3900146484375,0.04571567430893042,-0.007907499623724168,0.05362317393265459,0.0028754447826117267
2024-06-14,542.4000244140625,549.4000244140625,539.010009765625,546.4299926757812,15318425.0,539.2700805664062,543.2538452148438,529.428466796875,535.36669921875,5364899.0,536.8599853515625,0.017825890521439902,-0.0027815187824710152,0.020607409303910917,0.00042466531821891423
2024-06-18,549.7899780273438,568.22998046875,546.469970703125,565.9500122070312,12393205.0,548.2612915039062,548.372314453125,530.4771728515625,533.5902709960938,7087821.5,546.4299926757812,0.03572281864628901,-0.023497468754988038,0.05922028740127705,0.0035070424398898534
2024-06-19,565.9600219726562,566.2000122070312,552.0,558.25,9175135.0,559.3847045898438,560.3853149414062,540.0466918945312,544.6814575195312,5704177.0,565.9500122070312,-0.013605463452511568,-0.03758027074610204,0.023974807293590472,0.0005747913847647989
2024-06-20,560.9099731445312,570.9000244140625,552.9500122070312,561.0399780273438,6948810.0,552.8461303710938,557.463623046875,542.4717407226562,549.9799194335938,5234891.5,558.25,0.00499772149994393,-0.01481429568545678,0.01981201718540071,0.00039251602495461306
2024-06-21,562.0,568.4000244140625,559.0,564.3300170898438,9672340.0,550.7056884765625,554.0101928710938,534.6732788085938,541.7484130859375,5158318.0,561.0399780273438,0.005864179365734357,-0.03438536592211616,0.04024954528785052,0.00162002589587873
2024-06-24,563.8599853515625,578.0,555.969970703125,576.4500122070312,5367855.0,564.8094482421875,568.81591796875,554.3010864257812,560.9505615234375,4495982.0,564.3300170898438,0.021476786189202457,-0.005988438438617072,0.02746522462781953,0.0007543385638565844
2024-06-25,576.6500244140625,600.0,572.3300170898438,597.969970703125,15844875.0,570.359619140625,573.68017578125,557.5042724609375,564.1478271484375,5472782.0,576.4500122070312,0.037331872738975536,-0.021341286838546303,0.05867315957752184,0.0034425396548093427
2024-06-26,597.1599731445312,611.8900146484375,591.719970703125,597.8099975585938,9032225.0,583.31884765625,586.2794189453125,566.2158203125,573.2984619140625,6350033.0,597.969970703125,-0.00026752705381360986,-0.04125877552020285,0.04099124846638924,0.0016802824508332583
2024-06-27,597.4099731445312,599.3300170898438,584.7899780273438,590.2100219726562,12298175.0,588.806640625,595.1370239257812,573.68359375,583.1690063476562,9312321.0,597.8099975585938,-0.012713028582618469,-0.02449104443005312,0.011778015847434653,0.00013872165730242182
2024-06-28,590.2100219726562,593.8599853515625,580.0,582.2999877929688,6005455.0,579.9619750976562,586.322998046875,570.3001708984375,578.6207275390625,5615075.5,590.2100219726562,-0.01340206686638401,-0.019635882147271744,0.006233815280887733,3.886045295622941e-05
2024-07-01,580.4099731445312,588.4000244140625,580.4099731445312,584.8499755859375,6673330.0,575.455322265625,580.1466674804688,566.183837890625,573.0125732421875,4820265.0,582.2999877929688,0.004379165114932748,-0.015949535884385635,0.020328700999318383,0.00041325608431968825
2024-07-02,585.4000244140625,588.0,563.1300048828125,564.97998046875,12638725.0,576.5181884765625,584.05322265625,570.869384765625,579.0319213867188,5032968.0,584.8499755859375,-0.03397451645147209,-0.009947942963304146,-0.024026573488167946,0.0005772762335823348
2024-07-03,568.0,577.0,561.1099853515625,570.0900268554688,7945600.0,568.62939453125,574.7334594726562,556.8511352539062,563.6417236328125,7925482.5,564.97998046875,0.009044650365273244,-0.0023686800987658962,0.01141333046403914,0.0001302641122813639
2024-07-04,573.5900268554688,573.5999755859375,564.0,566.75,3958315.0,572.657958984375,579.4317626953125,566.5567016601562,573.9844360351562,4872386.0,570.0900268554688,-0.005858770892541054,0.0068312178712692795,-0.012689988763810334,0.00016103581482563252
2024-07-05,567.0,574.4500122070312,562.8599853515625,573.1699829101562,6163345.0,571.4773559570312,577.0234375,564.9474487304688,571.5155029296875,4218979.0,566.75,0.01132771576560443,0.008408474512020314,0.002919241253584115,8.521969496627356e-06
2024-07-08,571.2000122070312,571.2000122070312,559.219970703125,561.6199951171875,4065755.0,567.777099609375,573.9612426757812,562.3577270507812,569.3836059570312,4269332.0,573.1699829101562,-0.0201510688580131,-0.006606027995221253,-0.013545040862791846,0.0001834681319747009
2024-07-09,561.780029296875,562.7899780273438,555.030029296875,558.4000244140625,6359760.0,570.568115234375,576.3497924804688,563.3289794921875,570.076904296875,4592438.0,561.6199951171875,-0.005733361937110382,0.015058062841802666,-0.020791424778913048,0.0004322833443371995
2024-07-10,558.7899780273438,560.9299926757812,541.0,552.4199829101562,8300735.0,558.1878051757812,562.7661743164062,550.7969970703125,556.2652587890625,4098487.0,558.4000244140625,-0.010709242912697259,-0.0038230041756177613,-0.0068862387370794975,4.742028394405423e-05
2024-07-11,552.4199829101562,557.0900268554688,542.8300170898438,547.7999877929688,5689115.0,550.5042114257812,552.845703125,532.8590698242188,540.5025634765625,9269260.0,552.4199829101562,-0.008363193331365926,-0.021573114301210894,0.013209920969844968,0.00017450201202954982
2024-07-12,550.0,572.0,550.0,558.8800048828125,9030805.0,547.60791015625,551.9921875,539.4549560546875,545.8589477539062,5003568.0,547.7999877929688,0.02022639163334783,-0.003543337134567559,0.023769728767915388,0.0005650000057002643
2024-07-15,562.5999755859375,577.7999877929688,561.4400024414062,576.4600219726562,7400215.0,557.750732421875,563.6975708007812,550.4821166992188,556.4005126953125,4903315.5,558.8800048828125,0.031455798984130645,-0.0044365376571665616,0.03589233664129721,0.001288259829572206
2024-07-16,577.3800048828125,580.0,560.4000244140625,562.7000122070312,4907090.0,576.4839477539062,582.8536376953125,568.3716430664062,575.3818969726562,7305022.0,576.4600219726562,-0.023869842211326264,-0.0018702511169996772,-0.021999591094326587,0.00048398200831757367
2024-07-18,555.4000244140625,574.7899780273438,555.4000244140625,573.4600219726562,4119020.0,558.3023681640625,570.5978393554688,547.1074829101562,555.2543334960938,8449402.0,562.7000122070312,0.01912210686369442,-0.013232057134198283,0.032354163997892704,0.0010467919280025364
2024-07-19,572.0,575.1699829101562,557.8699951171875,562.1699829101562,3677715.0,570.7476196289062,581.2589111328125,567.170654296875,577.3181762695312,4359411.0,573.4600219726562,-0.01968757826162526,0.006727852246096067,-0.026415430507721327,0.0006977749689082546
2024-07-22,559.97998046875,569.5900268554688,552.8099975585938,565.47998046875,2717785.0,575.2014770507812,581.2915649414062,568.3488159179688,574.8502807617188,4428229.0,562.1699829101562,0.005887894514500891,0.022555985266095258,-0.016668090751594367,0.00027782524930338565
2024-07-23,565.4000244140625,565.4000244140625,532.6799926757812,547.8400268554688,12227465.0,564.8089599609375,570.4523315429688,557.3338012695312,563.7807006835938,5969919.0,565.47998046875,-0.03119465626114426,-0.0030050220058146504,-0.02818963425532961,0.0007946554794492526
2024-07-24,547.7999877929688,552.0,533.0599975585938,544.8499755859375,5130575.0,539.6306762695312,545.444580078125,529.2013549804688,536.168212890625,5824610.0,547.8400268554688,-0.005457891214509791,-0.02130515003045408,0.015847258815944287,0.00025113561197952396
2024-07-25,539.9000244140625,542.0,527.0999755859375,535.7999877929688,10445410.0,539.8526611328125,546.011962890625,528.8029174804688,537.3902587890625,8686391.0,544.8499755859375,-0.01661005450763997,-0.013691322622989444,-0.0029187318846505272,8.518995814475619e-06
2024-07-26,541.1599731445312,608.7999877929688,538.0,585.0,32196680.0,536.4780883789062,546.7045288085938,531.01904296875,540.9241333007812,6405025.5,535.7999877929688,0.09182533282558025,0.00956354166583595,0.0822617911597443,0.0067670022848093855
2024-07-29,594.0,607.1500244140625,581.0,588.5999755859375,12753435.0,585.0014038085938,587.34375,564.645751953125,570.0156860351562,14284052.0,585.0,0.006153804420405917,-0.025614211905715778,0.031768016326121695,0.0010092068612967346
2024-07-30,588.5999755859375,596.280029296875,578.4000244140625,582.4099731445312,9486875.0,590.3311767578125,600.664794921875,582.25,591.943359375,11559528.0,588.5999755859375,-0.010516484366558498,0.005680230933978958,-0.016196715300537456,0.00026233358652666416
2024-07-31,586.780029296875,589.4099731445312,583.2100219726562,586.3900146484375,4655790.0,588.7836303710938,601.0833740234375,582.1710205078125,593.385986328125,13363186.0,582.4099731445312,0.006833745449819961,0.018845853762311737,-0.012012108312491776,0.00014429074611103403
2024-08-01,586.5800170898438,599.7999877929688,583.989990234375,597.8499755859375,8859720.0,584.059814453125,589.2618408203125,574.7723999023438,581.310791015625,4986166.0,586.3900146484375,0.01954324025174725,-0.008661852190402164,0.028205092442149415,0.000795527239670194
2024-08-02,589.0,604.5800170898438,584.0,598.4199829101562,8905205.0,597.9761962890625,608.1495971679688,589.81201171875,599.6199951171875,12597434.0,597.8499755859375,0.0009534286986632168,0.0029606416384231338,-0.002007212939759917,4.028903785539648e-06
2024-08-05,575.2000122070312,588.3699951171875,561.6199951171875,578.2899780273438,9480440.0,590.4176025390625,599.9698486328125,584.318603515625,594.0386352539062,6853995.0,598.4199829101562,-0.03363859071837627,-0.0073215263216031,-0.02631706439677317,0.000692587878463906
2024-08-06,584.030029296875,588.0900268554688,565.0,567.3599853515625,5917390.0,570.0849609375,583.498046875,564.0596313476562,576.86962890625,10841411.0,578.2899780273438,-0.0189005396791857,-0.0024561192050029934,-0.016444420474182708,0.00027041896473171945
2024-08-07,578.02001953125,586.4199829101562,574.1099853515625,585.010009765625,3986695.0,572.9348754882812,582.3690185546875,562.500732421875,570.9672241210938,7493064.5,567.3599853515625,0.031109039886071166,0.006357936517669804,0.02475110336840136,0.0006126171179532893
2024-08-08,584.0,584.0,571.719970703125,574.4400024414062,4434050.0,586.7315063476562,595.6193237304688,580.63232421875,589.1605224609375,5469169.0,585.010009765625,-0.018068079430732187,0.007094772099669466,-0.025162851530401653,0.0006331690971410368
2024-08-09,582.0,594.6699829101562,576.02001953125,591.6199951171875,4568775.0,578.8648071289062,585.5913696289062,571.658447265625,579.184814453125,5579459.0,574.4400024414062,0.02990737518760045,0.008259891357762283,0.021647483829838166,0.0004686135561631049
2024-08-12,589.989990234375,603.0,585.52001953125,595.219970703125,5709795.0,583.3984375,588.489501953125,573.3023071289062,579.307373046875,3654073.0,591.6199951171875,0.006084945768650707,-0.020811707129461787,0.026896652898112494,0.0007234299371215433
2024-08-13,596.0,599.0900268554688,572.0999755859375,578.27001953125,7249815.0,590.71875,598.4901123046875,584.38671875,592.1287231445312,5140598.5,595.219970703125,-0.028476785064607713,-0.005193454035055445,-0.023283331029552268,0.0005421135038317115
2024-08-14,580.2000122070312,583.3200073242188,572.7999877929688,579.02001953125,3626125.0,581.9235229492188,591.8336791992188,575.7255249023438,584.9876708984375,7006722.0,578.27001953125,0.0012969719588920015,0.011616807270473428,-0.010319835311581427,0.00010649900085816292
2024-08-16,582.5999755859375,598.3800048828125,580.4099731445312,596.2999877929688,4976095.0,573.2219848632812,579.2630615234375,566.3043212890625,573.06494140625,3532784.0,579.02001953125,0.02984347290048439,-0.010284753418061343,0.040128226318545734,0.0016102745474724266
2024-08-19,605.5999755859375,617.0,602.6099853515625,615.1199951171875,9092170.0,591.66796875,597.39794921875,574.0366821289062,577.7385864257812,5400590.5,596.2999877929688,0.0315613075792196,-0.031127623255346903,0.0626889308345665,0.003929902049181063
2024-08-20,623.5999755859375,635.4000244140625,610.4600219726562,631.969970703125,12149555.0,598.1564331054688,602.71240234375,585.15087890625,591.38916015625,4404272.0,615.1199951171875,0.027392989529998024,-0.038579196171986685,0.06597218570198471,0.0043523292862971555
2024-08-21,627.989990234375,638.0,623.3699951171875,631.8099975585938,5227030.0,623.9830322265625,633.19873046875,617.512451171875,626.553955078125,6285291.5,631.969970703125,-0.00025313409172478263,-0.008570052179811882,0.0083169180880871,6.917112648395038e-05
2024-08-22,633.0,633.3900146484375,624.6599731445312,628.719970703125,4610695.0,625.658447265625,635.20263671875,619.337890625,629.3024291992188,4696346.0,631.8099975585938,-0.004890753339467646,-0.003968864641371028,-0.0009218886980966179,8.498787716782771e-07
2024-08-23,632.0,632.4600219726562,623.5399780273438,625.3099975585938,2466965.0,620.3785400390625,632.0317993164062,616.878662109375,628.2791137695312,4490314.0,628.719970703125,-0.005423675568501096,-0.000701197598512282,-0.004722477969988814,2.230179817702967e-05
2024-08-26,628.0,635.9500122070312,622.2000122070312,632.4299926757812,3366050.0,623.369140625,629.5233764648438,616.7908325195312,624.4769897460938,3644750.5,625.3099975585938,0.011386344605053722,-0.0013321517579317765,0.012718496362985499,0.00016176014973527536
2024-08-27,630.780029296875,653.780029296875,623.2000122070312,645.8900146484375,9915805.0,623.3759155273438,630.31689453125,617.7459716796875,625.832275390625,3496359.5,632.4299926757812,0.021283022830254295,-0.010432328260147172,0.03171535109040147,0.0010058634947874294
2024-08-28,645.0,649.5999755859375,638.3499755859375,640.3699951171875,3352220.0,629.6369018554688,637.1365966796875,622.3942260742188,631.6695556640625,4107266.25,645.8900146484375,-0.008546376946630074,-0.02201684290182948,0.013470465955199407,0.00018145345305018627
2024-08-29,639.7999877929688,652.4000244140625,634.9099731445312,640.0999755859375,5976425.0,632.734619140625,645.665283203125,627.8041381835938,641.5098266601562,5250108.0,640.3699951171875,-0.0004216617475972795,0.0017799577613879514,-0.002201619508985231,4.847128462344369e-06
2024-08-30,640.1500244140625,644.8800048828125,635.4000244140625,640.9000244140625,11026125.0,638.9127197265625,658.5027465820312,611.0023193359375,646.9368896484375,38419544.0,640.0999755859375,0.0012498810477108435,0.010681009722335322,-0.009431128674624478,8.894618807732407e-05
2024-09-02,643.989990234375,651.6799926757812,642.8099975585938,645.0499877929688,3165735.0,641.5484619140625,648.44775390625,612.5534057617188,625.93212890625,13588318.0,640.9000244140625,0.0064752117659854225,-0.023354493583452096,0.02982970534943752,0.0008898113212342613
2024-09-03,642.2000122070312,656.6099853515625,638.010009765625,654.3200073242188,7181415.0,642.1585693359375,648.4620361328125,634.6658935546875,641.3163452148438,4968495.0,645.0499877929688,0.014371009544496438,-0.005788144560547326,0.020159154105043764,0.0004063914942309028
2024-09-04,647.4099731445312,656.3900146484375,645.2000122070312,648.7899780273438,3467420.0,655.6296997070312,664.3630981445312,650.624267578125,659.574462890625,4319579.5,654.3200073242188,-0.008451566870910088,0.008030406387684597,-0.016481973258594684,0.00027165544249703027
2024-09-05,649.3900146484375,658.7999877929688,645.8300170898438,649.0999755859375,3368300.0,645.0479736328125,651.2857666015625,634.3909912109375,640.7950439453125,6545085.5,648.7899780273438,0.00047780879651737607,-0.01232283844201787,0.012800647238535245,0.00016385656972542
2024-09-06,650.780029296875,653.3900146484375,644.0399780273438,647.1300048828125,3058060.0,648.4174194335938,655.95458984375,643.6369018554688,651.2528686523438,3658032.0,649.0999755859375,-0.0030349264785393126,0.0033167357069499026,-0.006351662185489215,4.034361251857363e-05
2024-09-09,658.0,664.6400146484375,643.219970703125,663.1400146484375,8095085.0,650.37548828125,656.8328857421875,641.4899291992188,649.447998046875,4583810.5,647.1300048828125,0.024740020776079286,0.003581959029209658,0.021158061746869627,0.00044766357688434785
2024-09-10,665.5800170898438,667.5800170898438,646.030029296875,652.010009765625,6190070.0,660.4946899414062,663.5787353515625,642.3992919921875,648.7161865234375,6286792.0,663.1400146484375,-0.016783793221576415,-0.021750803459879786,0.004967010238303371,2.467119070741051e-05
2024-09-11,653.010009765625,659.5999755859375,650.8200073242188,655.97998046875,2946285.0,653.77685546875,657.87060546875,636.4230346679688,643.35302734375,9898462.0,652.010009765625,0.006088818643370297,-0.013277376562036092,0.01936619520540639,0.0003750495167339054
2024-09-12,660.0,682.47998046875,659.1099853515625,680.1500244140625,9163615.0,652.2445678710938,658.0574951171875,646.0233154296875,652.100341796875,2676880.5,655.97998046875,0.036845703626566584,-0.005914263830281374,0.04275996745684796,0.0018284148169106964
2024-09-13,679.9400024414062,685.0,673.0,673.6500244140625,4786700.0,682.2794189453125,691.6911010742188,668.8904418945312,678.5452880859375,6436275.5,680.1500244140625,-0.009556715087380319,-0.002359385827424565,-0.007197329259955754,5.180154847621524e-05
2024-09-16,675.5999755859375,687.969970703125,672.52001953125,683.7899780273438,4724820.0,665.040771484375,672.8181762695312,659.5650634765625,667.6842041015625,3711886.5,673.6500244140625,0.015052257471676045,-0.008855963922348331,0.023908221394024376,0.0005716030502256849
2024-09-17,683.0,693.3499755859375,681.489990234375,684.9199829101562,8030320.0,668.485595703125,674.0892333984375,660.5353393554688,665.7894287109375,2505911.0,683.7899780273438,0.0016525613406508377,-0.026324675550723597,0.027977236891374435,0.0007827257840760827
2024-09-18,688.9000244140625,717.989990234375,688.0,714.9400024414062,10582475.0,681.2945556640625,687.58349609375,675.0648193359375,681.8330078125,3932445.75,684.9199829101562,0.043829965952661976,-0.004507059473633723,0.0483370254262957,0.002336468027062357
2024-09-19,714.3099975585938,724.72998046875,700.0,705.0700073242188,6428925.0,699.1331787109375,704.857421875,689.3639526367188,696.5203247070312,4343654.5,714.9400024414062,-0.013805347418640812,-0.025763948962814642,0.01195860154417383,0.0001430081508923167
2024-09-20,707.7999877929688,717.2000122070312,703.4000244140625,706.4199829101562,6407140.0,706.4172973632812,716.71484375,701.370361328125,710.50341796875,5147888.0,705.0700073242188,0.0019146688582893923,0.007706200218544845,-0.005791531360255453,3.354183549682238e-05
2024-09-23,710.1900024414062,722.4000244140625,708.0,713.5399780273438,2935070.0,699.5764770507812,709.985595703125,692.908935546875,703.1748657226562,5321488.5,706.4199829101562,0.010078983167854494,-0.0045937505535043055,0.0146727337213588,0.00021528911485789963
2024-09-24,716.2999877929688,716.2999877929688,700.4000244140625,703.260009765625,6681865.0,697.3480224609375,703.06640625,678.9512329101562,686.0648193359375,8409234.0,713.5399780273438,-0.014406996914368864,-0.038505423014088436,0.024098426099719572,0.0005807341404836455
2024-09-25,703.260009765625,707.9600219726562,691.5999755859375,704.8099975585938,3801635.0,690.98779296875,695.3228149414062,675.1430053710938,681.0751953125,5219525.0,703.260009765625,0.0022040038839763465,-0.03154567890262738,0.03374968278660373,0.0011390410881963761
2024-09-26,707.4199829101562,727.4000244140625,705.9099731445312,725.6900024414062,5359390.0,695.4390869140625,706.1770629882812,691.8269653320312,700.207763671875,5093620.0,704.8099975585938,0.029625012351043756,-0.006529751142379525,0.03615476349342328,0.0013071669232653728
2024-09-27,723.5999755859375,730.4500122070312,719.1599731445312,724.2100219726562,4967200.0,712.927978515625,723.1544189453125,707.484130859375,715.1954345703125,3730433.25,725.6900024414062,-0.0020394114067590063,-0.014461502619282807,0.0124220912125238,0.000154308350092261
2024-09-30,722.7899780273438,728.989990234375,713.5999755859375,715.3900146484375,4405700.0,722.598876953125,729.1279296875,716.74951171875,724.1957397460938,3427897.0,724.2100219726562,-0.012178797664514684,-1.97211114582041e-05,-0.01215907655305648,0.00014784314262308786
2024-10-01,715.4000244140625,725.5599975585938,711.5599975585938,714.0800170898438,3381135.0,715.6436767578125,723.5250244140625,703.3865966796875,709.8158569335938,7559898.5,715.3900146484375,-0.0018311655625183887,-0.007791774557523112,0.005960608995004724,3.552885959133122e-05
2024-10-03,714.0,714.97998046875,680.010009765625,681.9000244140625,8036680.0,716.8919677734375,727.1237182617188,713.76953125,724.3460693359375,3101620.25,714.0800170898438,-0.0450649673784842,0.014376613265179916,-0.059441580643664116,0.0035333015094172245
2024-10-04,681.4000244140625,682.9000244140625,663.0999755859375,667.260009765625,8827525.0,686.24755859375,698.8489990234375,680.97314453125,691.9847412109375,4616825.0,681.9000244140625,-0.021469444382286484,0.01478914274206189,-0.036258587124348374,0.0013146851402539618
2024-10-07,673.9600219726562,682.5999755859375,651.2000122070312,659.8699951171875,5480765.0,667.6360473632812,687.486083984375,650.092529296875,654.4591674804688,7871225.5,667.260009765625,-0.011075164913649238,-0.019184189218311665,0.008109024304662427,6.575627517360595e-05
2024-10-08,655.5999755859375,674.6099853515625,655.5999755859375,665.8599853515625,9122180.0,668.155029296875,678.5089111328125,661.2124633789062,670.9949951171875,4250297.0,659.8699951171875,0.009077530845013282,0.016859381518058436,-0.007781850673045154,6.055719989757332e-05
2024-10-09,670.9000244140625,696.0,668.0,677.5900268554688,6569580.0,660.026611328125,672.365234375,654.8493041992188,665.364013671875,5495492.5,665.8599853515625,0.017616378460875604,-0.0007448588150640312,0.018361237275939635,0.00033713503430335515
2024-10-10,680.0,683.1900024414062,665.1799926757812,667.530029296875,3740385.0,675.5548706054688,681.3690795898438,663.24560546875,669.4507446289062,7243864.0,677.5900268554688,-0.014846732035416421,-0.012012104523342781,-0.0028346275120736397,8.035113132204793e-06
2024-10-11,670.0,671.5800170898438,661.6099853515625,668.239990234375,1799620.0,674.9525146484375,680.5113525390625,665.18017578125,670.9132690429688,4004314.5,667.530029296875,0.001063564044074372,0.00506829595315339,-0.004004731909079018,1.6037877663595675e-05
2024-10-14,673.5999755859375,686.0,670.75,679.0599975585938,3844085.0,661.7781372070312,671.3621215820312,657.3333129882812,665.579833984375,2895087.5,668.239990234375,0.016191798578866656,-0.003980839651735013,0.02017263823060167,0.00040693533318273203
2024-10-15,684.0,687.719970703125,673.719970703125,680.22998046875,5209855.0,672.193603515625,680.7274169921875,664.9280395507812,673.0296630859375,4774257.0,679.0599975585938,0.001722944827206252,-0.00888041482981905,0.010603359657025302,0.00011243123601623173
2024-10-16,683.4000244140625,684.4000244140625,673.4199829101562,678.0800170898438,1607350.0,674.9229736328125,692.0354614257812,665.2025756835938,669.6764526367188,6720485.5,680.22998046875,-0.0031606419014709175,-0.015514646715157676,0.012354004813686759,0.0001526214349365956
2024-10-17,675.7999877929688,677.1900024414062,649.1900024414062,651.719970703125,8237815.0,670.5416870117188,671.6373901367188,649.9765014648438,652.7188110351562,4795507.0,678.0800170898438,-0.03887453651834438,-0.037401494536782987,-0.001473041981561396,2.169852679442324e-06
2024-10-18,637.5499877929688,674.780029296875,629.1500244140625,668.9299926757812,9380205.0,643.3615112304688,652.369140625,637.315673828125,646.1849365234375,3803471.75,651.719970703125,0.026407080872615785,-0.008492963893243721,0.034900044765859506,0.0012180131246589975
2024-10-21,671.3900146484375,676.7000122070312,654.4000244140625,662.6599731445312,5627980.0,663.828125,663.8946533203125,638.3861083984375,641.9559326171875,8359495.5,668.9299926757812,-0.009373207360862001,-0.040324189906173924,0.030950982545311923,0.0009579633205202033
2024-10-22,662.6599731445312,678.2000122070312,648.0,650.9000244140625,19691260.0,659.0272216796875,664.7329711914062,652.212890625,657.5860595703125,3149204.75,662.6599731445312,-0.01774658076096569,-0.007656888570078291,-0.0100896921908874,0.00010180188850685419
2024-10-23,640.0,652.0999755859375,634.010009765625,639.5499877929688,9660305.0,628.8840942382812,654.323486328125,615.8507690429688,643.8659057617188,10607404.0,650.9000244140625,-0.01743744998521246,-0.010806757395155797,-0.006630692590056664,4.396608422383235e-05
2024-10-24,638.0,653.2000122070312,637.1099853515625,649.02001953125,7501270.0,649.2515258789062,659.9896850585938,643.1840209960938,653.9280395507812,9530100.0,639.5499877929688,0.014807336281815076,0.022481513614643234,-0.007674177332828158,5.88929977356935e-05
2024-10-25,650.8599853515625,650.8599853515625,605.5999755859375,618.530029296875,15251890.0,646.1802368164062,648.8419799804688,625.4791259765625,631.0765380859375,7781130.0,649.02001953125,-0.04697850500265954,-0.027647038466197205,-0.01933146653646234,0.0003737055984503632
2024-10-28,632.7999877929688,668.8300170898438,628.7999877929688,651.8599853515625,21602980.0,619.7373657226562,649.6588134765625,599.1766357421875,620.7017211914062,22388600.0,618.530029296875,0.0538857524711871,0.0035110532903308567,0.05037469918085624,0.0025376103175617586
2024-10-29,648.4199829101562,657.1300048828125,632.47998046875,653.1599731445312,10906400.0,654.0186157226562,668.7305297851562,643.3441162109375,653.5896606445312,18075940.0,651.8599853515625,0.0019942745715058052,0.0026534460341753885,-0.0006591714626695833,4.345070171979578e-07
2024-10-30,643.4099731445312,651.9400024414062,635.3900146484375,637.1599731445312,6964385.0,652.4469604492188,655.7018432617188,635.6022338867188,639.7361450195312,9688472.0,653.1599731445312,-0.024496295942586066,-0.020552129152025644,-0.003944166790560422,1.5556451671759698e-05
2024-10-31,637.0,637.0,617.52001953125,627.780029296875,8075010.0,638.278564453125,647.7609252929688,631.38232421875,640.0665283203125,7562582.0,637.1599731445312,-0.014721489489309958,0.00456173535421045,-0.019283224843520408,0.00037184276036576264
2024-11-01,631.7999877929688,632.7999877929688,628.0,630.1900024414062,286730.0,628.045654296875,644.4999389648438,624.9988403320312,639.8667602539062,5583062.0,627.780029296875,0.003838881506362135,0.01925313070339074,-0.015414249197028607,0.00023759907830809705
2024-11-04,631.0800170898438,633.9299926757812,621.7899780273438,629.5800170898438,4842960.0,623.0713500976562,632.1016845703125,614.9630126953125,623.5238647460938,6433005.0,630.1900024414062,-0.0009679387949655949,-0.01057798071928684,0.009610041924321244,9.235290578721196e-05
2024-11-05,631.52001953125,635.2000122070312,611.0,632.4600219726562,7606175.0,628.2987060546875,634.3128051757812,620.2743530273438,626.03515625,4468892.0,629.5800170898438,0.004574485855070476,-0.005630516762951676,0.010205002618022152,0.00010414207843383898
2024-11-06,637.4000244140625,640.0,627.260009765625,637.3400268554688,4294660.0,631.0869750976562,641.2570190429688,625.0192260742188,634.686279296875,7103474.5,632.4600219726562,0.007715910434293871,0.0035199969118602237,0.0041959135224336475,1.760569028774154e-05
2024-11-07,638.780029296875,638.780029296875,611.5999755859375,614.030029296875,5846920.0,637.8878784179688,645.6444702148438,631.109130859375,637.4096069335938,3753266.5,637.3400268554688,-0.03657387983868121,0.00010917261617526819,-0.03668305245485648,0.001345646337405752
2024-11-08,617.0,617.0,599.4099731445312,601.5900268554688,3851745.0,621.7196044921875,630.0035400390625,613.8575439453125,623.6710205078125,4465504.0,614.030029296875,-0.020259599446058485,0.015701172175532463,-0.03596077162159095,0.001293177095620221
2024-11-11,602.0,611.4099731445312,591.5599975585938,599.8900146484375,4101875.0,600.2798461914062,610.39794921875,595.3290405273438,604.5488891601562,2175528.5,601.5900268554688,-0.0028258650096266713,0.004918403185893094,-0.007744268195519766,5.997368988413897e-05
2024-11-12,602.8900146484375,605.0700073242188,584.530029296875,586.239990234375,5430660.0,601.9502563476562,623.3336181640625,598.7734375,616.7328491210938,5806892.5,599.8900146484375,-0.022754211740067087,0.028076537467500495,-0.05083074920756758,0.0025837650650026326
2024-11-13,586.0999755859375,586.0999755859375,567.8499755859375,570.77001953125,6755505.0,598.1710815429688,610.885009765625,595.6236572265625,607.1627197265625,3900479.5,586.239990234375,-0.026388460290708293,0.0356897001922758,-0.06207816048298409,0.0038536980089511276
2024-11-14,570.5599975585938,573.4000244140625,556.5999755859375,564.52001953125,7172685.0,571.1982421875,573.109130859375,562.784423828125,563.8698120117188,9324197.0,570.77001953125,-0.01095011963861181,-0.012089295659218569,0.001139176020606758,1.297722005925449e-06
2024-11-18,564.52001953125,573.3599853515625,560.0,569.6300048828125,4841895.0,573.3015747070312,575.0443725585938,569.8224487304688,570.053955078125,5626324.0,564.52001953125,0.009051911667907975,0.009802903981102506,-0.0007509923131945317,5.639894544772736e-07
2024-11-19,569.5999755859375,573.2000122070312,560.3400268554688,564.9500122070312,5942545.0,560.2423095703125,568.5555419921875,544.9671020507812,560.7711791992188,8130116.0,569.6300048828125,-0.008215846489238343,-0.015551894401026556,0.007336047911788213,5.3817598964052195e-05
2024-11-21,567.1900024414062,567.4000244140625,553.5999755859375,560.4400024414062,4777400.0,568.5244750976562,585.1085815429688,538.9951171875,583.2783203125,8006912.0,564.9500122070312,-0.007983024459113142,0.0324423536763323,-0.040425378135445444,0.0016342111973937506
2024-11-22,550.0,573.0,549.1099853515625,570.010009765625,8194990.0,558.0148315429688,563.6839599609375,546.7740478515625,553.162353515625,6178151.0,560.4400024414062,0.01707588195441012,-0.012985598626218953,0.030061480580629074,0.000903692614699539
2024-11-25,585.3900146484375,603.0,585.3900146484375,589.5599975585938,13791540.0,573.593505859375,591.4935913085938,571.752685546875,586.5947875976562,7450555.0,570.010009765625,0.03429762189791585,0.029095590512262293,0.0052020313856535605,2.7061130537324704e-05
2024-11-26,592.9500122070312,615.8599853515625,589.7999877929688,609.27001953125,10105100.0,601.4873657226562,604.4728393554688,592.9363403320312,594.992919921875,5300171.5,589.5599975585938,0.03343174919308756,0.009215215390764975,0.024216533802322582,0.0005864405093990322
2024-11-27,605.780029296875,613.3400268554688,601.469970703125,603.7999877929688,4064750.0,609.6378173828125,618.2697143554688,600.8272094726562,610.12109375,8510928.0,609.27001953125,-0.008978009032004741,0.0013968752629660575,-0.010374884294970799,0.00010763822413403173
2024-11-28,608.0,615.0,598.25,608.739990234375,12057145.0,598.2890014648438,606.2953491210938,592.4310913085938,601.1849365234375,4442248.0,603.7999877929688,0.008181521267436764,-0.004330989271943975,0.012512510539380739,0.00015656291999811408
2024-11-29,611.5,613.3099975585938,598.4400024414062,603.9299926757812,5600545.0,599.9969482421875,609.0660400390625,583.273681640625,602.3599243164062,7907267.0,608.739990234375,-0.00790156328770486,-0.010480773434175639,0.0025792101464707784,6.652324979657814e-06
2024-12-02,603.9299926757812,622.969970703125,602.1400146484375,618.8400268554688,5433440.0,608.2603759765625,615.3790283203125,604.571533203125,610.4335327148438,5431636.5,603.9299926757812,0.024688348584290143,0.010768698554360245,0.013919650029929898,0.0001937566569557274
2024-12-03,626.2000122070312,641.3800048828125,625.010009765625,631.1099853515625,9872220.0,627.7477416992188,634.5595703125,607.4254760742188,609.0740356445312,4818533.0,618.8400268554688,0.019827351114376723,-0.01578112401772347,0.03560847513210019,0.0012679635012333979
2024-12-04,629.1099853515625,634.6900024414062,623.9400024414062,626.4600219726562,5743725.0,640.4300537109375,644.6202392578125,626.9445190429688,632.46142578125,8361342.0,631.1099853515625,-0.007367912862788817,0.0021413706977471136,-0.00950928356053593,9.042647383467891e-05
2024-12-05,630.489990234375,631.8099975585938,614.5999755859375,625.260009765625,7117350.0,626.0430908203125,629.9650268554688,613.6380615234375,618.1223754882812,6765225.0,626.4600219726562,-0.0019155447513674595,-0.01330914374730674,0.01139359899593928,0.00012981409808026858
2024-12-06,625.4000244140625,629.6500244140625,618.719970703125,625.27001953125,3193785.0,625.7904663085938,631.7879028320312,620.2510375976562,625.3533325195312,4304566.0,625.260009765625,1.600896502051974e-05,0.0001492543141232705,-0.00013324534910275077,1.7754323057513923e-08
2024-12-09,620.1199951171875,632.6699829101562,619.0999755859375,621.3800048828125,3963995.0,624.3065795898438,631.1934204101562,616.0071411132812,623.0416870117188,7297334.0,625.27001953125,-0.006221335626092839,-0.0035637923615813305,-0.0026575432645115082,7.062536202750484e-06
2024-12-10,625.0900268554688,639.4299926757812,621.7999877929688,637.2999877929688,5630900.0,624.5274047851562,628.0740356445312,613.4951171875,616.9983520507812,5254010.0,621.3800048828125,0.025620365613725493,-0.007051486687051689,0.03267185230077718,0.0010674499327637992
2024-12-11,639.0999755859375,653.52001953125,635.5999755859375,649.6500244140625,7350105.0,637.3543701171875,647.62060546875,631.686767578125,641.2582397460938,6859330.0,637.2999877929688,0.019378686423426883,0.006210971330523396,0.013167715092903487,0.00017338872076787828
2024-12-12,647.9000244140625,653.0,644.3099975585938,649.6199951171875,5108345.0,646.4454345703125,649.7346801757812,633.0724487304688,638.0532836914062,5400617.0,649.6500244140625,-4.62238062749476e-05,-0.01785075084560439,0.017804527039329443,0.00031700118309421326
2024-12-13,648.4099731445312,650.9299926757812,623.52001953125,632.510009765625,6003130.0,650.5846557617188,655.7598266601562,643.712890625,648.0975952148438,4038211.0,649.6199951171875,-0.026338452449383043,-0.0023435237735702774,-0.023994928675812766,0.0005757566021573418
2024-12-16,634.7999877929688,639.4000244140625,625.4000244140625,627.489990234375,2943305.0,627.3766479492188,631.7800903320312,617.376953125,623.4432983398438,4242700.0,632.510009765625,-0.00793666416933092,-0.014334494768139527,0.006397830598808607,4.09322363710517e-05
2024-12-17,627.0,627.0,593.0499877929688,595.3800048828125,10413170.0,623.2901611328125,631.1961669921875,616.3394775390625,627.601806640625,3834960.5,627.489990234375,-0.051172107685046986,0.0001781963186509028,-0.05135030400369789,0.0026368537212721915
2024-12-18,595.3800048828125,606.5999755859375,581.77001953125,586.280029296875,7447675.0,593.8687133789062,609.2220458984375,566.4232788085938,606.7015991210938,8731780.0,595.3800048828125,-0.015284315078281208,0.01901574481076107,-0.03430005988904228,0.001176494108391887
2024-12-19,574.0,590.5,570.6599731445312,589.0900268554688,7354675.0,587.3228149414062,596.8114013671875,581.4450073242188,590.404296875,4338783.5,586.280029296875,0.004792927301248584,0.007034637668063226,-0.002241710366814642,5.025265368684237e-06
2024-12-20,590.6500244140625,592.1400146484375,568.72998046875,575.4500122070312,12499100.0,582.4454956054688,591.7529296875,568.7310791015625,585.0603637695312,8050872.5,589.0900268554688,-0.02315438053033625,-0.006840487705160547,-0.016313892825175702,0.00026614309911131924
2024-12-23,581.2000122070312,590.7999877929688,574.5599975585938,576.5800170898438,4691250.0,577.3469848632812,584.1094970703125,567.6600952148438,573.9718017578125,7117222.5,575.4500122070312,0.001963689041344585,-0.0025687903690354563,0.004532479410380041,2.0543369605519008e-05
2024-12-24,576.5999755859375,579.52001953125,571.02001953125,576.5900268554688,2020780.0,572.6529541015625,616.7813720703125,570.3814697265625,596.1715087890625,7417119.0,576.5800170898438,1.7360583662862084e-05,0.03397879065962495,-0.033961430075962085,0.0011533787328044621
2024-12-26,578.4600219726562,587.1900024414062,574.22998046875,585.3800048828125,4462340.0,584.267578125,595.1231689453125,565.44384765625,588.8028564453125,7366036.5,576.5900268554688,0.015244762513984877,0.021181132210087883,-0.0059363696961030055,3.524048516881009e-05
2024-12-27,587.3800048828125,587.969970703125,578.0999755859375,579.780029296875,1524915.0,584.5093383789062,612.8635864257812,568.609130859375,587.35498046875,7291405.0,585.3800048828125,-0.009566393691664565,0.00337383506348643,-0.012940228755150995,0.00016744952023563668
2024-12-30,582.5599975585938,593.77001953125,579.0599975585938,583.7999877929688,3452720.0,583.7639770507812,595.5418090820312,578.9577026367188,589.879638671875,5586881.0,579.780029296875,0.0069335925574547375,0.01741972621452348,-0.010486133657068741,0.00010995899907390986
2024-12-31,579.5800170898438,582.5399780273438,576.2100219726562,577.8300170898438,4075070.0,589.845703125,596.4318237304688,576.6481323242188,580.3056640625,3878479.25,583.7999877929688,-0.010226054861176337,-0.005985480992692249,-0.004240573868484088,1.7982466734070102e-05
2025-01-01,579.7999877929688,586.2000122070312,576.5800170898438,583.72998046875,1297175.0,574.6793823242188,592.332275390625,569.9698486328125,585.7825927734375,12974437.0,577.8300170898438,0.010210551900056375,0.013762828943442162,-0.0035522770433857875,1.2618672192965673e-05
2025-01-02,587.4600219726562,613.780029296875,586.3200073242188,612.010009765625,7297085.0,579.0426025390625,588.7232666015625,567.8506469726562,582.8905029296875,7042970.0,583.72998046875,0.048447107812015,-0.0014381264748272171,0.04988523428684222,0.0024885365998531385
2025-01-03,612.0,619.5999755859375,607.22998046875,609.6699829101562,3652225.0,616.625244140625,650.857421875,610.6885375976562,631.0350952148438,9270259.0,612.010009765625,-0.0038235107565722792,0.0310862324890806,-0.03490974324565288,0.0012186901734774068
2025-01-06,606.2000122070312,616.27001953125,591.0,593.9099731445312,5430225.0,604.4150390625,607.6548461914062,593.3402099609375,597.5455932617188,3377062.0,609.6699829101562,-0.025850066769561586,-0.01988680759804473,-0.005963259171516855,3.556045994667988e-05
2025-01-07,595.4099731445312,604.4000244140625,590.0,591.6799926757812,2781710.0,594.4852294921875,599.0872802734375,579.4486694335938,584.4629516601562,3330211.0,593.9099731445312,-0.003754744943822219,-0.015906487366017075,0.012151742422194856,0.0001476648438953701
2025-01-08,594.0,594.0,568.1699829101562,579.75,4976035.0,594.69873046875,603.3114624023438,590.267333984375,598.3952026367188,3480222.5,591.6799926757812,-0.020162913776803126,0.011349395017683506,-0.03151230879448663,0.0009930256055590795
2025-01-09,580.75,584.8300170898438,560.2000122070312,561.969970703125,5408205.0,569.4441528320312,594.0570678710938,546.1358032226562,594.4254760742188,2869327.5,579.75,-0.030668442081716263,0.025313455927932216,-0.05598189800964848,0.003133972904762684
2025-01-10,566.0,566.0,529.0,532.0,5999299.0,566.9903564453125,576.04833984375,560.7659301757812,568.5018920898438,3512711.0,561.969970703125,-0.05333019959345375,0.011623256983902763,-0.06495345657735652,0.004218951521346538
2025-01-13,530.0499877929688,540.7000122070312,518.75,521.0999755859375,5558523.0,545.4215087890625,564.1904296875,540.4554443359375,557.1668701171875,3618833.0,532.0,-0.020488767695606258,0.04730614683681855,-0.06779491453242481,0.004596150436458785
2025-01-14,526.9500122070312,547.5,518.2999877929688,544.0999755859375,6987503.0,527.1990966796875,543.6551513671875,515.1062622070312,532.0547485351562,8780176.0,521.0999755859375,0.044137403718237156,0.021022401578316918,0.023115002139920238,0.0005343033239285171
2025-01-15,545.0,545.9500122070312,529.0999755859375,533.2000122070312,4072535.0,542.6489868164062,551.6990356445312,536.6422729492188,544.911376953125,2672399.0,544.0999755859375,-0.020033015747093486,0.0014912725667992621,-0.021524288313892748,0.0004632949874195799
2025-01-16,535.5499877929688,553.75,535.5499877929688,546.7999877929688,6194466.0,541.10791015625,559.5643310546875,537.4107666015625,552.3820190429688,6650558.0,533.2000122070312,0.02550633022239479,0.03597525580792649,-0.010468925585531696,0.00010959840291540017
2025-01-17,546.5499877929688,547.5499877929688,523.8499755859375,526.5,5347916.0,535.8887939453125,570.5634765625,508.2840576171875,564.7184448242188,9349634.0,546.7999877929688,-0.037125069945419975,0.032769673429536184,-0.06989474337495616,0.004885275151450978
2025-01-20,511.0,521.5,493.3500061035156,516.7000122070312,12701612.0,531.0077514648438,558.007568359375,497.81512451171875,551.881103515625,9866412.0,526.5,-0.01861346209490744,0.04820722415123457,-0.06682068624614201,0.004465004110405352
2025-01-21,518.0,530.75,513.4500122070312,520.2999877929688,7753705.0,524.0237426757812,567.693115234375,519.087890625,553.6271362304688,12400092.0,516.7000122070312,0.006967245018169477,0.07146724047035935,-0.06449999545218987,0.0041602494133325145
2025-01-22,520.3499755859375,528.3499755859375,513.0499877929688,518.6500244140625,5895189.0,519.6061401367188,559.6015625,516.4227294921875,549.841796875,12121884.0,520.2999877929688,-0.0031711770471206657,0.05677841586609089,-0.05994959291321156,0.0035939536904597853
2025-01-23,518.6500244140625,533.4500122070312,511.6000061035156,529.7999877929688,5150004.0,528.5862426757812,547.2247314453125,517.7259521484375,535.6378173828125,8200482.5,518.6500244140625,0.021498048499087208,0.03275386516744461,-0.011255816668357399,0.00012669340887167227
2025-01-24,531.9500122070312,541.7999877929688,509.1499938964844,527.4500122070312,7602501.0,526.3152465820312,564.6663818359375,521.499755859375,554.5615844726562,14659951.0,529.7999877929688,-0.004435590109631682,0.046737631653860356,-0.05117322176349204,0.0026186986256555352
2025-01-27,525.9000244140625,530.6500244140625,508.1499938964844,511.6499938964844,8523575.0,531.9802856445312,543.5902709960938,521.7477416992188,532.21435546875,8220216.5,527.4500122070312,-0.029955480035793736,0.009032786333216913,-0.03898826636901065,0.0015200849144609268
2025-01-28,520.0499877929688,541.7999877929688,508.6000061035156,530.0999755859375,16222471.0,519.8368530273438,535.9703979492188,512.7179565429688,528.099609375,8584905.0,511.6499938964844,0.036059771151264464,0.03215013324488325,0.003909637906381214,1.5285268559012878e-05
2025-01-29,531.1500244140625,555.6500244140625,530.25,553.5,9135552.0,511.2286682128906,561.8612060546875,477.62249755859375,552.5679321289062,10362070.0,530.0999755859375,0.044142662689613754,0.04238437573616971,0.0017582869534440437,3.091573010651537e-06
2025-01-30,553.5,560.0,536.8499755859375,538.2999877929688,7172857.0,553.1699829101562,562.3731079101562,543.0147094726562,553.0321655273438,5503595.5,553.5,-0.027461630003669857,-0.000845229399559666,-0.02661640060411019,0.0007084327811184774
2025-01-31,546.4000244140625,550.9000244140625,536.2000122070312,543.75,4058608.0,538.1488037109375,559.1295166015625,531.0899658203125,551.6201171875,7373123.0,538.2999877929688,0.010124488817798927,0.024744807164391425,-0.014620318346592498,0.00021375370855570918
2025-02-01,547.9000244140625,549.6500244140625,518.0,531.7999877929688,3874882.0,538.51416015625,569.2161254882812,535.977294921875,561.5028686523438,10327815.0,543.75,-0.02197703394396555,0.03264895384339073,-0.05462598778735628,0.0029839985417443975
2025-02-03,525.0,558.0,516.0,546.1500244140625,7442129.0,532.0829467773438,546.3936157226562,527.1851806640625,542.1863403320312,4373897.5,531.7999877929688,0.026983897988881234,0.01953056182300239,0.007453336165878843,5.555222000159754e-05
2025-02-04,556.0,579.9000244140625,545.4000244140625,576.75,12290382.0,545.4307861328125,552.7810668945312,535.6964721679688,542.716064453125,3813538.75,546.1500244140625,0.05602851637472095,-0.006287576320483823,0.06231609269520477,0.0038832954087973538
2025-02-05,577.0,590.7999877929688,568.4000244140625,571.2999877929688,6953215.0,578.3523559570312,582.7191162109375,565.337646484375,568.7058715820312,6791913.0,576.75,-0.009449522682325573,-0.013947340126517105,0.004497817444191532,2.0230361761273645e-05
2025-02-06,570.0,570.0,554.3499755859375,566.3499755859375,6345455.0,580.786376953125,594.3639526367188,574.07470703125,585.4916381835938,7489868.0,571.2999877929688,-0.008664471053384748,0.02484097793428952,-0.03350544898767427,0.0011226151118656426
2025-02-07,567.9000244140625,579.0999755859375,554.8499755859375,559.5499877929688,5747620.0,562.5712890625,582.2122192382812,533.88427734375,578.2926025390625,7196478.5,566.3499755859375,-0.012006688595569526,0.021087008860147582,-0.03309369745571711,0.001095192811290537
2025-02-10,561.7000122070312,566.5999755859375,546.5,560.7999877929688,4253881.0,566.332275390625,577.332275390625,560.7742919921875,570.844970703125,4464614.0,559.5499877929688,0.0022339380346165782,0.020185833538674647,-0.01795189550405807,0.0003222705521886203
2025-02-11,566.0,566.0,534.0,538.5499877929688,6416783.0,565.8506469726562,576.2756958007812,559.810791015625,569.776611328125,3549585.25,560.7999877929688,-0.039675464487017864,0.01600681834977169,-0.055682282836789554,0.0031005166219162284
2025-02-12,538.5499877929688,551.5,527.0,547.1500244140625,5467745.0,538.9267578125,546.8232421875,530.0748291015625,537.4475708007812,3476719.5,538.5499877929688,0.015968873486261748,-0.0020470095946066857,0.018015883080868433,0.00032457204318352145
2025-02-13,547.0,560.25,538.0,548.6500244140625,5723009.0,545.54345703125,570.7467041015625,539.5057373046875,564.0513916015625,7001822.0,547.1500244140625,0.0027414784484498522,0.03088982259591333,-0.028148344147463478,0.0007923292782440415
2025-02-14,550.9500122070312,554.9500122070312,526.7999877929688,539.1500244140625,6763071.0,549.415283203125,554.4677124023438,536.7569580078125,542.139404296875,4275692.5,548.6500244140625,-0.017315227517114673,-0.011866617748063746,-0.005448609769050927,2.96873484153972e-05
2025-02-17,537.0,553.0,525.0999755859375,550.3499755859375,4397756.0,542.2483520507812,556.7200927734375,535.7920532226562,549.2666625976562,6144906.5,539.1500244140625,0.020773348167881345,0.018764050311577574,0.002009297856303771,4.03727787534693e-06
2025-02-18,550.9500122070312,554.4500122070312,539.0999755859375,553.3499755859375,2988732.0,548.2137451171875,555.6284790039062,540.5252685546875,547.7517700195312,2801932.75,550.3499755859375,0.005451076829441126,-0.004721006053720722,0.010172082883161848,0.00010347127018191426
2025-02-19,547.7999877929688,559.75,546.5,557.7999877929688,4066886.0,547.3617553710938,555.044921875,540.5907592773438,548.4019165039062,2489257.25,553.3499755859375,0.008041948863048543,-0.008942006506446165,0.016983955369494708,0.0002884547399929881
2025-02-20,557.0,582.25,557.0,580.8499755859375,7590778.0,536.4649658203125,585.9320068359375,533.2433471679688,562.7501220703125,6441310.5,557.7999877929688,0.0413230338784516,0.008874389361193336,0.03244864451725826,0.0010529145310073948
2025-02-21,580.8499755859375,594.7000122070312,576.7000122070312,585.0999755859375,9328402.0,579.7196655273438,591.8876953125,573.974365234375,584.7289428710938,5851738.0,580.8499755859375,0.00731686352523786,0.006678088057494147,0.000638775467743713,4.080340981911993e-07
2025-02-24,576.0,581.75,568.7999877929688,577.2000122070312,4523171.0,578.7633056640625,592.3320922851562,558.8340454101562,585.6710205078125,7071928.5,585.0999755859375,-0.013501903449910424,0.0009759783724194726,-0.014477881822329897,0.00020960906206135045
2025-02-25,581.7999877929688,586.75,571.5,574.25,6222936.0,576.8367309570312,583.1357421875,568.5038452148438,575.3804321289062,4242769.0,577.2000122070312,-0.0051109011514939295,-0.003152425571107509,-0.0019584755803864207,3.8356265989699276e-06
2025-02-27,581.2999877929688,608.7999877929688,580.2999877929688,606.7999877929688,17099035.0,588.4140014648438,594.3714599609375,585.0740966796875,589.0979614257812,4543020.0,574.25,0.05668260825941451,0.02585626717593592,0.030826341083478592,0.0009502633045949601
2025-02-28,609.9500122070312,620.0,602.25,617.2999877929688,23771834.0,618.7696533203125,626.7957153320312,609.1770629882812,618.69482421875,9302259.0,606.7999877929688,0.017303889603212053,0.01960256536761773,-0.0022986757644056777,5.283910269866026e-06
2025-03-03,625.2999877929688,630.0,614.9000244140625,621.2999877929688,10284029.0,608.5524291992188,619.6478881835938,596.6637573242188,608.4672241210938,8921394.0,617.2999877929688,0.006479831652518309,-0.014308705405057243,0.02078853705757555,0.000432163272994192
2025-03-04,618.5999755859375,635.4000244140625,613.4000244140625,632.9000244140625,5369562.0,620.61767578125,628.513671875,611.463134765625,619.8926391601562,7336719.5,621.2999877929688,0.018670588844368563,-0.0022651676492250195,0.020935756493593582,0.00043830589995904587
2025-03-05,626.5999755859375,637.5,621.5,631.2999877929688,9532495.0,628.3724975585938,638.1128540039062,622.5546264648438,630.8516845703125,6084498.5,632.9000244140625,-0.0025281032696673478,-0.0032364350841135314,0.0007083318144461836,5.017339593566227e-07
2025-03-06,638.7999877929688,650.7999877929688,637.0,644.3499755859375,8075827.0,621.7597045898438,626.4491577148438,608.0106201171875,614.2651977539062,7741848.0,631.2999877929688,0.02067161103327697,-0.026983669203949012,0.04765528023722598,0.0022710257344885415
2025-03-07,644.3499755859375,647.6500244140625,627.4500122070312,630.8499755859375,5829062.0,650.1369018554688,667.3809814453125,646.0325927734375,659.1068725585938,5713117.0,644.3499755859375,-0.020951347111829777,0.022901990427231844,-0.04385333753906162,0.0019231152133148712
2025-03-10,631.5499877929688,641.5,622.8499755859375,625.5999755859375,4906168.0,630.7905883789062,634.751708984375,618.750732421875,623.777587890625,5521338.0,630.8499755859375,-0.00832210541836631,-0.011210886849513768,0.002888781431147458,8.345058156942355e-06
2025-03-11,624.2000122070312,640.0,615.5499877929688,638.25,6734891.0,627.0142822265625,630.778564453125,616.7039184570312,619.4535522460938,5682140.0,625.5999755859375,0.020220628049440803,-0.009824845875492594,0.030045473924933397,0.0009027305033738526
2025-03-12,639.0,647.25,629.0999755859375,636.9500122070312,5378060.0,639.0598754882812,652.9539794921875,626.4122924804688,643.8173828125,8098206.5,638.25,-0.0020368003023404357,0.008722887289463355,-0.01075968759180379,0.00011577087707321645
2025-03-13,638.0,644.0,617.5,619.5499877929688,5273706.0,636.2261962890625,652.7181396484375,625.1017456054688,627.8483276367188,7379489.0,636.9500122070312,-0.0273177236527109,-0.014289480172510194,-0.013028243480200707,0.00016973512817939224
2025-03-17,613.4000244140625,629.5,613.4000244140625,623.25,4548324.0,619.814453125,637.2568969726562,616.682861328125,634.2374877929688,7282504.5,619.5499877929688,0.0059720963278715455,0.02370672308835231,-0.017734626760480765,0.0003145169863335605
2025-03-18,623.25,623.25,623.25,623.25,0.0,617.842529296875,630.3096923828125,610.9119873046875,620.4031372070312,5662124.5,623.25,0.0,-0.004567770225381018,0.004567770225381018,2.0864524831877358e-05
2025-03-19,645.7000122070312,677.5999755859375,637.6500244140625,667.9500122070312,9823834.0,616.1453247070312,641.65087890625,600.5390625,629.5972290039062,3729126.5,623.25,0.07172083787730643,0.010184081835389103,0.06153675604191733,0.003786772344162449
2025-03-20,690.0,695.0,665.0,667.9000244140625,8747482.0,665.012451171875,670.4853515625,655.9735107421875,660.3834228515625,3402716.5,667.9500122070312,-7.483762565341223e-05,-0.011328077277021564,0.011253239651368152,0.0001266354026511244
2025-03-21,669.0499877929688,679.0,667.6500244140625,676.7999877929688,6365496.0,674.6548461914062,685.771240234375,669.1779174804688,677.6326904296875,4504300.0,667.9000244140625,0.013325292788713528,0.014572040215395043,-0.001246747426681516,1.554379145936982e-06
2025-03-24,677.0,694.9000244140625,674.0,682.0,4983671.0,670.6458740234375,683.125244140625,666.525634765625,675.755126953125,5495357.5,676.7999877929688,0.007683233304995207,-0.0015438251458175234,0.00922705845081273,8.513860765471463e-05
2025-03-25,688.0,688.0,667.7000122070312,678.3499755859375,5257157.0,685.1455078125,696.0557250976562,674.97412109375,681.9735107421875,6893742.5,682.0,-0.005351941956103334,-3.884055397729291e-05,-0.005313101402126041,2.8229046509273707e-05
2025-03-26,678.7999877929688,680.9000244140625,669.25,672.0,4792266.0,672.4124145507812,681.4902954101562,665.810546875,673.1619873046875,4721626.5,678.3499755859375,-0.009360913708963525,-0.007647952337241248,-0.001712961371722277,2.9342366610126645e-06
2025-03-27,670.0,684.4000244140625,666.2000122070312,678.5,4628163.0,669.7449951171875,679.6053466796875,664.4998168945312,672.2401123046875,4611461.5,672.0,0.009672619047619069,0.0003573099772136157,0.009315309070405453,8.67749830771781e-05
2025-03-28,682.0,685.0,650.1500244140625,656.0,6806264.0,673.416259765625,680.8016967773438,666.984619140625,672.2061767578125,3263144.0,678.5,-0.033161385408990385,-0.009276084365788528,-0.023885301043201856,0.0005705076059243797
2025-04-01,652.0,653.9000244140625,633.9000244140625,637.4500122070312,7600903.0,663.0480346679688,691.00244140625,660.1820678710938,685.3551025390625,4598275.5,656.0,-0.02827742041611092,0.04474863191930267,-0.0730260523354136,0.005332804319694565
2025-04-02,640.0,644.0,630.5,639.4000244140625,4387926.0,641.257080078125,659.7843017578125,638.9011840820312,657.4703369140625,4847378.0,637.4500122070312,0.003059082547162806,0.031406893597374363,-0.028347811050211558,0.0008035983913384965
2025-04-03,633.0,660.5499877929688,632.0,654.1500244140625,3704676.0,639.8090209960938,655.7459106445312,637.95263671875,651.6373291015625,4212106.0,639.4000244140625,0.023068500839543704,0.019138730403887694,0.00392977043565601,1.544309567695603e-05
2025-04-04,655.5,665.0,649.5,653.5999755859375,5191619.0,658.7560424804688,672.9141845703125,654.9930419921875,666.9838256835938,4862797.5,654.1500244140625,-0.0008408603647422908,0.01961904882756338,-0.02045990919230567,0.00041860788415739404
2025-04-07,596.0,629.9500122070312,589.25,614.0,15188995.0,656.6917724609375,671.1376953125,654.328369140625,666.216552734375,3851490.75,653.5999755859375,-0.060587480209798095,0.019303209332477422,-0.07989068954227552,0.006382522275540251
2025-04-08,623.7000122070312,648.2999877929688,623.0499877929688,641.4500122070312,10415072.0,634.7874145507812,683.0419311523438,633.21044921875,678.9705810546875,10475969.0,614.0,0.04470686027203796,0.10581527859069628,-0.06110841831865832,0.0037342387894081356
2025-04-09,647.9500122070312,647.9500122070312,619.0,624.5499877929688,9235529.0,643.8634033203125,666.5568237304688,640.2322387695312,661.1556396484375,8958296.0,641.4500122070312,-0.02634659613757706,0.03072044129145035,-0.05706703742902741,0.0032566467609260155
2025-04-11,627.0,648.6500244140625,627.0,638.7999877929688,7102851.0,619.5214233398438,645.4542846679688,616.139892578125,643.143798828125,8728460.0,624.5499877929688,0.022816428273990663,0.029771533742019463,-0.006955105468028799,4.83734920714041e-05
2025-04-15,651.9500122070312,674.5499877929688,649.1500244140625,672.0,6085948.0,637.1947631835938,641.8113403320312,629.0125122070312,633.6884155273438,4426432.5,638.7999877929688,0.05197246844311332,-0.008001835258772183,0.0599743037018855,0.003596917104525997
2025-04-16,672.6500244140625,678.0,662.4500122070312,676.0499877929688,6571065.0,679.590576171875,682.712890625,665.3824462890625,668.5718383789062,5142046.5,672.0,0.006026767549060619,-0.005101430983770472,0.01112819853283109,0.00012383680258610405
2025-04-17,677.0,695.6500244140625,668.5499877929688,691.75,5771289.0,669.8164672851562,674.4188842773438,657.466552734375,662.256103515625,4315113.0,676.0499877929688,0.023223152859281226,-0.020403645479493693,0.04362679833877492,0.001903297533292134
2025-04-21,698.75,717.5,690.5,703.0,6740583.0,687.4923095703125,696.8173828125,679.2467651367188,687.4727783203125,6314264.0,691.75,0.016263100831225064,-0.006183189995934257,0.02244629082715932,0.0005038359718974167
2025-04-22,703.0,709.9500122070312,700.0,703.5,3672514.0,711.4066162109375,717.4035034179688,701.9159545898438,706.9025268554688,5415766.5,703.0,0.0007112375533429027,0.005551247305076501,-0.004840009751733598,2.3425694396876327e-05
2025-04-23,709.5,713.7999877929688,685.9000244140625,703.9000244140625,5442424.0,699.438720703125,704.9880981445312,690.2564086914062,696.03759765625,4163437.0,703.5,0.0005686203469261741,-0.010607537091329111,0.011176157438255285,0.00012490649508466894
2025-04-24,704.0,705.5,694.5,696.6500244140625,5010172.0,696.9414672851562,701.1422729492188,684.9442749023438,690.3538818359375,4665223.5,703.9000244140625,-0.010299758131184888,-0.019244412712445924,0.008944654581261036,8.000684557807404e-05
2025-04-25,698.9000244140625,705.5999755859375,635.0,655.2000122070312,9784886.0,701.6378784179688,713.2894287109375,694.568603515625,703.9815063476562,5570335.5,696.6500244140625,-0.059499046514631226,0.010523909677258914,-0.07002295619189014,0.004903214393851366
2025-04-28,622.7000122070312,630.4000244140625,596.1500244140625,622.0,32221482.0,653.1934814453125,662.7313842773438,645.12353515625,654.7109375,4864079.5,655.2000122070312,-0.05067156835848874,-0.0007464510041503836,-0.049925117354338355,0.002492517342844457
2025-04-29,625.0,630.7999877929688,610.2000122070312,614.7000122070312,10387632.0,599.513671875,639.0432739257812,585.211669921875,638.8545532226562,16674744.0,622.0,-0.011736314779692503,0.02709735244800049,-0.03883366722769299,0.0015080537103511968
2025-04-30,614.7000122070312,621.7999877929688,606.5,611.7000122070312,7374108.0,618.086181640625,659.25244140625,616.6553344726562,636.6337280273438,9640655.0,614.7000122070312,-0.004880429380875961,0.03568198370707898,-0.04056241308795494,0.0016453093555178983
2025-05-02,611.7000122070312,616.2999877929688,599.5,603.5999755859375,7749204.0,588.3160400390625,624.3320922851562,587.294677734375,606.1884765625,6239587.0,611.7000122070312,-0.013241844792300395,-0.009010193778884346,-0.004231651013416049,1.7906870299345073e-05
2025-05-05,610.1500244140625,630.9000244140625,607.2000122070312,628.8499755859375,8616953.0,616.0282592773438,651.5726928710938,611.6289672851562,632.0360107421875,6911965.5,603.5999755859375,0.04183234098955824,0.04711072946722039,-0.005278388477662155,2.78613849211166e-05
2025-05-06,628.7999877929688,631.8499755859375,617.0499877929688,623.4500122070312,5098276.0,630.6082153320312,640.3441162109375,621.1513671875,632.1360473632812,7255872.5,628.8499755859375,-0.008587045541147975,0.005225525808889353,-0.013812571350037328,0.00019078712729987202
2025-05-07,618.2000122070312,638.0,617.25,636.6500244140625,5983998.0,628.7542724609375,657.68310546875,623.7423095703125,637.16748046875,6527618.5,623.4500122070312,0.02117252698464611,0.02200251502627859,-0.000829988041632479,6.888801492529177e-07
2025-05-08,635.0,640.7999877929688,607.0,615.7999877929688,10052396.0,633.9304809570312,644.3335571289062,628.4046020507812,638.9313354492188,5043328.5,636.6500244140625,-0.03274960468317423,0.003583304716364033,-0.03633290939953826,0.0013200803054350557
2025-05-09,600.0,612.3499755859375,596.6500244140625,601.4500122070312,5637324.0,608.0100708007812,620.3909912109375,581.7159423828125,612.9712524414062,7449812.5,615.7999877929688,-0.02330298127703434,-0.004593594361215758,-0.018709386915818582,0.00035004115876580356
2025-05-12,611.0499877929688,648.0,611.0,645.9500122070312,9560644.0,600.5796508789062,612.7960205078125,596.760009765625,607.677734375,3098844.75,601.4500122070312,0.07398786116356781,0.010354513328740378,0.06363334783482744,0.004049202956668138
2025-05-13,641.5999755859375,647.7999877929688,631.9500122070312,633.5999755859375,5748439.0,646.02294921875,653.8626708984375,634.6631469726562,643.471435546875,6584228.0,645.9500122070312,-0.019119183199481804,-0.003837102892354838,-0.015282080307126966,0.00023354197851347782
2025-05-14,639.5,655.2999877929688,637.5999755859375,651.9500122070312,9324793.0,639.0311889648438,645.1486206054688,630.3148803710938,636.274658203125,4286129.0,633.5999755859375,0.028961548813388305,0.004221405808473966,0.02474014300491434,0.0006120746759036119
2025-05-15,654.7999877929688,679.9500122070312,644.1500244140625,674.7999877929688,9817422.0,650.4390258789062,658.5457763671875,640.7424926757812,650.169921875,6969022.0,651.9500122070312,0.03504866194968548,-0.0027304092318445328,0.03777907118153001,0.0014272582193391114
2025-05-16,674.0,674.7999877929688,660.0499877929688,665.5,5415727.0,669.4954833984375,681.5715942382812,660.0899658203125,672.418701171875,7415249.0,674.7999877929688,-0.01378184345169553,-0.0035288776884571105,-0.01025296576323842,0.00010512330694213919
2025-05-19,670.0,683.9000244140625,666.0,677.7999877929688,4356035.0,684.4540405273438,690.7639770507812,673.5548095703125,680.13671875,5454367.5,665.5,0.018482325759532348,0.021993566867017256,-0.003511241107484908,1.2328814114891845e-05
2025-05-20,682.0499877929688,682.0499877929688,656.2000122070312,658.3499755859375,7035801.0,693.2771606445312,702.873779296875,685.36474609375,693.7747192382812,4887860.0,677.7999877929688,-0.028695798992802835,0.023568503589574963,-0.0522643025823778,0.0027315573244223426
2025-05-21,658.3499755859375,661.6500244140625,638.7000122070312,658.0,7986603.0,663.78564453125,677.1188354492188,658.0999755859375,671.3825073242188,5175883.5,658.3499755859375,-0.0005315950465799579,0.019795750317575633,-0.02032734536415559,0.0004132009695536578
2025-05-22,652.0,654.7000122070312,640.2999877929688,649.75,6840583.0,653.9046020507812,664.6004028320312,646.8001098632812,658.3665771484375,5306130.0,658.0,-0.012537993920972657,0.000557108128324435,-0.013095102049297092,0.00017148169768150487
2025-05-23,651.0,663.5999755859375,646.1500244140625,659.8499755859375,3128629.0,644.49267578125,650.5407104492188,634.394287109375,642.7489013671875,4928914.0,649.75,0.015544402594747986,-0.010775065229415182,0.026319467824163167,0.0006927143865471603
2025-05-26,664.8499755859375,667.7999877929688,652.0999755859375,664.5,2963171.0,657.4586791992188,664.353759765625,649.548583984375,657.0891723632812,4034467.75,659.8499755859375,0.007047093409275895,-0.004183986246577787,0.011231079655853682,0.00012613715023613046
2025-05-27,667.7999877929688,670.0,657.0,661.9000244140625,2493252.0,661.1517944335938,667.2098999023438,654.9036865234375,661.4169921875,2932698.0,664.5,-0.003912679587565804,-0.004639590387509385,0.0007269107999435809,5.283993110746166e-07
2025-05-28,661.9000244140625,663.9000244140625,654.0,655.7000122070312,3244100.0,663.186767578125,668.985107421875,654.5240478515625,660.8035888671875,3482480.75,661.9000244140625,-0.009366991960031656,-0.001656497214735153,-0.007710494745296503,5.945172921724499e-05
2025-05-29,655.7000122070312,659.7000122070312,648.0999755859375,652.25,4173868.0,654.75244140625,663.8067626953125,649.9793701171875,659.0558471679688,3629449.25,655.7000122070312,-0.005261571058110537,0.005117942501849271,-0.010379513559959808,0.00010773430174138952
2025-05-30,643.0999755859375,654.9500122070312,637.25,639.3499755859375,6693573.0,654.4937133789062,664.512451171875,651.346435546875,658.803955078125,3077953.25,652.25,-0.019777730033058605,0.010048225493484164,-0.02982595552654277,0.0008895876230713072
2025-06-02,638.2999877929688,647.9000244140625,625.0,642.5499877929688,4344402.0,647.7633666992188,659.347412109375,644.0067749023438,655.0745239257812,3135568.5,639.3499755859375,0.00500510257171527,0.02459458659622671,-0.01958948402451144,0.0003837478843465889
2025-06-03,648.0,658.75,642.0999755859375,648.25,5336167.0,638.3952026367188,646.2330932617188,631.969970703125,638.8988037109375,3603247.0,642.5499877929688,0.008870924154258608,-0.005682334684298018,0.014553258838556626,0.00021179734282202658
2025-06-04,649.9500122070312,661.8499755859375,640.0,641.2000122070312,6290382.0,655.93310546875,668.3424682617188,650.2564697265625,663.52734375,4599527.0,648.25,-0.010875415029647173,0.0235670555341303,-0.03444247056377747,0.0011862837785366776
2025-06-05,647.0,654.7999877929688,638.0999755859375,651.4500122070312,4542850.0,648.2935791015625,665.8821411132812,646.8400268554688,658.5255126953125,3473284.5,641.2000122070312,0.01598565159835097,0.027020430690021913,-0.011034779091670943,0.00012176634960197821
2025-06-06,654.0,690.9000244140625,644.2999877929688,688.25,20115034.0,654.7076416015625,668.5386352539062,650.4193115234375,663.7129516601562,5986832.5,651.4500122070312,0.05648935007046041,0.018824068191479082,0.03766528187898133,0.001418673459023119
2025-06-09,700.0,715.9000244140625,692.25,698.0,11413586.0,678.528076171875,699.8475341796875,671.4227905273438,689.1055908203125,11413251.0,688.25,0.014166363966581885,0.0012431395863603534,0.012923224380221532,0.0001670097283815522
2025-06-10,705.0,705.9500122070312,690.7000122070312,700.4000244140625,6453133.0,702.60546875,717.8323364257812,698.19482421875,712.4883422851562,5541769.5,698.0,0.00343843039263958,0.020756937371283923,-0.017318506978644344,0.00029993068396935284
2025-06-11,702.0999755859375,702.0999755859375,684.3499755859375,686.0499877929688,4586055.0,695.9151000976562,702.7154541015625,687.14111328125,695.1799926757812,5258451.0,700.4000244140625,-0.020488343976142298,-0.007452929120966512,-0.013035414855175786,0.00016992204044653756
2025-06-12,689.0,690.0,666.5999755859375,668.0499877929688,4970089.0,689.2174072265625,694.9483642578125,679.8992919921875,686.1707763671875,4207224.0,686.0499877929688,-0.026237155193175044,0.0001760638092966893,-0.026413219002471733,0.0006976581380725339
2025-06-13,651.8499755859375,670.3499755859375,643.5,667.1500244140625,4687026.0,673.2493286132812,682.5037231445312,666.2249755859375,674.7412109375,5712317.0,668.0499877929688,-0.0013471497572801194,0.010016051593140451,-0.011363201350420571,0.0001291223449301999
2025-06-16,669.0,681.25,668.5999755859375,676.1500244140625,6882573.0,658.10009765625,663.0396118164062,644.1568603515625,651.0657958984375,5057661.0,667.1500244140625,0.013490219097127998,-0.024108862964895006,0.037599082062023004,0.00141369097190674
2025-06-17,679.7999877929688,679.7999877929688,662.0,665.0,2390137.0,680.8621826171875,689.272705078125,674.0809326171875,682.707763671875,4541954.0,676.1500244140625,-0.016490459234583144,0.009698645302121056,-0.0261891045367042,0.0006858691964344205
2025-06-18,663.0499877929688,673.5,659.1500244140625,662.0999755859375,3352972.0,670.59814453125,677.495849609375,661.9798583984375,666.681884765625,2590528.5,665.0,-0.004360938968515082,0.002529150023496296,-0.006890088992011378,4.747332631783637e-05
2025-06-19,660.75,669.0,648.0,652.2000122070312,3342726.0,664.887939453125,674.3179321289062,659.217529296875,667.6390380859375,3672923.5,662.0999755859375,-0.014952369345951233,0.008365900474619492,-0.023318269820570725,0.0005437417074249395
2025-06-20,652.0,670.9000244140625,650.5,666.3499755859375,7441267.0,650.6990966796875,655.1041870117188,640.6669921875,646.3117065429688,2287365.0,652.2000122070312,0.021695742278542873,-0.009028374047612475,0.03072411632615535,0.0009439713240231257
2025-06-23,661.7999877929688,666.2000122070312,648.2999877929688,661.6500244140625,4243520.0,658.7810668945312,662.5679931640625,646.8947143554688,653.0697021484375,4575675.0,666.3499755859375,-0.007053277322839557,-0.019929877577953392,0.012876600255113835,0.00016580683412999766
2025-06-24,674.0,682.0,673.4000244140625,676.0499877929688,4823566.0,658.2271118164062,659.8872680664062,644.2550048828125,647.129150390625,2722272.25,661.6500244140625,0.021763716236024466,-0.02194645732280709,0.043710173558831555,0.0019105792725431772
2025-06-25,676.0499877929688,678.0,671.0,675.0999755859375,3211981.0,682.3784790039062,691.9225463867188,676.5543212890625,683.8519287109375,4674722.0,676.0499877929688,-0.0014052395890615799,0.01154047934153346,-0.01294571893059504,0.0001675916386299668
2025-06-26,675.1500244140625,707.5499877929688,674.25,703.2000122070312,19068571.0,681.2555541992188,694.0970458984375,676.8103637695312,688.1512451171875,5612755.0,675.0999755859375,0.04162351894133165,0.019332350767636175,0.022291168173695475,0.0004968961785479741
2025-06-27,703.0499877929688,706.9000244140625,696.5999755859375,699.9500122070312,7554681.0,702.6171875,715.2920532226562,690.4909057617188,704.5472412109375,10314601.0,703.2000122070312,-0.004621729157540444,0.0019158546366884188,-0.006537583794228863,4.274000186656386e-05
2025-06-30,700.0,714.0,699.9000244140625,706.8499755859375,3721603.0,704.5537109375,713.5846557617188,687.1871948242188,689.9340209960938,6257699.5,699.9500122070312,0.009857794497566852,-0.014309580736138305,0.024167375233705157,0.0005840620256867054
2025-07-01,708.0,710.5499877929688,694.0,696.4500122070312,3524637.0,718.7757568359375,730.22412109375,710.11181640625,719.5765991210938,5904565.0,706.8499755859375,-0.014713112736949974,0.01800470251782449,-0.03271781525477446,0.0010704554350455526
2025-07-02,695.75,698.8499755859375,675.0,676.9000244140625,3288839.0,698.0303344726562,699.894287109375,684.0674438476562,688.9957275390625,4594621.0,696.4500122070312,-0.02807091313131771,-0.010703258722541076,-0.017367654408776634,0.00030163541966269844
2025-07-03,681.5999755859375,684.25,672.9500122070312,675.4000244140625,6014549.0,682.1488037109375,687.0990600585938,672.2083740234375,677.9534301757812,3565298.25,676.9000244140625,-0.002215984555914874,0.0015562205993870926,-0.0037722051553019664,1.4229531733686733e-05
2025-07-04,675.9500122070312,684.4000244140625,670.0,676.1500244140625,3843226.0,677.4625244140625,684.7825317382812,667.5791015625,676.1024780273438,6510235.5,675.4000244140625,0.0011104530247103561,0.0010400556527825344,7.03973719278217e-05,4.955789974344058e-09
2025-07-07,676.1500244140625,680.0,669.0,671.2999877929688,1770086.0,673.426025390625,678.747802734375,665.2489013671875,671.4356079101562,4382303.0,676.1500244140625,-0.007173018481063664,-0.006972441519900396,-0.00020057696116326795,4.02311173494911e-08
2025-07-08,672.0,677.4000244140625,667.2999877929688,668.9500122070312,2820100.0,672.5706176757812,677.752197265625,665.1295776367188,670.6204833984375,3231953.75,671.2999877929688,-0.0035006340364514,-0.0010122216697265873,-0.0024884123667248126,6.192196106868983e-06
2025-07-09,671.25,683.0,671.0,681.0499877929688,3560120.0,671.0291748046875,674.2405395507812,663.28369140625,666.2977294921875,2263083.0,668.9500122070312,0.018088011607947596,-0.003964844407571277,0.022052856015518874,0.000486328458441207
2025-07-10,684.0,687.3499755859375,671.0,671.75,3035156.0,675.9243774414062,678.3943481445312,664.2581787109375,667.6952514648438,3111361.75,681.0499877929688,-0.013655367388092254,-0.019609039817183982,0.0059536724290917276,3.544621539292699e-05
2025-07-11,676.0,676.7000122070312,662.4000244140625,668.25,4931083.0,672.8720092773438,676.3734741210938,663.8557739257812,667.390625,3065162.0,671.75,-0.005210271678451783,-0.00648957945664308,0.0012793077781912965,1.6366283913407515e-06
2025-07-14,670.0,672.9000244140625,662.5,669.75,2832157.0,665.4400024414062,667.9449462890625,652.9779052734375,659.7783203125,3817488.25,668.25,0.002244668911335568,-0.012677410680882906,0.014922079592218473,0.00022266845935650303
2025-07-15,674.9000244140625,688.0,670.7000122070312,684.4500122070312,3786182.0,669.9016723632812,680.4033203125,667.053955078125,676.0376586914062,3430494.75,669.75,0.021948506468131734,0.009388068221584556,0.012560438246547179,0.00015776460894532517
2025-07-16,674.0,674.0,654.5,668.3499755859375,9358644.0,683.412109375,687.9051513671875,678.7005615234375,682.8366088867188,2499499.5,684.4500122070312,-0.023522589427938834,-0.0023572259354778247,-0.02116536349246101,0.00044797261176800126
2025-07-17,670.0,672.0,664.8499755859375,665.4500122070312,2671888.0,639.2542724609375,675.8005981445312,631.3056030273438,657.6672973632812,5301648.0,668.3499755859375,-0.004338989279327632,-0.015983659179894194,0.011644669900566562,0.00013559833709316088
2025-07-18,670.0,670.5,644.5,645.5,6570609.0,666.8401489257812,670.9694213867188,656.9833374023438,661.9285278320312,4459959.5,665.4500122070312,-0.029979730770257285,-0.005291884154184134,-0.02468784661607315,0.0006094897705387545
2025-07-21,645.5,658.0,637.5,655.6500244140625,4980207.0,649.629638671875,656.096435546875,632.1106567382812,636.8388061523438,3766351.5,645.5,0.01572428259343539,-0.013417806115656461,0.02914208870909185,0.0008492613343285787
2025-07-22,658.0,659.9000244140625,639.0,640.1500244140625,4671422.0,636.441162109375,673.8919067382812,633.84814453125,651.1105346679688,5781026.5,655.6500244140625,-0.023640661058240586,-0.006923647642887776,-0.01671701341535281,0.0002794585375290858
2025-07-23,642.0,654.75,638.0499877929688,654.0499877929688,5191770.0,637.4683227539062,668.8867797851562,624.8182983398438,651.9590454101562,7248016.5,640.1500244140625,0.021713602825570666,0.01844727102354282,0.0032663318020278442,1.0668923440938464e-05
2025-07-24,660.0,660.0,631.75,633.5499877929688,7248079.0,638.0652465820312,643.2569580078125,641.2481689453125,648.3346557617188,9672974.0,654.0499877929688,-0.03134317006743681,-0.008738371894992047,-0.022604798172444762,0.000510976900416962
2025-07-25,625.0,629.9500122070312,601.7000122070312,615.8499755859375,16922561.0,636.5132446289062,643.1156616210938,622.4773559570312,630.5166015625,7475705.0,633.5499877929688,-0.027937830554919496,-0.004787919325885959,-0.023149911229033537,0.0005359183899121331
2025-07-28,615.8499755859375,638.8499755859375,611.0499877929688,633.4500122070312,11583112.0,613.06103515625,620.2489624023438,593.9567260742188,603.8131103515625,8361241.0,615.8499755859375,0.02857844819162092,-0.019545125779899197,0.04812357397152012,0.0023158783717923685
2025-07-29,632.0,643.3499755859375,626.5499877929688,638.3499755859375,6858651.0,630.3198852539062,649.4883422851562,625.203125,643.4637451171875,9393019.0,633.4500122070312,0.007735359198800973,0.015808244876761357,-0.008072885677960384,6.517148316941789e-05
2025-07-30,635.0,638.3499755859375,626.0999755859375,632.7999877929688,6024759.0,630.7656860351562,642.3927612304688,613.2024536132812,640.5606079101562,7231838.5,638.3499755859375,-0.008694271176049595,0.003463041292027347,-0.012157312468076942,0.00014780024644645907
2025-07-31,625.0,639.4500122070312,623.0499877929688,630.8499755859375,6481051.0,632.580078125,640.5123901367188,626.381103515625,635.1253662109375,5316766.0,632.7999877929688,-0.0030815617014032792,0.0036747447263376642,-0.0067563064277409435,4.564767654553359e-05
2025-08-01,630.0,632.0,612.25,614.2000122070312,3528632.0,641.4765625,653.1290893554688,612.4453735351562,651.42578125,8461542.0,630.8499755859375,-0.026392904847846954,0.03261600453412328,-0.05900890938197023,0.0034820513864495745
2025-08-04,615.9000244140625,626.7999877929688,615.9000244140625,624.9000244140625,2955463.0,610.2659912109375,629.2325439453125,602.12353515625,615.46533203125,6453472.0,614.2000122070312,0.01742105502177127,0.0020601103859831937,0.015360944635788076,0.0002359586201037465
2025-08-05,630.5,633.2000122070312,621.1500244140625,630.0999755859375,3996694.0,626.3788452148438,633.7373657226562,621.158447265625,628.1368408203125,2793844.5,624.9000244140625,0.008321252950423075,0.00517973480523537,0.003141518145187705,9.869136256543598e-06
2025-08-06,634.0,639.7999877929688,622.4000244140625,630.5999755859375,4763826.0,635.0606689453125,641.3984375,621.6544189453125,625.599609375,3650194.5,630.0999755859375,0.0007935248680734919,-0.00714230500763402,0.007935829875707512,6.29773958161719e-05
2025-08-07,626.8499755859375,629.7999877929688,618.2999877929688,627.3499755859375,3482599.0,634.9291381835938,655.9871215820312,629.9076538085938,642.2737426757812,6538033.0,630.5999755859375,-0.005153821956590088,0.01851215912115567,-0.023665981077745757,0.0005600786603722202
2025-08-08,623.2999877929688,626.8499755859375,607.9500122070312,609.6500244140625,5493423.0,627.3793334960938,635.3837280273438,623.28173828125,630.6399536132812,2809752.25,627.3499755859375,-0.028213838942678593,0.005244246681082476,-0.03345808562376107,0.0011194434936069272
2025-08-11,610.4500122070312,623.5,609.1500244140625,617.5999755859375,3348109.0,609.5830078125,621.129638671875,598.4091796875,615.2731323242188,6830716.0,609.6500244140625,0.013040188392538399,0.009223501492615638,0.003816686899922761,1.4567098892042016e-05
2025-08-12,616.0,619.0,611.0,611.9000244140625,2787285.0,619.9052734375,634.5389404296875,617.7295532226562,631.4593505859375,3686105.25,617.5999755859375,-0.009229195915150812,0.02244069874978738,-0.03166989466493819,0.0010029822280882806
2025-08-13,612.0499877929688,621.3499755859375,610.3499755859375,619.25,5325700.0,606.6488037109375,616.5699462890625,606.4769287109375,614.5126953125,2635793.0,611.9000244140625,0.012011726250502397,0.004269767599599739,0.007741958650902658,5.993792375228651e-05
2025-08-14,614.2999877929688,622.9000244140625,611.5,616.4500122070312,4279172.0,616.2049560546875,634.37060546875,611.6649169921875,631.5492553710938,5480471.0,619.25,-0.004521578995508646,0.019861534713110585,-0.02438311370861923,0.0005945362341274551
2025-08-18,627.0,637.5,625.4500122070312,626.7999877929688,5265058.0,614.4490966796875,621.978271484375,608.6903076171875,614.8548583984375,3217234.5,616.4500122070312,0.01678964292478846,-0.002587645027181895,0.019377287951970357,0.0003754792883735755
2025-08-19,626.0,630.5499877929688,615.0999755859375,626.3499755859375,4765094.0,636.409912109375,650.3118286132812,632.0518798828125,645.4271850585938,8520720.0,626.7999877929688,-0.0007179518439618393,0.029717928571143304,-0.030435880415105143,0.0009263428166425808
2025-08-20,623.3499755859375,624.9500122070312,613.2999877929688,616.2999877929688,5710611.0,624.24609375,633.9261474609375,619.37109375,628.5482177734375,4345472.0,626.3499755859375,-0.01604532319741403,0.003509606886219707,-0.019554930083633737,0.00038239529057580376
2025-08-21,618.0,622.0,615.7999877929688,619.7999877929688,3993795.0,617.2180786132812,626.1399536132812,609.7444458007812,617.5004272460938,3330907.25,616.2999877929688,0.005679052522025607,0.0019478167725166529,0.0037312357495089543,1.3922120218413649e-05
2025-08-22,619.7999877929688,622.0,612.5499877929688,615.8499755859375,3496256.0,619.005615234375,626.8614501953125,610.4776000976562,617.63232421875,3140381.5,619.7999877929688,-0.006373043376616927,-0.003497359820766599,-0.002875683555850328,8.269555913387987e-06
2025-08-25,620.0,623.7999877929688,616.4000244140625,620.8499755859375,6850166.0,616.5064697265625,627.483642578125,613.5184936523438,622.9655151367188,3396842.75,615.8499755859375,0.008118860433895314,0.011554014504930876,-0.003435154071035562,1.1800283491752196e-05
2025-08-26,619.9000244140625,620.4500122070312,593.0999755859375,594.7000122070312,18048586.0,620.75048828125,634.5277709960938,614.1751708984375,620.1006469726562,6102947.5,620.8499755859375,-0.04211961731048919,-0.0012069399093944666,-0.04091267740109472,0.0016738471721260467
2025-08-28,576.75,587.9500122070312,570.0,571.6500244140625,20025147.0,604.458984375,623.87255859375,602.4003295898438,616.2094116210938,7505734.5,594.7000122070312,-0.03875901684855598,0.03616848658576188,-0.07492750343431787,0.005614130770899716
2025-08-29,570.5,588.6500244140625,566.5,580.25,12236788.0,583.0165405273438,599.0941772460938,585.6094970703125,593.665283203125,10183128.0,571.6500244140625,0.015044127033410737,0.03851177792151406,-0.02346765088810332,0.0005507306382058965
2025-09-01,580.0,590.2000122070312,578.5999755859375,588.5999755859375,3886326.0,580.8964233398438,597.1025390625,564.1349487304688,591.694091796875,5506426.5,580.25,0.01439030691243004,0.01972269159306328,-0.00533238468063324,2.843432638225206e-05
2025-09-02,590.0,596.4000244140625,582.25,584.5999755859375,4136915.0,582.665283203125,596.272216796875,579.5187377929688,589.6712646484375,4710228.0,588.5999755859375,-0.006795786894177258,0.0018200630427032127,-0.00861584993688047,7.423287013484321e-05
2025-09-03,585.0,588.9000244140625,580.0,586.2999877929688,6612194.0,591.3380126953125,606.975830078125,588.8034057617188,600.6713256835938,4445754.0,584.5999755859375,0.0029079922648429513,0.027491191872781373,-0.024583199607938422,0.0006043337029637438
2025-09-04,596.0,596.0,583.9000244140625,585.7999877929688,5054056.0,588.0398559570312,606.2230834960938,571.2811279296875,593.9423828125,11163056.0,586.2999877929688,-0.0008528057486103524,0.013034956811614151,-0.013887762560224504,0.00019286994892917347
2025-09-05,589.0,596.0,585.5999755859375,592.5,4166734.0,584.4803466796875,599.4557495117188,581.769287109375,592.708251953125,7408346.0,585.7999877929688,0.011437371708172828,0.011792871806268757,-0.00035550009809592886,1.2638031974621505e-07
2025-09-08,596.0,604.0,592.8499755859375,596.75,2968301.0,591.5505981445312,603.8252563476562,588.2401123046875,597.5994262695312,4405838.0,592.5,0.0071729957805906075,0.008606626615242696,-0.0014336308346520887,2.0552973700652444e-06
2025-09-09,598.0,598.9500122070312,590.8499755859375,595.0,3947645.0,598.5009765625,608.5110473632812,592.7976684570312,600.555419921875,5567531.0,596.75,-0.0029325513196480912,0.006376908122119884,-0.009309459441767975,8.66660350979229e-05
2025-09-10,598.5999755859375,606.7999877929688,596.7000122070312,604.7999877929688,4708224.0,592.8987426757812,604.28564453125,589.7847900390625,601.487548828125,3598063.0,595.0,0.01647056771927513,0.010903443408613489,0.005567124310661642,3.099287309035986e-05
2025-09-11,604.7999877929688,622.9000244140625,602.7999877929688,620.0499877929688,8412580.0,612.6787719726562,616.5685424804688,610.599609375,611.9979858398438,3783297.75,604.7999877929688,0.025214947598874993,0.011901452037295535,0.013313495561579458,0.00017724916406819594
2025-09-12,623.2000122070312,633.7000122070312,619.25,632.8499755859375,10816255.0,623.3934326171875,630.3269653320312,616.6158447265625,624.0071411132812,5070731.0,620.0499877929688,0.02064347721145765,0.00638199080431856,0.01426148640713909,0.00020338999454101302
2025-09-15,630.7999877929688,631.5999755859375,620.2000122070312,623.6500244140625,3643666.0,635.9436645507812,637.9407958984375,628.590576171875,630.5722045898438,4273075.0,632.8499755859375,-0.014537333533681585,-0.003599227437727004,-0.01093810609595458,0.00011964216496635876
2025-09-16,623.6500244140625,628.4000244140625,614.0999755859375,618.0999755859375,4759255.0,627.77734375,648.3631591796875,624.6133422851562,643.629638671875,7719698.5,623.6500244140625,-0.008899300265945542,0.03203658057511327,-0.040935880841058814,0.001675746340233366
2025-09-17,620.0,626.0,617.75,623.25,4633747.0,617.9935302734375,623.7786254882812,611.2077026367188,616.775634765625,4351698.0,618.0999755859375,0.008332024943344285,-0.0021425996968484906,0.010474624640192776,0.00010971776135293364
2025-09-18,620.0,631.0,620.0,626.9000244140625,4675034.0,626.666259765625,633.46142578125,624.0098266601562,629.6841430664062,3833665.75,623.25,0.005856437086341648,0.010323534803700296,-0.004467097717358648,1.9954962016430844e-05
2025-09-19,630.0,637.2999877929688,627.0999755859375,633.2000122070312,6415748.0,628.0519409179688,638.1470336914062,618.502197265625,625.101806640625,3988660.0,626.9000244140625,0.010049429809573018,-0.002868428303409609,0.012917858112982628,0.0001668710582271511
2025-09-22,638.0,638.0,625.4500122070312,627.8499755859375,2712596.0,635.2584228515625,639.5435791015625,626.8145141601562,632.649169921875,5066205.0,633.2000122070312,-0.008449204860950799,-0.0008699341038169717,-0.007579270757133827,5.7445345209943974e-05
2025-09-23,628.0,634.4000244140625,624.5,628.7999877929688,3586451.0,628.48779296875,633.6820068359375,622.9837036132812,627.8405151367188,3050027.25,627.8499755859375,0.0015131197642312966,-1.5068009216578915e-05,0.0015281877734478755,2.3353578709155752e-06
2025-09-24,628.2000122070312,630.0,620.2999877929688,625.1500244140625,2129098.0,620.2347412109375,633.1085815429688,616.3041381835938,632.6051025390625,5748986.0,628.7999877929688,-0.005804649252168836,0.006051391253122151,-0.011856040505290988,0.0001405656964631006
2025-09-25,625.1500244140625,626.0,610.7999877929688,612.7000122070312,4280161.0,623.2201538085938,629.9832153320312,619.2869262695312,625.2991943359375,2638559.75,625.1500244140625,-0.01991523909592796,0.000238614598175646,-0.020153853694103607,0.0004061778187233336
2025-09-26,610.0,617.4000244140625,603.75,606.0499877929688,3958021.0,614.7080078125,624.8571166992188,611.7979736328125,620.6630859375,2766274.25,612.7000122070312,-0.010853638455315506,0.012996692625783846,-0.023850331081099352,0.0005688382926780538
2025-09-29,608.9000244140625,615.5,603.1500244140625,611.7999877929688,4098133.0,607.09912109375,619.6940307617188,604.535400390625,614.7243041992188,3203136.25,606.0499877929688,0.009487666225255653,0.014312872833871282,-0.004825206608615629,2.3282618815827937e-05
2025-09-30,611.7999877929688,620.7000122070312,611.1500244140625,616.0999755859375,5882401.0,610.7871704101562,614.6688232421875,602.8868408203125,606.4450073242188,3176066.75,611.7999877929688,0.0070284208544701965,-0.008752828662301537,0.015781249516771734,0.0002490478363106081
2025-10-01,616.0499877929688,649.9500122070312,616.0499877929688,648.7000122070312,15107673.0,617.1696166992188,632.7103881835938,612.3378295898438,627.2408447265625,3645944.5,616.0999755859375,0.05291354960709049,0.01808289170930344,0.034830657897787054,0.0012131747295926756
2025-10-03,645.0,650.0,636.0,645.7999877929688,7200543.0,646.1533813476562,660.4799194335938,633.6121826171875,650.3324584960938,12089153.0,648.7000122070312,-0.004470516971621374,0.0025164887595863217,-0.006987005731207696,4.881824908792919e-05
2025-10-06,646.5,675.5,646.5,671.4500122070312,10343487.0,643.7919921875,649.965087890625,639.8351440429688,645.9190673828125,6681154.0,645.7999877929688,0.03971821755791893,0.00018439082083410163,0.03953382673708483,0.0015629234564778435
2025-10-07,670.2000122070312,673.0,663.5,666.7999877929688,3729360.0,665.6805419921875,670.0821533203125,656.2464599609375,662.9617919921875,4793529.0,671.4500122070312,-0.0069253471286389034,-0.012641626421218244,0.00571627929257934,3.2675848950771364e-05
2025-10-08,662.0,673.2999877929688,662.0,666.9000244140625,2870458.0,665.6007690429688,671.371337890625,658.3901977539062,664.958984375,3496698.5,666.7999877929688,0.0001500249294017486,-0.002760952986910259,0.0029109779163120075,8.473792429256197e-06
2025-10-09,666.9000244140625,672.0,660.0,669.0499877929688,2274108.0,666.597900390625,671.78271484375,659.434814453125,665.5325317382812,3135000.75,666.9000244140625,0.003223816614484676,-0.0020505212561399144,0.00527433787062459,2.7818639973504736e-05
2025-10-10,669.0,671.4000244140625,663.0,665.0499877929688,2480723.0,667.5729370117188,672.5440063476562,660.1217651367188,666.254150390625,2977881.25,669.0499877929688,-0.005978626519664076,-0.00417881690958033,-0.0017998096100837468,3.239314632549809e-06
2025-10-13,660.0,674.2000122070312,658.75,672.1500244140625,2469940.0,666.8865966796875,672.51416015625,660.16357421875,666.5422973632812,3051607.75,665.0499877929688,0.010675944292031225,0.0022439058682863777,0.008432038423744848,7.109927197950949e-05
2025-10-14,675.0499877929688,680.9500122070312,667.0,674.4500122070312,4731724.0,667.60302734375,672.7066650390625,660.6712646484375,666.7990112304688,2842630.0,672.1500244140625,0.0034218369551852756,-0.007961039930420966,0.011382876885606241,0.00012956988619286885
2025-10-15,675.5,682.4000244140625,672.5499877929688,677.1500244140625,4687947.0,675.137451171875,680.6978149414062,662.3530883789062,665.4141235351562,4033830.0,674.4500122070312,0.004003279943899596,-0.013397417908417641,0.017400697852317237,0.0003027842857476377
2025-10-16,676.8499755859375,683.75,662.25,672.5,5309779.0,677.7555541992188,686.64990234375,672.5615234375,680.5601806640625,3963817.5,677.1500244140625,-0.0068670519772722205,0.00503604242346567,-0.01190309440073789,0.00014168365631287772
2025-10-17,672.2000122070312,679.6500244140625,670.0999755859375,675.5,3516617.0,673.7965087890625,678.494384765625,666.8634033203125,673.0013427734375,3393435.75,672.5,0.004460966542750855,0.0007454911129181063,0.0037154754298327486,1.3804757669690848e-05
2025-10-20,678.4000244140625,698.6500244140625,678.0999755859375,693.9500122070312,6170486.0,677.6107788085938,684.2037353515625,670.518310546875,678.8866577148438,5744404.5,675.5,0.027313119477470282,0.005013556942773834,0.02229956253469645,0.0004972704892388376
2025-10-21,695.5,697.5,690.2999877929688,695.25,674998.0,689.9391479492188,695.4729614257812,680.4027099609375,687.2191772460938,5129299.0,693.9500122070312,0.0018733161900730266,-0.009699308080607705,0.011572624270680731,0.00013392563251034872
2025-10-23,695.25,717.75,695.25,709.6500244140625,8911040.0,694.1408081054688,700.5180053710938,677.8092651367188,682.0690307617188,4346694.5,695.25,0.02071200922554839,-0.018958603722806555,0.039670612948354944,0.0015737575316981868
2025-10-24,711.0499877929688,723.3499755859375,711.0499877929688,715.4500122070312,6036751.0,707.0267333984375,715.6839599609375,700.5426635742188,710.5546264648438,4095252.5,709.6500244140625,0.008173025566732939,0.0012747157326291614,0.006898309834103777,4.7586678567292886e-05
2025-10-27,721.0,730.2999877929688,718.25,719.5999755859375,8133230.0,713.483642578125,717.9180297851562,704.0985717773438,710.6937255859375,3655432.0,715.4500122070312,0.005800493826402242,-0.006647964973012566,0.012448458799414808,0.00015496412648072797
2025-10-28,719.5,726.8499755859375,710.25,723.7000122070312,7071903.0,724.8743286132812,727.1984252929688,710.8888549804688,714.4776611328125,5111544.0,719.5999755859375,0.005697660867421961,-0.007118280470971627,0.012815941338393588,0.00016424835238914564
2025-10-29,723.7000122070312,741.9000244140625,717.4000244140625,738.4500122070312,10246214.0,718.346923828125,721.7659912109375,696.405517578125,699.5745849609375,4647503.5,723.7000122070312,0.020381373153522064,-0.0333362261146295,0.05371759926815156,0.002885580471133717
2025-10-30,738.5,747.8499755859375,733.1500244140625,738.25,6357608.0,729.4346313476562,732.478759765625,710.0455322265625,716.1160278320312,5873960.5,738.4500122070312,-0.00027085409130600535,-0.030244409243422754,0.02997355515211675,0.0008984140084569845
2025-10-31,733.4500122070312,769.7999877929688,727.0,748.9000244140625,18363853.0,727.4703979492188,731.0726318359375,711.61865234375,718.4766235351562,4838451.5,738.25,0.014426040520233663,-0.026784119830469022,0.041210160350702685,0.0016982773161306275
2025-11-03,762.7999877929688,799.9000244140625,758.5,796.4500122070312,26222030.0,741.8150634765625,745.5302734375,697.17822265625,711.5554809570312,10440934.0,748.9000244140625,0.06349310487761262,-0.0498658595801883,0.11335896445780091,0.012850254822944971
2025-11-04,792.4500122070312,814.1500244140625,792.25,796.5,8543137.0,741.790771484375,761.2293701171875,718.6865234375,724.2872924804688,15578065.0,796.4500122070312,6.276325218479428e-05,-0.09060546000444325,0.09066822325662804,0.008220726708513747
2025-11-06,792.5999755859375,800.5999755859375,785.0,792.5,10930939.0,779.7337646484375,782.0682983398438,731.71630859375,737.5111694335938,12708140.0,796.5,-0.005021971123666091,-0.07406005093083023,0.06903807980716414,0.0047662564634603655
2025-11-07,792.5,820.0,780.7999877929688,816.3499755859375,9765252.0,779.2752685546875,789.3628540039062,765.9874267578125,775.330078125,8817021.0,792.5,0.030094606417586656,-0.021665516561514164,0.05176012297910082,0.002679110330811641
2025-11-10,822.0,830.7000122070312,816.6500244140625,821.0999755859375,8623863.0,744.529541015625,753.893798828125,694.2423706054688,709.93896484375,19784608.0,816.3499755859375,0.005818582889759671,-0.13034974450242454,0.1361683273921842,0.018541813384785066
2025-11-11,821.0999755859375,833.2999877929688,804.0499877929688,832.2999877929688,7336169.0,801.4189453125,807.37109375,719.8477172851562,726.8212280273438,17573530.0,821.0999755859375,0.013640253976428207,-0.11482005889881608,0.1284603128752443,0.01650205198400565
2025-11-12,832.2999877929688,838.6500244140625,821.4000244140625,822.5,4239741.0,808.5888671875,814.380126953125,746.0513916015625,754.6314697265625,12719764.0,832.2999877929688,-0.011774586010695032,-0.09331793728888771,0.08154335127819268,0.006649318137678727
2025-11-13,826.0,826.3499755859375,809.75,814.0,6048569.0,778.1597290039062,785.3628540039062,725.9392700195312,739.634033203125,16258540.0,822.5,-0.010334346504559222,-0.10074889580167168,0.09041454929711246,0.008174790724599978
2025-11-14,809.5,817.9500122070312,803.9000244140625,809.2999877929688,5672058.0,833.6288452148438,838.9994506835938,781.591064453125,788.9361572265625,8999680.0,814.0,-0.005773970770308612,-0.030790961638129555,0.025016990867820943,0.0006258498320806364
2025-11-17,809.0,828.3499755859375,808.5999755859375,817.9000244140625,7386312.0,803.5797729492188,815.2837524414062,796.8167114257812,807.8751220703125,4272945.5,809.2999877929688,0.010626512728051374,-0.001760615030456103,0.012387127758507477,0.00015344093410558647
2025-11-18,820.0,827.7000122070312,810.0,820.2000122070312,6684086.0,814.115478515625,820.39697265625,792.6228637695312,800.114013671875,6926053.5,817.9000244140625,0.00281206470756179,-0.02174594719559919,0.02455801190316098,0.0006030959486357964
2025-11-19,824.1500244140625,826.7000122070312,815.7999877929688,818.0499877929688,3711577.0,811.6494750976562,822.6592407226562,794.2716674804688,801.9127197265625,9771866.0,820.2000122070312,-0.002621341602125904,-0.02229613778139372,0.019674796179267817,0.0003870976046957315
2025-11-20,822.0,828.7000122070312,816.5,826.5999755859375,3187958.0,812.0870361328125,823.6507568359375,803.7676391601562,814.6368408203125,6709393.5,818.0499877929688,0.01045166911625528,-0.004172296343240123,0.014623965459495403,0.00021386036576051458
2025-11-21,825.0,832.0,810.5999755859375,823.2999877929688,3831244.0,815.75244140625,827.247802734375,810.1600341796875,820.8478393554688,3803250.0,826.5999755859375,-0.003992242790268108,-0.006958790709365004,0.0029665479190968957,8.800406556298122e-06
2025-11-24,825.0,839.5,821.0999755859375,828.2000122070312,8140579.0,821.5341186523438,828.8616943359375,810.605224609375,818.9808349609375,3572715.75,823.2999877929688,0.005951687704014219,-0.00524614708620319,0.011197834790217409,0.00012539150398900337
2025-11-25,828.2000122070312,841.8499755859375,827.2000122070312,838.25,5418151.0,821.9198608398438,833.8724975585938,811.5223388671875,822.2255859375,9305211.0,828.2000122070312,0.012134735142284025,-0.007213748106100981,0.019348483248385007,0.0003743638040130352
2025-11-26,841.9500122070312,858.8499755859375,838.2999877929688,856.5999755859375,7052927.0,830.1365966796875,841.8020629882812,823.9826049804688,834.8980712890625,4105494.25,838.25,0.021890814895243027,-0.003998721993364152,0.02588953688860718,0.0006702681203065518
2025-11-27,860.0,869.5,857.25,867.6500244140625,6752154.0,847.199462890625,855.4409790039062,831.497314453125,841.08740234375,8156336.5,856.5999755859375,0.012899893933065343,-0.018109471963942636,0.03100936589700798,0.0009615807733345215
2025-11-28,870.0499877929688,872.0,848.75,851.6500244140625,8198342.0,852.396728515625,861.86328125,841.3934936523438,852.70361328125,5160825.0,867.6500244140625,-0.018440614936656163,-0.017226313274071536,-0.001214301662584627,1.4745285277557894e-06
2025-12-01,857.8499755859375,865.0,849.4500122070312,851.5499877929688,6330770.0,842.4654541015625,851.1727905273438,794.2254028320312,812.3414916992188,16438817.0,851.6500244140625,-0.0001174621243774654,-0.04615573485351343,0.046038272729135965,0.002119522555882304
2025-12-02,855.75,855.9500122070312,840.7999877929688,843.4000244140625,5587375.0,850.9461059570312,854.1351928710938,819.8663330078125,829.39208984375,10523854.0,851.5499877929688,-0.009570739822366892,-0.026020666158010464,0.016449926335643572,0.0002706000764481
2025-12-03,843.4000244140625,846.4500122070312,818.9500122070312,828.0999755859375,9931005.0,833.703125,842.1773681640625,821.0685424804688,829.518310546875,8238994.0,843.4000244140625,-0.018140915799420898,-0.016459228676014792,-0.001681687123406106,2.8280715810299034e-06
2025-12-04,830.4500122070312,836.0,821.0,828.1500244140625,11436899.0,823.259033203125,835.6282348632812,803.7835693359375,809.2838745117188,6516681.5,828.0999755859375,6.04381470843407e-05,-0.02272201621658676,0.0227824543636711,0.0005190402268327564
2025-12-05,828.1500244140625,857.0,828.1500244140625,854.9000244140625,12137708.0,819.0346069335938,824.98681640625,802.906494140625,811.2627563476562,8130652.5,828.1500244140625,0.032300910718352505,-0.020391556564107405,0.05269246728245991,0.002776496108313108
2025-12-08,858.5,858.8499755859375,831.0,834.25,4117973.0,835.6843872070312,842.1138305664062,821.1112670898438,827.8108520507812,4572135.5,854.9000244140625,-0.02415489978283225,-0.03168694770110436,0.007532047918272111,5.673174584314724e-05
2025-12-09,830.0,849.0,817.7999877929688,846.7000122070312,5737027.0,846.5003051757812,852.716064453125,829.0870971679688,837.567626953125,7156696.0,834.25,0.014923598689878581,0.0039767778880730464,0.010946820801805535,0.00011983288566684237
2025-12-10,846.0,855.7999877929688,833.2999877929688,837.25,3699625.0,844.6771850585938,850.5536499023438,831.3069458007812,839.5204467773438,5685555.0,846.7000122070312,-0.011160992170531125,-0.008479467729040291,-0.0026815244414908346,7.190573330312732e-06
2025-12-11,841.7999877929688,850.5999755859375,835.7000122070312,847.1500244140625,4213992.0,845.44580078125,852.81103515625,833.2245483398438,841.888671875,4272336.5,837.25,0.01182445436137658,0.005540366527321483,0.0062840878340550965,3.948975990611927e-05
2025-12-12,852.0,854.75,841.5,848.0,6036788.0,843.4141235351562,857.7948608398438,840.2115478515625,852.0928344726562,3349684.5,847.1500244140625,0.0010033353732421535,0.00583463367307635,-0.004831298299834197,2.3341443261980803e-05
2025-12-15,852.0,870.5999755859375,845.8499755859375,855.3499755859375,7193809.0,841.7383422851562,849.9307861328125,832.5753784179688,841.0372314453125,3296894.25,848.0,0.008667424040020633,-0.008210811974867283,0.016878236014887915,0.0002848748509742595
2025-12-16,855.3499755859375,856.6500244140625,843.0,848.4000244140625,5171831.0,858.156005859375,865.0333251953125,844.617919921875,852.1344604492188,5903014.0,855.3499755859375,-0.008125271959134706,-0.003759297630792635,-0.0043659743283420704,1.9061731835741994e-05
2025-12-17,856.0,875.4500122070312,855.0,864.2000122070312,11621162.0,847.5391235351562,861.7042846679688,843.6450805664062,855.45556640625,4741501.5,848.4000244140625,0.018623275976306974,0.008316291594947067,0.010306984381359907,0.00010623392703759706
2025-12-18,868.5,876.9000244140625,861.7999877929688,869.4500122070312,12481529.0,868.2357177734375,875.0928955078125,851.1570434570312,859.916748046875,7543954.5,864.2000122070312,0.0060749825570962646,-0.004956334297216092,0.011031316854312356,0.00012168995154023587
2025-12-19,869.0,913.5,850.5,901.7000122070312,35297309.0,866.2501831054688,875.4570922851562,856.3311767578125,863.9963989257812,6781714.5,869.4500122070312,0.037092414224178194,-0.006272486289817247,0.04336490051399544,0.001880514596588722
2025-12-22,919.0,949.7999877929688,915.0,934.8499755859375,31894463.0,875.1904907226562,883.806884765625,855.722412109375,863.69921875,15000545.0,901.7000122070312,0.03676384931809773,-0.04214349888275948,0.07890734820085721,0.006226369600091324
2025-12-23,938.7000122070312,959.9500122070312,931.7000122070312,957.7999877929688,14632455.0,937.3124389648438,943.212646484375,915.305419921875,923.5633544921875,15162414.0,934.8499755859375,0.0245494066496037,-0.01207318969728366,0.03662259634688736,0.0013412145631870474
2025-12-24,958.0,983.7000122070312,958.0,973.7000122070312,10574513.0,948.3709716796875,957.5338745117188,927.6615600585938,939.0304565429688,14113356.0,957.7999877929688,0.016600568612138433,-0.0195965039561653,0.036197072568303734,0.0013102280625150466
2025-12-26,976.5499877929688,978.75,956.7000122070312,960.25,4739099.0,953.2047729492188,961.5716552734375,919.5540161132812,931.6989135742188,11631000.0,973.7000122070312,-0.013813301877797945,-0.04313556342431479,0.029322261546516848,0.0008597950222023406
2025-12-29,963.0,966.0,949.2000122070312,955.5,4897735.0,948.468017578125,956.5486450195312,928.4265747070312,937.8075561523438,7931269.5,960.25,-0.004946628482166093,-0.023371459357101054,0.01842483087493496,0.0003394743927699566
2025-12-30,960.9500122070312,984.5999755859375,960.9500122070312,979.4000244140625,17757531.0,939.9933471679688,953.3346557617188,928.3546752929688,939.947509765625,7533990.0,955.5,0.02501310770702503,-0.016276808199241266,0.041289915906266295,0.0017048571555465424
2025-12-31,983.0,1000.2000122070312,979.4000244140625,996.2000122070312,9795995.0,966.3936767578125,982.3851928710938,952.0994262695312,965.1621704101562,12970872.0,979.4000244140625,0.017153346308133477,-0.014537322492333193,0.03169066880046667,0.0010042984890208716
2026-01-01,996.2000122070312,1025.5999755859375,996.0,1019.7000122070312,4289057.0,943.5628662109375,990.9572143554688,914.61669921875,914.3699340820312,13268202.0,996.2000122070312,0.023589640345352825,-0.08214221754897344,0.10573185789432626,0.011179225773786003
2026-01-02,1024.75,1025.0,1007.2000122070312,1010.3499755859375,5264026.0,1008.50244140625,1023.3954467773438,998.8173828125,1013.015869140625,5414356.0,1019.7000122070312,-0.009169399342122797,-0.006555009303117587,-0.00261439003900521,6.8350352760496635e-06
2026-01-05,1013.5,1014.7999877929688,994.6500244140625,1003.3499755859375,4603571.0,998.3690185546875,1007.4730834960938,979.1860961914062,989.218994140625,5662091.5,1010.3499755859375,-0.006928292343393649,-0.020914516707993047,0.013986224364599398,0.00019561447197691384
2026-01-06,1002.5,1011.75,992.4500122070312,1002.6500244140625,4352915.0,1047.430419921875,1051.78515625,957.5104370117188,975.50927734375,11803396.0,1003.3499755859375,-0.000697614181398909,-0.027747743977298733,0.027050129795899824,0.0007317095219750274
2026-01-07,996.0499877929688,1003.0999755859375,990.25,995.8499755859375,4191098.0,990.2763061523438,1004.3259887695312,980.4234619140625,992.2603759765625,6925845.5,1002.6500244140625,-0.006782076160721018,-0.0103621883852959,0.003580112224574883,1.2817203540550516e-05
2026-01-08,1001.4000244140625,1002.5499877929688,981.0999755859375,992.9000244140625,3804564.0,986.9156494140625,994.311279296875,970.3868408203125,979.1802978515625,4269216.0,995.8499755859375,-0.0029622445591157565,-0.016739145597274185,0.013776901038158429,0.0001898030022152108
2026-01-09,987.0,993.2000122070312,961.0,975.4000244140625,6949168.0,987.8693237304688,998.989501953125,979.3099365234375,988.348388671875,4559086.0,992.9000244140625,-0.017625138049852773,-0.004584183331925673,-0.0130409547179271,0.0001700664999550251
2026-01-12,979.0,985.6500244140625,962.4500122070312,972.7999877929688,5510203.0,976.9512329101562,978.824462890625,948.9970703125,959.476318359375,8620306.0,975.4000244140625,-0.0026656105761896365,-0.016325308238794745,0.013659697662605108,0.00018658734023377946
2026-01-13,975.0,987.6500244140625,969.2000122070312,979.0499877929688,3860197.0,952.8648071289062,961.262451171875,942.823486328125,951.224365234375,5260987.0,972.7999877929688,0.006424753370093628,-0.022178888599231228,0.028603641969324856,0.0008181683339093223
2026-01-14,980.0,990.5,970.4000244140625,981.0999755859375,3846614.0,958.7947998046875,965.3724975585938,947.5891723632812,954.5435791015625,5014216.5,979.0499877929688,0.0020938540611086243,-0.025030804348049718,0.027124658409158342,0.0007357470938135244
2026-01-15,981.0999755859375,981.0999755859375,981.0999755859375,981.0999755859375,0.0,968.8934936523438,985.397705078125,963.0511474609375,977.19873046875,6321715.5,981.0999755859375,0.0,-0.003976399158360566,0.003976399158360566,1.581175026661062e-05
2026-01-16,981.0,1022.0,981.0,995.4500122070312,13316550.0,963.6912841796875,992.9867553710938,957.511962890625,983.0859375,11586922.0,981.0999755859375,0.014626477401065596,0.0020242197161164377,0.012602257684949159,0.00015881689875786012
2026-01-19,1002.0,1014.5,991.2000122070312,1010.3499755859375,4908985.0,1010.984619140625,1031.139892578125,996.3429565429688,1012.9813842773438,11095009.0,995.4500122070312,0.014968067905159144,0.0176115041994358,-0.0026434362942766576,6.9877554418991076e-06
2026-01-20,1005.0,1008.0499877929688,983.0,987.5,6129218.0,984.560546875,987.3526000976562,955.098388671875,961.1368408203125,5382307.5,1010.3499755859375,-0.02261590155696891,-0.048708997827296985,0.026093096270328076,0.0006808496729726089
2026-01-21,982.5499877929688,997.5,972.5499877929688,986.0,7042588.0,978.577880859375,987.6122436523438,963.594482421875,976.1932373046875,8525792.0,987.5,-0.0015189873417721378,-0.011449886273734222,0.009930898931962084,9.862275359684567e-05
2026-01-22,995.0499877929688,1009.7000122070312,986.0999755859375,1005.5,7210572.0,982.9630737304688,996.4305419921875,944.9901123046875,962.6549682617188,10110171.0,986.0,0.019776876267748378,-0.02367650277716149,0.04345337904490987,0.001888196150420612
2026-01-23,1010.0,1020.8499755859375,973.6500244140625,1003.5499877929688,9023942.0,1002.1154174804688,1018.4605102539062,998.5075073242188,1011.2689819335938,5139499.0,1005.5,-0.001939345805103132,0.005737426090098197,-0.007676771895201329,5.8932826730953e-05
2026-01-27,1011.2000122070312,1019.9500122070312,984.2000122070312,1001.0499877929688,7984660.0,981.150390625,1028.5313720703125,972.0802001953125,979.5682373046875,13995230.0,1003.5499877929688,-0.0024911564251005602,-0.02389691672561567,0.02140576030051511,0.0004582065740431087
2026-01-28,1002.0,1020.7000122070312,999.5,1018.7999877929688,5587231.0,985.369384765625,998.891845703125,971.65966796875,984.8330688476562,6272089.5,1001.0499877929688,0.017731382265069318,-0.016199909238365007,0.033931291503434324,0.0011513325430910343
2026-01-29,1022.4000244140625,1028.4000244140625,1006.1500244140625,1022.7999877929688,6653822.0,958.133544921875,1025.062744140625,941.0816650390625,941.1602783203125,11963681.0,1018.7999877929688,0.003926187718813479,-0.07620701845594591,0.08013320617475939,0.006421330731846496
2026-01-30,1025.0,1029.300048828125,1010.1500244140625,1020.0,6464610.0,1011.8819580078125,1026.80126953125,984.0469360351562,981.77294921875,11618140.0,1022.7999877929688,-0.0027375712029589216,-0.0401124746420346,0.03737490343907568,0.001396883407080231
2026-02-02,990.2000122070312,992.7000122070312,939.0,962.0999755859375,13566710.0,1007.851318359375,1010.9822998046875,982.779296875,990.0742797851562,5641430.0,1020.0,-0.056764729817708304,-0.02933894138710169,-0.027425788430606612,0.0007521738710403955
2026-02-03,1013.0,1041.5,997.2000122070312,1000.4000244140625,9880727.0,948.809814453125,988.0599975585938,944.6031494140625,978.963623046875,9394574.0,962.0999755859375,0.039808803450805064,0.017527957477253997,0.022280845973551067,0.0004964360972971067
2026-02-04,1010.4000244140625,1011.2000122070312,995.5,998.7999877929688,4402517.0,1013.0540161132812,1029.5718994140625,997.8111572265625,1014.7030029296875,10897553.0,1000.4000244140625,-0.0015993968233166678,0.014297259262865625,-0.015896656086182293,0.0002527036747223565
2026-02-05,995.5,998.0,972.4000244140625,992.0,5775866.0,1008.4080810546875,1019.3330078125,992.9716796875,1004.7916870117188,8348880.5,998.7999877929688,-0.006808157665274428,0.005998897969542227,-0.012807055634816655,0.00016402067403328905
2026-02-06,994.0,1005.0,972.9000244140625,1002.5,3270421.0,995.4005737304688,989.12890625,948.1726684570312,954.4013671875,8899959.0,992.0,0.01058467741935476,-0.037901847593245996,0.048486525012600756,0.002350943107797559
2026-02-09,1005.0,1067.800048828125,1003.4000244140625,1062.699951171875,8667620.0,999.7476806640625,994.8372192382812,964.2584228515625,971.5032958984375,8717789.0,1002.5,0.06004982660536151,-0.03091940558759354,0.09096923219295505,0.00827540120577577
2026-02-10,1064.9000244140625,1066.800048828125,1036.5,1048.5999755859375,4345362.0,1048.42431640625,1056.8857421875,1024.69091796875,1039.4632568359375,8342897.5,1062.699951171875,-0.013268068348350814,-0.02186571506878643,0.008597646720435614,7.391952912941728e-05
2026-02-11,1053.0,1059.300048828125,1041.5,1056.800048828125,4898578.0,1038.784423828125,1051.6129150390625,1024.903076171875,1041.25634765625,4545503.0,1048.5999755859375,0.007820020439734954,-0.007003269216732555,0.014823289656467509,0.00021972991623953663
2026-02-12,1053.5,1087.0999755859375,1049.699951171875,1082.800048828125,8462756.0,1044.9049072265625,1057.8699951171875,1033.05029296875,1049.304931640625,4435651.5,1056.800048828125,0.024602572670990197,-0.007092275587809893,0.03169484825880009,0.0010045634061483632
2026-02-13,1081.800048828125,1086.0,1060.0,1065.800048828125,4555743.0,1092.88916015625,1127.383544921875,1082.522216796875,1117.1458740234375,10110959.0,1082.800048828125,-0.01570003623328098,0.03171945294284373,-0.04741948917612471,0.002248607953724608
2026-02-16,1065.800048828125,1088.300048828125,1052.800048828125,1085.4000244140625,5096496.0,1061.03466796875,1076.519775390625,1043.4708251953125,1062.25244140625,7892445.0,1065.800048828125,0.01838991807843149,-0.003328586281991397,0.021718504360422886,0.0004716934316537079
2026-02-17,1080.0,1081.9000244140625,1060.0,1075.0,2832145.0,1064.3038330078125,1076.8990478515625,1052.2633056640625,1068.6492919921875,4415613.0,1085.4000244140625,-0.00958174330213124,-0.015432773212731066,0.005851029910599825,3.42345510147338e-05
2026-02-18,1076.199951171875,1087.0999755859375,1072.0999755859375,1076.199951171875,2470593.0,1061.8521728515625,1068.001953125,1041.5054931640625,1052.88916015625,5589520.0,1075.0,0.0011162336482557489,-0.020568223110465134,0.021684456758720883,0.00047021566492083574
2026-02-19,1078.0,1078.0,1048.0999755859375,1054.699951171875,2576169.0,1071.288330078125,1081.315185546875,1058.7254638671875,1072.22607421875,2692056.0,1076.199951171875,-0.019977700218800964,-0.003692508022136498,-0.016285192196664466,0.00026520748488230125
2026-02-20,1056.800048828125,1066.0,1044.5999755859375,1059.300048828125,2295049.0,1058.780517578125,1066.829833984375,1038.045654296875,1050.66650390625,6504845.0,1054.699951171875,0.004361522583876898,-0.0038242604080368503,0.008185782991913748,6.70070431907044e-05
2026-02-23,1072.800048828125,1077.5,1056.9000244140625,1064.699951171875,2423932.0,1070.11865234375,1076.7808837890625,1051.4129638671875,1062.8306884765625,3146652.5,1059.300048828125,0.005097613607894846,0.003332993000749296,0.0017646206071455506,3.1138858871627317e-06
2026-02-24,1064.699951171875,1066.0,1050.199951171875,1061.699951171875,2464507.0,1066.0816650390625,1080.9266357421875,1053.607177734375,1072.872314453125,4886629.0,1064.699951171875,-0.002817695254609509,0.007675743078841224,-0.010493438333450733,0.0001101122480579333
2026-02-25,1065.0,1095.0,1055.800048828125,1085.9000244140625,3115583.0,1056.777099609375,1061.957763671875,1033.802734375,1043.55419921875,4614532.0,1061.699951171875,0.02279370288703153,-0.017091224251349235,0.039884927138380766,0.0015908074128339425
2026-02-26,1089.0,1108.0,1085.0999755859375,1104.5999755859375,5231414.0,1074.587646484375,1082.1448974609375,1058.5164794921875,1070.457275390625,4170442.75,1085.9000244140625,0.017220693205127535,-0.014221151741634963,0.0314418449467625,0.0009885896136562545
2026-02-27,1099.0,1103.9000244140625,1073.300048828125,1079.4000244140625,5601117.0,1098.7525634765625,1113.781494140625,1086.640625,1103.380859375,5618486.5,1104.5999755859375,-0.022813644512808984,-0.0011036721327924992,-0.021709972380016485,0.0004713229007410786
2026-03-02,1044.0,1071.0,1038.0,1052.5,6717872.0,1079.358154296875,1093.204345703125,1065.3780517578125,1082.290283203125,3710211.5,1079.4000244140625,-0.024921274602216936,0.002677653069937058,-0.027598927672153994,0.0007617008086527876
2026-03-04,1042.300048828125,1042.5,987.4000244140625,1010.0,9200897.0,1054.175537109375,1067.972412109375,1040.0748291015625,1056.5386962890625,5344927.5,1052.5,-0.040380047505938266,0.0038372411297507014,-0.04421728863568897,0.0019551686142918285
2026-03-05,1022.2999877929688,1046.4000244140625,1018.2999877929688,1039.5,5051614.0,1001.9241943359375,1029.578369140625,995.1824340820312,1021.2486572265625,5489345.0,1010.0,0.029207920792079234,0.011137284382735091,0.018070636409344143,0.0003265479002387142
2026-03-06,1043.9000244140625,1052.0,1000.0,1007.5,8166989.0,1038.9903564453125,1061.340087890625,1027.29345703125,1054.2418212890625,4400223.0,1039.5,-0.030784030784030803,0.014181646261724357,-0.04496567704575516,0.0020219121121831524
2026-03-09,957.5,993.0,934.2000122070312,987.2000122070312,11999852.0,996.5079345703125,1013.1881103515625,977.9004516601562,1002.82666015625,10918898.0,1007.5,-0.02014887125852982,-0.00463855071339947,-0.015510320545130352,0.0002405700434126927
2026-03-10,1010.0,1068.300048828125,1006.7000122070312,1062.9000244140625,14297519.0,989.0484008789062,1003.5244140625,972.3480224609375,991.6552124023438,9462096.0,987.2000122070312,0.07668153491792684,0.004512966106384297,0.07216856881154254,0.0052083023243063515
2026-03-11,1062.9000244140625,1077.9000244140625,1028.699951171875,1031.699951171875,10731059.0,1065.996826171875,1076.791259765625,1044.004150390625,1063.2462158203125,8720052.0,1062.9000244140625,-0.029353723328200076,0.0003257045802034231,-0.0296794279084035,0.0008808684409701205
2026-03-12,1021.0999755859375,1046.699951171875,1006.0999755859375,1031.699951171875,7054662.0,1058.72802734375,1086.9093017578125,1049.1234130859375,1074.458251953125,5903191.0,1031.699951171875,0.0,0.04144451178143638,-0.04144451178143638,0.0017176475568016186
2026-03-13,1021.2999877929688,1028.0,994.7000122070312,1003.5999755859375,6562852.0,1024.0498046875,1037.3126220703125,1010.689697265625,1026.3746337890625,6228522.0,1031.699951171875,-0.02723657741189156,-0.005161691998495921,-0.02207488541339564,0.0004873005660145476
2026-03-16,990.0,1002.9000244140625,969.2999877929688,992.0,10476354.0,1001.8077392578125,1013.79345703125,982.2289428710938,997.770263671875,8108943.0,1003.5999755859375,-0.011558365751419108,-0.005808800374530576,-0.005749565376888532,3.305750202311537e-05
2026-03-17,999.9000244140625,1012.0,983.2000122070312,1004.5999755859375,4175225.0,983.7033081054688,991.6874389648438,952.8922119140625,967.248046875,9388882.0,992.0,0.012701588292275634,-0.024951565650201624,0.03765315394247726,0.0014177600018158907
2026-03-18,1013.2999877929688,1028.9000244140625,1008.5,1021.5999755859375,3915253.0,998.4697265625,1032.9970703125,984.6489868164062,997.975341796875,7056922.0,1004.5999755859375,0.016922158484111716,-0.006594300169277534,0.02351645865338925,0.0005530238275965661
2026-03-19,1000.0,1000.0,946.2999877929688,949.7999877929688,11956347.0,1015.7892456054688,1030.048095703125,1001.8264770507812,1020.6103515625,8694462.0,1021.5999755859375,-0.07028190045892269,-0.0009687001244003124,-0.06931320033452237,0.0048043197406136325
2026-03-20,962.0,966.9000244140625,922.2999877929688,938.5999755859375,28550627.0,956.208251953125,989.2125244140625,945.0302734375,972.850341796875,12956157.0,949.7999877929688,-0.011791969205070751,0.024268640029642352,-0.036060609234713104,0.001300367538378676
2026-03-23,930.0,930.0999755859375,870.2000122070312,877.7000122070312,10556865.0,930.8994140625,971.4630737304688,926.83251953125,960.11767578125,12408012.0,938.5999755859375,-0.06488383226399341,0.022925315102293453,-0.08780914736628687,0.007710446361194284
2026-03-24,907.0,931.9000244140625,896.2000122070312,903.5999755859375,13359073.0,886.6076049804688,917.6334228515625,885.8020629882812,906.1980590820312,9111898.0,877.7000122070312,0.02950890169612652,0.03246900590025037,-0.002960104204123848,8.76221689927168e-06
2026-03-25,919.0,965.0,917.2999877929688,956.0,14265748.0,915.393798828125,920.556884765625,884.505859375,893.9156494140625,10399113.0,903.5999755859375,0.057990289762993585,-0.01071749273299305,0.06870778249598664,0.004720759375515807
2026-03-27,950.0,951.0,900.0,903.7999877929688,12238678.0,957.177734375,963.1121215820312,942.6234130859375,947.6787719726562,7398736.0,956.0,-0.05460252322911219,-0.008704213417723539,-0.04589830981138865,0.0021066548435422156
2026-03-30,888.0,896.2999877929688,867.0,872.0999755859375,10949179.0,899.1665649414062,925.9838256835938,889.0465087890625,916.5050659179688,13271912.0,903.7999877929688,-0.03507414542507459,0.014057400195396141,-0.04913154562047073,0.0024139087750563964
2026-04-01,915.5999755859375,926.2999877929688,895.75,900.5499877929688,11752172.0,866.2674560546875,915.4459838867188,867.1927490234375,901.9969482421875,10748807.0,872.0999755859375,0.032622420597955504,0.034281588686163156,-0.001659168088207652,2.752838744926635e-06
2026-04-02,876.0,895.0,863.4500122070312,891.5999755859375,7230236.0,920.0247802734375,927.5624389648438,897.70556640625,907.8345947265625,9573151.0,900.5499877929688,-0.009938384685302837,0.008089064496515697,-0.018027449181818533,0.0003249889240030497
2026-04-06,895.0,931.0,885.6500244140625,928.0,5898399.0,866.78125,900.783935546875,843.50732421875,902.8220825195312,8624145.0,891.5999755859375,0.040825510779249674,0.01258648187626843,0.028239028902981245,0.0007974427533834101
2026-04-07,920.0,932.4000244140625,910.0499877929688,930.6500244140625,5503677.0,944.8365478515625,948.8013916015625,912.7909545898438,923.728271484375,9603318.0,928.0,0.0028556297565329736,-0.00460315572804415,0.007458785484577124,5.5633480904938404e-05
2026-04-08,975.0,1035.449951171875,975.0,1023.2000122070312,18256527.0,917.4552001953125,922.029052734375,893.8001708984375,900.7557373046875,5416947.0,930.6500244140625,0.09944660760229196,-0.032121943077577875,0.13156855067986983,0.017310283528001475
2026-04-09,1010.0999755859375,1015.0,990.4500122070312,996.2999877929688,7668209.0,1018.0736083984375,1026.0926513671875,987.665283203125,1001.7254638671875,9122230.0,1023.2000122070312,-0.02629009391432613,-0.02098763495274336,-0.005302458961582768,2.8116071039269404e-05
2026-04-10,1016.0999755859375,1031.0,1011.25,1027.550048828125,8048521.0,999.2108154296875,996.1160888671875,949.0923461914062,953.8757934570312,10682412.0,996.2999877929688,0.03136611604741879,-0.042581747320821206,0.07394786336824,0.005468286496727891
2026-04-13,1000.1500244140625,1015.5,988.7999877929688,1004.0999755859375,8242484.0,1041.03466796875,1043.597412109375,1012.5286865234375,1022.1050415039062,10529367.0,1027.550048828125,-0.0228213440979651,-0.0052990190895602085,-0.017522325008404893,0.00030703187370017155
2026-04-15,1030.0,1043.5,1016.4500122070312,1020.9500122070312,7869459.0,995.1364135742188,1002.4862670898438,974.4808959960938,986.1461181640625,6391103.0,1004.0999755859375,0.01678123397150877,-0.017880547613197684,0.03466178158470645,0.0012014391026258953
2026-04-16,1026.0999755859375,1034.3499755859375,1015.3499755859375,1022.75,5716035.0,1045.17724609375,1066.150634765625,1021.0819702148438,1031.827392578125,6673088.5,1020.9500122070312,0.0017630518354936342,0.010654175269149135,-0.008891123433655501,7.9052075912498e-05
2026-04-17,1022.0,1039.5,1013.1500244140625,1036.949951171875,4345572.0,1023.8997192382812,1031.0731201171875,1000.4117431640625,1013.333740234375,8993558.0,1022.75,0.013884088166096209,-0.009206804952945458,0.023090893119041667,0.0005331893450350058
2026-04-20,1040.0,1049.949951171875,1026.0,1045.1500244140625,4670588.0,1030.6593017578125,1041.876220703125,1016.8983764648438,1031.4517822265625,4413423.0,1036.949951171875,0.007907877552740583,-0.005302251028700966,0.01321012858144155,0.00017450749713821893
2026-04-21,1054.0,1062.699951171875,1039.25,1045.300048828125,5699181.0,1039.7039794921875,1042.640869140625,1008.1824340820312,1017.5232543945312,5939445.5,1045.1500244140625,0.0001435434249228429,-0.026433305625208736,0.02657684905013158,0.0007063289054334798
2026-04-22,1050.0,1053.699951171875,1029.4000244140625,1044.550048828125,4404420.0,1049.3634033203125,1060.5465087890625,1034.384765625,1049.5693359375,5615892.0,1045.300048828125,-0.0007174973356605108,0.004084269501528626,-0.0048017668371891364,2.3056964758729364e-05
2026-04-23,1044.9000244140625,1044.9000244140625,1006.3499755859375,1009.2999877929688,4658783.0,1038.1881103515625,1049.6019287109375,1024.6866455078125,1039.935302734375,4450603.0,1044.550048828125,-0.033746646294931626,-0.0044179272203637154,-0.02932871907456791,0.0008601737625549236
2026-04-24,1006.9500122070312,1030.4000244140625,983.5499877929688,1011.2999877929688,9263466.0,1006.9544677734375,1024.3505859375,997.8352661132812,1016.415283203125,4966194.5,1009.2999877929688,0.001981571410075489,0.007049732979503176,-0.005068161569427687,2.5686261693823717e-05
2026-04-27,1011.2999877929688,1012.0,963.75,974.6500244140625,15096574.0,1016.8021850585938,1035.301513671875,1006.3490600585938,1027.697509765625,5637868.0,1011.2999877929688,-0.03624044677276228,0.01621430057409734,-0.05245474734685962,0.0027515005192228765
2026-04-28,974.5,979.75,949.2999877929688,953.25,6752420.0,953.8209838867188,987.7799072265625,935.7014770507812,984.0110473632812,7722880.5,974.6500244140625,-0.021956624304121597,0.009604496706236976,-0.03156112101035857,0.0009961043594304973
2026-04-29,965.0,975.2999877929688,954.9000244140625,956.8499755859375,5829309.0,951.8778076171875,962.1298828125,934.521240234375,947.3892822265625,7004090.0,953.25,0.003776528283175873,-0.006148143481182755,0.009924671764358628,9.849910963025741e-05
2026-04-30,945.2000122070312,950.0,921.0,937.3499755859375,5990764.0,945.4434814453125,986.7090454101562,935.010498046875,950.9442749023438,6792968.0,956.8499755859375,-0.020379370327160196,-0.00617202365499081,-0.014207346672169385,0.0002018486994632025
2026-05-01,937.3499755859375,937.3499755859375,937.3499755859375,937.3499755859375,0.0,930.018310546875,966.667236328125,927.3964233398438,961.1316528320312,5664563.0,937.3499755859375,0.0,0.025371182445732554,-0.025371182445732554,0.0006436968986946477
2026-05-04,942.0,969.0,942.0,960.4500122070312,4018048.0,917.0143432617188,932.0535888671875,904.9779052734375,916.4299926757812,3126979.0,937.3499755859375,0.02464398274150903,-0.022318219933893046,0.046962202675402076,0.002205448480125542
2026-05-05,955.6500244140625,966.9000244140625,937.2999877929688,964.4000244140625,4029508.0,967.8595581054688,987.3348388671875,962.10400390625,981.3462524414062,4816821.5,960.4500122070312,0.004112668183484658,0.0217567181725129,-0.017644049989028243,0.00031131250001532754
2026-05-06,980.0,1007.4500122070312,976.0499877929688,1004.0999755859375,5858946.0,952.64453125,961.7185668945312,944.2139282226562,955.8930053710938,3072733.5,964.4000244140625,0.041165439824615735,-0.008821048141446575,0.04998648796606231,0.002498648979181292
2026-05-07,1009.0,1023.75,1002.0499877929688,1015.6500244140625,4848929.0,1000.1490478515625,1009.544677734375,988.1911010742188,999.2203979492188,3913318.25,1004.0999755859375,0.011502887271145568,-0.004859653177335499,0.016362540448481067,0.000267732729928179
2026-05-08,1013.0,1013.3499755859375,1001.25,1007.75,5755029.0,1021.5869140625,1051.313720703125,1013.900146484375,1044.51416015625,4922409.0,1015.6500244140625,-0.007778293924248225,0.028419371878457333,-0.03619766580270556,0.0013102710095643595
2026-05-11,990.0,990.8499755859375,970.4500122070312,975.9500122070312,5927270.0,1000.60595703125,1009.8897094726562,988.06494140625,1000.58740234375,4677510.5,1007.75,-0.031555433185778914,-0.0071075144194988615,-0.024447918766280052,0.0005977007320026284
2026-05-12,971.0,979.9500122070312,925.9500122070312,930.4500122070312,8674062.0,964.1546630859375,975.5582885742188,936.1279296875,978.0162353515625,5911336.0,975.9500122070312,-0.04662124025912506,0.0021171403439594894,-0.04873838060308455,0.0023754297438111287
2026-05-13,925.2000122070312,938.4000244140625,915.0,920.5499877929688,10747950.0,924.5951538085938,938.591796875,909.8184814453125,928.46533203125,7162177.5,930.4500122070312,-0.010640038996377221,-0.0021330325646120585,-0.008507006431765163,7.236915843009384e-05
2026-05-14,929.9000244140625,941.6500244140625,901.2999877929688,935.0999755859375,9220462.0,916.4928588867188,930.081298828125,908.4846801757812,919.9244995117188,5742225.0,920.5499877929688,0.015805755239704622,-0.0006794723692838955,0.016485227608988517,0.00027176272932015726
2026-05-15,921.0,945.9000244140625,921.0,937.9000244140625,5759607.0,926.1759643554688,945.6561279296875,921.105224609375,940.6112060546875,5268972.0,935.0999755859375,0.0029943844521762575,0.005893733945717017,-0.0028993494935407593,8.406227485695058e-06
2026-05-18,923.7999877929688,937.6500244140625,911.0,933.7000122070312,5232089.0,928.5764770507812,973.4813842773438,921.7908325195312,943.1337890625,6730980.5,937.9000244140625,-0.0044781022472573095,0.005580301217826822,-0.010058403465084131,0.00010117148026641646
2026-05-19,940.0,941.8499755859375,924.7000122070312,927.3499755859375,3216479.0,928.8659057617188,955.2845458984375,915.1029663085938,923.4154052734375,7456895.5,933.7000122070312,-0.006800938779130905,-0.011014894290601429,0.004213955511470524,1.7757421052652806e-05
2026-05-20,920.0,925.4500122070312,913.0,923.4500122070312,5764449.0,928.6484375,935.4635009765625,919.2655639648438,925.2977294921875,3157186.5,927.3499755859375,-0.004205492512621367,-0.00221302221143993,-0.001992470301181437,3.9699379010900464e-06
2026-05-21,935.0,941.9000244140625,910.0,914.75,4598094.0,918.53173828125,934.0040893554688,910.0007934570312,930.237060546875,4875642.0,923.4500122070312,-0.009421205362527774,0.007349665114652737,-0.01677087047718051,0.0002812620965623648
2026-05-22,916.25,944.25,913.1500244140625,941.0,5414742.0,917.91552734375,928.3551025390625,911.320556640625,920.8970336914062,4216747.0,914.75,0.028696365127083956,0.006719905647888824,0.021976459479195132,0.0004829647712407056
2026-05-25,956.9500122070312,970.5,956.9000244140625,961.9500122070312,6256205.0,937.3270874023438,944.9546508789062,928.4934692382812,936.265869140625,3292232.0,941.0,0.02226356238791838,-0.0050309573425876275,0.027294519730506006,0.0007449908073189817
2026-05-26,961.0,965.5999755859375,948.5999755859375,952.1500244140625,4350923.0,959.336181640625,974.4469604492188,943.5140991210938,967.3292236328125,6478874.0,961.9500122070312,-0.01018762687105157,0.005591986441623398,-0.015779613312674967,0.00024899619629754904
2026-05-27,947.0499877929688,968.0999755859375,946.5999755859375,963.2000122070312,3592277.0,952.1447143554688,963.8660888671875,939.1017456054688,960.945556640625,5084251.5,952.1500244140625,0.011605301170651838,0.009237548706649612,0.0023677524640022263,5.606251730788614e-06
2026-05-28,963.2000122070312,963.2000122070312,963.2000122070312,963.2000122070312,0.0,958.009765625,964.077880859375,946.2142333984375,953.5717163085938,3027289.5,963.2000122070312,0.0,-0.009996154252921663,0.009996154252921663,9.992309984820385e-05
2026-05-29,961.0,975.5499877929688,942.9000244140625,947.1500244140625,11248568.0,967.2138061523438,970.6643676757812,937.2791137695312,967.0374145507812,4775761.0,963.2000122070312,-0.016663193095474038,0.003984014010711245,-0.020647207106185284,0.00042630716128570805
2026-06-01,950.0499877929688,953.8499755859375,916.4000244140625,919.0499877929688,8308513.0,976.5941162109375,1010.399169921875,961.4597778320312,976.5850830078125,7219559.5,947.1500244140625,-0.0296679891218683,0.03107750391703723,-0.06074549303890553,0.00369001492453972
2026-06-02,908.5999755859375,917.9500122070312,900.2000122070312,911.7000122070312,7610958.0,931.1101684570312,954.1517944335938,923.4241943359375,946.8360595703125,5740769.5,919.0499877929688,-0.007997362149569143,0.030233471678803747,-0.03823083382837289,0.001461596655212661
2026-06-03,912.6500244140625,915.9000244140625,888.9000244140625,912.9500122070312,6951317.0,917.9610595703125,932.5240478515625,911.3599243164062,925.1016845703125,4175033.25,911.7000122070312,0.0013710650249680878,0.014699651402700686,-0.013328586377732599,0.00017765121482867899
2026-06-04,907.9500122070312,919.9000244140625,903.0499877929688,915.7999877929688,3666582.0,909.5150756835938,932.789306640625,890.2634887695312,931.4827880859375,4173423.75,912.9500122070312,0.0031217213952905443,0.02029988020275475,-0.017178158807464206,0.00029508914001446005
2026-06-05,920.0999755859375,944.9000244140625,916.1500244140625,923.2999877929688,5769377.0,918.073486328125,927.6859741210938,902.0928344726562,909.8958740234375,5021327.0,915.7999877929688,0.008189561148689961,-0.0064469467659197255,0.014636507914609687,0.000214227363934432
2026-06-08,909.0,911.3499755859375,892.0999755859375,896.6500244140625,4584431.0,934.9326782226562,945.808349609375,927.1987915039062,937.4092407226562,2852275.5,923.2999877929688,-0.028863818619352055,0.015281331220867722,-0.04414514984021978,0.0019487942544154562
2026-06-09,908.4000244140625,915.0,896.75,911.7000122070312,5892611.0,910.547119140625,935.0281982421875,905.2577514648438,929.343017578125,3802949.0,896.6500244140625,0.016784684529288274,0.03646126389772486,-0.019676579368436586,0.0003871677756423843
2026-06-10,907.8499755859375,914.75,894.2000122070312,897.3499755859375,4026258.0,921.2444458007812,947.702880859375,919.3382568359375,942.4451904296875,7077454.5,911.7000122070312,-0.015739866654553847,0.03372291083799461,-0.04946277749254846,0.0024465663572773586
2026-06-11,893.9500122070312,896.2999877929688,879.0999755859375,886.25,4640157.0,916.484130859375,931.062744140625,901.8043823242188,911.3895263671875,6590469.5,897.3499755859375,-0.012369728520569279,0.01564556880060386,-0.028015297321173138,0.0007848568839937308
2026-06-12,908.0,959.0999755859375,901.5999755859375,954.9500122070312,9760441.0,898.9414672851562,919.1358642578125,889.110107421875,907.2908935546875,8135358.5,886.25,0.07751764423924534,0.02374148779090257,0.05377615644834277,0.002891875002356638
2026-06-15,1005.0,1009.5,988.0,1000.6500244140625,12251483.0,946.4530639648438,954.248046875,932.4689331054688,943.10546875,4067566.0,954.9500122070312,0.047855920857482026,-0.012403312535340771,0.0602592333928228,0.00363117520909069
2026-06-16,998.0,1010.0499877929688,992.0499877929688,1005.75,4544903.0,1007.611083984375,1011.9198608398438,988.41357421875,996.921630859375,6268795.0,1000.6500244140625,0.005096662630797333,-0.0037259715821930106,0.008822634212990343,7.783887445622773e-05
2026-06-17,1005.0,1015.75,1001.9500122070312,1007.5,4353419.0,1002.33154296875,1007.3089599609375,991.7212524414062,997.629150390625,4149774.75,1005.75,0.0017399950285856836,-0.008074421684688082,0.009814416713273766,9.632277542178743e-05
2026-06-18,1010.0,1017.2999877929688,998.25,1002.7000122070312,3364449.0,1002.7366333007812,1010.0426635742188,990.4353637695312,1001.0914916992188,4461899.0,1007.5,-0.00476425587391438,-0.006360802283653877,0.0015965464097394966,2.5489604384520767e-06
2026-06-19,1001.6500244140625,1007.7000122070312,992.2999877929688,1001.9000244140625,2611538.0,998.7837524414062,1007.0521240234375,989.2864379882812,998.3089599609375,3537823.5,1002.7000122070312,-0.0007978336324220292,-0.004379228276290337,0.0035813946438683075,1.28263875951286e-05
2026-06-22,1003.9500122070312,1005.75,983.7999877929688,992.8499755859375,4287218.0,1004.6151733398438,1026.1131591796875,999.4799194335938,1021.2228393554688,4623941.0,1001.9000244140625,-0.009032886123960027,0.019286170746134923,-0.02831905687009495,0.000801968982011672
2026-06-23,984.5,1007.7000122070312,984.5,993.3499755859375,2904186.0,982.8289794921875,988.7472534179688,968.3278198242188,980.6304931640625,3327675.5,992.8499755859375,0.0005036007577126078,-0.012307481213023719,0.012811081970736327,0.00016412382126092535
2026-06-24,993.3499755859375,1029.3499755859375,980.5499877929688,1019.0,7885319.0,989.8323364257812,1003.013427734375,981.3199462890625,996.6249389648438,3141962.5,993.3499755859375,0.025821739612901906,0.0032968877630208393,0.022524851849881067,0.0005073689508590905
2026-06-25,1030.0,1052.0,1026.0,1031.800048828125,8924791.0,1018.991943359375,1029.4642333984375,1007.9239501953125,1020.0221557617188,4012260.0,1019.0,0.012561382559494572,0.0010030969202343698,0.011558285639260202,0.00013359396691872862
2026-06-26,1031.800048828125,1031.800048828125,1031.800048828125,1031.800048828125,0.0,1032.5947265625,1055.492919921875,1025.072509765625,1045.4365234375,5307904.5,1031.800048828125,0.0,0.013216198840911852,-0.013216198840911852,0.00017466791180251979
2026-06-29,1036.949951171875,1055.4000244140625,1029.75,1032.6500244140625,11369236.0,1035.4366455078125,1048.6307373046875,1014.701904296875,1021.3400268554688,4460136.5,1031.800048828125,0.000823779362002286,-0.010137644386173705,0.010961423748175991,0.0001201528105870766
2026-06-30,1032.6500244140625,1048.0,1030.25,1042.1500244140625,5218792.0,1040.4207763671875,1051.7921142578125,1029.595458984375,1043.1505126953125,5143070.0,1032.6500244140625,0.009199631797220276,0.010168486934581722,-0.0009688551373614462,9.386802771916669e-07
2026-07-01,1050.0,1058.5999755859375,1038.0,1048.0999755859375,4722961.0,1038.65625,1050.6947021484375,1027.836669921875,1043.6273193359375,5215332.0,1042.1500244140625,0.005709303874190663,0.0014175453507334623,0.004291758523457201,1.8419191223667534e-05
2026-07-02,1052.0,1071.0,1048.199951171875,1066.699951171875,5736423.0,1046.9007568359375,1053.5841064453125,1031.8685302734375,1041.2520751953125,3801356.5,1048.0999755859375,0.017746375364181555,-0.006533632811885792,0.024280008176067347,0.0005895187970298972
2026-07-03,1081.5,1081.5,1060.0999755859375,1063.5999755859375,3603167.0,1056.213623046875,1066.063720703125,1044.042236328125,1055.0596923828125,4099244.75,1066.699951171875,-0.0029061364280853486,-0.010912402101710517,0.008006265673625168,6.410029003666867e-05
2026-07-06,1065.9000244140625,1076.0,1057.800048828125,1062.300048828125,4018215.0,1068.3994140625,1084.9180908203125,1061.458984375,1077.879638671875,3604526.75,1063.5999755859375,-0.0012221951745499116,0.013425783578145278,-0.01464797875269519,0.00021456328153940973
2026-07-07,1070.0,1087.300048828125,1058.699951171875,1066.800048828125,8356697.0,1069.2010498046875,1079.3353271484375,1058.3992919921875,1069.937744140625,3135582.0,1062.300048828125,0.004236091304866463,0.007189772156111163,-0.0029536808512447,8.724230571009615e-06
2026-07-08,1058.0,1058.0,1005.0,1014.4000244140625,6535773.0,1065.4754638671875,1073.380859375,1050.8575439453125,1061.9632568359375,4029843.0,1066.800048828125,-0.04911888077960225,-0.0045339255444361015,-0.044584955235166146,0.001987818233321769
2026-07-09,1019.4000244140625,1039.800048828125,1015.0,1031.699951171875,3984489.0,1000.44482421875,1034.229248046875,968.7910766601562,995.193115234375,6633114.0,1014.4000244140625,0.01705434379085835,-0.01893425543910232,0.03598859922996067,0.001295179274534726
2026-07-10,1049.0,1052.0,1039.0,1044.0999755859375,2773485.0,1028.771484375,1039.9713134765625,1018.3391723632812,1030.883544921875,4219534.0,1031.699951171875,0.012019022003420421,-0.000791321400250844,0.012810343403671265,0.0001641048981199839
2026-07-13,1019.9000244140625,1053.0999755859375,1017.0,1048.0999755859375,3212203.0,1048.1195068359375,1062.9447021484375,1029.1875,1035.3131103515625,4372142.5,1044.0999755859375,0.00383105075522594,-0.008415731673055427,0.012246782428281366,0.00014998367984566123
2026-07-14,1040.0,1042.300048828125,1007.0,1013.9000244140625,6517181.0,1043.2252197265625,1048.6444091796875,1022.426513671875,1030.442626953125,2951676.5,1048.0999755859375,-0.03263042836419838,-0.016847007961183436,-0.015783420403014947,0.0002491163596183085
2026-07-15,1028.0,1049.0,1025.199951171875,1033.800048828125,7089054.0,1002.2832641601562,1016.0694580078125,981.1634521484375,1008.1107788085938,5602985.0,1013.9000244140625,0.01962720577461541,-0.005709878159648296,0.025337083934263704,0.0006419678222919239
2026-07-16,1035.800048828125,1040.0,1020.0999755859375,1024.4000244140625,2703222.0,1009.9481201171875,1011.5968627929688,1002.6444702148438,1006.8212280273438,4154719.25,1033.800048828125,-0.00909269101381649,-0.026096749396910313,0.017004058383093823,0.00028913800149566333
2026-07-17,1025.4000244140625,1038.9000244140625,1022.0,1034.9000244140625,3328041.0,1021.7111206054688,1032.0196533203125,1013.6154174804688,1025.4183349609375,2140946.5,1024.4000244140625,0.010249902137600797,0.0009940555667766748,0.009255846570824122,8.567069574263666e-05
2026-07-20,1040.0,1040.0,1018.0,1035.4000244140625,3238784.0,1034.6646728515625,1041.2208251953125,1019.9820556640625,1027.22705078125,3090144.75,1034.9000244140625,0.0004831384560872731,-0.007414217269109402,0.007897355725196675,6.23682274502967e-05
2026-07-21,1036.0,1067.4000244140625,1031.0,1061.5,7633092.0,1033.3424072265625,1045.63525390625,1027.24072265625,1040.04443359375,3413282.75,1035.4000244140625,0.02520762504396079,0.0044856181863774935,0.020722006857583297,0.0004294015682057292
2026-07-22,1058.0,1065.0,1046.800048828125,1058.800048828125,3460386.0,1065.6986083984375,1078.727783203125,1054.0103759765625,1065.8792724609375,5808472.0,1061.5,-0.0025435244200423535,0.0041255510701248,-0.006669075490167153,4.447656789354826e-05
2026-07-23,1057.800048828125,1079.0,1022.2999877929688,1025.800048828125,6335830.0,1060.49072265625,1065.8226318359375,1047.4681396484375,1055.56982421875,2598239.25,1058.800048828125,-0.03116735783732183,-0.003050835342282232,-0.028116522495039598,0.0007905388372140677
2026-07-24,1018.0999755859375,1051.0,992.9000244140625,1005.0999755859375,11775846.0,1024.1295166015625,1042.18603515625,996.6937866210938,1019.6622924804688,3784168.75,1025.800048828125,-0.02017944263683291,-0.005983384729478236,-0.014196057907354676,0.0002015280601089672
2026-07-27,1020.0,1040.0,1002.2000122070312,1038.199951171875,9459410.0,1019.7295532226562,1031.1639404296875,1012.3547973632812,1020.2030029296875,3223364.0,1005.0999755859375,0.032932023072273386,0.015026393105765923,0.017905629966507464,0.00032061158449749006
2026-07-28,1045.0,1049.9000244140625,1036.4000244140625,1040.9000244140625,7160194.0,1038.208251953125,1060.8896484375,1028.151611328125,1046.6329345703125,6440988.5,1038.199951171875,0.0026007256493700837,0.008122696778128935,-0.005521971128758851,3.0492165146846304e-05
2026-07-29,1050.0,1052.800048828125,1034.0999755859375,1044.699951171875,4160322.0,1044.5057373046875,1058.4840087890625,1030.5435791015625,1036.83349609375,3690147.5,1040.9000244140625,0.003650616455650013,-0.003906742458385071,0.007557358914035084,5.711367375554554e-05
2026-07-30,1038.0,1051.0,1019.5,1027.199951171875,5425880.0,1043.7835693359375,1050.4674072265625,1030.1492919921875,1039.0711669921875,4252769.0,1044.699951171875,-0.01675122122899464,-0.005387943373954873,-0.011363277855039766,0.00012912408361083716
2026-07-31,1029.199951171875,1054.5999755859375,1029.0999755859375,1046.699951171875,6318223.0,1026.90771484375,1032.052490234375,1015.9025268554688,1024.3140869140625,1558962.5,1027.199951171875,0.018983645762203905,-0.0028094474250316415,0.021793093187235546,0.0004749389106675324
2026-08-03,1058.0,1095.0,1051.5999755859375,1090.199951171875,7047761.0,1044.5892333984375,1059.3380126953125,1036.85888671875,1051.9736328125,4959356.0,1046.699951171875,0.041559187951903276,0.005038389114971009,0.03652079883693227,0.0013337687476876732
2026-08-04,1080.0,1091.699951171875,1075.0999755859375,1087.300048828125,3516949.0,1073.468994140625,1078.609619140625,1056.50244140625,1063.9066162109375,2982573.75,1090.199951171875,-0.002659972916557951,-0.024117901429617894,0.021457928513059943,0.0004604426960715909
2026-08-05,1097.699951171875,1122.4000244140625,1092.699951171875,1122.4000244140625,6684889.0,1086.96875,1100.177734375,1076.9141845703125,1089.396728515625,4797696.0,1087.300048828125,0.03228177504798957,0.0019283358717401278,0.03035343917624944,0.0009213312698262743
2026-08-06,1130.0,1153.699951171875,1120.0,1141.0,12605459.0,1110.5545654296875,1125.176513671875,1101.64404296875,1116.2418212890625,4406330.5,1122.4000244140625,0.01657161010455921,-0.005486638445339365,0.022058248549898574,0.0004865663290891025
2026-08-07,1134.0,1134.0,1109.0,1115.0,3239689.0,1131.4425048828125,1143.539794921875,1120.27490234375,1132.5538330078125,5197503.5,1141.0,-0.022787028921998242,-0.007402425058884776,-0.015384603863113466,0.0002366860360249258
2026-08-10,1115.0,1139.199951171875,1106.0999755859375,1137.800048828125,3535895.0,1111.529541015625,1125.840087890625,1104.197509765625,1117.1590576171875,4080186.5,1115.0,0.020448474285313933,0.0019363745445628577,0.018512099740751076,0.00034269783681151607
2026-08-11,1135.800048828125,1135.800048828125,1121.199951171875,1129.9000244140625,3789090.0,1120.8565673828125,1132.3831787109375,1112.3328857421875,1124.336669921875,2931585.25,1137.800048828125,-0.006943244924447978,-0.011832816249319533,0.0048895713248715555,2.390790774100618e-05
2026-08-12,1135.5,1135.5,1117.0,1117.199951171875,3582194.0,1114.0433349609375,1123.8629150390625,1102.166748046875,1111.7308349609375,3064275.5,1129.9000244140625,-0.01123999731637626,-0.01608035141210573,0.004840354095729471,2.3429027772045066e-05
2026-08-13,1135.0,1149.0,1124.300048828125,1132.300048828125,3757182.0,1125.217529296875,1136.4609375,1118.08154296875,1129.42529296875,2922926.25,1117.199951171875,0.013516020691203057,0.010942841327598929,0.002573179363604128,6.6212520372781444e-06
2026-08-14,1130.0,1134.9000244140625,1118.0,1122.0,2463317.0,1126.6807861328125,1138.5670166015625,1118.523681640625,1129.797607421875,3757244.25,1132.300048828125,-0.009096571919064211,-0.0022100514866530974,-0.006886520432411114,4.7424163666015757e-05
2026-08-17,1116.0,1129.699951171875,1112.199951171875,1122.0,2105094.0,1122.7801513671875,1144.5013427734375,1120.20654296875,1139.0811767578125,3925746.5,1122.0,0.0,0.01522386520304142,-0.01522386520304142,0.00023176607172037538
2026-08-18,1114.0,1124.9000244140625,1098.5999755859375,1108.4000244140625,2672734.0,1132.6790771484375,1150.0654296875,1128.513916015625,1142.9288330078125,4289315.0,1122.0,-0.012121190361798151,0.018653148848317702,-0.030774339210115853,0.000947059953819274
2026-08-19,1108.4000244140625,1113.0,1098.199951171875,1106.0,1912179.0,1117.58203125,1139.9378662109375,1114.9166259765625,1134.4788818359375,3682237.0,1108.4000244140625,-0.002165305269937412,0.02352838041090921,-0.025693685680846623,0.0006601654838661428
2026-08-20,1118.9000244140625,1135.4000244140625,1115.5,1128.199951171875,3313774.0,1101.805908203125,1114.083984375,1096.609619140625,1106.857666015625,2624736.25,1106.0,0.020072288582165365,0.0007754665602395239,0.01929682202192584,0.00037236734014588213
2026-08-21,1140.0,1140.0,1127.300048828125,1130.0,2514574.0,1115.7239990234375,1124.044189453125,1105.9945068359375,1113.5771484375,2585171.25,1128.199951171875,0.0015955051462777092,-0.012961180080876766,0.014556685227154476,0.00021189708480245735
2026-08-24,1120.5,1137.300048828125,1112.0,1119.0,3112438.0,1142.19189453125,1150.1131591796875,1130.58837890625,1139.443115234375,2646360.5,1130.0,-0.009734513274336276,0.008356739145464642,-0.01809125241980092,0.0003272934141169526
2026-08-25,1117.9000244140625,1138.5,1112.0,1138.5,2440583.0,1117.458740234375,1129.5084228515625,1106.6002197265625,1114.9486083984375,3459734.25,1119.0,0.01742627345844494,-0.0036205465608244447,0.021046820019269386,0.00044296863292351857
2026-08-26,1141.4000244140625,1142.0,1105.0,1117.5,3752627.0,1126.7825927734375,1140.487548828125,1122.617919921875,1133.370361328125,2729019.0,1138.5,-0.01844532279314892,-0.0045056114816645065,-0.013939711311484415,0.00019431555144752656
2026-08-27,1112.0,1127.5,1091.5,1101.0,4358707.0,1119.599609375,1125.1617431640625,1103.0872802734375,1111.1505126953125,3827104.0,1117.5,-0.014765100671140896,-0.005681867834172238,-0.009083232836968658,8.250511877058569e-05
2026-08-28,1105.0,1106.699951171875,1083.199951171875,1086.9000244140625,2207426.0,1107.5595703125,1123.57275390625,1103.5887451171875,1116.9521484375,2728583.5,1101.0,-0.012806517335093082,0.014488781505449522,-0.027295298840542603,0.0007450333387945264
2026-08-31,1080.0,1109.9000244140625,1060.0999755859375,1109.9000244140625,5859843.0,1095.6014404296875,1106.5892333984375,1089.7659912109375,1100.03173828125,2061537.25,1086.9000244140625,0.02116109990189674,0.012081804740290414,0.009079295161606327,8.243360063156806e-05
2026-09-01,1099.0,1099.0,1050.5999755859375,1059.0999755859375,5673585.0,1103.441650390625,1120.094970703125,1097.4512939453125,1114.9005126953125,3158684.0,1109.9000244140625,-0.045769932165686145,0.004505350185832979,-0.050275282351519124,0.0025276040155249703
2026-09-02,1048.0,1048.0,1026.0999755859375,1047.0,6535021.0,1066.32568359375,1077.399169921875,1057.4676513671875,1068.8477783203125,3045627.75,1059.0999755859375,-0.011424771848609794,0.009203855121403537,-0.02062862697001333,0.00042554025066796134
2026-09-03,1056.0,1068.9000244140625,1038.5999755859375,1044.199951171875,6236042.0,1041.64208984375,1057.21533203125,1035.33349609375,1051.6083984375,2915715.5,1047.0,-0.0026743541815902327,0.004401526683381007,-0.00707588086497124,5.0068090015266145e-05
2026-09-04,1044.199951171875,1052.800048828125,1037.0,1041.0,4135062.0,1053.172607421875,1063.5511474609375,1043.1036376953125,1055.082763671875,4033626.25,1044.199951171875,-0.003064500403666792,0.010422153810471402,-0.013486654214138194,0.0001818898418917315
