Date,actual_open,actual_high,actual_low,actual_close,actual_volume,pred_open,pred_high,pred_low,pred_close,pred_volume,previous_actual_close,actual_return,predicted_return,return_error,squared_return_error
2022-06-24,722.0,735.0,720.0999755859375,729.0,1013159.0,717.1842041015625,727.7538452148438,712.2094116210938,721.5228271484375,1114757.0,718.4500122070312,0.014684372765976894,0.004277005900475528,0.010407366865501366,0.00010831328507313573
2022-06-27,735.0999755859375,737.0999755859375,724.5,729.4000244140625,695465.0,725.8697509765625,735.8426513671875,718.87353515625,730.4039306640625,1100552.25,729.0,0.000548730334790859,0.0019258308149006087,-0.0013771004801097497,1.8964057323185032e-06
2022-06-28,730.0,740.0,722.0999755859375,736.8499755859375,878300.0,729.7935791015625,737.1160888671875,724.226318359375,731.0415649414062,833327.625,729.4000244140625,0.010213807132594566,0.0022505353336976786,0.007963271798896887,6.341369774310647e-05
2022-06-29,730.0499877929688,743.7999877929688,716.0,720.0,1741451.0,730.1068725585938,738.9215087890625,723.1801147460938,733.99365234375,1072062.0,736.8499755859375,-0.022867579757383516,-0.0038763972814359615,-0.018991182475947554,0.0003606650118347375
2022-06-30,722.0,722.0,703.0999755859375,706.3499755859375,2030048.0,723.0188598632812,731.6240844726562,717.4533081054688,724.5357055664062,911897.25,720.0,-0.018958367241753482,0.006299591064453214,-0.025257958306206696,0.0006379644577980758
2022-07-01,700.0,722.9500122070312,697.0,719.5499877929688,954981.0,706.7548828125,716.1435546875,695.6605224609375,703.8433227539062,1078332.75,706.3499755859375,0.01868763737987167,-0.0035487405941394545,0.022236377974011123,0.000494456505403087
2022-07-04,723.0,731.8499755859375,714.5499877929688,730.1500244140625,1281683.0,717.4789428710938,725.7599487304688,711.8384399414062,718.6845092773438,902795.125,719.5499877929688,0.014731480509931671,-0.00120280526760852,0.01593428577754019,0.00025390146324031965
2022-07-05,732.0,739.25,726.0999755859375,729.0499877929688,1367769.0,729.9700927734375,736.3062133789062,723.2366333007812,729.7528686523438,840198.5,730.1500244140625,-0.0015065898573056735,-0.0005439372025460854,-0.0009626526547595882,9.267001337156828e-07
2022-07-06,721.25,751.8499755859375,721.25,749.9500122070312,1351519.0,733.94873046875,745.3150634765625,729.5943603515625,740.0001220703125,1329677.0,729.0499877929688,0.02866747790138846,0.015019730417241695,0.013647747484146766,0.0001862610113910344
2022-07-07,753.0,759.5999755859375,750.0,754.8499755859375,2064199.0,750.88720703125,767.4862060546875,746.75830078125,762.2905883789062,1490138.25,749.9500122070312,0.006533719980197139,0.016455198307895103,-0.009921478327697963,9.843573220698038e-05
2022-07-08,756.5,764.3499755859375,755.0499877929688,761.4000244140625,1456394.0,757.5986938476562,771.876220703125,752.77978515625,766.5119018554688,1548522.5,754.8499755859375,0.008677285606375928,0.015449329862505357,-0.006772044256129428,4.586058340697558e-05
2022-07-11,761.5499877929688,770.0,758.4000244140625,765.9000244140625,1287117.0,763.89453125,782.4105834960938,760.56298828125,775.7277221679688,1465679.0,761.4000244140625,0.005910165295125891,0.018817569338708928,-0.012907404043583037,0.00016660107914430374
2022-07-12,760.0,762.0,752.1500244140625,756.4500122070312,609080.0,764.9430541992188,773.3342895507812,759.567138671875,767.536865234375,1422599.375,765.9000244140625,-0.012338440926752514,0.002137146844413129,-0.014475587771165643,0.0002095426413207203
2022-07-13,758.0,768.0,757.0,762.5499877929688,697646.0,753.8097534179688,761.1168823242188,747.3738403320312,754.8206176757812,1146421.75,756.4500122070312,0.008063950674202625,-0.002154001592909016,0.01021795226711164,0.00010440654853297192
2022-07-14,765.0,778.7999877929688,759.2999877929688,765.8499755859375,1697611.0,768.9918823242188,784.7491455078125,765.7935180664062,778.7740478515625,1215781.5,762.5499877929688,0.004327569137493326,0.021276061003621116,-0.01694849186612779,0.0002872513765361999
2022-07-15,766.25,792.6500244140625,766.25,790.5499877929688,3002946.0,775.0343627929688,795.1397094726562,772.4908447265625,791.0997924804688,1510648.25,765.8499755859375,0.03225176339286784,0.032969664685584155,-0.0007179012927163164,5.153822660837582e-07
2022-07-18,797.7999877929688,797.9500122070312,787.7999877929688,794.3499755859375,1335985.0,787.0703735351562,797.7539672851562,780.0277099609375,789.10205078125,1497125.75,790.5499877929688,0.004806764722844914,-0.0018315565543945977,0.006638321277239512,4.406730937985082e-05
2022-07-19,790.9000244140625,793.3499755859375,784.2000122070312,787.25,1184051.0,795.4656372070312,803.4909057617188,787.1132202148438,794.4666137695312,1322307.0,794.3499755859375,-0.008938095051492012,0.00014683475442645033,-0.009084929805918462,8.253594957846567e-05
2022-07-20,791.0,801.2000122070312,787.5,795.0,1173216.0,787.075439453125,802.115234375,785.6326904296875,799.000732421875,992602.5625,787.25,0.009844395046046284,0.014926303489202875,-0.005081908443156591,2.5825793424626246e-05
2022-07-21,795.0,820.6500244140625,793.3499755859375,818.2999877929688,2245980.0,795.77880859375,804.0328369140625,789.8206787109375,798.404296875,1196503.0,795.0,0.029308160745872724,0.0042821344339623035,0.02502602631191042,0.0006263019929644327
2022-07-22,818.2999877929688,824.0,801.1500244140625,804.0499877929688,1746104.0,822.4660034179688,831.5951538085938,816.92919921875,825.578857421875,1488677.5,818.2999877929688,-0.017414151549034695,0.00889511149638178,-0.026309263045416476,0.000692177321992917
2022-07-25,804.0499877929688,813.7999877929688,801.25,807.9500122070312,940240.0,808.0924682617188,818.6582641601562,803.3154296875,813.0574951171875,1429769.25,804.0499877929688,0.004850475061591197,0.01120267080526105,-0.006352195743669853,4.0350390765897394e-05
2022-07-26,805.9000244140625,809.7000122070312,788.25,790.8499755859375,1146412.0,807.291259765625,818.0478515625,805.265869140625,814.2433471679688,955622.375,807.9500122070312,-0.021164721038103074,0.0077892627834070804,-0.028953983821510154,0.0008383331791362717
2022-07-27,790.0,803.7000122070312,787.0499877929688,801.5999755859375,1056918.0,792.2271728515625,798.4678344726562,782.42919921875,788.942626953125,1424107.5,790.8499755859375,0.013592970009306038,-0.002411770489591736,0.016004740498897774,0.0002561517184370586
2022-07-28,804.0,809.9000244140625,798.5999755859375,806.5999755859375,1192580.0,798.7855224609375,806.0964965820312,793.8771362304688,800.2130737304688,1028498.875,801.5999755859375,0.0062375251400739185,-0.0017301670380602818,0.0079676921781342,6.348411864550091e-05
2022-07-29,809.0,814.7000122070312,803.7999877929688,811.6500244140625,867439.0,802.640869140625,805.74169921875,793.2965698242188,797.3035888671875,963065.5,806.5999755859375,0.006260908729208037,-0.011525399206709364,0.0177863079359174,0.0003163527499912783
2022-08-01,812.0,814.5,799.4500122070312,811.0999755859375,1269287.0,808.0270385742188,818.1860961914062,807.517822265625,815.9086303710938,885740.625,811.6500244140625,-0.0006776921229344479,0.00524685003256864,-0.0059245421555030875,3.510019975233317e-05
2022-08-02,813.0,826.0,806.25,811.5999755859375,2161684.0,806.394287109375,814.6705932617188,802.1238403320312,808.3223876953125,1102002.25,811.0999755859375,0.0006164468191960371,-0.003424470440426819,0.004040917259622856,1.6329012299117893e-05
2022-08-03,811.5999755859375,815.4000244140625,801.5499877929688,812.75,908414.0,815.660888671875,821.4251708984375,809.3418579101562,815.8761596679688,1219989.625,811.5999755859375,0.001416984288635792,0.005268832196481998,-0.0038518479078462065,1.4836732305179197e-05
2022-08-04,792.2999877929688,798.0,781.0999755859375,789.25,15358133.0,813.1976318359375,820.305908203125,807.0917358398438,813.0408935546875,1085858.0,812.75,-0.028914180252230137,0.0003579127095509893,-0.029272092961781127,0.0008568554263631562
2022-08-05,785.0499877929688,793.4000244140625,782.0999755859375,784.7999877929688,2109882.0,789.9072265625,806.4239501953125,785.149658203125,799.211181640625,1879038.5,789.25,-0.005638279641471344,0.012621072715394366,-0.01825935235686571,0.00033340394849217734
2022-08-08,781.5,793.9000244140625,781.0,788.7000122070312,947150.0,789.328125,799.0643310546875,784.8857421875,793.931640625,1084192.75,784.7999877929688,0.004969450146183441,0.01163564344300183,-0.00666619329681839,4.4438133070546434e-05
2022-08-10,788.7000122070312,793.7000122070312,786.3499755859375,790.5499877929688,1185175.0,792.12353515625,806.26416015625,789.212646484375,802.7838745117188,1364206.5,788.7000122070312,0.00234560106162629,0.017857058560549977,-0.015511457498923686,0.00024060531374091586
2022-08-11,794.5499877929688,798.5499877929688,771.5999755859375,773.4500122070312,3371339.0,797.820068359375,810.9239501953125,794.5014038085938,807.4307250976562,1157060.25,790.5499877929688,-0.021630479855773155,0.02135315611327071,-0.042983635969043865,0.0018475929611192815
2022-08-12,773.4500122070312,775.9000244140625,760.5499877929688,763.4500122070312,2257305.0,791.44287109375,814.9364624023438,787.0137939453125,811.0926513671875,1516627.25,773.4500122070312,-0.012929083770346184,0.04866848350385755,-0.061597567274203735,0.003794260294100055
2022-08-16,767.2999877929688,780.5999755859375,765.2999877929688,779.5,1804736.0,773.7514038085938,790.0479125976562,768.8375244140625,785.05712890625,1357710.5,763.4500122070312,0.021022971427520742,0.028301940341523446,-0.007278968914002704,5.29833884510177e-05
2022-08-17,780.5,796.5499877929688,780.5,793.5,3021532.0,784.702880859375,797.5472412109375,780.1896362304688,792.99755859375,1422559.875,779.5,0.017960230917254627,0.01731566208306612,0.0006445688341885081,4.154689820071324e-07
2022-08-18,793.0,813.7999877929688,791.0,807.8499755859375,3191360.0,794.3248901367188,805.748779296875,789.6962890625,801.7183837890625,1605169.75,793.5,0.018084405275283544,0.01035713142919037,0.0077272738460931745,5.97107610925156e-05
2022-08-19,807.1500244140625,809.5,784.0999755859375,786.9500122070312,1767351.0,804.7827758789062,819.022216796875,797.6510620117188,812.3418579101562,2629225.75,807.8499755859375,-0.025871094894503677,0.005560292702813774,-0.03143138759731745,0.0009879321262928013
2022-08-22,785.9000244140625,796.9500122070312,780.0999755859375,793.9500122070312,2166778.0,790.515380859375,800.9917602539062,785.7969360351562,795.390625,1149039.25,786.9500122070312,0.008895101202639477,0.010725729286535923,-0.0018306280838964462,3.3511991815503737e-06
2022-08-23,791.9000244140625,811.6500244140625,787.0,809.3499755859375,1890327.0,794.4429931640625,810.0803833007812,790.9146728515625,804.5638427734375,1449013.375,793.9500122070312,0.01939664102541827,0.013368386426371837,0.006028254599046434,3.6339853510924486e-05
2022-08-24,805.0,813.0,798.5,805.7000122070312,1355374.0,806.5827026367188,816.8416748046875,801.6300659179688,812.1105346679688,1378697.75,809.3499755859375,-0.004509746696741201,0.003410834824616682,-0.007920581521357883,6.273561163647597e-05
2022-08-25,808.0,811.9000244140625,797.5,801.8499755859375,1267482.0,806.0756225585938,816.87255859375,801.7156372070312,812.424560546875,1319000.75,805.7000122070312,-0.004778498898799111,0.00834621849070527,-0.013124717389504381,0.0001722582065543587
2022-08-26,805.9000244140625,810.7999877929688,798.7999877929688,801.9500122070312,1254230.0,801.0230712890625,806.7957153320312,794.9668579101562,801.0427856445312,1035470.9375,801.8499755859375,0.0001247572789668805,-0.0010066595572524317,0.0011314168362193122,1.2801040572805179e-06
2022-08-29,790.0,816.7000122070312,783.8499755859375,806.1500244140625,2181301.0,802.8316650390625,815.1303100585938,798.766357421875,810.8816528320312,1218431.75,801.9500122070312,0.0052372493835026734,0.011137403191028517,-0.005900153807525843,3.4811814952461704e-05
2022-08-30,809.0,813.9500122070312,806.2999877929688,809.6500244140625,2692962.0,802.8682861328125,811.9393920898438,791.6929321289062,796.8429565429688,1368971.0,806.1500244140625,0.004341623635803815,-0.011545081671191948,0.015886705306995763,0.00025238740551132734
2022-09-01,809.6500244140625,842.0,806.0,838.4000244140625,6228307.0,807.2568359375,815.0514526367188,800.8554077148438,808.4908447265625,1187338.0,809.6500244140625,0.035509169558546105,-0.0014317046286003166,0.03694087418714642,0.001364628185710581
2022-09-02,845.0,847.0,830.7000122070312,833.7000122070312,1885440.0,827.8731079101562,841.5518188476562,823.42236328125,836.561279296875,1569481.5,838.4000244140625,-0.005605930427203809,-0.002193159665605404,-0.003412770761598405,1.1647004271220956e-05
2022-09-05,834.0,841.1500244140625,829.0499877929688,837.4500122070312,1553679.0,829.0853271484375,834.9326171875,820.2919921875,827.6105346679688,1371912.75,833.7000122070312,0.004498020804956759,-0.007304159109872144,0.011802179914828903,0.00013929145074199076
2022-09-06,841.6500244140625,845.7999877929688,816.0,818.25,2620566.0,830.9636840820312,835.9720458984375,822.3635864257812,829.301513671875,1333466.25,837.4500122070312,-0.022926756137278237,-0.009730131251274976,-0.013196624886003261,0.00017415090838188057
2022-09-07,815.0,827.5,814.0499877929688,825.0999755859375,1321905.0,817.7540893554688,827.1256103515625,810.11083984375,821.0006103515625,1616652.75,818.25,0.008371494758249387,0.003361576964940438,0.005009917793308949,2.5099276295713608e-05
2022-09-08,829.25,831.5999755859375,815.0,819.0999755859375,1094898.0,819.9027099609375,826.52490234375,812.2862548828125,820.28564453125,1376328.875,825.0999755859375,-0.007271846052036457,-0.005834845712204273,-0.001437000339832184,2.0649699766778123e-06
2022-09-09,827.0,827.0,813.1500244140625,816.2999877929688,884012.0,821.845947265625,828.2454833984375,815.2822875976562,822.0110473632812,1056167.75,819.0999755859375,-0.0034183712323587745,0.0035539883580895104,-0.006972359590448285,4.8613798258516177e-05
2022-09-12,820.4000244140625,831.0,820.4000244140625,825.5,1300582.0,816.4260864257812,821.7171630859375,809.7099609375,815.5310668945312,947919.3125,816.2999877929688,0.011270381409542063,-0.00094195872833025,0.012212340137872313,0.00014914125164308713
2022-09-13,829.9500122070312,852.0,829.7000122070312,849.0,3310733.0,824.7890625,829.7343139648438,817.60205078125,823.0277099609375,973880.8125,825.5,0.028467595396729273,-0.0029949001078891646,0.03146249550461844,0.0009898886233781353
2022-09-14,842.9000244140625,861.1500244140625,838.5499877929688,840.25,3818926.0,843.9305419921875,847.9580688476562,828.104248046875,834.66357421875,1692258.25,849.0,-0.010306242638398078,-0.016886249447879864,0.0065800068094817865,4.329648961282668e-05
2022-09-15,844.5,848.0,830.2000122070312,837.4000244140625,1697675.0,841.2168579101562,848.4653930664062,834.7423706054688,842.0419311523438,1585354.875,840.25,-0.003391818608672992,0.0021326166644972666,-0.005524435273170258,3.0519385087447746e-05
2022-09-16,839.7000122070312,839.7000122070312,791.2000122070312,795.2000122070312,4786431.0,835.1138916015625,841.1793823242188,827.1211547851562,833.3757934570312,1142960.625,837.4000244140625,-0.05039409001278572,-0.004805625554939574,-0.045588464457846145,0.002078308091624301
2022-09-19,799.2000122070312,802.2000122070312,787.3499755859375,793.0,1707558.0,802.7557373046875,816.7161865234375,797.9677734375,810.2760009765625,1389358.25,795.2000122070312,-0.0027666149060099343,0.018958738101234163,-0.021725353007244097,0.00047199096328937013
2022-09-20,797.0,812.9000244140625,795.9500122070312,804.2000122070312,1547208.0,793.3785400390625,804.4044189453125,788.3273315429688,798.6007690429688,1228398.25,793.0,0.014123596730178045,0.007062760457716033,0.007060836272462012,4.985540886651524e-05
2022-09-21,804.2000122070312,811.0,798.0999755859375,804.2000122070312,1082534.0,809.4830322265625,821.8848876953125,799.2013549804688,804.885009765625,1418018.75,804.2000122070312,0.0,0.0008517751158867437,-0.0008517751158867437,7.255208480438757e-07
2022-09-22,800.5499877929688,807.75,788.0,803.2000122070312,1255234.0,804.0388793945312,809.8060302734375,795.7061157226562,802.0618896484375,1099430.75,804.2000122070312,-0.001243471754315939,-0.0026586950088771655,0.0014152232545612264,2.00285686025087e-06
2022-09-23,803.0,806.2999877929688,779.5,781.5499877929688,1229421.0,800.2991943359375,807.478515625,793.5582885742188,800.8548583984375,1137759.875,803.2000122070312,-0.02695471126123694,-0.0029197631635360377,-0.024034948097700903,0.0005776787300591763
2022-09-26,779.0,785.9500122070312,762.0,780.8499755859375,1431943.0,779.2410278320312,792.4518432617188,774.5980834960938,789.7276000976562,1061988.75,781.5499877929688,-0.00089567170106164,0.01046332599630695,-0.011358997697368589,0.0001290268286888249
2022-09-27,784.7999877929688,801.4000244140625,781.0499877929688,797.8499755859375,1830866.0,782.0365600585938,793.6593627929688,776.7868041992188,787.699951171875,1195517.75,780.8499755859375,0.021771147507872346,0.008772460523927661,0.012998686983944685,0.00016896586330657296
2022-09-28,795.9500122070312,804.2000122070312,790.0499877929688,793.6500244140625,1415083.0,797.5416259765625,804.5088500976562,790.1864013671875,797.0396728515625,1219981.5,797.8499755859375,-0.005264086357576914,-0.0010156078951809588,-0.004248478462395955,1.8049569245442297e-05
2022-09-29,797.6500244140625,803.7000122070312,790.2999877929688,792.5999755859375,1136839.0,796.4447631835938,798.5762329101562,789.786376953125,794.8458862304688,1219400.5,793.6500244140625,-0.0013230628058006344,0.0015067873491079187,-0.002829850154908553,8.008051899235962e-06
2022-09-30,791.0,806.0,787.0,802.8499755859375,1436359.0,795.18505859375,801.8020629882812,788.7042846679688,795.287109375,1127543.875,792.5999755859375,0.012932122528041434,0.0033902774057947838,0.00954184512224665,9.104680833694219e-05
2022-10-03,802.8499755859375,804.7999877929688,776.0,777.9500122070312,1652675.0,799.7147216796875,805.136962890625,791.7295532226562,797.711669921875,1145113.25,802.8499755859375,-0.031014466134514973,-0.006400081983327532,-0.02461438415118744,0.0006058679071422275
2022-10-04,786.75,792.4500122070312,781.2000122070312,785.1500244140625,1238967.0,787.3085327148438,799.6680297851562,783.4443969726562,793.8184814453125,1016754.8125,777.9500122070312,0.00925510906106286,0.02039780061608676,-0.011142691555023898,0.0001241595750904009
2022-10-06,790.0,799.5999755859375,784.0999755859375,794.2999877929688,2067042.0,787.4594116210938,794.7412109375,783.2036743164062,788.2200927734375,1246332.0,785.1500244140625,0.011653777105508745,0.003910167820049493,0.007743609285459252,5.996348476585075e-05
2022-10-07,787.9000244140625,793.9000244140625,779.0499877929688,780.9000244140625,1053907.0,793.6319580078125,801.5213012695312,788.0863647460938,795.1712036132812,1268506.625,794.2999877929688,-0.01687015433065686,0.0010968347396469458,-0.017966989070303807,0.00032281269625241646
2022-10-10,769.25,775.0499877929688,755.0,757.1500244140625,2334168.0,789.1520385742188,800.5747680664062,784.7783813476562,794.9944458007812,1020687.8125,780.9000244140625,-0.03041362435328454,0.01804894473821328,-0.04846256909149782,0.0023486206029481997
2022-10-11,758.0,759.8499755859375,740.25,742.5999755859375,1956824.0,759.6194458007812,765.4284057617188,745.1372680664062,749.9190673828125,1386882.875,757.1500244140625,-0.01921686371123721,-0.00955023020285295,-0.00966663350838426,9.344380338541738e-05
2022-10-12,745.5,759.0,738.7999877929688,757.3499755859375,1372962.0,746.0955810546875,753.5377197265625,736.0826416015625,741.7125244140625,950021.625,742.5999755859375,0.01986264541466176,-0.0011950595220189264,0.021057704936680688,0.0004434269372003062
2022-10-13,754.9500122070312,760.2000122070312,749.1500244140625,757.4000244140625,1198492.0,751.9268188476562,764.3286743164062,739.0025024414062,759.7698974609375,1030337.75,757.3499755859375,6.60841483308694e-05,0.0031952491622222468,-0.0031291650138913774,9.791673684161824e-06
2022-10-14,768.9500122070312,768.9500122070312,760.0,761.25,1278730.0,764.1543579101562,771.8547973632812,761.6538696289062,766.8453369140625,1024889.5,757.4000244140625,0.005083146899705904,0.012470705301742102,-0.007387558402036198,5.457601914349563e-05
2022-10-17,761.25,771.9500122070312,757.2999877929688,763.1500244140625,940646.0,762.2076416015625,771.9844970703125,756.6673583984375,767.308837890625,1022536.875,761.25,0.002495926980706109,0.007959064552545136,-0.005463137571839027,2.9845872128839226e-05
2022-10-18,767.0,776.0,763.5499877929688,774.3499755859375,1361691.0,761.5195922851562,767.6073608398438,755.5972290039062,760.7503662109375,991381.75,763.1500244140625,0.014675949437955138,-0.003144412142248698,0.017820361580203836,0.000317565286849205
2022-10-19,774.4500122070312,777.0,761.0999755859375,764.5499877929688,1115277.0,773.6480102539062,782.0693359375,767.78759765625,774.8173217773438,1357473.625,774.3499755859375,-0.012655760446758313,0.0006035335521934471,-0.01325929399895176,0.00017580887735063817
2022-10-20,761.5499877929688,772.0,755.5,770.7000122070312,955562.0,764.0706176757812,769.5941162109375,756.060791015625,761.0402221679688,1180404.0,764.5499877929688,0.008043979481074714,-0.004590629365035626,0.01263460884611034,0.00015963334069420967
2022-10-21,773.0,780.8499755859375,755.0499877929688,761.6500244140625,1692279.0,771.4019165039062,776.6637573242188,768.7012939453125,771.5477905273438,989371.4375,770.7000122070312,-0.011742555663198373,0.0011000107783634139,-0.012842566441561787,0.00016493151280592898
2022-10-24,770.0,776.0,764.8499755859375,770.9500122070312,292558.0,761.8045043945312,766.0859985351562,747.7196044921875,751.1978759765625,964882.625,761.6500244140625,0.012210316411560784,-0.013723033023652631,0.025933349435213415,0.000672538612928884
2022-10-25,770.0,776.7999877929688,764.6500244140625,766.9500122070312,871995.0,773.4362182617188,781.5328369140625,768.988037109375,775.9714965820312,896080.0625,770.9500122070312,-0.005188403835093003,0.006513372197277434,-0.011701776032370437,0.0001369315623117592
2022-10-27,774.75,779.5,759.5999755859375,770.0499877929688,1692389.0,777.3638916015625,787.3377075195312,776.25830078125,781.3601684570312,878462.875,766.9500122070312,0.0040419525869968,0.018788911950770038,-0.014746959363773238,0.00021747281047677916
2022-10-28,773.4500122070312,773.4500122070312,759.5,761.3499755859375,1598314.0,772.7725830078125,779.7677001953125,768.6654052734375,773.4844970703125,1170650.75,770.0499877929688,-0.011297983695793934,0.0044601121119258735,-0.015758095807719807,0.00024831758348527655
2022-10-31,765.2000122070312,772.4500122070312,761.9000244140625,770.1500244140625,997865.0,763.8529663085938,770.2786254882812,758.091552734375,763.7630004882812,931073.25,761.3499755859375,0.011558480475884148,0.0031694030074496116,0.008389077468434536,7.0376620771396e-05
2022-11-01,773.0,784.5,767.4000244140625,774.8499755859375,1893673.0,775.0492553710938,785.31103515625,768.1714477539062,777.6911010742188,1352682.5,770.1500244140625,0.00610264367056379,0.009791698268001081,-0.0036890545974372912,1.3609123822873216e-05
2022-11-02,776.0,778.2000122070312,764.7000122070312,768.0499877929688,1073726.0,778.63232421875,790.7957763671875,774.7861328125,785.8993530273438,1220598.75,774.8499755859375,-0.008775876630604085,0.014260021668131007,-0.02303589829873509,0.0005306526104296663
2022-11-03,768.0499877929688,770.0,756.6500244140625,762.75,1573795.0,767.6572265625,774.9139404296875,762.5570068359375,769.7115478515625,985464.6875,768.0499877929688,-0.00690057662548571,0.002163348850988678,-0.009063925476474388,8.215474504308147e-05
2022-11-04,761.0,767.0,759.2000122070312,764.2999877929688,940199.0,761.8486328125,771.3118896484375,757.3715209960938,766.2998657226562,1029472.4375,762.75,0.002032104612217367,0.004654035690142555,-0.002621931077925188,6.8745225773899384e-06
2022-11-07,768.1500244140625,776.4500122070312,764.2999877929688,772.1500244140625,1004208.0,766.97216796875,776.9375,763.207763671875,772.3439331054688,1005971.6875,764.2999877929688,0.010270884137734804,0.010524591706102315,-0.0002537075683675116,6.436753024695559e-08
2022-11-09,778.5,781.7999877929688,765.8499755859375,770.1500244140625,1256533.0,774.3319702148438,783.97705078125,770.6985473632812,778.9332885742188,1025525.8125,772.1500244140625,-0.002590170221800747,0.00878490441712243,-0.011375074638923177,0.00012939232304107326
2022-11-10,770.0,771.7000122070312,762.0499877929688,768.7000122070312,839329.0,775.8519897460938,788.2673950195312,772.0478515625,782.7012329101562,1390231.25,770.1500244140625,-0.001882765904129391,0.01629709549855929,-0.01817986140268868,0.0003305073606209696
2022-11-11,772.5499877929688,779.8499755859375,770.0499877929688,773.2000122070312,921004.0,772.0823974609375,779.4961547851562,769.5179443359375,774.6932373046875,1039641.5,768.7000122070312,0.0058540391941452885,0.007796572138003555,-0.0019425329438582661,3.773434237974662e-06
2022-11-14,773.3499755859375,775.0,766.5,767.75,708750.0,780.0130615234375,805.74609375,775.4573974609375,787.4054565429688,1567513.0,773.2000122070312,-0.007048644750372812,0.018372276398948006,-0.02542092114932082,0.0006462232320799865
2022-11-15,767.75,774.0,763.5,772.75,756436.0,771.7832641601562,777.5596923828125,766.7862548828125,771.5838623046875,572566.625,767.75,0.00651253663301854,0.0049936337410452225,0.0015189028919733172,2.3070659952449063e-06
2022-11-16,772.75,774.2000122070312,764.7999877929688,769.5499877929688,1071710.0,770.791015625,776.9945678710938,765.0384521484375,773.345947265625,682390.5,772.75,-0.0041410704717324,0.0007712031907149974,-0.004912273662447397,2.4130432534774366e-05
2022-11-17,766.0,789.4500122070312,766.0,786.0,2944879.0,769.4663696289062,776.35400390625,764.2728881835938,772.7835083007812,730644.5,769.5499877929688,0.021376145108141786,0.004201832966154839,0.017174312141986947,0.0002949569975504003
2022-11-18,789.3499755859375,793.0,769.25,775.7000122070312,1417103.0,786.5064086914062,790.8780517578125,779.048583984375,784.2188720703125,993977.4375,786.0,-0.013104310169171463,-0.0022660660683047062,-0.010838244100866756,0.00011746753518997305
2022-11-21,774.2999877929688,775.4500122070312,762.2999877929688,770.9500122070312,760664.0,777.0357055664062,781.9656982421875,770.6802978515625,774.7711181640625,559679.375,775.7000122070312,-0.006123501257251807,-0.0011974913347311267,-0.00492600992252068,2.4265573756772195e-05
2022-11-22,771.0,776.9000244140625,766.2000122070312,771.2999877929688,868523.0,770.3709106445312,776.4396362304688,765.1901245117188,770.11572265625,541063.75,770.9500122070312,0.0004539536680667755,-0.0010821577762128998,0.0015361114442796753,2.3596383692469897e-06
2022-11-23,773.0999755859375,776.0,765.0,770.1500244140625,875779.0,772.752685546875,778.3375244140625,766.8489990234375,772.9856567382812,849019.8125,771.2999877929688,-0.0014909417828422589,0.002185490693622283,-0.0036764324764645417,1.3516155754003203e-05
2022-11-24,787.8499755859375,795.0,781.25,792.75,6211909.0,772.8172607421875,777.8843994140625,761.4892578125,764.2053833007812,762628.375,770.1500244140625,0.0293449001746533,-0.007718809225259693,0.03706370939991299,0.0013737185544811987
2022-11-25,798.75,799.5,780.0,789.1500244140625,2385612.0,792.7783203125,800.9014892578125,785.7113037109375,794.5728759765625,1992665.25,792.75,-0.004541123413355441,0.002299433587590771,-0.0068405570009462124,4.679322008319424e-05
2022-11-28,789.0,808.9000244140625,785.0,804.2999877929688,2043706.0,794.4658813476562,801.9212646484375,788.0253295898438,795.0680541992188,1526068.25,789.1500244140625,0.019197824127490826,0.007499245519950737,0.011698578607540089,0.00013685674143679462
2022-11-29,804.9500122070312,811.9000244140625,803.0499877929688,805.0499877929688,1278339.0,804.6446533203125,813.2755737304688,799.0900268554688,807.645751953125,1757935.875,804.2999877929688,0.0009324878918102186,0.0041598460909306745,-0.003227358199120456,1.0415840945430033e-05
2022-11-30,805.0499877929688,821.9500122070312,804.25,818.0499877929688,3390682.0,809.7373046875,814.8826904296875,802.5804443359375,808.4287719726562,1194281.75,805.0499877929688,0.016148065582410887,0.004196986809415826,0.01195107877299506,0.00014282828383833314
2022-12-01,821.9000244140625,821.9000244140625,810.1500244140625,813.2000122070312,966282.0,819.4307861328125,824.4360961914062,813.5184326171875,820.1093139648438,2811849.5,818.0499877929688,-0.005928703206783625,0.0025173598222656413,-0.008446063029049267,7.133598069067287e-05
2022-12-02,810.0,812.5,792.2000122070312,795.5499877929688,2882169.0,814.8800048828125,819.5300903320312,808.0178833007812,813.5347900390625,1148346.5,813.2000122070312,-0.02170440746325153,0.0004116795708384302,-0.02211608703408996,0.000489121305699442
2022-12-05,795.5499877929688,803.0,788.5999755859375,800.5,1540201.0,799.9442749023438,809.0026245117188,793.25341796875,801.9085693359375,1484937.375,795.5499877929688,0.006222125929212341,0.00799268636859507,-0.001770560439382729,3.1348842695071625e-06
2022-12-06,800.0,800.0,793.5499877929688,797.6500244140625,826214.0,799.0546875,805.235595703125,794.0963745117188,800.1265869140625,1090824.25,800.5,-0.0035602443297158004,-0.00046647481066519614,-0.0030937695190506043,9.571409837006607e-06
2022-12-07,799.9000244140625,806.5,797.0499877929688,799.3499755859375,2020441.0,798.3822631835938,804.0980224609375,794.0407104492188,799.0298461914062,758119.9375,797.6500244140625,0.002131199297741748,0.0017298586286100814,0.00040134066913166677,1.6107433269905403e-07
2022-12-08,800.5499877929688,807.9500122070312,796.5,804.2000122070312,805216.0,804.2425537109375,810.158203125,798.779296875,805.240966796875,1169722.75,799.3499755859375,0.006067475785607623,0.0073697271418808885,-0.0013022513562732652,1.6958585949155586e-06
2022-12-09,804.2000122070312,809.9000244140625,801.0,803.2999877929688,1080966.0,805.1860961914062,808.63330078125,798.718017578125,802.2792358398438,748869.625,804.2000122070312,-0.001119154937081479,-0.002388431158955262,0.001269276221873783,1.6110621274141848e-06
2022-12-12,803.0,813.0,799.2000122070312,810.0499877929688,948219.0,808.9097290039062,816.4479370117188,799.9696044921875,803.1734008789062,1121566.125,803.2999877929688,0.008402838419735659,-0.00015758361258078057,0.00856042203231644,7.328082537136872e-05
2022-12-13,812.0,814.4500122070312,804.7000122070312,807.5999755859375,1224742.0,807.0306396484375,812.1978149414062,801.546630859375,807.211181640625,983097.625,810.0499877929688,-0.003024519775262857,-0.0035044826802334006,0.0004799629049705434,2.3036439014776286e-07
2022-12-14,808.4000244140625,817.0,807.3499755859375,815.4500122070312,971275.0,811.24267578125,818.2527465820312,806.9771118164062,812.9840087890625,877226.25,807.5999755859375,0.009720204133733867,0.0066667079815334596,0.003053496152200408,9.323838751502695e-06
2022-12-15,815.4000244140625,815.4500122070312,802.0499877929688,804.9000244140625,783051.0,813.4688720703125,822.4688720703125,809.890625,816.8190307617188,1011135.8125,815.4500122070312,-0.01293762662951592,0.0016788503699720625,-0.014616476999487982,0.00021364139987656118
2022-12-16,803.2999877929688,804.9500122070312,795.0,801.5499877929688,849333.0,808.1654052734375,813.8038330078125,801.9632568359375,807.3899536132812,1172655.375,804.9000244140625,-0.004162053074271532,0.003093463937998253,-0.007255517012269785,5.264252711533627e-05
2022-12-19,801.1500244140625,810.0,798.4500122070312,808.8499755859375,1120217.0,801.6873779296875,805.749755859375,797.7706298828125,799.7965698242188,737344.1875,801.5499877929688,0.009107339410070914,-0.0021875341469069776,0.011294873556977891,0.0001275741686681184
2022-12-20,808.5,809.9500122070312,800.0999755859375,808.2999877929688,677159.0,804.6985473632812,808.146484375,798.5245971679688,801.8096313476562,646791.5,808.8499755859375,-0.0006799626748710264,-0.008704141003628263,0.008024178328757237,6.438743785169727e-05
2022-12-21,809.0,811.9000244140625,801.0,802.5999755859375,811513.0,805.930908203125,811.6954345703125,802.6317138671875,807.82470703125,798464.9375,808.2999877929688,-0.007051852397764957,-0.0005880004563856289,-0.006463851941379328,4.178138192007331e-05
2022-12-22,802.75,809.0,787.0,798.6500244140625,1017965.0,804.1727905273438,807.9370727539062,798.8678588867188,802.1937866210938,566689.875,802.5999755859375,-0.004921444420667109,-0.0005060914243701919,-0.004415352996296917,1.9495342081908165e-05
2022-12-23,793.0499877929688,797.9000244140625,775.7999877929688,779.0,1216647.0,795.4691162109375,799.3814697265625,790.7694702148438,796.3580322265625,816123.3125,798.6500244140625,-0.024604049099577696,-0.0028698329899652375,-0.02173421610961246,0.0004723761498993377
2022-12-26,779.0,783.7000122070312,773.0,775.2999877929688,1014226.0,779.444580078125,787.463134765625,776.6951904296875,784.2387084960938,827902.3125,779.0,-0.0047496947458680605,0.0067249146291319395,-0.011474609375,0.0001316666603088379
2022-12-27,778.7999877929688,781.0,770.5999755859375,777.8499755859375,601101.0,775.1954956054688,779.8174438476562,766.3434448242188,770.4295654296875,1039321.125,775.2999877929688,0.0032890337071045384,-0.00628198431570437,0.009571018022808908,9.160438599293294e-05
2022-12-28,778.0,782.9000244140625,773.1500244140625,780.1500244140625,610240.0,777.5224609375,783.4168701171875,774.1173095703125,779.914794921875,745541.625,777.8499755859375,0.0029569311567985146,0.0026545213096935694,0.00030240984710494523,9.145171562603635e-08
2022-12-29,779.0,779.0,763.0999755859375,776.0999755859375,1691955.0,780.5819091796875,784.8603515625,776.3115234375,780.98095703125,738679.125,780.1500244140625,-0.005191371789248889,0.0010650933681781716,-0.00625646515742706,3.914335626609881e-05
2022-12-30,778.0,782.2999877929688,765.0,766.9500122070312,715796.0,775.806884765625,779.0088500976562,767.0577392578125,770.7890014648438,684689.0625,776.0999755859375,-0.011789671004690083,-0.006843157180985715,-0.004946513823704368,2.4467999008098408e-05
2023-01-02,769.9000244140625,771.0,758.0999755859375,762.2999877929688,1061086.0,771.614501953125,775.003173828125,765.2811279296875,768.6549072265625,681750.9375,766.9500122070312,-0.006063008462156794,0.0022229545503560377,-0.008285963012512831,6.865718304473072e-05
2023-01-03,765.0,767.9000244140625,759.0999755859375,767.1500244140625,785495.0,764.7498779296875,770.5962524414062,760.3463134765625,765.3609008789062,676358.125,762.2999877929688,0.006362372686290696,0.0040153655187631365,0.0023470071675275594,5.508442644425737e-06
2023-01-04,767.5,767.5,759.4000244140625,762.25,1004383.0,768.6798095703125,772.9099731445312,761.09033203125,765.65771484375,632860.125,767.1500244140625,-0.006387309206963843,-0.001945264319651585,-0.0044420448873122576,1.9731762780896966e-05
2023-01-05,762.0,781.0,760.0999755859375,763.8499755859375,3198519.0,765.3319091796875,769.3623046875,760.1318969726562,764.3153076171875,668652.9375,762.25,0.002099016839537615,0.0027094885105771738,-0.0006104716710395586,3.72675661141831e-07
2023-01-06,763.7999877929688,770.8499755859375,759.0499877929688,761.3499755859375,603050.0,772.6492309570312,779.0675659179688,756.1560668945312,773.6738891601562,1176800.25,763.8499755859375,-0.003272893997387727,0.012861051107166732,-0.01613394510455446,0.0002603041846367768
2023-01-09,765.2000122070312,768.7999877929688,761.0999755859375,766.9500122070312,729173.0,765.4725952148438,770.3805541992188,759.2215576171875,763.382568359375,965523.9375,761.3499755859375,0.007355403954382389,0.002669721992009322,0.004685681962373067,2.195561545250832e-05
2023-01-10,766.9500122070312,772.7999877929688,764.5499877929688,769.25,873061.0,770.8154907226562,776.8817138671875,765.5567626953125,771.7171630859375,966018.0625,766.9500122070312,0.002998875749868235,0.006215725670553063,-0.0032168499206848278,1.0348123412209983e-05
2023-01-11,772.0,772.75,755.5,759.2999877929688,688374.0,770.6766357421875,776.2666625976562,767.0365600585938,772.43798828125,806435.4375,769.25,-0.012934692501828104,0.004144281158596108,-0.017078973660424213,0.00029169134129346404
2023-01-12,760.0,763.8499755859375,752.0,754.25,763021.0,765.6187744140625,769.9819946289062,759.3536987304688,763.206298828125,930400.125,759.2999877929688,-0.006650846666871879,0.00514462149078998,-0.01179546815766186,0.00013913306905841485
2023-01-13,755.0999755859375,757.5999755859375,750.0,752.9000244140625,1067599.0,761.3072509765625,767.9452514648438,753.8798828125,759.7418212890625,945443.75,754.25,-0.0017898251056512882,0.007281168430974372,-0.00907099353662566,8.22829237415045e-05
2023-01-16,752.0999755859375,755.0,745.0999755859375,747.25,838829.0,755.5232543945312,761.8701171875,751.4315795898438,756.9205322265625,714923.125,752.9000244140625,-0.007504348825675189,0.0053400287981513195,-0.012844377623826508,0.0001649780365434551
2023-01-17,744.0,752.7999877929688,741.5999755859375,750.0499877929688,1427736.0,756.6796264648438,763.2140502929688,749.2112426757812,755.4841918945312,918413.5,747.25,0.0037470562635915083,0.011019326724029721,-0.007272270460438213,5.2885917649762214e-05
2023-01-18,750.0,752.7000122070312,746.5499877929688,750.5,747592.0,754.0071411132812,758.7514038085938,749.5872192382812,753.9478759765625,706501.375,750.0499877929688,0.0005999762873878378,0.005196837873517435,-0.004596861586129597,2.1131136442033915e-05
2023-01-19,750.2000122070312,752.75,737.5999755859375,738.5,1140422.0,754.7978515625,760.2517700195312,749.4544067382812,754.3482666015625,876843.4375,750.5,-0.0159893404397069,0.005127603732927977,-0.021116944172634877,0.0004459253311901781
2023-01-20,738.0,742.9000244140625,736.0,738.4500122070312,878832.0,745.2420654296875,751.1685180664062,740.6489868164062,745.35693359375,923364.4375,738.5,-6.768827754743967e-05,0.009284947317196979,-0.009352635594744418,8.747179256808029e-05
2023-01-23,739.1500244140625,743.9000244140625,734.0,742.4500122070312,682160.0,742.027587890625,746.1678466796875,737.0927734375,739.9424438476562,766462.3125,738.4500122070312,0.0054167512138636464,0.002021032725241012,0.0033957184886226344,1.1530904053973587e-05
2023-01-24,743.8499755859375,749.5,740.0,740.9000244140625,653737.0,744.8656616210938,752.8243408203125,740.5567626953125,747.557373046875,867893.8125,742.4500122070312,-0.0020876661963560306,0.0068790635812119305,-0.008966729777567961,8.040224290392398e-05
2023-01-25,740.3499755859375,742.5,731.2000122070312,740.0499877929688,868627.0,744.3470458984375,749.7828369140625,740.2415161132812,744.6830444335938,814119.0,740.9000244140625,-0.0011473027305755057,0.0051059790725787035,-0.006253281803154209,3.910353330965956e-05
2023-01-27,740.0499877929688,745.9000244140625,725.7000122070312,735.25,772860.0,743.0301513671875,749.2415771484375,739.3385009765625,745.2674560546875,690231.0,740.0499877929688,-0.006486031852096397,0.007050156540477248,-0.013536188392573645,0.00018322839619924546
2023-01-30,736.0,740.3499755859375,727.5499877929688,735.6500244140625,1295677.0,740.261474609375,747.7996826171875,736.3323364257812,743.6677856445312,668877.9375,735.25,0.0005440658470758919,0.011448875409087123,-0.01090480956201123,0.00011891487158373157
2023-01-31,736.0,739.4000244140625,725.0499877929688,729.5,2189899.0,738.14208984375,745.3876342773438,733.912353515625,741.1239013671875,724015.875,735.6500244140625,-0.008359986691988341,0.007440871027612372,-0.015800857719600714,0.00024966710467506546
2023-02-01,737.25,748.4000244140625,731.25,740.7999877929688,933031.0,734.5127563476562,747.072998046875,729.2543334960938,740.765869140625,1863182.5,729.5,0.015490044952664483,0.015443275038553805,4.67699141106781e-05,2.1874248659202065e-09
2023-02-02,738.7999877929688,742.75,732.7999877929688,737.1500244140625,704702.0,741.4923095703125,752.37451171875,737.5980224609375,747.4583129882812,1260862.5,740.7999877929688,-0.0049270564782005755,0.008988020120180185,-0.01391507659838076,0.00019362935673880387
2023-02-03,737.1500244140625,741.0,720.4500122070312,726.5999755859375,1752697.0,739.4843139648438,746.7029418945312,734.976806640625,741.52685546875,941338.6875,737.1500244140625,-0.01431194258795676,0.005937503777696307,-0.020249446365653068,0.00041004007811546025
2023-02-06,728.4000244140625,732.5,721.0,729.75,852170.0,733.1494750976562,741.4989624023438,728.5725708007812,736.9800415039062,809032.4375,726.5999755859375,0.004335293861690959,0.014285805486847325,-0.009950511625156366,9.901268160237199e-05
2023-02-07,731.7999877929688,734.9500122070312,722.0,728.2000122070312,1244247.0,731.3339233398438,739.18359375,726.8223266601562,735.0309448242188,739202.25,729.75,-0.002123998345966105,0.0072366492966340346,-0.00936064764260014,8.762172428891555e-05
2023-02-08,731.8499755859375,731.8499755859375,721.0999755859375,724.4000244140625,1521104.0,728.5848999023438,734.6327514648438,723.9126586914062,729.925537109375,851657.75,728.2000122070312,-0.005218329757303519,0.0023695754921975176,-0.007587905249501037,5.757630607540539e-05
2023-02-09,724.5,726.3499755859375,720.7999877929688,721.9500122070312,688243.0,730.4857177734375,740.45458984375,722.5233154296875,732.4082641601562,1896994.25,724.4000244140625,-0.0033821260691052624,0.011054996516008275,-0.014437122585113538,0.0002084305085375954
2023-02-10,722.0,728.0,719.1500244140625,726.5999755859375,651630.0,722.9932250976562,725.0318603515625,716.4265747070312,719.3008422851562,775540.1875,721.9500122070312,0.006440838424105255,-0.003669464474107209,0.010110302898212464,0.00010221822469360335
2023-02-13,726.5999755859375,729.5,716.0,717.7999877929688,599763.0,727.5195922851562,733.9655151367188,723.0838623046875,730.107177734375,680280.0625,726.5999755859375,-0.012111186469380697,0.004826867969007553,-0.01693805443838825,0.0002868976881578039
2023-02-14,718.0,723.75,715.0,721.0,563171.0,725.1685791015625,736.4848022460938,720.922607421875,731.8042602539062,1132742.5,717.7999877929688,0.004458083395724843,0.019509992615069027,-0.015051909219344184,0.00022655997114737843
2023-02-15,721.0499877929688,729.7999877929688,717.2000122070312,728.0999755859375,727403.0,723.056884765625,726.0548706054688,717.9208374023438,721.3821411132812,593950.0,721.0,0.009847400257888328,0.0005300154137048985,0.00931738484418343,8.681366033461907e-05
2023-02-16,732.2000122070312,735.5,728.0999755859375,732.5999755859375,837121.0,729.667724609375,735.5267944335938,724.6753540039062,730.6821899414062,860105.375,728.0999755859375,0.00618046992293686,0.003546510701900152,0.002633959221036708,6.9377411780843015e-06
2023-02-17,731.2000122070312,734.7999877929688,724.1500244140625,726.25,624402.0,735.0191650390625,736.926025390625,728.0345458984375,731.4085083007812,653593.0625,732.5999755859375,-0.00866772563138396,-0.001626354524791429,-0.007041371106592531,4.9580907060756126e-05
2023-02-20,726.9500122070312,729.4500122070312,718.5999755859375,721.7999877929688,1316763.0,732.85009765625,737.72607421875,727.4349365234375,732.630126953125,844343.125,726.25,-0.006127383417598997,0.008785028506884673,-0.01491241192448367,0.00022238002940548276
2023-02-21,725.4500122070312,730.0,722.0499877929688,726.2000122070312,673449.0,723.1996459960938,727.7286376953125,719.00244140625,724.1666870117188,568968.6875,721.7999877929688,0.006095905359483789,0.0032788850911269485,0.00281702026835684,7.935603192333244e-06
2023-02-22,726.0,734.0,719.8499755859375,721.4500122070312,1690647.0,728.8789672851562,734.1944580078125,723.8826904296875,729.414306640625,867365.25,726.2000122070312,-0.006540897714341853,0.0044261833924030825,-0.010967081106744936,0.00012027686800192172
2023-02-23,722.9500122070312,724.9500122070312,715.0,716.0999755859375,1165270.0,723.97607421875,729.0462646484375,719.48095703125,725.084716796875,744113.25,721.4500122070312,-0.007415671953108882,0.0050380546515269575,-0.01245372660463584,0.00015509530634301452
2023-02-24,717.0,721.3499755859375,713.5999755859375,716.1500244140625,1040351.0,719.7412719726562,726.4891357421875,715.5603637695312,722.4498291015625,731762.0625,716.0999755859375,6.989083903263804e-05,0.008867272353178635,-0.008797381514145997,7.739392150543771e-05
2023-02-27,720.0,720.5,700.0,710.2999877929688,1064436.0,717.9552001953125,729.6697998046875,713.276123046875,723.992431640625,1551951.25,716.1500244140625,-0.00816873060345158,0.010950788185728255,-0.019119518789179835,0.00036555599872980073
2023-02-28,712.0,717.75,705.5499877929688,715.2999877929688,2395442.0,715.4989624023438,727.9828491210938,710.20751953125,722.219970703125,1526568.5,710.2999877929688,0.007039279298787449,0.016781617788272474,-0.009742338489485025,9.491315924370136e-05
2023-03-01,712.9500122070312,716.9000244140625,709.5499877929688,715.25,991540.0,711.2350463867188,723.5140380859375,698.1044311523438,713.6474609375,2384070.75,715.2999877929688,-6.988367652982497e-05,-0.002310257072095756,0.002240373395565931,5.01927295155962e-06
2023-03-02,716.8499755859375,718.3499755859375,705.8499755859375,707.3499755859375,969963.0,715.3933715820312,725.1231079101562,708.5218505859375,717.62060546875,1727946.625,715.25,-0.011045123263282108,0.0033143732523592817,-0.01435949651564139,0.00020619514018271721
2023-03-03,709.0,713.25,706.2000122070312,709.8499755859375,873264.0,711.61474609375,716.8908081054688,707.5599975585938,712.772216796875,787965.3125,707.3499755859375,0.003534318351999799,0.007665570648314413,-0.004131252296314614,1.706724553580477e-05
2023-03-06,713.0,718.75,709.9500122070312,713.5999755859375,739338.0,710.4197387695312,718.2753295898438,706.80712890625,714.404541015625,708952.125,709.8499755859375,0.005282806408360541,0.006416236650466756,-0.0011334302421062148,1.2846641137209526e-06
2023-03-08,713.0,723.2000122070312,710.7999877929688,720.5,1026628.0,716.4562377929688,721.0308227539062,712.0679931640625,716.7234497070312,667632.25,713.5999755859375,0.009669317054554094,0.004377065902404276,0.005292251152149818,2.800792225743108e-05
2023-03-09,722.8499755859375,722.8499755859375,708.0999755859375,709.25,905544.0,720.5781860351562,728.293212890625,716.311767578125,723.7086791992188,758273.875,720.5,-0.015614156835530912,0.004453406244578462,-0.020067563080109374,0.00040270708797416884
2023-03-10,707.0,710.2000122070312,701.3499755859375,704.4000244140625,970983.0,714.611083984375,723.6814575195312,709.6167602539062,718.09375,1393261.375,709.25,-0.006838174953736287,0.012469157560803579,-0.019307332514539866,0.00037277308882700827
2023-03-13,705.0,707.2999877929688,691.75,694.1500244140625,1158330.0,704.5274658203125,707.0926513671875,698.119384765625,700.742431640625,757575.875,704.4000244140625,-0.014551390750626725,-0.005192493819800692,-0.009358896930826033,8.758895176182494e-05
2023-03-14,696.0,700.0,689.4500122070312,693.2999877929688,1501579.0,696.1051635742188,701.8731079101562,692.2098388671875,697.0624389648438,604371.875,694.1500244140625,-0.001224571909813399,0.004195655763665318,-0.005420227673478717,2.9378868032344505e-05
2023-03-15,696.0,699.9500122070312,686.5999755859375,687.5499877929688,1119482.0,698.0444946289062,704.5535278320312,693.8290405273438,699.4246215820312,1045595.25,693.2999877929688,-0.008293668110833763,0.008834031295110067,-0.01712769940594383,0.00029335808694036866
2023-03-16,689.0,696.4500122070312,689.0,694.0,974834.0,697.35205078125,701.1275634765625,691.572265625,694.6886596679688,863398.25,687.5499877929688,0.009381153838335043,0.010382767801240256,-0.0010016139629052123,1.003230530686684e-06
2023-03-17,698.0,708.6500244140625,694.4000244140625,706.2000122070312,2111478.0,696.931396484375,700.958251953125,691.731689453125,694.8934326171875,716095.9375,694.0,0.017579268309843243,0.001287366883555574,0.01629190142628767,0.0002654260520838742
2023-03-20,691.0,706.75,691.0,702.5999755859375,1018438.0,706.8431396484375,710.3954467773438,700.5435180664062,704.36474609375,777520.375,706.2000122070312,-0.005097757800715419,-0.0025987908263349624,-0.0024989669743804566,6.244835939044213e-06
2023-03-21,704.0999755859375,706.0,700.0,700.9000244140625,721243.0,704.480712890625,711.1898193359375,699.3126220703125,705.316650390625,920228.375,702.5999755859375,-0.0024195149885357647,0.0038666024752163075,-0.006286117463752072,3.9515272768088786e-05
2023-03-22,701.0,716.2000122070312,701.0,710.9000244140625,776214.0,705.4202270507812,709.85888671875,700.7753295898438,704.798828125,690621.5625,700.9000244140625,0.014267370026645132,0.005562567520520201,0.008704802506124931,7.577358667063889e-05
2023-03-23,711.5499877929688,713.9500122070312,705.7999877929688,707.1500244140625,587643.0,712.9598388671875,716.1803588867188,704.2994995117188,707.8535766601562,686838.625,710.9000244140625,-0.0052750033355123405,-0.004285339216885231,-0.0009896641186271093,9.79435067697973e-07
2023-03-24,707.0,709.7000122070312,698.8499755859375,702.3499755859375,960470.0,712.0755004882812,718.599853515625,708.3717651367188,714.0032348632812,707060.75,707.1500244140625,-0.006787879038966715,0.009691310489449823,-0.016479189528416538,0.0002715636875134733
2023-03-27,706.9000244140625,707.4000244140625,697.2000122070312,699.3499755859375,3695292.0,705.584228515625,710.5540771484375,700.9450073242188,705.2486572265625,703770.625,702.3499755859375,-0.004271374819223461,0.004127118589570378,-0.008398493408793839,7.053469153755355e-05
2023-03-28,690.0,699.6500244140625,690.0,696.0499877929688,1113702.0,702.0484008789062,705.3511962890625,692.129150390625,694.2559204101562,1267045.375,699.3499755859375,-0.004718650043855299,-0.007283985634679246,0.0025653355908239472,6.5809466935480505e-06
2023-03-29,696.0499877929688,703.0,694.7999877929688,697.5499877929688,1160832.0,698.1289672851562,705.453125,694.0432739257812,700.3836059570312,731732.125,696.0499877929688,0.0021550176371041285,0.0062260157173532615,-0.004070998080249133,1.6573025369392126e-05
2023-03-31,700.1500244140625,711.0,698.5499877929688,708.8499755859375,972962.0,701.0287475585938,705.1448364257812,695.6239624023438,698.8409423828125,958863.375,697.5499877929688,0.01619953837103716,0.001850698319024069,0.01434884005201309,0.000205889210838255
2023-04-03,710.0,718.5,709.2999877929688,717.0499877929688,797533.0,708.8416137695312,716.5443725585938,704.4437255859375,710.5957641601562,1249316.0,708.8499755859375,0.01156805034838726,0.0024628463487998964,0.009105203999587363,8.290473987410171e-05
2023-04-05,717.0,728.4000244140625,715.0,727.4000244140625,947741.0,717.0720825195312,723.2758178710938,712.9373168945312,717.9777221679688,854486.125,717.0499877929688,0.014434191196279755,0.0012938210596105115,0.013140370136669244,0.00017266932732866889
2023-04-06,727.2999877929688,731.4500122070312,722.5,730.5,738748.0,725.2119750976562,731.4951171875,721.2877197265625,727.16357421875,787354.3125,727.4000244140625,0.004261720486515852,-0.00032506212177130234,0.004586782608287154,2.103857469568551e-05
2023-04-10,727.0,730.6500244140625,720.0,720.6500244140625,916628.0,727.9166870117188,733.3447265625,723.1094970703125,728.2716674804688,911933.25,730.5,-0.013483881705595446,-0.0030504209712953756,-0.01043346073430007,0.00010885710289418137
2023-04-11,725.9500122070312,725.9500122070312,715.7000122070312,717.2999877929688,776167.0,720.9967041015625,726.802978515625,717.18603515625,722.7764892578125,656088.5625,720.6500244140625,-0.004648631801292935,0.002950759414015014,-0.007599391215307949,5.775074684329963e-05
2023-04-12,720.9000244140625,723.5999755859375,716.3499755859375,718.4000244140625,702063.0,722.4342651367188,727.7587280273438,718.6124877929688,723.8004760742188,659960.875,717.2999877929688,0.0015335795898705484,0.009062440250767523,-0.007528860660896974,5.6683742851202025e-05
2023-04-13,722.0,723.7000122070312,717.6500244140625,719.5999755859375,502380.0,719.3991088867188,723.2154541015625,714.7589111328125,718.2554931640625,727070.625,718.4000244140625,0.0016703105945099495,-0.00020118491799592242,0.0018714955125058719,3.502495453329616e-06
2023-04-17,717.0,719.25,711.5,713.2000122070312,1180651.0,719.9848022460938,725.9937744140625,716.7757568359375,722.0001831054688,713100.75,719.5999755859375,-0.008893779316341721,0.0033354747095104553,-0.012229254025852176,0.00014955465402882167
2023-04-18,716.2000122070312,719.9000244140625,706.7000122070312,707.0499877929688,1323608.0,712.906005859375,716.8428955078125,705.1720581054688,709.145751953125,689991.0625,713.2000122070312,-0.008623141206953955,-0.005684604857703501,-0.0029385363492504535,8.634995875866183e-06
2023-04-19,708.0,708.9000244140625,698.25,700.8499755859375,1235220.0,712.4072265625,716.8543701171875,708.134765625,712.1378173828125,632741.375,707.0499877929688,-0.008768845646096923,0.007195855565637288,-0.01596470121173421,0.0002548716847799478
2023-04-20,699.0,704.4000244140625,696.4500122070312,703.4000244140625,1263116.0,702.1832275390625,708.3848876953125,695.6796875,701.4203491210938,714219.0,700.8499755859375,0.0036385088349228933,0.0008138311407934751,0.0028246776941294183,7.978804075712287e-06
2023-04-21,703.4000244140625,705.0,697.0,700.4000244140625,966029.0,704.1485595703125,708.833740234375,696.6529541015625,701.1177368164062,727274.75,703.4000244140625,-0.004264998430301481,-0.0032446510071668655,-0.0010203474231346155,1.04110886389745e-06
2023-04-24,706.0,735.0,706.0,732.5499877929688,6009290.0,704.1497192382812,708.6295166015625,698.7755737304688,702.064208984375,1110962.125,700.4000244140625,0.04590228763313098,0.002376048704031186,0.04352623892909979,0.0018945334753130822
2023-04-25,736.0,738.0,728.3499755859375,734.4500122070312,1783879.0,710.3423461914062,734.5956420898438,687.6549072265625,728.9962158203125,1681496.875,732.5499877929688,0.002593712983037344,-0.004851234771517832,0.007444947754555176,5.5427247068056155e-05
2023-04-26,733.9500122070312,749.0,724.0,746.7000122070312,3725680.0,737.0701904296875,744.5115356445312,732.2015991210938,739.5579833984375,1088216.0,734.4500122070312,0.01667914738429732,0.0069548248437723,0.009724322540525021,9.4562448872163e-05
2023-04-27,743.0,755.25,742.1500244140625,754.0,1664942.0,743.06103515625,750.3545532226562,735.3265380859375,743.0382080078125,1712013.875,746.7000122070312,0.009776332762325923,-0.004903983044536875,0.014680315806862798,0.00021551167218922574
2023-04-28,758.0,765.0,751.5,763.8499755859375,1261145.0,749.4000854492188,755.28759765625,743.6829833984375,750.2593383789062,1361286.5,754.0,0.013063628098060276,-0.004961089683148234,0.01802471778120851,0.00032489045109221424
2023-05-02,767.9500122070312,783.0499877929688,764.9500122070312,779.5999755859375,1438425.0,765.2172241210938,779.0654296875,758.0537719726562,771.3574829101562,2165528.25,763.8499755859375,0.02061923218354278,0.009828510262712031,0.010790721920830748,0.00011643967957269723
2023-05-03,777.9000244140625,786.8499755859375,774.7000122070312,781.4000244140625,1189150.0,780.2468872070312,789.3539428710938,773.52392578125,783.4791259765625,1443979.625,779.5999755859375,0.002308939051431036,0.004975821590693874,-0.002666882539262838,7.112262478225003e-06
2023-05-04,773.0,782.6500244140625,768.9000244140625,775.5,1001352.0,780.3999633789062,784.1014404296875,771.9728393554688,777.8662109375,1205114.875,781.4000244140625,-0.007550581302434245,-0.004522412805415987,-0.0030281684970182576,9.169804446333814e-06
2023-05-05,777.9000244140625,782.2000122070312,775.0,776.25,617459.0,773.8234252929688,778.0087890625,767.1861572265625,772.54248046875,1039461.125,775.5,0.0009671179883945502,-0.0038136937862669473,0.0047808117746614975,2.285616122474202e-05
2023-05-08,776.7999877929688,789.7999877929688,776.4000244140625,788.9000244140625,1048005.0,776.1682739257812,779.8804321289062,769.7394409179688,774.9744262695312,817590.75,776.25,0.016296327747584494,-0.0016432511825684726,0.017939578930152966,0.0003218284921911882
2023-05-09,789.6500244140625,792.2000122070312,785.0,789.0,652399.0,787.7200927734375,792.870849609375,781.979248046875,788.6026000976562,950744.125,788.9000244140625,0.00012672782715617004,-0.00037701141741897093,0.000503739244575141,2.537532265251337e-07
2023-05-10,789.0,792.0,784.7999877929688,791.1500244140625,476497.0,789.8431396484375,793.385986328125,783.2266845703125,788.385986328125,704281.3125,789.0,0.0027249992573670223,-0.000778217581590579,0.0035032168389576013,1.2272528220756088e-05
2023-05-11,791.1500244140625,791.5,786.0,789.4500122070312,968940.0,783.9609985351562,786.6979370117188,777.3799438476562,782.0479125976562,623649.75,791.1500244140625,-0.0021487861398857833,-0.011504912514092913,0.00935612637420713,8.753710073013426e-05
2023-05-12,788.0,795.25,784.7999877929688,789.0499877929688,747655.0,790.6424560546875,795.48681640625,786.239501953125,792.2018432617188,590850.8125,789.4500122070312,-0.0005067127846944963,0.003485757188088856,-0.003992469972783352,1.5939816483576703e-05
2023-05-15,789.0,791.4000244140625,784.2000122070312,786.9500122070312,803643.0,790.0836181640625,796.5545043945312,785.559326171875,792.2559814453125,770404.375,789.0499877929688,-0.0026613973999433105,0.004063105889287488,-0.006724503289230799,4.5218944486875834e-05
2023-05-16,787.5,789.7000122070312,784.7999877929688,786.25,658173.0,788.9869995117188,797.2388305664062,784.6957397460938,793.4815673828125,1018107.875,786.9500122070312,-0.0008895256320894385,0.008299834899885505,-0.009189360531974944,8.444434698661882e-05
2023-05-17,786.25,786.5999755859375,772.8499755859375,778.25,907649.0,784.7914428710938,789.43603515625,779.3408813476562,784.9647216796875,934207.25,786.25,-0.010174880763116012,-0.0016346942070747383,-0.008540186556041274,7.293478641198812e-05
2023-05-18,783.4000244140625,786.0,775.0,776.2999877929688,1004449.0,775.8250122070312,783.5165405273438,772.8995971679688,780.6902465820312,839679.0,778.25,-0.0025056372721249387,0.0031355561606569715,-0.00564119343278191,3.182306334606175e-05
2023-05-19,771.9000244140625,771.9000244140625,756.4500122070312,765.4500122070312,1233831.0,779.4559326171875,784.4254150390625,774.7186279296875,780.7626953125,681573.75,776.2999877929688,-0.013976524225878362,0.005748689410930874,-0.019725213636809236,0.00038908405301776503
2023-05-22,765.4500122070312,768.0,760.2000122070312,766.0999755859375,548104.0,763.7592163085938,767.466552734375,753.4581909179688,759.3619384765625,1364782.875,765.4500122070312,0.0008491258325702411,-0.007953587606478574,0.008802713439048815,7.748776389001061e-05
2023-05-23,766.0499877929688,771.5499877929688,762.0499877929688,770.0499877929688,826476.0,762.9434814453125,776.9292602539062,758.5245361328125,765.7526245117188,1045874.0,766.0999755859375,0.005156000956676898,-0.0004534017560215986,0.005609402712698497,3.146539879322926e-05
2023-05-24,767.4000244140625,774.5999755859375,765.5499877929688,771.1500244140625,861728.0,767.3428344726562,774.1000366210938,763.29638671875,770.8106689453125,685520.3125,770.0499877929688,0.001428526249635409,0.000987833471076227,0.0004406927785591819,1.9421012507421212e-07
2023-05-25,765.0499877929688,782.4500122070312,765.0499877929688,780.2999877929688,980266.0,770.2213134765625,773.8521728515625,764.8582153320312,769.586181640625,773166.125,771.1500244140625,0.011865347972800144,-0.0020279358411817716,0.013893283813981916,0.0001930233351358519
2023-05-26,784.0,791.0,781.1500244140625,789.7000122070312,961268.0,770.4441528320312,798.8112182617188,770.5322875976562,788.077880859375,1593348.625,780.2999877929688,0.012046680201354132,0.009967824154919702,0.0020788560464344297,4.321642461796988e-06
2023-05-29,791.0,797.0,790.25,794.25,1171159.0,787.3851318359375,797.7422485351562,783.6213989257812,794.3118286132812,1112490.0,789.7000122070312,0.005761666104388885,0.005839959902445679,-7.829379805679437e-05,6.1299188141580985e-09
2023-05-30,792.5499877929688,797.0,788.25,790.9000244140625,601270.0,793.3889770507812,800.7296752929688,790.72509765625,798.4141845703125,674299.75,794.25,-0.004217784810749081,0.005242914158404055,-0.009460698969153136,8.950482498493521e-05
2023-05-31,787.0499877929688,800.0,787.0499877929688,798.6500244140625,2201928.0,792.101318359375,795.1007080078125,785.8156127929688,790.2962036132812,661197.5,790.9000244140625,0.009798962903992292,-0.0007634603390340722,0.010562423243026364,0.00011156478476482358
2023-06-01,798.9000244140625,801.4500122070312,789.3499755859375,793.6500244140625,703293.0,796.0694580078125,799.0222778320312,787.3768310546875,792.4067993164062,882576.5,798.6500244140625,-0.006260564511555988,-0.007817222696808512,0.001556658185252524,2.4231847057136814e-06
2023-06-02,795.5,799.8499755859375,793.0,796.0499877929688,697200.0,794.8836669921875,799.7071533203125,790.6077880859375,796.565185546875,594725.375,793.6500244140625,0.003023956788356541,0.0036731065874593405,-0.0006491497991027995,4.213954616752049e-07
2023-06-05,796.9500122070312,800.4500122070312,790.5999755859375,792.4500122070312,774985.0,797.2445678710938,801.7249755859375,791.2176513671875,797.240234375,942969.0,796.0499877929688,-0.004522298399775582,0.0014951907547051668,-0.0060174891544807485,3.6210175724293434e-05
2023-06-06,792.9500122070312,795.9500122070312,784.4500122070312,792.0999755859375,744002.0,792.08642578125,793.924072265625,783.2142333984375,787.459228515625,755328.125,792.4500122070312,-0.0004417144497466108,-0.006297916101365875,0.005856201651619264,3.4295097784428195e-05
2023-06-07,794.0,824.0,791.5,823.0999755859375,3971089.0,791.1869506835938,794.3635864257812,785.0253295898438,790.1085815429688,785508.25,792.0999755859375,0.03913647387385466,-0.0025140690624256834,0.041650542936280344,0.0017347677268869325
2023-06-08,824.7999877929688,824.7999877929688,805.2000122070312,807.0999755859375,1117198.0,817.1836547851562,821.623046875,810.4918823242188,816.7293701171875,887046.75,823.0999755859375,-0.019438707902536545,-0.007739771179333332,-0.011698936723203213,0.00013686512045351274
2023-06-09,810.7000122070312,811.8499755859375,799.0,801.0,835145.0,813.4797973632812,820.69677734375,808.330810546875,816.87939453125,790324.375,807.0999755859375,-0.007557893409064986,0.012116738001649585,-0.01967463141071457,0.00038709112114747643
2023-06-12,802.9500122070312,807.8499755859375,799.3499755859375,800.75,3168760.0,805.7089233398438,809.3026123046875,799.1683349609375,804.7914428710938,767175.75,801.0,-0.0003121098626716057,0.004733386855298116,-0.005045496717969722,2.5457037131043236e-05
2023-06-13,802.3499755859375,821.0999755859375,802.3499755859375,819.9000244140625,2697513.0,804.4632568359375,808.1320190429688,796.9793090820312,802.2428588867188,835992.8125,800.75,0.02391511010185754,0.0018643258029582555,0.022050784298899284,0.0004862370881965832
2023-06-14,822.7999877929688,865.0,816.0,862.5,7652583.0,814.1829833984375,817.5648803710938,804.6063842773438,809.8706665039062,958242.25,819.9000244140625,0.051957524475476635,-0.012232415674488739,0.06418994014996537,0.004120348416456137
2023-06-15,864.0,872.4000244140625,856.0,865.0,3106263.0,856.5527954101562,860.7582397460938,795.031005859375,824.857177734375,5798244.0,862.5,0.0028985507246377384,-0.0436438519021739,0.04654240262681164,0.002166195242276243
2023-06-16,868.0,870.4500122070312,852.0499877929688,862.75,1754715.0,842.785400390625,847.3527221679688,830.622314453125,838.3369140625,1012188.125,865.0,-0.0026011560693641744,-0.03082437680635841,0.028223220736994237,0.0007965501887691015
2023-06-19,866.4500122070312,870.0,854.8499755859375,857.0,1308412.0,835.5756225585938,847.8718872070312,788.8989868164062,814.9796142578125,5467672.0,862.75,-0.006664734859461063,-0.05536990523580121,0.048705170376340146,0.0023721936213883217
2023-06-20,857.0,867.0,847.2999877929688,858.9000244140625,1178858.0,858.6580810546875,862.8054809570312,848.5425415039062,856.1876220703125,1076123.0,857.0,0.00221706466051641,-0.0009479322400087753,0.0031649969005251855,1.0017205380334031e-05
2023-06-21,859.0,877.2000122070312,853.0499877929688,860.1500244140625,1439299.0,848.2840576171875,855.093017578125,841.3588256835938,850.556640625,880975.625,858.9000244140625,0.0014553498247398267,-0.009714033708119074,0.0111693835328589,0.00012475512850409958
2023-06-22,862.0,862.0,840.5999755859375,841.9000244140625,988651.0,859.451171875,865.7635498046875,850.5493774414062,858.864013671875,903714.75,860.1500244140625,-0.021217228950765832,-0.001495100512336256,-0.019722128438429576,0.0003889623501419126
2023-06-23,842.0,846.2000122070312,831.6500244140625,840.8499755859375,806171.0,846.126953125,851.96728515625,832.3567504882812,839.639892578125,1156325.375,841.9000244140625,-0.001247236961248177,-0.0026845608390503317,0.0014373238778021546,2.065899929700223e-06
2023-06-26,854.0,866.0,847.8499755859375,862.5499877929688,3022935.0,837.4278564453125,841.802001953125,824.5647583007812,831.68994140625,1299357.25,840.8499755859375,0.025807234152453784,-0.01089377944419212,0.036701013596645904,0.0013469643990211876
2023-06-27,863.9500122070312,868.0999755859375,852.5999755859375,854.2000122070312,1131450.0,863.0057983398438,867.8843383789062,846.2003784179688,853.3735961914062,1568609.5,862.5499877929688,-0.009680570058673177,-0.010638678026119286,0.000958107967446109,9.179708772837144e-07
2023-06-28,854.5,860.0,851.0,854.9500122070312,914411.0,858.690673828125,863.5459594726562,849.3038330078125,856.3527221679688,827935.125,854.2000122070312,0.0008780145039593013,0.00252014742469453,-0.0016421329207352287,2.6966005293624126e-06
2023-06-30,850.0499877929688,863.5499877929688,850.0499877929688,860.9000244140625,1394632.0,854.9830932617188,866.9650268554688,843.3529052734375,845.5911865234375,1868856.0,854.9500122070312,0.006959485492808559,-0.010946634949374645,0.017906120442183204,0.00032062914928997124
2023-07-03,866.9500122070312,866.9500122070312,856.4500122070312,858.8499755859375,1226135.0,853.734130859375,864.6009521484375,848.643798828125,859.968017578125,873189.0625,860.9000244140625,-0.0023812855964550073,-0.001082595899067229,-0.0012986896973877782,1.686594930101159e-06
2023-07-04,858.6500244140625,861.7000122070312,852.2000122070312,855.5499877929688,759030.0,854.7789306640625,857.783203125,840.3862915039062,846.701171875,1121123.375,858.8499755859375,-0.0038423332209066574,-0.014145431747435433,0.010303098526528776,0.00010615383924735943
2023-07-05,859.0,861.25,841.1500244140625,845.9000244140625,2537154.0,855.9925537109375,862.1055297851562,848.1909790039062,854.7529296875,907431.125,855.5499877929688,-0.011279251378168875,-0.0009316324198950232,-0.010347618958273852,0.00010707321810562844
2023-07-06,845.9000244140625,847.5499877929688,841.4000244140625,845.0499877929688,2363769.0,830.50341796875,840.8443603515625,807.7772216796875,820.1654052734375,3649642.0,845.9000244140625,-0.0010048901720773884,-0.030422766754795716,0.029417876582718328,0.0008654114626360474
2023-07-07,845.0499877929688,852.5,831.7999877929688,833.25,1811594.0,847.1846313476562,848.3944091796875,831.8466186523438,837.5509643554688,1880641.375,845.0499877929688,-0.013963656545084357,-0.008874058985652855,-0.005089597559431502,2.5904003316971106e-05
2023-07-10,841.5,841.5,822.0,825.6500244140625,1177214.0,837.4412231445312,842.6365966796875,827.75341796875,834.0713500976562,1198940.75,833.25,-0.009120882791404106,0.0009857186890565028,-0.010106601480460609,0.00010214339348484856
2023-07-11,826.0,843.0,825.75,840.2999877929688,2167322.0,827.444091796875,833.0404663085938,819.6714477539062,826.4618530273438,945355.125,825.6500244140625,0.01774355107577552,0.0009832599639991724,0.01676029111177635,0.00028090735815148926
2023-07-12,844.9500122070312,847.7999877929688,838.7999877929688,843.25,1435731.0,836.5643310546875,840.6204223632812,825.4508666992188,831.2053833007812,1220746.875,840.2999877929688,0.003510665535982449,-0.010823044893853107,0.014333710429835556,0.0002054552546863766
2023-07-13,847.0,849.0,835.2000122070312,837.3499755859375,985928.0,841.4905395507812,848.9515991210938,835.4884643554688,843.4490966796875,981130.5,843.25,-0.006996767760524714,0.00023610635005932856,-0.007232874110584042,5.2314467899556896e-05
2023-07-14,838.9500122070312,852.75,833.5999755859375,851.5,1705168.0,844.361572265625,849.6151123046875,838.5206298828125,843.679443359375,683148.375,837.3499755859375,0.016898578642891904,0.00755892751893672,0.009339651123955184,8.722908311719733e-05
2023-07-17,855.0999755859375,860.7000122070312,849.3499755859375,852.5999755859375,1200820.0,847.7987670898438,852.7392578125,841.3275146484375,846.8888549804688,728554.625,851.5,0.0012918092612301812,-0.00541532004642542,0.0067071293076556016,4.498558354961271e-05
2023-07-18,854.2000122070312,863.0,848.4500122070312,858.7000122070312,1412514.0,856.507568359375,862.6185913085938,849.8404541015625,856.4158325195312,1044137.6875,852.5999755859375,0.007154629129447976,0.004475553651020592,0.002679075478427384,7.177445419110916e-06
2023-07-19,864.9500122070312,864.9500122070312,854.4000244140625,860.4500122070312,952601.0,856.6673583984375,861.6060791015625,849.01904296875,855.548828125,947122.8125,858.7000122070312,0.002037964335766196,-0.00366971472835087,0.005707679064117066,3.257760029896027e-05
2023-07-20,860.0,875.0,854.5499877929688,873.0999755859375,1381298.0,856.2540283203125,861.5730590820312,849.5029907226562,856.2672119140625,896084.75,860.4500122070312,0.014701566853906334,-0.004861177562471064,0.019562744416377398,0.00038270096910050506
2023-07-21,873.7000122070312,876.4000244140625,849.5999755859375,852.3499755859375,1230534.0,869.19482421875,881.1382446289062,864.61083984375,876.927490234375,919148.125,873.0999755859375,-0.02376589231499482,0.004383821733437543,-0.02814971404843236,0.0007924064010085103
2023-07-24,854.0,867.0,848.9000244140625,863.0999755859375,1149904.0,856.1585693359375,860.4613647460938,848.0304565429688,853.6513671875,836928.375,852.3499755859375,0.012612190189376093,0.0015268277571873767,0.011085362432188717,0.00012288526025298094
2023-07-25,863.0999755859375,869.5,856.0,868.5499877929688,873678.0,857.8164672851562,861.826904296875,849.5147705078125,854.75,835575.4375,863.0999755859375,0.006314462242142271,-0.009674401369631491,0.015988863611773763,0.0002556437595959031
2023-07-26,873.9500122070312,883.9500122070312,869.5499877929688,873.9000244140625,1940116.0,858.92138671875,864.59765625,851.1514282226562,857.49951171875,821160.0,868.5499877929688,0.006159733689811597,-0.012722901651635032,0.01888263534144663,0.00035655391743804926
2023-07-27,875.9500122070312,880.0,847.7000122070312,850.0499877929688,3203072.0,871.8248291015625,876.4714965820312,863.973876953125,869.8068237304688,712964.375,873.9000244140625,-0.02729149325414526,-0.004683831753338308,-0.022607661500806953,0.0005111063585350689
2023-07-28,854.25,860.4000244140625,842.0,859.3499755859375,2365708.0,855.6785888671875,860.5651245117188,843.1476440429688,848.9698486328125,1218332.375,850.0499877929688,0.010940518706570312,-0.0012706772256543264,0.012211195932224639,0.00014911330609517956
2023-07-31,859.3499755859375,860.8499755859375,852.5,859.2999877929688,1454789.0,853.4241943359375,858.0203247070312,841.6810302734375,847.45703125,1223831.375,859.3499755859375,-5.816930748692162e-05,-0.013839465495799286,0.013781296188312364,0.0001899241246299929
2023-08-01,861.9000244140625,863.2999877929688,853.0999755859375,856.75,987812.0,860.723388671875,864.30029296875,851.665771484375,857.5626220703125,1070650.75,859.2999877929688,-0.002967517548229215,-0.0020218384118897426,-0.0009456791363394723,8.943090289077703e-07
2023-08-02,855.0,855.0,838.2000122070312,843.0499877929688,1604731.0,863.0482788085938,867.337646484375,855.4425048828125,861.33984375,841097.75,856.75,-0.015990676634994205,0.005357273125182305,-0.02134794976017651,0.00045573495896302033
2023-08-03,840.0,841.6500244140625,832.5499877929688,835.4000244140625,1375222.0,845.3001708984375,852.0361938476562,838.1363525390625,846.4744873046875,1004257.8125,843.0499877929688,-0.009074151580184653,0.004062036132262747,-0.0131361877124474,0.00017255942761665405
2023-08-04,837.0499877929688,841.5999755859375,832.2999877929688,834.7999877929688,887582.0,831.8697509765625,835.5464477539062,822.2691040039062,828.4618530273438,934679.125,835.4000244140625,-0.0007182626329399477,-0.008305208503656791,0.0075869458707168436,5.7561747645187364e-05
2023-08-07,836.9500122070312,840.6500244140625,829.5,837.7999877929688,1106208.0,837.1480102539062,841.0503540039062,830.1985473632812,835.2858276367188,753253.25,834.7999877929688,0.003593675184317302,0.0005819835300122644,0.0030116916543050376,9.070286620610614e-06
2023-08-08,839.0,853.0999755859375,833.75,847.4500122070312,1252297.0,836.9049072265625,840.1656494140625,828.7487182617188,833.803466796875,932185.625,837.7999877929688,0.011518291423569638,-0.004770256689334507,0.016288548112904144,0.0002653167996263932
2023-08-09,851.0,862.4500122070312,847.6500244140625,860.2000122070312,1704615.0,850.3221435546875,852.89990234375,841.8578491210938,846.3894653320312,805942.0625,847.4500122070312,0.015045135189502012,-0.0012514565575826309,0.016296591747084643,0.0002655789025711473
2023-08-10,861.1500244140625,863.2000122070312,848.0,850.5499877929688,941390.0,855.99755859375,860.21337890625,849.0171508789062,854.2772216796875,660134.25,860.2000122070312,-0.011218349543268724,-0.006885364384205839,-0.004332985159062885,1.8774760388659217e-05
2023-08-11,849.7000122070312,853.8499755859375,835.0,836.9000244140625,909080.0,857.73095703125,860.158935546875,848.3587036132812,852.9974975585938,794027.8125,850.5499877929688,-0.016048396419739652,0.0028775613435441105,-0.018925957763283763,0.0003581918772576009
2023-08-14,838.8499755859375,845.9000244140625,829.6500244140625,844.7000122070312,754694.0,841.9471435546875,848.2008056640625,835.8553466796875,843.4620361328125,951550.75,836.9000244140625,0.00932009507160636,0.007840854973500955,0.0014792400981054055,2.1881512678428897e-06
2023-08-16,840.9000244140625,843.4500122070312,836.7999877929688,840.7000122070312,360863.0,845.9442138671875,850.6061401367188,839.8212280273438,846.069580078125,763689.5,844.7000122070312,-0.004735408952521225,0.0016213659894657173,-0.006356774941986942,4.0408587663073094e-05
2023-08-17,835.0,845.9500122070312,835.0,844.25,1105325.0,845.2969970703125,849.489501953125,839.28466796875,844.90234375,665664.6875,840.7000122070312,0.004222657001811125,0.004998610065362952,-0.0007759530635518264,6.021031568354646e-07
2023-08-18,845.0,848.9500122070312,835.5,842.5499877929688,1145798.0,842.89306640625,848.6422729492188,837.4112548828125,844.3264770507812,723011.3125,844.25,-0.0020136360166197464,9.058578712606291e-05,-0.0021042218037458094,4.4277493993592675e-06
2023-08-21,846.0,849.4000244140625,840.7999877929688,848.5,680778.0,842.7323608398438,848.5728149414062,837.1974487304688,844.2489013671875,743404.75,842.5499877929688,0.007061910026985085,0.002016394990010051,0.0050455150369750346,2.5457221988341185e-05
2023-08-22,847.0,851.5499877929688,844.0,848.7999877929688,782931.0,846.6317138671875,850.8759765625,840.5175170898438,846.4095458984375,698137.4375,848.5,0.0003535507283072281,-0.002463705482100731,0.002817256210407959,7.936932555082215e-06
2023-08-23,848.0,848.0,840.3499755859375,844.5499877929688,516482.0,849.5706176757812,856.5424194335938,844.6903686523438,852.94580078125,894538.4375,848.7999877929688,-0.005007068875025222,0.0048843226294819075,-0.00989139150450713,9.783962589543582e-05
2023-08-24,845.0,854.7999877929688,842.0999755859375,844.2000122070312,1482572.0,845.3738403320312,850.656982421875,840.0245361328125,846.639892578125,640815.3125,844.5499877929688,-0.0004143929796885937,0.002474577959106661,-0.0028889709387952545,8.346153085203533e-06
2023-08-25,840.0,846.1500244140625,830.1500244140625,832.5499877929688,1149261.0,843.6914672851562,846.6480102539062,835.4845581054688,840.554443359375,866086.5,844.2000122070312,-0.013800076102350789,-0.004318370996140408,-0.00948170510621038,8.9902731721136e-05
2023-08-28,832.5,842.9500122070312,828.25,841.7999877929688,649996.0,830.9392700195312,838.5623168945312,826.8609619140625,835.1221923828125,881550.875,832.5499877929688,0.011110443980091977,0.003089549729815566,0.008020894250276411,6.433474457411719e-05
2023-08-29,841.0,843.9500122070312,836.0,838.25,606053.0,838.6030883789062,846.4428100585938,834.1690673828125,842.9779663085938,855458.5625,841.7999877929688,-0.0042171392782698325,0.0013993567744203794,-0.005616496052690212,3.1545027909884734e-05
2023-08-30,841.0,849.2999877929688,838.7000122070312,848.3499755859375,604884.0,841.589111328125,848.6079711914062,836.5882568359375,844.5914916992188,675461.6875,838.25,0.012048882297569286,0.0075651556208991,0.0044837266766701855,2.0103804911083868e-05
2023-08-31,848.3499755859375,851.4500122070312,829.0499877929688,834.3499755859375,2025392.0,847.2072143554688,852.3659057617188,841.328369140625,847.9323120117188,655513.0,848.3499755859375,-0.01650262321317386,-0.0004923246139427739,-0.016010298599231088,0.0002563296612365409
2023-09-01,833.0,847.4000244140625,833.0,844.1500244140625,661741.0,834.22412109375,838.94580078125,826.88037109375,832.3374633789062,1026369.375,834.3499755859375,0.011745729148302297,-0.002412071991274356,0.014157801139576653,0.00020044333310779798
2023-09-04,844.0,849.0,837.0,846.0499877929688,705024.0,841.3509521484375,846.178466796875,835.5736083984375,841.4915161132812,659043.6875,844.1500244140625,0.0022507413658194864,-0.0031493315452150172,0.005400072911034504,2.916078744448866e-05
2023-09-05,847.0,852.4000244140625,843.0499877929688,846.2999877929688,745626.0,849.2503662109375,854.314697265625,843.3809204101562,849.8228759765625,668928.875,846.0499877929688,0.00029549081449919967,0.00445941520953852,-0.00416392439503932,1.7338266367603568e-05
2023-09-06,845.7999877929688,883.0,845.5,878.9000244140625,3618782.0,849.184326171875,851.539306640625,840.6099853515625,844.6851806640625,758347.875,846.2999877929688,0.03852066299340273,-0.0019080788753376154,0.04042874186874035,0.0016344831690892389
2023-09-07,865.7000122070312,866.9500122070312,854.0,858.7000122070312,3458930.0,875.1400146484375,880.1812744140625,864.5380859375,872.2024536132812,1619933.75,878.9000244140625,-0.02298328779828862,-0.00762040120006402,-0.015362886598224601,0.00023601828462990905
2023-09-08,864.0,864.8499755859375,851.75,853.0999755859375,901217.0,861.2290649414062,866.36572265625,852.6646728515625,858.8486328125,1268550.625,858.7000122070312,-0.006521528521585274,0.0001730762820031373,-0.006694604803588411,4.481773347622903e-05
2023-09-11,855.5,864.9500122070312,854.75,862.5999755859375,1039583.0,861.788330078125,865.02978515625,852.429931640625,857.5498046875,1088008.0,853.0999755859375,0.011135857779711156,0.005216069896738951,0.005919787882972205,3.504388857938454e-05
2023-09-12,867.0,874.0,856.0,864.75,1795152.0,863.052978515625,865.7760620117188,854.5381469726562,859.6987915039062,926217.375,862.5999755859375,0.0024924930152032676,-0.003363301836474708,0.005855794851677976,3.429033334493829e-05
2023-09-13,862.0,891.25,860.1500244140625,889.2999877929688,2812359.0,863.690185546875,866.7086181640625,854.8123168945312,860.3946533203125,992506.75,864.75,0.028389693891840206,-0.005036538513660038,0.033426232405500245,0.0011173130128265146
2023-09-14,895.0,897.7000122070312,881.0,884.5499877929688,2205160.0,888.472412109375,893.1380615234375,876.450927734375,884.7789306640625,1695771.75,889.2999877929688,-0.005341279731475468,-0.00508383806473045,-0.00025744166674501745,6.627621177645262e-08
2023-09-15,887.5499877929688,889.75,873.5,875.9000244140625,1104866.0,891.85595703125,898.7705688476562,882.2034912109375,891.6306762695312,1847154.25,884.5499877929688,-0.009778942398143808,0.008004848311885082,-0.01778379071002889,0.0003162632120181099
2023-09-18,883.0,885.9500122070312,875.9000244140625,880.9500122070312,1084407.0,884.9044189453125,891.342529296875,871.4306030273438,875.388916015625,1120365.125,875.9000244140625,0.005765484247299835,-0.0005835236718704229,0.0063490079191702575,4.030990155768664e-05
2023-09-20,880.7999877929688,880.9000244140625,865.0,869.7000122070312,924868.0,883.6080322265625,887.7689208984375,875.5458374023438,881.308349609375,802813.0,880.9500122070312,-0.012770304607653715,0.0004067624693551153,-0.01317706707700883,0.00017363509675199005
2023-09-21,869.0,874.0,861.2000122070312,871.0,1165593.0,875.2255859375,880.30029296875,867.4305419921875,873.9522705078125,1098057.375,869.7000122070312,0.0014947542540211245,0.004889339129696468,-0.003394584875675344,1.152320647816379e-05
2023-09-22,871.0,889.8499755859375,870.0499877929688,877.75,1518828.0,868.8036499023438,873.9236450195312,862.016357421875,869.1033935546875,902341.25,871.0,0.007749712973593503,-0.002177504529635499,0.009927217503229002,9.854964735641627e-05
2023-09-25,881.9500122070312,905.5999755859375,870.5499877929688,900.5999755859375,2700627.0,882.0882568359375,885.6636352539062,872.8311767578125,878.76611328125,979373.9375,877.75,0.02603244156757345,0.001157634043007727,0.024874807524565723,0.0006187560493841915
2023-09-26,907.5999755859375,909.9000244140625,891.5,895.2000122070312,2064298.0,900.93017578125,908.560791015625,891.4290161132812,900.6928100585938,1580425.875,900.5999755859375,-0.005995962164437096,0.00010308069639441975,-0.006099042860831516,3.7198323818259884e-05
2023-09-27,899.0,904.0,886.9000244140625,888.8499755859375,1233749.0,900.5101318359375,908.787109375,893.8636474609375,902.5164794921875,1174446.0,895.2000122070312,-0.007093427764191307,0.008172997302712481,-0.015266425066903788,0.00023306373432338833
2023-09-28,894.7999877929688,896.0,870.0999755859375,876.5,1801983.0,889.9655151367188,895.257080078125,882.3893432617188,888.92041015625,832447.5,888.8499755859375,-0.013894330792771026,7.924236063128198e-05,-0.013973573153402308,0.0001952607466734857
2023-09-29,885.9000244140625,885.9000244140625,873.7000122070312,876.9000244140625,817204.0,881.63720703125,896.5850830078125,877.3411254882812,891.2853393554688,1339711.125,876.5,0.0004563883788506473,0.016868613069559224,-0.016412224690708577,0.0002693611192983042
2023-10-03,870.0,879.5499877929688,864.0999755859375,871.9000244140625,1183376.0,881.8836059570312,891.7285766601562,877.0070190429688,887.2543334960938,658920.6875,876.9000244140625,-0.005701904277333081,0.011807855848732451,-0.017509760126065532,0.00030659169967235444
2023-10-04,867.0,869.8499755859375,855.0,864.75,623081.0,876.1134643554688,881.9736938476562,869.5950317382812,876.627197265625,783377.125,871.9000244140625,-0.008200509477984563,0.005421691385705918,-0.013622200863690481,0.00018556435637072968
2023-10-05,866.0499877929688,869.25,857.5,860.2000122070312,749977.0,863.5347900390625,873.2532348632812,858.84521484375,869.0194091796875,748856.375,864.75,-0.00526162219481785,0.0049371600805869775,-0.010198782275404827,0.00010401515990111167
2023-10-06,861.0,877.5,861.0,874.75,960117.0,868.678955078125,884.048095703125,865.5064086914062,879.166259765625,927592.0,860.2000122070312,0.016914656575785836,0.022048648325325715,-0.005133991749539879,2.6357871284343547e-05
2023-10-09,868.0,883.8499755859375,866.7999877929688,880.6500244140625,1200788.0,876.781494140625,888.6405029296875,871.6239013671875,883.9435424804688,890037.0625,874.75,0.006744812133824052,0.010509908522970957,-0.0037650963891469047,1.417595081956706e-05
2023-10-10,885.0,892.4000244140625,881.75,888.75,870512.0,881.2265625,895.1341552734375,877.1204223632812,890.1450805664062,1069233.625,880.6500244140625,0.009197723682943026,0.010781872354640898,-0.0015841486716978714,2.5095270140421304e-06
2023-10-11,895.0,897.2000122070312,886.2000122070312,888.4000244140625,1062565.0,892.4501342773438,897.8238525390625,883.482421875,890.5941162109375,856510.8125,888.75,-0.0003937840629395506,0.0020749549490155506,-0.002468739011955101,6.094672309149049e-06
2023-10-12,888.9000244140625,894.1500244140625,883.2000122070312,892.3499755859375,775364.0,892.2948608398438,897.9227294921875,884.3932495117188,891.3478393554688,887550.5,888.4000244140625,0.004446140323420389,0.0033181166821223407,0.0011280236412980482,1.2724373353273078e-06
2023-10-13,890.25,918.0,888.8499755859375,913.3499755859375,5120134.0,892.4517211914062,898.1993408203125,884.0092163085938,889.8380737304688,844749.875,892.3499755859375,0.023533367596285215,-0.0028149290347875278,0.026348296631072743,0.0006942327353589992
2023-10-16,917.7999877929688,917.7999877929688,906.0499877929688,908.5999755859375,1524935.0,911.95751953125,915.41064453125,897.18603515625,903.1168823242188,1633497.5,913.3499755859375,-0.005200635163922551,-0.011203912558440665,0.006003277394518114,3.60393394755322e-05
2023-10-17,912.0499877929688,928.0,905.1500244140625,907.8499755859375,3228492.0,914.0523071289062,919.1719360351562,903.16162109375,910.752197265625,1208032.125,908.5999755859375,-0.0008254457628796841,0.0023687230217011024,-0.0031941687845807865,1.0202714224390298e-05
2023-10-18,912.4500122070312,915.0,892.0999755859375,895.7000122070312,1218914.0,915.4951171875,921.0614013671875,905.80908203125,912.2542724609375,1234059.375,907.8499755859375,-0.013383228182679119,0.004851348783875276,-0.018234576966554394,0.00033249979714919603
2023-10-19,896.0,900.4000244140625,879.0499877929688,895.4000244140625,1430475.0,897.2908325195312,902.3163452148438,887.93701171875,894.7923583984375,1040905.1875,895.7000122070312,-0.0003349199384619084,-0.001013345758874462,0.0006784258204125537,4.602615938024466e-07
2023-10-20,891.9500122070312,901.7999877929688,888.6500244140625,898.9500122070312,2295312.0,891.984619140625,899.9816284179688,885.2838745117188,894.4584350585938,1117367.5,895.4000244140625,0.003964694769013288,-0.001051585134906552,0.00501627990391984,2.516306407447004e-05
2023-10-23,898.75,906.0499877929688,880.25,883.0999755859375,973113.0,901.244873046875,907.1567993164062,886.7013549804688,890.7899169921875,1203999.25,898.9500122070312,-0.01763172190429141,-0.009077362594177796,-0.008554359310113613,7.317706320652745e-05
2023-10-25,883.2999877929688,894.4500122070312,882.3499755859375,890.0,1531972.0,880.934326171875,887.850341796875,873.8427124023438,880.84130859375,826589.4375,883.0999755859375,0.007813412529520614,-0.00255765717883627,0.010371069708356884,0.00010755908689559774
2023-10-26,883.25,886.9500122070312,872.0,880.3499755859375,1966650.0,892.1609497070312,896.84814453125,883.4071044921875,890.2586669921875,1084581.25,890.0,-0.01084272406074438,0.0002906370698736449,-0.011133361130618025,0.00012395173006475625
2023-10-27,880.0,894.5,876.0,891.0999755859375,797507.0,880.5774536132812,888.6044921875,875.4759521484375,884.110107421875,710601.375,880.3499755859375,0.012211052760971564,0.004271178440636403,0.00793987432033516,6.304160422271773e-05
2023-10-30,886.0,896.0,880.2000122070312,893.5499877929688,1147541.0,892.98828125,899.6756591796875,886.9197998046875,894.3184204101562,669861.9375,891.0999755859375,0.002749424614696405,0.003611766257879845,-0.0008623416431834396,7.436331095683147e-07
2023-10-31,899.5,903.4000244140625,892.0,900.5,1082510.0,889.1200561523438,893.0662841796875,881.0068969726562,886.685791015625,812827.5625,893.5499877929688,0.007777978067234459,-0.007681939310746344,0.015459917377980803,0.00023900904533399281
2023-11-01,906.0,920.0,895.7000122070312,903.1500244140625,2678745.0,898.0115966796875,900.3548583984375,886.8150024414062,891.8584594726562,770608.9375,900.5,0.0029428366619239643,-0.009596380374618296,0.01253921703654226,0.00015723196388951166
2023-11-02,910.1500244140625,917.7000122070312,903.5499877929688,911.25,1082513.0,906.5489501953125,909.47265625,895.3780517578125,900.3225708007812,949803.125,903.1500244140625,0.008968582590907381,-0.0031306577388575674,0.012099240329764949,0.00014639161655741062
2023-11-03,912.0,919.2999877929688,911.25,913.7000122070312,901911.0,909.3899536132812,912.449462890625,896.71533203125,902.0689697265625,849430.5625,911.25,0.002688627936385357,-0.010075204689643402,0.01276383262602876,0.00016291542330527622
2023-11-06,916.75,923.7000122070312,916.0,918.6500244140625,742374.0,912.2427368164062,915.2734375,899.5541381835938,904.7066040039062,808481.375,913.7000122070312,0.005417546394767436,-0.009842845663755151,0.015260392058522587,0.00023287956577981925
2023-11-07,920.0,923.7000122070312,913.0,922.0499877929688,819721.0,917.065185546875,920.7119750976562,904.4229125976562,909.8457641601562,1159007.125,918.6500244140625,0.0037010431486950157,-0.009583911195693684,0.0132849543443887,0.0001764900119324922
2023-11-08,922.5,929.4500122070312,914.1500244140625,916.2999877929688,1090425.0,917.3771362304688,921.1888427734375,907.4923706054688,913.1586303710938,891375.375,922.0499877929688,-0.0062361044152966505,-0.009643031874180141,0.003406927458883491,1.160715471009432e-05
2023-11-09,916.2999877929688,918.9500122070312,898.3499755859375,902.8499755859375,3194352.0,918.5338745117188,922.0515747070312,909.67041015625,914.3499145507812,680810.75,916.2999877929688,-0.014678612229852117,-0.002128203937756812,-0.012550408292095305,0.0001575127482982946
2023-11-10,902.8499755859375,916.8499755859375,896.5,912.7000122070312,3846444.0,909.4749755859375,917.32373046875,903.2188720703125,911.1311645507812,1213233.25,902.8499755859375,0.010909937295729755,0.009172275780889638,0.0017376615148401164,3.0194675401564483e-06
2023-11-13,914.0,920.4500122070312,907.0999755859375,916.5499877929688,904887.0,916.8489379882812,923.719970703125,902.801513671875,906.2459716796875,1345692.0,912.7000122070312,0.004218226727780827,-0.007071371141693095,0.011289597869473922,0.00012745502005443013
2023-11-15,921.4000244140625,932.0,916.3499755859375,929.5999755859375,1564164.0,915.0223388671875,918.514404296875,905.7940673828125,910.9851684570312,883607.25,916.5499877929688,0.014238162638998908,-0.006071484818124806,0.020309647457123714,0.00041248177983265177
2023-11-16,933.0,933.0,918.0,920.0499877929688,1315309.0,935.5376586914062,941.4212646484375,927.3057250976562,934.0977172851562,1121785.25,929.5999755859375,-0.01027322293866162,0.004838362540170893,-0.015111585478832512,0.00022836001568406165
2023-11-17,922.0,934.0,921.0,930.8499755859375,961365.0,926.438720703125,929.4557495117188,915.3458251953125,920.9674682617188,1001519.375,920.0499877929688,0.01173847936118766,0.0009972071962642826,0.010741272164923377,0.00011537492772095772
2023-11-20,935.5,940.8499755859375,928.2000122070312,930.8499755859375,1169030.0,927.1541137695312,932.0879516601562,918.4085693359375,924.5474243164062,1030140.375,930.8499755859375,0.0,-0.006770748707990215,0.006770748707990215,4.584303806675117e-05
2023-11-21,906.0,931.5,906.0,927.7000122070312,804344.0,935.9151000976562,942.202392578125,928.519775390625,935.5621337890625,915206.125,930.8499755859375,-0.003383964614623758,0.005062210159224589,-0.008446174773848347,7.133786831039217e-05
2023-11-22,931.4500122070312,939.7999877929688,922.25,928.25,885449.0,926.0698852539062,933.5301513671875,919.3853149414062,927.4931640625,807538.875,927.7000122070312,0.0005928509062540499,-0.0002229687849621964,0.0008158196912162463,6.655617685761714e-07
2023-11-23,929.1500244140625,937.7000122070312,927.0,933.0,907511.0,925.501220703125,929.7672119140625,914.2721557617188,919.4859619140625,793231.3125,928.25,0.005117155938594076,-0.00944146306053062,0.014558618999124695,0.00021195338716167454
2023-11-24,934.7000122070312,936.8499755859375,924.0,926.9000244140625,521207.0,930.6327514648438,936.6446533203125,924.1279296875,930.5031127929688,791043.0625,933.0,-0.006538023136053006,-0.0026761920761321223,-0.003861831059920884,1.4913739135369657e-05
2023-11-28,925.0,934.9500122070312,924.75,931.8499755859375,904835.0,927.8995361328125,932.2957153320312,920.5819091796875,925.2263793945312,586485.875,926.9000244140625,0.005340329098603824,-0.0018056370433146007,0.007145966141918425,5.10648321014445e-05
2023-11-29,934.9500122070312,937.9000244140625,930.0,933.5499877929688,1047897.0,930.736328125,939.7244873046875,926.2719116210938,934.7945556640625,816243.1875,931.8499755859375,0.0018243410973555196,0.0031599293397774897,-0.00133558824242197,1.783795953295807e-06
2023-11-30,932.0,948.2000122070312,932.0,940.75,2982505.0,931.4376831054688,941.0161743164062,927.1737060546875,936.2999877929688,848396.625,933.5499877929688,0.007712508490362646,0.0029457447763470146,0.004766763714015632,2.2722036305256097e-05
2023-12-01,945.9000244140625,952.9000244140625,939.75,942.8499755859375,1129388.0,938.4761962890625,946.7010498046875,933.0232543945312,940.7326049804688,1054512.5,940.75,0.00223223554178853,-1.8490586799146946e-05,0.0022507261285876767,5.065768105907271e-06
2023-12-04,954.0,956.5,941.9500122070312,946.6500244140625,1112904.0,943.1056518554688,947.560302734375,935.2442016601562,940.04736328125,885685.8125,942.8499755859375,0.004030385455292995,-0.0029724901917145274,0.007002875647007523,4.9040267327451027e-05
2023-12-05,946.7000122070312,954.1500244140625,944.1500244140625,950.0499877929688,792716.0,944.7494506835938,948.05859375,933.5096435546875,937.9140014648438,967298.875,946.6500244140625,0.003591573750828081,-0.00922835548926959,0.012819929240097672,0.00016435058572111127
2023-12-06,954.0,963.0,948.9000244140625,951.7000122070312,982484.0,948.5883178710938,955.0355834960938,943.2843017578125,949.026611328125,870169.8125,950.0499877929688,0.0017367764173079614,-0.0010771817041134168,0.0028139581214213782,7.918360309113332e-06
2023-12-07,952.0,959.5499877929688,950.0499877929688,956.9000244140625,933106.0,944.7589721679688,949.1944580078125,932.2198486328125,936.686279296875,832502.25,951.7000122070312,0.005463919449756327,-0.01577569897823028,0.021239618427986606,0.00045112139096646826
2023-12-08,960.0,961.8499755859375,943.7999877929688,946.5999755859375,649090.0,954.5975952148438,961.8994750976562,948.7374267578125,955.1221313476562,898535.875,956.9000244140625,-0.010763975927821745,-0.0018579715968707333,-0.008906004330951012,7.931691314291818e-05
2023-12-11,949.9000244140625,953.0,944.0499877929688,950.4500122070312,476174.0,948.8199462890625,954.7186889648438,940.550048828125,945.7518920898438,931754.375,946.5999755859375,0.004067226622006315,-0.0008959259644696349,0.00496315258647595,2.463288359664291e-05
2023-12-12,953.0499877929688,961.9500122070312,943.5999755859375,948.75,732063.0,948.0265502929688,954.0843505859375,941.3384399414062,947.4556884765625,738958.0625,950.4500122070312,-0.0017886392605579449,-0.0031504273681007833,0.0013617881075428384,1.8544668498451052e-06
2023-12-13,948.0,959.7000122070312,946.5,957.2999877929688,899820.0,948.6237182617188,955.0810546875,942.0635375976562,948.1072998046875,750291.0,948.75,0.009011844841073868,-0.0006774178606719916,0.00968926270174586,9.388181170344348e-05
2023-12-14,960.7999877929688,960.7999877929688,944.0999755859375,950.4500122070312,1980762.0,951.8618774414062,959.3117065429688,946.4050903320312,951.9501953125,697897.5,957.2999877929688,-0.007155516215695323,-0.0055884179971656955,-0.0015670982185296278,2.455796826518733e-06
2023-12-15,959.9500122070312,959.9500122070312,948.9000244140625,954.7000122070312,1155502.0,952.2884521484375,960.4891357421875,947.641357421875,954.1870727539062,805953.4375,950.4500122070312,0.004471566042838049,0.003931885421514458,0.0005396806213235905,2.912551730322167e-07
2023-12-18,956.0,958.2000122070312,945.2999877929688,949.7000122070312,999922.0,954.388916015625,961.9884033203125,949.556884765625,955.7551879882812,770599.75,954.7000122070312,-0.005237247235852949,0.001105243288738178,-0.006342490524591127,4.022718605452823e-05
2023-12-19,953.0,978.0,949.1500244140625,966.1500244140625,3897491.0,951.3256225585938,955.836669921875,941.7443237304688,946.392822265625,807050.125,949.7000122070312,0.017321271975981878,-0.0034823522153281106,0.02080362419130999,0.00043279077949325814
2023-12-20,975.0,1010.0,966.1500244140625,976.2999877929688,4465789.0,964.4371337890625,968.7308349609375,948.6847534179688,954.1882934570312,1299710.875,966.1500244140625,0.010505576900504465,-0.012380821461227653,0.02288639836173212,0.0005237872299718946
2023-12-21,976.0,983.9000244140625,963.0499877929688,979.2999877929688,1588905.0,981.4107055664062,990.530029296875,969.0576171875,975.50244140625,2588295.5,976.2999877929688,0.0030728260140429065,-0.0008169070948383927,0.003889733108881299,1.5130023658327377e-05
2023-12-22,986.0,998.2999877929688,979.6500244140625,992.7999877929688,1491449.0,974.3648071289062,983.7761840820312,966.7706298828125,975.1942138671875,1229068.25,979.2999877929688,0.013785357059407977,-0.004192559968303811,0.017977917027711787,0.00032320550065528944
2023-12-26,993.0,1017.0,992.7999877929688,1007.3499755859375,1804990.0,993.7293701171875,1000.6078491210938,984.45751953125,989.7666015625,1125518.375,992.7999877929688,0.014655507626781805,-0.0030553850400543148,0.01771089266683612,0.00031367571905618945
2023-12-27,1014.9500122070312,1029.0,1010.0999755859375,1026.75,1799498.0,1004.7911376953125,1010.985595703125,987.5634155273438,993.6597900390625,1596839.5,1007.3499755859375,0.01925847509231171,-0.013590297194291279,0.03284877228660299,0.0010790418407370967
2023-12-28,1030.75,1050.0,1025.300048828125,1041.0,2052402.0,1022.6927490234375,1031.30224609375,1010.92724609375,1017.9197387695312,1269506.125,1026.75,0.013878743608473298,-0.008600205727264387,0.022478949335737686,0.0005053031632386618
2023-12-29,1053.949951171875,1094.0,1047.699951171875,1086.800048828125,5017576.0,1036.896484375,1044.7462158203125,1008.8056030273438,1013.9074096679688,2557371.5,1041.0,0.04399620444584529,-0.02602554306631244,0.07002174751215773,0.004903045124656367
2024-01-01,1093.8499755859375,1093.8499755859375,1076.0,1080.0999755859375,936544.0,1086.29248046875,1101.1876220703125,1027.7637939453125,1035.736572265625,3290206.5,1086.800048828125,-0.0061649548593709635,-0.046985162190193774,0.04082020733082281,0.0016662893265313604
2024-01-02,1086.3499755859375,1103.050048828125,1079.5,1097.75,2635193.0,1059.5869140625,1064.1788330078125,1021.1505737304688,1028.44921875,3470291.5,1080.0999755859375,0.016341102502560156,-0.04782034811908753,0.06416145062164769,0.004116691745874135
2024-01-03,1097.949951171875,1099.0999755859375,1082.699951171875,1084.949951171875,1100701.0,1091.517578125,1098.923828125,1044.4052734375,1052.631591796875,2725911.5,1097.75,-0.011660258554429537,-0.04110080455761789,0.02944054600318835,0.0008667457489658496
2024-01-04,1088.0999755859375,1128.5999755859375,1086.1500244140625,1125.550048828125,2777186.0,1095.49169921875,1103.05224609375,1063.4296875,1071.588134765625,1784855.5,1084.949951171875,0.03742117100645714,-0.012315606256138922,0.049736777262596066,0.002473747012469093
2024-01-05,1125.0,1131.1500244140625,1117.050048828125,1122.949951171875,1207155.0,1096.1583251953125,1104.279296875,1073.714111328125,1082.3585205078125,1320961.625,1125.550048828125,-0.0023100684496056845,-0.03837370747332092,0.03606363902371523,0.0013005860596328363
2024-01-08,1125.050048828125,1129.0,1094.6500244140625,1104.949951171875,1722755.0,1105.0084228515625,1115.526611328125,1091.6409912109375,1103.1259765625,1274277.125,1122.949951171875,-0.016029209477426587,-0.017653480093825502,0.0016242706163989151,2.6382550352969116e-06
2024-01-09,1106.0,1120.1500244140625,1106.0,1111.6500244140625,998355.0,1094.9605712890625,1104.85302734375,1081.614990234375,1091.9097900390625,1069384.25,1104.949951171875,0.006063689341839984,-0.01180158532880382,0.017865274670643805,0.0003191680390575471
2024-01-10,1112.0,1117.699951171875,1101.0,1113.949951171875,933127.0,1097.165283203125,1108.236083984375,1087.3624267578125,1097.839111328125,1133998.5,1111.6500244140625,0.0020689306052277256,-0.012423795963317774,0.0144927265685455,0.00021003912339062462
2024-01-11,1117.0,1124.949951171875,1112.050048828125,1119.25,1084035.0,1095.875244140625,1107.171875,1086.2005615234375,1097.354248046875,955262.5,1113.949951171875,0.004757887751195122,-0.014898068901157857,0.01965595665235298,0.00038635663191917934
2024-01-12,1125.449951171875,1165.550048828125,1123.8499755859375,1159.0,6018282.0,1117.6146240234375,1126.6513671875,1105.207763671875,1114.693359375,1085835.125,1119.25,0.035514853696671844,-0.0040711553495644814,0.039586009046236326,0.0015670521122087041
2024-01-15,1190.0,1190.949951171875,1134.75,1150.800048828125,4237485.0,1139.26123046875,1151.4730224609375,1124.534423828125,1138.73583984375,2555927.75,1159.0,-0.007075022581428003,-0.017484176148619524,0.01040915356719152,0.00010835047798537595
2024-01-16,1152.550048828125,1162.550048828125,1142.0,1143.699951171875,1449691.0,1133.367919921875,1138.029052734375,1089.613037109375,1099.716552734375,3735455.5,1150.800048828125,-0.006169705730791453,-0.04438954981429577,0.03821984408350432,0.00146075648176738
2024-01-17,1134.0,1152.949951171875,1131.9000244140625,1138.5999755859375,1272932.0,1134.494873046875,1143.4073486328125,1114.868896484375,1126.6202392578125,2490589.5,1143.699951171875,-0.004459190175458039,-0.01493373493332939,0.010474544757871351,0.0001097160878846502
2024-01-18,1134.949951171875,1150.0,1122.5,1146.800048828125,1218211.0,1125.366943359375,1136.069091796875,1103.273681640625,1111.7684326171875,2393572.5,1138.5999755859375,0.007201891285802731,-0.02356538164770483,0.03076727293350756,0.000946625083764947
2024-01-19,1156.75,1165.5999755859375,1146.699951171875,1161.699951171875,900162.0,1137.6407470703125,1140.009033203125,1097.450439453125,1107.0570068359375,3509104.5,1146.800048828125,0.012992589561690027,-0.03465559844787203,0.047648188009562054,0.0022703498205945733
2024-01-23,1158.949951171875,1166.0,1138.25,1145.6500244140625,933643.0,1139.245361328125,1157.69677734375,1117.4232177734375,1126.5306396484375,2312109.75,1161.699951171875,-0.013815896903173641,-0.03027400619924292,0.01645810929606928,0.000270869361601362
2024-01-24,1145.5999755859375,1161.0,1134.0,1159.0,1040096.0,1151.253662109375,1172.9564208984375,1126.35888671875,1134.4427490234375,2508750.0,1145.6500244140625,0.011652751976124032,-0.009782459871509941,0.021435211847633973,0.0004594683069529478
2024-01-25,1160.0,1163.6500244140625,1132.3499755859375,1136.75,1125321.0,1143.14794921875,1154.95361328125,1123.829833984375,1134.761962890625,2213552.25,1159.0,-0.019197584124244993,-0.020912887928710044,0.0017153038044650515,2.9422671416122798e-06
2024-01-29,1136.75,1149.199951171875,1135.0,1141.050048828125,1588430.0,1141.2120361328125,1158.9901123046875,1123.87353515625,1130.70654296875,2239677.25,1136.75,0.0037827568314272586,-0.005316434599736075,0.009099191431163334,8.279528470095623e-05
2024-01-30,1144.949951171875,1147.199951171875,1120.6500244140625,1122.9000244140625,798009.0,1125.3721923828125,1135.305419921875,1109.307373046875,1121.4454345703125,1621122.75,1141.050048828125,-0.015906422713624857,-0.017181204521174775,0.0012747818075499184,1.6250686568602373e-06
2024-01-31,1125.0,1127.5,1112.0,1118.0,2428738.0,1134.095947265625,1140.7373046875,1113.056396484375,1121.6968994140625,2342284.25,1122.9000244140625,-0.004363722778098045,-0.0010714444508341803,-0.0032922783272638645,1.083909658417135e-05
2024-02-01,1118.0,1134.9000244140625,1108.0,1129.6500244140625,4728358.0,1117.78759765625,1125.6407470703125,1098.3798828125,1111.779296875,1827552.125,1118.0,0.010420415397193628,-0.005564135174418561,0.01598455057161219,0.00025550585697642754
2024-02-02,1132.0,1170.699951171875,1132.0,1162.75,1741322.0,1141.7176513671875,1155.877685546875,1130.7587890625,1143.5780029296875,1339908.75,1129.6500244140625,0.029301088718256985,0.01232946329802398,0.016971625420233005,0.00028803606940469914
2024-02-05,1169.9000244140625,1177.0,1146.300048828125,1150.75,1266268.0,1156.9779052734375,1173.14453125,1146.1729736328125,1161.08349609375,1552899.5,1162.75,-0.01032036121264246,-0.0014332435228983087,-0.00888711768974415,7.89808608313634e-05
2024-02-06,1142.0999755859375,1166.800048828125,1142.0999755859375,1163.550048828125,1219085.0,1146.1220703125,1159.400146484375,1133.1427001953125,1147.44287109375,1262596.125,1150.75,0.011123222966000545,-0.0028738899902237547,0.0139971129562243,0.00019591917110930218
2024-02-07,1168.050048828125,1175.0,1153.050048828125,1166.199951171875,864874.0,1153.0645751953125,1165.3021240234375,1138.4908447265625,1150.481201171875,1420799.125,1163.550048828125,0.0022774287590110465,-0.011231874098937444,0.01350930285794849,0.00018250126370777527
2024-02-08,1160.0,1162.9000244140625,1125.0,1137.9000244140625,2477973.0,1162.4034423828125,1172.91064453125,1149.2880859375,1161.85595703125,881279.0,1166.199951171875,-0.024266787808878587,-0.003724913670472896,-0.02054187413840569,0.0004219685931181006
2024-02-09,1142.0,1149.4000244140625,1119.8499755859375,1129.25,917196.0,1124.9359130859375,1129.679443359375,1100.73046875,1111.8724365234375,2782135.5,1137.9000244140625,-0.0076017437634881,-0.02287335208031771,0.01527160831682961,0.00023322202058265933
2024-02-12,1130.050048828125,1134.4000244140625,1075.0,1122.199951171875,898953.0,1128.8653564453125,1139.16455078125,1116.6102294921875,1127.2530517578125,897371.375,1129.25,-0.006243124930816912,-0.0017683845403475562,-0.004474740390469356,2.0023301562097845e-05
2024-02-13,1123.0,1141.300048828125,1118.199951171875,1137.800048828125,886148.0,1113.156982421875,1127.5567626953125,1101.5784912109375,1117.146484375,1287675.0,1122.199951171875,0.013901352998598293,-0.004503178592725643,0.018404531591323936,0.0003387267830960408
2024-02-14,1135.050048828125,1139.8499755859375,1120.0,1135.5999755859375,1206706.0,1130.010009765625,1137.915771484375,1114.5810546875,1124.9271240234375,854578.9375,1137.800048828125,-0.0019336202740134478,-0.01131387260700678,0.009380252332993333,8.798913383062687e-05
2024-02-15,1140.050048828125,1146.75,1127.25,1131.4000244140625,1278358.0,1128.40576171875,1140.9727783203125,1117.652099609375,1130.1392822265625,972298.5,1135.5999755859375,-0.0036984424640446045,-0.00480864166676076,0.0011101992027161556,1.2325422697115875e-06
2024-02-16,1135.0,1149.4000244140625,1132.4000244140625,1147.449951171875,1213292.0,1134.9495849609375,1142.661865234375,1119.81201171875,1129.84619140625,894411.0,1131.4000244140625,0.014185899250023892,-0.0013733719058537375,0.01555927115587763,0.0002420909189021256
2024-02-19,1150.0,1164.25,1144.5,1155.0,961914.0,1143.1455078125,1161.1654052734375,1135.56494140625,1153.376953125,828368.8125,1147.449951171875,0.006579850232608653,0.005165368604592935,0.001414481628015718,2.000758275993996e-06
2024-02-20,1154.5,1159.0,1138.800048828125,1154.4000244140625,1056193.0,1138.7628173828125,1144.9249267578125,1120.30029296875,1129.8265380859375,1040444.25,1155.0,-0.0005194593817641202,-0.02179520512040045,0.02127574573863633,0.000452657356735102
2024-02-21,1155.0,1171.9000244140625,1150.050048828125,1160.75,1445959.0,1148.6669921875,1158.222412109375,1134.8907470703125,1145.026611328125,940311.0625,1154.4000244140625,0.005500671735658047,-0.008119727033698898,0.013620398769356945,0.0001855152626363002
2024-02-22,1161.0,1164.75,1142.449951171875,1159.5,1689403.0,1164.1026611328125,1173.0484619140625,1149.449462890625,1162.148681640625,1020107.25,1160.75,-0.0010768899418479583,0.0012049809525092048,-0.002281870894357163,5.206934778514359e-06
2024-02-23,1158.0,1165.5999755859375,1155.199951171875,1160.300048828125,1280859.0,1157.3360595703125,1164.8359375,1141.8382568359375,1152.767578125,937880.5,1159.5,0.0006899946771237175,-0.005806314683053038,0.006496309360176755,4.220203530312012e-05
2024-02-26,1159.0,1182.800048828125,1149.449951171875,1177.0999755859375,1292210.0,1157.8875732421875,1164.5782470703125,1142.917724609375,1152.7628173828125,915845.5,1160.300048828125,0.014478950315291339,-0.00649593305880225,0.02097488337409359,0.00043994573255682766
2024-02-27,1182.0,1189.699951171875,1174.949951171875,1183.5999755859375,1584564.0,1182.7926025390625,1194.9127197265625,1168.013671875,1180.6285400390625,1749122.375,1177.0999755859375,0.005522045820079535,0.0029976760906553768,0.0025243697294241585,6.372442530832999e-06
2024-02-28,1189.75,1205.0,1163.0999755859375,1167.949951171875,2170054.0,1189.29736328125,1197.723876953125,1173.8585205078125,1185.023193359375,1413118.125,1183.5999755859375,-0.013222393322807391,0.0012024482957031513,-0.014424841618510542,0.00020807605571911383
2024-02-29,1166.949951171875,1199.0,1150.5999755859375,1190.050048828125,2722341.0,1155.1973876953125,1171.76611328125,1123.22216796875,1145.7613525390625,2390730.75,1167.949951171875,0.01892212730012588,-0.018997901931113836,0.037920029231239716,0.0014379286168980745
2024-03-01,1204.0,1213.6500244140625,1194.25,1201.0,1804771.0,1160.75732421875,1164.875244140625,1137.8831787109375,1154.1890869140625,2355636.0,1190.050048828125,0.009201252655430592,-0.030133994741965542,0.039335247397396134,0.0015472616878143594
2024-03-04,1206.949951171875,1214.0,1190.0,1203.25,790960.0,1205.7744140625,1210.565673828125,1164.6702880859375,1170.8779296875,1299456.625,1201.0,0.0018734388009991054,-0.02508082457327232,0.026954263374271425,0.00072653231404959
2024-03-05,1206.8499755859375,1211.9000244140625,1196.0,1200.5999755859375,867925.0,1189.568603515625,1193.97412109375,1166.4578857421875,1176.08251953125,1112503.375,1203.25,-0.00220238887518176,-0.02257841717743614,0.02037602830225438,0.00041518252937427147
2024-03-06,1203.800048828125,1223.0,1192.0,1220.050048828125,1367260.0,1210.14990234375,1223.860107421875,1199.8099365234375,1213.950927734375,792645.75,1200.5999755859375,0.016200294550809957,0.011120233566489723,0.005080060984320234,2.5807019604412663e-05
2024-03-07,1228.0,1268.9000244140625,1216.75,1261.550048828125,3522952.0,1208.038818359375,1219.2255859375,1195.0872802734375,1208.4215087890625,1393698.0,1220.050048828125,0.03401499802394281,-0.00953119919156753,0.04354619721551034,0.0018962712919321206
2024-03-11,1263.0,1269.0,1209.0,1220.6500244140625,2609165.0,1246.4161376953125,1253.5181884765625,1218.2474365234375,1230.0274658203125,1622756.5,1261.550048828125,-0.03242045327655074,-0.024987183851401196,-0.007433269425149547,5.5253494346863074e-05
2024-03-12,1227.449951171875,1227.8499755859375,1209.1500244140625,1215.199951171875,1089396.0,1223.640380859375,1232.52978515625,1197.3568115234375,1212.300048828125,1544549.0,1220.6500244140625,-0.004464894222898641,-0.006840597565994089,0.0023757033430954477,5.643966374394887e-06
2024-03-13,1215.5,1217.4000244140625,1170.699951171875,1178.949951171875,2050756.0,1213.45263671875,1227.284912109375,1198.8604736328125,1217.7191162109375,1384883.25,1215.199951171875,-0.029830481777951334,0.0020730457046456152,-0.03190352748259695,0.001017835065832819
2024-03-14,1160.050048828125,1205.050048828125,1160.050048828125,1198.3499755859375,2211062.0,1170.5281982421875,1179.3284912109375,1140.4505615234375,1155.4141845703125,1854060.0,1178.949951171875,0.016455341802066314,-0.01996332972249415,0.036418671524560464,0.0013263196356138312
2024-03-15,1200.0,1219.8499755859375,1175.9000244140625,1212.1500244140625,2843465.0,1177.3612060546875,1185.2684326171875,1155.1632080078125,1167.4935302734375,1378736.875,1198.3499755859375,0.011515875252867902,-0.02574910997716895,0.03726498523003685,0.0013886791241948648
2024-03-18,1213.050048828125,1217.6500244140625,1184.300048828125,1186.949951171875,803158.0,1196.873046875,1204.069580078125,1176.581787109375,1188.298828125,1071383.75,1212.1500244140625,-0.02078956625387096,-0.019676769218885948,-0.0011127970349850136,1.2383172410714375e-06
2024-03-19,1184.9000244140625,1184.9000244140625,1139.8499755859375,1146.25,2152306.0,1201.32373046875,1208.37353515625,1162.8389892578125,1169.5673828125,1169890.75,1186.949951171875,-0.034289525966694656,-0.014644735729769542,-0.019644790236925114,0.00038591778345278827
2024-03-20,1143.0999755859375,1153.4000244140625,1111.699951171875,1124.050048828125,2070193.0,1162.247314453125,1187.8985595703125,1151.9173583984375,1178.821533203125,1274962.0,1146.25,-0.019367460128135172,0.028415732347328193,-0.047783192475463365,0.002283233483147179
2024-03-21,1134.0,1138.949951171875,1121.5,1133.949951171875,1901034.0,1123.2659912109375,1135.892578125,1108.607177734375,1125.021484375,1158172.0,1124.050048828125,0.008807350130068503,0.0008642280189283813,0.007943122111140122,6.309318887248311e-05
2024-03-22,1133.949951171875,1140.0,1119.0,1122.75,1696377.0,1137.71826171875,1148.117919921875,1122.315185546875,1136.6298828125,1204822.5,1133.949951171875,-0.009876936067857778,0.0023633597213488233,-0.012240295789206601,0.00014982484100726885
2024-03-26,1105.3499755859375,1121.0999755859375,1105.3499755859375,1112.550048828125,2407110.0,1131.9554443359375,1143.073974609375,1118.4390869140625,1132.9483642578125,1189938.875,1122.75,-0.009084792849588075,0.009083379432476058,-0.018168172282064132,0.00033008248407076344
2024-03-27,1115.3499755859375,1117.0,1084.0999755859375,1091.050048828125,1962948.0,1121.1121826171875,1127.7738037109375,1100.7164306640625,1111.8848876953125,2058763.0,1112.550048828125,-0.019324973310321125,-0.0005978707506355541,-0.01872710255968557,0.0003507043702809819
2024-03-28,1103.9000244140625,1109.0,1093.6500244140625,1096.199951171875,6721940.0,1094.7271728515625,1115.2088623046875,1085.0321044921875,1106.7100830078125,1692009.25,1091.050048828125,0.004720133919870584,0.01435317673694958,-0.009633042817078996,9.279551391567725e-05
2024-04-01,1100.0,1104.4000244140625,1083.0999755859375,1086.9000244140625,2229535.0,1122.1065673828125,1137.73828125,1108.8890380859375,1125.851318359375,2284008.5,1096.199951171875,-0.008483786874712518,0.02704923235564971,-0.03553301923036223,0.0012625954556252919
2024-04-02,1091.800048828125,1133.4000244140625,1085.0999755859375,1131.1500244140625,5107047.0,1093.58984375,1103.4112548828125,1079.1961669921875,1091.591796875,1768328.625,1086.9000244140625,0.04071211611560566,0.0043166550331681375,0.03639546108243752,0.001324629587403224
2024-04-03,1129.0,1129.0,1112.800048828125,1119.5,1133287.0,1120.9312744140625,1136.0477294921875,1106.8924560546875,1123.7841796875,2355724.25,1131.1500244140625,-0.010299274333744779,-0.00651181944709589,-0.003787454886648889,1.4344814518400547e-05
2024-04-04,1132.800048828125,1132.9000244140625,1108.550048828125,1117.949951171875,2403608.0,1139.6917724609375,1159.66357421875,1116.7225341796875,1128.7764892578125,1382547.0,1119.5,-0.0013845902886333583,0.008286278926138868,-0.009670869214772226,9.352571136922918e-05
2024-04-05,1116.0,1124.9000244140625,1111.0,1115.550048828125,627856.0,1122.5714111328125,1132.458984375,1109.13818359375,1122.1258544921875,1536672.375,1117.949951171875,-0.0021466992697073417,0.00373532224401929,-0.005882021513726632,3.459817708794294e-05
2024-04-08,1120.0,1140.449951171875,1117.0,1137.3499755859375,1833218.0,1118.87353515625,1125.34423828125,1104.0498046875,1113.8543701171875,912099.8125,1115.550048828125,0.019541863478660604,-0.0015200382203548468,0.02106190169901545,0.0004436037031789899
2024-04-09,1141.0,1141.0,1121.5,1125.5999755859375,1184800.0,1142.7821044921875,1152.8040771484375,1129.483154296875,1143.800537109375,1259539.5,1137.3499755859375,-0.010331032885411262,0.005671571338553338,-0.0160026042239646,0.00025608334194884966
2024-04-10,1130.0,1151.5,1118.699951171875,1145.300048828125,1374918.0,1133.022216796875,1145.708984375,1122.5159912109375,1136.827392578125,1400300.375,1125.5999755859375,0.017501842279209923,0.009974606641531825,0.007527235637678098,5.66592763451312e-05
2024-04-12,1144.3499755859375,1156.6500244140625,1134.449951171875,1149.449951171875,2006949.0,1134.943115234375,1138.717529296875,1117.2314453125,1126.2108154296875,1110235.5,1145.300048828125,0.0036234193371389445,-0.01666745183322893,0.020290871170367875,0.00041171945285246614
2024-04-15,1125.0,1136.699951171875,1111.0,1130.6500244140625,1990224.0,1151.6304931640625,1159.9547119140625,1137.9227294921875,1149.65380859375,1444052.125,1149.449951171875,-0.016355585329005273,0.00017735215149405903,-0.016532937480499332,0.00027333802173409963
2024-04-16,1117.0,1138.9000244140625,1113.949951171875,1135.6500244140625,1051408.0,1125.09033203125,1133.401611328125,1111.155029296875,1122.5992431640625,1396939.0,1130.6500244140625,0.004422234902078603,-0.00712048916655017,0.011542724068628774,0.00013323447892450198
2024-04-18,1143.0,1159.0,1127.550048828125,1134.550048828125,2573549.0,1130.6510009765625,1141.64111328125,1121.0863037109375,1134.3907470703125,1152035.0,1135.6500244140625,-0.0009685867673053794,-0.001108860403009948,0.00014027363570456863,1.967669287377803e-08
2024-04-19,1104.5,1150.5999755859375,1104.050048828125,1138.0999755859375,2160942.0,1142.7593994140625,1147.426513671875,1124.160400390625,1133.703857421875,2249858.0,1134.550048828125,0.003128929183405571,-0.0007458387641198216,0.0038747679475253927,1.5013826647170144e-05
2024-04-22,1140.949951171875,1177.800048828125,1140.949951171875,1170.949951171875,2299311.0,1123.8623046875,1135.1378173828125,1113.83251953125,1125.0045166015625,1054821.875,1138.0999755859375,0.028863875134541805,-0.011506422340122557,0.04037029747466436,0.0016297609181928918
2024-04-23,1173.0,1179.9000244140625,1152.0,1173.3499755859375,1930671.0,1167.8914794921875,1178.805419921875,1150.5733642578125,1165.0206298828125,1881479.5,1170.949951171875,0.0020496387669350913,-0.0050636846460674345,0.007113323413002526,5.05993699779699e-05
2024-04-24,1106.0,1137.699951171875,1104.0,1110.1500244140625,6447489.0,1170.726318359375,1183.0662841796875,1156.8646240234375,1172.3944091796875,1575559.375,1173.3499755859375,-0.053862830772476666,-0.0008143916360272563,-0.05304843913644941,0.0028141368948135775
2024-04-25,1116.0,1116.0,1077.4000244140625,1106.25,6233672.0,1102.0841064453125,1116.1234130859375,1087.8153076171875,1100.5650634765625,3421321.0,1110.1500244140625,-0.0035130606929644204,-0.008633933006089833,0.005120872313125413,2.6223333247334417e-05
2024-04-26,1111.800048828125,1111.800048828125,1084.050048828125,1102.6500244140625,3426210.0,1115.8861083984375,1133.19287109375,1104.197509765625,1121.53955078125,2105523.25,1106.25,-0.0032542152189265483,0.013821062853107247,-0.017075278072033795,0.00029156512123727817
2024-04-29,1108.9000244140625,1110.4000244140625,1088.9000244140625,1098.5,2254895.0,1108.0423583984375,1115.050537109375,1094.6474609375,1102.4716796875,1775194.0,1102.6500244140625,-0.003763682330908069,-0.00016174191503537383,-0.0036019404158726953,1.2973974759497165e-05
2024-04-30,1099.9000244140625,1114.25,1095.6500244140625,1108.3499755859375,2504796.0,1090.49755859375,1110.8267822265625,1019.6481323242188,1103.989990234375,2280244.0,1098.5,0.008966750647189325,0.004997715279358106,0.00396903536783122,1.5753241751095105e-05
2024-05-02,1114.0,1114.0,1081.0999755859375,1091.1500244140625,3423995.0,1109.236328125,1115.476318359375,1085.6414794921875,1095.670166015625,2176824.5,1108.3499755859375,-0.015518519917665952,-0.011440257905549367,-0.004078262012116585,1.6632221039473213e-05
2024-05-03,1095.0,1114.9000244140625,1089.800048828125,1094.300048828125,2935813.0,1085.3748779296875,1093.32568359375,1056.2628173828125,1067.55224609375,4391219.0,1091.1500244140625,0.002886884794558009,-0.02162652045302782,0.02451340524758583,0.0006009070368323685
2024-05-06,1105.0,1109.6500244140625,1090.050048828125,1098.1500244140625,1076304.0,1093.075927734375,1104.1229248046875,1084.4674072265625,1095.6585693359375,1195759.75,1094.300048828125,0.0035182083653020335,0.0012414515646483881,0.0022767568006536454,5.183621529322623e-06
2024-05-07,1095.050048828125,1121.550048828125,1090.0999755859375,1099.4000244140625,2614541.0,1097.0787353515625,1112.0533447265625,1088.9676513671875,1104.4141845703125,1568387.875,1098.1500244140625,0.001138277987715819,0.0057042844939081405,-0.004566006506192322,2.0848415414590613e-05
2024-05-08,1102.4000244140625,1117.8499755859375,1095.1500244140625,1115.050048828125,1071294.0,1100.6402587890625,1109.9090576171875,1087.1912841796875,1098.5584716796875,2495762.25,1099.4000244140625,0.014235059183669962,-0.0007654654499608116,0.015000524633630774,0.00022501573928416366
2024-05-09,1114.0,1114.699951171875,1078.0,1085.050048828125,1743688.0,1109.9725341796875,1125.3197021484375,1090.50634765625,1098.11865234375,1242315.5,1115.050048828125,-0.026904621932915762,-0.015184427373613585,-0.011720194559302177,0.00013736296050789637
2024-05-10,1087.949951171875,1093.949951171875,1067.6500244140625,1090.949951171875,1080599.0,1078.0889892578125,1086.3675537109375,1066.103271484375,1074.1107177734375,1400977.75,1085.050048828125,0.005437447194368561,-0.010081867713385373,0.015519314907753934,0.0002408491352060335
2024-05-13,1086.0999755859375,1101.0,1076.050048828125,1096.949951171875,933422.0,1079.19677734375,1086.650634765625,1067.8148193359375,1075.4759521484375,1095783.75,1090.949951171875,0.005499794003890779,-0.014183967840885492,0.01968376184477627,0.00038745048036187014
2024-05-14,1096.0,1098.4000244140625,1082.199951171875,1085.449951171875,1194960.0,1091.05029296875,1096.804931640625,1076.9315185546875,1084.068359375,855630.6875,1096.949951171875,-0.010483614122699492,-0.011743098929092977,0.001259484806393485,1.5863019775360342e-06
2024-05-15,1086.0,1090.8499755859375,1056.0,1068.9000244140625,1920081.0,1090.96240234375,1100.0281982421875,1081.746826171875,1092.909912109375,826533.3125,1085.449951171875,-0.015247065735223275,0.006872689919462438,-0.022119755654685713,0.0004892835902230005
2024-05-16,1071.0,1102.550048828125,1057.8499755859375,1099.75,2665288.0,1075.5533447265625,1093.782470703125,1072.0833740234375,1086.50537109375,1935318.75,1068.9000244140625,0.028861422847144658,0.016470526969384336,0.012390895877760322,0.00015353430065349774
2024-05-17,1093.0,1101.199951171875,1089.1500244140625,1095.199951171875,1069069.0,1107.7542724609375,1119.6805419921875,1097.5328369140625,1111.915771484375,1362075.25,1099.75,-0.004137348332007296,0.011062306419072465,-0.01519965475107976,0.00023102950455202156
2024-05-21,1089.0,1097.5999755859375,1088.949951171875,1093.949951171875,906092.0,1098.881591796875,1106.31494140625,1088.0091552734375,1096.76513671875,1015190.875,1095.199951171875,-0.0011413440976348888,0.0014291322285033825,-0.0025704763261382713,6.607348543237305e-06
2024-05-22,1100.0,1122.0,1093.949951171875,1120.3499755859375,2032291.0,1100.4140625,1113.857666015625,1093.9512939453125,1108.512451171875,1227496.25,1093.949951171875,0.02413275340958876,0.013311852141316027,0.010820901268272731,0.0001170919042577064
2024-05-23,1127.449951171875,1131.199951171875,1104.0,1117.949951171875,2087340.0,1119.818603515625,1128.6826171875,1107.6905517578125,1119.9432373046875,1297577.75,1120.3499755859375,-0.0021422095473401237,-0.00036304573580880906,-0.0017791638115313146,3.1654238682626353e-06
2024-05-24,1111.0,1111.0,1096.0,1098.25,1424791.0,1117.1318359375,1125.525390625,1106.091552734375,1117.161865234375,1071930.75,1117.949951171875,-0.01762149651800138,-0.0007049384783942569,-0.01691655803960712,0.00028616993590739636
2024-05-27,1099.0,1110.0,1086.6500244140625,1087.9000244140625,1881215.0,1106.429443359375,1117.66650390625,1100.89501953125,1111.908203125,1414884.375,1098.25,-0.009424061539665352,0.012436333371272479,-0.02186039491093783,0.0004778768656621566
2024-05-28,1089.0,1097.949951171875,1080.0,1095.550048828125,981637.0,1098.7452392578125,1108.895263671875,1089.978271484375,1102.1204833984375,974074.75,1087.9000244140625,0.007031918597651288,0.013071475930919396,-0.0060395573332681085,3.647625278183258e-05
2024-05-29,1085.0,1090.0,1068.0,1071.300048828125,1526469.0,1096.942138671875,1106.2716064453125,1088.016357421875,1099.44189453125,863649.3125,1095.550048828125,-0.022134999698041558,0.003552412513958547,-0.025687412212000105,0.0006598431461492121
2024-05-30,1071.0,1074.449951171875,1052.0,1067.199951171875,2743237.0,1079.590087890625,1090.4290771484375,1072.0111083984375,1083.104736328125,1181315.25,1071.300048828125,-0.0038272169041110304,0.011019030114777673,-0.014846247018888703,0.00022041105054586171
2024-05-31,1069.699951171875,1070.800048828125,1048.300048828125,1060.25,4787041.0,1065.74169921875,1080.7384033203125,1059.698486328125,1074.0361328125,1236598.125,1067.199951171875,-0.0065123233600632435,0.00640571772245524,-0.012918041082518483,0.0001668757854096353
2024-06-03,1076.4000244140625,1082.9000244140625,1063.3499755859375,1069.1500244140625,1323788.0,1061.31494140625,1073.367919921875,1053.82666015625,1065.259521484375,1261997.5,1060.25,0.008394269666647025,0.004724849313251678,0.0036694203533953473,1.3464645729912036e-05
2024-06-04,1069.1500244140625,1092.5999755859375,1028.9000244140625,1087.0,3223165.0,1075.126953125,1084.2454833984375,1067.66455078125,1077.6199951171875,722548.25,1069.1500244140625,0.016695482559353714,0.007922153589031478,0.008773328970322236,7.697130122149542e-05
2024-06-05,1109.0,1160.0,1093.1500244140625,1142.4000244140625,6089603.0,1091.538330078125,1106.1573486328125,1072.9202880859375,1081.116455078125,1503711.125,1087.0,0.05096598382158457,-0.005412644822332058,0.05637862864391663,0.0031785497677686565
2024-06-06,1148.0,1148.0,1119.5999755859375,1139.9000244140625,2655137.0,1138.436279296875,1148.536865234375,1118.9095458984375,1138.9532470703125,3351764.0,1142.4000244140625,-0.0021883753033725695,-0.0030171369661147196,0.0008287616627421501,6.868458936311334e-07
2024-06-07,1149.0,1149.0,1131.5999755859375,1135.6500244140625,1877248.0,1141.114501953125,1144.7232666015625,1120.4967041015625,1128.2999267578125,1916565.375,1139.9000244140625,-0.003728397147973239,-0.010176416710064307,0.006448019562091067,4.157695627310908e-05
2024-06-10,1139.0,1143.449951171875,1125.6500244140625,1133.050048828125,1392359.0,1139.3140869140625,1146.429443359375,1122.3258056640625,1133.7288818359375,1696286.25,1135.6500244140625,-0.0022894162198243695,-0.0016916677997838026,-0.0005977484200405669,3.5730317366099404e-07
2024-06-11,1133.050048828125,1144.800048828125,1126.699951171875,1135.5999755859375,805013.0,1129.6796875,1139.0511474609375,1119.2017822265625,1131.8634033203125,1404286.75,1133.050048828125,0.0022504979020563365,-0.0010473019343142376,0.003297799836370574,1.0875483760765785e-05
2024-06-12,1142.0,1142.0,1123.5,1124.6500244140625,773116.0,1129.27197265625,1136.2169189453125,1119.7572021484375,1127.94873046875,1356515.375,1135.5999755859375,-0.009642436956046163,-0.006737623530891357,-0.0029048134251548063,8.437941034959597e-06
2024-06-13,1130.0,1133.0,1104.050048828125,1114.5999755859375,1605436.0,1127.965087890625,1141.38134765625,1108.7127685546875,1119.272216796875,1192841.25,1124.6500244140625,-0.008936156679817842,-0.0047817609927046645,-0.004154395687113177,1.7259003525104567e-05
2024-06-14,1114.5999755859375,1124.949951171875,1110.0999755859375,1112.449951171875,1107470.0,1114.0006103515625,1121.2353515625,1104.3104248046875,1114.0186767578125,739198.875,1114.5999755859375,-0.0019289650647374978,-0.0005215313483381001,-0.0014074337163993977,1.9808696660578204e-06
2024-06-18,1112.449951171875,1128.300048828125,1112.449951171875,1126.9000244140625,1161864.0,1115.2073974609375,1129.70556640625,1107.6451416015625,1123.6612548828125,1272305.0,1112.449951171875,0.01298941424462785,0.010078029756869,0.00291138448775885,8.476159635562862e-06
2024-06-19,1129.699951171875,1130.9000244140625,1103.0,1105.5999755859375,1201455.0,1125.768310546875,1135.4527587890625,1115.8245849609375,1128.5478515625,1237138.0,1126.9000244140625,-0.018901453870497575,0.0014622656071858753,-0.02036371947768345,0.0004146810709657843
2024-06-20,1108.050048828125,1108.3499755859375,1096.0999755859375,1103.25,1223872.0,1104.4935302734375,1115.029541015625,1096.74853515625,1109.057861328125,1105619.0,1105.5999755859375,-0.002125520656503288,0.003127610183199403,-0.005253130839702691,2.75953836190355e-05
2024-06-21,1103.300048828125,1105.0,1081.800048828125,1084.9000244140625,1634958.0,1105.2991943359375,1114.8782958984375,1097.3924560546875,1108.3642578125,917619.125,1103.25,-0.016632654054781315,0.004635629107183403,-0.02126828316196472,0.000452339868657512
2024-06-24,1080.1500244140625,1104.0,1077.1500244140625,1101.949951171875,912255.0,1083.6959228515625,1092.798828125,1074.53173828125,1084.391845703125,1067752.0,1084.9000244140625,0.015715666304847664,-0.00046841063646574366,0.016184076941313408,0.00026192434644235237
2024-06-25,1108.1500244140625,1108.199951171875,1090.0,1094.5999755859375,932314.0,1100.922607421875,1109.59716796875,1092.52392578125,1102.8897705078125,861113.25,1101.949951171875,-0.006669972241589717,0.0008528693475942095,-0.007522841589183926,5.659314557595534e-05
2024-06-26,1095.050048828125,1099.800048828125,1083.0999755859375,1086.9000244140625,1003738.0,1097.904541015625,1104.9219970703125,1088.6514892578125,1097.2799072265625,821114.5,1094.5999755859375,-0.007034488711506914,0.002448320574089502,-0.009482809285596416,8.992367194699361e-05
2024-06-27,1090.0999755859375,1096.449951171875,1077.8499755859375,1085.5999755859375,2272855.0,1091.994873046875,1099.287841796875,1078.845458984375,1088.0118408203125,900556.0,1086.9000244140625,-0.0011961070925781137,0.0010229242628359003,-0.002219031355414014,4.924100156310556e-06
2024-06-28,1085.5999755859375,1104.0,1085.0,1097.449951171875,1129490.0,1090.46923828125,1100.229248046875,1081.13134765625,1092.6011962890625,1356349.625,1085.5999755859375,0.010915600453603291,0.006449171758083461,0.004466428695519831,1.9948985292162975e-05
2024-07-01,1090.0999755859375,1097.449951171875,1088.0,1094.550048828125,767705.0,1099.7154541015625,1110.9710693359375,1092.4822998046875,1106.1375732421875,1123207.0,1097.449951171875,-0.002642400540137091,0.007916189764312964,-0.010558590304450055,0.0001114838292172267
2024-07-02,1096.0,1110.0,1080.0,1105.0,2026189.0,1095.6461181640625,1101.633544921875,1087.4356689453125,1094.9232177734375,812331.0,1094.550048828125,0.009547257508291329,0.00034093365188003766,0.009206323856411291,8.475639894912768e-05
2024-07-03,1114.0,1148.5999755859375,1112.050048828125,1146.3499755859375,4406793.0,1109.02880859375,1116.8724365234375,1091.64013671875,1098.1429443359375,1157410.25,1105.0,0.0374207923854637,-0.0062054802389706065,0.043626272624434304,0.001903251663101466
2024-07-04,1147.550048828125,1154.800048828125,1133.300048828125,1135.199951171875,2113837.0,1148.0838623046875,1151.7093505859375,1129.074951171875,1137.8985595703125,1704404.75,1146.3499755859375,-0.009726544817487692,-0.0073724570991552385,-0.0023540877183324538,5.541728985603698e-06
2024-07-05,1135.4000244140625,1150.949951171875,1132.699951171875,1137.4000244140625,1281630.0,1131.1688232421875,1141.140625,1121.8817138671875,1131.4031982421875,2008947.875,1135.199951171875,0.0019380490986775634,-0.003344567559017353,0.005282616657694916,2.790603875215581e-05
2024-07-08,1138.0,1164.0,1136.0,1150.800048828125,1958676.0,1139.7984619140625,1148.6285400390625,1128.921875,1139.9029541015625,1531119.25,1137.4000244140625,0.011781276706904986,0.002200571156827147,0.00958070555007784,9.178991883729232e-05
2024-07-09,1161.4000244140625,1168.5,1140.0,1142.199951171875,1545936.0,1150.714599609375,1160.217041015625,1140.5499267578125,1153.352294921875,1402462.0,1150.800048828125,-0.007473146759949811,0.0022178015167353404,-0.009690948276685152,9.391447850138692e-05
2024-07-10,1142.199951171875,1156.75,1130.0,1150.800048828125,1015150.0,1142.433837890625,1149.620361328125,1133.7264404296875,1141.7530517578125,1345498.5,1142.199951171875,0.0075294151846412305,-0.0003912619796595518,0.007920677164300782,6.273712674107588e-05
2024-07-11,1150.550048828125,1153.4000244140625,1125.5,1131.4000244140625,1883264.0,1142.7296142578125,1150.58154296875,1132.115234375,1141.12548828125,998999.6875,1150.800048828125,-0.01685785852530841,-0.008406812770582306,-0.008451045754726105,7.142017434847412e-05
2024-07-12,1135.0,1154.0,1130.050048828125,1152.25,1092749.0,1131.7301025390625,1135.33740234375,1120.8095703125,1128.591796875,1028513.0,1131.4000244140625,0.01842847369279088,-0.002482081914853107,0.020910555607643988,0.00043725133582037145
2024-07-15,1152.5,1157.0,1139.800048828125,1148.800048828125,1201063.0,1153.521484375,1168.9327392578125,1138.988037109375,1147.44677734375,1364499.25,1152.25,-0.002994099519960991,-0.004168559476025124,0.0011744599560641333,1.379356188398166e-06
2024-07-16,1148.800048828125,1179.0,1142.75,1176.25,2152821.0,1150.33837890625,1160.7823486328125,1141.655517578125,1154.0029296875,1082171.375,1148.800048828125,0.023894455088051547,0.004528969914897152,0.019365485173154395,0.0003750220159916627
2024-07-18,1160.574462890625,1179.933837890625,1155.6358642578125,1178.74853515625,2591377.0,1172.6646728515625,1185.09033203125,1161.9990234375,1177.2236328125,1375615.25,1176.25,0.002124153161530362,0.0008277430924548135,0.0012964100690755487,1.6806790672004688e-06
2024-07-19,1185.2674560546875,1185.3663330078125,1168.4761962890625,1173.414794921875,1402279.0,1176.27294921875,1183.1890869140625,1157.831298828125,1169.838134765625,1737186.25,1178.74853515625,-0.004524917805024398,-0.007559203786788871,0.003034285981764473,9.206891419132392e-06
2024-07-22,1170.45166015625,1196.03369140625,1167.7354736328125,1190.008544921875,1719663.0,1169.012939453125,1176.5914306640625,1155.4935302734375,1167.512939453125,1315387.75,1173.414794921875,0.01414141876496866,-0.005029641260951512,0.019171060025920172,0.00036752954251743436
2024-07-23,1200.0833740234375,1247.0989990234375,1185.514404296875,1241.468994140625,5204189.0,1185.8165283203125,1193.896484375,1174.329345703125,1184.726318359375,996537.1875,1190.008544921875,0.04324376445727829,-0.004438813977463263,0.04768257843474155,0.00227362828618528
2024-07-24,1241.5677490234375,1242.2591552734375,1202.453857421875,1216.1339111328125,3367339.0,1230.911865234375,1237.1961669921875,1212.005859375,1221.52294921875,1843290.0,1241.468994140625,-0.020407342533230177,-0.01606648657035703,-0.004340855962873147,1.8843030490411356e-05
2024-07-25,1216.8746337890625,1219.8377685546875,1194.0089111328125,1208.5777587890625,2529080.0,1212.4705810546875,1220.598876953125,1194.5899658203125,1208.02392578125,1623170.375,1216.1339111328125,-0.006213256841684056,-0.00666866146673617,0.00045540462505211377,2.0739337251885631e-07
2024-07-26,1216.050048828125,1218.949951171875,1205.4000244140625,1213.6500244140625,802492.0,1204.550048828125,1212.9947509765625,1187.7933349609375,1199.7730712890625,1358529.0,1208.5777587890625,0.004196888109278207,-0.007285164265162236,0.011482052374440443,0.00013183752672939344
2024-07-29,1215.0,1222.0,1185.0,1201.4000244140625,1944124.0,1214.0223388671875,1225.2669677734375,1201.2099609375,1216.373779296875,1234849.5,1213.6500244140625,-0.010093519345425905,0.002244267151172652,-0.012337786496598557,0.0001522209756356497
2024-07-30,1206.0,1211.4000244140625,1189.199951171875,1194.9000244140625,1331004.0,1186.7314453125,1194.3284912109375,1167.8367919921875,1182.13330078125,2643708.0,1201.4000244140625,-0.005410354476370283,-0.01603689299258093,0.010626538516210648,0.0001129233208365084
2024-07-31,1193.0,1193.0,1167.0,1188.949951171875,2994289.0,1194.2069091796875,1200.4417724609375,1172.456787109375,1183.812255859375,1510354.75,1194.9000244140625,-0.004979557386071032,-0.0092792437259549,0.004299686339883868,1.8487302621383933e-05
2024-08-01,1188.949951171875,1216.0,1188.0,1208.3499755859375,1675363.0,1180.5819091796875,1192.7642822265625,1168.496826171875,1184.4901123046875,1453398.0,1188.949951171875,0.016316939493492555,-0.003751073678746275,0.02006801317223883,0.0004027251526811512
2024-08-02,1200.0,1220.0,1190.0,1193.6500244140625,1262150.0,1196.9993896484375,1206.2950439453125,1182.7784423828125,1195.3138427734375,1205613.75,1208.3499755859375,-0.01216530928032411,-0.010788375119698768,-0.0013769341606253427,1.895947682697017e-06
2024-08-05,1176.0,1213.5999755859375,1151.0,1199.4000244140625,3718458.0,1197.7940673828125,1213.3475341796875,1177.6142578125,1182.55419921875,2332911.5,1193.6500244140625,0.004817157359689794,-0.009295710608944407,0.014112867968634202,0.00019917304230010127
2024-08-06,1200.0,1212.0999755859375,1182.8499755859375,1185.5999755859375,1304014.0,1184.180908203125,1196.779541015625,1168.044677734375,1185.217041015625,2507545.75,1199.4000244140625,-0.011505793352694527,-0.011825065124011713,0.00031927177131718665,1.0193446396001392e-07
2024-08-07,1182.550048828125,1207.75,1182.550048828125,1199.5999755859375,759323.0,1186.59521484375,1197.062255859375,1173.510498046875,1186.7919921875,1146194.875,1185.5999755859375,0.011808367314684709,0.0010054121340323796,0.01080295518065233,0.000116703840635183
2024-08-08,1192.0,1195.0,1174.0,1178.300048828125,1298997.0,1190.1990966796875,1202.7342529296875,1170.266357421875,1179.038818359375,1346204.0,1199.5999755859375,-0.017755857945402687,-0.017140011374641384,-0.0006158465707613026,3.7926699871845604e-07
2024-08-09,1188.9000244140625,1188.9000244140625,1180.0,1186.1500244140625,489864.0,1176.1715087890625,1186.170166015625,1164.9495849609375,1176.8831787109375,1104011.375,1178.300048828125,0.006662119375913322,-0.0012024697093042658,0.007864589085217588,6.185176147932362e-05
2024-08-12,1176.0,1184.3499755859375,1166.050048828125,1170.800048828125,787584.0,1184.30810546875,1193.58984375,1174.022216796875,1185.8367919921875,739040.75,1186.1500244140625,-0.012941006845672898,-0.00026407487706259225,-0.012676931968610305,0.00016070460413677396
2024-08-13,1172.699951171875,1182.75,1167.5999755859375,1178.800048828125,785371.0,1167.3167724609375,1171.7996826171875,1149.8214111328125,1158.2734375,1103210.0,1170.800048828125,0.006832934460506257,-0.010699189277164067,0.017532123737670324,0.0003073753627529833
2024-08-14,1187.0,1187.0999755859375,1158.699951171875,1167.550048828125,991108.0,1171.3555908203125,1179.178955078125,1157.4781494140625,1168.58447265625,1071575.875,1178.800048828125,-0.009543603269429712,-0.00866608054693463,-0.0008775227224950832,7.700461284951828e-07
2024-08-16,1168.0,1190.6500244140625,1168.0,1187.75,831846.0,1167.0615234375,1175.9642333984375,1155.8697509765625,1166.55908203125,877484.625,1167.550048828125,0.017301143700134913,-0.0008487574454471014,0.018149901145582015,0.00032941891159439935
2024-08-19,1198.0,1200.0,1171.550048828125,1177.4000244140625,682374.0,1174.8973388671875,1182.44287109375,1161.9593505859375,1172.585205078125,1100852.0,1187.75,-0.008713934401967993,-0.012767665688802388,0.004053731286834394,1.6432737345860036e-05
2024-08-20,1182.949951171875,1182.949951171875,1166.75,1171.199951171875,673329.0,1178.396484375,1185.0401611328125,1165.6314697265625,1175.0313720703125,887340.75,1177.4000244140625,-0.005265902083935292,-0.0020117651559662386,-0.0032541369279690535,1.058940714597187e-05
2024-08-21,1171.949951171875,1181.0,1167.050048828125,1177.550048828125,802420.0,1171.860107421875,1178.3541259765625,1155.9901123046875,1163.09033203125,1325069.0,1171.199951171875,0.005421873224888962,-0.006924196959290141,0.012346070184179103,0.00015242544899267624
2024-08-22,1184.050048828125,1209.8499755859375,1181.0,1205.800048828125,2041300.0,1172.297607421875,1179.5042724609375,1155.021484375,1165.48193359375,1219537.75,1177.550048828125,0.02399048773180712,-0.010248494530134766,0.034238982261941886,0.0011723079063335712
2024-08-23,1212.0,1215.0,1194.9000244140625,1196.800048828125,852159.0,1201.0146484375,1213.8125,1189.0975341796875,1204.4781494140625,1239558.5,1205.800048828125,-0.007463924063319416,-0.0010962840939898744,-0.006367639969329542,4.0546838779003123e-05
2024-08-26,1205.0,1221.8499755859375,1194.050048828125,1220.050048828125,1045317.0,1195.6986083984375,1201.97216796875,1178.1875,1189.280517578125,1116985.25,1196.800048828125,0.019426804020241883,-0.006283030534100398,0.02570983455434228,0.0006609955928116524
2024-08-27,1220.0,1220.550048828125,1208.0,1209.5999755859375,483025.0,1211.699462890625,1221.748046875,1197.4503173828125,1211.4443359375,1075286.75,1220.050048828125,-0.008565282426097998,-0.007053573661909174,-0.0015117087641888238,2.285263387725301e-06
2024-08-28,1210.0,1215.3499755859375,1196.5999755859375,1201.1500244140625,779730.0,1212.3583984375,1219.419921875,1194.5810546875,1205.492919921875,838187.25,1209.5999755859375,-0.006985740197110846,-0.0033953833886885,-0.003590356808422346,1.2890662011784693e-05
2024-08-29,1201.1500244140625,1208.9000244140625,1185.25,1198.449951171875,1062444.0,1198.1058349609375,1206.9368896484375,1184.0714111328125,1195.970947265625,792215.625,1201.1500244140625,-0.0022479067454580504,-0.004311765427440162,0.0020638586819821114,4.259512659192938e-06
2024-08-30,1195.0,1207.5,1195.0,1200.1500244140625,2550399.0,1191.71728515625,1202.02978515625,1180.3524169921875,1193.9464111328125,900314.125,1198.449951171875,0.0014185600662965925,-0.003757804015644406,0.005176364081940998,2.6794745108808876e-05
2024-09-02,1200.0,1227.0,1197.199951171875,1199.699951171875,1852516.0,1176.38427734375,1216.0194091796875,1159.1231689453125,1170.38525390625,3100641.75,1200.1500244140625,-0.00037501415075769096,-0.02480087480925086,0.02442586065849317,0.0005966226689081244
2024-09-03,1209.0,1218.3499755859375,1196.300048828125,1199.0,1884428.0,1187.660888671875,1198.9705810546875,1156.706787109375,1171.97607421875,4764723.0,1199.699951171875,-0.0005834385266010322,-0.023109008986825552,0.02252557046022452,0.0005074013245585395
2024-09-04,1196.050048828125,1198.949951171875,1175.0,1194.949951171875,1633635.0,1203.45849609375,1222.6016845703125,1194.8787841796875,1212.644775390625,1869676.0,1199.0,-0.0033778555697455692,0.011380129600187638,-0.014757985169933208,0.0002177981262759685
2024-09-05,1199.5,1206.8499755859375,1185.6500244140625,1188.6500244140625,1062421.0,1189.296142578125,1195.789794921875,1172.2247314453125,1181.5181884765625,1419734.625,1194.949951171875,-0.005272126043131986,-0.011240439553255044,0.005968313510123058,3.562076615511742e-05
2024-09-06,1188.0,1191.75,1168.75,1173.8499755859375,989655.0,1194.9874267578125,1207.8133544921875,1177.4188232421875,1184.8284912109375,1230898.125,1188.6500244140625,-0.012451140810282313,-0.003215019664857821,-0.009236121145424492,8.530593381295743e-05
2024-09-09,1173.8499755859375,1195.949951171875,1169.9000244140625,1192.050048828125,1969830.0,1173.9049072265625,1184.06640625,1163.6729736328125,1173.7276611328125,853076.625,1173.8499755859375,0.015504599072043046,-0.00010419939146311119,0.015608798463506157,0.00024363458947435218
2024-09-10,1200.0,1212.949951171875,1196.25,1204.1500244140625,1815998.0,1192.639404296875,1203.837158203125,1174.474609375,1180.904052734375,1318123.5,1192.050048828125,0.010150560035488976,-0.009350275271333919,0.019500835306822895,0.00038028257766383036
2024-09-11,1209.9000244140625,1219.0,1201.25,1204.4000244140625,1837013.0,1204.210205078125,1214.9595947265625,1193.4991455078125,1205.3870849609375,1259608.75,1204.1500244140625,0.0002076153261065805,0.0010273309154122945,-0.000819715589305714,6.71933647350814e-07
2024-09-12,1210.0,1225.949951171875,1199.3499755859375,1222.75,2635403.0,1203.897216796875,1215.815673828125,1194.62939453125,1207.0513916015625,1243691.5,1204.4000244140625,0.01523578147955007,0.0022014008084978443,0.013034380671052226,0.0001698950794778999
2024-09-13,1226.0,1227.0,1208.050048828125,1210.300048828125,1569211.0,1219.692138671875,1230.6728515625,1208.80810546875,1220.34326171875,1481767.625,1222.75,-0.010181926944898834,-0.0019682995553056415,-0.008213627389593192,6.746367489507548e-05
2024-09-16,1220.0,1223.75,1207.0,1218.5,984584.0,1210.0181884765625,1218.5765380859375,1197.991943359375,1207.386474609375,1133110.375,1210.300048828125,0.006775139090355875,-0.002407315625221229,0.009182454715577104,8.43174746036242e-05
2024-09-17,1223.0,1234.300048828125,1212.1500244140625,1220.25,1450593.0,1219.89013671875,1228.8135986328125,1207.58447265625,1218.121826171875,1183940.625,1218.5,0.001436192039392603,-0.0003103601379770282,0.0017465521773696313,3.0504445082746e-06
2024-09-18,1220.25,1223.4000244140625,1194.0,1200.8499755859375,930896.0,1219.6016845703125,1229.4810791015625,1205.958740234375,1215.3125,1155409.25,1220.25,-0.015898401486631797,-0.004046301987297718,-0.011852099499334079,0.00014047226254211513
2024-09-19,1207.0,1225.5999755859375,1204.050048828125,1215.25,2737652.0,1206.5086669921875,1214.1898193359375,1192.60595703125,1203.06103515625,1151531.375,1200.8499755859375,0.011991526591018431,0.0018412454638503384,0.010150281127168093,0.00010302820696054476
2024-09-20,1220.0,1230.949951171875,1213.3499755859375,1216.8499755859375,3533125.0,1213.32763671875,1220.8677978515625,1195.95947265625,1206.3297119140625,1704512.75,1215.25,0.0013165814325755143,-0.007340290545926775,0.00865687197850229,7.494143245217815e-05
2024-09-23,1222.0,1233.6500244140625,1210.25,1211.550048828125,2818001.0,1214.152099609375,1223.1513671875,1201.2734375,1213.048095703125,1556411.5,1216.8499755859375,-0.004355447971522097,-0.003124362048807061,-0.0012310859227150361,1.5155725491071319e-06
2024-09-24,1216.0,1227.9000244140625,1210.050048828125,1211.6500244140625,3393528.0,1214.867919921875,1222.85009765625,1201.119873046875,1209.7764892578125,1709871.375,1211.550048828125,8.25187420314677e-05,-0.001463876438309697,0.0015463951803411646,2.391338053782383e-06
2024-09-25,1213.9000244140625,1216.0,1182.050048828125,1189.5999755859375,2448744.0,1208.263671875,1216.810302734375,1196.206787109375,1206.0318603515625,1427278.5,1211.6500244140625,-0.018198364530870315,-0.004636787809431109,-0.013561576721439206,0.00018391636317148174
2024-09-26,1195.0,1217.0,1191.1500244140625,1213.449951171875,2323705.0,1192.04052734375,1206.94189453125,1183.2847900390625,1196.274658203125,1690173.5,1189.5999755859375,0.02004873577287203,0.00561086310875214,0.014437872664119888,0.00020845216706534032
2024-09-27,1213.949951171875,1215.699951171875,1199.0,1201.550048828125,2177204.0,1211.0751953125,1220.0008544921875,1199.3529052734375,1209.5703125,1479026.75,1213.449951171875,-0.009806669267453327,-0.00319719710576305,-0.006609472161690277,4.368512225615875e-05
2024-09-30,1194.949951171875,1213.6500244140625,1194.949951171875,1196.949951171875,1223096.0,1205.9622802734375,1217.9422607421875,1196.7767333984375,1209.191162109375,1508767.5,1201.550048828125,-0.0038284694513861517,0.006359379943184473,-0.010187849394570625,0.00010379227528645306
2024-10-01,1196.949951171875,1205.449951171875,1191.5999755859375,1196.25,892381.0,1195.186279296875,1202.310791015625,1180.2763671875,1189.5701904296875,1205469.25,1196.949951171875,-0.0005847789802654324,-0.006165471442613257,0.005580692462347825,3.114412835930583e-05
2024-10-03,1186.0,1190.0,1150.1500244140625,1152.75,1912206.0,1198.5821533203125,1209.284423828125,1190.6495361328125,1200.9617919921875,1012049.5625,1196.25,-0.036363636363636376,0.003938802083333304,-0.04030243844696968,0.0016242865447717797
2024-10-04,1150.0,1154.75,1125.199951171875,1130.4000244140625,1773781.0,1166.0736083984375,1178.72265625,1161.4444580078125,1171.9273681640625,1128987.5,1152.75,-0.019388397819073977,0.016636190122804262,-0.03602458794187824,0.001297770936382119
2024-10-07,1130.4000244140625,1142.6500244140625,1106.949951171875,1111.4000244140625,1542124.0,1133.4649658203125,1147.855224609375,1125.5872802734375,1139.665771484375,870632.875,1130.4000244140625,-0.01680820912034975,0.008196874442846225,-0.025005083563195973,0.0006252542040024135
2024-10-08,1111.4000244140625,1124.4000244140625,1105.449951171875,1119.050048828125,1738272.0,1115.2037353515625,1124.99853515625,1096.594482421875,1106.47705078125,1362928.625,1111.4000244140625,0.0068832321810463615,-0.004429524495833892,0.011312756676880253,0.00012797846363029876
2024-10-09,1127.0,1132.0,1110.0,1117.800048828125,1322027.0,1112.6055908203125,1154.054931640625,1106.323974609375,1129.7161865234375,1596244.125,1119.050048828125,-0.001117018851220286,0.009531421500300397,-0.010648440351520683,0.00011338928191989392
2024-10-10,1117.800048828125,1129.0,1111.4000244140625,1114.1500244140625,1176370.0,1121.319091796875,1133.8775634765625,1112.608154296875,1126.155029296875,1090472.125,1117.800048828125,-0.0032653643358568907,0.007474485689555221,-0.010739850025412112,0.00011534437856834454
2024-10-11,1118.0,1122.3499755859375,1101.6500244140625,1113.0999755859375,569469.0,1133.581787109375,1144.189208984375,1128.384033203125,1138.4678955078125,1088366.5,1114.1500244140625,-0.0009424662793300342,0.02182638833270123,-0.022768854612031264,0.0005184207403438174
2024-10-14,1120.0,1138.0,1105.5999755859375,1113.550048828125,513799.0,1120.34521484375,1127.7550048828125,1108.572265625,1117.2823486328125,710205.625,1113.0999755859375,0.00040434215439688614,0.0037574100607391525,-0.0033530679063422664,1.124306438454251e-05
2024-10-15,1116.0,1119.0,1106.0999755859375,1115.25,768815.0,1119.6138916015625,1131.731201171875,1111.219970703125,1124.0909423828125,890030.0625,1113.550048828125,0.001526605089429145,0.009466025856476268,-0.007939420767047123,6.303440211621913e-05
2024-10-16,1115.199951171875,1120.0,1102.0999755859375,1113.949951171875,738403.0,1117.97216796875,1130.00927734375,1109.517333984375,1122.845947265625,897572.375,1115.25,-0.0011657017064559128,0.006810981632481505,-0.007976683338937418,6.36274770896818e-05
2024-10-17,1113.0,1117.0,1087.6500244140625,1090.1500244140625,975432.0,1113.05029296875,1117.1917724609375,1095.2978515625,1102.0137939453125,816734.625,1113.949951171875,-0.02136534656047606,-0.010715164728905213,-0.010650181831570849,0.0001134263730455218
2024-10-18,1090.1500244140625,1098.1500244140625,1072.050048828125,1093.25,953926.0,1100.67626953125,1111.0045166015625,1085.995361328125,1097.17822265625,809669.4375,1090.1500244140625,0.002843622911079313,0.006447000949217907,-0.003603378038138594,1.2984333285739542e-05
2024-10-21,1047.0,1059.449951171875,986.3499755859375,1017.0499877929688,11484692.0,1089.2198486328125,1096.313232421875,1074.9805908203125,1084.158447265625,925807.875,1093.25,-0.06970044565015432,-0.008316078421564121,-0.0613843672285902,0.003768040540054418
2024-10-22,1023.2999877929688,1023.8499755859375,994.5,998.25,2742491.0,1034.4886474609375,1046.2646484375,1008.9049072265625,1027.263916015625,2465620.25,1017.0499877929688,-0.01848482180680744,0.010042700305046726,-0.028527522111854164,0.0008138195178423283
2024-10-23,1000.0,1016.7999877929688,995.0,1014.5499877929688,1936612.0,1018.2576904296875,1050.48828125,1008.06640625,1040.489013671875,2163808.75,998.25,0.016328562777830014,0.04231306152955172,-0.025984498751721707,0.000675194175378227
2024-10-24,1017.9500122070312,1022.0999755859375,994.9000244140625,996.4500122070312,2014701.0,1018.005859375,1037.0992431640625,1006.8431396484375,1027.3626708984375,1070848.25,1014.5499877929688,-0.01784039801263204,0.012628932294741935,-0.030469330307373976,0.0009283800893798584
2024-10-25,996.9000244140625,1003.5499877929688,970.5,973.0499877929688,2258366.0,1008.773681640625,1028.0126953125,996.7921142578125,1017.6064453125,1087535.5,996.4500122070312,-0.023483390162476803,0.021231805756727784,-0.04471519591920459,0.0019994487460928507
2024-10-28,973.0499877929688,983.3499755859375,964.0,975.9000244140625,2364081.0,997.0367431640625,1011.8020629882812,977.04052734375,992.8048095703125,703153.125,973.0499877929688,0.002928972464773416,0.020301959842937478,-0.017372987378164062,0.0003018206904418478
2024-10-29,982.0,995.2999877929688,973.7999877929688,992.0499877929688,1256095.0,985.042724609375,993.547119140625,967.3875732421875,980.947265625,1373857.25,975.9000244140625,0.01654878878459165,0.005171883476453365,0.011376905308138285,0.00012943397439034508
2024-10-30,991.25,1027.0,988.1500244140625,1022.7000122070312,2048134.0,1003.0704956054688,1018.7285766601562,989.31640625,1006.7556762695312,1594194.25,992.0499877929688,0.030895645170310626,0.014823535766860463,0.016072109403450163,0.0002583127006764712
2024-10-31,1025.0,1027.9000244140625,997.0999755859375,1002.5499877929688,1381633.0,1022.5929565429688,1034.567626953125,1009.007568359375,1022.8043212890625,1096885.0,1022.7000122070312,-0.0197027712658161,0.00010199382104847388,-0.019804765086864573,0.0003922287201458899
2024-11-01,1002.5499877929688,1012.0,1000.0,1004.0999755859375,212772.0,1021.5465698242188,1047.9649658203125,1004.1534423828125,1031.4339599609375,2481089.5,1002.5499877929688,0.0015460453960813858,0.028810505730047842,-0.027264460333966456,0.0007433507973024303
2024-11-04,998.0,1000.9500122070312,976.0499877929688,994.5999755859375,1427199.0,1020.2015380859375,1038.9261474609375,1010.7161254882812,1030.5263671875,679383.0,1004.0999755859375,-0.009461209272967341,0.026318486449660172,-0.035779695722627514,0.0012801866260038096
2024-11-05,985.0999755859375,1013.0999755859375,985.0999755859375,1000.75,1163041.0,989.8978271484375,1004.3471069335938,980.089599609375,995.9298095703125,547306.625,994.5999755859375,0.006183415006057569,0.0013370541092077026,0.004846360896849866,2.3487213942515437e-05
2024-11-06,1002.0,1010.6500244140625,997.9000244140625,1007.0499877929688,683591.0,1002.73046875,1018.8734741210938,994.563720703125,1010.8062744140625,532012.0,1000.75,0.006295266343211425,0.010048737860667067,-0.003753471517455642,1.408854843235076e-05
2024-11-07,1007.5,1010.0,983.5499877929688,984.8499755859375,1144864.0,1009.984130859375,1036.799560546875,1002.7696533203125,1028.2601318359375,1424653.875,1007.0499877929688,-0.02204459805980874,0.021061659599889815,-0.043106257659698555,0.0018581494494243204
2024-11-08,989.0,997.2999877929688,975.4000244140625,992.9500122070312,973252.0,1003.4544677734375,1033.3018798828125,995.3456420898438,1024.3773193359375,1481233.5,984.8499755859375,0.00822464011970414,0.04013539597894922,-0.03191075585924508,0.001018296339508344
2024-11-11,993.2000122070312,997.9500122070312,973.25,975.9500122070312,1108758.0,1005.394287109375,1033.3477783203125,989.38330078125,1019.0357666015625,2263138.5,992.9500122070312,-0.017120700731161786,0.026270964372668182,-0.04339166510382997,0.0018828366004829354
2024-11-12,975.9500122070312,986.3499755859375,965.5499877929688,967.5499877929688,968082.0,996.5465087890625,1017.21337890625,986.1539306640625,1008.6056518554688,794577.5,975.9500122070312,-0.008607023217374166,0.03346036092011451,-0.04206738413748867,0.0017696648081710336
2024-11-13,965.0,969.9500122070312,950.0,952.75,948691.0,986.328369140625,1004.3564453125,976.901611328125,994.513671875,851554.125,967.5499877929688,-0.015296354689361635,0.027868001056500225,-0.04316435574586186,0.0018631616069553177
2024-11-14,950.0,955.25,922.0,925.0,1950720.0,960.2608642578125,980.753662109375,951.6498413085938,970.9944458007812,1064950.5,952.75,-0.029126213592232997,0.019149247757314303,-0.0482754613495473,0.002330520168511635
2024-11-18,929.7999877929688,942.5,916.0,930.75,2193819.0,951.1090087890625,973.742919921875,941.3244018554688,962.4692993164062,1537483.125,925.0,0.006216216216216264,0.04050735061233102,-0.03429113439611475,0.0011758818981724042
2024-11-19,935.0,940.5,915.0499877929688,917.1500244140625,1844903.0,933.2369384765625,984.15771484375,904.8128662109375,961.4888916015625,3314820.5,930.75,-0.01461184591559228,0.03302593779378182,-0.047637783709374104,0.002269358436741109
2024-11-21,917.1500244140625,922.0,900.5,911.7000122070312,1550618.0,917.9271240234375,975.10009765625,890.0304565429688,952.727783203125,3313813.0,917.1500244140625,-0.0059423344730465955,0.03879164568718396,-0.04473398016023056,0.0020011289809759012
2024-11-22,916.25,948.5,912.8499755859375,945.2000122070312,1427895.0,919.5664672851562,973.3602905273438,891.6844482421875,951.7691650390625,3158169.0,911.7000122070312,0.03674454266914351,0.04394993122247781,-0.007205388553334302,5.191762420452099e-05
2024-11-25,950.0,962.75,946.5999755859375,955.7000122070312,2468847.0,954.3804931640625,976.2920532226562,946.6234741210938,967.55322265625,859528.1875,945.2000122070312,0.011108759907315857,0.02364918552743589,-0.012540425620120033,0.0001572622747337629
2024-11-26,960.0,967.4500122070312,951.9500122070312,963.5499877929688,638057.0,970.9744262695312,992.6544189453125,954.3688354492188,973.2710571289062,2408478.0,955.7000122070312,0.008213848996202477,0.018385523383323665,-0.010171674387121188,0.00010346295983761719
2024-11-27,964.0,965.0999755859375,952.7000122070312,960.0499877929688,786040.0,962.3821411132812,978.8006591796875,955.1817016601562,970.3783569335938,808184.3125,963.5499877929688,-0.0036324010630904846,0.007086678664451673,-0.010719079727542158,0.00011489867020540526
2024-11-28,960.0,972.7000122070312,938.2999877929688,941.0499877929688,1834887.0,961.0105590820312,975.7845458984375,953.5834350585938,966.079833984375,1160945.75,960.0499877929688,-0.019790636156017838,0.0062807627395196075,-0.026071398895537445,0.0006797178403702311
2024-11-29,941.7999877929688,964.4000244140625,941.5,958.6500244140625,1482253.0,947.3392333984375,976.0721435546875,916.746826171875,954.3671875,2977502.5,941.0499877929688,0.018702552307950038,0.014151426470196293,0.0045511258377537445,2.0712746391069723e-05
2024-12-02,958.6500244140625,962.8499755859375,947.2999877929688,957.0,916920.0,944.6740112304688,1007.9405517578125,943.7579345703125,992.667724609375,5046400.5,958.6500244140625,-0.0017211958191635235,0.035485004254920405,-0.03720620007408393,0.001384301323952763
2024-12-03,958.0499877929688,959.75,948.6500244140625,955.0,1346981.0,958.880615234375,966.866455078125,948.3534545898438,954.8115234375,915116.3125,957.0,-0.002089864158829724,-0.002286809365203757,0.0001969452063740329,3.8787414313710406e-08
2024-12-04,956.0,963.8499755859375,949.6500244140625,961.2000122070312,1236061.0,957.7139892578125,982.2554931640625,922.8862915039062,957.3661499023438,2892598.25,955.0,0.006492159379090312,0.0024776438767997178,0.004014515502290594,1.6116334718131504e-05
2024-12-05,965.0,970.9500122070312,946.25,966.4500122070312,2043341.0,966.8895263671875,986.9876098632812,928.9869384765625,960.9661865234375,2866854.0,961.2000122070312,0.005461922527388863,-0.00024326433689580984,0.005705186864284673,3.2549157156406374e-05
2024-12-06,970.0,976.4000244140625,964.0999755859375,974.4500122070312,1893714.0,970.4833984375,977.0911865234375,958.4557495117188,966.0545043945312,927196.9375,966.4500122070312,0.008277717314867372,-0.0004092377334620201,0.008686955048329392,7.546318801169552e-05
2024-12-09,974.0,974.0,931.5,933.9500122070312,3679131.0,971.5359497070312,977.7879028320312,959.84912109375,966.52783203125,970510.6875,974.4500122070312,-0.04156190619595923,-0.008129898995884122,-0.03343200720007511,0.001117699105425874
2024-12-10,938.5,938.5999755859375,925.2000122070312,926.75,1990270.0,957.32177734375,977.2037353515625,942.5772094726562,960.1588745117188,2431088.0,933.9500122070312,-0.007709205110471351,0.028062382313966516,-0.03577158742443787,0.0012796064668642014
2024-12-11,931.4000244140625,942.9500122070312,929.4000244140625,935.0499877929688,1356603.0,935.682373046875,949.6744995117188,927.1674194335938,939.1322021484375,1121472.5,926.75,0.00895601596219997,0.01336088713076622,-0.004404871168566249,1.940289001166619e-05
2024-12-12,937.0,938.4500122070312,916.0,921.25,1913140.0,940.8050537109375,964.3052978515625,927.747802734375,948.6978149414062,2264821.0,935.0499877929688,-0.01475855619819999,0.014595826240959564,-0.029354382439159554,0.0008616797683844388
2024-12-13,919.25,931.0,907.4000244140625,929.7000122070312,1278151.0,928.2144775390625,952.9993896484375,921.1070556640625,944.6685791015625,1642943.875,921.25,0.009172333467605265,0.025420438644844,-0.016248105177238736,0.00026400092185061225
2024-12-16,929.7000122070312,934.6500244140625,917.0,920.3499755859375,848667.0,928.4732666015625,934.8753662109375,915.843017578125,921.914306640625,1324801.25,929.7000122070312,-0.010057046895049049,-0.008374427733870426,-0.0016826191611786223,2.8312072415654504e-06
2024-12-17,920.3499755859375,922.0,900.0,904.9000244140625,1597108.0,926.4407958984375,936.31640625,917.7874755859375,926.3565673828125,948858.875,920.3499755859375,-0.016787039258667757,0.006526421422514694,-0.023313460681182452,0.0005435174489330401
2024-12-18,905.0,916.9000244140625,904.4500122070312,909.3499755859375,1154541.0,907.055419921875,938.1611938476562,873.2730712890625,915.7609252929688,3012803.25,904.9000244140625,0.0049176163684561125,0.012002321345873312,-0.0070847049774172,5.019304461704005e-05
2024-12-19,908.0,918.0,901.0999755859375,907.0999755859375,2589001.0,918.6420288085938,925.8722534179688,910.5311889648438,916.3540649414062,615648.75,909.3499755859375,-0.0024742948924040276,0.007702303341412309,-0.010176598233816336,0.00010356315161251377
2024-12-20,907.0,916.5,882.9000244140625,889.4500122070312,2441036.0,916.531982421875,933.9395141601562,908.261962890625,925.677734375,1295839.0,907.0999755859375,-0.019457572322725825,0.020480387266091915,-0.03993795958881774,0.0015950406161180388
2024-12-23,894.9500122070312,906.0,890.0,902.75,1054695.0,911.6097412109375,931.75244140625,905.10205078125,923.6815795898438,1678148.25,889.4500122070312,0.0149530469508532,0.03848621835180177,-0.02353317140094857,0.0005538101561864238
2024-12-24,904.9500122070312,912.9500122070312,896.7999877929688,907.2999877929688,1038280.0,909.9911499023438,920.5550537109375,902.91943359375,911.607177734375,1285506.25,902.75,0.005040141559644162,0.009811329531293378,-0.004771187971649216,2.2764234660810156e-05
2024-12-26,908.0,911.3499755859375,898.5999755859375,900.9500122070312,595956.0,909.0537109375,921.034423828125,902.3721923828125,913.6451416015625,869357.75,907.2999877929688,-0.006998760797279346,0.0069934463727134855,-0.013992207169992832,0.00019578186148799882
2024-12-27,902.0,911.4000244140625,899.0,907.9500122070312,870974.0,908.3411865234375,912.3631591796875,900.3020629882812,903.474609375,553051.375,900.9500122070312,0.007769576452807181,0.0028021501012962524,0.0049674263515109285,2.4675324557685174e-05
2024-12-30,907.9500122070312,912.0,898.7000122070312,903.5,1830048.0,903.36328125,913.18603515625,896.76806640625,905.0280151367188,1145093.125,907.9500122070312,-0.004901164323148355,-0.003218235619833032,-0.0016829287033153228,2.832249020442594e-06
2024-12-31,899.0,917.1500244140625,893.0999755859375,914.7000122070312,1120133.0,911.2951049804688,923.1746826171875,903.3976440429688,915.305908203125,1207467.0,903.5,0.012396250367494366,0.01306686021375203,-0.0006706098462576637,4.497175658977274e-07
2025-01-01,913.0,922.5,911.0,920.2999877929688,641424.0,915.95556640625,925.2932739257812,908.6483154296875,917.7879638671875,1454902.0,914.7000122070312,0.006122199093914427,0.0033759173706640055,0.002746281723250421,7.5420633034593025e-06
2025-01-02,921.0,931.25,913.0499877929688,929.6500244140625,1705632.0,925.5322265625,928.981689453125,910.8175048828125,910.2608642578125,510988.0,920.2999877929688,0.010159770449977623,-0.010908533813231647,0.02106830426320927,0.0004438734445271619
2025-01-03,932.7000122070312,941.9000244140625,926.0,939.4500122070312,1832664.0,949.5151977539062,956.05712890625,922.9869384765625,927.87060546875,1016204.4375,929.6500244140625,0.010541588270430502,-0.0019140740048213534,0.012455662275251855,0.00015514352271513222
2025-01-06,935.0,955.0,929.0999755859375,946.9000244140625,2692614.0,938.0774536132812,947.9556274414062,930.3429565429688,938.327392578125,1815567.375,939.4500122070312,0.007930184799858742,-0.0011949753731642643,0.009125160173023006,8.326854818332526e-05
2025-01-07,952.0,972.0,949.75,955.0,2413582.0,946.6639404296875,954.5467529296875,937.498291015625,944.8052368164062,1253937.75,946.9000244140625,0.008554203587596065,-0.0022122584683135216,0.010766462055909587,0.00011591670520134089
2025-01-08,955.0,963.8499755859375,945.4500122070312,961.5999755859375,1235226.0,936.322998046875,975.2945556640625,904.3644409179688,961.5794067382812,2742572.25,955.0,0.006910969199934502,0.00688943113956153,2.1538060372972012e-05,4.6388804462978727e-10
2025-01-09,957.4500122070312,982.7999877929688,954.5,970.0999755859375,2130681.0,953.6575927734375,969.1304931640625,951.7341918945312,964.1878662109375,1017297.4375,961.5999755859375,0.008839434500630627,0.0026912340793510126,0.006148200421279615,3.7800368420222834e-05
2025-01-10,965.2000122070312,980.0,959.0,972.7999877929688,1443387.0,963.633056640625,989.4649047851562,953.1807250976562,983.4307861328125,1881485.75,970.0999755859375,0.002783230878240728,0.01374168733364134,-0.010958456455400611,0.00012008776788491133
2025-01-13,945.2000122070312,969.0499877929688,945.0,965.4500122070312,1876479.0,966.7390747070312,989.634033203125,957.0957641601562,985.0570068359375,1791995.0,972.7999877929688,-0.007555484866537343,0.012599731904578526,-0.02015521677111587,0.00040623276309067043
2025-01-14,965.7000122070312,977.0,958.5999755859375,963.1500244140625,1558290.0,957.782470703125,965.0587768554688,950.6430053710938,956.2923583984375,1075133.625,965.4500122070312,-0.002382296093933367,-0.00948537334176347,0.007103077247830103,5.045370638864167e-05
2025-01-15,963.1500244140625,963.1500244140625,944.5999755859375,955.5499877929688,3190709.0,966.0819091796875,977.873779296875,961.904541015625,971.8823852539062,1068074.25,963.1500244140625,-0.0078908128831926,0.00906645965684949,-0.01695727254004209,0.0002875490919972655
2025-01-16,960.0,960.0,926.0499877929688,937.7000122070312,2019985.0,970.17919921875,1025.8502197265625,963.4332275390625,1010.6112670898438,4496642.0,955.5499877929688,-0.01868031585366403,0.05762260478287473,-0.07630292063653876,0.005822135697665933
2025-01-17,942.0,959.3499755859375,935.3499755859375,954.4500122070312,677451.0,940.9686279296875,950.8446044921875,931.8211059570312,941.87060546875,888951.5625,937.7000122070312,0.0178628556915299,0.0044476839153522185,0.013415171776177681,0.00017996683378435424
2025-01-20,960.0,968.5999755859375,944.4500122070312,960.2999877929688,702848.0,942.7896728515625,952.818603515625,935.32275390625,943.6405029296875,978516.125,954.4500122070312,0.006129158689421876,-0.011325380207548252,0.01745453889697013,0.0003046609281058432
2025-01-21,961.0499877929688,978.0,957.9000244140625,972.0999755859375,2281022.0,957.1503295898438,967.6416625976562,952.4439086914062,961.852294921875,482154.75,960.2999877929688,0.01228781416532998,0.001616481462708208,0.010671332702621772,0.00011387734165004489
2025-01-22,976.9000244140625,981.7000122070312,958.1500244140625,967.4000244140625,1759236.0,986.3934936523438,993.241455078125,959.8311157226562,963.626708984375,1096197.75,972.0999755859375,-0.004834843421369417,-0.008716455934951739,0.003881612513582322,1.5066915705598873e-05
2025-01-23,967.3499755859375,993.5,961.1500244140625,983.9000244140625,1235360.0,967.6192016601562,978.4293212890625,961.6461791992188,970.8846435546875,1089461.0,967.4000244140625,0.01705602603224432,0.0036020457439367437,0.013453980288307577,0.00018100958559816882
2025-01-24,988.75,1004.0,986.4000244140625,992.3499755859375,2201712.0,978.4395141601562,996.763427734375,972.4010009765625,987.8480834960938,1524570.125,983.9000244140625,0.008588221325542822,0.004012662856048177,0.004575558469494645,2.093573530776418e-05
2025-01-27,989.0499877929688,998.4000244140625,960.0,965.7999877929688,1806238.0,998.8314208984375,1020.35693359375,991.9324340820312,1009.8617553710938,2011198.125,992.3499755859375,-0.026754661607455765,0.01764677806820769,-0.04440143967566346,0.001971487845271581
2025-01-28,970.9500122070312,979.25,958.0,961.25,1647098.0,969.9049072265625,982.5780639648438,964.192138671875,975.34326171875,1109066.5,965.7999877929688,-0.00471110773501493,0.009881211478982799,-0.014592319213997729,0.00021293578004320728
2025-01-29,961.25,966.6500244140625,938.0,960.5,1479070.0,962.0416870117188,968.8902587890625,951.0469970703125,956.919189453125,1257328.0,961.25,-0.0007802340702210975,-0.004505394587126177,0.0037251605169050794,1.3876820876708518e-05
2025-01-30,965.9500122070312,975.0,953.0,966.7000122070312,1706978.0,958.6870727539062,971.677978515625,953.1287841796875,964.2905883789062,1281664.625,960.5,0.006454984078116954,0.003946474106097053,0.002508509972019901,6.292622279723285e-06
2025-01-31,970.0,1031.199951171875,967.9000244140625,1024.6500244140625,5028986.0,974.03515625,986.5467529296875,967.9129028320312,978.3786010742188,1393768.75,966.7000122070312,0.05994622062197763,0.012080882093426837,0.047865338528550794,0.002291090632452769
2025-02-01,1026.0,1075.0,1014.75,1069.8499755859375,3077657.0,1041.415283203125,1070.244384765625,980.2906494140625,1041.7598876953125,7259407.5,1024.6500244140625,0.04411257511824318,0.01669825098675437,0.02741432413148881,0.0007515451675863296
2025-02-03,1067.3499755859375,1074.449951171875,1033.6500244140625,1036.300048828125,1298543.0,1067.4901123046875,1076.80908203125,1052.776611328125,1064.1683349609375,1613185.625,1069.8499755859375,-0.03135946863899097,-0.005310689119648049,-0.026048779519342924,0.0006785389144473394
2025-02-04,1040.0,1043.800048828125,1019.0499877929688,1034.199951171875,2251233.0,1048.59130859375,1057.99658203125,1037.40185546875,1047.50439453125,1394997.875,1036.300048828125,-0.0020265343600290864,0.010811874143782152,-0.012838408503811238,0.00016482473291073272
2025-02-05,1035.0999755859375,1035.25,1010.5499877929688,1015.2999877929688,1628436.0,1037.4635009765625,1053.929931640625,1031.0135498046875,1047.535400390625,1291339.75,1034.199951171875,-0.0182749606180993,0.012894459338969488,-0.03116941995706879,0.0009715327404601181
2025-02-06,1020.4000244140625,1026.300048828125,1010.1500244140625,1023.3499755859375,1172479.0,1030.105712890625,1042.9322509765625,1021.3582153320312,1032.185791015625,1124339.25,1015.2999877929688,0.007928679099531655,0.01663134386454801,-0.008702664765016355,7.573637401225717e-05
2025-02-07,1031.9000244140625,1031.9000244140625,1012.5499877929688,1021.2000122070312,941811.0,1030.9521484375,1045.131103515625,1025.1248779296875,1038.547607421875,1243407.75,1023.3499755859375,-0.002100907246003758,0.014850864512148787,-0.016951771758152545,0.0002873625657404982
2025-02-10,1020.0,1036.8499755859375,1015.7999877929688,1027.5,1418998.0,1028.787109375,1033.9893798828125,1016.3667602539062,1023.44189453125,790329.0625,1021.2000122070312,0.006169200663592944,0.0021953410668038575,0.003973859596789087,1.5791560094992723e-05
2025-02-11,1029.9000244140625,1035.449951171875,1009.0999755859375,1013.7999877929688,1204012.0,1040.9178466796875,1051.68017578125,1031.7525634765625,1039.21337890625,1037575.5,1027.5,-0.0133333452136557,0.01139988214720189,-0.02473322736085759,0.0006117325356838746
2025-02-12,1019.0,1039.0,1010.0499877929688,1029.75,1082392.0,1011.7725830078125,1020.8865356445312,1004.2371215820312,1013.8665771484375,1150976.75,1013.7999877929688,0.015732898401147333,6.568293181152818e-05,0.015667215469335805,0.00024546164056259514
2025-02-13,1029.75,1037.0,1016.8499755859375,1022.7999877929688,1169309.0,1031.5159912109375,1041.23583984375,1022.2918090820312,1029.4432373046875,976394.4375,1029.75,-0.006749222827901136,-0.0002979001653921065,-0.006451322662509029,4.161956409580259e-05
2025-02-14,1027.9000244140625,1037.8499755859375,1018.0,1022.5499877929688,2032391.0,1015.1055297851562,1023.451171875,1009.1282958984375,1016.7297973632812,698122.5625,1022.7999877929688,-0.0002444270658816805,-0.005934875344285051,0.0056904482784033705,3.2381201609183884e-05
2025-02-17,1022.0,1027.449951171875,1005.0499877929688,1023.25,925113.0,1033.3865966796875,1046.9708251953125,1027.34814453125,1040.211669921875,1257705.0,1022.5499877929688,0.0006845750480541923,0.017272194356998227,-0.016587619308944035,0.00027514911433845296
2025-02-18,1019.0999755859375,1027.949951171875,1018.5499877929688,1026.949951171875,789814.0,1016.0569458007812,1022.9189453125,1004.9077758789062,1012.2215576171875,596120.75,1023.25,0.0036158819172977807,-0.010777857202846297,0.014393739120144078,0.000207179725858766
2025-02-19,1024.0,1032.8499755859375,1021.2999877929688,1025.300048828125,782204.0,1023.36767578125,1028.4613037109375,1009.7753295898438,1015.708984375,549956.0,1026.949951171875,-0.0016066044327353035,-0.010945973349575255,0.009339368916839952,8.722381176483626e-05
2025-02-20,1020.0,1030.25,1003.6500244140625,1008.9000244140625,878748.0,1028.62890625,1034.856201171875,1020.1340942382812,1027.8875732421875,805618.0,1025.300048828125,-0.01599534149326043,0.002523675305604378,-0.018519016798864807,0.0003429539831966369
2025-02-21,1008.0,1013.6500244140625,991.4500122070312,1004.0,1330146.0,1009.8568115234375,1019.9432983398438,1002.0523681640625,1012.6831665039062,701213.1875,1008.9000244140625,-0.004856798786290306,0.003749769053718488,-0.008606567840008794,7.407300998467364e-05
2025-02-24,990.0,1011.0999755859375,990.0,1002.4000244140625,1002365.0,1004.3921508789062,1011.1337890625,993.83447265625,1001.2919921875,810727.75,1004.0,-0.001593601181212656,-0.0026972189367530097,0.0011036177555403537,1.2179721503439278e-06
2025-02-25,994.0,1010.0,993.1500244140625,1004.8499755859375,1663313.0,996.4806518554688,1003.2280883789062,987.3887939453125,994.4298095703125,779403.25,1002.4000244140625,0.002444085307466981,-0.007951131932991351,0.010395217240458332,0.00010806054147632215
2025-02-27,1005.0,1010.1500244140625,998.25,1008.0,1362115.0,1007.7916870117188,1023.3678588867188,1002.3442993164062,1017.2303466796875,1395438.0,1004.8499755859375,0.0031348206106345256,0.012320616404982054,-0.009185795794347529,8.437884437545275e-05
2025-02-28,995.0,1001.5,957.3499755859375,963.7000122070312,5082193.0,1018.6339721679688,1028.2813720703125,1011.8578491210938,1018.9022216796875,967972.25,1008.0,-0.04394840058826266,0.01081569611080102,-0.05476409669906368,0.0029991062872643977
2025-03-03,963.7000122070312,970.0,948.4000244140625,953.9000244140625,1323481.0,964.7023315429688,999.1607666015625,917.2229614257812,997.745361328125,2088227.375,963.7000122070312,-0.01016912697814043,0.03532774586473675,-0.04549687284287718,0.0020699654384809347
2025-03-04,945.0999755859375,957.8499755859375,943.1500244140625,954.5499877929688,1916433.0,958.89208984375,968.6508178710938,947.7342529296875,957.017578125,1215762.375,953.9000244140625,0.0006813747376781532,0.0032682185041901235,-0.0025868437665119703,6.691760672341838e-06
2025-03-05,948.5,965.9500122070312,948.0,956.7999877929688,2773457.0,960.8341674804688,973.798828125,954.09912109375,966.2101440429688,1077264.25,954.5499877929688,0.0023571316628501204,0.012215343773624321,-0.0098582121107742,9.718434602101511e-05
2025-03-06,964.0,965.0,943.0499877929688,958.1500244140625,2421530.0,965.34716796875,1018.4012451171875,954.1390380859375,998.4952392578125,2561939.5,956.7999877929688,0.001410991469813716,0.043577813541805455,-0.04216682207199174,0.0017780408836510096
2025-03-07,957.0,967.4000244140625,950.1500244140625,962.0499877929688,945675.0,964.65283203125,973.6185302734375,953.7811279296875,962.4015502929688,1676981.75,958.1500244140625,0.004070305567534849,0.004437223577284932,-0.0003669180097500835,1.3462882587896236e-07
2025-03-10,960.0,969.2999877929688,953.0,957.2999877929688,1660207.0,968.8917846679688,976.7461547851562,959.6884765625,966.8375244140625,1013761.5,962.0499877929688,-0.004937373380043297,0.004976390709257039,-0.009913764089300336,9.828271841830093e-05
2025-03-11,956.0,962.4000244140625,930.0999755859375,959.8499755859375,2748541.0,966.9356689453125,979.91943359375,961.6324462890625,973.6874389648438,941665.125,957.2999877929688,0.00266372905618395,0.01711840737578596,-0.01445467831960201,0.0002089377253231724
2025-03-12,951.6500244140625,961.75,943.3499755859375,945.4500122070312,1619168.0,954.7546997070312,966.5166625976562,947.3645629882812,958.0487670898438,1322254.625,959.8499755859375,-0.015002306344922167,-0.0018765521090878812,-0.013125754235834286,0.00017228542425952171
2025-03-13,950.0,955.0,940.1500244140625,946.0999755859375,907521.0,947.0086669921875,953.8160400390625,934.1033935546875,941.6688842773438,1815540.0,945.4500122070312,0.000687464562392881,-0.003999289101346504,0.004686753663739385,2.1965659904574545e-05
2025-03-17,946.0999755859375,956.5,934.5999755859375,940.4500122070312,993027.0,945.0491943359375,952.762939453125,934.5562744140625,941.9856567382812,1416194.375,946.0999755859375,-0.005971846025476402,-0.0043487146747975824,-0.0016231313506788192,2.634555381556448e-06
2025-03-18,940.4500122070312,940.4500122070312,940.4500122070312,940.4500122070312,0.0,945.38818359375,956.9637451171875,939.3482666015625,949.5335693359375,1144461.75,940.4500122070312,0.0,0.009658734660004997,-0.009658734660004997,9.329115523238185e-05
2025-03-19,947.5,959.8499755859375,945.25,949.8499755859375,1650477.0,1011.1664428710938,1054.605224609375,986.334716796875,1024.0438232421875,7615308.0,940.4500122070312,0.009995175986915683,0.08888703275039544,-0.07889185676347976,0.006223925063589407
2025-03-20,953.0999755859375,967.7000122070312,950.25,965.8499755859375,2403031.0,950.4255981445312,958.9584350585938,943.5587158203125,952.0020141601562,910042.25,949.8499755859375,0.016844765395851002,0.0022656615565961324,0.01457910383925487,0.0002125502687557761
2025-03-21,968.0,972.1500244140625,956.5999755859375,961.2000122070312,3155551.0,965.1729736328125,978.5420532226562,912.13720703125,967.3861694335938,2381404.75,965.8499755859375,-0.004814374381575504,0.0015905097960211556,-0.006404884177596659,4.1022541328428034e-05
2025-03-24,965.25,976.1500244140625,956.5,970.4500122070312,1475967.0,969.3721313476562,993.2180786132812,962.9349975585938,984.657958984375,2778656.0,961.2000122070312,0.009623387310161213,0.024404854847516644,-0.01478146753735543,0.00021849178255789242
2025-03-25,979.0,979.9000244140625,959.0,970.7000122070312,1569597.0,964.80126953125,971.9757080078125,954.92822265625,963.9056396484375,822847.3125,970.4500122070312,0.0002576124445929917,-0.006743647252587803,0.007001259697180795,4.9017637347368114e-05
2025-03-26,975.0,976.2999877929688,956.9500122070312,959.6500244140625,1399118.0,972.0375366210938,995.8846435546875,963.5115966796875,977.4026489257812,7405896.5,970.7000122070312,-0.01138352493459327,0.0069049517198527255,-0.018288476654445995,0.0003344683783402162
2025-03-27,963.0,980.4000244140625,952.5,973.5499877929688,2585170.0,961.5301513671875,1038.5843505859375,956.1870727539062,1016.1781616210938,7711627.0,959.6500244140625,0.014484408925423908,0.05890495052250522,-0.04442054159708131,0.0019731845157780308
2025-03-28,975.5,1015.0,975.0,1001.9000244140625,2313101.0,979.474365234375,1062.018310546875,972.9384155273438,1045.3883056640625,7755907.5,973.5499877929688,0.02912026806693624,0.07379006601802818,-0.04466979795109194,0.0019953908489913777
2025-04-01,1003.0,1014.5499877929688,989.25,992.25,1045548.0,1004.1915283203125,1026.360107421875,995.1126098632812,1010.7262573242188,2765806.0,1001.9000244140625,-0.009631723903496314,0.008809494655235728,-0.018441218558732042,0.0003400785419309231
2025-04-02,1018.0,1073.1500244140625,1015.0,1062.699951171875,8717812.0,997.8109130859375,1005.937744140625,987.7942504882812,997.0196533203125,1097796.125,992.25,0.07100020274313423,0.004806906848387582,0.06619329589474665,0.004381552421409484
2025-04-03,1049.9000244140625,1075.25,1048.0999755859375,1071.0,1595000.0,1048.9613037109375,1051.3240966796875,1024.9425048828125,1035.0194091796875,3196169.25,1062.699951171875,0.007810340838890761,-0.02604737297829296,0.03385771381718372,0.0011463447849263135
2025-04-04,1065.449951171875,1095.550048828125,1062.9000244140625,1087.8499755859375,4089261.0,1056.4337158203125,1064.4873046875,1034.6668701171875,1047.9554443359375,2268486.25,1071.0,0.015732937055030316,-0.02151685869660369,0.03724979575163401,0.001387547283538451
2025-04-07,1019.0,1077.699951171875,1019.0,1047.3499755859375,3200820.0,1069.419677734375,1079.955810546875,1045.593505859375,1060.5614013671875,2559387.0,1087.8499755859375,-0.037229398270828606,-0.025084869082294015,-0.012144529188534592,0.00014748958921116868
2025-04-08,1056.0,1073.5,1044.75,1069.75,1444712.0,1054.57568359375,1061.4853515625,1033.5994873046875,1043.752197265625,1730993.625,1047.3499755859375,0.02138733464096454,-0.0034351252247842856,0.024822459865748825,0.0006161545137867111
2025-04-09,1062.0,1092.949951171875,1060.050048828125,1089.75,2274161.0,1055.15576171875,1065.8572998046875,1040.470947265625,1053.280517578125,860565.0,1069.75,0.018695956999298824,-0.01539563675800426,0.034091593757303085,0.0011622367649129866
2025-04-11,1125.0,1126.0,1093.75,1097.9000244140625,1888677.0,1076.493408203125,1090.34228515625,1056.5123291015625,1071.9105224609375,1901091.25,1089.75,0.0074788019399518735,-0.016370247799093796,0.02384904973904567,0.0005687771734554743
2025-04-15,1108.300048828125,1111.0,1094.0999755859375,1103.4000244140625,1023355.0,1073.218994140625,1083.5228271484375,1047.726806640625,1060.3480224609375,1196262.5,1097.9000244140625,0.00500956360114424,-0.034203480388085516,0.03921304398922976,0.001537662818901268
2025-04-16,1094.0999755859375,1108.9000244140625,1086.800048828125,1105.9000244140625,679360.0,1091.827880859375,1106.68408203125,1078.6600341796875,1094.1199951171875,1426151.5,1103.4000244140625,0.0022657240752985697,-0.0084103943189624,0.01067611839426097,0.00011397950396827742
2025-04-17,1104.0,1133.800048828125,1094.5,1120.199951171875,1541674.0,1099.7271728515625,1112.4949951171875,1084.33447265625,1098.8021240234375,1313403.875,1105.9000244140625,0.01293057820971577,-0.006418211623049452,0.019348789832765223,0.00037437566799251886
2025-04-21,1120.199951171875,1129.5,1102.4000244140625,1121.0,692767.0,1124.888427734375,1134.7254638671875,1065.2041015625,1079.01416015625,3855730.5,1120.199951171875,0.0007142018059258515,-0.0367664638554388,0.037480665661364654,0.0014048002984189995
2025-04-22,1121.699951171875,1149.0,1118.199951171875,1136.699951171875,1231830.0,1102.8726806640625,1117.820068359375,1089.28173828125,1106.26025390625,1099209.0,1121.0,0.014005308806311234,-0.01314874763046392,0.027154056436775154,0.0007373427809715702
2025-04-23,1143.0,1156.5999755859375,1132.5999755859375,1150.0999755859375,1760325.0,1115.5809326171875,1130.805419921875,1100.3001708984375,1117.2484130859375,1113575.25,1136.699951171875,0.011788532585268241,-0.017112289013370696,0.028900821598638937,0.0008352574890763549
2025-04-24,1151.0,1168.9000244140625,1098.300048828125,1161.300048828125,5766752.0,1139.2509765625,1151.892822265625,1119.054443359375,1134.5369873046875,1335163.25,1150.0999755859375,0.009738347517555201,-0.013531856892111671,0.023270204409666873,0.0005415024132676795
2025-04-25,1160.199951171875,1165.0,1130.699951171875,1155.699951171875,1451946.0,1136.169921875,1150.0479736328125,1106.9832763671875,1125.2501220703125,1967451.125,1161.300048828125,-0.004822265926795688,-0.03104273249122025,0.02622046656442456,0.0006875128668561064
2025-04-28,1146.0999755859375,1162.5,1145.0,1155.199951171875,663435.0,1134.1519775390625,1149.9940185546875,1118.515625,1139.19384765625,1384129.25,1155.699951171875,-0.00043263824619266256,-0.014282343352950644,0.013849705106757981,0.0001918143315441581
2025-04-29,1155.199951171875,1174.0999755859375,1149.9000244140625,1168.9000244140625,1439143.0,1141.9937744140625,1154.5372314453125,1116.7056884765625,1135.2764892578125,2194997.75,1155.199951171875,0.011859482185996972,-0.01724676485127219,0.029106247037269162,0.0008471736165945399
2025-04-30,1174.699951171875,1180.5,1152.4000244140625,1165.800048828125,1477319.0,1150.6773681640625,1162.4234619140625,1115.5133056640625,1133.5985107421875,2286042.75,1168.9000244140625,-0.0026520451032512327,-0.03020062702930537,0.02754858192605414,0.0007589243661365167
2025-05-02,1157.0,1176.199951171875,1151.0,1154.699951171875,825657.0,1154.7608642578125,1162.7467041015625,1100.5115966796875,1108.9947509765625,2200877.5,1165.800048828125,-0.009521442092413679,-0.04872645005347509,0.03920500796106141,0.0015370326492268886
2025-05-05,1155.5,1173.5999755859375,1153.0,1161.5,1359727.0,1150.529052734375,1167.639404296875,1137.0389404296875,1157.6494140625,1088381.125,1154.699951171875,0.005889018026911552,0.0025543110897612298,0.0033347069371503224,1.1120270356678485e-05
2025-05-06,1161.5,1173.5,1152.5999755859375,1155.300048828125,1382140.0,1147.398193359375,1159.583251953125,1129.195068359375,1144.63525390625,866769.6875,1161.5,-0.005337883058006865,-0.014519798617089963,0.009181915559083098,8.430757333413228e-05
2025-05-07,1140.0,1162.300048828125,1136.4000244140625,1146.0,1792683.0,1152.26904296875,1166.394775390625,1139.2318115234375,1156.16650390625,1069289.25,1155.300048828125,-0.008049899104183744,0.0007499827244046298,-0.008799881828588374,7.743792019711986e-05
2025-05-08,1136.0,1140.0,1107.5,1116.0,2692162.0,1136.9326171875,1152.092041015625,1123.841064453125,1140.6800537109375,1258302.5,1146.0,-0.02617801047120416,-0.0046421869887107725,-0.021535823482493388,0.0004637916930691136
2025-05-09,1098.0,1118.5999755859375,1086.4000244140625,1113.699951171875,815694.0,1114.287353515625,1133.1051025390625,1104.603271484375,1123.377685546875,1455871.0,1116.0,-0.0020609756524417877,0.006610829343077995,-0.008671804995519783,7.520020188032187e-05
2025-05-12,1123.0,1155.0,1123.0,1145.5999755859375,748637.0,1113.9046630859375,1125.693603515625,1102.7493896484375,1116.2830810546875,743798.5625,1113.699951171875,0.028643284378791822,0.0023194127647168106,0.026323871614075012,0.0006929462167543041
2025-05-13,1145.300048828125,1150.300048828125,1116.199951171875,1118.5999755859375,1096797.0,1134.142333984375,1152.176513671875,1125.4356689453125,1143.006103515625,861644.625,1145.5999755859375,-0.023568436256460656,-0.002264204020243521,-0.021304232236217135,0.00045387031117467337
2025-05-14,1118.5999755859375,1128.9000244140625,1115.800048828125,1120.4000244140625,1386813.0,1131.9476318359375,1145.6380615234375,1120.3408203125,1134.62060546875,817262.375,1118.5999755859375,0.0016091979862435934,0.014322036681987838,-0.012712838695744244,0.0001616162677040122
2025-05-15,1120.4000244140625,1159.199951171875,1105.5,1147.199951171875,2064096.0,1115.4263916015625,1126.149658203125,1099.6881103515625,1112.34228515625,964862.625,1120.4000244140625,0.02391996266853713,-0.007191841380070008,0.03111180404860714,0.0009679443511589276
2025-05-16,1154.9000244140625,1173.5,1144.0,1168.0,1336653.0,1138.6700439453125,1157.91845703125,1129.3953857421875,1148.17724609375,1002654.0625,1147.199951171875,0.018131145147694205,0.0008518958886605255,0.01727924925903368,0.00029857245495581595
2025-05-19,1168.0,1169.699951171875,1143.0,1149.300048828125,786128.0,1163.869384765625,1184.7998046875,1153.4619140625,1174.612548828125,1123312.0,1168.0,-0.016010232167701144,0.005661428791202905,-0.02167166095890405,0.000469660888717686
2025-05-20,1149.0,1155.199951171875,1126.800048828125,1128.5,825451.0,1144.2552490234375,1158.93505859375,1130.3267822265625,1146.950927734375,1085167.0,1149.300048828125,-0.018098014395225737,-0.0020439580561623094,-0.016054056339063427,0.0002577327249378226
2025-05-21,1128.5,1153.5,1123.800048828125,1138.800048828125,619421.0,1130.514404296875,1145.35986328125,1118.39697265625,1133.9576416015625,990635.0,1128.5,0.009127203214997825,0.004836191051450944,0.004291012163546881,1.8412785387707285e-05
2025-05-22,1138.800048828125,1138.800048828125,1115.5,1126.699951171875,1414277.0,1131.60791015625,1145.324951171875,1118.61083984375,1133.40087890625,1158291.25,1138.800048828125,-0.010625304827393989,-0.004741104399697771,-0.005884200427696218,3.4623814673300354e-05
2025-05-23,1126.5,1152.0,1124.0,1140.800048828125,897235.0,1125.6234130859375,1138.7628173828125,1114.46240234375,1128.6357421875,715364.625,1126.699951171875,0.012514509867143087,0.0017181069490697087,0.010796402918073378,0.00011656231596938335
2025-05-26,1137.0,1153.4000244140625,1137.0,1146.300048828125,616370.0,1144.238037109375,1156.2315673828125,1126.02392578125,1139.4007568359375,916000.625,1140.800048828125,0.00482117791426262,-0.001226588299698017,0.006047766213960637,3.657547617872378e-05
2025-05-27,1146.5999755859375,1149.800048828125,1127.199951171875,1138.4000244140625,901912.0,1135.13330078125,1144.5460205078125,1116.2318115234375,1128.0562744140625,835132.375,1146.300048828125,-0.006891759641935669,-0.015915356919606993,0.009023597277671325,8.142530782959734e-05
2025-05-28,1138.4000244140625,1138.800048828125,1119.0,1121.4000244140625,492483.0,1131.0894775390625,1142.64599609375,1116.7266845703125,1130.2161865234375,1100559.5,1138.4000244140625,-0.014933239314317448,-0.007188894690016601,-0.007744344624300847,5.997487365993743e-05
2025-05-29,1115.699951171875,1118.0999755859375,1098.199951171875,1109.800048828125,2556089.0,1128.52880859375,1140.299072265625,1115.41064453125,1128.71826171875,1058236.75,1121.4000244140625,-0.010344190595143354,0.0065259828298214195,-0.016870173424964774,0.00028460275138838766
2025-05-30,1109.800048828125,1119.800048828125,1101.5999755859375,1106.300048828125,2475644.0,1104.9244384765625,1118.61376953125,1087.74072265625,1103.6630859375,1914353.875,1109.800048828125,-0.0031537212524866964,-0.005529791512538851,0.0023760702600521544,5.645709880704312e-06
2025-06-02,1100.0,1125.0,1099.199951171875,1120.4000244140625,907133.0,1096.662841796875,1107.3563232421875,1082.2364501953125,1093.864501953125,928818.0,1106.300048828125,0.012745164027492484,-0.011240663767639436,0.02398582779513192,0.000575319935017723
2025-06-03,1116.0999755859375,1123.199951171875,1110.0999755859375,1114.5999755859375,795876.0,1115.9832763671875,1129.5980224609375,1107.1470947265625,1120.9483642578125,706764.25,1120.4000244140625,-0.005176766067243044,0.0004894143446996235,-0.005666180411942667,3.2105600460682775e-05
2025-06-04,1110.0,1125.9000244140625,1110.0,1124.4000244140625,635699.0,1114.790283203125,1126.6295166015625,1104.118896484375,1116.7742919921875,866906.5625,1114.5999755859375,0.008792435889811712,0.0019507594238972192,0.006841676465914492,4.680853686424822e-05
2025-06-05,1124.5,1127.0999755859375,1108.199951171875,1111.9000244140625,1044950.0,1120.3621826171875,1132.378173828125,1111.056396484375,1123.3070068359375,608507.625,1124.4000244140625,-0.011117039957833419,-0.0009720896072503704,-0.010144950350583049,0.00010292001761579512
2025-06-06,1111.9000244140625,1123.9000244140625,1109.4000244140625,1115.5999755859375,503186.0,1112.562255859375,1126.0765380859375,1103.0078125,1117.0284423828125,871318.875,1111.9000244140625,0.0033275933902643384,0.004612301336581526,-0.0012847079463171873,1.650474507330525e-06
2025-06-09,1115.5999755859375,1122.5,1110.199951171875,1121.199951171875,467790.0,1119.18359375,1131.519775390625,1110.444091796875,1122.8389892578125,539530.125,1115.5999755859375,0.005019698555475793,0.006488897302165064,-0.0014691987466892709,2.1585449572733245e-06
2025-06-10,1121.199951171875,1128.5999755859375,1112.699951171875,1115.0999755859375,460271.0,1128.3668212890625,1146.64404296875,1112.7523193359375,1123.25341796875,1063103.0,1121.199951171875,-0.005440577819827652,0.001831490266057223,-0.007272068085884875,5.2882974245745316e-05
2025-06-11,1115.199951171875,1119.0,1102.0,1104.300048828125,862130.0,1124.3828125,1137.907470703125,1114.6962890625,1128.647216796875,957681.8125,1115.0999755859375,-0.009685164554090853,0.012148902795750649,-0.0218340673498415,0.0004767264970374147
2025-06-12,1108.9000244140625,1108.9000244140625,1080.0,1085.0999755859375,941294.0,1112.238037109375,1127.1180419921875,1104.9527587890625,1119.8868408203125,545855.0,1104.300048828125,-0.017386645289532043,0.014114634884538901,-0.031501280174070945,0.000992330652605315
2025-06-13,1066.5999755859375,1080.5999755859375,1066.5999755859375,1078.4000244140625,614108.0,1099.431884765625,1123.5235595703125,1086.7554931640625,1100.3511962890625,1047764.1875,1085.0999755859375,-0.0061745012649706554,0.014055129523792953,-0.02022963078876361,0.0004092379618496925
2025-06-16,1074.0,1085.0,1073.5999755859375,1083.4000244140625,439929.0,1077.4857177734375,1091.1036376953125,1069.4482421875,1082.0885009765625,682464.75,1078.4000244140625,0.004636498411354051,0.003420323144469606,0.001216175266884445,1.479082279781451e-06
2025-06-17,1083.4000244140625,1094.0,1065.5,1071.5999755859375,664517.0,1081.5859375,1092.282470703125,1070.9498291015625,1082.0906982421875,597191.75,1083.4000244140625,-0.010891682261597535,-0.001208534375456649,-0.009683147886140886,9.37633529848747e-05
2025-06-18,1066.4000244140625,1075.800048828125,1059.0,1065.199951171875,545933.0,1073.457763671875,1088.3636474609375,1067.1497802734375,1080.36279296875,380465.0,1071.5999755859375,-0.00597240067177407,0.008177321372204283,-0.014149722043978352,0.00020021463392184692
2025-06-19,1065.199951171875,1091.5999755859375,1061.5999755859375,1088.300048828125,2816398.0,1065.7333984375,1075.1920166015625,1057.075927734375,1065.72119140625,630800.0625,1065.199951171875,0.021686161016846173,0.0004893355785471343,0.02119682543829904,0.0004493054086617212
2025-06-20,1088.300048828125,1103.0,1082.699951171875,1100.199951171875,2084108.0,1094.681640625,1109.5335693359375,1085.818359375,1101.4580078125,1073441.625,1088.300048828125,0.010934394753141508,0.012090378015275682,-0.0011559832621341748,1.3362973023343683e-06
2025-06-23,1090.0,1112.0,1090.0,1109.4000244140625,758904.0,1104.135009765625,1123.0543212890625,1096.949951171875,1115.774658203125,1174779.5,1100.199951171875,0.00836218292173907,0.01415625133836862,-0.00579406841662955,3.3571228816584056e-05
2025-06-24,1112.0,1116.9000244140625,1104.4000244140625,1107.699951171875,1134930.0,1107.908203125,1120.90185546875,1098.7220458984375,1111.935302734375,769830.0625,1109.4000244140625,-0.0015324258200601903,0.002285269753488084,-0.0038176955735482743,1.4574799492290088e-05
2025-06-25,1107.699951171875,1133.9000244140625,1106.5999755859375,1126.5,1564437.0,1106.247802734375,1119.8690185546875,1097.655517578125,1112.0047607421875,1021073.8125,1107.699951171875,0.016972149189169672,0.003886259601039388,0.013085889588130284,0.00017124050631273658
2025-06-26,1122.0,1150.0,1119.0999755859375,1145.4000244140625,2236678.0,1118.3297119140625,1144.8399658203125,1105.5455322265625,1114.896240234375,2061909.375,1126.5,0.016777651499389812,-0.010300718833222366,0.02707837033261218,0.0007332381398700914
2025-06-27,1144.0,1147.199951171875,1120.0,1124.300048828125,622376.0,1142.2298583984375,1159.545654296875,1132.9605712890625,1150.44482421875,1132529.25,1145.4000244140625,-0.01842149042796759,0.004404399945135529,-0.02282589037310312,0.0005210212713249216
2025-06-30,1124.0,1126.699951171875,1090.5999755859375,1098.9000244140625,1836286.0,1136.1412353515625,1150.525390625,1127.3348388671875,1141.2030029296875,806950.6875,1124.300048828125,-0.022591855653246062,0.015034202052361945,-0.03762605770560801,0.0014157202184657436
2025-07-01,1098.9000244140625,1100.699951171875,1085.9000244140625,1095.5999755859375,971874.0,1101.19677734375,1113.63671875,1090.5533447265625,1104.5111083984375,977866.5625,1098.9000244140625,-0.003003047369923073,0.0051060914184317685,-0.008109138788354842,6.575813188880103e-05
2025-07-02,1094.0,1098.300048828125,1084.0,1095.800048828125,1230645.0,1093.1678466796875,1105.380615234375,1083.920166015625,1097.100830078125,917232.3125,1095.5999755859375,0.00018261523060036922,0.0013698927762251234,-0.0011872775456247542,1.4096279703447403e-06
2025-07-03,1096.0,1105.800048828125,1086.699951171875,1089.4000244140625,730322.0,1096.150634765625,1106.432373046875,1086.083984375,1097.52587890625,923164.375,1095.800048828125,-0.005840503859172896,0.0015749498094754788,-0.007415453668648375,5.4988953111870646e-05
2025-07-04,1091.0,1095.0,1082.0,1089.699951171875,573351.0,1098.1947021484375,1106.903076171875,1090.4532470703125,1098.4329833984375,407293.5,1089.4000244140625,0.0002753137057931454,0.008291682377401743,-0.008016368671608598,6.42621666791478e-05
2025-07-07,1085.0,1108.199951171875,1085.0,1101.9000244140625,1152136.0,1094.6861572265625,1114.855224609375,1091.928955078125,1109.8961181640625,946016.375,1089.699951171875,0.011195809662162048,0.018533695418145424,-0.0073378857559833754,5.384456736786371e-05
2025-07-08,1108.0,1108.5999755859375,1093.5,1099.9000244140625,605639.0,1103.228515625,1110.447265625,1093.77294921875,1100.4241943359375,393376.75,1101.9000244140625,-0.0018150466972387536,-0.0013393502544931657,-0.00047569644274558787,2.2628710564080634e-07
2025-07-09,1100.0,1107.4000244140625,1091.5999755859375,1097.9000244140625,752158.0,1097.4171142578125,1107.13671875,1089.2906494140625,1098.66552734375,603321.9375,1099.9000244140625,-0.0018183470821044878,-0.0011223720728346098,-0.000695975009269878,4.843812135282068e-07
2025-07-10,1097.9000244140625,1103.699951171875,1080.0999755859375,1088.9000244140625,533377.0,1100.037841796875,1109.0218505859375,1089.969970703125,1097.641845703125,563962.3125,1097.9000244140625,-0.008197467710963191,-0.00023515684961872285,-0.007962310861344468,6.33983942526841e-05
2025-07-11,1083.9000244140625,1101.800048828125,1074.0,1076.800048828125,983485.0,1090.99365234375,1101.7789306640625,1083.17333984375,1092.2939453125,564333.25,1088.9000244140625,-0.01111210883887026,0.003116834256904122,-0.014228943095774382,0.00020246282162278547
2025-07-14,1076.800048828125,1083.5,1070.0,1071.800048828125,770739.0,1084.0595703125,1097.665283203125,1079.09814453125,1091.950927734375,822185.25,1076.800048828125,-0.004643387605193228,0.014070280664213008,-0.018713668269406236,0.0003502013800973818
2025-07-15,1071.800048828125,1085.0,1067.5,1081.800048828125,538506.0,1081.0987548828125,1093.596923828125,1075.6688232421875,1086.1270751953125,630691.1875,1071.800048828125,0.009330098473995907,0.01336725668453953,-0.004037158210543623,1.629864641695979e-05
2025-07-16,1081.800048828125,1089.9000244140625,1068.199951171875,1081.5,1753658.0,1081.2113037109375,1090.55859375,1073.9019775390625,1083.5838623046875,515755.375,1081.800048828125,-0.0002773607086171692,0.0016489308523279789,-0.001926291560945148,3.710599177768495e-06
2025-07-17,1081.5,1109.699951171875,1080.0,1105.800048828125,1193262.0,1081.2508544921875,1093.486328125,1074.483154296875,1086.2314453125,1078947.625,1081.5,0.022468838491100263,0.004374891643550649,0.018093946847549613,0.0003273909125219506
2025-07-18,1106.0,1108.300048828125,1093.5,1095.9000244140625,844437.0,1096.22900390625,1107.7420654296875,1089.605712890625,1100.844970703125,887688.5,1105.800048828125,-0.00895281603989262,-0.0044809892441686205,-0.004471826795723999,1.9997234890955165e-05
2025-07-21,1095.800048828125,1095.800048828125,1077.0,1090.300048828125,805610.0,1093.2177734375,1102.6883544921875,1085.4630126953125,1095.336181640625,813233.0,1095.9000244140625,-0.005109932896416924,-0.0005145020174071036,-0.004595430879009821,2.1117984963756974e-05
2025-07-22,1089.9000244140625,1090.300048828125,1075.300048828125,1084.800048828125,961735.0,1083.51953125,1089.5506591796875,1072.729248046875,1079.4244384765625,821279.5625,1090.300048828125,-0.005044482943857065,-0.009974878349544025,0.00493039540568696,2.4308798856419087e-05
2025-07-23,1085.0,1087.0,1051.0,1062.5999755859375,1508414.0,1080.1229248046875,1089.712158203125,1075.1275634765625,1083.8421630859375,432940.25,1084.800048828125,-0.020464668365538508,-0.0008830067284955057,-0.019581661637043002,0.0003834414724676416
2025-07-24,1084.0,1104.5,1065.5,1072.800048828125,6264546.0,1056.32177734375,1067.8375244140625,1050.29345703125,1061.2874755859375,831035.625,1062.5999755859375,0.009599165703502832,-0.0012351778939918567,0.010834343597494689,0.00011738300118857415
2025-07-25,1078.0,1079.800048828125,1050.0,1054.4000244140625,1180451.0,1088.5906982421875,1099.8992919921875,1079.4622802734375,1091.688232421875,1034910.375,1072.800048828125,-0.017151401544175715,0.017606434315865727,-0.03475783586004144,0.0012081071536735827
2025-07-28,1048.0,1071.0,1044.4000244140625,1059.9000244140625,1219854.0,1055.56591796875,1066.4564208984375,1048.889892578125,1058.42431640625,621816.25,1054.4000244140625,0.005216236601527369,0.0038166653063422817,0.001399571295185087,1.958799810306062e-06
2025-07-29,1059.9000244140625,1076.199951171875,1054.0,1061.5999755859375,944513.0,1058.297607421875,1066.6236572265625,1048.2374267578125,1056.91455078125,858522.1875,1059.9000244140625,0.0016038787930161558,-0.0028167502255346255,0.004420629018550781,1.9541960919653243e-05
2025-07-30,1056.0,1083.0,1056.0,1073.0999755859375,1175543.0,1063.9412841796875,1072.68359375,1058.4259033203125,1065.2677001953125,570429.25,1061.5999755859375,0.01083270559953875,0.003454902688134087,0.007377802911404663,5.443197579953112e-05
2025-07-31,1068.699951171875,1079.699951171875,1054.5,1073.199951171875,1114320.0,1076.651611328125,1086.8963623046875,1070.2779541015625,1079.0,739273.5625,1073.0999755859375,9.316521126834232e-05,0.005498112522871912,-0.0054049473116035696,2.9213455441210654e-05
2025-08-01,1067.0999755859375,1089.9000244140625,1067.0,1070.4000244140625,1040166.0,1073.7266845703125,1084.6868896484375,1066.801513671875,1077.7313232421875,677047.1875,1073.199951171875,-0.002608951626167255,0.004222299922176154,-0.006831251548343409,4.666599771674422e-05
2025-08-04,1070.4000244140625,1075.5999755859375,1060.0,1072.5999755859375,663828.0,1071.941162109375,1080.459716796875,1063.9658203125,1071.882080078125,393674.0,1070.4000244140625,0.002055260763917932,0.0013845811194499458,0.0006706796444679863,4.4981118550370454e-07
2025-08-05,1072.5999755859375,1073.0,1059.0999755859375,1064.5999755859375,861402.0,1069.0357666015625,1082.455810546875,1064.26416015625,1076.434326171875,613378.9375,1072.5999755859375,-0.007458512196618083,0.0035748188264155267,-0.01103333102303361,0.00012173439346383589
2025-08-06,1061.0,1067.300048828125,1050.5999755859375,1052.800048828125,598309.0,1065.043701171875,1073.3878173828125,1056.731689453125,1064.218017578125,548280.5,1064.5999755859375,-0.011083906658290177,-0.0003587807782939878,-0.010725125879996189,0.00011502832514176403
2025-08-07,1051.0,1056.5,1038.699951171875,1052.800048828125,600790.0,1053.53515625,1063.6417236328125,1047.027587890625,1055.8582763671875,673907.8125,1052.800048828125,0.0,0.002904851251162688,-0.002904851251162688,8.438160791381433e-06
2025-08-08,1052.0,1062.0,1043.0,1051.0,843741.0,1046.09130859375,1053.3515625,1038.107666015625,1044.0787353515625,435246.3125,1052.800048828125,-0.0017097727437690446,-0.008283921990951848,0.006574149247182803,4.321943832423422e-05
2025-08-11,1048.0,1062.9000244140625,1037.699951171875,1059.0999755859375,617689.0,1048.73291015625,1058.356201171875,1043.1800537109375,1051.4627685546875,493046.1875,1051.0,0.007706922536572236,0.00044031261150090373,0.007266609925071332,5.280361980314519e-05
2025-08-12,1055.800048828125,1062.9000244140625,1045.0,1046.800048828125,651741.0,1055.0869140625,1062.6898193359375,1047.2528076171875,1053.9549560546875,463416.0625,1059.0999755859375,-0.011613565330324649,-0.00485791676881453,-0.006755648561510119,4.563878748663374e-05
2025-08-13,1047.800048828125,1058.699951171875,1043.199951171875,1056.0999755859375,501792.0,1050.2967529296875,1058.7315673828125,1043.48388671875,1050.9093017578125,655352.5625,1046.800048828125,0.008884148188781138,0.003925537579299698,0.00495861060948144,2.4587819176461897e-05
2025-08-14,1057.199951171875,1059.4000244140625,1045.4000244140625,1051.199951171875,767620.0,1049.7496337890625,1058.0745849609375,1042.847900390625,1050.123779296875,621792.25,1056.0999755859375,-0.00463973537291662,-0.005658741054081373,0.001019005681164753,1.0383725782460422e-06
2025-08-18,1061.0,1090.0,1059.0,1071.300048828125,1099268.0,1047.735107421875,1057.3193359375,1042.21435546875,1050.5823974609375,466721.8125,1051.199951171875,0.01912109835416409,-0.0005874750186670719,0.019708573372831162,0.00038842786439226946
2025-08-19,1076.699951171875,1092.9000244140625,1069.0,1085.800048828125,667231.0,1074.7236328125,1081.2047119140625,1063.3677978515625,1071.3433837890625,432457.5,1071.300048828125,0.013534956911335216,4.045081579606702e-05,0.01349450609553915,0.00018210169476254326
2025-08-20,1086.0,1106.9000244140625,1078.9000244140625,1105.300048828125,871108.0,1086.896240234375,1096.425537109375,1079.286865234375,1087.52490234375,571579.3125,1085.800048828125,0.01795910768381881,0.0015885553859447121,0.016370552297874097,0.0002679949825374309
2025-08-21,1104.0,1104.0,1086.5,1088.0999755859375,614098.0,1097.66015625,1105.3118896484375,1086.3363037109375,1095.2301025390625,741392.375,1105.300048828125,-0.015561451626120548,-0.009110599696199206,-0.006450851929921342,4.16134906217699e-05
2025-08-22,1087.199951171875,1091.699951171875,1080.0,1084.0999755859375,394813.0,1087.518310546875,1094.2235107421875,1077.2686767578125,1085.5499267578125,388055.8125,1088.0999755859375,-0.003676132790873421,-0.002343579528849671,-0.0013325532620237501,1.7756981961301373e-06
2025-08-25,1085.0,1091.300048828125,1079.0999755859375,1081.5999755859375,444715.0,1081.2607421875,1087.2523193359375,1070.940673828125,1077.595458984375,173165.375,1084.0999755859375,-0.00230606037847092,-0.005999923206387758,0.0036938628279168384,1.3644622591465782e-05
2025-08-26,1074.0999755859375,1091.800048828125,1070.0999755859375,1079.9000244140625,1201357.0,1082.3709716796875,1091.341552734375,1075.215087890625,1084.6611328125,457867.75,1081.5999755859375,-0.001571700453260494,0.002830211996726506,-0.004401912449987,1.9376833217350552e-05
2025-08-28,1081.5,1085.199951171875,1060.0,1062.4000244140625,641975.0,1075.35693359375,1082.490234375,1065.619384765625,1073.11083984375,446877.1875,1079.9000244140625,-0.0162052038192102,-0.0062868639844657626,-0.009918339834744438,9.837346507747833e-05
2025-08-29,1065.0,1077.5,1055.199951171875,1065.4000244140625,1079893.0,1062.02880859375,1072.3724365234375,1056.149658203125,1065.4781494140625,459576.8125,1062.4000244140625,0.002823795115831862,0.002897331446973128,-7.353633114126623e-05,5.407591997717962e-09
2025-09-01,1059.0999755859375,1077.0,1057.0,1075.699951171875,807324.0,1065.1715087890625,1073.630615234375,1056.673583984375,1064.89501953125,673675.1875,1065.4000244140625,0.009667661462160249,-0.00047400494766292045,0.010141666409823169,0.00010285339756813557
2025-09-02,1077.0,1105.5999755859375,1074.0999755859375,1100.800048828125,1649975.0,1070.6583251953125,1079.531005859375,1064.372314453125,1072.7371826171875,589944.1875,1075.699951171875,0.0233337350521452,-0.0027542704184934097,0.02608800547063861,0.00068058402943607
2025-09-03,1102.9000244140625,1106.5999755859375,1086.5,1104.4000244140625,1244093.0,1098.0799560546875,1105.689453125,1086.100830078125,1095.5234375,811563.0,1100.800048828125,0.0032703265136750925,-0.004793433043305484,0.008063759556980576,6.502421819279558e-05
2025-09-04,1126.0,1126.0,1067.199951171875,1071.0999755859375,2407789.0,1103.919189453125,1117.1988525390625,1096.1435546875,1108.7725830078125,1081264.75,1104.4000244140625,-0.03015216234334317,0.0039592163139166026,-0.03411137865725977,0.0011635861538989575
2025-09-05,1074.0,1077.5,1061.199951171875,1072.4000244140625,1130356.0,1082.5413818359375,1095.1043701171875,1066.330322265625,1074.1195068359375,767327.375,1071.0999755859375,0.0012137511509267007,0.0028190937529881666,-0.0016053426020614658,2.577124869993478e-06
2025-09-08,1072.4000244140625,1081.300048828125,1068.699951171875,1074.199951171875,600835.0,1070.74755859375,1081.1329345703125,1064.4761962890625,1073.8004150390625,556095.625,1072.4000244140625,0.0016784098441213757,0.001305847252069059,0.0003725625920523168,1.3880288499674102e-07
2025-09-09,1074.199951171875,1086.0,1068.0999755859375,1083.5,779147.0,1074.114990234375,1084.47509765625,1068.4114990234375,1077.7269287109375,561390.6875,1074.199951171875,0.00865765150890141,0.00328335291322146,0.005374298595679949,2.8883085395527476e-05
2025-09-10,1083.5,1103.0,1081.699951171875,1101.0,1200433.0,1082.9425048828125,1095.7188720703125,1077.6422119140625,1089.7734375,768736.625,1083.5,0.01615136132902628,0.0057899746192893176,0.010361386709736964,0.00010735833454871379
2025-09-11,1099.0,1107.800048828125,1094.300048828125,1105.300048828125,1030547.0,1096.6851806640625,1104.2642822265625,1089.5758056640625,1096.1739501953125,853906.625,1101.0,0.0039055847666893406,-0.004383333155937752,0.008288917922627093,6.870616032804864e-05
2025-09-12,1105.0,1109.300048828125,1095.199951171875,1103.9000244140625,1131972.0,1099.517578125,1109.02490234375,1091.956787109375,1101.987548828125,783512.75,1105.300048828125,-0.0012666464780733966,-0.0029969237796668713,0.0017302773015934747,2.9938595404095964e-06
2025-09-15,1103.9000244140625,1107.9000244140625,1090.5999755859375,1102.5999755859375,1491729.0,1101.202392578125,1110.915771484375,1093.665771484375,1103.93603515625,809232.25,1103.9000244140625,-0.0011776871087715302,3.262138000814652e-05,-0.0012103084887796767,1.4648466380121447e-06
2025-09-16,1103.0,1105.4000244140625,1087.0,1092.0999755859375,641025.0,1103.5155029296875,1117.7960205078125,1096.6142578125,1110.5484619140625,1119722.0,1102.5999755859375,-0.009522945975416142,0.007208857703720817,-0.01673180367913696,0.00027995325435718104
2025-09-17,1103.0999755859375,1138.800048828125,1103.0999755859375,1136.300048828125,3361334.0,1091.4453125,1100.2330322265625,1085.1727294921875,1093.552490234375,560780.75,1092.0999755859375,0.04047255217497203,0.0013300198524939244,0.03914253232247811,0.0015321378366162433
2025-09-18,1136.300048828125,1144.4000244140625,1123.0,1129.300048828125,1030976.0,1133.27734375,1140.28271484375,1122.016357421875,1130.833984375,817973.625,1136.300048828125,-0.006160344714601695,-0.0048104058947829875,-0.0013499388198187079,1.822334817253526e-06
2025-09-19,1128.5,1132.5999755859375,1114.4000244140625,1126.800048828125,1438338.0,1136.240966796875,1150.5262451171875,1120.4317626953125,1129.103515625,1196354.0,1129.300048828125,-0.002213760641022078,-0.0001740309878928148,-0.002039729653129263,4.160497057854824e-06
2025-09-22,1120.0,1136.800048828125,1119.9000244140625,1130.0999755859375,701996.0,1123.3106689453125,1132.52685546875,1114.419921875,1125.884033203125,886360.9375,1126.800048828125,0.002928582370265609,-0.0008129353792206695,0.0037415177494862784,1.3998955069720865e-05
2025-09-23,1131.0,1134.5999755859375,1118.4000244140625,1128.5,1082761.0,1125.71240234375,1136.773193359375,1117.9176025390625,1130.5238037109375,874720.5,1130.0999755859375,-0.0014157823382908719,0.0003750359562482153,-0.0017908182945390871,3.207030164055885e-06
2025-09-24,1125.0,1147.0999755859375,1118.4000244140625,1140.0999755859375,1100753.0,1126.86328125,1134.2216796875,1119.1536865234375,1127.8641357421875,704056.9375,1128.5,0.010279109956524257,-0.0005634596879153797,0.010842569644439637,0.00011756131649452387
2025-09-25,1145.0,1146.5,1127.5999755859375,1134.199951171875,1023970.0,1136.0810546875,1142.781494140625,1122.918701171875,1133.14697265625,1041720.25,1140.0999755859375,-0.005175006175252572,-0.006098590543442528,0.0009235843681899558,8.530080851648398e-07
2025-09-26,1126.0,1136.9000244140625,1117.199951171875,1119.0,565909.0,1131.452880859375,1138.3309326171875,1123.657958984375,1133.2203369140625,697233.375,1134.199951171875,-0.013401474013616466,-0.000863705078456678,-0.012537768935159788,0.00015719564987145778
2025-09-29,1119.0,1130.4000244140625,1103.0,1123.0999755859375,1372491.0,1119.4410400390625,1126.4031982421875,1113.2353515625,1118.079833984375,630744.5,1119.0,0.0036639638837689947,-0.0008223110059204508,0.0044862748896894455,2.0126662385858047e-05
2025-09-30,1123.0,1133.199951171875,1114.0,1129.300048828125,1377509.0,1113.6505126953125,1134.248779296875,1111.4864501953125,1137.9029541015625,1684332.0,1123.0999755859375,0.0055204998459312815,0.013180463749811855,-0.007659963903880573,5.867504700875331e-05
2025-10-01,1129.0999755859375,1149.800048828125,1122.0999755859375,1144.800048828125,789835.0,1119.1947021484375,1140.68359375,1111.943603515625,1132.659912109375,1699764.75,1129.300048828125,0.013725315974336905,0.0029751732364986516,0.010750142737838253,0.00011556556888389653
2025-10-03,1146.0,1150.0,1129.0999755859375,1137.5,1567152.0,1142.099365234375,1164.061767578125,1134.4603271484375,1156.8812255859375,1838684.0,1144.800048828125,-0.006376702058667583,0.010553088960975732,-0.016929791019643314,0.0002866178239687954
2025-10-06,1133.0,1152.0,1132.300048828125,1142.0999755859375,1472109.0,1136.5693359375,1155.9681396484375,1129.3984375,1149.9119873046875,1527781.5,1137.5,0.0040439345810439065,0.010911637190934131,-0.006867702609890225,4.716533913789301e-05
2025-10-07,1136.4000244140625,1144.9000244140625,1115.300048828125,1120.0,1354474.0,1140.5086669921875,1153.21044921875,1133.1090087890625,1147.1263427734375,890828.875,1142.0999755859375,-0.019350298623900586,0.004400987036989656,-0.023751285660890242,0.0005641235705452104
2025-10-08,1112.0,1126.699951171875,1110.0,1120.199951171875,963508.0,1121.747802734375,1132.2725830078125,1114.1361083984375,1123.376220703125,694594.875,1120.0,0.0001785278320312056,0.0030144827706473087,-0.002835954938616103,8.042640413861065e-06
2025-10-09,1117.0,1124.4000244140625,1114.5,1118.0,852898.0,1116.810791015625,1127.247314453125,1109.51904296875,1120.6273193359375,800987.6875,1120.199951171875,-0.00196389150845222,0.00038151060765123646,-0.0023454021161034566,5.500911086222572e-06
2025-10-10,1116.0,1131.4000244140625,1108.4000244140625,1126.5,982270.0,1117.155517578125,1125.826904296875,1107.614501953125,1117.33544921875,915410.0,1118.0,0.007602862254024956,-0.000594410358899844,0.0081972726129248,6.719527829060697e-05
2025-10-13,1120.0,1132.4000244140625,1112.5,1117.0,832628.0,1124.2059326171875,1134.3009033203125,1118.70263671875,1127.7392578125,721026.375,1126.5,-0.008433200177541011,0.0011000957057256677,-0.00953329588326668,9.088373039790941e-05
2025-10-14,1115.0,1124.5,1110.699951171875,1118.9000244140625,1033610.0,1119.5274658203125,1134.5753173828125,1113.5338134765625,1127.554931640625,991397.6875,1117.0,0.0017010066374776311,0.009449356885071536,-0.007748350247593905,6.0036931559388526e-05
2025-10-15,1118.9000244140625,1122.0999755859375,1112.199951171875,1114.199951171875,1299596.0,1121.232421875,1144.00830078125,1114.5028076171875,1126.4708251953125,1064502.625,1118.9000244140625,-0.004200619483093471,0.006766288869476611,-0.010966908352570082,0.00012027307881367143
2025-10-16,1114.199951171875,1154.199951171875,1109.0,1149.300048828125,2383412.0,1107.6552734375,1114.7257080078125,1103.391357421875,1109.2000732421875,1219924.5,1114.199951171875,0.03150251229084411,-0.004487415319331833,0.03598992761017594,0.0012952748893857045
2025-10-17,1152.199951171875,1173.5,1142.5,1166.0,2001759.0,1146.34033203125,1158.0274658203125,1135.525390625,1146.447265625,1636516.5,1149.300048828125,0.014530540731206854,-0.002482191840184611,0.017012732571391465,0.000289433069545684
2025-10-20,1166.9000244140625,1187.5,1163.5999755859375,1176.4000244140625,1751305.0,1155.8135986328125,1162.3857421875,1142.8466796875,1151.578125,935292.5,1166.0,0.008919403442592122,-0.012368674957118353,0.021288078399710475,0.0004531822819522197
2025-10-21,1176.4000244140625,1184.4000244140625,1172.5,1174.5999755859375,123219.0,1164.9671630859375,1172.0487060546875,1152.5201416015625,1161.7261962890625,1030625.75,1176.4000244140625,-0.0015301332801498368,-0.012473502057523955,0.010943368777374118,0.00011975732019760671
2025-10-23,1174.5999755859375,1191.199951171875,1158.0,1161.0,1137414.0,1180.46435546875,1187.5146484375,1168.8729248046875,1177.131591796875,884289.0,1174.5999755859375,-0.011578389127033017,0.002155300752219702,-0.01373368987925272,0.00018861423769948857
2025-10-24,1163.300048828125,1163.300048828125,1144.4000244140625,1155.300048828125,1103267.0,1159.7647705078125,1170.0654296875,1150.9974365234375,1161.0885009765625,842066.75,1161.0,-0.004909518666558976,7.62282313200302e-05,-0.0049857468978790065,2.4857672129710137e-05
2025-10-27,1155.9000244140625,1180.0,1155.9000244140625,1169.9000244140625,874449.0,1152.636474609375,1164.657470703125,1143.78466796875,1154.2703857421875,1048138.3125,1155.300048828125,0.012637388530145843,-0.0008912516596722986,0.013528640189818142,0.00018302410538556264
2025-10-28,1169.300048828125,1176.4000244140625,1157.800048828125,1168.9000244140625,842574.0,1163.3856201171875,1171.7041015625,1153.8394775390625,1163.1761474609375,815289.5,1169.9000244140625,-0.0008547738944623129,-0.005747394489108215,0.004892620594645902,2.3937736283153222e-05
2025-10-29,1169.0,1188.0,1167.300048828125,1177.0999755859375,1017034.0,1166.2467041015625,1173.80517578125,1155.5286865234375,1164.604736328125,797782.5,1168.9000244140625,0.007015100522378193,-0.003674641112348831,0.010689741634727024,0.00011427057621721637
2025-10-30,1184.0,1184.0,1167.0,1176.5999755859375,900192.0,1181.0882568359375,1187.499267578125,1168.576171875,1176.1497802734375,791289.8125,1177.0999755859375,-0.00042477275539076764,-0.0008072341620999346,0.00038246140670916695,1.4627672762195482e-07
2025-10-31,1171.0,1183.5,1157.800048828125,1165.0,749738.0,1173.2425537109375,1180.46826171875,1151.784912109375,1157.634033203125,831916.625,1176.5999755859375,-0.009858894974191013,-0.016119278239290824,0.0062603832650998115,3.919239862594178e-05
2025-11-03,1164.800048828125,1202.800048828125,1157.199951171875,1197.5,2595111.0,1167.1385498046875,1177.10888671875,1155.9517822265625,1166.439453125,968564.125,1165.0,0.027896995708154515,0.0012355820815450613,0.026661413626609454,0.0007108309765691562
2025-11-04,1199.800048828125,1199.800048828125,1138.0999755859375,1179.300048828125,2886618.0,1194.5523681640625,1202.1826171875,1177.38818359375,1187.403564453125,1395634.125,1197.5,-0.015198289078810046,-0.008431261417014668,-0.006767027661795377,4.579266337550381e-05
2025-11-06,1172.0999755859375,1192.5,1167.4000244140625,1190.4000244140625,2401724.0,1166.3924560546875,1178.0609130859375,1153.9080810546875,1166.891357421875,1209608.5,1179.300048828125,0.009412342174468291,-0.010522081652231341,0.019934423826699632,0.00039738125330249
2025-11-07,1185.0,1187.800048828125,1155.800048828125,1167.199951171875,1351606.0,1183.5975341796875,1196.955810546875,1173.9859619140625,1189.385986328125,979101.5,1190.4000244140625,-0.01948930843949459,-0.0008518464928934932,-0.018637461946601097,0.00034735498781100397
2025-11-10,1167.199951171875,1173.800048828125,1138.5999755859375,1142.699951171875,1586398.0,1165.075439453125,1179.5882568359375,1157.1505126953125,1172.406005859375,940051.5625,1167.199951171875,-0.020990405264669443,0.004460293784516622,-0.025450699049186065,0.0006477380820922405
2025-11-11,1148.0,1159.0,1134.0,1156.199951171875,1177071.0,1145.151611328125,1161.921875,1137.2239990234375,1153.294921875,1093908.875,1142.699951171875,0.011814124946934124,0.009271874644135147,0.0025422503027989762,6.4630366020814865e-06
2025-11-12,1156.300048828125,1165.800048828125,1153.0999755859375,1162.0,1168588.0,1153.38623046875,1172.9261474609375,1146.8280029296875,1166.9580078125,999420.75,1156.199951171875,0.005016475586464342,0.009304667959656232,-0.00428819237319189,1.8388593829501096e-05
2025-11-13,1168.0,1168.0,1146.5999755859375,1154.800048828125,1603498.0,1158.7491455078125,1167.858642578125,1148.3450927734375,1160.61962890625,969574.5625,1162.0,-0.0061961714043674565,-0.0011879269309380547,-0.005008244473429402,2.5082512705636147e-05
2025-11-14,1149.0,1163.5999755859375,1146.800048828125,1157.800048828125,1832598.0,1155.16455078125,1162.894287109375,1145.5924072265625,1155.755615234375,626027.1875,1154.800048828125,0.0025978523321370517,0.0008274734723294763,0.0017703788598075754,3.1342413072535708e-06
2025-11-17,1166.0,1182.800048828125,1158.0,1178.9000244140625,2105780.0,1155.6884765625,1166.3343505859375,1139.123291015625,1146.815185546875,998563.75,1157.800048828125,0.018224196489967204,-0.009487703245796508,0.027711899735763712,0.0007679493869650209
2025-11-18,1178.699951171875,1178.699951171875,1151.9000244140625,1154.0999755859375,1695622.0,1176.1865234375,1185.063720703125,1165.0867919921875,1177.02587890625,810387.75,1178.9000244140625,-0.021036600487349344,-0.001589740833828568,-0.019446859653520776,0.0003781803503837342
2025-11-19,1154.0999755859375,1165.800048828125,1149.0,1162.0999755859375,1935207.0,1155.442626953125,1170.93212890625,1148.101806640625,1164.7762451171875,1064496.75,1154.0999755859375,0.00693180848213637,0.009250731961786718,-0.0023189234796503477,5.377406104473677e-06
2025-11-20,1164.9000244140625,1179.4000244140625,1163.0,1173.9000244140625,2193836.0,1153.2869873046875,1163.4384765625,1142.8690185546875,1155.56103515625,1329888.125,1162.0999755859375,0.010154073725176183,-0.005626831225420625,0.015780904950596808,0.00024903696105977083
2025-11-21,1173.9000244140625,1187.0,1162.5,1183.0999755859375,3194549.0,1165.68017578125,1187.1075439453125,1154.746826171875,1163.852783203125,2287557.5,1173.9000244140625,0.007837082358412184,-0.008558855951938837,0.01639593831035102,0.0002688267930768363
2025-11-24,1188.5,1194.699951171875,1171.800048828125,1186.0,4765158.0,1173.4002685546875,1178.5672607421875,1157.7611083984375,1168.554931640625,1120299.125,1183.0999755859375,0.002451208244363512,-0.012294010857458626,0.014745219101822138,0.00021742148636074045
2025-11-25,1188.0,1194.0,1165.699951171875,1177.699951171875,1258048.0,1176.6392822265625,1181.8673095703125,1159.094970703125,1170.7698974609375,1672059.375,1186.0,-0.006998354829784947,-0.0128415704376581,0.005843215607873153,3.4143168640092425e-05
2025-11-26,1150.0,1187.0,1150.0,1185.300048828125,713335.0,1177.0089111328125,1180.83837890625,1158.0115966796875,1167.990966796875,1166282.125,1177.699951171875,0.006453339535836378,-0.00824402205785868,0.014697361593695057,0.00021601243781582251
2025-11-27,1187.0,1192.9000244140625,1168.300048828125,1177.699951171875,1118308.0,1173.507568359375,1182.541748046875,1163.2872314453125,1175.34619140625,653575.0625,1185.300048828125,-0.006411960974576858,-0.008397753321377266,0.001985792346800408,3.943371244611071e-06
2025-11-28,1177.0999755859375,1182.0999755859375,1165.699951171875,1172.4000244140625,1020242.0,1171.7366943359375,1178.0455322265625,1157.5115966796875,1167.5380859375,761909.375,1177.699951171875,-0.004500235185149526,-0.008628568952782412,0.004128333767632886,1.7043139696977936e-05
2025-12-01,1172.4000244140625,1178.0,1159.5999755859375,1163.800048828125,487062.0,1164.3587646484375,1172.071044921875,1154.4329833984375,1165.5489501953125,763588.625,1172.4000244140625,-0.00733535943948449,-0.00584363193115256,-0.0014917275083319304,2.225250959114189e-06
2025-12-02,1160.0,1173.0999755859375,1156.199951171875,1162.199951171875,708989.0,1160.197265625,1168.4422607421875,1149.958984375,1161.3118896484375,827970.375,1163.800048828125,-0.0013748905216675045,-0.002137961054558213,0.0007630705328907084,5.822766381661096e-07
2025-12-03,1159.800048828125,1163.4000244140625,1133.5999755859375,1140.0,716554.0,1159.5352783203125,1165.3585205078125,1147.77880859375,1156.1885986328125,655573.8125,1162.199951171875,-0.01910166245445999,-0.0051723909754092245,-0.013929271479050764,0.00019402460393709708
2025-12-04,1153.0,1154.0,1137.0999755859375,1148.4000244140625,703643.0,1141.083984375,1150.01416015625,1132.7928466796875,1142.341552734375,821196.75,1140.0,0.0073684424684759,0.0020539936266448233,0.0053144488418310765,2.824336649243967e-05
2025-12-05,1148.4000244140625,1165.300048828125,1140.0999755859375,1162.9000244140625,699541.0,1147.548095703125,1154.73876953125,1136.9893798828125,1145.480712890625,611575.5625,1148.4000244140625,0.01262626235783837,-0.0025420684964954088,0.015168330854333778,0.00023007826090653408
2025-12-08,1162.9000244140625,1171.0,1142.300048828125,1145.800048828125,590111.0,1158.6790771484375,1165.7066650390625,1149.0152587890625,1158.87744140625,662560.625,1162.9000244140625,-0.014704596463099628,-0.003459096159052266,-0.011245500304047362,0.00012646127708832933
2025-12-09,1140.5999755859375,1151.0999755859375,1131.9000244140625,1146.699951171875,851746.0,1152.2919921875,1158.2083740234375,1140.4466552734375,1148.51220703125,596772.5625,1145.800048828125,0.0007853921324845192,0.002367043190388163,-0.0015816510579036436,2.501620068967715e-06
2025-12-10,1141.0999755859375,1156.699951171875,1138.300048828125,1140.0999755859375,342793.0,1145.4193115234375,1152.77880859375,1134.2498779296875,1141.8758544921875,969871.875,1146.699951171875,-0.0057556255925472755,-0.004206938942272975,-0.0015486866502743002,2.3984303407378328e-06
2025-12-11,1136.0999755859375,1154.199951171875,1135.0,1142.0999755859375,616435.0,1147.6724853515625,1158.249267578125,1140.0732421875,1152.33837890625,742401.375,1140.0999755859375,0.0017542321224699453,0.010734500116117207,-0.008980267993647262,8.064521323772542e-05
2025-12-12,1142.0999755859375,1151.0,1138.0,1149.300048828125,751834.0,1144.182861328125,1150.5869140625,1135.8541259765625,1143.0301513671875,409740.25,1142.0999755859375,0.006304240781104697,0.0008144433947412377,0.00548979738636346,3.0137875343323074e-05
2025-12-15,1143.0,1169.4000244140625,1140.0999755859375,1157.4000244140625,1037323.0,1149.9554443359375,1156.80615234375,1140.935791015625,1149.2239990234375,602029.0625,1149.300048828125,0.00704774666476049,-6.617053985602528e-05,0.0071139172046165156,5.060781799413886e-05
2025-12-16,1157.4000244140625,1176.699951171875,1153.4000244140625,1169.9000244140625,1181775.0,1160.0478515625,1166.4097900390625,1149.617919921875,1158.3270263671875,650556.5,1157.4000244140625,0.010800068892626857,0.0008009347965880487,0.009999134096038809,9.998268267056585e-05
2025-12-17,1170.0,1187.9000244140625,1170.0,1179.800048828125,1502200.0,1168.9129638671875,1176.0543212890625,1150.102783203125,1155.95458984375,857066.125,1169.9000244140625,0.008462282423680412,-0.011920193417635838,0.02038247584131625,0.00041544532142184055
2025-12-18,1176.9000244140625,1183.5999755859375,1168.0,1171.5,568209.0,1175.5474853515625,1183.8447265625,1166.94677734375,1176.9400634765625,624538.9375,1179.800048828125,-0.007035131788958093,-0.0024241271683309584,-0.004611004620627135,2.126136361144479e-05
2025-12-19,1171.5,1186.300048828125,1169.5999755859375,1184.0,598033.0,1167.677001953125,1174.0460205078125,1156.2659912109375,1165.4442138671875,746913.4375,1171.5,0.010670081092616357,-0.005169258329332016,0.015839339421948373,0.0002508846733236878
2025-12-22,1184.0,1188.699951171875,1174.0999755859375,1178.800048828125,670307.0,1180.997314453125,1187.13720703125,1168.8819580078125,1177.2161865234375,624308.625,1184.0,-0.004391850651921492,-0.005729572193042598,0.0013377215411211063,1.7894989215794277e-06
2025-12-23,1178.800048828125,1187.300048828125,1171.0,1185.5999755859375,805182.0,1179.4324951171875,1184.875244140625,1170.1856689453125,1177.68115234375,437961.6875,1178.800048828125,0.0057685158433549155,-0.0009491825907942397,0.006717698434149155,4.512747225217001e-05
2025-12-24,1187.300048828125,1189.5,1171.4000244140625,1179.199951171875,530345.0,1182.225830078125,1190.30859375,1173.171142578125,1182.8609619140625,663256.75,1185.5999755859375,-0.005398131364585668,-0.0023102342512459906,-0.003087897113339677,9.53510858257151e-06
2025-12-26,1173.5999755859375,1179.800048828125,1172.0,1175.699951171875,322741.0,1180.1275634765625,1188.26025390625,1171.6424560546875,1181.2911376953125,611305.5625,1179.199951171875,-0.002968114098479857,0.0017733943436473165,-0.004741508442127174,2.2481902306763256e-05
2025-12-29,1174.0,1200.9000244140625,1170.5,1195.199951171875,1806020.0,1170.150634765625,1178.0440673828125,1161.2830810546875,1171.150634765625,663751.0,1175.699951171875,0.016585864429579544,-0.0038694535980166034,0.020455318027596148,0.00041842003561009996
2025-12-30,1200.699951171875,1201.800048828125,1171.0999755859375,1179.0,2256987.0,1183.868896484375,1191.9951171875,1174.355224609375,1185.3092041015625,873717.625,1195.199951171875,-0.013554176567687426,-0.008275391126492893,-0.005278785441194533,2.7865575734167363e-05
2025-12-31,1179.0,1195.0999755859375,1172.5999755859375,1192.0,960678.0,1177.1790771484375,1188.1710205078125,1169.638427734375,1182.028076171875,905075.25,1179.0,0.011026293469041493,0.0025683428090543803,0.008457950659987112,7.153692936677644e-05
2026-01-01,1192.0,1195.5,1173.300048828125,1176.9000244140625,947192.0,1184.332763671875,1196.7109375,1177.3961181640625,1191.41357421875,797648.25,1192.0,-0.012667764753303223,-0.0004919679372902275,-0.012175796816012996,0.0001482500281048322
2026-01-02,1176.9000244140625,1185.699951171875,1168.4000244140625,1170.699951171875,955406.0,1178.8690185546875,1185.4810791015625,1167.5179443359375,1177.4674072265625,792972.875,1176.9000244140625,-0.005268139275699579,0.0004820994143341917,-0.005750238690033771,3.30652449923613e-05
2026-01-05,1165.0,1191.0,1165.0,1182.0999755859375,1521762.0,1172.5069580078125,1181.5721435546875,1164.043212890625,1175.1624755859375,788738.25,1170.699951171875,0.009737784991492582,0.003811843000074866,0.005925941991417716,3.5116788485647766e-05
2026-01-06,1182.0999755859375,1215.0,1182.0999755859375,1210.4000244140625,1202300.0,1178.6749267578125,1187.9102783203125,1170.47412109375,1181.907470703125,893239.5,1182.0999755859375,0.0239404867715165,-0.00016284991691761785,0.024103336688434118,0.0005809708395160142
2026-01-07,1216.4000244140625,1220.9000244140625,1205.300048828125,1212.5999755859375,1021615.0,1203.5184326171875,1214.145751953125,1189.406982421875,1203.308349609375,1415041.0,1210.4000244140625,0.001817540587823352,-0.0058589513067141,0.007676491894537452,5.8928527806899195e-05
2026-01-08,1212.0,1212.0,1193.0,1197.4000244140625,562710.0,1208.55224609375,1215.7713623046875,1195.9256591796875,1206.528564453125,783198.375,1212.5999755859375,-0.01253500864085888,-0.005006936545482565,-0.007528072095376315,5.6671869473183535e-05
2026-01-09,1197.300048828125,1207.800048828125,1173.800048828125,1175.9000244140625,555547.0,1197.8648681640625,1207.4599609375,1190.6492919921875,1201.6739501953125,501379.1875,1197.4000244140625,-0.01795557003643866,0.003569338311431469,-0.02152490834787013,0.00046332167938420925
2026-01-12,1173.5,1196.699951171875,1173.5,1192.300048828125,663978.0,1183.3707275390625,1193.6151123046875,1177.0093994140625,1188.1143798828125,429313.25,1175.9000244140625,0.013946784653086741,0.010387239744158006,0.0035595449089287357,1.2670359958680481e-05
2026-01-13,1190.0,1198.300048828125,1181.300048828125,1189.4000244140625,598454.0,1188.984130859375,1196.2960205078125,1178.342041015625,1187.5048828125,565149.5625,1192.300048828125,-0.00243229413343804,-0.0040217779243890694,0.0015894837909510295,2.526458721696056e-06
2026-01-14,1189.4000244140625,1191.0,1168.5999755859375,1171.4000244140625,577684.0,1191.6083984375,1199.73876953125,1181.3880615234375,1191.7679443359375,751378.625,1189.4000244140625,-0.015133680536846605,0.001990852424138323,-0.01712453296098493,0.0002932496291318592
2026-01-15,1171.4000244140625,1171.4000244140625,1171.4000244140625,1171.4000244140625,0.0,1174.7376708984375,1183.99072265625,1166.3380126953125,1176.4144287109375,599172.625,1171.4000244140625,0.0,0.004280693351857545,-0.004280693351857545,1.8324335572637385e-05
2026-01-16,1171.300048828125,1199.699951171875,1166.300048828125,1189.0999755859375,1250225.0,1173.0401611328125,1184.9945068359375,1165.55712890625,1178.1976318359375,607459.1875,1171.4000244140625,0.015110082638702726,0.0058029770191230234,0.009307105619579703,8.662221501401209e-05
2026-01-19,1180.199951171875,1188.5999755859375,1174.0,1180.199951171875,547580.0,1189.0325927734375,1200.253662109375,1171.953369140625,1177.91259765625,755435.25,1189.0999755859375,-0.007484672943229187,-0.009408273618183194,0.0019236006749540069,3.7002395566835108e-06
2026-01-20,1180.0,1203.9000244140625,1176.300048828125,1185.0,2027446.0,1176.5020751953125,1185.889892578125,1167.33203125,1176.2088623046875,505538.25,1180.199951171875,0.004067148810978027,-0.0033817056704879,0.0074488544814659274,5.548543308605503e-05
2026-01-21,1180.5,1197.5,1158.699951171875,1163.5999755859375,946906.0,1188.73583984375,1201.1539306640625,1181.9373779296875,1194.0931396484375,707553.0625,1185.0,-0.018059092332542215,0.007673535568301748,-0.025732627900843963,0.0006621681386832931
2026-01-22,1165.4000244140625,1188.5,1163.699951171875,1175.199951171875,1495139.0,1158.4853515625,1166.1331787109375,1146.1915283203125,1155.5289306640625,543405.9375,1163.5999755859375,0.009969040760847703,-0.00693627113373807,0.016905311894585773,0.0002857895702532232
2026-01-23,1178.5,1187.800048828125,1149.699951171875,1153.5,1456971.0,1176.4107666015625,1184.877685546875,1167.66064453125,1175.528076171875,494653.875,1175.199951171875,-0.018464901355923713,0.0002792078060187553,-0.018744109161942468,0.0003513416282748156
2026-01-27,1158.5999755859375,1200.0,1149.5,1187.4000244140625,3844021.0,1154.9185791015625,1164.113037109375,1144.1788330078125,1152.2603759765625,933353.3125,1153.5,0.029388837810197188,-0.0010746632192782934,0.03046350102947548,0.0009280248949728537
2026-01-28,1190.0,1192.699951171875,1114.0,1131.800048828125,4560055.0,1192.7373046875,1203.5821533203125,1182.31640625,1194.2078857421875,1257425.0,1187.4000244140625,-0.046824974265411545,0.005733418551582492,-0.05255839281699404,0.0027623846555054504
2026-01-29,1130.0,1131.4000244140625,1100.0999755859375,1107.199951171875,2786421.0,1149.933349609375,1163.673095703125,1136.3228759765625,1146.3021240234375,1773430.375,1131.800048828125,-0.021735374266612872,0.012813283768920103,-0.034548658035532975,0.0011936097720561972
2026-01-30,1106.5,1138.9000244140625,1100.0999755859375,1133.9000244140625,2570464.0,1110.7265625,1123.4307861328125,1099.3367919921875,1107.4256591796875,1728160.25,1107.199951171875,0.024114951607365764,0.00020385478483242458,0.02391109682253334,0.000571740551256564
2026-02-02,1092.9000244140625,1132.699951171875,1084.0,1125.4000244140625,1776779.0,1112.095458984375,1137.0615234375,1095.331787109375,1129.0966796875,1564872.75,1133.9000244140625,-0.007496251712660773,-0.004236127192116967,-0.0032601245205438056,1.0628411889450978e-05
2026-02-03,1148.9000244140625,1180.9000244140625,1136.0999755859375,1155.4000244140625,1254462.0,1106.26611328125,1119.1358642578125,1087.95361328125,1107.0283203125,1466625.125,1125.4000244140625,0.026657187976887986,-0.016324598989703842,0.04298178696659183,0.001847434010841483
2026-02-04,1154.0,1170.699951171875,1145.9000244140625,1153.0,1109383.0,1159.467529296875,1164.442626953125,1142.22607421875,1146.4830322265625,645351.25,1155.4000244140625,-0.0020772237868694754,-0.007717666608170637,0.0056404428213011615,3.18145952203678e-05
2026-02-05,1149.5,1163.5999755859375,1145.300048828125,1155.9000244140625,1162295.0,1156.2625732421875,1165.9161376953125,1146.954345703125,1154.38671875,1040841.5,1153.0,0.0025151989714331524,0.0012027049002600876,0.0013124940711730648,1.722640686864446e-06
2026-02-06,1146.0,1162.0,1146.0,1159.300048828125,830634.0,1151.5194091796875,1157.81005859375,1134.8759765625,1144.301025390625,872842.625,1155.9000244140625,0.002941451978760945,-0.010034604012848947,0.012976055991609892,0.00016837802909739496
2026-02-09,1159.300048828125,1175.0,1156.0,1167.199951171875,1105510.0,1155.98828125,1166.646728515625,1147.941162109375,1158.9984130859375,791326.375,1159.300048828125,0.006814372475646424,-0.00026018781116454726,0.007074560286810971,5.0049403251722936e-05
2026-02-10,1167.199951171875,1167.800048828125,1148.5999755859375,1152.199951171875,978264.0,1171.007080078125,1181.0828857421875,1161.2052001953125,1170.966064453125,1017439.375,1167.199951171875,-0.012851268529389448,0.0032266222059629257,-0.016077890735352374,0.0002584985704979297
2026-02-11,1157.5999755859375,1166.199951171875,1150.199951171875,1152.5999755859375,751635.0,1152.968505859375,1162.1282958984375,1146.146240234375,1154.17041015625,531959.5,1152.199951171875,0.0003471831548471638,0.0017101710361737688,-0.001362987881326605,1.8577359646431875e-06
2026-02-12,1157.0,1157.0,1142.300048828125,1149.300048828125,624666.0,1155.3046875,1162.939208984375,1146.242919921875,1154.0660400390625,569783.1875,1152.5999755859375,-0.00286302865496324,0.001271962939596305,-0.004134991594559545,1.709815548707809e-05
2026-02-13,1148.9000244140625,1154.0,1125.4000244140625,1132.199951171875,525887.0,1153.13623046875,1163.5150146484375,1148.6163330078125,1156.5682373046875,783912.4375,1149.300048828125,-0.014878706107848805,0.006324013023381925,-0.02120271913123073,0.00044955529855785756
2026-02-16,1128.5,1141.800048828125,1117.0999755859375,1139.199951171875,780629.0,1131.59765625,1141.430908203125,1124.619384765625,1132.5107421875,420756.5,1132.199951171875,0.006182653508114644,0.0002745018804348742,0.00590815162767977,3.4906255655655114e-05
2026-02-17,1133.5,1151.0,1131.699951171875,1148.5,442621.0,1129.8507080078125,1137.9769287109375,1121.1759033203125,1128.6827392578125,460271.0625,1139.199951171875,0.008163666807181835,-0.009232103550604664,0.0173957703577865,0.00030261282634084347
2026-02-18,1148.0,1173.199951171875,1145.800048828125,1169.699951171875,641938.0,1148.6671142578125,1160.5537109375,1141.2061767578125,1152.0889892578125,829890.875,1148.5,0.018458816867109373,0.0031249362279603954,0.015333880639148978,0.00023512789545566785
2026-02-19,1169.0,1169.0,1151.699951171875,1160.5,994383.0,1166.6153564453125,1175.101318359375,1156.935791015625,1165.9664306640625,691737.1875,1169.699951171875,-0.00786522318194327,-0.0031918617283620554,-0.004673361453581215,2.184030727581873e-05
2026-02-20,1162.0999755859375,1168.5,1153.5,1156.199951171875,484995.0,1159.7950439453125,1172.013427734375,1153.9638671875,1165.5384521484375,759900.0,1160.5,-0.003705341514972038,0.004341621842686383,-0.008046963357658421,6.475361927949729e-05
2026-02-23,1156.199951171875,1179.5,1155.199951171875,1171.800048828125,623773.0,1159.322265625,1173.63671875,1154.4322509765625,1166.5006103515625,667831.9375,1156.199951171875,0.013492560383209229,0.008909063842501563,0.0045834965407076655,2.1008440538679137e-05
2026-02-24,1161.0,1182.4000244140625,1160.699951171875,1178.0,625615.0,1170.95751953125,1184.608154296875,1165.1279296875,1178.2156982421875,760784.5,1171.800048828125,0.005290963401200832,0.0054750376742844775,-0.00018407427308364532,3.3883338011272435e-08
2026-02-25,1183.0999755859375,1185.0,1161.0,1172.300048828125,565726.0,1173.22314453125,1183.8785400390625,1166.0855712890625,1175.8009033203125,550976.1875,1178.0,-0.004838668227398091,-0.0018668053308042998,-0.002971862896593791,8.831969076150838e-06
2026-02-26,1172.0,1177.4000244140625,1153.5,1159.5,629003.0,1170.0147705078125,1179.131103515625,1162.32958984375,1171.6263427734375,663198.3125,1172.300048828125,-0.010918748012439639,-0.000574687389428119,-0.01034406062301152,0.00010699959017253746
2026-02-27,1151.0999755859375,1159.5,1134.9000244140625,1141.0,2035788.0,1161.708984375,1182.4462890625,1157.510986328125,1176.3275146484375,783035.75,1159.5,-0.015955153083225482,0.01451273363383998,-0.030467886717065462,0.000928292121003934
2026-03-02,1110.800048828125,1145.800048828125,1110.800048828125,1125.199951171875,1368110.0,1148.3897705078125,1167.639404296875,1144.2393798828125,1161.468505859375,775019.125,1141.0,-0.013847544985210347,0.017939093654141036,-0.03178663863935138,0.0010103903959887064
2026-03-04,1114.5,1118.800048828125,1098.699951171875,1110.5999755859375,1221984.0,1126.91552734375,1145.4512939453125,1123.4326171875,1140.3382568359375,662716.0625,1125.199951171875,-0.012975449892911883,0.01345388048434959,-0.026429330377261473,0.0006985095041904361
2026-03-05,1112.300048828125,1123.699951171875,1095.800048828125,1119.0999755859375,1368338.0,1107.6722412109375,1123.623291015625,1104.4228515625,1116.833740234375,721518.625,1110.5999755859375,0.007653520787730628,0.00561297027325125,0.002040550514479378,4.163846402142054e-06
2026-03-06,1119.0999755859375,1128.699951171875,1112.0999755859375,1116.699951171875,919798.0,1127.901123046875,1149.7724609375,1124.3948974609375,1142.39501953125,1076520.25,1119.0999755859375,-0.0021446023290331295,0.020815873874999946,-0.022960476204033076,0.0005271834675159692
2026-03-09,1086.699951171875,1106.9000244140625,1082.5,1102.5,1007371.0,1131.075439453125,1151.18408203125,1129.3204345703125,1145.9095458984375,811572.0,1116.699951171875,-0.012715995157851934,0.026157066359598025,-0.03887306151744996,0.001511114911739449
2026-03-10,1102.4000244140625,1111.0,1096.0,1099.5,1165119.0,1087.1695556640625,1124.3052978515625,1085.7635498046875,1115.9647216796875,924931.6875,1102.5,-0.0027210884353741083,0.01221289948270976,-0.014933987918083869,0.00022302399513747496
2026-03-11,1102.0,1102.0999755859375,1070.199951171875,1073.4000244140625,1066872.0,1096.715087890625,1128.2501220703125,1094.2156982421875,1120.3795166015625,973543.4375,1099.5,-0.023738040551102735,0.018990010551671155,-0.04272805110277389,0.001825686351041257
2026-03-12,1070.5,1072.800048828125,1051.4000244140625,1057.800048828125,961388.0,1072.5419921875,1117.9481201171875,1071.5755615234375,1107.177490234375,966796.625,1073.4000244140625,-0.01453323572863996,0.03146773341909559,-0.04600096914773555,0.002116089162530918
2026-03-13,1049.0,1093.9000244140625,1048.0,1083.5999755859375,2855691.0,1062.9964599609375,1111.085205078125,1062.026123046875,1100.2685546875,922940.25,1057.800048828125,0.024390173536477544,0.04014795225848533,-0.015757778722007787,0.0002483075902517614
2026-03-16,1083.5999755859375,1099.699951171875,1071.0,1092.699951171875,1527989.0,1090.66748046875,1117.7513427734375,1079.196044921875,1103.02001953125,1863740.75,1083.5999755859375,0.008397910475234971,0.017921783299055027,-0.009523872823820057,9.070415356429822e-05
2026-03-17,1092.699951171875,1104.199951171875,1074.0,1078.0,1998285.0,1085.4154052734375,1122.837646484375,1082.6748046875,1118.21240234375,1298275.75,1092.699951171875,-0.01345287071360246,0.023348084846635198,-0.03680095556023766,0.001354310330146587
2026-03-18,1075.5999755859375,1085.199951171875,1068.0,1075.0999755859375,1092393.0,1089.677490234375,1114.07666015625,1083.741943359375,1103.319580078125,1663365.0,1078.0,-0.0026901896234345912,0.023487551092880254,-0.026177740716314846,0.0006852741090106081
2026-03-19,1055.0999755859375,1067.9000244140625,1039.4000244140625,1044.5999755859375,747138.0,1072.3828125,1091.6055908203125,1068.29052734375,1081.6519775390625,760187.9375,1075.0999755859375,-0.028369454648510484,0.006094318762823958,-0.03446377341133444,0.0011877516777478029
2026-03-20,1054.699951171875,1056.0,1043.5,1050.199951171875,2095970.0,1057.778564453125,1084.1395263671875,1055.0244140625,1074.119140625,761853.375,1044.5999755859375,0.005360880448801897,0.028258822256342242,-0.022897941807540345,0.000524315739021504
2026-03-23,1036.0999755859375,1042.0,1019.5999755859375,1023.5999755859375,2006447.0,1060.3331298828125,1116.5772705078125,1058.4296875,1106.9478759765625,2714381.5,1050.199951171875,-0.02532848678602173,0.05403535273579552,-0.07936383952181725,0.006298619023644762
2026-03-24,1030.9000244140625,1059.5,1022.7999877929688,1053.0999755859375,1423695.0,1029.093505859375,1059.874755859375,1028.43798828125,1049.8997802734375,2376131.75,1023.5999755859375,0.028819852191881212,0.025693440127765976,0.003126412064115236,9.774452394645291e-06
2026-03-25,1053.0999755859375,1073.0,1050.5999755859375,1056.0999755859375,1566241.0,1043.5810546875,1094.7918701171875,1042.763427734375,1085.201171875,2789531.0,1053.0999755859375,0.0028487323801624775,0.03048257243686825,-0.027633840056705772,0.0007636291162795965
2026-03-27,1049.300048828125,1057.5,1032.699951171875,1048.5,1815831.0,1060.02490234375,1088.1317138671875,1040.776611328125,1071.0323486328125,2217025.75,1056.0999755859375,-0.007196265279450387,0.014139166169936157,-0.021335431449386544,0.0004552006351314724
2026-03-30,1038.800048828125,1047.9000244140625,1010.7999877929688,1014.7999877929688,1801570.0,1045.163330078125,1060.7735595703125,1040.3330078125,1050.9512939453125,1259201.5,1048.5,-0.03214116567194203,0.002337905527241224,-0.03447907119918325,0.001188806350758348
2026-04-01,1025.0,1036.0,1013.0,1023.7999877929688,1309809.0,1036.8681640625,1064.203369140625,1026.819091796875,1047.9349365234375,2635017.5,1014.7999877929688,0.008868742716063194,0.03265170391116379,-0.023782961195100594,0.0005656292432076606
2026-04-02,1020.0,1046.0999755859375,1007.2000122070312,1042.0,2586178.0,1033.29736328125,1062.6263427734375,1028.290283203125,1050.21923828125,2109465.0,1023.7999877929688,0.0177769216878636,0.025805089669158843,-0.008028167981295242,6.445148113589413e-05
2026-04-06,1043.0,1063.5999755859375,1022.7000122070312,1055.199951171875,2179297.0,1040.326904296875,1066.2357177734375,1022.6897583007812,1049.7371826171875,2277717.0,1042.0,0.012667899397192928,0.00742531921035261,0.005242580186840318,2.748464701545066e-05
2026-04-07,1045.300048828125,1064.4000244140625,1034.5999755859375,1062.0,1342335.0,1056.0313720703125,1075.6353759765625,1043.5771484375,1058.6207275390625,2271211.0,1055.199951171875,0.006444322538655456,0.0032418276397647716,0.0032024948988906843,1.0255973577420853e-05
2026-04-08,1076.0,1091.9000244140625,1066.0,1068.5,1950233.0,1063.4493408203125,1091.912841796875,1058.5238037109375,1082.082763671875,1717446.375,1062.0,0.006120527306967993,0.018910323608168467,-0.012789796301200473,0.0001635788894262013
2026-04-09,1062.5,1087.0,1060.0999755859375,1078.0,2167226.0,1075.4461669921875,1097.109130859375,1068.3343505859375,1085.8358154296875,1757571.75,1068.5,0.008890968647636832,0.01622444120700739,-0.007333472559370557,5.377981977904096e-05
2026-04-10,1086.0999755859375,1095.800048828125,1079.0,1093.699951171875,1580158.0,1072.6812744140625,1092.8544921875,1065.44873046875,1083.0185546875,1548432.125,1078.0,0.014563962126043606,0.004655431064471305,0.009908531061572301,9.817898779814311e-05
2026-04-13,1075.5,1093.5,1073.800048828125,1090.300048828125,1688476.0,1085.9344482421875,1102.3812255859375,1066.36572265625,1093.1671142578125,1643081.875,1093.699951171875,-0.0031086243901785604,-0.0004871874717481406,-0.00262143691843042,6.871931517309975e-06
2026-04-15,1098.199951171875,1108.300048828125,1091.699951171875,1094.199951171875,1384602.0,1087.650146484375,1105.43310546875,1082.83642578125,1097.27685546875,1687345.5,1090.300048828125,0.003576907428319176,0.006398978563858515,-0.002822071135539339,7.964085494044295e-06
2026-04-16,1098.0,1105.0999755859375,1081.699951171875,1102.5999755859375,1439626.0,1097.8935546875,1123.9295654296875,1093.169677734375,1116.145263671875,1591389.75,1094.199951171875,0.007676864182881937,0.02005603498382258,-0.012379170800940642,0.00015324386971886137
2026-04-17,1098.4000244140625,1126.4000244140625,1091.0999755859375,1113.199951171875,1287668.0,1097.086669921875,1121.63818359375,1092.84033203125,1114.7642822265625,1595147.75,1102.5999755859375,0.009613618556725045,0.011032384282577912,-0.0014187657258528663,2.0128961848548108e-06
2026-04-20,1113.199951171875,1129.5,1106.699951171875,1120.4000244140625,1132404.0,1112.181640625,1132.8828125,1106.72314453125,1125.4906005859375,1593189.375,1113.199951171875,0.006467906537911627,0.01104082820083141,-0.004572921662919782,2.0911612535201025e-05
2026-04-21,1125.0,1145.5999755859375,1120.5,1142.0,1072221.0,1116.4559326171875,1132.0611572265625,1109.6451416015625,1124.0059814453125,1495408.125,1120.4000244140625,0.019278806779064128,0.0032184549738258905,0.016060351805238238,0.0002579349001080191
2026-04-22,1144.0,1194.9000244140625,1139.800048828125,1178.5999755859375,4284220.0,1132.180908203125,1150.5594482421875,1125.7725830078125,1143.4158935546875,1573738.75,1142.0,0.03204901539924476,0.0012398367379049535,0.03080917866133981,0.0009492054897863562
2026-04-23,1178.0,1188.9000244140625,1160.0999755859375,1184.4000244140625,1581113.0,1176.078857421875,1187.453125,1161.9283447265625,1176.779541015625,1972803.25,1178.5999755859375,0.004921134352850798,-0.0015445737383521507,0.0064657080912029485,4.180538112064728e-05
2026-04-24,1185.0,1197.0,1162.0,1174.0,1235448.0,1177.1083984375,1183.1376953125,1161.617431640625,1169.9503173828125,1228948.25,1184.4000244140625,-0.008780837723477375,-0.012200022571257962,0.0034191848477805875,1.1690825023292359e-05
2026-04-27,1168.0,1183.9000244140625,1155.0,1160.5,1019797.0,1168.181396484375,1179.802978515625,1160.6107177734375,1172.895263671875,995305.875,1174.0,-0.011499148211243648,-0.0009410019830706773,-0.010558146228172971,0.00011147445177548314
2026-04-28,1150.199951171875,1159.800048828125,1144.0,1147.699951171875,1646292.0,1152.22998046875,1163.5189208984375,1144.5660400390625,1156.0150146484375,895898.375,1160.5,-0.011029770640348935,-0.003864700863043913,-0.007165069777305022,5.133822491364984e-05
2026-04-29,1147.699951171875,1171.199951171875,1147.699951171875,1168.0,1346355.0,1141.7269287109375,1157.156982421875,1136.1968994140625,1150.659423828125,948548.75,1147.699951171875,0.01768759230790007,0.0025786118168151795,0.015108980491084889,0.00022828129147998378
2026-04-30,1170.0,1170.0,1139.4000244140625,1144.5999755859375,1433160.0,1160.644775390625,1174.162109375,1153.9158935546875,1167.2904052734375,1012391.5625,1168.0,-0.020034267477793244,-0.0006075297316460171,-0.019426737746147227,0.0003773981394575814
2026-05-01,1144.5999755859375,1144.5999755859375,1144.5999755859375,1144.5999755859375,0.0,1146.040283203125,1169.3306884765625,1142.09521484375,1164.04296875,1019979.75,1144.5999755859375,0.0,0.01698671464160162,-0.01698671464160162,0.0002885484743152028
2026-05-04,1149.699951171875,1174.4000244140625,1149.699951171875,1160.4000244140625,1313831.0,1147.611572265625,1158.3568115234375,1142.427490234375,1148.2896728515625,638767.8125,1144.5999755859375,0.013803991931798487,0.0032235692332041044,0.010580422698594383,0.00011194534448093125
2026-05-05,1161.199951171875,1166.800048828125,1149.0,1153.5,1065572.0,1166.6630859375,1180.3582763671875,1159.3690185546875,1172.726806640625,1222867.375,1160.4000244140625,-0.005946246353749074,0.010622873118937504,-0.016569119472686578,0.00027453572010016153
2026-05-06,1160.0,1166.9000244140625,1138.9000244140625,1152.199951171875,1566762.0,1152.50830078125,1164.1373291015625,1146.22998046875,1156.743896484375,806744.125,1153.5,-0.00112704709850453,0.0028122206193108568,-0.003939267717815387,1.5517830152622446e-05
2026-05-07,1152.199951171875,1162.199951171875,1135.5999755859375,1151.699951171875,1465163.0,1153.7659912109375,1172.5211181640625,1150.3685302734375,1167.578125,946246.1875,1152.199951171875,-0.00043395245720279085,0.013346792640013705,-0.013780745097216496,0.00018990893543445648
2026-05-08,1155.0,1194.0,1155.0,1176.199951171875,3672201.0,1151.5135498046875,1169.108642578125,1146.543701171875,1161.7823486328125,1153831.5,1151.699951171875,0.021272901830959423,0.00875436128192808,0.012518540549031343,0.00015671385747774194
2026-05-11,1202.199951171875,1279.4000244140625,1200.0,1271.0,19203071.0,1172.216064453125,1185.47265625,1162.3203125,1177.8057861328125,1714438.625,1176.199951171875,0.08059858252304264,0.0013652737864320308,0.07923330873661061,0.006277917213351055
2026-05-12,1269.699951171875,1282.699951171875,1250.4000244140625,1253.0,3357918.0,1182.98095703125,1208.6824951171875,1154.0611572265625,1180.7530517578125,10817234.0,1271.0,-0.014162077104642012,-0.07100467997024984,0.05684260286560783,0.0032310815005372074
2026-05-13,1249.0999755859375,1277.9000244140625,1233.0,1235.0,2412317.0,1248.8001708984375,1261.86962890625,1201.4674072265625,1203.983154296875,2611143.0,1253.0,-0.01436552274541103,-0.039119589547585765,0.024754066802174735,0.0006127638232465293
2026-05-14,1241.0,1250.0,1224.300048828125,1228.300048828125,1390903.0,1237.6397705078125,1243.092529296875,1207.6136474609375,1214.3447265625,2083473.0,1235.0,-0.005425061677631571,-0.016724917763157876,0.011299856085526305,0.0001276867475536059
2026-05-15,1228.800048828125,1255.0999755859375,1225.800048828125,1234.0,2755516.0,1221.64208984375,1232.5474853515625,1212.176513671875,1221.570068359375,1178425.25,1228.300048828125,0.004640520186670383,-0.0054791013605924865,0.01011962154726287,0.00010240674025982694
2026-05-18,1230.699951171875,1233.4000244140625,1215.0999755859375,1231.0,1494098.0,1227.48974609375,1234.5394287109375,1207.899169921875,1215.0252685546875,1385716.5,1234.0,-0.002431118314424663,-0.015376605709329416,0.012945487394904753,0.00016758564389163786
2026-05-19,1231.0,1236.5999755859375,1206.4000244140625,1210.9000244140625,2163846.0,1222.1549072265625,1231.36181640625,1209.5499267578125,1217.849609375,1005615.5,1231.0,-0.016328168631955742,-0.010682689378553989,-0.005645479253401753,3.1871436000589616e-05
2026-05-20,1207.0999755859375,1216.5999755859375,1194.199951171875,1208.699951171875,1718132.0,1212.739013671875,1224.2154541015625,1199.3690185546875,1209.506591796875,1694843.75,1210.9000244140625,-0.001816890905797175,-0.001150741257819221,-0.0006661496479779538,4.4375535350115184e-07
2026-05-21,1211.199951171875,1217.4000244140625,1192.0,1194.9000244140625,1443629.0,1199.1544189453125,1211.0556640625,1186.29296875,1197.067138671875,1538757.5,1208.699951171875,-0.011417164983280603,-0.009624235103775414,-0.0017929298795051896,3.2145975528224937e-06
2026-05-22,1198.0,1204.0,1189.0999755859375,1191.800048828125,1808205.0,1196.9169921875,1208.8760986328125,1186.4794921875,1195.93359375,1188107.0,1194.9000244140625,-0.002594338875721136,0.0008649839441121632,-0.0034593228198332993,1.1966914371819409e-05
2026-05-25,1191.0,1198.5999755859375,1181.5,1187.199951171875,1811755.0,1192.3594970703125,1212.8162841796875,1186.3411865234375,1203.0599365234375,2181233.5,1191.800048828125,-0.0038597897866955444,0.009447799323707207,-0.013307589110402751,0.00017709192793130988
2026-05-26,1191.699951171875,1200.199951171875,1174.5,1187.5999755859375,1766780.0,1187.9151611328125,1200.68701171875,1174.3570556640625,1188.1434326171875,2319295.0,1187.199951171875,0.000336947801983678,0.0007947114926860621,-0.0004577636907023841,2.0954759652546796e-07
2026-05-27,1190.0,1208.0,1184.699951171875,1204.5999755859375,1608027.0,1188.8720703125,1196.9256591796875,1172.5958251953125,1180.987060546875,1867595.25,1187.5999755859375,0.01431458432930044,-0.005568301764068195,0.019882886093368635,0.00039532915940187184
2026-05-28,1204.5999755859375,1204.5999755859375,1204.5999755859375,1204.5999755859375,0.0,1202.111083984375,1215.37109375,1195.2611083984375,1206.04638671875,1489043.25,1204.5999755859375,0.0,0.001200739799209316,-0.001200739799209316,1.4417760654052286e-06
2026-05-29,1204.5999755859375,1211.0,1168.4000244140625,1178.4000244140625,9836874.0,1199.4725341796875,1222.488525390625,1190.410400390625,1211.76953125,8162502.0,1204.5999755859375,-0.021749918398538015,0.005951814552025869,-0.027701732950563884,0.0007673860084643568
2026-06-01,1178.4000244140625,1182.5,1140.4000244140625,1143.300048828125,2075188.0,1177.1328125,1194.5283203125,1168.32470703125,1182.9749755859375,3992986.0,1178.4000244140625,-0.02978612937774705,0.0038823413756714498,-0.0336684707534185,0.001133565922873797
2026-06-02,1126.5,1164.0999755859375,1124.199951171875,1154.699951171875,2873292.0,1141.0946044921875,1162.140869140625,1131.9010009765625,1154.5953369140625,1433126.25,1143.300048828125,0.009971050342764132,0.009879548328118215,9.150201464591667e-05,8.37261868426155e-09
2026-06-03,1160.0,1163.9000244140625,1140.5,1144.0,1872463.0,1158.2686767578125,1172.7152099609375,1149.8408203125,1161.8662109375,2527523.25,1154.699951171875,-0.009266434246416932,0.006206166163211568,-0.0154726004096285,0.00023940136343603605
2026-06-04,1135.0,1163.4000244140625,1135.0,1149.300048828125,1711734.0,1139.627685546875,1149.7718505859375,1120.6912841796875,1131.0947265625,2448523.75,1144.0,0.0046329098147945835,-0.011280833424388126,0.01591374323918271,0.0002532472238826334
2026-06-05,1149.800048828125,1156.0,1129.0,1130.9000244140625,998276.0,1149.8592529296875,1165.205810546875,1143.9779052734375,1156.7625732421875,1646175.125,1149.300048828125,-0.016009765624585115,0.0064931037127089475,-0.022502869337294062,0.0005063791284113294
2026-06-08,1115.0,1124.5999755859375,1103.300048828125,1107.0,762825.0,1135.8653564453125,1157.835205078125,1132.8331298828125,1150.3505859375,1568306.625,1130.9000244140625,-0.02113363153073189,0.017199187464440158,-0.03833281899517205,0.0014694050121166228
2026-06-09,1117.0,1117.0,1093.5999755859375,1106.5,757420.0,1099.1512451171875,1121.6922607421875,1093.479736328125,1113.4200439453125,1316314.5,1107.0,-0.0004516711833785214,0.005799497692242639,-0.00625116887562116,3.907711231153472e-05
2026-06-10,1103.9000244140625,1134.300048828125,1101.0,1108.0,2202915.0,1093.6063232421875,1114.489013671875,1087.387451171875,1106.6339111328125,1330154.75,1106.5,0.0013556258472662286,0.00012102226191812449,0.001234603585348104,1.5242460129543933e-06
2026-06-11,1108.0,1119.0,1105.0,1108.5999755859375,737748.0,1110.427734375,1124.939453125,1097.9525146484375,1114.3345947265625,1815500.625,1108.0,0.0005414942111350296,0.005717143255020263,-0.005175649043885233,2.678734302547013e-05
2026-06-12,1120.800048828125,1120.800048828125,1096.699951171875,1100.699951171875,1455068.0,1105.9273681640625,1117.41259765625,1095.3770751953125,1106.967041015625,867565.125,1108.5999755859375,-0.007126127176655395,-0.0014729700579773075,-0.005653157118678087,3.1958185408460735e-05
2026-06-15,1109.699951171875,1117.0,1097.5,1100.4000244140625,1264668.0,1104.3221435546875,1122.259765625,1098.875,1113.525634765625,1385552.125,1100.699951171875,-0.0002724873000068406,0.011652297776605591,-0.011924785076612432,0.00014220049912339855
2026-06-16,1111.199951171875,1135.800048828125,1107.5999755859375,1130.9000244140625,2602426.0,1106.784423828125,1121.1639404296875,1100.2293701171875,1112.1732177734375,1398040.75,1100.4000244140625,0.02771719313277954,0.010699012266601748,0.01701818086617779,0.00028961847999393984
2026-06-17,1126.0,1134.199951171875,1117.9000244140625,1124.5,931423.0,1127.1280517578125,1138.9100341796875,1118.2100830078125,1128.9271240234375,928514.0,1130.9000244140625,-0.005659230945174398,-0.0017445400548533607,-0.0039146908903210376,1.532480476676252e-05
2026-06-18,1124.5999755859375,1132.0,1106.0999755859375,1111.4000244140625,871582.0,1115.0340576171875,1128.2684326171875,1105.8961181640625,1120.471435546875,888103.6875,1124.5,-0.011649600343208055,-0.0035825384198532317,-0.008067061923354824,6.507748807524122e-05
2026-06-19,1105.0,1118.5,1103.199951171875,1111.5,1309050.0,1112.223876953125,1125.08544921875,1105.4127197265625,1115.439697265625,993918.75,1111.4000244140625,8.995463716154894e-05,0.00363476044882427,-0.0035448058116627212,1.2565648242397804e-05
2026-06-22,1111.5,1117.5,1105.199951171875,1112.9000244140625,889468.0,1106.7615966796875,1117.2440185546875,1097.9588623046875,1106.78759765625,1320851.375,1111.5,0.0012595811192646078,-0.004239678221997334,0.005499259341261942,3.0241853302456726e-05
2026-06-23,1118.0,1126.699951171875,1101.0999755859375,1103.800048828125,1416080.0,1121.62548828125,1131.5242919921875,1116.22314453125,1123.927734375,742405.6875,1112.9000244140625,-0.008176813178460085,0.009908985280814964,-0.01808579845927505,0.0003270961059095157
2026-06-24,1105.0,1109.0999755859375,1092.0,1098.0999755859375,1405228.0,1109.3387451171875,1121.6688232421875,1102.937744140625,1112.7103271484375,790506.6875,1103.800048828125,-0.005164045107842741,0.008072366303817802,-0.013236411411660542,0.00017520258705873743
2026-06-25,1104.9000244140625,1135.300048828125,1099.800048828125,1131.300048828125,2959240.0,1095.5950927734375,1109.7706298828125,1089.5216064453125,1100.00830078125,1031399.25,1098.0999755859375,0.030234107986818026,0.0017378428537839774,0.02849626513303405,0.000812037126532172
2026-06-26,1131.300048828125,1131.300048828125,1131.300048828125,1131.300048828125,0.0,1128.4168701171875,1144.0416259765625,1119.388427734375,1132.8599853515625,1756034.5,1131.300048828125,0.0,0.0013788884081225028,-0.0013788884081225028,1.90133324205461e-06
2026-06-29,1142.5999755859375,1142.699951171875,1102.0,1112.800048828125,1632263.0,1131.51416015625,1144.349609375,1126.8638916015625,1135.57861328125,890994.25,1131.300048828125,-0.016352867675700655,0.0037819890996708683,-0.020134856775371524,0.00040541245736472456
2026-06-30,1089.0,1097.699951171875,1065.0999755859375,1075.5999755859375,5430865.0,1117.9462890625,1133.8675537109375,1113.318603515625,1126.2459716796875,279561.25,1112.800048828125,-0.033429251985891306,0.012082963930242663,-0.04551221591613397,0.0020713617975967984
2026-07-01,1078.9000244140625,1094.0,1072.0999755859375,1090.9000244140625,2201765.0,1076.119873046875,1093.2755126953125,1064.53076171875,1078.619873046875,2446059.5,1075.5999755859375,0.014224664536451215,0.0028076399493150994,0.011417024587136115,0.0001303484504232706
2026-07-02,1099.9000244140625,1115.0,1085.0999755859375,1107.199951171875,2315853.0,1089.9932861328125,1103.4876708984375,1081.3359375,1092.968505859375,1551381.25,1090.9000244140625,0.014941723707969867,0.0018961237501333716,0.013045599957836496,0.00017018767825990357
2026-07-03,1115.300048828125,1124.699951171875,1096.300048828125,1116.699951171875,1546610.0,1109.9906005859375,1122.5316162109375,1100.019287109375,1112.0242919921875,1337672.375,1107.199951171875,0.008580202690530392,0.004357244430155838,0.004222958260374554,1.783337646886568e-05
2026-07-06,1115.0999755859375,1122.4000244140625,1110.5,1117.9000244140625,942307.0,1122.059326171875,1137.9039306640625,1115.1751708984375,1128.424072265625,1414707.0,1116.699951171875,0.001074660423266094,0.010498899978858889,-0.009424239555592795,8.881629120119988e-05
2026-07-07,1111.199951171875,1130.0,1108.300048828125,1125.0,1423870.0,1118.347900390625,1126.1927490234375,1106.3702392578125,1113.80322265625,1019667.0625,1117.9000244140625,0.006351172225493862,-0.003664730001200045,0.010015902226693907,0.00010031829741469197
2026-07-08,1112.9000244140625,1120.300048828125,1084.300048828125,1089.800048828125,1518093.0,1123.7164306640625,1131.1942138671875,1113.7601318359375,1119.8421630859375,441197.125,1125.0,-0.031288845486111105,-0.004584743923611079,-0.026704101562500027,0.0007131090402603163
2026-07-09,1098.800048828125,1114.199951171875,1091.699951171875,1106.699951171875,1017956.0,1082.4154052734375,1093.642578125,1073.6400146484375,1082.059814453125,579377.5,1089.800048828125,0.015507342252299106,-0.007102435335108681,0.022609777587407787,0.0005112020425520475
2026-07-10,1105.0,1117.699951171875,1105.0,1111.9000244140625,1189725.0,1107.129150390625,1117.88671875,1074.3638916015625,1112.74609375,1076369.25,1106.699951171875,0.004698720043026183,0.005463217534005249,-0.0007644974909790658,5.844564137132868e-07
2026-07-13,1105.5999755859375,1106.5999755859375,1092.0999755859375,1098.5999755859375,1072732.0,1113.8519287109375,1130.8660888671875,1108.2401123046875,1122.404541015625,1296867.375,1111.9000244140625,-0.011961550981288704,0.009447357110274446,-0.02140890809156315,0.0004583413456729981
2026-07-14,1089.800048828125,1110.199951171875,1089.800048828125,1097.5999755859375,1581478.0,1094.560302734375,1105.7125244140625,1088.318359375,1097.102294921875,724483.875,1098.5999755859375,-0.0009102494285662122,-0.0013632629686376463,0.00045301354007143413,2.0522126748805286e-07
2026-07-15,1095.5,1101.9000244140625,1081.0999755859375,1085.5,1154409.0,1096.543701171875,1109.199951171875,1089.4970703125,1100.2091064453125,1096412.625,1097.5999755859375,-0.01102403048021039,0.0023771236492440284,-0.013401154129454418,0.0001795909320013932
2026-07-16,1088.300048828125,1100.0,1081.699951171875,1088.5,1188115.0,1083.1240234375,1092.1368408203125,1071.6021728515625,1079.01220703125,1003296.25,1085.5,0.002763703362505865,-0.005976778414325201,0.008740481776831066,7.639602169111595e-05
2026-07-17,1082.0,1091.800048828125,1074.9000244140625,1088.5999755859375,1262534.0,1083.1541748046875,1095.30712890625,1076.095947265625,1087.8447265625,679386.125,1088.5,9.184711615750629e-05,-0.0006019967271474469,0.0006938438433049532,4.814192788921884e-07
2026-07-20,1089.0,1097.9000244140625,1085.300048828125,1091.9000244140625,1003699.0,1087.9217529296875,1101.568359375,1083.5401611328125,1095.02978515625,759257.25,1088.5999755859375,0.003031461420296866,0.0059064943179441,-0.002875032897647234,8.26581416255385e-06
2026-07-21,1093.0,1096.5,1079.9000244140625,1081.5,1241515.0,1099.4658203125,1112.237060546875,1094.1407470703125,1105.5892333984375,1044617.8125,1091.9000244140625,-0.009524703893695197,0.012537053464872772,-0.02206175735856797,0.0004867211377483279
2026-07-22,1074.199951171875,1099.4000244140625,1071.0999755859375,1094.9000244140625,1519534.0,1081.12841796875,1091.7667236328125,1068.4708251953125,1077.1529541015625,1095321.5,1081.5,0.012390221372226007,-0.0040194599153374755,0.016409681287563482,0.0002692776399594111
2026-07-23,1099.0,1111.0,1091.0999755859375,1107.699951171875,1965538.0,1089.54150390625,1098.1505126953125,1081.507080078125,1088.6346435546875,998970.6875,1094.9000244140625,0.01169049819380752,-0.00572233146375889,0.01741282965756641,0.0003032066366834243
2026-07-24,1100.0,1117.0999755859375,1079.0,1088.0,1644917.0,1104.921875,1111.94189453125,1093.4271240234375,1100.1234130859375,1075650.5,1107.699951171875,-0.017784555421379022,-0.006839883018792237,-0.010944672402586786,0.00011978585399994481
2026-07-27,1115.0999755859375,1123.4000244140625,1096.5999755859375,1107.4000244140625,2360635.0,1084.4381103515625,1096.18017578125,1071.0689697265625,1079.98193359375,665536.1875,1088.0,0.017830904792336844,-0.0073695463292738905,0.025200451121610734,0.0006350627367326917
2026-07-28,1108.0,1115.9000244140625,1078.199951171875,1082.0999755859375,1500024.0,1106.304443359375,1115.07373046875,1095.1048583984375,1103.0892333984375,1092138.25,1107.4000244140625,-0.02284635025316306,-0.0038927134915911488,-0.018953636761571913,0.0003592403464896102
2026-07-29,1092.5,1106.5999755859375,1085.699951171875,1096.0999755859375,1130132.0,1082.2108154296875,1092.5369873046875,1071.387939453125,1078.632568359375,1583917.625,1082.0999755859375,0.01293780640963349,-0.0032043316743306516,0.01614213808396414,0.00026056862192176553
2026-07-30,1096.0999755859375,1108.9000244140625,1090.4000244140625,1094.199951171875,1677784.0,1097.1326904296875,1107.5408935546875,1082.0609130859375,1097.81103515625,1216490.5,1096.0999755859375,-0.001733440795897101,0.001561043343147439,-0.00329448413904454,1.0853625742416044e-05
2026-07-31,1098.9000244140625,1098.9000244140625,1081.0,1083.0999755859375,1479617.0,1102.438720703125,1117.512939453125,1097.5931396484375,1108.420654296875,1458941.875,1094.199951171875,-0.010144375873942901,0.012996439188075026,-0.023140815062017928,0.0005354973217345158
2026-08-03,1085.0,1110.0,1083.0999755859375,1110.0,1322017.0,1082.2200927734375,1091.804443359375,1068.1170654296875,1075.689208984375,1192340.0,1083.0999755859375,0.024836141649352328,-0.006842181487035304,0.03167832313638763,0.001003516156733392
2026-08-04,1102.9000244140625,1104.4000244140625,1079.699951171875,1092.0,2064394.0,1109.3787841796875,1123.910888671875,1103.5728759765625,1116.2384033203125,987526.75,1110.0,-0.01621621621621616,0.005620183171452631,-0.021836399387668792,0.000476828338217782
2026-08-05,1086.300048828125,1096.300048828125,1082.9000244140625,1096.300048828125,1294174.0,1086.942138671875,1096.8070068359375,1078.7548828125,1086.7305908203125,836998.125,1092.0,0.003937773652129106,-0.004825466281765056,0.008763239933894162,7.679437413899737e-05
2026-08-06,1102.0,1102.0,1086.0,1090.0,1350606.0,1092.17724609375,1103.04052734375,1086.279296875,1095.0943603515625,839673.6875,1096.300048828125,-0.005746646490492613,-0.0010997796432201667,-0.004646866847272446,2.1593371496279765e-05
2026-08-07,1082.199951171875,1092.0,1078.0,1082.300048828125,879013.0,1095.520263671875,1105.9796142578125,1067.9766845703125,1101.4154052734375,1122251.75,1090.0,-0.007064175387041294,0.010472848874713225,-0.01753702426175452,0.00030754721995736664
2026-08-10,1085.5999755859375,1109.800048828125,1082.300048828125,1108.699951171875,1417750.0,1078.8270263671875,1091.083251953125,1072.361572265625,1083.76171875,757540.8125,1082.300048828125,0.02439240612835114,0.001350521903290769,0.02304188422506037,0.000530928428641086
2026-08-11,1108.699951171875,1109.5999755859375,1074.5999755859375,1078.0,1933872.0,1107.4088134765625,1121.903564453125,1101.866455078125,1114.447998046875,1044536.0625,1108.699951171875,-0.027690044668465696,0.005184492764633397,-0.032874537433099094,0.0010807352114402336
2026-08-12,1077.0,1078.0,1054.300048828125,1061.9000244140625,1713131.0,1077.9488525390625,1086.218994140625,1066.1805419921875,1072.4705810546875,1106887.375,1078.0,-0.014935042287511635,-0.005129331118100655,-0.00980571116941098,9.615197153791125e-05
2026-08-13,1061.9000244140625,1095.0,1058.199951171875,1090.5,1827014.0,1056.4593505859375,1064.480712890625,1042.2320556640625,1048.824951171875,1199351.75,1061.9000244140625,0.026932832591013867,-0.012312904173255035,0.0392457367642689,0.0015402278541702876
2026-08-14,1090.5,1093.4000244140625,1079.5,1079.5,1039725.0,1082.1705322265625,1090.6693115234375,1070.3966064453125,1078.2275390625,1105684.75,1090.5,-0.010087116001833984,-0.011253976100412677,0.0011668600985786926,1.361562489655076e-06
2026-08-17,1083.800048828125,1084.5,1070.9000244140625,1072.5999755859375,881078.0,1077.72265625,1087.7470703125,1070.82470703125,1078.5758056640625,833222.4375,1079.5,-0.006391870693897683,-0.0008561318535780238,-0.0055357388403196595,3.064440450822365e-05
2026-08-18,1075.5,1079.0999755859375,1061.5999755859375,1061.5999755859375,939925.0,1075.2105712890625,1089.6929931640625,1070.8671875,1083.0308837890625,809856.4375,1072.5999755859375,-0.010255454270349906,0.009724882006851399,-0.019980336277201305,0.0003992138377500465
2026-08-19,1061.0999755859375,1071.5,1056.800048828125,1068.0,1241204.0,1067.789794921875,1077.034423828125,1054.659912109375,1062.28466796875,1135603.375,1061.5999755859375,0.006028659157165217,0.0006449626964568633,0.005383696460708354,2.8984187581043654e-05
2026-08-20,1068.5999755859375,1074.699951171875,1056.300048828125,1056.300048828125,1684035.0,1063.3843994140625,1076.1689453125,1054.5673828125,1068.09228515625,1086978.5,1068.0,-0.010955010460557135,8.640932233139331e-05,-0.011041419782888529,0.00012191295082196216
2026-08-21,1060.0,1062.0,1044.699951171875,1049.0,1126589.0,1063.4100341796875,1072.13037109375,1052.4954833984375,1059.6126708984375,1675828.125,1056.300048828125,-0.006910961365782176,0.003136061646487276,-0.010047023012269451,0.00010094267140907192
2026-08-24,1049.0,1062.5,1041.800048828125,1062.5,1085041.0,1052.3751220703125,1061.0281982421875,1042.119873046875,1049.8482666015625,1146353.125,1049.0,0.012869399428026673,0.0008086430901452779,0.012060756337881395,0.00014546184344174624
2026-08-25,1061.699951171875,1061.699951171875,1051.0999755859375,1060.5,717171.0,1058.6917724609375,1066.2713623046875,1048.55859375,1055.1983642578125,1061667.5,1062.5,-0.0018823529411764461,-0.006872127757352908,0.004989774816176462,2.4897852716148847e-05
2026-08-26,1063.5,1063.5,1039.5999755859375,1047.0999755859375,1069304.0,1060.85693359375,1069.14453125,1047.47607421875,1054.6937255859375,1059225.0,1060.5,-0.01263557229048795,-0.005475034808168355,-0.0071605374823195955,5.127329703570385e-05
2026-08-27,1041.0,1048.4000244140625,1035.5999755859375,1042.0,996048.0,1045.851806640625,1054.1212158203125,1036.959716796875,1043.7119140625,772129.6875,1047.0999755859375,-0.004870571774279409,-0.0032356619257312147,-0.0016349098485481939,2.672930212879878e-06
2026-08-28,1047.0,1047.0,1030.4000244140625,1040.699951171875,971764.0,1039.3253173828125,1049.76611328125,1031.8583984375,1041.03515625,1061069.75,1042.0,-0.0012476476277590853,-0.0009259536948176272,-0.0003216939329414581,1.0348698649134333e-07
2026-08-31,1036.4000244140625,1045.0999755859375,1028.0,1037.5,1686812.0,1042.705322265625,1052.8883056640625,1034.9337158203125,1044.168212890625,971264.75,1040.699951171875,-0.0030748066897396953,0.003332624081364255,-0.00640743077110395,4.105516908648976e-05
2026-09-01,1037.5,1041.800048828125,1025.0999755859375,1030.5,1005860.0,1036.5810546875,1040.8697509765625,1017.24658203125,1021.8241577148438,1524736.125,1037.5,-0.006746987951807282,-0.015109245576054198,0.008362257624246916,6.992735257427568e-05
2026-09-02,1025.5,1027.4000244140625,1008.2999877929688,1012.0,1052859.0,1028.5960693359375,1036.42724609375,1018.566162109375,1026.6875,1578042.75,1030.5,-0.017952450266860764,-0.0036996603590490063,-0.014252789907811758,0.0002031420201562207
2026-09-03,1012.5,1023.0,1008.0,1019.2000122070312,935640.0,1013.159912109375,1018.5014038085938,998.076904296875,1005.1907958984375,1209743.0,1012.0,0.007114636568212651,-0.006728462550951053,0.013843099119163704,0.00019163139322299092
2026-09-04,1020.0,1022.9000244140625,1008.5,1010.0,1030564.0,1019.2770385742188,1026.5758056640625,1011.287353515625,1017.8631591796875,1005972.1875,1019.2000122070312,-0.00902669946707424,-0.0013116689671626158,-0.007715030499911624,5.95216956145666e-05
