symbol,date,actual_open,actual_high,actual_low,actual_close,predicted_open,predicted_high,predicted_low,predicted_close,previous_actual_close,actual_return,predicted_return,return_error,absolute_return_error,direction_correct,validation_loss,training_time_seconds,prediction_time_seconds
CIPLA,2023-07-03,983.9387418557088,993.0019933945482,963.2090182399345,965.90869140625,984.8767700195312,996.749755859375,980.7528686523438,993.06005859375,978.5875854492188,-0.012956320140877864,0.014789144436047274,0.027745464576925137,0.027745464576925137,False,13.41446590423584,7.443791073994362,0.024601130004157312
CIPLA,2023-07-04,971.8383318265135,979.5999138625239,960.798537562997,975.5985717773438,961.929443359375,967.1773071289062,950.8234252929688,959.1337890625,965.90869140625,0.010031880298112255,-0.007014019445136719,-0.017045899743248973,0.017045899743248973,False,15.03048324584961,4.557273170998087,0.025110793998464942
CIPLA,2023-07-05,980.5640667770992,982.2995666300221,969.3796820818563,974.586181640625,971.2010498046875,983.9529418945312,964.3933715820312,978.5048217773438,975.5985717773438,-0.0010377117863901537,0.0029789404003589294,0.004016652186749083,0.004016652186749083,False,15.523370742797852,5.29076084800181,0.025408032000996172
CIPLA,2023-07-06,975.7432632726437,986.8794517903024,975.164782900997,984.661865234375,977.0877075195312,984.6304321289062,970.9605712890625,980.95654296875,974.586181640625,0.010338422382296172,0.006536478197752702,-0.0038019441845434697,0.0038019441845434697,True,14.951249122619629,6.777389718001359,0.02515802400012035
CIPLA,2023-07-07,973.2845623347143,991.8930916774158,962.2929652885297,984.0833129882812,975.0721435546875,978.720703125,965.461181640625,971.3333129882812,984.661865234375,-0.000587564387858201,-0.013536171874515735,-0.012948607486657535,0.012948607486657535,True,14.271366119384766,6.4448027049948,0.025285942989285104
CIPLA,2023-07-10,987.3132934472665,989.2416397235306,976.7073889278134,980.2748413085938,976.4337158203125,982.4832153320312,968.5968627929688,977.3031005859375,984.0833129882812,-0.003870070378617275,-0.006889876408690298,-0.0030198060300730234,0.0030198060300730234,True,14.091432571411133,9.805102009995608,0.025601589994039387
CIPLA,2023-07-11,982.444205490446,996.4729125181805,981.5282292631908,990.9771728515625,981.2103881835938,989.0947265625,974.2391967773438,984.3346557617188,980.2748413085938,0.01091768460433192,0.0041415063225589376,-0.0067761782817729824,0.0067761782817729824,True,15.342370986938477,4.502497013992979,0.02509113500127569
CIPLA,2023-07-12,988.2774929132166,995.8944844467609,983.4084302056287,985.5778198242188,991.05078125,998.147705078125,980.8143920898438,990.3580932617188,990.9771728515625,-0.005448514027630901,-0.0006247162970084693,0.004823797730622432,0.004823797730622432,True,14.791595458984375,3.473927161001484,0.025181863995385356
CIPLA,2023-07-13,991.0253948312823,998.883429909044,981.5765092910242,984.131591796875,988.8367919921875,996.4457397460938,984.40869140625,987.844970703125,985.5778198242188,-0.0014673910048033445,0.0023003266036471927,0.003767717608450537,0.003767717608450537,False,15.208372116088867,6.159082721002051,0.06145911500789225
CIPLA,2023-07-14,989.3862422644158,997.7263630527104,982.8298181576048,993.966064453125,983.7916870117188,994.2299194335938,976.5697021484375,983.7477416992188,984.131591796875,0.009993046395648924,-0.00039003940210414134,-0.010383085797753065,0.010383085797753065,False,12.251818656921387,7.450031876011053,0.029749221008387394
CIPLA,2023-07-17,999.076247745408,1001.7759798516904,988.6632475431614,995.6535034179688,990.4432983398438,1001.5933837890625,984.6907958984375,994.6959228515625,993.966064453125,0.0016976826726696854,0.0007342890512454913,-0.0009633936214241941,0.0009633936214241941,True,13.318816184997559,5.94618401300977,0.06433776700578164
CIPLA,2023-07-18,995.6533866574523,998.111957472463,982.9744867078605,993.8696899414062,989.8318481445312,1001.2251586914062,977.533447265625,984.3262329101562,995.6535034179688,-0.0017916006627193748,-0.011376719379711143,-0.009585118716991768,0.009585118716991768,True,12.994529724121094,7.748716147005325,0.058266004009055905
CIPLA,2023-07-19,993.0983613493213,1004.668439345624,986.0599090045957,998.6906127929688,992.120849609375,1001.9484252929688,981.3900146484375,991.8916625976562,993.8696899414062,0.004850658894574719,-0.00199022805883799,-0.006840886953412709,0.006840886953412709,False,12.224185943603516,7.492442329006735,0.03216261899797246
CIPLA,2023-07-20,1001.7276027093754,1019.9987537101065,990.2057811563792,1018.6971435546875,996.1107788085938,1000.125244140625,985.8136596679688,991.974365234375,998.6906127929688,0.020032761403221636,-0.006725053257295457,-0.026757814660517094,0.026757814660517094,False,12.605003356933594,6.882761102009681,0.026056495000375435
CIPLA,2023-07-21,1019.5234319924655,1032.256515944726,1015.7812828542243,1019.5719604492188,1018.1356811523438,1034.35888671875,1008.5975341796875,1019.2783813476562,1018.6971435546875,0.0008587605257030806,0.000570569768106498,-0.0002881907575965826,0.0002881907575965826,True,14.548479080200195,8.453332975012017,0.025321373002952896
CIPLA,2023-07-24,1019.5719604492188,1023.5085793689234,1008.9286850759188,1019.5719604492188,1019.3555297851562,1031.0159912109375,1011.5780639648438,1023.3666381835938,1019.5719604492188,0.0,0.0037218341437156455,0.0037218341437156455,0.0037218341437156455,False,14.66593074798584,6.230777689997922,0.026091504987562075
CIPLA,2023-07-25,1028.3684494622541,1032.0134226999512,1020.0093345674301,1025.20947265625,1012.4663696289062,1025.0615234375,996.305908203125,1000.7443237304688,1019.5719604492188,0.00552929310114353,-0.018466216656698394,-0.023995509757841926,0.023995509757841926,False,13.115575790405273,6.976940948996344,0.025605129994801246
CIPLA,2023-07-26,1030.3124017496784,1051.744891152323,1012.9623534316402,1038.5743408203125,1029.8560791015625,1035.135986328125,1015.1604614257812,1019.8895263671875,1025.20947265625,0.01303623163901813,-0.005189131032196641,-0.018225362671214773,0.018225362671214773,False,13.215234756469727,7.458044730999973,0.025995257004979067
CIPLA,2023-07-27,1083.7721577763934,1185.2482472213592,1077.502850602317,1138.64111328125,1028.642333984375,1036.746337890625,1012.0478515625,1021.864990234375,1038.5743408203125,0.09635012971907267,-0.016088738118389973,-0.11243886783746264,0.11243886783746264,False,10.743513107299805,7.286688235995825,0.026228073998936452
CIPLA,2023-07-28,1138.6411042817738,1157.0604420444497,1123.332215178575,1144.8133544921875,1112.139404296875,1172.139892578125,1092.879638671875,1132.2420654296875,1138.64111328125,0.005420708192373979,-0.0056198988223095225,-0.011040607014683502,0.011040607014683502,False,13.770289421081543,5.403290294008912,0.025829858001088724
CIPLA,2023-07-31,1148.7012740854252,1151.5686057232795,1132.7605665536003,1142.0916748046875,1131.2283935546875,1169.087890625,1062.75048828125,1100.806884765625,1144.8133544921875,-0.0023774003655882173,-0.038439864065075255,-0.03606246369948704,0.03606246369948704,True,15.051813125610352,7.257736247993307,0.02534550199925434
CIPLA,2023-08-01,1142.0916259256278,1154.0471857256941,1135.3848513707485,1145.3477783203125,1121.6932373046875,1141.715087890625,1107.8280029296875,1123.824951171875,1142.0916748046875,0.0028510001320006433,-0.015994095776887915,-0.018845095908888557,0.018845095908888557,False,14.775446891784668,3.864866246993188,0.02604828600306064
CIPLA,2023-08-02,1151.8117033901547,1151.8117033901547,1121.2425710434757,1135.5794677734375,1114.1971435546875,1146.1221923828125,1098.947021484375,1126.783935546875,1145.3477783203125,-0.008528685113617216,-0.016208040147126266,-0.00767935503350905,0.00767935503350905,True,13.166135787963867,5.419601671004784,0.06321315700188279
CIPLA,2023-08-03,1133.392345743543,1145.930958980547,1117.7918125512597,1133.1978759765625,1129.391357421875,1152.69140625,1117.2974853515625,1137.6768798828125,1135.5794677734375,-0.0020972480257543348,0.0018469972105848785,0.003944245236339213,0.003944245236339213,False,11.170475006103516,9.5248258060019,0.02602544600085821
CIPLA,2023-08-04,1138.203801570734,1204.0076801275068,1138.203801570734,1175.8685302734375,1123.613525390625,1147.7744140625,1100.72607421875,1127.8984375,1133.1978759765625,0.037655077900761565,-0.004676534071329398,-0.04233161197209096,0.04233161197209096,False,10.161725997924805,4.820137516988325,0.02661218099819962
CIPLA,2023-08-07,1161.531529734069,1194.0932922830993,1141.3140297057214,1189.379150390625,1193.823974609375,1213.1634521484375,1168.958251953125,1184.732421875,1175.8685302734375,0.01148990705112733,0.007538165512007778,-0.003951741539119553,0.003951741539119553,True,13.00478744506836,7.412895532994298,0.025965837005060166
CIPLA,2023-08-08,1190.6914069706493,1233.4590983230644,1189.7680610952264,1230.98046875,1169.05517578125,1195.383056640625,1155.434814453125,1178.0775146484375,1189.379150390625,0.03497733951844706,-0.009502130366482151,-0.04447946988492921,0.04447946988492921,False,12.464574813842773,7.436568871999043,0.02643719299521763
CIPLA,2023-08-09,1234.4309993499483,1236.0348113864861,1217.1781251464351,1230.5916748046875,1207.14306640625,1232.920166015625,1181.0341796875,1204.592041015625,1230.98046875,-0.00031584087252602887,-0.02143691829746994,-0.021121077424943912,0.021121077424943912,True,13.868938446044922,6.75824269799341,0.02654450200498104
CIPLA,2023-08-10,1230.5431499348706,1242.1098904773528,1213.1444513358251,1223.6905517578125,1213.384765625,1234.6917724609375,1185.4239501953125,1207.5135498046875,1230.5916748046875,-0.005607971505227603,-0.0187536820478351,-0.013145710542607499,0.013145710542607499,True,13.649352073669434,5.785829588989145,0.026472851997823454
CIPLA,2023-08-11,1223.0587847446102,1223.544781222908,1210.1312309612974,1215.185546875,1213.415283203125,1231.659912109375,1202.1600341796875,1221.728759765625,1223.6905517578125,-0.006950290553927373,-0.001603176546038879,0.005347114007888494,0.005347114007888494,True,14.583518981933594,5.7842134940001415,0.025451811001403257
CIPLA,2023-08-14,1215.1854571538477,1216.9350918071316,1197.1550603311366,1200.994384765625,1202.4569091796875,1218.4024658203125,1191.6148681640625,1208.6690673828125,1215.185546875,-0.011678185397998956,-0.005362538674810142,0.006315646723188814,0.006315646723188814,True,12.186155319213867,7.038332304000505,0.05768998900020961
CIPLA,2023-08-16,1197.0578871170128,1211.103136869719,1191.7119262399794,1208.7218017578125,1200.4581298828125,1213.516845703125,1187.4649658203125,1202.5994873046875,1200.994384765625,0.006434182449317206,0.0013364779714400887,-0.005097704477877117,0.005097704477877117,True,14.136541366577148,6.283798332995502,0.026596470997901633
CIPLA,2023-08-17,1200.4112067825845,1210.9573058001367,1191.7119179673007,1206.2431640625,1197.5318603515625,1213.0794677734375,1185.63525390625,1202.6966552734375,1208.7218017578125,-0.0020506271101488217,-0.004984725580040657,-0.002934098469891835,0.002934098469891835,True,11.848344802856445,7.216336234996561,0.06233483599498868
CIPLA,2023-08-18,1204.2992526402247,1221.7951255599373,1196.5233091203522,1201.7720947265625,1204.52783203125,1246.3406982421875,1188.7264404296875,1208.7783203125,1206.2431640625,-0.0037066069836859503,0.0021016958483411094,0.00580830283202706,0.00580830283202706,False,13.582809448242188,5.912786139000673,0.04602506899391301
CIPLA,2023-08-21,1202.792674599423,1210.4229144704464,1195.8430196618478,1199.2449951171875,1221.13134765625,1244.230224609375,1208.9840087890625,1229.1024169921875,1201.7720947265625,-0.002102811024206705,0.022741684871492567,0.024844495895699273,0.024844495895699273,False,14.891013145446777,5.381423737999285,0.02553110099688638
CIPLA,2023-08-22,1199.2449014521007,1205.5142082695488,1183.9360130987482,1186.8033447265625,1190.013916015625,1199.605712890625,1179.5596923828125,1189.7371826171875,1199.2449951171875,-0.010374569367628863,-0.007928165252898068,0.0024464041147307953,0.0024464041147307953,True,14.760761260986328,6.994848100992385,0.06452340599207673
CIPLA,2023-08-23,1216.9837775955866,1224.6138982537416,1190.739968870979,1196.18310546875,1179.954345703125,1191.2271728515625,1170.041748046875,1181.78271484375,1186.8033447265625,0.007903382463375666,-0.004230380631400432,-0.012133763094776099,0.012133763094776099,False,13.655863761901855,5.487881239998387,0.026337853996665217
CIPLA,2023-08-24,1200.6055080238448,1204.9309473509845,1182.9152858035577,1186.3172607421875,1188.69921875,1204.6309814453125,1182.025634765625,1199.298583984375,1196.18310546875,-0.008247771333216044,0.002604516400024002,0.010852287733240047,0.010852287733240047,False,15.916919708251953,6.278894290007884,0.05286906400579028
CIPLA,2023-08-25,1183.8387890056651,1185.7342464859028,1171.2515275190628,1175.5283203125,1190.8118896484375,1199.0159912109375,1174.377197265625,1183.4364013671875,1186.3172607421875,-0.009094481541082602,-0.0024284055120277585,0.0066660760290548435,0.0066660760290548435,True,14.546070098876953,5.531255173991667,0.04718419798882678
CIPLA,2023-08-28,1178.0554729049902,1202.3552970160667,1177.0834799405472,1194.482177734375,1178.6805419921875,1184.2281494140625,1164.42333984375,1171.2928466796875,1175.5283203125,0.01612369272127476,-0.003603038361242161,-0.01972673108251692,0.01972673108251692,False,16.351560592651367,6.203514596010791,0.026236003992380574
CIPLA,2023-08-29,1197.4953337822728,1210.7630614948166,1192.9270143039248,1195.308349609375,1189.42431640625,1203.828369140625,1182.1353759765625,1192.1414794921875,1194.482177734375,0.0006916569291699565,-0.0019595924374754604,-0.0026512493666454168,0.0026512493666454168,False,14.562671661376953,6.154656913000508,0.027121836013975553
CIPLA,2023-08-30,1200.1195918318388,1221.6007299443731,1196.6690882114447,1201.529052734375,1197.78125,1211.330322265625,1186.7498779296875,1201.37353515625,1195.308349609375,0.005204266436382643,0.005074159775473076,-0.00013010666090956628,0.00013010666090956628,True,14.176509857177734,6.355392391997157,0.026658779999706894
CIPLA,2023-08-31,1205.4170665798306,1230.6402358768441,1188.94171507906,1222.3782958984375,1202.72509765625,1211.0867919921875,1194.70751953125,1202.1785888671875,1201.529052734375,0.017352258870990192,0.0005405912835268699,-0.016811667587463323,0.016811667587463323,True,14.679479598999023,5.135846349003259,0.02670102998672519
CIPLA,2023-09-01,1229.4738816784466,1233.3618534009483,1204.9310601801535,1210.52001953125,1221.907958984375,1244.0181884765625,1217.9432373046875,1236.6275634765625,1222.3782958984375,-0.009700987335080069,0.011657003094653208,0.021357990429733277,0.021357990429733277,False,13.244390487670898,5.548910929006524,0.05688774700684007
CIPLA,2023-09-04,1215.2828328512542,1220.2399731659807,1198.029957988674,1204.1534423828125,1208.9112548828125,1216.88623046875,1185.8074951171875,1193.671630859375,1210.52001953125,-0.00525937369536675,-0.01391830651293087,-0.00865893281756412,0.00865893281756412,True,11.748624801635742,6.896393723000074,0.05522887299594004
CIPLA,2023-09-05,1219.8510209096469,1230.5429422084565,1200.5083395569607,1204.25048828125,1200.84619140625,1214.3729248046875,1192.7314453125,1204.0076904296875,1204.1534423828125,8.059263464418859e-05,-0.00012104101354108323,-0.00020163364818527184,0.00020163364818527184,False,12.506487846374512,9.76950423400558,0.06220850699173752
CIPLA,2023-09-06,1211.2490226177495,1231.515051631347,1207.7984002295393,1221.5521240234375,1215.99853515625,1231.2237548828125,1209.8719482421875,1223.3629150390625,1204.25048828125,0.014367140317195156,0.015870806733149386,0.0015036664159542301,0.0015036664159542301,True,13.185165405273438,7.929362465001759,0.04116298399458174
CIPLA,2023-09-07,1223.7390747905126,1225.6830606122608,1210.131174038275,1214.310791015625,1229.9515380859375,1271.1341552734375,1223.8359375,1260.75732421875,1221.5521240234375,-0.005927977091932561,0.0320945782208474,0.03802255531277996,0.03802255531277996,False,13.112295150756836,7.727623004990164,0.05681607800943311
CIPLA,2023-09-08,1214.5052209432486,1226.6551331175508,1204.2992947168348,1209.742431640625,1217.4090576171875,1221.6497802734375,1194.669921875,1200.2518310546875,1214.310791015625,-0.003762100616086197,-0.01157772793007865,-0.007815627313992454,0.007815627313992454,True,13.330257415771484,7.703983547005919,0.026658339993446134
CIPLA,2023-09-11,1209.742424610624,1217.6641910325318,1201.8693052977255,1212.4154052734375,1210.3001708984375,1223.0396728515625,1205.5479736328125,1215.7572021484375,1209.742431640625,0.002209539454764329,0.004971943076887372,0.002762403622123043,0.002762403622123043,True,16.71164894104004,2.8626194079988636,0.02564381000411231
CIPLA,2023-09-12,1212.9985519012698,1224.6139388198526,1200.362643578257,1205.076904296875,1210.0576171875,1225.6131591796875,1202.8770751953125,1216.126708984375,1212.4154052734375,-0.006052794235905836,0.003061082608151523,0.009113876844057359,0.009113876844057359,False,13.42602252960205,6.039697601008811,0.026704158997745253
CIPLA,2023-09-13,1207.2151656936812,1214.991108789937,1189.038946166774,1194.09326171875,1211.1993408203125,1223.87841796875,1203.5240478515625,1213.7666015625,1205.076904296875,-0.009114474386623163,0.007210906818179516,0.016325381204802678,0.016325381204802678,False,16.055461883544922,3.5788968069973635,0.025621289998525754
CIPLA,2023-09-14,1195.5511938402356,1209.402091817653,1190.691229637633,1199.1961669921875,1148.580322265625,1219.607177734375,1135.11181640625,1182.052978515625,1194.09326171875,0.004273456217391678,-0.010083201697155963,-0.01435665791454764,0.01435665791454764,False,15.16796875,4.200324204997742,0.025486831000307575
CIPLA,2023-09-15,1200.21699123494,1207.1666461906418,1193.8990368014015,1200.8973388671875,1207.5428466796875,1214.4241943359375,1193.6959228515625,1192.763671875,1199.1961669921875,0.0014185934893928684,-0.005364005735042853,-0.006782599224435721,0.006782599224435721,False,15.41966438293457,5.213516020987299,0.02579048900224734
CIPLA,2023-09-18,1206.1946104640724,1222.3783169007197,1202.4039328594477,1205.805908203125,1207.3614501953125,1218.556884765625,1205.9996337890625,1210.3492431640625,1200.8973388671875,0.004087417947455673,0.007870701342207177,0.0037832833947515033,0.0037832833947515033,True,15.487727165222168,4.622140111998306,0.02596655699016992
CIPLA,2023-09-20,1208.4301142756199,1217.5182237192464,1201.3831660926332,1204.9794921875,1209.6915283203125,1216.983154296875,1196.338623046875,1203.256591796875,1205.805908203125,-0.0006853640457414192,-0.0021142012896992316,-0.0014288372439578124,0.0014288372439578124,True,15.75619888305664,5.491456596995704,0.02611168498697225
CIPLA,2023-09-21,1197.4953001817596,1205.5142419240483,1170.2794979049015,1172.6123046875,1206.6572265625,1212.525634765625,1192.6466064453125,1197.1329345703125,1204.9794921875,-0.026861193663338733,-0.006511776895839935,0.0203494167674988,0.0203494167674988,True,15.814208984375,3.8289827940025134,0.05580105699482374
CIPLA,2023-09-22,1173.5843729557603,1175.2367135966083,1135.8224686030621,1152.6865234375,1170.3271484375,1184.778076171875,1159.5762939453125,1173.2735595703125,1172.6123046875,-0.016992642129326965,0.0005639160361605823,0.017556558165487547,0.017556558165487547,False,15.051712989807129,3.0893657940032426,0.06001686700619757
CIPLA,2023-09-25,1152.783600854342,1163.6213456213377,1144.0356645915351,1146.31982421875,1125.428466796875,1152.2657470703125,1092.7760009765625,1122.1763916015625,1152.6865234375,-0.005523357035322544,-0.026468715661697242,-0.0209453586263747,0.0209453586263747,True,11.554067611694336,5.748730976003571,0.06448376599291805
CIPLA,2023-09-26,1147.9236235238975,1151.8115951531063,1128.9697618315047,1131.0595703125,1155.3731689453125,1167.923828125,1149.07421875,1158.55517578125,1146.31982421875,-0.013312387680855386,0.010673593271265935,0.023985980952121323,0.023985980952121323,False,12.367115020751953,7.3208364869933575,0.026226313988445327
CIPLA,2023-09-27,1153.7556986826953,1155.6996846956401,1137.3289931430145,1147.437744140625,1144.2618408203125,1163.213623046875,1140.0821533203125,1152.2257080078125,1131.0595703125,0.014480381279652565,0.018713548119719738,0.004233166840067172,0.004233166840067172,True,13.76479721069336,8.065294041007292,0.06671922499663197
CIPLA,2023-09-28,1147.437599741524,1151.8115677202084,1126.4425771741344,1131.4483642578125,1146.74609375,1157.4822998046875,1102.63525390625,1136.4166259765625,1147.437744140625,-0.013934856130070714,-0.009604981377283158,0.004329874752787555,0.004329874752787555,True,15.655113220214844,6.16236384100921,0.026031525994767435
CIPLA,2023-09-29,1137.134558168655,1165.6138799678029,1132.3717690577723,1152.929443359375,1131.56005859375,1145.9195556640625,1122.3978271484375,1132.775390625,1131.4483642578125,0.018985470110828503,0.0011728563221336038,-0.0178126137886949,0.0178126137886949,True,13.753567695617676,3.6023699670040514,0.025497552007436752
CIPLA,2023-10-03,1150.839683954731,1152.492024553869,1138.1551281532504,1149.67333984375,1151.668212890625,1172.0958251953125,1144.5401611328125,1160.8594970703125,1152.929443359375,-0.002824200157589395,0.006878177807508429,0.009702377965097824,0.009702377965097824,False,13.798746109008789,6.927011006002431,0.05883304899907671
CIPLA,2023-10-04,1145.1048304118733,1151.8116052614128,1128.775420616776,1134.3643798828125,1155.74609375,1162.164794921875,1103.239501953125,1138.54443359375,1149.67333984375,-0.013315921514730534,-0.00968005942584744,0.0036358620888830937,0.0036358620888830937,True,11.99183464050293,7.5070386020088335,0.02597028600575868
CIPLA,2023-10-05,1137.3288687184083,1140.0990247534994,1122.8947978816896,1128.5809326171875,1136.3941650390625,1159.9498291015625,1119.510498046875,1152.39306640625,1134.3643798828125,-0.005098403447948947,0.015893205783929838,0.020991609231878785,0.020991609231878785,False,11.966329574584961,6.999701444990933,0.06183364099706523
CIPLA,2023-10-06,1132.3717201606835,1148.603954010551,1127.949105037663,1130.427734375,1136.66748046875,1149.6683349609375,1102.91845703125,1144.7249755859375,1128.5809326171875,0.0016363928402810715,0.014304727735663445,0.012668334895382374,0.012668334895382374,True,14.27456283569336,7.574449670006288,0.025777958988328464
CIPLA,2023-10-09,1126.539882408231,1134.1700036968327,1119.3957576176483,1127.02587890625,1138.350830078125,1147.0555419921875,1117.8048095703125,1129.3253173828125,1130.427734375,-0.0030093524471343984,-0.0009752211120306715,0.0020341313351037267,0.0020341313351037267,True,13.63482666015625,6.047794325000723,0.05733484300435521
CIPLA,2023-10-10,1127.608932375968,1131.0109075042947,1118.2778243257096,1122.700439453125,1129.68994140625,1147.384033203125,1111.44580078125,1132.1942138671875,1127.02587890625,-0.003837923808211688,0.004585817466723335,0.008423741274935023,0.008423741274935023,False,13.72452163696289,6.1485999199940125,0.05957528100407217
CIPLA,2023-10-11,1118.7638706232747,1142.0917011141164,1114.389902406242,1139.1270751953125,1130.4810791015625,1132.343017578125,1123.377685546875,1120.6109619140625,1122.700439453125,0.014631361282969681,-0.0018611175925791021,-0.016492478875548784,0.016492478875548784,False,12.869405746459961,6.606874556004186,0.06195091000699904
CIPLA,2023-10-12,1146.0282542257034,1153.1237310687318,1120.1731486604017,1125.4705810546875,1098.027587890625,1144.4332275390625,1096.265380859375,1130.7969970703125,1139.1270751953125,-0.011988560747959998,-0.00731268556984456,0.0046758751781154385,0.0046758751781154385,True,14.93465518951416,5.54192693400546,0.06603367099887691
CIPLA,2023-10-13,1123.6237614737208,1136.454019939994,1117.7918042342378,1135.044677734375,1131.0916748046875,1139.02734375,1098.435791015625,1118.234130859375,1125.4705810546875,0.008506749835002828,-0.006429710662477881,-0.014936460497480708,0.014936460497480708,False,12.553577423095703,7.362750504005817,0.026543081999989226
CIPLA,2023-10-16,1133.635384487974,1137.3288863749433,1126.3454376237835,1131.78857421875,1122.0234375,1125.58447265625,1110.926513671875,1113.8226318359375,1135.044677734375,-0.002868700747643168,-0.01869710180994648,-0.01582840106230331,0.01582840106230331,True,16.018312454223633,3.092234316995018,0.02590733699616976
CIPLA,2023-10-17,1135.287706047614,1145.056282143289,1128.1435819701612,1140.6336669921875,1135.35498046875,1142.0509033203125,1123.855224609375,1129.9644775390625,1131.78857421875,0.007815145845188517,-0.001611693845687244,-0.00942683969087576,0.00942683969087576,False,16.32839584350586,3.0034454179985914,0.025906236987793818
CIPLA,2023-10-18,1151.8117050770704,1185.2968164687152,1143.2095907567927,1176.6947021484375,1136.1014404296875,1144.01220703125,1125.330322265625,1138.5701904296875,1140.6336669921875,0.03161491388496513,-0.0018090615963855584,-0.03342397548135069,0.03342397548135069,False,15.776453018188477,5.5243450889975065,0.02581710800586734
CIPLA,2023-10-19,1176.5973840751187,1190.6912808690793,1156.3313562085807,1189.0389404296875,1169.9127197265625,1197.79931640625,1166.75244140625,1193.3619384765625,1176.6947021484375,0.010490604112274485,0.014164452595642318,0.0036738484833678323,0.0036738484833678323,True,14.068395614624023,6.809147839987418,0.02584526799910236
CIPLA,2023-10-20,1187.629485161961,1187.629485161961,1164.6904767607691,1166.5858154296875,1183.2476806640625,1189.3485107421875,1173.201416015625,1177.765380859375,1189.0389404296875,-0.018883422768211467,-0.009481236641617919,0.009402186126593548,0.009402186126593548,True,14.819307327270508,4.477976292997482,0.035703396002645604
CIPLA,2023-10-23,1166.3913777404723,1176.3056569906796,1145.4448851212962,1150.6451416015625,1163.0421142578125,1181.2900390625,1146.4571533203125,1163.2130126953125,1166.5858154296875,-0.013664381665958784,-0.002891174133754317,0.010773207532204468,0.010773207532204468,True,13.826865196228027,6.849284615003853,0.0252884530054871
CIPLA,2023-10-25,1151.325535207866,1155.4565048360919,1121.728400273284,1125.0330810546875,1144.1346435546875,1151.08251953125,1134.7376708984375,1142.6414794921875,1150.6451416015625,-0.02225886993380603,-0.006955804026804341,0.015303065907001688,0.015303065907001688,True,14.77737808227539,8.410132081000484,0.0663261279987637
CIPLA,2023-10-26,1122.4574852642368,1122.6518363900323,1100.2959989554256,1118.6180419921875,1126.1085205078125,1135.357666015625,1112.75390625,1121.9647216796875,1125.0330810546875,-0.00570208927233151,-0.002727350356776618,0.002974738915554892,0.002974738915554892,True,14.319971084594727,5.04237435500545,0.025894227001117542
CIPLA,2023-10-27,1119.73582872046,1164.3503268763363,1117.0628482265524,1141.3626708984375,1117.7099609375,1123.382568359375,1101.7493896484375,1108.1717529296875,1118.6180419921875,0.020332792832255114,-0.009338566579791457,-0.029671359412046572,0.029671359412046572,False,13.461612701416016,4.692781179997837,0.057227633995353244
CIPLA,2023-10-30,1152.7836025538977,1178.4442393595923,1144.521662737955,1160.02490234375,1149.091796875,1159.1649169921875,1120.470458984375,1137.7972412109375,1141.3626708984375,0.0163508338945607,-0.003123835901075535,-0.019474669795636234,0.019474669795636234,False,12.911384582519531,7.582776783005102,0.06790445301157888
CIPLA,2023-10-31,1166.3428323866178,1172.3206124493106,1157.7407189556584,1166.3914794921875,1170.7059326171875,1181.719970703125,1162.363525390625,1172.0782470703125,1160.02490234375,0.005488310755721081,0.010390591359038545,0.004902280603317464,0.004902280603317464,True,13.253028869628906,7.47121039799822,0.06667211500462145
CIPLA,2023-11-01,1166.3915761576484,1174.8478676241966,1153.318318035476,1167.6065673828125,1168.208984375,1178.1168212890625,1158.8890380859375,1167.5010986328125,1166.3914794921875,0.0010417496286529919,0.0009513265144118641,-9.04231142411278e-05,9.04231142411278e-05,True,13.219810485839844,6.860833186990931,0.06402828000136651
CIPLA,2023-11-02,1171.73746362638,1177.9095949305326,1161.1913641875792,1174.6534423828125,1165.34326171875,1186.618896484375,1154.36962890625,1160.6781005859375,1167.6065673828125,0.006035316344439167,-0.005933905298601688,-0.011969221643040855,0.011969221643040855,False,11.625505447387695,6.598923880999791,0.02600050599721726
CIPLA,2023-11-03,1180.9714838037123,1185.588450509941,1170.279560905078,1172.563720703125,1174.759521484375,1181.976806640625,1164.489013671875,1170.122314453125,1174.6534423828125,-0.001779011242199614,-0.003857416805841899,-0.002078405563642285,0.002078405563642285,True,13.367446899414062,6.971883516001981,0.05893705799826421
CIPLA,2023-11-06,1178.0067071863907,1182.9153186231895,1163.7184595083104,1170.3765869140625,1174.7498779296875,1188.5555419921875,1167.23974609375,1179.5789794921875,1172.563720703125,-0.0018652579390320814,0.00598283800291537,0.007848095941947452,0.007848095941947452,False,14.148746490478516,5.098775496997405,0.02648467199469451
CIPLA,2023-11-07,1171.2515867786542,1183.4014995045738,1167.1206164518414,1182.380859375,1166.3773193359375,1170.323486328125,1159.7227783203125,1163.7281494140625,1170.3765869140625,0.010256760597534869,-0.005680596804768598,-0.015937357402303468,0.015937357402303468,False,13.832344055175781,7.501343854994047,0.02538349200040102
CIPLA,2023-11-08,1187.775299342768,1207.6039778247753,1185.8313135827962,1206.2431640625,1182.07373046875,1192.7501220703125,1174.806640625,1185.2276611328125,1182.380859375,0.020181572205180555,0.0024076859289800276,-0.017773886276200527,0.017773886276200527,True,12.778093338012695,8.800690830001258,0.06493132200557739
CIPLA,2023-11-09,1207.2151713632902,1210.1311500380807,1197.4952424473217,1203.4730224609375,1198.7305908203125,1210.544189453125,1188.7193603515625,1197.2386474609375,1206.2431640625,-0.002296503461402388,-0.007464926533748167,-0.005168423072345779,0.005168423072345779,True,11.486552238464355,6.862774008011911,0.03545889799715951
CIPLA,2023-11-10,1203.1814241116404,1207.215218499564,1195.5513033449786,1205.368408203125,1205.025390625,1210.9967041015625,1195.6497802734375,1201.3319091796875,1203.4730224609375,0.0015749299791628863,-0.0017791119877965495,-0.0033540419669594356,0.0033540419669594356,False,13.58476448059082,7.214318735001143,0.059968447996652685
CIPLA,2023-11-13,1208.1872434831055,1208.1872434831055,1196.1831542149982,1205.805908203125,1209.372802734375,1211.21484375,1193.8514404296875,1196.20556640625,1205.368408203125,0.00036295957071928985,-0.007601694000371467,-0.007964653571090757,0.007964653571090757,False,14.32970905303955,7.452655450993916,0.06788161399890669
CIPLA,2023-11-15,1224.711038164385,1224.711038164385,1203.03554931406,1206.97216796875,1198.698974609375,1204.6680908203125,1194.097412109375,1199.6715087890625,1205.805908203125,0.0009672035587907708,-0.00508738543436389,-0.006054588993154661,0.006054588993154661,False,12.236069679260254,6.741377875994658,0.025693788993521594
CIPLA,2023-11-16,1206.2917520773324,1211.3947144472916,1198.126988555104,1200.216796875,1208.7802734375,1213.04052734375,1187.2293701171875,1200.683837890625,1206.97216796875,-0.005596956808970019,-0.005210004211371188,0.00038695259759883097,0.00038695259759883097,True,13.195906639099121,8.138610563997645,0.02609962499991525
CIPLA,2023-11-17,1201.383230329792,1220.9202639859277,1200.8972338773933,1214.407958984375,1203.68017578125,1213.38232421875,1191.4490966796875,1201.621826171875,1200.216796875,0.01182383228290462,0.0011706462536878917,-0.010653186029216728,0.010653186029216728,True,14.137699127197266,7.743361648012069,0.0608215999964159
CIPLA,2023-11-20,1206.7292265855463,1220.8231241171534,1206.243230118939,1212.17236328125,1217.2186279296875,1220.914306640625,1202.6077880859375,1209.03076171875,1214.407958984375,-0.001840893487716152,-0.004427834341700148,-0.0025869408539839957,0.0025869408539839957,True,14.367481231689453,7.454125076998025,0.06648577700252645
CIPLA,2023-11-21,1212.0265435297856,1219.8511341215963,1207.3610486300101,1218.150146484375,1214.0196533203125,1221.027587890625,1191.3426513671875,1195.3377685546875,1212.17236328125,0.0049314630362827586,-0.013887954581799446,-0.018819417618082205,0.018819417618082205,False,13.277626991271973,7.592385481999372,0.025915546997566707
CIPLA,2023-11-22,1221.7463725046805,1247.601477387333,1218.8790410409702,1235.888916015625,1212.6099853515625,1216.8988037109375,1204.7706298828125,1212.08935546875,1218.150146484375,0.014562055081998492,-0.004975405563194865,-0.019537460645193357,0.019537460645193357,False,13.454156875610352,7.738328874998842,0.0260282359959092
CIPLA,2023-11-23,1234.4311298320692,1234.4311298320692,1131.9345137959792,1137.8636474609375,1240.2752685546875,1249.28173828125,1237.3477783203125,1248.1605224609375,1235.888916015625,-0.07931559809655918,0.009929376569598877,0.08924497466615805,0.08924497466615805,False,13.316871643066406,8.010797882001498,0.06531695800367743
CIPLA,2023-11-24,1156.720230261047,1171.2514770594075,1145.0076680298607,1165.079345703125,1158.735595703125,1168.2276611328125,1142.6378173828125,1152.7828369140625,1137.8636474609375,0.023918242139923718,0.013111579306023283,-0.010806662833900435,0.010806662833900435,True,13.07861614227295,6.894189794009435,0.026141934999031946
CIPLA,2023-11-28,1166.391401860203,1169.0643821561325,1154.7274878416008,1158.9071044921875,1164.3123779296875,1175.584716796875,1150.75146484375,1163.319580078125,1165.079345703125,-0.005297700310027,-0.0015104255615637765,0.003787274748463224,0.003787274748463224,True,12.502920150756836,7.484806890002801,0.025944217006326653
CIPLA,2023-11-29,1165.176443813726,1173.001033816714,1158.3724937768577,1167.8980712890625,1161.07177734375,1171.4307861328125,1152.605224609375,1164.55322265625,1158.9071044921875,0.007758142789895729,0.0048719333432135,-0.0028862094466822284,0.0028862094466822284,True,14.452796936035156,1.9329050899978029,0.026468492011190392
CIPLA,2023-11-30,1166.391485709326,1183.547184208596,1164.5446754599907,1178.3470458984375,1174.57080078125,1182.95556640625,1167.3895263671875,1175.0106201171875,1167.8980712890625,0.008946820674035355,0.0060900424471756805,-0.002856778226859674,0.002856778226859674,True,12.681178092956543,6.9983922469982645,0.025340573003632016
CIPLA,2023-12-01,1179.4647074815016,1183.7414998646007,1169.7934258295,1171.9317626953125,1173.6240234375,1185.8116455078125,1169.1009521484375,1181.412353515625,1178.3470458984375,-0.005444307112624558,0.0026013623302720114,0.008045669442896568,0.008045669442896568,False,13.823360443115234,6.6795396439993056,0.025837357999989763
CIPLA,2023-12-04,1178.3471203620081,1184.956601341149,1172.4665154560182,1182.429443359375,1174.9603271484375,1179.930908203125,1137.697021484375,1170.2039794921875,1171.9317626953125,0.008957586950215432,-0.001474303588419936,-0.010431890538635368,0.010431890538635368,False,13.575340270996094,6.0425650519900955,0.05642611099756323
CIPLA,2023-12-05,1188.3585750266784,1194.579353731656,1181.943445189336,1190.15673828125,1189.1851806640625,1211.5948486328125,1182.420654296875,1192.011474609375,1182.429443359375,0.006535100225448672,0.00810368119959589,0.0015685809741472177,0.0015685809741472177,True,12.366107940673828,6.516522602993064,0.02587371799745597
CIPLA,2023-12-06,1190.6913077466438,1195.4054496021208,1167.3634780438524,1171.44580078125,1198.6279296875,1201.2305908203125,1188.18798828125,1193.428466796875,1190.15673828125,-0.015721406179677783,0.0027489896165691806,0.018470395796246965,0.018470395796246965,False,11.437132835388184,7.017815266008256,0.04844844600302167
CIPLA,2023-12-07,1172.2234501573198,1190.6913154583058,1163.4755139621159,1188.552978515625,1171.8133544921875,1181.7603759765625,1162.5126953125,1178.5748291015625,1171.44580078125,0.014603473522177498,0.006085666375309958,-0.008517807146867541,0.008517807146867541,True,12.820450782775879,8.378261208999902,0.02615170400531497
CIPLA,2023-12-08,1190.6914475781043,1196.7177568317804,1170.279594191051,1184.9566650390625,1187.906494140625,1215.0367431640625,1173.6666259765625,1177.5201416015625,1188.552978515625,-0.0030257914805395625,-0.009282578996050582,-0.006256787515511019,0.006256787515511019,True,14.836336135864258,4.213757639008691,0.025956516998121515
CIPLA,2023-12-11,1183.4986185408543,1184.8107853222737,1161.5802482212214,1168.627197265625,1188.9046630859375,1199.4368896484375,1179.3885498046875,1193.890869140625,1184.9566650390625,-0.013780645533479652,0.007539688467230134,0.021320334000709786,0.021320334000709786,False,13.553008079528809,7.579973667990998,0.06433957700210158
CIPLA,2023-12-12,1176.694613720425,1180.2424116343448,1161.7258989140169,1165.079345703125,1178.064453125,1182.3883056640625,1162.988525390625,1163.219482421875,1168.627197265625,-0.0030359139089021093,-0.00462740800180166,-0.0015914940928995506,0.0015914940928995506,True,14.191547393798828,7.749398731000838,0.026592381007503718
CIPLA,2023-12-13,1165.0793926433385,1183.8387856997435,1161.7259457191224,1182.429443359375,1171.6260986328125,1175.525634765625,1154.752685546875,1161.646728515625,1165.079345703125,0.014891773440356736,-0.002946251858433227,-0.017838025298789962,0.017838025298789962,False,15.597811698913574,4.9591658739955164,0.06318009798997082
CIPLA,2023-12-14,1184.9080997133556,1188.3100751720197,1167.460754384456,1170.911376953125,1186.7034912109375,1192.2259521484375,1172.357666015625,1177.798828125,1182.429443359375,-0.009741017927908043,-0.003916187355094151,0.005824830572813892,0.005824830572813892,True,15.555521011352539,5.510894874998485,0.025394752010470256
CIPLA,2023-12-15,1180.9713701576256,1183.4985279601779,1169.161632725754,1173.2926025390625,1168.8431396484375,1184.2945556640625,1150.2110595703125,1161.489013671875,1170.911376953125,0.0020336514212832926,-0.008047033675399334,-0.010080685096682626,0.010080685096682626,False,14.388038635253906,6.914030408006511,0.02620984498935286
CIPLA,2023-12-18,1171.834677102145,1184.8107592578083,1158.7127722736464,1182.7210693359375,1178.520751953125,1190.339111328125,1158.558837890625,1175.4976806640625,1173.2926025390625,0.00803590406729859,0.0018793931882192926,-0.006156510879079298,0.006156510879079298,True,14.74721622467041,4.930490554004791,0.026131684993742965
CIPLA,2023-12-19,1185.296694166847,1205.4170183830215,1178.2497456434971,1202.452392578125,1185.6431884765625,1193.0706787109375,1172.7545166015625,1183.2939453125,1182.7210693359375,0.01668298955159905,0.00048437116021290863,-0.01619861839138614,0.01619861839138614,True,15.684782028198242,4.215144076006254,0.025636569000198506
CIPLA,2023-12-20,1204.2992644379601,1213.0472009835144,1196.523320841912,1201.57763671875,1191.5013427734375,1205.8519287109375,1181.5421142578125,1200.9508056640625,1202.452392578125,-0.0007274765011689774,-0.001248770365738151,-0.0005212938645691737,0.0005212938645691737,True,16.046165466308594,2.9770785860018805,0.06531372800236568
CIPLA,2023-12-21,1201.577591167917,1201.577591167917,1172.0776299990255,1187.6295166015625,1202.1644287109375,1214.4306640625,1192.2252197265625,1199.7713623046875,1201.57763671875,-0.011608172198740994,-0.0015032523566226206,0.010104919842118374,0.010104919842118374,True,14.979084014892578,8.747354160994291,0.025807628000620753
CIPLA,2023-12-22,1195.5998954457039,1207.701159401247,1187.4351314828368,1200.994384765625,1190.1405029296875,1190.6436767578125,1178.8515625,1182.985107421875,1187.6295166015625,0.011253398452327517,-0.003910654892594465,-0.015164053344921982,0.015164053344921982,False,13.101613998413086,9.328830522004864,0.06157084301230498
CIPLA,2023-12-26,1205.2713236973987,1214.9912537272164,1197.3495569927993,1210.0826416015625,1200.7392578125,1206.623291015625,1192.4793701171875,1199.0911865234375,1200.994384765625,0.007567276709383683,-0.0015846853793233268,-0.00915196208870701,0.00915196208870701,False,14.869882583618164,6.750099404001958,0.057876476988894865
CIPLA,2023-12-27,1212.0751467699195,1215.3312992558865,1202.0635724354472,1205.0281982421875,1208.9718017578125,1214.6636962890625,1197.813720703125,1207.6146240234375,1210.0826416015625,-0.004176940636620792,-0.0020395446503211896,0.0021373959862996026,0.0021373959862996026,True,15.816938400268555,7.283555504996912,0.026261184000759386
CIPLA,2023-12-28,1205.0282702943339,1228.4047484067353,1205.0282702943339,1225.48876953125,1215.454833984375,1219.2784423828125,1199.513916015625,1205.9130859375,1205.0281982421875,0.016979329877017797,0.0007343294510479618,-0.016245000425969835,0.016245000425969835,True,14.929460525512695,8.053867237991653,0.05775720899691805
CIPLA,2023-12-29,1228.599125732515,1232.0982767274052,1207.2639272992578,1211.3948974609375,1224.3675537109375,1244.0216064453125,1219.4927978515625,1230.7442626953125,1225.48876953125,-0.011500612996807316,0.00428848741394238,0.015789100410749695,0.015789100410749695,False,12.962648391723633,6.037818558004801,0.06710063198988792
CIPLA,2024-01-01,1217.3724770295821,1221.6007411244104,1211.7835177770621,1215.963134765625,1214.468017578125,1221.8277587890625,1205.886962890625,1216.272216796875,1211.3948974609375,0.0037710554289624677,0.00402620099041219,0.0002551455614497227,0.0002551455614497227,True,13.281244277954102,7.042930239986163,0.025522190990159288
CIPLA,2024-01-02,1219.9483084628696,1249.010920937151,1217.0323296591253,1245.6575927734375,1216.347900390625,1225.007568359375,1209.701171875,1220.4208984375,1215.963134765625,0.02442052489817963,0.0036660352147388307,-0.020754489683440798,0.020754489683440798,True,14.768203735351562,6.619802494999021,0.025953896998544224
CIPLA,2024-01-03,1254.8429348551178,1270.3948225063043,1238.3677013352367,1263.7366943359375,1241.312255859375,1248.8421630859375,1233.9871826171875,1242.634521484375,1245.6575927734375,0.014513700769283763,-0.0024268878595535056,-0.016940588628837266,0.016940588628837266,False,14.655977249145508,6.899219076993177,0.026031346002127975
CIPLA,2024-01-04,1267.4787186820906,1271.3666902117902,1250.6146659023134,1260.3345947265625,1255.116943359375,1264.4248046875,1240.1915283203125,1254.0604248046875,1263.7366943359375,-0.0026920952953437185,-0.007656871541848076,-0.0049647762465043575,0.0049647762465043575,True,14.094898223876953,7.984889783998369,0.06702525200671516
CIPLA,2024-01-05,1263.5908723772882,1265.0975089549481,1240.4088635643561,1250.8577880859375,1250.0914306640625,1258.0006103515625,1238.0830078125,1252.1783447265625,1260.3345947265625,-0.0075192783569358835,-0.006471495771144448,0.001047782585791436,0.001047782585791436,True,14.044306755065918,8.229086997002014,0.02597439599048812
CIPLA,2024-01-08,1260.3346047020507,1260.674778483297,1230.7373500070662,1236.1319580078125,1248.789306640625,1254.3551025390625,1233.3370361328125,1244.58203125,1250.8577880859375,-0.011772585355732937,-0.005017162538949102,0.006755422816783835,0.006755422816783835,True,13.001198768615723,8.678056429998833,0.0260487260093214
CIPLA,2024-01-09,1248.0388754212483,1258.7307972511812,1237.735774479063,1253.239013671875,1219.2423095703125,1235.3380126953125,1212.0599365234375,1232.233154296875,1236.1319580078125,0.013839182421618438,-0.0031540352028604853,-0.016993217624478925,0.016993217624478925,False,12.890731811523438,6.77802690200042,0.026438312997925095
CIPLA,2024-01-10,1259.7029029629143,1294.208653777099,1258.0505623563508,1291.9730224609375,1262.4130859375,1273.65673828125,1245.364990234375,1257.386962890625,1253.239013671875,0.03090712016343588,0.003309783029014466,-0.027597337134421415,0.027597337134421415,True,13.01136302947998,7.444256719987607,0.02623455401044339
CIPLA,2024-01-11,1302.3247131852333,1302.4705358561105,1285.9953030310605,1288.5224609375,1314.802734375,1332.8255615234375,1301.9791259765625,1325.7108154296875,1291.9730224609375,-0.0026707690202887554,0.026113388114317265,0.028784157134606022,0.028784157134606022,False,12.128040313720703,7.054574811991188,0.02618800400523469
CIPLA,2024-01-12,1287.1130601471855,1288.522521162901,1263.9796983513195,1271.3668212890625,1289.5584716796875,1305.62841796875,1278.69921875,1298.140869140625,1288.5224609375,-0.013314195265137592,0.007464680278935039,0.02077887554407263,0.02077887554407263,False,12.869039535522461,7.293588161002845,0.02656250099244062
CIPLA,2024-01-15,1279.14271475483,1290.563631850855,1270.005957347713,1276.37255859375,1273.3089599609375,1280.03466796875,1259.782470703125,1271.1123046875,1271.3668212890625,0.003937287980830025,-0.00020019131953155807,-0.004137479300361583,0.004137479300361583,False,14.238718032836914,6.243777508003404,0.04350582300685346
CIPLA,2024-01-16,1276.3724482819168,1277.587439357338,1261.8897309326,1265.8748779296875,1282.105712890625,1288.851318359375,1260.456298828125,1269.9642333984375,1276.37255859375,-0.00822462108996481,-0.005020732506481418,0.003203888583483391,0.003203888583483391,True,11.088506698608398,9.244300135003868,0.04516923699702602
CIPLA,2024-01-17,1262.9590498248958,1276.1296021122675,1246.1921709863789,1257.7589111328125,1275.323974609375,1282.943603515625,1256.2008056640625,1262.96484375,1265.8748779296875,-0.006411349919629101,-0.002298832396805916,0.004112517522823185,0.004112517522823185,True,11.456314086914062,9.026003218998085,0.04977164400042966
CIPLA,2024-01-18,1249.0595135271737,1290.028919010418,1232.3898116963828,1285.89794921875,1260.8271484375,1276.3585205078125,1251.5665283203125,1266.1971435546875,1257.7589111328125,0.02237236233181907,0.006708942665550289,-0.01566341966626878,0.01566341966626878,True,14.824559211730957,3.8936862479895353,0.06642285699490458
CIPLA,2024-01-19,1293.6739132939788,1293.6739132939788,1279.7258387960703,1290.7579345703125,1285.2520751953125,1297.42041015625,1259.26171875,1269.527587890625,1285.89794921875,0.0037794487148184617,-0.012730684684636792,-0.016510133399455253,0.016510133399455253,False,14.621261596679688,8.3374337409914,0.06735250899509992
CIPLA,2024-01-23,1346.2102548072658,1385.0899733576562,1330.366722037388,1369.5380859375,1280.73828125,1283.0313720703125,1258.3094482421875,1266.4302978515625,1290.7579345703125,0.06103402447292571,-0.018847559303866345,-0.07988158377679205,0.07988158377679205,False,14.708096504211426,4.121582403007778,0.026474240992683917
CIPLA,2024-01-24,1369.5380574563744,1383.1946057737894,1355.7843335749014,1377.6541748046875,1344.269775390625,1359.7921142578125,1316.6422119140625,1330.4334716796875,1369.5380859375,0.005926150539750586,-0.0285531411352054,-0.03447929167495599,0.03447929167495599,False,12.876708984375,8.58123034700111,0.05755533100455068
CIPLA,2024-01-25,1373.7662053777574,1373.8633809419816,1315.592451337426,1331.2901611328125,1366.55859375,1381.40869140625,1352.1016845703125,1371.1529541015625,1377.6541748046875,-0.0336543194364784,-0.004719051284439137,0.02893526815203926,0.02893526815203926,True,14.417320251464844,7.256134002993349,0.0661372000031406
CIPLA,2024-01-29,1326.7703154141338,1326.7703154141338,1288.1822445436324,1299.40869140625,1319.0614013671875,1347.13720703125,1290.68017578125,1323.5452880859375,1331.2901611328125,-0.02394779940342542,-0.0058175695073753005,0.01813022989605012,0.01813022989605012,True,12.103996276855469,7.517910459995619,0.05596454499755055
CIPLA,2024-01-30,1307.3305415923712,1314.1344923664578,1277.3445822683004,1280.2119140625,1294.468505859375,1309.7177734375,1274.8175048828125,1297.724365234375,1299.40869140625,-0.014773471557262562,-0.0012962251084007938,0.013477246448861769,0.013477246448861769,True,13.585487365722656,6.8209853599983035,0.06018132600001991
CIPLA,2024-01-31,1280.2117718399718,1315.009163679435,1275.2546319855662,1313.162353515625,1288.647705078125,1305.012939453125,1272.319580078125,1294.2276611328125,1280.2119140625,0.025738269649876386,0.010947989872892442,-0.014790279776983944,0.014790279776983944,True,15.214408874511719,5.559985964995576,0.05781631798890885
CIPLA,2024-02-01,1321.6187372041782,1355.784312365648,1314.1830862235568,1348.7860107421875,1317.272705078125,1352.860107421875,1303.3087158203125,1340.5191650390625,1313.162353515625,0.027128143851512434,0.020832771705796536,-0.006295372145715898,0.006295372145715898,True,14.901050567626953,7.12677025499579,0.06598827199195512
CIPLA,2024-02-02,1348.1542122343087,1365.358439868559,1346.2102263478857,1353.64599609375,1340.76953125,1355.217529296875,1317.22021484375,1342.59619140625,1348.7860107421875,0.0036032293579974397,-0.004589178184411528,-0.008192407542408967,0.008192407542408967,False,15.315067291259766,6.086087185001816,0.05515648299478926
CIPLA,2024-02-05,1361.421956885075,1406.4738066433185,1355.2498253477938,1393.74072265625,1344.5069580078125,1353.0958251953125,1318.925537109375,1335.4356689453125,1353.64599609375,0.029619802133055727,-0.01345279873836106,-0.04307260087141679,0.04307260087141679,False,13.891718864440918,8.36956301999453,0.05965037099667825
CIPLA,2024-02-06,1404.3839075316437,1405.4045475297467,1372.9886082828568,1385.5272216796875,1380.040283203125,1396.034912109375,1358.621337890625,1382.493408203125,1393.74072265625,-0.005893134098075905,-0.00806987574538928,-0.002176741647313375,0.002176741647313375,True,13.940584182739258,7.501812340997276,0.025993435992859304
CIPLA,2024-02-07,1395.7818534155083,1404.0437933556418,1381.0561367330915,1398.454833984375,1390.2701416015625,1401.9268798828125,1369.8839111328125,1387.38427734375,1385.5272216796875,0.009330464318857075,0.0013403241993406483,-0.007990140119516426,0.007990140119516426,True,14.342063903808594,6.089940058998764,0.025805117998970672
CIPLA,2024-02-08,1407.445642952661,1416.8739261112999,1377.9456837660953,1380.4241943359375,1398.607177734375,1409.4534912109375,1364.3653564453125,1378.524658203125,1398.454833984375,-0.012893258480909192,-0.014251569158273353,-0.001358310677364161,0.001358310677364161,True,12.807853698730469,5.123847401002422,0.02540665199921932
CIPLA,2024-02-09,1388.1030169587352,1407.0083497849412,1377.3625667578315,1399.4267578125,1400.1533203125,1413.3983154296875,1355.676513671875,1366.0662841796875,1380.4241943359375,0.013765742120815126,-0.010401085561353097,-0.024166827682168223,0.024166827682168223,False,12.265897750854492,7.423565283999778,0.0258356679987628
CIPLA,2024-02-12,1399.6698575535809,1412.0627677506698,1385.0899632040644,1394.56689453125,1399.6185302734375,1415.4737548828125,1383.36767578125,1403.88623046875,1399.4267578125,-0.003472752864070319,0.0031866424100828114,0.006659395274153131,0.006659395274153131,False,13.113957405090332,5.685795785990194,0.06888258500839584
CIPLA,2024-02-13,1398.6977410942054,1422.5602135331567,1389.949805256924,1416.922607421875,1402.93408203125,1414.2850341796875,1381.6136474609375,1396.843017578125,1394.56689453125,0.016030577649800967,0.001632136153382634,-0.014398441496418333,0.014398441496418333,True,12.619192123413086,7.305786957003875,0.026207585004158318
CIPLA,2024-02-14,1414.0553157536456,1414.0553157536456,1370.947335797547,1385.4300537109375,1414.443603515625,1427.8697509765625,1399.8079833984375,1417.9129638671875,1416.922607421875,-0.022226022470090277,0.000698948862926591,0.02292497133301687,0.02292497133301687,False,14.172435760498047,6.764358770989929,0.025237073001335375
CIPLA,2024-02-15,1385.4300167026274,1397.6771031624296,1372.4539355886525,1382.5140380859375,1389.282470703125,1410.6400146484375,1374.3284912109375,1398.8289794921875,1385.4300537109375,-0.002104772895022249,0.00967131162295806,0.011776084517980309,0.011776084517980309,False,15.379523277282715,9.53693221299909,0.026562780985841528
CIPLA,2024-02-16,1389.9499424430026,1408.4178088111264,1385.9647950096519,1400.3502197265625,1389.5391845703125,1421.9080810546875,1376.40087890625,1410.528564453125,1382.5140380859375,0.012901266207263132,0.020263466117113025,0.007362199909849893,0.007362199909849893,True,14.253416061401367,7.836821361997863,0.056786307992297225
CIPLA,2024-02-19,1404.4811553257334,1432.3287768689843,1398.6491976685704,1429.1697998046875,1376.839599609375,1381.7099609375,1352.42138671875,1362.1905517578125,1400.3502197265625,0.020580266044984388,-0.027250088892906515,-0.0478303549378909,0.0478303549378909,False,14.408159255981445,7.281389356008731,0.026166084993747063
CIPLA,2024-02-20,1433.689540971401,1437.5775126079336,1395.7818175152079,1410.9935302734375,1422.687255859375,1461.0816650390625,1411.23828125,1443.69287109375,1429.1697998046875,-0.012718061586337743,0.010161893493024583,0.022879955079362326,0.022879955079362326,False,14.98531723022461,7.176910415000748,0.026615480994223617
CIPLA,2024-02-21,1411.3337000587537,1421.5396255757075,1393.3031841848774,1406.765380859375,1417.64892578125,1435.2772216796875,1399.353515625,1420.589599609375,1410.9935302734375,-0.0029965760461305047,0.006800930783912149,0.009797506830042654,0.009797506830042654,False,13.66800308227539,6.8771764029952465,0.06469824400846846
CIPLA,2024-02-22,1414.7843962629977,1415.2217456331286,1380.7646427622012,1412.597412109375,1406.7645263671875,1414.5706787109375,1386.1839599609375,1398.543212890625,1406.765380859375,0.004145702850916964,-0.0058447329459637275,-0.009990435796880692,0.009990435796880692,False,12.748842239379883,9.33127896899532,0.06097281900292728
CIPLA,2024-02-23,1415.3675168869413,1440.8336839789054,1409.1467384567845,1425.3304443359375,1403.3338623046875,1419.4384765625,1373.9586181640625,1393.684814453125,1412.597412109375,0.00901391445107405,-0.013388526337457024,-0.022402440788531073,0.022402440788531073,False,13.334012031555176,8.69746726800804,0.0494299569982104
CIPLA,2024-02-26,1432.2316359481774,1439.7159343286428,1420.616367460634,1428.683837890625,1422.693603515625,1431.779296875,1405.099365234375,1420.783447265625,1425.3304443359375,0.002352713062443459,-0.0031901353741384153,-0.005542848436581874,0.005542848436581874,False,13.506359100341797,7.988359050010331,0.026360403004218824
CIPLA,2024-02-27,1432.1829919954996,1449.2415160535043,1428.5380183635743,1445.7908935546875,1415.666015625,1442.9984130859375,1383.683837890625,1387.94677734375,1428.683837890625,0.011973996772666057,-0.028513698738988385,-0.040487695511654445,0.040487695511654445,False,13.846811294555664,8.389988869006629,0.045916399991256185
CIPLA,2024-02-28,1449.6787951756507,1452.1087774791747,1428.8295944720082,1435.633544921875,1448.26123046875,1465.205078125,1435.9368896484375,1456.6295166015625,1445.7908935546875,-0.007025461758054914,0.007496674031627538,0.014522135789682453,0.014522135789682453,False,13.480916976928711,8.161046503999387,0.02631023299181834
CIPLA,2024-02-29,1434.6128559987656,1448.2694035397135,1410.7505017823355,1438.8896484375,1421.9332275390625,1447.9306640625,1408.0489501953125,1433.97021484375,1435.633544921875,0.0022680603466967556,-0.0011586035196854611,-0.0034266638663822168,0.0034266638663822168,False,12.519048690795898,6.666282349993708,0.026230923991533928
CIPLA,2024-03-01,1452.1574814062494,1452.1574814062494,1419.1097207852235,1429.7044677734375,1426.696044921875,1440.13525390625,1410.903564453125,1430.9931640625,1438.8896484375,-0.0063835198717544115,-0.005487901301934339,0.0008956185698200721,0.0008956185698200721,True,13.204896926879883,6.498321423001471,0.025091855000937358
CIPLA,2024-03-04,1441.4655163603254,1453.4210768696244,1428.586610027369,1430.28759765625,1424.47119140625,1455.589111328125,1399.36865234375,1407.3912353515625,1429.7044677734375,0.0004078674271198455,-0.015606884446982742,-0.016014751874102586,0.016014751874102586,False,11.529546737670898,7.783859408009448,0.06404445000225678
CIPLA,2024-03-05,1424.1155129990946,1438.2579394151799,1412.1114236403087,1432.1829833984375,1437.793701171875,1443.9249267578125,1417.8731689453125,1430.4149169921875,1430.28759765625,0.001325178058799773,8.901659788292415e-05,-0.001236161460916849,0.001236161460916849,True,13.035713195800781,7.009422444010852,0.06519379898963962
CIPLA,2024-03-06,1434.661531426212,1448.172256570345,1407.5915526834588,1443.6524658203125,1433.5439453125,1431.9599609375,1375.6163330078125,1383.908935546875,1432.1829833984375,0.008008391773137103,-0.033706620181321145,-0.041715011954458245,0.041715011954458245,False,13.773983001708984,6.034146122998209,0.055486459998064674
CIPLA,2024-03-07,1443.6524895339205,1448.706805275198,1434.1755585304156,1441.611328125,1452.1181640625,1459.2625732421875,1443.1370849609375,1458.8951416015625,1443.6524658203125,-0.0014138705426951107,0.010558410796319185,0.011972281339014295,0.011972281339014295,False,15.723827362060547,5.896020355998189,0.02587571799813304
CIPLA,2024-03-11,1451.1855110871675,1476.4573284269306,1446.860189810764,1461.974609375,1467.9276123046875,1493.91357421875,1436.4930419921875,1475.7369384765625,1441.611328125,0.01412536156779862,0.023671852243244525,0.009546490675445905,0.009546490675445905,True,15.416766166687012,4.814389280989417,0.026148544988245703
CIPLA,2024-03-12,1469.653280503795,1471.5972663245673,1419.1096491637174,1424.6986083984375,1457.5164794921875,1476.1309814453125,1414.7247314453125,1421.273681640625,1461.974609375,-0.025497023503368597,-0.027839695349958785,-0.002342671846590188,0.002342671846590188,True,16.185714721679688,5.558833336006501,0.0262920540117193
CIPLA,2024-03-13,1428.8295645377548,1437.5775006471697,1408.4177136157869,1430.0445556640625,1412.8427734375,1422.0897216796875,1352.6993408203125,1410.6954345703125,1424.6986083984375,0.0037523355705629557,-0.00982886748507921,-0.013581203055642165,0.013581203055642165,False,15.809978485107422,1.8814521019958192,0.051380607997998595
CIPLA,2024-03-14,1426.0107174945942,1459.3986488873825,1413.617808387773,1454.733154296875,1433.396484375,1445.29638671875,1419.8201904296875,1435.70849609375,1430.0445556640625,0.017264216373557663,0.003960674097358711,-0.01330354227619895,0.01330354227619895,True,14.489997863769531,5.809033362005721,0.025724599006935023
CIPLA,2024-03-15,1452.9350978695065,1454.2957930677833,1424.9903007734026,1446.3741455078125,1425.075927734375,1446.41064453125,1416.73876953125,1444.2774658203125,1454.733154296875,-0.005746077048132385,-0.007187358345191569,-0.0014412812970591845,0.0014412812970591845,True,14.486576080322266,7.353081364999525,0.025182804005453363
CIPLA,2024-03-18,1447.2974609505386,1453.9555887363683,1429.80158835342,1446.7628173828125,1455.3990478515625,1464.5,1440.5648193359375,1454.64892578125,1446.3741455078125,0.00026872153115232837,0.0057210510151453784,0.00545232948399305,0.00545232948399305,True,13.820371627807617,6.10443916299846,0.04868563399941195
CIPLA,2024-03-19,1441.0281991185714,1445.159169166493,1391.0190905240167,1395.490234375,1451.135009765625,1459.4061279296875,1432.855224609375,1448.2769775390625,1446.7628173828125,-0.03543952221592505,0.0010465849260551975,0.03648610714198025,0.03648610714198025,False,14.993873596191406,3.0911843159992713,0.06189574999734759
CIPLA,2024-03-20,1395.5874518611677,1404.4325635118762,1375.953124110251,1377.7027587890625,1413.029296875,1433.2437744140625,1399.6375732421875,1423.7071533203125,1395.490234375,-0.012746399184874267,0.020220076250085726,0.032966475434959994,0.032966475434959994,False,14.35129165649414,6.956660309006111,0.02503812499344349
CIPLA,2024-03-21,1387.0338996861242,1414.346877063873,1380.4243003559698,1408.1260986328125,1381.93603515625,1395.68603515625,1365.5556640625,1380.78662109375,1377.7027587890625,0.022082658722764496,0.002238409036357068,-0.01984424968640743,0.01984424968640743,True,13.355717658996582,6.5931023550074315,0.02568181901006028
CIPLA,2024-03-22,1412.305726117484,1447.8806435956533,1410.41038736615,1439.7645263671875,1379.9202880859375,1393.191162109375,1376.8197021484375,1386.55810546875,1408.1260986328125,0.022468461997184486,-0.01531680521013242,-0.037785267207316904,0.037785267207316904,False,12.770329475402832,7.4417109440109925,0.05801906599663198
CIPLA,2024-03-26,1431.7455962652828,1439.7645379958926,1419.1096880837154,1431.0166015625,1440.525146484375,1453.0643310546875,1419.9444580078125,1430.09716796875,1439.7645263671875,-0.006075941339352384,-0.006714541316579156,-0.0006385999772267718,0.0006385999772267718,True,14.893791198730469,7.303318129997933,0.029217126008006744
CIPLA,2024-03-27,1442.4375226637362,1454.1014379413407,1417.1657062289269,1422.3658447265625,1427.34619140625,1452.108642578125,1416.65869140625,1429.54833984375,1431.0166015625,-0.006045182722892175,-0.0010260270336115128,0.005019155689280662,0.005019155689280662,True,13.185251235961914,8.200867300998652,0.06292352099262644
CIPLA,2024-03-28,1430.7734839086052,1471.791534967679,1420.227385152209,1455.024658203125,1420.403076171875,1428.033203125,1389.7340087890625,1400.1993408203125,1422.3658447265625,0.02296090952805526,-0.015584249290316246,-0.038545158818371505,0.038545158818371505,False,14.220285415649414,3.6884201009961544,0.025902017005137168
CIPLA,2024-04-01,1467.7092192590972,1467.7092192590972,1451.9629823806151,1456.6771240234375,1471.4677734375,1469.3402099609375,1444.8450927734375,1452.8282470703125,1455.024658203125,0.0011356960935309537,-0.0015095353335969897,-0.0026452314271279433,0.0026452314271279433,False,12.628074645996094,7.957692088995827,0.04075040800671559
CIPLA,2024-04-02,1460.8081837215755,1460.8081837215755,1441.757146213047,1447.686279296875,1462.3935546875,1467.168701171875,1441.2735595703125,1454.1708984375,1456.6771240234375,-0.00617216030806415,-0.001720508645742401,0.004451651662321749,0.004451651662321749,True,14.110225677490234,6.91500096899108,0.057843827991746366
CIPLA,2024-04-03,1451.525619463697,1459.4960326870566,1425.9136294676987,1430.28759765625,1445.8807373046875,1456.685791015625,1429.623046875,1447.63671875,1447.686279296875,-0.01201826796968425,-3.423431414924441e-05,0.011984033655535006,0.011984033655535006,True,12.678991317749023,7.7864526539924555,0.06384484199224971
CIPLA,2024-04-04,1437.5774550764036,1439.7157919303295,1404.626873045169,1418.6722412109375,1439.3333740234375,1452.91796875,1423.0699462890625,1430.0408935546875,1430.28759765625,-0.008120993612995092,-0.0001724856609025788,0.007948507952092513,0.007948507952092513,True,14.285056114196777,6.565933550009504,0.05652217099850532
CIPLA,2024-04-05,1398.6977687679732,1432.7175199193834,1397.2397794329129,1408.8065185546875,1425.4649658203125,1439.760498046875,1412.0654296875,1429.296142578125,1418.6722412109375,-0.006954194471183073,0.007488622853520589,0.014442817324703662,0.014442817324703662,False,14.099842071533203,6.695284418005031,0.02511453500483185
CIPLA,2024-04-08,1416.3394756262687,1431.5997166704763,1408.806530663709,1421.490966796875,1402.918212890625,1410.78955078125,1356.4237060546875,1389.4337158203125,1408.8065185546875,0.009003683667790405,-0.013751215996821057,-0.02275489966461146,0.02275489966461146,False,13.424307823181152,5.5417809960054,0.025402441999176517
CIPLA,2024-04-09,1426.6426256841046,1428.8296097807076,1406.5709479116508,1409.681396484375,1422.76953125,1445.4881591796875,1417.246337890625,1437.364990234375,1421.490966796875,-0.008307875736355304,0.011167164483127053,0.019475040219482355,0.019475040219482355,False,12.884812355041504,5.228658739011735,0.06763023699750192
CIPLA,2024-04-10,1412.4515476683287,1414.5413561947344,1366.6220573628832,1383.0972900390625,1414.187744140625,1422.7152099609375,1399.3740234375,1408.34521484375,1409.681396484375,-0.01885823740854564,-0.0009478607321890769,0.017910376676356563,0.017910376676356563,True,14.100265502929688,7.4838984179950785,0.025268793004215695
CIPLA,2024-04-12,1383.1459775788446,1384.944140818696,1349.1262240895546,1357.6798095703125,1383.33740234375,1395.7894287109375,1365.15478515625,1374.341796875,1383.0972900390625,-0.018377218039399196,-0.006330352338276377,0.01204686570112282,0.01204686570112282,True,14.126283645629883,7.277021457004594,0.025274732994148508
CIPLA,2024-04-15,1351.0215279453948,1359.8181114378042,1337.0249246502076,1342.7110595703125,1357.8740234375,1372.9918212890625,1327.6572265625,1338.483154296875,1357.6798095703125,-0.011025243135005013,-0.014139309679734417,-0.0031140665447294043,0.0031140665447294043,True,11.130284309387207,6.423859329006518,0.025733619011589326
CIPLA,2024-04-16,1346.2101480626307,1352.9654511645208,1333.1368911972697,1336.6845703125,1347.63916015625,1362.838134765625,1331.930419921875,1341.1864013671875,1342.7110595703125,-0.004488299410999911,-0.0011355072949297918,0.003352792116070119,0.003352792116070119,True,11.570870399475098,6.676667512001586,0.06940771998779383
CIPLA,2024-04-18,1337.4623125931294,1344.8980824653866,1304.8033728763846,1309.566162109375,1344.5413818359375,1375.122314453125,1339.344970703125,1360.806640625,1336.6845703125,-0.020287814197469983,0.01804619492754417,0.038334009125014154,0.038334009125014154,False,11.753676414489746,7.0086582109943265,0.06948233899311163
CIPLA,2024-04-19,1309.274561553734,1319.6748391181015,1297.6106456378877,1308.0595703125,1322.260986328125,1337.369873046875,1309.047119140625,1315.4486083984375,1309.566162109375,-0.0011504510733907993,0.004491904616401655,0.005642355689792454,0.005642355689792454,False,12.459043502807617,5.599225707002915,0.0247919079993153
CIPLA,2024-04-22,1312.4335191154896,1323.8057895024426,1310.246534914038,1316.9046630859375,1303.1441650390625,1315.098876953125,1287.9931640625,1292.68359375,1308.0595703125,0.006761995381696857,-0.011754798413979438,-0.018516793795676296,0.018516793795676296,False,12.74373722076416,6.011431164995884,0.025299322995124385
CIPLA,2024-04-23,1331.387271842175,1331.387271842175,1306.8444511712387,1308.9827880859375,1318.1927490234375,1326.60791015625,1308.2425537109375,1311.147705078125,1316.9046630859375,-0.0060155265768719055,-0.004371582977253698,0.0016439435996182077,0.0016439435996182077,True,13.864130973815918,8.250610235001659,0.025668878995929845
CIPLA,2024-04-24,1315.5438418034164,1362.6369725346244,1314.328850587206,1359.04052734375,1336.2056884765625,1343.060546875,1322.593994140625,1327.25927734375,1308.9827880859375,0.03824170929780484,0.013962360257263069,-0.024279349040541773,0.024279349040541773,True,14.216394424438477,6.11871008000162,0.025699249003082514
CIPLA,2024-04-25,1367.5940480520574,1370.9473761890342,1345.3353862973179,1366.81640625,1348.4449462890625,1365.7518310546875,1335.537109375,1349.0460205078125,1359.04052734375,0.00572159457337743,-0.0073540903562837835,-0.013075684929661213,0.013075684929661213,False,15.222495079040527,4.160924034003983,0.025389471993548796
CIPLA,2024-04-26,1373.5231624386438,1377.5083096539943,1362.0050701431085,1369.683837890625,1360.1490478515625,1364.9578857421875,1341.1134033203125,1345.330322265625,1366.81640625,0.00209789085608951,-0.015719802517826266,-0.017817693373915776,0.017817693373915776,False,14.140042304992676,7.643364685005508,0.05706780499895103
CIPLA,2024-04-29,1379.2579622268677,1380.3271307153523,1353.4029741211984,1368.5660400390625,1376.162109375,1379.73583984375,1349.44482421875,1355.4962158203125,1369.683837890625,-0.0008160991760580012,-0.01035831896225196,-0.00954221978619396,0.00954221978619396,True,14.90343952178955,4.125226477990509,0.06590618200425524
CIPLA,2024-04-30,1375.418579443012,1379.209256773506,1355.9787217421192,1360.7900390625,1361.5572509765625,1370.4267578125,1350.5625,1361.4931640625,1368.5660400390625,-0.005681860245736152,-0.0051680925652375686,0.0005137676804985837,0.0005137676804985837,True,14.732746124267578,7.051901166996686,0.025511610991088673
CIPLA,2024-05-02,1360.7901797035172,1386.0619973265825,1358.992016410635,1380.2786865234375,1371.6456298828125,1374.8004150390625,1309.3265380859375,1356.7445068359375,1360.7900390625,0.014321568281293395,-0.002972929041536504,-0.017294497322829897,0.017294497322829897,False,12.816083908081055,6.125795772997662,0.060536973003763705
CIPLA,2024-05-03,1388.0059008433498,1393.8378584099185,1375.564343907411,1384.846923828125,1381.3138427734375,1387.302001953125,1367.94287109375,1374.9451904296875,1380.2786865234375,0.003309648514673294,-0.003864071905061207,-0.007173720419734501,0.007173720419734501,False,11.07310676574707,6.391571133004618,0.025987886998336762
CIPLA,2024-05-06,1390.9219127355937,1391.7480830135605,1365.6987431203736,1383.5347900390625,1392.2724609375,1401.9617919921875,1381.9173583984375,1391.7020263671875,1384.846923828125,-0.0009474937384670469,0.004950079623322537,0.005897573361789584,0.005897573361789584,False,13.117162704467773,6.949988340988057,0.025266784010455012
CIPLA,2024-05-07,1383.5347251041674,1388.832038977346,1339.1632252478937,1348.3485107421875,1379.0755615234375,1392.66845703125,1370.3641357421875,1379.858154296875,1383.5347900390625,-0.02543216083195245,-0.0026574219662981475,0.0227747388656543,0.0227747388656543,True,15.161468505859375,5.049732856001356,0.02544852100254502
CIPLA,2024-05-08,1336.5388794528767,1358.991891626019,1336.5388794528767,1345.9671630859375,1341.101806640625,1351.123046875,1333.7783203125,1344.5328369140625,1348.3485107421875,-0.0017661217684285546,-0.0028298869303639406,-0.001063765161935386,0.001063765161935386,True,13.189560890197754,6.737349414004711,0.025346291993628256
CIPLA,2024-05-09,1348.9803415058987,1353.2084869500652,1315.106412194813,1320.7440185546875,1340.451171875,1349.411865234375,1331.57080078125,1342.445556640625,1345.9671630859375,-0.01873979189315449,-0.002616413343426902,0.016123378549727587,0.016123378549727587,True,12.952567100524902,5.781589147998602,0.025923337001586333
CIPLA,2024-05-10,1332.9425077320484,1357.7769750554505,1280.3577128878653,1302.033203125,1335.3863525390625,1332.3448486328125,1321.9638671875,1313.3905029296875,1320.7440185546875,-0.014166875008953712,-0.005567706930103743,0.008599168078849969,0.008599168078849969,True,12.187566757202148,6.344142736998037,0.06561077600053977
CIPLA,2024-05-13,1332.6022711730702,1386.013233778825,1331.1929289230843,1375.02978515625,1326.3990478515625,1333.7860107421875,1304.847412109375,1306.547119140625,1302.033203125,0.05606353344603767,0.0034668209726074453,-0.05259671247343022,0.05259671247343022,True,13.603343963623047,9.44283405400347,0.025473802001215518
CIPLA,2024-05-14,1370.5100468001408,1370.5100468001408,1312.2876459043632,1319.3345947265625,1371.1026611328125,1394.5869140625,1348.3375244140625,1376.4190673828125,1375.02978515625,-0.04050471562938445,0.0010103651874018354,0.04151508081678629,0.04151508081678629,False,14.215099334716797,4.673133955002413,0.054849526000907645
CIPLA,2024-05-15,1355.930219723099,1388.4433377461867,1347.8626304533987,1367.302490234375,1325.20703125,1336.44140625,1254.001220703125,1301.3956298828125,1319.3345947265625,0.03635764248094627,-0.013596979049479048,-0.04995462153042532,0.04995462153042532,False,14.963058471679688,2.502211434999481,0.025872427999274805
CIPLA,2024-05-16,1369.5381030577191,1385.9648080809018,1348.4459029410586,1381.2991943359375,1364.0133056640625,1383.7734375,1346.765380859375,1364.4405517578125,1367.302490234375,0.010236728303744454,-0.002093127524452854,-0.012329855828197308,0.012329855828197308,False,15.561559677124023,1.8633074009994743,0.06449906599300448
CIPLA,2024-05-17,1377.41122332472,1380.1328511196268,1357.2910161709337,1359.8668212890625,1395.392822265625,1441.107666015625,1370.111083984375,1422.0714111328125,1381.2991943359375,-0.015516097551319183,0.029517295719901096,0.04503339327122028,0.04503339327122028,False,15.776870727539062,6.145547528009047,0.02603848600119818
CIPLA,2024-05-21,1370.5098583009417,1405.452952262993,1357.2907798518784,1401.9052734375,1367.2137451171875,1387.0908203125,1354.369140625,1372.3223876953125,1359.8668212890625,0.03091365381544339,0.009159401649672546,-0.021754252165770843,0.021754252165770843,True,13.863569259643555,6.249046779004857,0.025156864008749835
CIPLA,2024-05-22,1410.3130832133552,1452.9350677792906,1396.9968276378445,1440.78515625,1396.25634765625,1405.966796875,1380.4273681640625,1395.2037353515625,1401.9052734375,0.02773360194099687,-0.004780307352368533,-0.0325139092933654,0.0325139092933654,False,13.937564849853516,7.40177930900245,0.02507955499459058
CIPLA,2024-05-23,1440.493464404022,1462.4119515557802,1421.7339541478868,1447.4432373046875,1449.654541015625,1457.1556396484375,1390.40771484375,1405.3328857421875,1440.78515625,0.004621147730322822,-0.02460621582199376,-0.02922736355231658,0.02922736355231658,False,13.159858703613281,7.533163286992931,0.025814678010647185
CIPLA,2024-05-24,1447.4432997659824,1452.0602661972819,1437.6261948739368,1444.81884765625,1437.8736572265625,1450.4906005859375,1413.9818115234375,1437.8521728515625,1447.4432373046875,-0.0018131209437438304,-0.006626211105165485,-0.004813090161421655,0.004813090161421655,True,13.945011138916016,6.74619163099851,0.025464920996455476
CIPLA,2024-05-27,1449.241516189785,1450.7481527517166,1433.8839798252347,1437.2374267578125,1434.59765625,1448.771484375,1416.3641357421875,1435.7142333984375,1444.81884765625,-0.005247315890664008,-0.006301561107526929,-0.0010542452168629214,0.0010542452168629214,True,16.56415367126465,5.72660580399679,0.05052070600504521
CIPLA,2024-05-28,1441.416867832534,1452.886431865134,1433.8839226263426,1438.014892578125,1438.1094970703125,1449.0684814453125,1420.826171875,1435.330810546875,1437.2374267578125,0.0005409445967924338,-0.0013265840253259575,-0.0018675286221183913,0.0018675286221183913,False,14.577725410461426,6.483926578002865,0.025357452002936043
CIPLA,2024-05-29,1433.9324540614991,1455.6564705605047,1431.3566492749344,1451.719970703125,1446.0338134765625,1457.1011962890625,1432.4676513671875,1447.0130615234375,1438.014892578125,0.009530553679057552,0.006257354490383794,-0.003273199188673758,0.003273199188673758,True,11.844849586486816,8.066335152005195,0.025360601997817867
CIPLA,2024-05-30,1453.1779253581446,1454.6359146005423,1413.27757229728,1425.524658203125,1442.19287109375,1458.2064208984375,1425.750244140625,1442.7681884765625,1451.719970703125,-0.0180443288159166,-0.006166328498068949,0.01187800031784765,0.01187800031784765,True,12.26716136932373,7.252729364990955,0.029881139998906292
CIPLA,2024-05-31,1425.8649507781952,1431.4539100064396,1399.6697893342327,1406.6680908203125,1412.10400390625,1422.740478515625,1395.3184814453125,1406.2667236328125,1425.524658203125,-0.013227808634738889,-0.013509366154765182,-0.00028155752002629285,0.00028155752002629285,True,14.502904891967773,6.6094135620078305,0.02483396699244622
CIPLA,2024-06-03,1440.493565158366,1441.4655581173124,1405.5504657448416,1411.6739501953125,1398.705322265625,1403.1058349609375,1389.80029296875,1396.8424072265625,1406.6680908203125,0.003558664199228962,-0.00698507605160792,-0.010543740250836882,0.010543740250836882,False,14.182165145874023,6.445169120997889,0.06895483400148805
CIPLA,2024-06-04,1419.1097493491893,1435.5849828827513,1378.820687829973,1421.58837890625,1410.8546142578125,1422.6217041015625,1393.9803466796875,1402.90673828125,1411.6739501953125,0.007023171823469425,-0.0062105076833425385,-0.013233679506811964,0.013233679506811964,False,14.170418739318848,4.902160717989318,0.06264151299546938
CIPLA,2024-06-05,1448.2693553150964,1471.5971838570845,1425.7676969703425,1455.024658203125,1389.7525634765625,1415.2271728515625,1381.35498046875,1409.8902587890625,1421.58837890625,0.023520366227670206,-0.008228908093767529,-0.03174927432143773,0.03174927432143773,False,14.007512092590332,4.67026218099636,0.02568499000335578
CIPLA,2024-06-06,1457.9893821142941,1458.9613750357037,1422.997636943551,1435.633544921875,1462.1732177734375,1461.65087890625,1437.784912109375,1445.6640625,1455.024658203125,-0.013326999767273327,-0.00643329008230336,0.0068937096849699675,0.0068937096849699675,True,14.775043487548828,5.152108866997878,0.061800720999599434
CIPLA,2024-06-07,1442.4375,1461.294186466145,1437.869180715309,1455.31640625,1436.48291015625,1466.292236328125,1426.8831787109375,1451.157958984375,1435.633544921875,0.013710226678491349,0.010813632850397638,-0.002896593828093711,0.002896593828093711,True,13.824968338012695,4.493587547010975,0.025525080985971726
CIPLA,2024-06-10,1464.6960485942088,1497.6951583730722,1459.9332599015195,1491.280029296875,1458.7103271484375,1472.78955078125,1440.97119140625,1458.8453369140625,1455.31640625,0.024711892817552025,0.0024248545875708944,-0.02228703822998113,0.02228703822998113,True,14.290214538574219,4.908255261994782,0.025829867998254485
CIPLA,2024-06-11,1501.7289846813223,1503.1383268827317,1484.2331130151324,1487.39208984375,1477.3751220703125,1486.2281494140625,1461.13720703125,1477.75048828125,1491.280029296875,-0.002607115616614358,-0.009072434921564702,-0.006465319304950344,0.006465319304950344,True,14.074275016784668,7.417614019999746,0.025495670997770503
CIPLA,2024-06-12,1499.2503476964605,1505.6169484250834,1489.093069714156,1497.7923583984375,1481.346435546875,1498.075439453125,1468.3433837890625,1490.8358154296875,1487.39208984375,0.006992284432398753,0.002315277598591547,-0.004677006833807206,0.004677006833807206,True,12.505475997924805,7.064016653006547,0.06187695999688003
CIPLA,2024-06-13,1506.5889396262721,1507.5609324905472,1477.8179745740263,1501.2916259765625,1494.229736328125,1492.4012451171875,1479.4462890625,1484.5865478515625,1497.7923583984375,0.0023362835031864523,-0.008816849994478364,-0.011153133497664816,0.011153133497664816,False,13.189370155334473,6.994840451006894,0.025829798003542237
CIPLA,2024-06-14,1501.7290433806568,1523.1128873640707,1492.7867560845477,1520.9259033203125,1475.6651611328125,1491.014892578125,1455.842529296875,1485.4814453125,1501.2916259765625,0.013078256751734204,-0.01053105232221506,-0.023609309073949265,0.023609309073949265,False,11.506305694580078,7.213703771005385,0.04537053500826005
CIPLA,2024-06-18,1526.0288446527422,1532.7841478102005,1519.808066396474,1530.6944580078125,1535.2833251953125,1549.91064453125,1525.8388671875,1546.14599609375,1520.9259033203125,0.00642276830592102,0.016582065384237236,0.010159297078316216,0.010159297078316216,True,10.499621391296387,5.053319251994253,0.026103726006112993
CIPLA,2024-06-19,1533.2216759102114,1537.6928196707404,1509.8938455232976,1516.1146240234375,1535.051513671875,1536.04345703125,1491.961669921875,1500.750732421875,1530.6944580078125,-0.009524979925353977,-0.01956218331443431,-0.010037203389080332,0.010037203389080332,True,12.278535842895508,6.342771901006927,0.025437112009967677
CIPLA,2024-06-20,1514.3649826939638,1515.4827982921022,1496.869109979913,1501.583251953125,1517.5736083984375,1522.1480712890625,1502.039306640625,1515.638916015625,1516.1146240234375,-0.009584613089312079,-0.0003137678380478085,0.009270845251264271,0.009270845251264271,True,12.466197967529297,8.504035899997689,0.0701757430069847
CIPLA,2024-06-21,1506.4918495688953,1519.1277575216031,1490.5511419597988,1498.375732421875,1494.90234375,1506.1455078125,1484.4345703125,1503.510498046875,1501.583251953125,-0.0021360917065889927,0.001283476018557886,0.003419567725146879,0.003419567725146879,False,13.614591598510742,6.847310793003999,0.05031394799880218
CIPLA,2024-06-24,1485.2051215327435,1485.2051215327435,1453.178003578082,1462.26611328125,1500.2213134765625,1512.8055419921875,1487.1776123046875,1508.0703125,1498.375732421875,-0.024099175099599225,0.006470059457286675,0.0305692345568859,0.0305692345568859,False,11.829690933227539,8.38999100899673,0.025225752993719652
CIPLA,2024-06-25,1469.2644935372366,1475.2909209116783,1453.6154310489517,1457.69775390625,1481.4151611328125,1511.000244140625,1471.8759765625,1507.2437744140625,1462.26611328125,-0.00312416415418999,0.030758875367688676,0.03388303952187867,0.03388303952187867,False,13.63077163696289,6.313745172999916,0.06856569698720705
CIPLA,2024-06-26,1461.5856843592387,1464.9876595280684,1433.6895354354253,1437.6746826171875,1449.876708984375,1458.4222412109375,1444.431396484375,1460.5672607421875,1457.69775390625,-0.013736092571595098,0.001968519762240128,0.015704612333835227,0.015704612333835227,False,13.808311462402344,6.170105196011718,0.025981347003835253
CIPLA,2024-06-27,1439.521614044985,1444.5759301178362,1424.2613716065212,1439.4244384765625,1441.8778076171875,1447.848388671875,1422.5054931640625,1432.661865234375,1437.6746826171875,0.0012170735706284333,-0.00348675360526417,-0.004703827175892603,0.004703827175892603,False,14.732934951782227,6.030066020000959,0.025386842011357658
CIPLA,2024-06-28,1444.6731094419388,1450.4077726891542,1434.7101821154845,1439.3271484375,1435.2652587890625,1458.8873291015625,1417.142333984375,1447.8131103515625,1439.4244384765625,-6.758954236282694e-05,0.0058277959236806365,0.005895385466043464,0.005895385466043464,False,15.477584838867188,5.888121099997079,0.058222145002218895
CIPLA,2024-07-01,1443.3608173833647,1451.8657553054393,1430.9679078397703,1437.6746826171875,1431.533447265625,1466.5430908203125,1418.133544921875,1434.541015625,1439.3271484375,-0.0011480821591577553,-0.0033252570950917685,-0.002177174935934013,0.002177174935934013,True,14.855216979980469,5.787037237008917,0.06617376000212971
CIPLA,2024-07-02,1438.549512952868,1450.9424226083743,1437.8205182672502,1446.957275390625,1446.4859619140625,1459.9078369140625,1431.6998291015625,1448.399658203125,1437.6746826171875,0.006456671238405048,0.007459946061242048,0.001003274822837,0.001003274822837,True,14.646324157714844,6.255394538995461,0.06465923399082385
CIPLA,2024-07-03,1452.157508095514,1457.9894659593513,1433.3008206054758,1442.194580078125,1445.20458984375,1446.2296142578125,1412.9599609375,1445.30615234375,1446.957275390625,-0.003291524493157027,-0.0011411000690599229,0.0021504244240971044,0.0021504244240971044,True,15.257732391357422,6.27472268800193,0.026048756000818685
CIPLA,2024-07-04,1436.3625855955465,1447.2488592032462,1425.91366135589,1439.278564453125,1441.211669921875,1453.6680908203125,1421.415283203125,1441.79296875,1442.194580078125,-0.0020219294020936045,-0.0002784723598831195,0.001743457042210485,0.001743457042210485,True,14.522422790527344,3.357287263002945,0.025939696992281824
CIPLA,2024-07-05,1445.3534000571262,1473.5411933332907,1444.3814071855343,1467.612060546875,1457.0660400390625,1484.0587158203125,1436.2628173828125,1438.950927734375,1439.278564453125,0.019685901529781853,-0.00022763954584044708,-0.0199135410756223,0.0199135410756223,False,16.374073028564453,2.1575524950021645,0.025637349986936897
CIPLA,2024-07-08,1473.541246802432,1481.9490091770817,1441.659831996775,1445.402099609375,1483.094482421875,1505.874755859375,1478.168212890625,1504.4432373046875,1467.612060546875,-0.01513340039548593,0.025095989429310177,0.04022938982479611,0.04022938982479611,False,13.657353401184082,6.650535966997268,0.026103055002749898
CIPLA,2024-07-09,1454.9763090550412,1472.5693581849068,1445.6452002186222,1469.7020263671875,1442.99072265625,1457.3421630859375,1420.764404296875,1436.1492919921875,1445.402099609375,0.016811880074326473,-0.006401545714986925,-0.0232134257893134,0.0232134257893134,False,14.322502136230469,6.735713349000434,0.051772774997516535
CIPLA,2024-07-10,1469.75053362089,1474.7563211038214,1450.4564970619065,1470.8197021484375,1466.1416015625,1486.72216796875,1452.458251953125,1483.29736328125,1469.7020263671875,0.0007604778119634721,0.009250403598930514,0.00848992578696704,0.00848992578696704,True,15.583009719848633,6.333956643997226,0.024904735997552052
CIPLA,2024-07-11,1474.5132108285607,1476.457196604208,1453.1293672964393,1463.8212890625,1456.518310546875,1461.4234619140625,1439.543701171875,1449.97265625,1470.8197021484375,-0.004758171974250049,-0.014173760297054807,-0.009415588322804758,0.009415588322804758,True,14.109895706176758,4.671123943000566,0.025324333008029498
CIPLA,2024-07-12,1463.87006851299,1472.5693581849068,1460.322270421389,1469.7020263671875,1475.04833984375,1498.0755615234375,1457.2552490234375,1470.5439453125,1463.8212890625,0.0040173874697872446,0.004592538925503335,0.0005751514557160902,0.0005751514557160902,True,14.33899211883545,5.158779944002163,0.06495767099841032
CIPLA,2024-07-15,1474.1244695676635,1489.0445374713665,1470.8683169478688,1474.7076416015625,1477.0654296875,1522.1712646484375,1466.9608154296875,1502.9610595703125,1469.7020263671875,0.0034058708122951223,0.022629779782868467,0.019223908970573345,0.019223908970573345,True,13.496036529541016,5.27865801101143,0.062252756993984804
CIPLA,2024-07-16,1474.7076252613404,1481.7545740006194,1461.002548684901,1468.09814453125,1478.9781494140625,1495.953369140625,1466.0350341796875,1474.700439453125,1474.7076416015625,-0.004481903316873337,-4.8837805096597456e-06,0.004477019536363677,0.004477019536363677,True,12.98103141784668,5.668984064002871,0.026123385003302246
CIPLA,2024-07-18,1455.0733697944102,1470.6252561783183,1443.9926270155802,1464.453125,1477.0511474609375,1491.5953369140625,1468.37451171875,1482.8253173828125,1468.09814453125,-0.0024828173408078386,0.010031463432075073,0.012514280772882911,0.012514280772882911,False,13.195770263671875,6.298021120004705,0.06989746500039473
CIPLA,2024-07-19,1459.544570366809,1463.8213630196062,1438.7438977861677,1443.8955078125,1463.2803955078125,1463.6837158203125,1442.4063720703125,1444.181396484375,1464.453125,-0.01403774339823953,-0.013842524673246199,0.00019521872499333147,0.00019521872499333147,True,14.694487571716309,6.747517928000889,0.02563475001079496
CIPLA,2024-07-22,1433.7382837493947,1464.8420589171799,1429.461490933527,1448.26953125,1460.9595947265625,1465.640625,1425.067626953125,1444.930419921875,1443.8955078125,0.003029321314342643,0.0007167500028744398,-0.002312571311468203,0.002312571311468203,True,14.8446626663208,7.013726172008319,0.026153195009101182
CIPLA,2024-07-23,1448.269474264793,1461.8773753652677,1433.8354028992287,1455.9482421875,1439.6417236328125,1457.7431640625,1409.119384765625,1450.1265869140625,1448.26953125,0.005301990252375545,0.001282258325533975,-0.00401973192684157,0.00401973192684157,True,14.74138355255127,5.555850502001704,0.025238714006263763
CIPLA,2024-07-24,1453.4695913816433,1468.9729496698899,1443.4094883747816,1461.391357421875,1455.570556640625,1461.6888427734375,1440.7208251953125,1450.3082275390625,1455.9482421875,0.0037385362176041038,-0.003873774139088639,-0.007612310356692743,0.007612310356692743,False,13.147688865661621,5.945593761993223,0.025563230010448024
CIPLA,2024-07-25,1456.045331007022,1466.4456073393396,1448.075036869309,1458.0379638671875,1460.7218017578125,1469.1025390625,1445.391357421875,1461.6318359375,1461.391357421875,-0.0022946581267617562,0.00016455449418370863,0.002459212620945465,0.002459212620945465,False,14.425418853759766,7.00701190700056,0.06174062201171182
CIPLA,2024-07-26,1462.6064103965155,1555.188740079365,1458.9614367869544,1530.888916015625,1453.9130859375,1482.02294921875,1429.91455078125,1454.9820556640625,1458.0379638671875,0.04996505849217619,-0.0020959044132292308,-0.05206096290540542,0.05206096290540542,False,13.955574035644531,7.1939597749878885,0.024843217004672624
CIPLA,2024-07-29,1543.5248757301479,1544.49686872494,1485.98293789904,1510.428466796875,1528.6392822265625,1537.783935546875,1494.0400390625,1505.794921875,1530.888916015625,-0.013365077638684249,-0.016391779885594832,-0.003026702246910583,0.003026702246910583,True,13.486377716064453,8.065071784003521,0.024971346007077955
CIPLA,2024-07-30,1510.4769539094157,1520.2455299329338,1483.261152938075,1486.0799560546875,1516.5025634765625,1529.5777587890625,1503.1982421875,1521.5953369140625,1510.428466796875,-0.016120267379376618,0.007393180387329948,0.023513447766706566,0.023513447766706566,False,13.393983840942383,6.893241643003421,0.04133015299157705
CIPLA,2024-07-31,1487.2462145233144,1505.1795535370695,1480.8797326388667,1501.048583984375,1496.3665771484375,1518.9031982421875,1487.34423828125,1509.053466796875,1486.0799560546875,0.010072558928408464,0.015459135054333563,0.005386576125925099,0.005386576125925099,True,12.521429061889648,6.077798212994821,0.02582272799918428
CIPLA,2024-08-01,1502.6525095659483,1509.0191110861986,1492.5438774305867,1502.8955078125,1493.43359375,1498.0218505859375,1476.8109130859375,1486.5596923828125,1501.048583984375,0.0012304224179223672,-0.009652513420387279,-0.010882935838309645,0.010882935838309645,False,14.91720199584961,5.508921343003749,0.06891987400013022
CIPLA,2024-08-02,1498.778396477783,1510.9333269601857,1493.5831062986651,1498.5823974609375,1508.3743896484375,1522.007568359375,1495.6302490234375,1510.0623779296875,1502.8955078125,-0.0028698670859961077,0.004768708190244743,0.00763857527624085,0.00763857527624085,False,14.24145793914795,4.2325503030006075,0.024935776003985666
CIPLA,2024-08-05,1442.905107204811,1497.7491766978533,1442.905107204811,1485.104248046875,1500.8642578125,1507.562255859375,1485.22265625,1496.0699462890625,1498.5823974609375,-0.008993932824046685,-0.001676551904074057,0.007317380919972628,0.007317380919972628,True,15.461694717407227,4.261380883006495,0.02585939700657036
CIPLA,2024-08-06,1483.0946397515404,1511.8644953155474,1475.9388808044705,1501.62109375,1483.046630859375,1500.8699951171875,1455.7930908203125,1492.9072265625,1485.104248046875,0.011121674269565264,0.005254162141066551,-0.005867512128498713,0.005867512128498713,True,14.266691207885742,6.064744866002002,0.025926087007974274
CIPLA,2024-08-07,1501.8171611918447,1526.1270231603692,1501.8171611918447,1522.84326171875,1497.0147705078125,1525.76318359375,1484.5400390625,1504.5367431640625,1501.62109375,0.014132838208706736,0.0019416678589545154,-0.012191170349752221,0.012191170349752221,True,13.839471817016602,5.8498449600010645,0.0258979970094515
CIPLA,2024-08-08,1514.462144944845,1558.2296347480558,1514.462144944845,1538.9189453125,1516.8338623046875,1526.98681640625,1503.06689453125,1517.3480224609375,1522.84326171875,0.010556361247319868,-0.003608538971772002,-0.01416490021909187,0.01416490021909187,False,13.565874099731445,8.491690826005652,0.02594975699321367
CIPLA,2024-08-09,1543.6733271657788,1549.946732193842,1530.6361605481773,1543.624267578125,1537.2481689453125,1552.018310546875,1509.5047607421875,1520.62158203125,1538.9189453125,0.0030575504187256046,-0.011889751137955127,-0.014947301556680732,0.014947301556680732,False,12.88775634765625,8.223960864008404,0.04849874599312898
CIPLA,2024-08-12,1543.5750951583786,1561.5134329288564,1539.9973352471143,1554.8968505859375,1547.8255615234375,1565.0826416015625,1530.2447509765625,1549.0643310546875,1543.624267578125,0.00730267283598661,0.0035242147916589232,-0.003778458044327687,0.003778458044327687,True,13.854264259338379,5.448899754992453,0.06443250700249337
CIPLA,2024-08-13,1568.3750266543382,1574.942549215446,1548.7703388211592,1552.152099609375,1552.5391845703125,1558.87353515625,1533.06982421875,1542.90771484375,1554.8968505859375,-0.0017652302630416837,-0.007710566612614586,-0.005945336349572903,0.005945336349572903,True,15.071767807006836,5.63110391900409,0.060091446997830644
CIPLA,2024-08-14,1565.4344843548142,1565.4344843548142,1524.264635674224,1532.8907470703125,1562.63818359375,1578.527099609375,1523.2772216796875,1551.0201416015625,1552.152099609375,-0.012409449140912118,-0.00072928291505541,0.011680166225856709,0.011680166225856709,True,14.091894149780273,7.395797781995498,0.06819673100835644
CIPLA,2024-08-16,1536.0274001036757,1549.2115057386832,1529.1657588779415,1544.947509765625,1542.5999755859375,1557.77392578125,1527.70947265625,1540.159423828125,1532.8907470703125,0.007865376393168004,0.004741810055090046,-0.0031235663380779575,0.0031235663380779575,True,12.340272903442383,7.500909848997253,0.0254219120106427
CIPLA,2024-08-19,1547.251018762664,1553.6225426836415,1538.673967330579,1544.359375,1542.5999755859375,1561.021728515625,1516.41455078125,1522.2926025390625,1544.947509765625,-0.00038068268462675635,-0.014663868567288312,-0.014283185882661555,0.014283185882661555,True,14.192804336547852,7.522647254998446,0.05681347798963543
CIPLA,2024-08-20,1545.339574448442,1547.7901605163906,1527.4012365680485,1531.9593505859375,1542.701904296875,1552.276611328125,1527.3416748046875,1539.4329833984375,1544.359375,-0.008029235043859205,-0.003189925661935066,0.00483930938192414,0.00483930938192414,True,13.828044891357422,6.594968086996232,0.025509860992315225
CIPLA,2024-08-21,1534.7040484242632,1564.6011983281555,1530.145934425444,1563.081787109375,1542.0421142578125,1567.8033447265625,1533.3934326171875,1556.1663818359375,1531.9593505859375,0.02031544538798234,0.015801353502455137,-0.0045140918855272015,0.0045140918855272015,True,15.677530288696289,6.550093817990273,0.025095064993365668
CIPLA,2024-08-22,1567.394980276154,1567.394980276154,1544.898646152089,1554.4559326171875,1550.748779296875,1563.0382080078125,1528.6107177734375,1536.6466064453125,1563.081787109375,-0.005518492098957529,-0.016912218466155492,-0.011393726367197963,0.011393726367197963,True,15.955804824829102,4.720692089002114,0.025576400992576964
CIPLA,2024-08-23,1548.8195122065106,1554.455860372692,1537.4486967017574,1543.42822265625,1552.7332763671875,1567.5615234375,1520.4146728515625,1525.761474609375,1554.4559326171875,-0.007094257051321165,-0.01845948631010759,-0.011365229258786424,0.011365229258786424,True,14.24643325805664,6.39506340000662,0.04463108199706767
CIPLA,2024-08-26,1538.9681342062017,1564.4542306962408,1535.5863731118816,1562.4447021484375,1539.8157958984375,1553.416259765625,1531.37060546875,1545.3861083984375,1543.42822265625,0.012320935442958283,0.0012685304787403498,-0.011052404964217933,0.011052404964217933,True,13.904333114624023,6.380835993986693,0.02532944300037343
CIPLA,2024-08-27,1555.1419891078192,1587.7838448733144,1555.1419891078192,1566.4637451171875,1553.863037109375,1566.2398681640625,1542.9169921875,1557.451171875,1562.4447021484375,0.0025722785345450114,-0.0031959724824636372,-0.005768251017008648,0.005768251017008648,False,14.579339981079102,7.012141589002567,0.061252555999089964
CIPLA,2024-08-28,1572.2960507665266,1597.7821463525177,1563.6699397821042,1586.21533203125,1565.0386962890625,1580.910888671875,1538.03515625,1544.832763671875,1566.4637451171875,0.012609029079434507,-0.013808798009362343,-0.02641782708879685,0.02641782708879685,False,14.497950553894043,5.623536140003125,0.03925866200006567
CIPLA,2024-08-29,1589.9402325727674,1609.8390392034871,1577.197185086056,1586.5584716796875,1585.2906494140625,1601.44873046875,1572.0670166015625,1586.7623291015625,1586.21533203125,0.00021632601924108738,0.00034484414522209625,0.00012851812598100887,0.00012851812598100887,True,14.746170043945312,5.2658243409969145,0.0668324440048309
CIPLA,2024-08-30,1583.0785646998095,1630.8159323791424,1583.0785646998095,1622.18994140625,1584.7779541015625,1615.02880859375,1577.82177734375,1598.9700927734375,1586.5584716796875,0.022458340088052038,0.007822983719351882,-0.014635356368700156,0.014635356368700156,True,14.55990219116211,6.241311320991372,0.025335753001854755
CIPLA,2024-09-02,1636.011242641143,1648.3621723688827,1609.5449133713341,1614.10302734375,1600.7598876953125,1623.517333984375,1586.3250732421875,1601.49609375,1622.18994140625,-0.0049851832119545665,-0.012756735279908615,-0.007771552067954049,0.007771552067954049,True,13.133825302124023,8.227984976998414,0.025706369007821195
CIPLA,2024-09-03,1610.8193341533445,1627.0421426534217,1610.8193341533445,1620.5235595703125,1624.9822998046875,1637.253662109375,1602.0540771484375,1612.4869384765625,1614.10302734375,0.003977771008290874,-0.001001230305507213,-0.004979001313798087,0.004979001313798087,False,12.84875202178955,9.246811731005437,0.02494718600064516
CIPLA,2024-09-04,1602.732462304243,1625.228796149084,1598.5664656916774,1619.2493896484375,1627.2027587890625,1653.912109375,1621.481689453125,1641.4261474609375,1620.5235595703125,-0.0007862705323536614,0.012898663377758848,0.01368493391011251,0.01368493391011251,False,12.421382904052734,8.247637123000459,0.02538793299754616
CIPLA,2024-09-05,1618.4649873009898,1627.1400377740692,1591.3125423948495,1595.5765380859375,1612.804443359375,1629.34765625,1584.7037353515625,1612.169921875,1619.2493896484375,-0.014619645197235319,-0.004372067588041244,0.010247577609194074,0.010247577609194074,True,11.139178276062012,7.099351721990388,0.02527137399010826
CIPLA,2024-09-06,1595.576654857558,1599.6935917590388,1576.2660837061665,1579.206787109375,1595.4285888671875,1611.29931640625,1582.59765625,1597.0899658203125,1595.5765380859375,-0.010259458312291145,0.0009485146580248142,0.01120797297031596,0.01120797297031596,False,13.780288696289062,7.316093241010094,0.02580944799410645
CIPLA,2024-09-09,1579.2067216992614,1604.447758197994,1578.1774276877602,1588.1268310546875,1584.02197265625,1593.2325439453125,1558.914794921875,1569.647705078125,1579.206787109375,0.005648433136258236,-0.00605309077270825,-0.011701523908966487,0.011701523908966487,False,12.207270622253418,5.618216438990203,0.037357669993070886
CIPLA,2024-09-10,1600.7229102639592,1611.8485477112015,1592.194918127402,1599.74267578125,1582.3697509765625,1593.72119140625,1564.1771240234375,1574.75927734375,1588.1268310546875,0.007314179509736213,-0.008417182714594655,-0.01573136222433087,0.01573136222433087,False,13.935439109802246,6.7359396669926355,0.03535783900588285
CIPLA,2024-09-11,1594.939501819307,1619.641482561597,1592.1458574769576,1596.164794921875,1596.142822265625,1605.407958984375,1573.039306640625,1583.8646240234375,1599.74267578125,-0.0022365352337854628,-0.009925378623820421,-0.007688843390034958,0.007688843390034958,True,15.005023956298828,5.497110503987642,0.041456771999946795
CIPLA,2024-09-12,1602.683313921901,1627.189174991043,1598.3213185146035,1624.4935302734375,1599.816650390625,1626.8194580078125,1591.8514404296875,1608.8704833984375,1596.164794921875,0.01774800161091704,0.007960135768552886,-0.009787865842364152,0.009787865842364152,True,14.430198669433594,6.133886057999916,0.025213594009983353
CIPLA,2024-09-13,1626.1110258009908,1636.207369293262,1611.0153906639928,1626.8951416015625,1616.0811767578125,1631.9781494140625,1605.232666015625,1614.8328857421875,1624.4935302734375,0.0014783754341704007,-0.005946865500673249,-0.00742524093484365,0.00742524093484365,False,14.313333511352539,4.112389108995558,0.025771617991267703
CIPLA,2024-09-16,1628.365424438527,1638.8049452879297,1621.45484334373,1626.60107421875,1635.4517822265625,1648.6064453125,1608.8487548828125,1620.7633056640625,1626.8951416015625,-0.00018075374084835708,-0.0037690418888728402,-0.003588288148024483,0.003588288148024483,True,14.683794021606445,4.121940049008117,0.025554220002959482
CIPLA,2024-09-17,1627.1892884216627,1649.7346821769024,1623.954466672028,1638.756103515625,1618.1474609375,1639.040283203125,1603.537353515625,1611.4869384765625,1626.60107421875,0.007472655397521492,-0.009291851568121434,-0.016764506965642925,0.016764506965642925,False,14.821949005126953,4.079510666007991,0.02512337500229478
CIPLA,2024-09-18,1639.9322414411274,1639.9322414411274,1605.6730951389452,1618.9552001953125,1639.8551025390625,1662.73193359375,1635.6407470703125,1651.491943359375,1638.756103515625,-0.012082886085265284,0.007771650593049076,0.01985453667831436,0.01985453667831436,False,13.183568954467773,5.089114717004122,0.02505157499399502
CIPLA,2024-09-19,1627.189232767528,1635.0311085880944,1600.4778432537237,1605.3299560546875,1605.4761962890625,1615.5687255859375,1590.3309326171875,1600.239013671875,1618.9552001953125,-0.008416072377408119,-0.011560657466728887,-0.003144585089320768,0.003144585089320768,True,15.894493103027344,1.8893782969971653,0.034674425012781285
CIPLA,2024-09-20,1613.3679303420572,1619.9354533964474,1577.9814900768188,1606.26123046875,1591.21435546875,1623.31396484375,1579.9248046875,1600.1800537109375,1605.3299560546875,0.0005801140198935994,-0.0032080023949759037,-0.003788116414869503,0.003788116414869503,False,11.564262390136719,7.086805298997206,0.025688089997856878
CIPLA,2024-09-23,1614.2991568174355,1631.9433777564893,1605.6241054539069,1625.3758544921875,1593.6881103515625,1612.61865234375,1565.87255859375,1589.231201171875,1606.26123046875,0.011900071831939404,-0.010602278741363371,-0.022502350573302778,0.022502350573302778,False,15.650745391845703,2.201825149997603,0.025422081991564482
CIPLA,2024-09-24,1592.8809930964358,1626.7970813871684,1592.8319335105607,1605.1829833984375,1642.652587890625,1651.045654296875,1627.92431640625,1635.7313232421875,1625.3758544921875,-0.012423508715194254,0.006371122544597745,0.018794631259792,0.018794631259792,False,13.934457778930664,5.781622399008484,0.02524910299689509
CIPLA,2024-09-25,1605.6240201576484,1616.406599047596,1586.2643898779697,1610.72119140625,1617.6422119140625,1641.8935546875,1607.9334716796875,1630.7198486328125,1605.1829833984375,0.003450203537597439,0.01590900570121248,0.012458802163615041,0.012458802163615041,True,14.691230773925781,6.40998692100402,0.03242433600826189
CIPLA,2024-09-26,1610.721307666874,1619.7884769333366,1570.6298117174065,1589.744384765625,1617.576416015625,1630.9501953125,1578.3934326171875,1580.3658447265625,1610.72119140625,-0.013023238753263729,-0.018845810709912855,-0.005822571956649127,0.005822571956649127,True,14.340669631958008,5.6093047430040315,0.02541434198792558
CIPLA,2024-09-27,1597.9292331129448,1645.8627222648117,1597.7821740120517,1639.442138671875,1575.4168701171875,1599.153564453125,1568.2275390625,1589.661865234375,1589.744384765625,0.0312614747266913,-5.190742111799678e-05,-0.0313133821478093,0.0313133821478093,False,15.130300521850586,5.339540370987379,0.02595985701191239
CIPLA,2024-09-30,1641.8926854266228,1645.7156236704643,1613.7600048885913,1621.40576171875,1637.484375,1646.14208984375,1621.4268798828125,1632.4737548828125,1639.442138671875,-0.011001533099384899,-0.004250460339336918,0.006751072760047981,0.006751072760047981,True,13.612874984741211,6.809841545007657,0.03645375800260808
CIPLA,2024-10-01,1627.1892460514762,1634.099947037779,1618.9063125113948,1631.943359375,1628.0614013671875,1641.5732421875,1616.225830078125,1631.7901611328125,1621.40576171875,0.006499050333384629,0.006404565506819621,-9.448482656500799e-05,9.448482656500799e-05,True,14.602892875671387,6.375523581999005,0.02542841198737733
CIPLA,2024-10-03,1628.414549365246,1644.8334771015097,1607.9276245568499,1623.8074951171875,1626.658203125,1651.013671875,1613.7061767578125,1627.729248046875,1631.943359375,-0.0049853839663457225,-0.0025822656796979254,0.002403118286647797,0.002403118286647797,True,12.418750762939453,7.211900388007052,0.04274775899830274
CIPLA,2024-10-04,1612.5836384093727,1623.6603353420142,1546.1238157860935,1591.214599609375,1627.7584228515625,1634.602783203125,1616.6917724609375,1622.60205078125,1623.8074951171875,-0.020071896210492813,-0.0007423566768611972,0.019329539533631614,0.019329539533631614,True,14.247135162353516,6.825464238005225,0.02523177399416454
CIPLA,2024-10-07,1590.920553051803,1612.3386524007542,1580.1870334127088,1592.5379638671875,1588.31005859375,1608.2847900390625,1585.2288818359375,1602.9615478515625,1591.214599609375,0.0008316692532467782,0.00738237837000191,0.0065507091167551325,0.0065507091167551325,True,14.556535720825195,8.278112917992985,0.04233914299402386
CIPLA,2024-10-08,1592.5378177257453,1620.5234376265696,1591.753582354638,1608.2705078125,1590.7088623046875,1603.0738525390625,1577.2603759765625,1572.7255859375,1592.5379638671875,0.009878912969276343,-0.012440757067779256,-0.0223196700370556,0.0223196700370556,False,15.690126419067383,5.4178746469988255,0.034513286998844706
CIPLA,2024-10-09,1598.2722147629752,1668.4080350677445,1598.2722147629752,1647.283935546875,1605.718505859375,1622.0313720703125,1592.094970703125,1615.722412109375,1608.2705078125,0.024258001091768684,0.00463348936679238,-0.019624511724976305,0.019624511724976305,True,16.39533042907715,5.580785159996594,0.04140898201148957
CIPLA,2024-10-10,1660.4680089592177,1660.517068542076,1582.1963162891366,1586.9014892578125,1642.9881591796875,1661.4888916015625,1621.406494140625,1638.2860107421875,1647.283935546875,-0.03665576102945263,-0.005462279216424408,0.031193481813028223,0.031193481813028223,True,14.460244178771973,5.765517769003054,0.025366863003000617
CIPLA,2024-10-11,1570.4335712030934,1581.902385936922,1542.6439487816453,1564.2091064453125,1604.12451171875,1636.9622802734375,1596.7913818359375,1626.47265625,1586.9014892578125,-0.01429980560615211,0.024936120647725133,0.03923592625387724,0.03923592625387724,False,13.929031372070312,5.438211966000381,0.025877848005620763
CIPLA,2024-10-14,1568.3751241551606,1574.2074712851022,1539.9973846154885,1566.855712890625,1564.32421875,1576.0118408203125,1559.105224609375,1564.763427734375,1564.2091064453125,0.0016919773925411744,0.0003543779963806777,-0.0013375993961604966,0.0013375993961604966,True,13.60542106628418,8.190462737999042,0.02535120298853144
CIPLA,2024-10-15,1570.237563797063,1573.2272070263268,1537.0075925520916,1540.6834716796875,1556.5494384765625,1580.6004638671875,1547.0,1568.9378662109375,1566.855712890625,-0.016703670284134494,0.0013288736819749819,0.018032543966109475,0.018032543966109475,False,12.600364685058594,9.624876738991588,0.02610620499763172
CIPLA,2024-10-16,1530.538027823189,1541.9087230188422,1519.7554493405396,1531.3221435546875,1557.1136474609375,1576.5631103515625,1546.0274658203125,1558.4620361328125,1540.6834716796875,-0.006076087851318397,0.011539401038515985,0.017615488889834382,0.017615488889834382,False,13.009581565856934,9.188393998003448,0.025831277991528623
CIPLA,2024-10-17,1531.3221779251771,1547.496046012173,1521.4708937030662,1527.891357421875,1514.645751953125,1560.848876953125,1511.50439453125,1546.6409912109375,1531.3221435546875,-0.0022404078379279165,0.010003674093479811,0.012244081931407727,0.012244081931407727,False,15.093847274780273,3.9934459530049935,0.02549454101244919
CIPLA,2024-10-18,1518.4322595266622,1531.1753076862615,1505.9832099146902,1521.02978515625,1525.585205078125,1546.5635986328125,1499.2625732421875,1532.7216796875,1527.891357421875,-0.004490877072047219,0.003161430452604669,0.007652307524651888,0.007652307524651888,False,13.448265075683594,8.76954819301318,0.026032056004623882
CIPLA,2024-10-21,1521.3238246000822,1530.3909930134525,1487.1626788876995,1493.6322021484375,1499.8868408203125,1514.8187255859375,1471.78125,1482.385009765625,1521.02978515625,-0.018012522355042537,-0.025406981354185093,-0.0073944589991425565,0.0073944589991425565,True,12.61019515991211,6.160259701005998,0.025995735995820723
CIPLA,2024-10-22,1492.8970599752504,1496.523879559324,1471.8220194043588,1480.4970703125,1509.7813720703125,1546.458251953125,1490.5877685546875,1525.576904296875,1493.6322021484375,-0.008794087203693087,0.021387261269868382,0.03018134847356147,0.03018134847356147,False,13.151836395263672,8.991366362999543,0.035490597001626156
CIPLA,2024-10-23,1475.0078424589576,1484.1730109693797,1453.0016261164847,1456.236328125,1507.1026611328125,1514.951171875,1493.5546875,1494.12890625,1480.4970703125,-0.016386889696701053,0.009207607506188866,0.02559449720288992,0.02559449720288992,False,14.043033599853516,6.625022535998141,0.026169985008891672
CIPLA,2024-10-24,1466.4307747730415,1478.1935884744294,1452.7565517081894,1462.803955078125,1483.998046875,1503.99462890625,1439.8880615234375,1476.6446533203125,1456.236328125,0.004510000764492156,0.014014432136567806,0.009504431372075649,0.009504431372075649,True,12.478242874145508,8.04388442200434,0.025367491994984448
CIPLA,2024-10-25,1462.8038903353279,1476.968230010833,1449.570725506958,1459.4710693359375,1468.611572265625,1478.4066162109375,1454.373046875,1457.4482421875,1462.803955078125,-0.0022784227036147836,-0.0036612649781487387,-0.001382842274533955,0.001382842274533955,True,12.244075775146484,6.752969608001877,0.03155492400401272
CIPLA,2024-10-28,1467.2148666781495,1483.2906147713293,1442.6108880337367,1473.4393310546875,1487.4107666015625,1507.497314453125,1478.6793212890625,1494.4561767578125,1459.4710693359375,0.00957076985781266,0.023971086619615764,0.014400316761803105,0.014400316761803105,True,15.97111701965332,1.8239079100021627,0.025746778992470354
CIPLA,2024-10-29,1480.1540190134078,1487.1627192601088,1421.3399520327425,1448.345458984375,1465.395751953125,1479.9462890625,1426.5550537109375,1468.0303955078125,1473.4393310546875,-0.01703081459916664,-0.003670959117809951,0.013359855481356691,0.013359855481356691,True,13.533792495727539,5.23160974199709,0.02540487199439667
CIPLA,2024-10-30,1411.5376289000528,1411.5376289000528,1375.2689537130377,1390.217529296875,1446.9268798828125,1500.0184326171875,1441.9248046875,1491.0308837890625,1448.345458984375,-0.04013402280990415,0.029471853237707426,0.06960587604761158,0.06960587604761158,False,13.031513214111328,6.465728578012204,0.026081265998072922
CIPLA,2024-10-31,1529.2148514853711,1534.9981392030652,1488.0450032419565,1521.078857421875,1393.3270263671875,1410.4603271484375,1374.96484375,1392.838134765625,1390.217529296875,0.09413010940178926,0.0018850326754802276,-0.09224507672630904,0.09224507672630904,True,14.430231094360352,6.680361877995892,0.025211893997038715
CIPLA,2024-11-01,1534.164838511136,1542.3497718356514,1521.078733177028,1528.724609375,1467.9556884765625,1491.8348388671875,1434.259765625,1476.4263916015625,1521.078857421875,0.005026532264135226,-0.02935578625817953,-0.034382318522314756,0.034382318522314756,False,14.814902305603027,5.547002687002532,0.04377473999920767
CIPLA,2024-11-04,1552.691424256125,1571.2668198840558,1532.1065000709111,1553.279541015625,1519.8348388671875,1546.5220947265625,1450.242919921875,1514.3734130859375,1528.724609375,0.016062364333013505,-0.009387692329313524,-0.02545005666232703,0.02545005666232703,False,15.8978853225708,4.981972231005784,0.04407903700484894
CIPLA,2024-11-05,1552.2992887940122,1578.1284432474,1546.4669415378542,1569.5513916015625,1552.884521484375,1620.2474365234375,1540.281494140625,1558.484130859375,1553.279541015625,0.010475803071028678,0.0033507103559394947,-0.007125092715089184,0.007125092715089184,True,14.050216674804688,6.119601151993265,0.04422704500029795
CIPLA,2024-11-06,1578.3734147617513,1580.4809426956426,1549.7506175690883,1562.542724609375,1566.5,1582.4840087890625,1571.5831298828125,1555.89599609375,1569.5513916015625,-0.004465395035606888,-0.00870019011857815,-0.004234795082971263,0.004234795082971263,True,14.053834915161133,5.963069917997927,0.045224796995171346
CIPLA,2024-11-07,1568.375150182147,1570.3356191198748,1527.744479310752,1544.99658203125,1581.6812744140625,1600.102294921875,1570.5872802734375,1588.799072265625,1562.542724609375,-0.011229224200900757,0.016803603026479746,0.028032827227380503,0.028032827227380503,False,13.597871780395508,7.154712252988247,0.025394312004209496
CIPLA,2024-11-08,1543.96723527108,1566.169569164453,1537.6937109529988,1561.121337890625,1530.77978515625,1554.5648193359375,1515.8345947265625,1553.49462890625,1544.99658203125,0.010436758273067073,0.005500366132737577,-0.004936392140329497,0.004936392140329497,True,12.869396209716797,6.992035557996132,0.04394459900504444
CIPLA,2024-11-11,1558.6707037452657,1568.129989686757,1513.97203880056,1522.1080322265625,1566.0501708984375,1570.147216796875,1538.8013916015625,1543.563720703125,1561.121337890625,-0.024990565894626088,-0.011246798542401397,0.013743767352224691,0.013743767352224691,True,11.70277214050293,6.5385855460044695,0.043169715005205944
CIPLA,2024-11-12,1520.3926114507822,1526.1758986751345,1491.8676947322751,1495.0045166015625,1527.4722900390625,1535.314453125,1510.562744140625,1520.1873779296875,1522.1080322265625,-0.017806565007972903,-0.0012618383558921492,0.016544726652080753,0.016544726652080753,True,14.053876876831055,5.730196630000137,0.04446248400199693
CIPLA,2024-11-13,1486.5255216629,1495.7397492895127,1471.5278869344486,1475.8409423828125,1505.469482421875,1512.464111328125,1478.429931640625,1487.8648681640625,1495.0045166015625,-0.012818405567303938,-0.004775670145619236,0.008042735421684702,0.008042735421684702,True,13.19985580444336,7.2439046669896925,0.037634487001923844
CIPLA,2024-11-14,1467.4109227351694,1487.0156110816647,1460.7943404182272,1470.1065673828125,1477.5233154296875,1486.6663818359375,1452.926025390625,1467.5986328125,1475.8409423828125,-0.0038854966245492487,-0.005584822411150158,-0.0016993257866009092,0.0016993257866009092,True,16.711688995361328,0.5410488310008077,0.025951976989745162
CIPLA,2024-11-18,1467.9011362515462,1475.3999539675758,1431.9755185680408,1436.28857421875,1470.742431640625,1467.6849365234375,1427.682861328125,1431.1622314453125,1470.1065673828125,-0.023003769872457395,-0.026490825088164496,-0.003487055215707101,0.003487055215707101,True,12.262672424316406,5.577013665999402,0.02546342099958565
CIPLA,2024-11-19,1436.0434060299606,1456.4812694812035,1428.0544716826582,1442.4639892578125,1437.4395751953125,1471.09130859375,1432.1776123046875,1470.5201416015625,1436.28857421875,0.004299564272744796,0.023833349368132587,0.019533785095387793,0.019533785095387793,True,13.387516021728516,5.329755843005842,0.026255753997247666
CIPLA,2024-11-21,1440.9446243083098,1448.8844993270752,1425.1138141981796,1436.5335693359375,1449.26806640625,1451.9931640625,1429.1278076171875,1431.6953125,1442.4639892578125,-0.004111312286503848,-0.007465473549432095,-0.0033541612629282465,0.0033541612629282465,True,13.035968780517578,3.7423636549938237,0.042332103999797255
CIPLA,2024-11-22,1437.0237237678166,1466.5778167795402,1431.191376571879,1457.1185302734375,1447.2083740234375,1457.37109375,1431.20947265625,1441.3603515625,1436.5335693359375,0.014329606614773196,0.0033600204893184387,-0.010969586125454758,0.010969586125454758,True,14.315966606140137,6.336308790996554,0.04424414499953855
CIPLA,2024-11-25,1466.3327887375146,1477.703484821885,1458.0987951393395,1473.5865478515625,1448.3441162109375,1451.1964111328125,1424.9100341796875,1429.9036865234375,1457.1185302734375,0.011301769372896982,-0.018677165367523646,-0.029978934740420626,0.029978934740420626,False,13.163716316223145,6.569167228997685,0.03218089899746701
CIPLA,2024-11-26,1485.05519905713,1485.05519905713,1460.598397272302,1463.1959228515625,1476.9364013671875,1481.4404296875,1458.0496826171875,1462.1641845703125,1473.5865478515625,-0.0070512485440025,-0.007751403063432823,-0.0007001545194303231,0.0007001545194303231,True,13.789407730102539,6.767918058001669,0.025900506996549666
CIPLA,2024-11-27,1457.7066383249178,1472.3121556782648,1439.474301340567,1461.6766357421875,1464.217529296875,1466.312744140625,1441.7454833984375,1446.6650390625,1463.1959228515625,-0.0010383347066837936,-0.01129779240830998,-0.010259457701626187,0.010259457701626187,True,14.2132568359375,6.324107025007834,0.02579990800586529
CIPLA,2024-11-28,1455.7461775413033,1475.2528672928267,1444.7675994151582,1463.2449951171875,1469.439208984375,1482.075439453125,1428.5054931640625,1469.813232421875,1461.6766357421875,0.00107298655300982,0.005566618827122474,0.0044936322741126545,0.0044936322741126545,True,13.67488956451416,3.6746120099996915,0.026176444996963255
CIPLA,2024-11-29,1460.5493482301715,1517.1088288187586,1460.5493482301715,1503.5816650390625,1463.1942138671875,1469.0313720703125,1442.2130126953125,1451.7335205078125,1463.2449951171875,0.027566586632093378,-0.00786708626907217,-0.035433672901165544,0.035433672901165544,False,15.046249389648438,3.854288746995735,0.03428438899572939
CIPLA,2024-12-02,1501.7191587649272,1517.8930269892232,1474.5667126998765,1477.8994140625,1506.00048828125,1519.7152099609375,1487.586669921875,1503.4300537109375,1503.5816650390625,-0.017080715716159843,-0.00010083345098589055,0.016979882265173954,0.016979882265173954,True,15.157119750976562,4.865276664000703,0.026129784993827343
CIPLA,2024-12-03,1487.0647382875622,1518.775299198504,1478.6836857753112,1503.5816650390625,1485.0196533203125,1489.0791015625,1451.5699462890625,1457.26953125,1477.8994140625,0.01737753647656322,-0.01395892211350966,-0.03133645859007288,0.03133645859007288,False,15.222756385803223,5.104400774012902,0.03751556899806019
CIPLA,2024-12-04,1499.7587963461135,1506.3753792711698,1462.7549436911686,1471.1849365234375,1497.8544921875,1519.6092529296875,1497.471435546875,1518.546630859375,1503.5816650390625,-0.02154637108772096,0.009952878628593623,0.031499249716314584,0.031499249716314584,False,14.694637298583984,5.829448129996308,0.02572538900130894
CIPLA,2024-12-05,1477.2134044894824,1477.2134044894824,1441.0427271899189,1468.6363525390625,1481.6925048828125,1498.4375,1481.537353515625,1495.84033203125,1471.1849365234375,-0.0017323342029300329,0.016758868919685758,0.01849120312261579,0.01849120312261579,False,16.63878631591797,1.780564726999728,0.03987618599785492
CIPLA,2024-12-06,1483.33974448273,1483.33974448273,1446.8260121305202,1448.1983642578125,1454.488525390625,1461.6488037109375,1431.0654296875,1450.1129150390625,1468.6363525390625,-0.01391630286552259,-0.01261267805878264,0.001303624806739949,0.001303624806739949,True,15.017012596130371,6.805000599997584,0.04407580700353719
CIPLA,2024-12-09,1450.7470570168907,1455.4031708823165,1438.2981267555017,1439.9644775390625,1449.6259765625,1460.769287109375,1413.5777587890625,1434.102783203125,1448.1983642578125,-0.005685606973440953,-0.00973318393569057,-0.004047576962249617,0.004047576962249617,True,14.41253662109375,5.240293320006458,0.026158584994846024
CIPLA,2024-12-10,1447.757233226207,1449.7667617258219,1423.594549590131,1426.4371337890625,1448.4805908203125,1460.348388671875,1431.5458984375,1441.3953857421875,1439.9644775390625,-0.00939422045543692,0.0009937107654005883,0.01038793122083751,0.01038793122083751,False,14.825736999511719,6.012671233998844,0.03721014100301545
CIPLA,2024-12-11,1427.3193556144934,1438.8861699623899,1419.3794805182376,1425.35888671875,1433.69970703125,1440.3289794921875,1385.354736328125,1405.14453125,1426.4371337890625,-0.0007559022720113427,-0.014927122993848806,-0.014171220721837463,0.014171220721837463,True,14.608882904052734,7.583604013998411,0.03290886200556997
CIPLA,2024-12-12,1431.1422087023952,1432.4655011967466,1410.165168835117,1416.830810546875,1432.7420654296875,1438.74169921875,1407.0616455078125,1414.7835693359375,1425.35888671875,-0.005983108009735761,-0.007419406776322438,-0.0014362987665866769,0.0014362987665866769,True,12.643803596496582,6.3303770950005855,0.04168192901124712
CIPLA,2024-12-13,1416.5367718026046,1420.8498272898705,1395.6578499294587,1418.693359375,1439.265625,1450.5274658203125,1405.6529541015625,1429.7532958984375,1416.830810546875,0.001314588032854879,0.00912069758461465,0.007806109551759772,0.007806109551759772,True,12.902900695800781,5.69701109000016,0.02559781000309158
CIPLA,2024-12-16,1419.379498996351,1428.7407859584052,1407.7146849833148,1419.820556640625,1403.0484619140625,1441.8524169921875,1333.526123046875,1407.2125244140625,1418.693359375,0.0007945319953577442,-0.008092541552457352,-0.008887073547815096,0.008887073547815096,False,13.55635929107666,5.052592088992242,0.025680958991870284
CIPLA,2024-12-17,1440.9447326093448,1453.6877812650737,1419.3795733458037,1422.1732177734375,1431.263671875,1423.8226318359375,1420.489990234375,1409.8031005859375,1419.820556640625,0.0016570130090094119,-0.007055438102959548,-0.00871245111196896,0.00871245111196896,False,11.47844123840332,7.206081612006528,0.025412072005565278
CIPLA,2024-12-18,1426.2411376946304,1453.638642957781,1424.4766678056058,1443.2972412109375,1435.80712890625,1439.3662109375,1400.4635009765625,1410.3485107421875,1422.1732177734375,0.014853340769960421,-0.008314533619022041,-0.023167874388982462,0.023167874388982462,False,13.040757179260254,8.361859162003384,0.03474121500039473
CIPLA,2024-12-19,1421.3400298403992,1480.2031596288712,1421.2420303215717,1476.7723388671875,1451.1927490234375,1456.3238525390625,1421.6368408203125,1425.2650146484375,1443.2972412109375,0.02319348828531269,-0.012493771932502845,-0.035687260217815535,0.035687260217815535,False,12.162679672241211,8.345134299001074,0.025625690002925694
CIPLA,2024-12-20,1476.7721884838902,1476.8211284095541,1440.0133983519445,1442.9541015625,1482.762939453125,1487.50341796875,1451.149658203125,1463.9781494140625,1476.7723388671875,-0.022900102077094038,-0.008663616670216923,0.014236485406877115,0.014236485406877115,True,14.006929397583008,6.921088901988696,0.043136705993674695
CIPLA,2024-12-23,1444.8165339789678,1461.5295793794837,1429.9660776408718,1446.8751220703125,1459.0660400390625,1467.7401123046875,1447.6270751953125,1458.841796875,1442.9541015625,0.002717356361901346,0.011010534080949657,0.008293177719048311,0.008293177719048311,True,13.753683090209961,6.441185228002723,0.0254806919983821
CIPLA,2024-12-24,1446.8261133110282,1458.1968095112347,1432.4167141105772,1446.5810546875,1432.82080078125,1450.5660400390625,1411.0643310546875,1449.53369140625,1446.8751220703125,-0.00020324309840349128,0.0018374559734867734,0.0020406990718902646,0.0020406990718902646,False,14.199705123901367,6.632421846996294,0.026169534990913235
CIPLA,2024-12-26,1446.5809833164435,1465.401436811845,1437.2687560818129,1461.0885009765625,1443.9921875,1448.546142578125,1411.21044921875,1443.5877685546875,1446.5810546875,0.010028782170243819,-0.002069214250465301,-0.01209799642070912,0.01209799642070912,False,13.505464553833008,7.957678459002636,0.025659640014055185
CIPLA,2024-12-27,1459.177067879776,1482.8497552314375,1454.6680130645864,1476.8212890625,1466.9852294921875,1477.55419921875,1454.4832763671875,1464.603271484375,1461.0885009765625,0.010767854291798216,0.0024055835806409383,-0.008362270711157277,0.008362270711157277,True,12.761472702026367,5.378102399001364,0.025558811001246795
CIPLA,2024-12-30,1479.1738040836508,1496.5239062088974,1465.5485211218188,1491.3287353515625,1476.0045166015625,1484.9661865234375,1462.8499755859375,1474.1629638671875,1476.8212890625,0.009823427110989146,-0.0018000317404687671,-0.011623458851457913,0.011623458851457913,False,14.903238296508789,7.645132828009082,0.02500348599278368
CIPLA,2024-12-31,1487.8978641492097,1505.5910238033616,1484.663042669547,1498.7784423828125,1491.160888671875,1523.4632568359375,1478.963623046875,1492.560302734375,1491.3287353515625,0.004995348681116792,0.0008258188510812628,-0.004169529830035529,0.004169529830035529,True,15.77639389038086,6.989407921995735,0.04002510500140488
CIPLA,2025-01-01,1501.670109078493,1517.2558606743276,1488.6820026915514,1498.87646484375,1496.378662109375,1504.3212890625,1479.0465087890625,1488.9625244140625,1498.7784423828125,6.540156848110273e-05,-0.00654927886015247,-0.006614680428633573,0.006614680428633573,False,16.112964630126953,5.540495816996554,0.04058992999489419
CIPLA,2025-01-02,1504.5619819999304,1512.9429153142023,1497.063164023715,1507.502685546875,1504.3583984375,1517.2265625,1490.4532470703125,1504.2513427734375,1498.87646484375,0.005755124525238468,0.0035859379046610106,-0.002169186620577457,0.002169186620577457,True,14.188974380493164,8.555245851006475,0.036665156003437005
CIPLA,2025-01-03,1508.5809020238835,1508.5809020238835,1475.3509283986734,1481.37939453125,1501.224609375,1519.78857421875,1488.692138671875,1507.2476806640625,1507.502685546875,-0.01732885205849453,-0.0001691571665227198,0.017159694891971812,0.017159694891971812,True,12.321613311767578,7.56474715800141,0.03663824699469842
CIPLA,2025-01-06,1470.351622899159,1479.4187912403706,1450.256817386204,1461.921630859375,1492.5389404296875,1501.8519287109375,1472.9613037109375,1481.7340087890625,1481.37939453125,-0.013134895586982281,0.00023938111946312707,0.013374276706445408,0.013374276706445408,False,13.235118865966797,6.545119044996682,0.04412008699728176
CIPLA,2025-01-07,1460.5492304218353,1480.1539180785044,1458.5397020740197,1467.8519287109375,1461.943359375,1475.8428955078125,1447.1492919921875,1463.9971923828125,1461.921630859375,0.00405650872548923,0.0014197488289556283,-0.0026367598965336015,0.0026367598965336015,True,12.019536018371582,7.931285526996362,0.025317082996480167
CIPLA,2025-01-08,1475.1548838021547,1483.0947591097695,1458.1478396103594,1465.3525390625,1467.552001953125,1477.609130859375,1452.4677734375,1466.5360107421875,1467.8519287109375,-0.0017027532542961982,-0.0008964923116636394,0.0008062609426325589,0.0008062609426325589,True,14.357560157775879,5.799171443999512,0.026015466995886527
CIPLA,2025-01-09,1460.647381561609,1469.7636101313426,1451.7272716833122,1458.784912109375,1473.1309814453125,1484.6026611328125,1463.94970703125,1474.41259765625,1465.3525390625,-0.004481943271703628,0.006182852489235406,0.010664795760939033,0.010664795760939033,False,14.981789588928223,6.339568290990428,0.025895987011608668
CIPLA,2025-01-10,1453.7857136971159,1468.0971129800785,1436.1905528820648,1439.7684326171875,1462.265380859375,1469.576416015625,1429.524169921875,1462.6046142578125,1458.784912109375,-0.013035835053085403,0.002618413528087759,0.01565424858117316,0.01565424858117316,False,13.370271682739258,7.0090138880041195,0.040503480995539576
CIPLA,2025-01-13,1431.142343047785,1435.0142213868546,1407.9597736278681,1410.75341796875,1450.8656005859375,1476.161376953125,1443.2227783203125,1450.76708984375,1439.7684326171875,-0.020152556474442546,0.007639184869867803,0.02779174134431035,0.02779174134431035,False,12.471792221069336,6.214536851999583,0.025999516001320444
CIPLA,2025-01-14,1407.6167659137022,1423.251458591304,1406.0973545498766,1419.134521484375,1412.624755859375,1422.6077880859375,1400.2606201171875,1407.0098876953125,1410.75341796875,0.005940870607772401,-0.0026535681046426667,-0.008594438712415067,0.008594438712415067,False,13.057466506958008,8.072765441989759,0.025303643007646315
CIPLA,2025-01-15,1426.1920316527448,1426.2410912371024,1401.5881714673758,1418.59521484375,1410.8558349609375,1415.765380859375,1409.4576416015625,1409.391357421875,1419.134521484375,-0.0003800250310737987,-0.006865567650562769,-0.00648554261948897,0.00648554261948897,True,13.668859481811523,6.647924981996766,0.02551472099730745
CIPLA,2025-01-16,1423.0553177455986,1425.5549633769913,1402.5683944575362,1414.9683837890625,1414.587890625,1420.3017578125,1398.342041015625,1404.1929931640625,1418.59521484375,-0.0025566356186299236,-0.010152453306614193,-0.00759581768798427,0.00759581768798427,True,14.604119300842285,6.505092919993331,0.025974536998546682
CIPLA,2025-01-17,1414.9683476675455,1420.996813121845,1405.6561209250158,1413.7921142578125,1407.1170654296875,1413.960205078125,1378.2811279296875,1390.4227294921875,1414.9683837890625,-0.0008313044621535185,-0.017347139751027935,-0.016515835288874417,0.016515835288874417,True,15.241498947143555,6.051062354003079,0.041502130989101715
CIPLA,2025-01-20,1413.792239923125,1420.898939910947,1400.6570739451615,1416.8798828125,1416.4111328125,1431.1265869140625,1406.2291259765625,1422.1392822265625,1413.7921142578125,0.00218403294483536,0.005904098547849058,0.003720065603013698,0.003720065603013698,True,13.70195484161377,5.688532201005728,0.03491802199278027
CIPLA,2025-01-21,1421.8300551727039,1435.8474555272473,1396.8340769535353,1399.7747802734375,1417.9859619140625,1437.824462890625,1409.914794921875,1420.8358154296875,1416.8798828125,-0.01207237306885108,0.002792002812076767,0.014864375880927847,0.014864375880927847,False,13.137934684753418,6.131281342008151,0.025544141011778265
CIPLA,2025-01-22,1402.8134692562105,1412.4687544630601,1392.128890034547,1410.949462890625,1414.3115234375,1426.164794921875,1403.590576171875,1413.1285400390625,1399.7747802734375,0.007983200422431239,0.009539934533622918,0.0015567341111916797,0.0015567341111916797,True,12.44020938873291,7.34484740201151,0.03267587399750482
CIPLA,2025-01-23,1404.2349478165017,1429.377866424224,1404.2349478165017,1422.46728515625,1406.4984130859375,1413.65283203125,1394.0291748046875,1400.9937744140625,1410.949462890625,0.008163171373996863,-0.007056020600600528,-0.015219191974597392,0.015219191974597392,False,14.553560256958008,7.387567651006975,0.02519487400422804
CIPLA,2025-01-24,1416.683841961068,1422.320190060896,1380.1701086187054,1383.5029296875,1425.5360107421875,1440.169189453125,1402.7825927734375,1420.3255615234375,1422.46728515625,-0.027392092510914925,-0.0015056399926816199,0.025886452518233304,0.025886452518233304,True,14.712611198425293,7.5464166719903005,0.02512190399284009
CIPLA,2025-01-27,1380.2680620565006,1386.9337039715783,1356.8404355008124,1368.5052490234375,1388.214599609375,1397.5594482421875,1365.0467529296875,1379.157958984375,1383.5029296875,-0.010840367838939173,-0.003140557645299981,0.007699810193639193,0.007699810193639193,True,14.905343055725098,6.739778621005826,0.03551803699519951
CIPLA,2025-01-28,1367.4761982786288,1443.8854303159042,1339.098337476882,1392.5211181640625,1364.6873779296875,1373.353759765625,1343.4404296875,1352.919189453125,1368.5052490234375,0.017548978462276762,-0.011389112012127597,-0.02893809047440436,0.02893809047440436,False,13.926223754882812,7.076961071987171,0.025978046003729105
CIPLA,2025-01-29,1411.5376204950912,1426.2411373752486,1382.718703478478,1395.8048095703125,1392.94287109375,1410.987548828125,1376.0272216796875,1391.9742431640625,1392.5211181640625,0.0023580909211483323,-0.00039272294894961076,-0.002750813870097943,0.002750813870097943,False,13.804431915283203,7.929665902003762,0.02548008099256549
CIPLA,2025-01-30,1402.715545968275,1440.7486917932497,1397.8143735504962,1428.6427001953125,1400.8525390625,1415.4776611328125,1360.7591552734375,1392.3553466796875,1395.8048095703125,0.023526133740081383,-0.002471307497275991,-0.025997441237357373,0.025997441237357373,False,14.121543884277344,6.717121062989463,0.025872828002320603
CIPLA,2025-01-31,1431.1423624161407,1461.5296317551135,1423.3984859756704,1450.158935546875,1427.784423828125,1461.8472900390625,1417.063232421875,1435.278564453125,1428.6427001953125,0.01506061337003365,0.004644873247107411,-0.010415740122926238,0.010415740122926238,True,14.96192741394043,8.961449915004778,0.03925944201182574
CIPLA,2025-02-01,1450.158863687741,1457.118504324486,1399.0396133852153,1411.0474853515625,1461.203857421875,1480.9998779296875,1449.32958984375,1456.6409912109375,1450.158935546875,-0.0269704576764636,0.004469893268366496,0.031440350944830095,0.031440350944830095,False,13.590656280517578,8.032167212004424,0.025495820998912677
CIPLA,2025-02-03,1406.6365086422393,1410.8515648586747,1378.3567672257814,1392.47216796875,1412.2841796875,1441.74560546875,1401.1224365234375,1415.7613525390625,1411.0474853515625,-0.013164204306125431,0.0033406864307798543,0.016504890736905285,0.016504890736905285,False,14.174901962280273,9.219162740002503,0.025801597992540337
CIPLA,2025-02-04,1397.7163614549606,1434.3280951547763,1395.363774784093,1420.4088134765625,1399.95703125,1414.0614013671875,1381.927490234375,1395.32763671875,1392.47216796875,0.02006262397945426,0.002050646911072827,-0.01801197706838143,0.01801197706838143,True,14.04217529296875,8.2192662479938,0.025733888993272558
CIPLA,2025-02-05,1429.034741892819,1429.1818009890346,1401.0491206707097,1408.40087890625,1428.9638671875,1454.90625,1420.7607421875,1445.71484375,1420.4088134765625,-0.00845385811210375,0.017816018904796147,0.026269877016899895,0.026269877016899895,False,12.651151657104492,8.033854264998809,0.02511567500187084
CIPLA,2025-02-06,1415.4094114580041,1446.1398555684607,1409.7241237427947,1442.4149169921875,1416.798828125,1428.363525390625,1393.625,1406.33837890625,1408.40087890625,0.024150821399907433,-0.0014644268055283498,-0.025615248205435783,0.025615248205435783,False,12.08171272277832,11.509680048999144,0.04138569200586062
CIPLA,2025-02-07,1444.3754395277476,1452.5603731259725,1426.2411024858316,1443.150146484375,1437.05029296875,1474.5478515625,1428.3509521484375,1466.2484130859375,1442.4149169921875,0.0005097212206600344,0.016523328906947993,0.01601360768628796,0.01601360768628796,True,14.296592712402344,7.653665097997873,0.025821407994953915
CIPLA,2025-02-10,1447.0220585576026,1448.3944107298537,1403.2546857484115,1430.0150146484375,1441.00341796875,1469.622314453125,1430.39404296875,1442.8740234375,1443.150146484375,-0.009101708417475266,-0.00019133355427199106,0.008910374863203275,0.008910374863203275,True,15.21755599975586,1.7028150749974884,0.03740898901014589
CIPLA,2025-02-11,1436.0433657686506,1438.9840689067435,1414.8703271058857,1424.4276123046875,1424.1151123046875,1434.8504638671875,1403.845458984375,1413.5986328125,1430.0150146484375,-0.003907233341269243,-0.011479866762079691,-0.007572633420810448,0.007572633420810448,True,14.905294418334961,2.090955349005526,0.025111264010774903
CIPLA,2025-02-12,1424.427661790014,1433.396830604294,1406.7834423484885,1420.5556640625,1431.2039794921875,1446.89453125,1414.2369384765625,1425.962646484375,1424.4276123046875,-0.0027182485152213434,0.0010776498338191114,0.0037958983490404548,0.0037958983490404548,False,15.977540016174316,4.096477076003794,0.04123010400508065
CIPLA,2025-02-13,1420.5557924776613,1463.4901115295518,1418.4973239549065,1443.05224609375,1417.5426025390625,1452.1668701171875,1407.4166259765625,1441.2412109375,1420.5556640625,0.015836466391548752,0.014561588396925994,-0.001274877994622758,0.001274877994622758,True,15.385393142700195,3.865176444000099,0.026619971002219245
CIPLA,2025-02-14,1448.7865466960259,1450.8940747380839,1410.1163447165757,1430.6031494140625,1451.7698974609375,1462.60791015625,1437.38330078125,1448.9019775390625,1443.05224609375,-0.008626920274984089,0.004053721174092863,0.012680641449076952,0.012680641449076952,False,16.84210968017578,2.927734209006303,0.04124971300188918
CIPLA,2025-02-17,1428.6425820297277,1451.43303188736,1422.614236180499,1445.502685546875,1430.5762939453125,1445.54296875,1421.9112548828125,1433.6441650390625,1430.6031494140625,0.010414863226685164,0.002125687774590403,-0.00828917545209476,0.00828917545209476,True,12.829556465148926,11.221763176989043,0.025188853993313387
CIPLA,2025-02-18,1445.5027213057615,1454.5208301686487,1437.121669094229,1452.805419921875,1442.3746337890625,1447.6165771484375,1427.5677490234375,1431.98291015625,1445.502685546875,0.005052037915956667,-0.009352992232947725,-0.014405030148904392,0.014405030148904392,False,13.038138389587402,8.899258798002847,0.03798416399513371
CIPLA,2025-02-19,1426.1920982049974,1444.8656127731158,1398.1574162170245,1435.2103271484375,1430.9761962890625,1442.09716796875,1418.2496337890625,1430.130859375,1452.805419921875,-0.012111114490737294,-0.015607431136988965,-0.0034963166462516713,0.0034963166462516713,True,13.982595443725586,9.369861268001841,0.033288678008830175
CIPLA,2025-02-20,1433.1027788011947,1453.687702436506,1432.6126615717826,1450.452880859375,1418.6832275390625,1450.217529296875,1412.953125,1437.4932861328125,1435.2103271484375,0.010620432017948425,0.0015906790392951817,-0.009029752978653244,0.009029752978653244,True,15.469926834106445,6.556188411006588,0.025794638000661507
CIPLA,2025-02-21,1459.5691617344994,1472.3122101579704,1439.6214137108027,1446.5810546875,1440.2869873046875,1461.632080078125,1429.10498046875,1456.73681640625,1450.452880859375,-0.0026693912108203006,0.004332395508878473,0.007001786719698774,0.007001786719698774,False,14.367755889892578,7.183227956003975,0.03873867700167466
CIPLA,2025-02-24,1431.142230946864,1459.5690286848496,1428.7896444439405,1447.5611572265625,1449.5955810546875,1483.8702392578125,1446.4688720703125,1459.008544921875,1446.5810546875,0.0006775303297983729,0.008590939438965394,0.00791340910916702,0.00791340910916702,True,15.075117111206055,5.289032173997839,0.025744828992174007
CIPLA,2025-02-25,1441.9249654001335,1453.0996627548634,1425.8490954913582,1434.4261474609375,1444.8662109375,1459.6944580078125,1436.297607421875,1451.0076904296875,1447.5611572265625,-0.009073889348337354,0.002380924070751072,0.011454813419088425,0.011454813419088425,False,14.636817932128906,3.4818483069975628,0.03649615800532047
CIPLA,2025-02-27,1423.3004369594494,1435.3573686892653,1407.6166855879953,1412.6649169921875,1436.16162109375,1453.515869140625,1427.050048828125,1446.6221923828125,1434.4261474609375,-0.015170687251671564,0.008502386089003668,0.023673073340675234,0.023673073340675234,False,14.432735443115234,5.950672744002077,0.025590470002498478
CIPLA,2025-02-28,1411.537549955595,1420.0655414569019,1372.3281735679395,1379.679931640625,1406.625244140625,1435.2340087890625,1406.1064453125,1427.6329345703125,1412.6649169921875,-0.023349475841584106,0.010595589511767976,0.03394506535335208,0.03394506535335208,False,14.140926361083984,6.294494822999695,0.035488857989548706
CIPLA,2025-03-03,1372.3281861820453,1390.0704052290373,1368.4072485072395,1379.72900390625,1398.588134765625,1406.6676025390625,1389.0093994140625,1389.8197021484375,1379.679931640625,3.556786215383047e-05,0.00734936435275604,0.00731379649060221,0.00731379649060221,True,13.290071487426758,4.189463046990568,0.025780558004043996
CIPLA,2025-03-04,1374.7297080111787,1377.229353633451,1361.839721174719,1374.0926513671875,1392.8763427734375,1404.6142578125,1345.190185546875,1388.9593505859375,1379.72900390625,-0.004085115644525133,0.0066899707504552,0.010775086394980333,0.010775086394980333,False,13.260106086730957,5.103471383001306,0.025232992993551306
CIPLA,2025-03-05,1367.5250629858247,1403.5977387597788,1365.564594077621,1391.6878662109375,1366.5609130859375,1397.48779296875,1345.8958740234375,1386.9449462890625,1374.0926513671875,0.012804969756765096,0.009353295725064312,-0.0034516740317007844,0.0034516740317007844,True,13.347500801086426,7.141658205000567,0.03822344201034866
CIPLA,2025-03-06,1396.7851104287993,1435.5043733871673,1391.6879388643815,1432.8577880859375,1383.6219482421875,1415.197509765625,1382.6761474609375,1413.8878173828125,1391.6878662109375,0.029582726755454727,0.015951817724988458,-0.013630909030466268,0.013630909030466268,True,12.461867332458496,5.20148149500892,0.02567629898840096
CIPLA,2025-03-07,1436.9746833805782,1442.0229148675287,1422.8594026408912,1429.6229248046875,1426.4888916015625,1429.6314697265625,1411.060791015625,1420.76611328125,1432.8577880859375,-0.0022576303860352017,-0.008438851995800637,-0.006181221609765435,0.006181221609765435,True,13.683624267578125,5.670962994990987,0.0261151449958561
CIPLA,2025-03-10,1429.5248352672438,1452.903402134855,1428.2015427384208,1433.837890625,1421.46728515625,1430.569091796875,1405.8076171875,1416.9664306640625,1429.6229248046875,0.0029483059813750125,-0.008853029649307077,-0.01180133563068209,0.01180133563068209,False,14.071027755737305,7.181898957001977,0.025690159993246198
CIPLA,2025-03-11,1419.3794776986426,1430.1620566038118,1409.5771332393979,1417.1739501953125,1426.8804931640625,1434.402587890625,1403.3424072265625,1413.8759765625,1433.837890625,-0.011621913843010387,-0.013922016005448663,-0.0023001021624382764,0.0023001021624382764,True,13.671242713928223,6.056122206005966,0.025647469999967143
CIPLA,2025-03-12,1413.4981217305294,1428.2016389468663,1409.3321251859006,1425.5550537109375,1412.0826416015625,1434.0604248046875,1405.1043701171875,1423.922119140625,1417.1739501953125,0.005913955385977798,0.004761708288797207,-0.0011522470971805903,0.0011522470971805903,True,12.865644454956055,7.362686013992061,0.036887175010633655
CIPLA,2025-03-13,1427.6134712884227,1436.729579843001,1417.075950992428,1433.0047607421875,1424.68115234375,1452.744384765625,1416.4803466796875,1421.2706298828125,1425.5550537109375,0.0052258290634635786,-0.0030054425586524985,-0.008231271622116077,0.008231271622116077,False,12.99720573425293,5.545635949994903,0.025762388002476655
CIPLA,2025-03-17,1430.9952224986582,1467.3618962707249,1426.9272256434383,1463.097900390625,1413.336181640625,1425.1619873046875,1394.9974365234375,1404.0860595703125,1433.0047607421875,0.021000027685080084,-0.020180464129719508,-0.04118049181479959,0.04118049181479959,False,13.763376235961914,6.264901169997756,0.03158826500293799
CIPLA,2025-03-18,1463.097900390625,1463.097900390625,1463.097900390625,1463.097900390625,1446.7496337890625,1465.537109375,1435.149658203125,1456.1361083984375,1463.097900390625,0.0,-0.004758254379511314,-0.004758254379511314,0.004758254379511314,False,15.698539733886719,6.682421468998655,0.025488090992439538
CIPLA,2025-03-19,1485.0552473703972,1485.0552473703972,1466.9209093662041,1469.5185546875,1464.452880859375,1480.9521484375,1433.1083984375,1440.5745849609375,1463.097900390625,0.0043883969043772,-0.015394264063719944,-0.019782660968097145,0.019782660968097145,False,13.323548316955566,7.587922634003917,0.026022966994787566
CIPLA,2025-03-20,1470.008642892111,1487.6038037180228,1465.8915863347268,1482.16357421875,1469.563232421875,1479.104248046875,1453.6494140625,1461.298583984375,1469.5185546875,0.00860487231747749,-0.005593648802122825,-0.014198521119600314,0.014198521119600314,False,14.478609085083008,6.4121932109992485,0.025223953009117395
CIPLA,2025-03-21,1483.9769398130143,1498.6804563849296,1480.1540015728112,1493.730224609375,1501.015380859375,1508.2755126953125,1475.2197265625,1481.571533203125,1482.16357421875,0.0078038960016419195,-0.00039944377660007296,-0.008203339778241992,0.008203339778241992,False,13.42297077178955,5.915419684999506,0.0372177209937945
CIPLA,2025-03-24,1494.9066260713887,1504.6599111831476,1485.2512208175785,1493.9263916015625,1484.8446044921875,1491.4222412109375,1476.800048828125,1485.6221923828125,1493.730224609375,0.00013132692165936428,-0.005428043225598404,-0.005559370147257769,0.005559370147257769,False,14.201236724853516,5.921704145992408,0.026202553999610245
CIPLA,2025-03-25,1499.758778650619,1503.6797166340193,1475.301975842172,1481.330322265625,1496.3695068359375,1504.4813232421875,1491.10546875,1498.73681640625,1493.9263916015625,-0.008431519388605146,0.003219987833222819,0.011651507221827966,0.011651507221827966,False,12.424234390258789,4.9214052589959465,0.03392797200649511
CIPLA,2025-03-26,1477.2132400233854,1482.4574701291244,1443.1991542242754,1447.02197265625,1480.396728515625,1485.7060546875,1470.1953125,1477.007080078125,1481.330322265625,-0.02316049910927496,-0.0029184862569260075,0.020242012852348956,0.020242012852348956,True,13.033931732177734,5.685461219007266,0.03304671999649145
CIPLA,2025-03-27,1435.7493825043512,1459.5691280241708,1433.494915014479,1453.5897216796875,1447.951904296875,1456.608154296875,1404.678466796875,1420.33203125,1447.02197265625,0.004538803934940464,-0.01844473816610826,-0.022983542101048724,0.022983542101048724,False,11.264899253845215,5.520451844990021,0.025795327994273975
CIPLA,2025-03-28,1445.845829980815,1449.4237096949848,1406.0972747240944,1413.694091796875,1443.063720703125,1454.3726806640625,1429.0992431640625,1444.6153564453125,1453.5897216796875,-0.027446279571041083,-0.006173932782081537,0.021272346788959548,0.021272346788959548,True,11.917017936706543,4.972886435993132,0.025995566000347026
CIPLA,2025-04-01,1410.1163247442585,1437.0237127023108,1400.7550378251037,1415.70361328125,1397.5361328125,1433.8489990234375,1374.109130859375,1429.3994140625,1413.694091796875,0.0014214684039747234,0.011109420600083826,0.009687952196109103,0.009687952196109103,True,13.481821060180664,7.8486765709967585,0.025790968007640913
CIPLA,2025-04-02,1412.5177959077803,1435.0631875149136,1400.1668661762465,1423.6434326171875,1422.9144287109375,1435.936767578125,1414.1265869140625,1424.28564453125,1415.70361328125,0.005608390952351225,0.006062025391112042,0.0004536344387608164,0.0004536344387608164,True,14.112680435180664,5.9550433330005035,0.025482112003373913
CIPLA,2025-04-03,1452.7075537343626,1493.191287136667,1450.747084700983,1466.13671875,1424.323974609375,1436.16015625,1413.743896484375,1426.541748046875,1423.6434326171875,0.0298482647826317,0.0020358436412405002,-0.027812421141391198,0.027812421141391198,True,14.126184463500977,3.9351519379997626,0.04041345199220814
CIPLA,2025-04-04,1466.136671956532,1466.136671956532,1362.574994299568,1387.27685546875,1469.4090576171875,1479.48583984375,1446.12451171875,1464.867919921875,1466.13671875,-0.0537875235458835,-0.0008654028044579318,0.05292212074142557,0.05292212074142557,True,13.752788543701172,4.304833925009007,0.04275407899694983
CIPLA,2025-04-07,1309.593197561732,1373.6514935858106,1308.6129631324193,1357.33056640625,1388.947021484375,1405.155029296875,1348.497314453125,1376.606689453125,1387.27685546875,-0.02158638266359701,-0.007691446717043106,0.013894935946553902,0.013894935946553902,True,15.067885398864746,5.556799814992701,0.02533550299995113
CIPLA,2025-04-08,1367.2311328576232,1409.1850977979543,1355.3212597128356,1404.2349853515625,1355.75634765625,1395.3912353515625,1352.10498046875,1382.8753662109375,1357.33056640625,0.0345563712379214,0.018819881049552612,-0.015736490188368788,0.015736490188368788,True,15.31460952758789,5.521843902999535,0.02557481999974698
CIPLA,2025-04-09,1388.5021079894573,1394.8736319583463,1368.4563612118857,1387.619873046875,1388.0869140625,1423.2850341796875,1376.8006591796875,1416.690673828125,1404.2349853515625,-0.01183214524492691,0.008870088415753371,0.020702233660680282,0.020702233660680282,False,14.945868492126465,6.376580714000738,0.0398738170042634
CIPLA,2025-04-11,1431.1423171006231,1459.0789993179983,1419.9186803534956,1434.132080078125,1392.1795654296875,1422.485595703125,1395.7938232421875,1421.6923828125,1387.619873046875,0.0335194154643523,0.024554642396991674,-0.00896477306736063,0.00896477306736063,True,15.287102699279785,7.186233118001837,0.04214663500897586
CIPLA,2025-04-15,1452.903472668411,1456.5304119747113,1433.2007839007654,1452.511474609375,1439.2088623046875,1448.6676025390625,1429.1168212890625,1436.6142578125,1434.132080078125,0.012815691655296333,0.0017307874001673419,-0.011084904255128992,0.011084904255128992,True,17.174392700195312,6.227494820996071,0.02571079900371842
CIPLA,2025-04-16,1438.1018386359588,1469.3713393692494,1435.4552536662127,1466.82275390625,1446.3099365234375,1480.733154296875,1448.07763671875,1455.2548828125,1452.511474609375,0.009852782265092772,0.0018887342723834845,-0.007964047992709286,0.007964047992709286,True,16.32166862487793,6.541704816991114,0.02550980199885089
CIPLA,2025-04-17,1468.3912356864257,1491.9168629604405,1456.6284220494183,1485.251220703125,1472.7314453125,1478.3619384765625,1445.3662109375,1454.984619140625,1466.82275390625,0.012563526675461451,-0.008070596623961028,-0.020634123299422477,0.020634123299422477,False,14.429372787475586,5.8974032740079565,0.025985255997511558
CIPLA,2025-04-21,1494.8575830174673,1494.8575830174673,1475.2528934041234,1481.2322998046875,1490.5166015625,1498.9979248046875,1480.6927490234375,1487.3314208984375,1485.251220703125,-0.002705886278642426,0.0014005712746209516,0.004106457553263378,0.004106457553263378,False,15.105109214782715,6.699277339997934,0.02562196999497246
CIPLA,2025-04-22,1484.9572160953612,1504.3657867226839,1472.9982838187013,1497.9942626953125,1472.419677734375,1480.2667236328125,1456.1680908203125,1467.172607421875,1481.2322998046875,0.0113162283139756,-0.009491888871628296,-0.020808117185603894,0.020808117185603894,False,14.263212203979492,7.756441855002777,0.02554540999699384
CIPLA,2025-04-23,1502.6993818086019,1508.580788391023,1486.035396491742,1503.385498046875,1494.34716796875,1498.364501953125,1479.0718994140625,1484.798828125,1497.9942626953125,0.0035989692923537324,-0.008808735052542996,-0.012407704344896728,0.012407704344896728,False,13.079699516296387,8.226284272997873,0.035804074999759905
CIPLA,2025-04-24,1503.3855646275738,1525.2448412566673,1494.759573052516,1521.02978515625,1510.7279052734375,1522.066650390625,1499.01611328125,1510.5057373046875,1503.385498046875,0.011736369103132627,0.004736136717470514,-0.007000232385662114,0.007000232385662114,True,13.483661651611328,7.64309962799598,0.02617329399799928
CIPLA,2025-04-25,1525.244778612264,1535.7332391882978,1483.5848151861578,1495.73974609375,1514.6483154296875,1516.651611328125,1502.802734375,1506.6551513671875,1521.02978515625,-0.01662691901848723,-0.009450593229235051,0.007176325789252178,0.007176325789252178,True,13.695158004760742,7.131388932000846,0.02585888799512759
CIPLA,2025-04-28,1495.7397511348481,1534.0668936845352,1495.7397511348481,1524.362548828125,1499.265869140625,1512.119873046875,1490.096923828125,1497.25634765625,1495.73974609375,0.01913621858958141,0.001013947490839053,-0.018122271098742357,0.018122271098742357,True,12.957971572875977,5.908346151001751,0.042152665002504364
CIPLA,2025-04-29,1524.2645368597703,1529.7538257298186,1500.7389105674008,1511.0313720703125,1553.79833984375,1549.8792724609375,1503.767578125,1507.94775390625,1524.362548828125,-0.008745410839475838,-0.010768301106908,-0.0020228902674321626,0.0020228902674321626,True,12.853991508483887,6.065275947999908,0.0259223469911376
CIPLA,2025-04-30,1511.5215505174306,1539.7523510749306,1507.600612643196,1519.46142578125,1520.66357421875,1529.82177734375,1508.2269287109375,1518.020751953125,1511.0313720703125,0.00557900641029525,0.0046255690067083955,-0.0009534374035868546,0.0009534374035868546,True,14.319953918457031,8.069005816010758,0.027100705992779694
CIPLA,2025-05-02,1507.110455658775,1521.8139722993485,1483.5848290338577,1484.5650634765625,1509.78662109375,1530.3143310546875,1478.3756103515625,1482.735107421875,1519.46142578125,-0.022966270622332582,-0.024170615809145472,-0.0012043451868128906,0.0012043451868128906,True,13.92296028137207,7.324502592004137,0.02600321600039024
CIPLA,2025-05-05,1501.7192287915989,1518.3832150118712,1498.0924090654926,1512.40380859375,1485.76025390625,1534.9732666015625,1489.1806640625,1513.9776611328125,1484.5650634765625,0.01875212195280588,0.019812265814319663,0.0010601438615137834,0.0010601438615137834,True,14.233501434326172,7.317539497002144,0.025943796994397417
CIPLA,2025-05-06,1499.7587039709358,1501.6211733518164,1465.4504983245417,1481.5263671875,1499.5106201171875,1524.26123046875,1486.435302734375,1492.7025146484375,1512.40380859375,-0.020416135711110242,-0.01302647734247045,0.007389658368639793,0.007389658368639793,True,15.359737396240234,2.6570398539915914,0.026171044999500737
CIPLA,2025-05-07,1470.3516721965616,1487.7998932363043,1469.7635554591882,1478.977783203125,1474.499755859375,1513.3050537109375,1471.97314453125,1483.165283203125,1481.5263671875,-0.0017202420698142421,0.0011062347940092928,0.002826476863823535,0.002826476863823535,False,13.95941162109375,5.517545243012137,0.025528779995511286
CIPLA,2025-05-08,1470.351644262753,1478.8796359364678,1448.6884873021197,1457.41259765625,1483.293701171875,1504.8524169921875,1450.2830810546875,1449.5902099609375,1478.977783203125,-0.014581142321265827,-0.019870192491019567,-0.005289050169753741,0.005289050169753741,True,13.293290138244629,6.086619110006723,0.0399947260011686
CIPLA,2025-05-09,1440.8466044863635,1457.020472490415,1434.7690792600247,1450.7469482421875,1460.2371826171875,1485.4324951171875,1454.90380859375,1470.2059326171875,1457.41259765625,-0.004573618633996933,0.008778114709253377,0.01335173334325031,0.01335173334325031,False,12.826693534851074,6.791719733999344,0.03355646500131115
CIPLA,2025-05-12,1448.7865576001732,1486.9177027026174,1433.2988049942098,1481.722412109375,1441.61376953125,1463.6470947265625,1432.7899169921875,1456.79248046875,1450.7469482421875,0.02135138998894276,0.004167185899572376,-0.017184204089370384,0.017184204089370384,True,15.267648696899414,5.751043855008902,0.0264703919965541
CIPLA,2025-05-13,1485.0552713279951,1509.463134372417,1467.50904980126,1490.054443359375,1483.8736572265625,1492.71337890625,1473.77880859375,1481.4423828125,1481.722412109375,0.00562320660192927,-0.0001889890404481034,-0.0058121956423773736,0.0058121956423773736,False,13.318803787231445,7.601529095991282,0.026046896004118025
CIPLA,2025-05-14,1465.450515630275,1476.13509516069,1445.4537087430122,1465.2545166015625,1495.6944580078125,1501.53515625,1473.102783203125,1482.3658447265625,1490.054443359375,-0.016643638001508372,-0.005159944770526848,0.011483693230981525,0.011483693230981525,True,14.684589385986328,5.7078928199916845,0.03906272299354896
CIPLA,2025-05-15,1465.4505383624376,1482.9967593753397,1445.845848886017,1472.5081787109375,1454.58251953125,1466.0428466796875,1436.3453369140625,1448.252197265625,1465.2545166015625,0.004950445146006974,-0.011603662806221422,-0.016554107952228395,0.016554107952228395,False,13.485063552856445,5.707324974006042,0.0255614010093268
CIPLA,2025-05-16,1479.8598878374573,1480.3500050579978,1462.5097860933276,1470.253662109375,1465.0509033203125,1494.015380859375,1439.004150390625,1484.7149658203125,1472.5081787109375,-0.0015310723798737389,0.00828979240037978,0.00982086478025352,0.00982086478025352,False,14.854626655578613,2.415164920996176,0.02657201098918449
CIPLA,2025-05-19,1470.2536695463893,1481.8203642151423,1459.569090153052,1462.11767578125,1472.2041015625,1496.4954833984375,1467.4156494140625,1484.68212890625,1470.253662109375,-0.0055337296806676805,0.009813590109460743,0.015347319790128423,0.015347319790128423,False,15.482850074768066,2.42725344801147,0.025429101995541714
CIPLA,2025-05-20,1465.842565031824,1468.1951515543678,1422.5161321856635,1425.6529541015625,1432.6666259765625,1453.4466552734375,1406.33642578125,1437.917236328125,1462.11767578125,-0.024939662712307603,-0.01655163592779496,0.008388026784512642,0.008388026784512642,True,16.005733489990234,3.7707563989970367,0.0260202959907474
CIPLA,2025-05-21,1430.1619785897701,1461.5294791482845,1425.8489233314706,1453.0994873046875,1429.071044921875,1447.0810546875,1416.0111083984375,1426.1724853515625,1425.6529541015625,0.01925190357454254,0.0003644163528755884,-0.01888748722166695,0.01888748722166695,True,15.132108688354492,5.081421998998849,0.025963376989238895
CIPLA,2025-05-22,1453.6877655039689,1460.2552888000098,1431.2403714915179,1439.474365234375,1448.3121337890625,1496.9921875,1435.833740234375,1473.342041015625,1453.0994873046875,-0.00937659271739566,0.013930604124349965,0.023307196841745627,0.023307196841745627,False,14.25904369354248,5.254861643988988,0.026719249988673255
CIPLA,2025-05-23,1439.4742589298771,1459.5690647235865,1432.1225007126661,1454.8638916015625,1440.0628662109375,1459.0888671875,1431.2705078125,1446.7652587890625,1439.474365234375,0.01069107358829678,0.005064969360187528,-0.005626104228109252,0.005626104228109252,True,12.883907318115234,6.442731763992924,0.02610650600399822
CIPLA,2025-05-26,1456.7263609480938,1464.3722373570022,1449.2766032194916,1454.8638916015625,1451.4637451171875,1477.8785400390625,1443.631591796875,1467.910888671875,1454.8638916015625,0.0,0.008967847195623182,0.008967847195623182,0.008967847195623182,False,13.23831844329834,7.2202180059975944,0.026531101000728086
CIPLA,2025-05-27,1456.3342316739665,1462.4117568797535,1446.63000663037,1451.237060546875,1464.06005859375,1494.7891845703125,1465.523681640625,1481.5213623046875,1454.8638916015625,-0.002492900590649043,0.018322999736957918,0.02081590032760696,0.02081590032760696,False,14.871700286865234,7.051513620011974,0.02588042800198309
CIPLA,2025-05-28,1455.6482345066713,1456.6284690080226,1436.0435444796456,1439.474365234375,1450.6348876953125,1473.1539306640625,1442.6962890625,1463.1307373046875,1451.237060546875,-0.008105288675626448,0.008195543706229885,0.016300832381856332,0.016300832381856332,False,15.288812637329102,6.204754934005905,0.02579577900178265
CIPLA,2025-05-29,1445.8457826067372,1450.2568375367239,1434.0829694601061,1447.708251953125,1438.3072509765625,1453.12255859375,1426.6947021484375,1438.9798583984375,1439.474365234375,0.00572006484978936,-0.0003435329227672522,-0.006063597772556612,0.006063597772556612,False,13.871940612792969,6.851845031007542,0.03444373699312564
CIPLA,2025-05-30,1446.8260771579012,1459.5691252629506,1428.2996217505931,1436.7296142578125,1433.356201171875,1463.5419921875,1422.244873046875,1441.365966796875,1447.708251953125,-0.007583460051775663,-0.004380913866929699,0.0032025461848459637,0.0032025461848459637,True,14.939769744873047,5.361793802003376,0.026676950001274236
CIPLA,2025-06-02,1438.9841570962442,1445.6497991474382,1429.1818127018557,1441.140625,1439.9638671875,1453.5225830078125,1425.71728515625,1437.2010498046875,1436.7296142578125,0.0030701745815033855,0.0003281310151865525,-0.0027420435663168333,0.0027420435663168333,True,15.982505798339844,2.5401309299923014,0.02667806000681594
CIPLA,2025-06-03,1443.2973050911312,1450.1589466071034,1431.5344910637505,1444.0814208984375,1428.9991455078125,1449.5245361328125,1430.6275634765625,1448.786865234375,1441.140625,0.0020406030108529485,0.005305686413756464,0.003265083402903516,0.003265083402903516,True,15.629537582397461,2.687299130993779,0.02602970600128174
CIPLA,2025-06-04,1444.081361912649,1458.588879816849,1436.925722132795,1442.80712890625,1431.530517578125,1450.1572265625,1417.666748046875,1437.07470703125,1444.0814208984375,-0.0008824239227416257,-0.0048520213374314185,-0.003969597414689793,0.003969597414689793,True,13.826692581176758,7.0524016819981625,0.034066730993799865
CIPLA,2025-06-05,1446.8261097066134,1469.1755039797279,1445.8458752149422,1460.3533935546875,1445.926025390625,1466.3990478515625,1425.42919921875,1433.38330078125,1442.80712890625,0.012161199024389913,-0.006531592432693294,-0.018692791457083205,0.018692791457083205,False,16.387168884277344,2.579295902993181,0.04196145699825138
CIPLA,2025-06-06,1460.3532265198373,1476.1349760991238,1454.6678192554277,1474.468505859375,1457.7257080078125,1468.3321533203125,1439.4610595703125,1460.8333740234375,1460.3533935546875,0.009665545591214401,0.0003286741900066161,-0.009336871401207786,0.009336871401207786,True,13.58658504486084,7.669064984002034,0.04207641599350609
CIPLA,2025-06-09,1481.8204611327653,1481.8204611327653,1467.4110616965538,1476.8212890625,1483.09375,1493.5748291015625,1449.5762939453125,1455.0823974609375,1474.468505859375,0.0015956822365315363,-0.013147861972907014,-0.01474354420943855,0.01474354420943855,False,13.229157447814941,7.153481094996096,0.0377204659889685
CIPLA,2025-06-10,1479.0757630636679,1483.2906993401116,1475.2528248352478,1480.938232421875,1470.860107421875,1475.833984375,1451.5877685546875,1459.8369140625,1476.8212890625,0.002787705858430897,-0.011500629849927096,-0.014288335708357993,0.014288335708357993,False,15.165443420410156,7.9119726280041505,0.02587783700437285
CIPLA,2025-06-11,1482.6045717928605,1497.7002059098925,1479.5658689987072,1491.6226806640625,1479.8619384765625,1492.9451904296875,1470.4947509765625,1484.26123046875,1480.938232421875,0.0072146481252729384,0.0022438464846982068,-0.004970801640574732,0.004970801640574732,True,11.967842102050781,8.37787785299588,0.037589957006275654
CIPLA,2025-06-12,1496.817938243211,1507.5025172021224,1464.960320042226,1473.0963134765625,1490.13720703125,1511.152099609375,1480.5484619140625,1502.5338134765625,1491.6226806640625,-0.012420277210622836,0.007314941609524482,0.019735218820147317,0.019735218820147317,False,13.52610969543457,5.8136999779962935,0.03867866699874867
CIPLA,2025-06-13,1450.7469921572335,1480.6441430091224,1450.7469921572335,1475.4488525390625,1475.223388671875,1494.810546875,1446.876708984375,1452.05517578125,1473.0963134765625,0.0015970028849966501,-0.01428361302843439,-0.01588061591343104,0.01588061591343104,False,14.212844848632812,7.496465681004338,0.0260995249991538
CIPLA,2025-06-16,1472.2142526613745,1510.5413985436621,1470.1557840964883,1496.818115234375,1473.7674560546875,1489.14404296875,1462.6527099609375,1476.21142578125,1475.4488525390625,0.014483228380664417,0.0005168415298674753,-0.013966386850796942,0.013966386850796942,True,14.509273529052734,5.5923922910005786,0.025989276997279376
CIPLA,2025-06-17,1496.8179798893727,1503.0915041950045,1465.9405952354662,1473.782470703125,1493.8189697265625,1517.34033203125,1472.7510986328125,1492.519775390625,1496.818115234375,-0.015389741944459984,-0.0028716514050719896,0.012518090539387995,0.012518090539387995,True,14.15993881225586,7.038431922002928,0.03824609199364204
CIPLA,2025-06-18,1473.7825479621608,1482.9967760511954,1466.3327898088564,1468.4892578125,1468.725341796875,1485.68017578125,1450.5411376953125,1462.83984375,1473.782470703125,-0.0035915835585285986,-0.007424858939938671,-0.003833275381410072,0.003833275381410072,True,14.091416358947754,5.69875525200041,0.037192232004599646
CIPLA,2025-06-19,1472.7041835349826,1479.9579420119242,1450.9429081041576,1454.6678466796875,1470.728759765625,1482.19482421875,1444.738037109375,1462.2872314453125,1468.4892578125,-0.009411993352543304,-0.004223406016892627,0.005188587335650677,0.005188587335650677,True,14.390543937683105,4.847675908997189,0.026426612996147014
CIPLA,2025-06-20,1454.667862760959,1478.3894875925703,1451.8251590437362,1470.0574951171875,1457.8526611328125,1466.8907470703125,1447.00146484375,1456.15478515625,1454.6678466796875,0.010579493093648301,0.001022184191364696,-0.009557308902283606,0.009557308902283606,True,15.212898254394531,6.07140118299867,0.026532211995800026
CIPLA,2025-06-23,1470.0575991773228,1475.1548902587706,1452.805496291525,1469.469482421875,1469.111083984375,1481.3648681640625,1460.24169921875,1473.3251953125,1470.0574951171875,-0.0003999929916112742,0.002222838362558065,0.002622831354169339,0.002622831354169339,False,14.653486251831055,5.60967520000122,0.05207746199448593
CIPLA,2025-06-24,1476.919282284283,1488.2900982795788,1470.5477579954681,1472.704345703125,1455.387939453125,1466.8616943359375,1439.9090576171875,1465.7703857421875,1469.469482421875,0.0022013817367057724,-0.002517300783675284,-0.004718682520381056,0.004718682520381056,False,13.776309967041016,6.47699195399764,0.06684622300963383
CIPLA,2025-06-25,1480.0560532186796,1487.9959285104512,1470.3517080142797,1480.154052734375,1472.425537109375,1494.1650390625,1469.953125,1480.6905517578125,1472.704345703125,0.0050585217956243805,0.0054228169272323165,0.0003642951316079361,0.0003642951316079361,True,13.156251907348633,6.667454298003577,0.06588283300516196
CIPLA,2025-06-26,1481.134323867737,1492.3090210567498,1473.292447897557,1483.8790283203125,1480.8819580078125,1493.3795166015625,1467.74462890625,1474.052734375,1480.154052734375,0.002516613442402252,-0.004122083338625245,-0.006638696781027497,0.006638696781027497,False,11.976585388183594,6.754487893005717,0.05907486699288711
CIPLA,2025-06-27,1488.039972826681,1494.67765269335,1478.1329157506045,1488.436279296875,1485.1822509765625,1501.639404296875,1473.36669921875,1488.6983642578125,1483.8790283203125,0.0030711741924954036,0.0032477957067398424,0.00017662151424443877,0.00017662151424443877,True,12.783031463623047,9.502807691998896,0.025600099994335324
CIPLA,2025-06-30,1495.371156354221,1500.6218238222434,1486.25659166614,1491.9036865234375,1484.535400390625,1492.8114013671875,1473.597900390625,1484.3809814453125,1488.436279296875,0.002329563767553741,-0.002724535747998691,-0.005054099515552432,0.005054099515552432,False,14.260690689086914,6.435991306992946,0.05966981100209523
CIPLA,2025-07-01,1491.9037057383366,1503.593960185521,1482.2937880935158,1501.612548828125,1497.5604248046875,1504.506591796875,1484.1822509765625,1492.9539794921875,1491.9036865234375,0.006507700458406888,0.0007039951561467638,-0.005803705302260124,0.005803705302260124,True,13.717912673950195,5.9526555860065855,0.06518419898930006
CIPLA,2025-07-02,1501.6125345597056,1510.8261456583487,1479.420824316341,1483.6807861328125,1505.784912109375,1511.5087890625,1476.7901611328125,1482.7061767578125,1501.612548828125,-0.01194167077872827,-0.012590712620953548,-0.0006490418422252769,0.0006490418422252769,True,15.19493293762207,5.212201843998628,0.025630179996369407
CIPLA,2025-07-03,1490.0213439790539,1499.1357878684546,1484.8697228130015,1494.6776123046875,1487.5477294921875,1493.62939453125,1478.4658203125,1485.2447509765625,1483.6807861328125,0.007411854540853111,0.0010541114088472134,-0.006357743132005898,0.006357743132005898,True,13.782310485839844,2.3993406490044435,0.06022745600785129
CIPLA,2025-07-04,1494.380503230632,1506.8633708732,1489.9223275771612,1499.2349853515625,1497.651123046875,1513.9384765625,1489.4779052734375,1505.826904296875,1494.6776123046875,0.0030490675777553474,0.00745932895522271,0.004410261377467363,0.004410261377467363,True,14.402030944824219,4.709761660997174,0.0260687560075894
CIPLA,2025-07-07,1501.9098187686195,1505.08002858697,1492.4981147591857,1496.4609375,1502.5968017578125,1508.6834716796875,1492.137451171875,1499.0806884765625,1499.2349853515625,-0.001850308909988517,-0.00010291707204512588,0.0017473918379433912,0.0017473918379433912,True,14.622159004211426,4.945634830990457,0.02578737800649833
CIPLA,2025-07-08,1491.5073741686663,1496.460902478758,1463.3713091801944,1474.46728515625,1496.7374267578125,1504.556640625,1487.4361572265625,1495.2203369140625,1496.4609375,-0.014697110891843777,-0.0008290230335113576,0.01386808785833242,0.01386808785833242,True,13.279096603393555,5.297892950999085,0.057988846994703636
CIPLA,2025-07-09,1472.1885974524073,1487.7426277995094,1472.1885974524073,1477.8355712890625,1477.206298828125,1481.574462890625,1456.867919921875,1466.5830078125,1474.46728515625,0.0022844088619135153,-0.005347203985549601,-0.0076316128474631165,0.0076316128474631165,False,13.277517318725586,6.635866713986616,0.02637549300561659
CIPLA,2025-07-10,1475.1607969444922,1477.0431619739497,1449.6005413430794,1464.06494140625,1483.7337646484375,1494.481689453125,1474.91455078125,1486.518310546875,1477.8355712890625,-0.009318106933101412,0.0058753080697867225,0.015193415002888134,0.015193415002888134,False,14.94148063659668,2.4265792929945746,0.03613490100542549
CIPLA,2025-07-11,1466.2443477746212,1476.646756998698,1456.3372913707387,1471.1978759765625,1460.714111328125,1468.7344970703125,1445.014404296875,1458.041259765625,1464.06494140625,0.004872006950361943,-0.004114354131613308,-0.008986361081975251,0.008986361081975251,False,11.92235279083252,8.151427801989485,0.026577250988339074
CIPLA,2025-07-14,1475.0616350891796,1478.62815116615,1462.2815082889363,1470.2071533203125,1462.9796142578125,1481.2977294921875,1447.945556640625,1463.120849609375,1471.1978759765625,-0.0006734122393919111,-0.00549010197681673,-0.004816689737424819,0.004816689737424819,True,10.840574264526367,8.634656976006227,0.02663746000325773
CIPLA,2025-07-15,1470.009104830324,1478.5291493084403,1455.7429191571473,1477.0430908203125,1467.771240234375,1474.1845703125,1454.467529296875,1463.1043701171875,1470.2071533203125,0.004649642388531258,-0.004831144500340711,-0.009480786888871969,0.009480786888871969,False,13.107584953308105,8.9876820089994,0.026252754003508016
CIPLA,2025-07-16,1471.1979400077123,1471.1979400077123,1454.5540361504957,1462.08349609375,1472.3525390625,1478.3270263671875,1457.7113037109375,1465.45947265625,1477.0430908203125,-0.010128069261848224,-0.007842437526740841,0.0022856317351073827,0.0022856317351073827,True,13.938187599182129,9.428816086001461,0.06159631299669854
CIPLA,2025-07-17,1461.2908243624474,1475.1607033733453,1458.3187074315408,1468.6220703125,1446.566162109375,1467.7149658203125,1433.572265625,1457.314697265625,1462.08349609375,0.004472093581672398,-0.0032616460283327216,-0.007733739610005119,0.007733739610005119,False,13.593979835510254,9.089035380005953,0.06490506100817584
CIPLA,2025-07-18,1467.3341519169137,1470.9998354780168,1456.337343105107,1468.5230712890625,1472.7222900390625,1485.2088623046875,1461.829345703125,1468.7490234375,1468.6220703125,-6.740946186137223e-05,8.644369955095823e-05,0.00015385316141233046,0.00015385316141233046,False,14.689408302307129,7.422399194998434,0.02657651099434588
CIPLA,2025-07-21,1467.3340819544724,1468.7210940213045,1454.851215224476,1460.2010498046875,1465.8955078125,1471.899658203125,1451.31201171875,1458.1810302734375,1468.5230712890625,-0.005666932748336033,-0.007042477723245305,-0.0013755449749092716,0.0013755449749092716,True,14.51939582824707,4.951580365988775,0.026065256010042503
CIPLA,2025-07-22,1461.2908847805147,1465.6500139798918,1440.9814182462771,1450.7894287109375,1457.5618896484375,1472.7332763671875,1433.2471923828125,1463.473876953125,1460.2010498046875,-0.006445428247712103,0.0022413537840390296,0.008686782031751134,0.008686782031751134,False,16.12451171875,4.743983489999664,0.02559452099376358
CIPLA,2025-07-23,1451.6810714237602,1462.7769265901368,1448.8080007841133,1459.8048095703125,1452.6434326171875,1462.2796630859375,1445.4683837890625,1456.4559326171875,1450.7894287109375,0.006214120864793859,0.003905807275756641,-0.002308313589037218,0.002308313589037218,True,14.837332725524902,5.7152844200027175,0.02664318999450188
CIPLA,2025-07-24,1456.8327414412338,1476.1515027184212,1456.6346486742314,1474.071044921875,1453.7799072265625,1462.6434326171875,1431.5731201171875,1451.169189453125,1459.8048095703125,0.009772700609036702,-0.0059155991681719144,-0.015688299777208616,0.015688299777208616,False,14.296758651733398,6.915229906997411,0.02676680899458006
CIPLA,2025-07-25,1471.197949457713,1539.2593819775161,1455.346658419785,1518.2564697265625,1469.922607421875,1493.4310302734375,1463.956787109375,1479.0906982421875,1474.071044921875,0.029975098525206637,0.003405299451206939,-0.026569799073999697,0.026569799073999697,True,15.274818420410156,5.827241860999493,0.03831186100433115
CIPLA,2025-07-28,1526.8754998239056,1562.342810477919,1506.367941237588,1557.3892822265625,1520.5946044921875,1530.62548828125,1500.383056640625,1509.5657958984375,1518.2564697265625,0.025774836649994852,-0.005724114470389965,-0.03149895112038482,0.03149895112038482,False,15.883543968200684,7.62328021301073,0.06088799001008738
CIPLA,2025-07-29,1548.8692716042851,1564.7205623543646,1545.1045416768409,1559.3707275390625,1559.5633544921875,1578.0931396484375,1523.5064697265625,1543.5406494140625,1557.3892822265625,0.0012722864701285054,-0.00889221016899573,-0.010164496639124235,0.010164496639124235,False,13.169586181640625,8.429695976999938,0.02615344499645289
CIPLA,2025-07-30,1559.6680332708995,1565.2159610086808,1536.78263483195,1544.906494140625,1544.102294921875,1557.217529296875,1527.5753173828125,1546.3193359375,1559.3707275390625,-0.009275686110425058,-0.008369652816402224,0.0009060332940228344,0.0009060332940228344,True,13.84526252746582,7.832004896001308,0.026609551001456566
CIPLA,2025-07-31,1525.686722470164,1550.1571039952232,1522.3182990256125,1540.1510009765625,1542.3907470703125,1567.2572021484375,1509.2767333984375,1529.7359619140625,1544.906494140625,-0.003078175399028151,-0.00981970901417002,-0.006741533615141869,0.006741533615141869,True,13.01827621459961,7.19502417500189,0.0644275060039945
CIPLA,2025-08-01,1529.6495444944974,1535.296518402334,1480.1142613178622,1488.83251953125,1531.9920654296875,1548.641357421875,1504.7188720703125,1511.4271240234375,1540.1510009765625,-0.03332042209677689,-0.01865003946685232,0.014670382629924567,0.014670382629924567,True,14.1168851852417,5.585722753996379,0.06277803200646304
CIPLA,2025-08-04,1495.9656135715184,1505.179224996294,1491.0120850497583,1501.0181884765625,1486.2830810546875,1502.84912109375,1478.4193115234375,1491.875,1488.83251953125,0.008184714388928772,0.0020435343994957248,-0.006141179989433048,0.006141179989433048,True,13.229756355285645,6.054354963009246,0.06523774900415447
CIPLA,2025-08-05,1499.4329703129372,1503.197700079498,1477.2411400240305,1485.8603515625,1493.796875,1524.9334716796875,1483.2869873046875,1492.941162109375,1501.0181884765625,-0.010098369913456369,-0.005381031641851832,0.004717338271604537,0.004717338271604537,True,12.354597091674805,6.7253912259911885,0.02662199999031145
CIPLA,2025-08-06,1484.8697155058642,1484.8697155058642,1461.2908720436724,1472.882080078125,1496.0841064453125,1521.65673828125,1490.8349609375,1507.9666748046875,1485.8603515625,-0.008734516316238816,0.014877793339691006,0.023612309655929822,0.023612309655929822,False,13.97028923034668,4.710012548996019,0.06651228699774947
CIPLA,2025-08-07,1462.3806726648593,1485.8604705263551,1450.4922041585087,1477.1422119140625,1474.5020751953125,1484.24658203125,1459.096435546875,1467.320068359375,1472.882080078125,0.002892378075311727,-0.0037762776762515697,-0.006668655751563297,0.006668655751563297,False,12.482094764709473,5.877176852998673,0.026224464003462344
CIPLA,2025-08-08,1469.2164543677395,1479.9161235830168,1464.5601862649453,1471.990478515625,1480.941650390625,1497.8067626953125,1472.6343994140625,1490.0218505859375,1477.1422119140625,-0.0034876353521587798,0.008719294979178562,0.01220693033133734,0.01220693033133734,False,14.623758316040039,6.0085610230016755,0.02699312700133305
CIPLA,2025-08-11,1474.1700609426769,1499.9284087817289,1466.4425082166601,1490.81396484375,1470.8463134765625,1477.86669921875,1463.476806640625,1472.5250244140625,1471.990478515625,0.012787777232843828,0.0003631449430138592,-0.012424632289829969,0.012424632289829969,True,13.910438537597656,7.448611608997453,0.043766470000264235
CIPLA,2025-08-12,1490.0213675998784,1510.7271408447668,1487.1482968927544,1507.457763671875,1483.9862060546875,1496.8681640625,1467.8604736328125,1477.8214111328125,1490.81396484375,0.011164235927900912,-0.0087150737901085,-0.019879309718009414,0.019879309718009414,False,11.926143646240234,6.879333973003668,0.02620006499637384
CIPLA,2025-08-13,1507.457748900013,1553.2284241932123,1506.268950450113,1546.4915771484375,1508.4482421875,1511.504638671875,1489.568603515625,1498.760009765625,1507.457763671875,0.025893802411739678,-0.005769815988120262,-0.03166361839985994,0.03166361839985994,False,13.806365966796875,6.46919147700828,0.06646617701335344
CIPLA,2025-08-14,1547.9775645848736,1560.1632923475845,1537.575155350863,1549.463623046875,1540.1253662109375,1557.3070068359375,1527.9979248046875,1543.391357421875,1546.4915771484375,0.001921798956007009,-0.002004679347998111,-0.00392647830400512,0.00392647830400512,False,13.450323104858398,5.955332051002188,0.025570550002157688
CIPLA,2025-08-18,1551.6431714899998,1558.1819256585368,1543.0240805380201,1550.6524658203125,1542.9151611328125,1557.767333984375,1530.7384033203125,1543.5750732421875,1549.463623046875,0.0007672608480473727,-0.0038003795101095813,-0.004567640358156954,0.004567640358156954,False,15.965461730957031,5.74089312000433,0.026214644996798597
CIPLA,2025-08-19,1550.6524580943073,1554.1199279209366,1531.730004084709,1534.5040283203125,1539.4991455078125,1550.21142578125,1525.622314453125,1540.1654052734375,1550.6524658203125,-0.010413963061321608,-0.006762998658972388,0.0036509644023492195,0.0036509644023492195,True,14.179510116577148,6.918224938999629,0.0639183310122462
CIPLA,2025-08-20,1524.8940873002114,1542.4296498573974,1519.1480670946955,1531.72998046875,1523.427001953125,1527.9404296875,1512.238525390625,1522.346923828125,1534.5040283203125,-0.001807781407129317,-0.007922497606926988,-0.0061147161997976715,0.0061147161997976715,True,15.734931945800781,4.5842063579912065,0.025542700008372776
CIPLA,2025-08-21,1525.7858305862749,1581.1663036285875,1524.3988184134846,1577.99609375,1522.0714111328125,1540.35693359375,1500.17919921875,1506.8768310546875,1531.72998046875,0.03020513659143196,-0.01622554218495924,-0.046430678776391204,0.046430678776391204,False,13.20150375366211,7.968815135012846,0.025954716998967342
CIPLA,2025-08-22,1575.22206940442,1587.110537852755,1570.2685408842801,1577.99609375,1557.018798828125,1581.9967041015625,1549.0577392578125,1573.6561279296875,1577.99609375,0.0,-0.0027503020048667342,-0.0027503020048667342,0.0027503020048667342,False,14.461762428283691,6.001418917992851,0.026201715008937754
CIPLA,2025-08-25,1579.1848386410643,1592.8566252670878,1577.2034273002348,1586.31787109375,1582.9818115234375,1598.07275390625,1558.8170166015625,1569.2347412109375,1577.99609375,0.005273636212858971,-0.005552201664987487,-0.010825837877846457,0.010825837877846457,False,14.87523078918457,5.108377135999035,0.06865514600940514
CIPLA,2025-08-26,1589.09184944631,1589.1908958233405,1558.3799745505273,1565.1168212890625,1577.2314453125,1593.509521484375,1565.370849609375,1578.2283935546875,1586.31787109375,-0.01336494418364561,-0.005099531239274817,0.008265412944370793,0.008265412944370793,True,14.739141464233398,6.043825132001075,0.06115148699609563
CIPLA,2025-08-28,1579.1848016092918,1579.1848016092918,1554.1199003612692,1565.6121826171875,1555.55322265625,1578.7628173828125,1546.5579833984375,1559.4315185546875,1565.1168212890625,0.0003165011846956,-0.0036325101468735526,-0.003949011331569153,0.003949011331569153,False,13.442870140075684,6.753880817996105,0.06479350299923681
CIPLA,2025-08-29,1563.8288478471995,1581.562502934865,1553.2283459066643,1574.6275634765625,1557.923095703125,1575.83544921875,1550.7681884765625,1568.652099609375,1565.6121826171875,0.005758374238187298,0.001941679443951286,-0.003816694794236012,0.003816694794236012,True,15.651466369628906,4.235171888009063,0.025479550997260958
CIPLA,2025-09-01,1574.6276230920246,1583.1476677047874,1568.2870825886598,1572.447998046875,1581.9617919921875,1587.8829345703125,1535.819580078125,1544.4630126953125,1574.6275634765625,-0.0013841783798546733,-0.01915662565606993,-0.01777244727621526,0.01777244727621526,True,14.78041934967041,6.197765549994074,0.02693146700039506
CIPLA,2025-09-02,1572.2498430557844,1578.1940768669592,1548.7701678759418,1554.615234375,1580.85009765625,1592.053955078125,1565.41015625,1580.626708984375,1572.447998046875,-0.011340765287007858,0.00520126004017857,0.016542025327186426,0.016542025327186426,False,15.430522918701172,4.098170620985911,0.02551785099785775
CIPLA,2025-09-03,1555.4079065583635,1581.5625605118455,1554.4172008853964,1563.7298583984375,1560.96728515625,1576.0780029296875,1554.0948486328125,1568.469482421875,1554.615234375,0.005862945262531047,0.00891168936244524,0.0030487440999141923,0.0030487440999141923,True,15.44778823852539,6.672168215009151,0.025506641002721153
CIPLA,2025-09-04,1584.1384104616839,1584.1384104616839,1559.0735079381136,1563.135498046875,1557.8331298828125,1568.3544921875,1548.7786865234375,1562.5440673828125,1563.7298583984375,-0.00038009145145520226,-0.0007583093775797566,-0.00037821792612455435,0.00037821792612455435,True,13.965690612792969,7.897993478996796,0.02664327999809757
CIPLA,2025-09-05,1563.1353998938082,1570.8628312884082,1535.5937348556472,1538.962158203125,1557.58544921875,1571.2579345703125,1544.4478759765625,1557.0625,1563.135498046875,-0.01546464773780289,-0.0038851385912885743,0.011579509146514316,0.011579509146514316,True,14.343793869018555,4.077333427005215,0.026100026007043198
CIPLA,2025-09-08,1540.051921704549,1550.3552845766308,1524.5969378643,1526.87548828125,1522.9046630859375,1538.9305419921875,1489.6373291015625,1536.026611328125,1538.962158203125,-0.007853779807027393,-0.0019074847678045,0.005946295039222893,0.005946295039222893,True,13.680922508239746,7.723174537008163,0.026134644998819567
CIPLA,2025-09-09,1526.875470257356,1540.7453490925773,1518.8507788326986,1537.1788330078125,1524.39599609375,1536.3004150390625,1504.881591796875,1531.8934326171875,1526.87548828125,0.0067479927509744835,0.0032864135775642215,-0.003461579173410262,0.003461579173410262,True,13.628957748413086,7.183456094004214,0.02565069899719674
CIPLA,2025-09-10,1540.5473664490094,1556.3986576793527,1539.457614364074,1549.265625,1533.0830078125,1544.7620849609375,1524.250732421875,1537.1260986328125,1537.1788330078125,0.00786297061385965,-3.430594662614118e-05,-0.00789727656048579,0.00789727656048579,False,14.102025985717773,5.94322333400487,0.026469962002011016
CIPLA,2025-09-11,1548.968313964083,1555.9032536492437,1539.6556564854316,1546.29345703125,1538.2010498046875,1549.6500244140625,1530.4930419921875,1539.5645751953125,1549.265625,-0.0019184366584974737,-0.006261708546387906,-0.004343271887890432,0.004343271887890432,True,12.72337532043457,6.0644526179967215,0.03128964701318182
CIPLA,2025-09-12,1547.5812673006515,1563.6307713467058,1547.5812673006515,1559.965087890625,1536.4873046875,1550.07275390625,1530.2523193359375,1541.0181884765625,1546.29345703125,0.008841549964017406,-0.00341155718579807,-0.012253107149815477,0.012253107149815477,False,11.19852066040039,7.404613271995913,0.025902766996296123
CIPLA,2025-09-15,1553.42652168449,1565.116897199019,1531.7300428896285,1533.90966796875,1556.868408203125,1575.1871337890625,1550.982421875,1568.1572265625,1559.965087890625,-0.016702566053646097,0.005251488469496685,0.02195405452314278,0.02195405452314278,False,12.257672309875488,7.731003714012331,0.025876916988636367
CIPLA,2025-09-16,1541.5380148407432,1545.698930259715,1535.5937808503547,1544.5101318359375,1527.33056640625,1542.632080078125,1517.5657958984375,1543.21044921875,1533.90966796875,0.006910748454454269,0.006063447831524772,-0.0008473006229294967,0.0008473006229294967,True,13.979606628417969,6.111570476001361,0.026254363998305053
CIPLA,2025-09-17,1541.5379760701169,1547.9775627310783,1534.702082965947,1545.1044921875,1547.37646484375,1562.496337890625,1543.6573486328125,1554.651123046875,1544.5101318359375,0.00038482127071318866,0.0065658301631748095,0.006181008892461621,0.006181008892461621,True,13.793052673339844,6.290187300008256,0.02600305699161254
CIPLA,2025-09-18,1545.5008216658027,1565.3149347640822,1541.9343054952622,1563.5316162109375,1537.041259765625,1550.14892578125,1533.9429931640625,1547.2060546875,1545.1044921875,0.011926134521393489,0.001360142638006759,-0.01056599188338673,0.01056599188338673,True,12.315384864807129,6.295080046998919,0.06613114100764506
CIPLA,2025-09-19,1566.3056738756682,1570.1694501995134,1543.0240904878892,1561.154052734375,1561.5863037109375,1574.802734375,1556.69287109375,1569.10498046875,1563.5316162109375,-0.001520636648412833,0.003564599653775464,0.005085236302188297,0.005085236302188297,False,13.889898300170898,7.135879719004151,0.05502180499024689
CIPLA,2025-09-22,1560.3614047568954,1568.4851427438698,1525.6867068734089,1527.8662109375,1551.6805419921875,1573.773681640625,1546.0255126953125,1570.837890625,1561.154052734375,-0.02132258615898351,0.006202999552583343,0.027525585711566852,0.027525585711566852,False,13.508163452148438,7.03192764299456,0.0581504450092325
CIPLA,2025-09-23,1527.8662477568835,1536.2872460172355,1503.3958658922784,1512.9066162109375,1519.2418212890625,1536.29248046875,1488.779541015625,1526.0091552734375,1527.8662109375,-0.009791167982819177,-0.0012154569888177637,0.008575710994001413,0.008575710994001413,True,14.78852653503418,10.426558646999183,0.06195050899987109
CIPLA,2025-09-24,1512.8075598827108,1528.163497785908,1506.1698802601454,1523.705322265625,1511.5506591796875,1528.5501708984375,1501.8717041015625,1519.5421142578125,1512.9066162109375,0.007137721481933083,0.004385927046504398,-0.0027517944354286854,0.0027517944354286854,True,16.452346801757812,1.5121439409995219,0.02601781699922867
CIPLA,2025-09-25,1523.7053544211415,1530.4422015015962,1491.4083730464397,1495.6683349609375,1510.514892578125,1516.404296875,1496.8941650390625,1501.8594970703125,1523.705322265625,-0.018400531188667635,-0.014337303201664707,0.004063227987002928,0.004063227987002928,True,13.84892463684082,9.25366005700198,0.06632887800515164
CIPLA,2025-09-26,1481.6993813937765,1490.9129925334573,1461.4889614632118,1485.464111328125,1483.64208984375,1494.3544921875,1462.1873779296875,1476.210693359375,1495.6683349609375,-0.00682251766270027,-0.013009329105085772,-0.006186811442385502,0.006186811442385502,True,14.528998374938965,5.613070927996887,0.026246034001815133
CIPLA,2025-09-29,1492.8944053841876,1513.1048253351041,1471.4951869979382,1474.1700439453125,1477.402099609375,1489.30419921875,1449.6837158203125,1459.750732421875,1485.464111328125,-0.0076030563759057705,-0.017309996727729867,-0.009706940351824097,0.009706940351824097,True,14.150041580200195,6.169980549006141,0.026053945999592543
CIPLA,2025-09-30,1474.26908212632,1492.5971370062334,1474.26908212632,1489.327880859375,1484.210205078125,1505.660888671875,1469.537353515625,1486.727294921875,1474.1700439453125,0.010282285260318864,0.008518183521729695,-0.0017641017385891695,0.0017641017385891695,True,15.440328598022461,5.455857260996709,0.043770218995632604
CIPLA,2025-10-01,1491.0119770097954,1503.2967510407461,1484.473344022018,1498.9376220703125,1487.6571044921875,1502.2567138671875,1482.9429931640625,1493.76318359375,1489.327880859375,0.006452401337838695,0.002978056606189184,-0.0034743447316495112,0.0034743447316495112,True,14.875321388244629,6.314761633009766,0.0266751099989051
CIPLA,2025-10-03,1507.8540770295306,1523.5072754807486,1495.4702557661474,1503.593994140625,1499.201416015625,1506.30078125,1495.5216064453125,1498.5765380859375,1498.9376220703125,0.003106448194876303,-0.000240893269378532,-0.003347341464254835,0.003347341464254835,False,15.299203872680664,4.201751661996241,0.02541715199186001
CIPLA,2025-10-06,1496.956285419128,1505.8726365566345,1483.879018791753,1499.0367431640625,1502.727783203125,1520.1263427734375,1502.096923828125,1514.067626953125,1503.593994140625,-0.0030309052804957395,0.0069657320083179606,0.0099966372888137,0.0099966372888137,False,13.060243606567383,9.59459346201038,0.054587528997217305
CIPLA,2025-10-07,1500.8200902856458,1507.8540765739715,1492.2008781274826,1499.2349853515625,1475.2978515625,1504.990478515625,1467.071044921875,1497.31396484375,1499.0367431640625,0.0001322463831550681,-0.0011492568999183965,-0.0012815032830734647,0.0012815032830734647,False,13.382415771484375,6.428285349000362,0.0427621389972046
CIPLA,2025-10-08,1497.946920403474,1505.1791199146412,1476.944009311798,1480.7086181640625,1499.278564453125,1504.1197509765625,1486.6160888671875,1493.4576416015625,1499.2349853515625,-0.012357213758025842,-0.0038535278368288907,0.008503685921196952,0.008503685921196952,True,13.43826961517334,7.051813297002809,0.02615259498998057
CIPLA,2025-10-09,1495.965579737183,1502.6032594319147,1485.3650773146708,1499.0367431640625,1479.3233642578125,1493.16064453125,1453.8690185546875,1472.717041015625,1480.7086181640625,0.012377941733549933,-0.005397130164843839,-0.017775071898393772,0.017775071898393772,False,13.420589447021484,7.14348102499207,0.04961491499852855
CIPLA,2025-10-10,1498.9376941201629,1554.4172122105324,1492.8944136581838,1547.2841796875,1492.4365234375,1502.2017822265625,1481.9326171875,1490.164306640625,1499.0367431640625,0.03218562636536858,-0.005918758538706782,-0.03810438490407536,0.03810438490407536,False,12.881536483764648,8.013402917000349,0.025921407010173425
CIPLA,2025-10-13,1544.5101608547295,1552.3367599429398,1535.6928560828408,1549.0673828125,1556.039306640625,1573.637451171875,1542.9345703125,1550.1890869140625,1547.2841796875,0.0011524729254067264,0.0018774232068663654,0.000724950281459639,0.000724950281459639,True,14.292452812194824,4.38138967800478,0.06221060801181011
CIPLA,2025-10-14,1548.472938656898,1551.5441020000337,1522.8136380070393,1537.8724365234375,1545.9337158203125,1562.402099609375,1539.473876953125,1555.3121337890625,1549.0673828125,-0.007226894332212237,0.004031297182969844,0.011258191515182082,0.011258191515182082,False,13.403121948242188,5.931755060999421,0.060456084000179544
CIPLA,2025-10-15,1535.5937996079526,1550.2562920043165,1531.6309768992871,1544.212890625,1539.329833984375,1552.7259521484375,1535.969970703125,1543.74951171875,1537.8724365234375,0.004122873881461799,0.0038215622152630553,-0.000301311666198744,0.000301311666198744,True,14.526510238647461,5.672242742992239,0.02600957700633444
CIPLA,2025-10-16,1544.5101135804582,1557.3892870740733,1540.6463373452239,1554.8134765625,1545.281494140625,1551.8046875,1533.6046142578125,1538.70654296875,1544.212890625,0.00686471794262095,-0.00356579568120389,-0.01043051362382484,0.01043051362382484,False,12.235559463500977,13.968235943000764,0.06466347399691585
CIPLA,2025-10-17,1550.7516485624512,1567.395431417317,1543.9157551864564,1562.937255859375,1551.5023193359375,1574.6815185546875,1546.790283203125,1562.6768798828125,1554.8134765625,0.005224922101161401,0.005057457655755281,-0.00016746444540611995,0.00016746444540611995,True,13.725214004516602,8.941365402992233,0.026289422996342182
CIPLA,2025-10-20,1575.221977542071,1631.692199378485,1563.2344634095607,1623.8656005859375,1546.8184814453125,1572.787353515625,1541.0538330078125,1569.2117919921875,1562.937255859375,0.03898323141133474,0.004014579669970482,-0.03496865174136426,0.03496865174136426,True,14.524178504943848,7.11125549999997,0.02612392499577254
CIPLA,2025-10-21,1631.3949893309418,1653.4877742940728,1626.837767405598,1648.137939453125,1627.2099609375,1648.37255859375,1585.666748046875,1590.28515625,1623.8656005859375,0.014947258479044904,-0.020679324892294477,-0.03562658337133938,0.03562658337133938,False,12.824249267578125,4.9441668649960775,0.02619476499967277
CIPLA,2025-10-23,1649.5248807586509,1657.4505258313652,1622.8748750145,1629.809814453125,1635.75390625,1641.4681396484375,1620.091796875,1631.17822265625,1648.137939453125,-0.011120504274103129,-0.010290228985628758,0.0008302752884743712,0.0008302752884743712,True,14.57211685180664,8.360365155996988,0.026565100997686386
CIPLA,2025-10-24,1609.9957442629445,1609.9957442629445,1566.4046952125452,1569.674072265625,1632.5047607421875,1639.1473388671875,1614.70068359375,1626.81591796875,1629.809814453125,-0.03689739849043568,-0.00183696064278493,0.035060437847650755,0.035060437847650755,True,15.017324447631836,7.6168576829950325,0.034784023999236524
CIPLA,2025-10-27,1570.26853773329,1578.9867962855433,1560.5595734789968,1569.27783203125,1587.377197265625,1607.600341796875,1581.3739013671875,1601.286865234375,1569.674072265625,-0.0002524347196504798,0.020139717873482454,0.020392152593132935,0.020392152593132935,False,15.883251190185547,5.1006303089961875,0.06796155299525708
CIPLA,2025-10-28,1571.0610753421004,1575.1229443385603,1547.581278768079,1553.5255126953125,1573.5125732421875,1583.50244140625,1561.968994140625,1572.8060302734375,1569.27783203125,-0.010037941666166233,0.002248294196331476,0.012286235862497708,0.012286235862497708,False,15.513284683227539,6.190708605005057,0.04218703499645926
CIPLA,2025-10-29,1560.361382869592,1573.2405561885157,1557.0920058835663,1566.4046630859375,1550.099853515625,1568.2882080078125,1536.2947998046875,1555.16748046875,1553.5255126953125,0.008290272857045086,0.0010569300343119203,-0.007233342822733165,0.007233342822733165,True,14.629010200500488,5.849538472000859,0.02558576999581419
CIPLA,2025-10-30,1572.2498863591238,1578.4913804070611,1490.021316373108,1525.7857666015625,1556.3453369140625,1584.49462890625,1547.64013671875,1559.9716796875,1566.4046630859375,-0.025931291856826227,-0.004106846429941053,0.021824445426885174,0.021824445426885174,True,14.153238296508789,6.435659678012598,0.058609330997569486
CIPLA,2025-10-31,1496.0645726751077,1515.1852400279126,1486.0584698320547,1487.346435546875,1493.3726806640625,1513.2708740234375,1479.5771484375,1502.46044921875,1525.7857666015625,-0.025193137789130647,-0.01528741314369829,0.009905724645432356,0.009905724645432356,True,14.599071502685547,6.072722480996163,0.026746129005914554
CIPLA,2025-11-03,1488.9316153540897,1500.820083711268,1476.4487477662033,1497.45166015625,1480.502685546875,1495.3524169921875,1458.0816650390625,1472.0008544921875,1487.346435546875,0.0067941297117234565,-0.01031742214721156,-0.017111551858935016,0.017111551858935016,False,14.499917984008789,6.434848297998542,0.026213993987767026
CIPLA,2025-11-04,1497.4516189723877,1509.8354398371941,1484.176138818165,1489.327880859375,1496.986083984375,1508.9105224609375,1479.4298095703125,1501.77392578125,1497.45166015625,-0.005425069478387925,0.0028864141260820384,0.008311483604469963,0.008311483604469963,False,13.786993026733398,5.916385526012164,0.026285772997653112
CIPLA,2025-11-06,1496.7581667207974,1498.838624429681,1484.0770858373398,1487.5445556640625,1476.121826171875,1508.2196044921875,1470.72705078125,1492.750244140625,1489.327880859375,-0.001197402679578846,0.0022979246714130005,0.0034953273509918466,0.0034953273509918466,False,11.307540893554688,8.328344035995542,0.0568176180095179
CIPLA,2025-11-07,1486.0584705222523,1495.9655269924006,1477.736518900178,1491.7054443359375,1489.478515625,1498.7672119140625,1476.6619873046875,1483.879150390625,1487.5445556640625,0.0027971522977458083,-0.0024640641918797566,-0.005261216489625565,0.005261216489625565,False,12.970185279846191,6.099394520992064,0.06586023299314547
CIPLA,2025-11-10,1495.9656016116028,1502.6032814033922,1489.922321050521,1497.45166015625,1463.49365234375,1491.0130615234375,1463.8114013671875,1482.8204345703125,1491.7054443359375,0.0038521115828403663,-0.005956276287226624,-0.00980838787006699,0.00980838787006699,False,13.288877487182617,6.839032679999946,0.025907037997967564
CIPLA,2025-11-11,1497.2535520758543,1503.3958789565984,1492.101809945655,1500.820068359375,1494.8502197265625,1514.09130859375,1467.3760986328125,1509.4110107421875,1497.45166015625,0.002249427005058398,0.007986468547966093,0.0057370415429076945,0.0057370415429076945,True,11.974103927612305,8.12086706100672,0.06184992000635248
CIPLA,2025-11-12,1500.820070007104,1513.8973367062886,1500.0274570828947,1505.17919921875,1497.2060546875,1501.7442626953125,1482.648193359375,1487.108642578125,1500.820068359375,0.0029044993142583668,-0.009135955781987028,-0.012040455096245396,0.012040455096245396,False,13.131075859069824,7.320895846001804,0.06564231499214657
CIPLA,2025-11-13,1505.8726330976783,1520.6341719119048,1501.315411158349,1511.6187744140625,1504.63525390625,1525.248046875,1489.184814453125,1516.1790771484375,1505.17919921875,0.004278278093834212,0.007308018829516705,0.0030297407356824927,0.0030297407356824927,True,13.569243431091309,6.5710707920079585,0.02578986799926497
CIPLA,2025-11-14,1512.7084863983762,1520.138778799047,1507.8540045094549,1517.860107421875,1515.3736572265625,1544.98828125,1518.174072265625,1537.7254638671875,1511.6187744140625,0.004128906780899028,0.01727068351823332,0.013141776737334292,0.013141776737334292,True,13.306131362915039,7.651549237998552,0.06229207600699738
CIPLA,2025-11-17,1523.2100017210357,1524.1016610311449,1512.3122391070965,1521.32763671875,1508.5106201171875,1522.5540771484375,1497.96484375,1515.944580078125,1517.860107421875,0.002284485427820281,-0.0012619920204659527,-0.003546477448286234,0.003546477448286234,False,14.824153900146484,5.9404008200071985,0.02597108700138051
CIPLA,2025-11-18,1515.7796436207805,1520.7331718679072,1498.045988308917,1500.4237060546875,1513.001220703125,1556.6385498046875,1479.5396728515625,1516.066650390625,1521.32763671875,-0.013740584315649975,-0.0034581547072082843,0.01028242960844169,0.01028242960844169,True,13.974628448486328,6.708417845002259,0.06328092700277921
CIPLA,2025-11-19,1497.3526052450177,1515.3834004430685,1491.408371100286,1512.6094970703125,1505.9925537109375,1516.671630859375,1497.2232666015625,1507.9764404296875,1500.4237060546875,0.008121566572463133,0.005033734367513864,-0.003087832204949269,0.003087832204949269,True,13.009418487548828,8.147524211002747,0.056331971994950436
CIPLA,2025-11-20,1512.7085100697961,1520.5351090414592,1505.2782175528534,1514.987060546875,1513.69873046875,1519.3720703125,1481.98388671875,1506.3656005859375,1512.6094970703125,0.001571829002242461,-0.004127897184612717,-0.005699726186855178,0.005699726186855178,False,13.299537658691406,7.48037921100331,0.025868997996440157
CIPLA,2025-11-21,1506.962391666454,1512.807579388899,1493.6869113143978,1497.7489013671875,1494.79541015625,1525.6900634765625,1482.802001953125,1504.1756591796875,1514.987060546875,-0.011378420072752917,-0.007136299476567698,0.004242120596185219,0.004242120596185219,True,12.669147491455078,10.676238886997453,0.02582657799939625
CIPLA,2025-11-24,1500.9191249279265,1510.628089093841,1486.0585395326007,1490.0213623046875,1500.161376953125,1506.91259765625,1475.9443359375,1481.798828125,1497.7489013671875,-0.005159435640677876,-0.010649364007296432,-0.0054899283666185565,0.0054899283666185565,True,13.716826438903809,6.592759279010352,0.04046935100632254
CIPLA,2025-11-25,1486.256569901509,1508.547447058692,1486.256569901509,1493.48876953125,1495.7283935546875,1502.3502197265625,1484.7518310546875,1491.17236328125,1490.0213623046875,0.0023270855803028856,0.0007724728018544591,-0.0015546127784484265,0.0015546127784484265,True,13.745166778564453,6.362855031999061,0.025490340995020233
CIPLA,2025-11-26,1491.0120143683755,1511.3214803448218,1491.0120143683755,1509.6373291015625,1508.023193359375,1515.116455078125,1502.139892578125,1507.5731201171875,1493.48876953125,0.010812642116740474,0.009430503177039657,-0.001382138939700817,0.001382138939700817,True,12.775671005249023,8.475096841997583,0.05982179999409709
CIPLA,2025-11-27,1509.6374007546171,1517.2657863042741,1505.9717170868464,1511.0242919921875,1502.3515625,1508.852294921875,1482.3475341796875,1489.2535400390625,1509.6373291015625,0.0009187391328289621,-0.013502441062868457,-0.014421180195697419,0.014421180195697419,False,12.028404235839844,6.3333065990009345,0.02549615099269431
CIPLA,2025-11-28,1511.0242256728654,1521.5258024273003,1506.467003819747,1517.067626953125,1501.86865234375,1530.4957275390625,1495.9698486328125,1509.85400390625,1511.0242919921875,0.003999495569306669,-0.0007744998489697019,-0.0047739954182763715,0.0047739954182763715,False,13.706570625305176,5.156301007998991,0.025416292002773844
CIPLA,2025-12-01,1517.761029907668,1522.0211125042922,1503.3957982277325,1508.9437255859375,1506.285888671875,1530.8072509765625,1499.5946044921875,1511.3399658203125,1517.067626953125,-0.005355002784881465,-0.0037754817458704334,0.0015795210390110313,0.0015795210390110313,True,14.014531135559082,7.179383622002206,0.026029625994851813
CIPLA,2025-12-02,1505.8725737559125,1517.2656886231448,1499.1357270253372,1502.504150390625,1511.404052734375,1520.4552001953125,1506.735595703125,1515.222900390625,1508.9437255859375,-0.004267604607197628,0.004161304824173768,0.008428909431371395,0.008428909431371395,False,13.803630828857422,6.712159279995831,0.06508124999527354
CIPLA,2025-12-03,1502.6032217015718,1508.6466229582893,1481.204003696041,1493.984130859375,1501.659423828125,1517.3131103515625,1490.0826416015625,1495.34521484375,1502.504150390625,-0.005670546420144625,-0.004764669398759265,0.0009058770213853599,0.0009058770213853599,True,13.610849380493164,7.512319062996539,0.06342879599833395
CIPLA,2025-12-04,1489.1296260737809,1511.5195493923843,1489.1296260737809,1506.86328125,1491.872802734375,1501.4190673828125,1483.6124267578125,1493.262451171875,1493.984130859375,0.008620674158845723,-0.00048305713065698545,-0.009103731289502709,0.009103731289502709,False,13.46435546875,7.630625514007988,0.025331493001431227
CIPLA,2025-12-05,1510.8261987861356,1513.7983158985019,1499.5321295719932,1506.665283203125,1500.41162109375,1507.0828857421875,1490.323974609375,1495.2822265625,1506.86328125,-0.0001313974859821079,-0.007685537786741394,-0.007554140300759286,0.007554140300759286,True,15.16636848449707,2.9423716210003477,0.025778288996662013
CIPLA,2025-12-08,1501.0181353452854,1506.3679701465699,1480.411529985625,1483.6807861328125,1500.4188232421875,1507.8284912109375,1493.3502197265625,1500.648681640625,1506.665283203125,-0.015255211178323663,-0.003993323287909632,0.01126188789041403,0.01126188789041403,True,12.901796340942383,7.996965410988196,0.025779258998227306
CIPLA,2025-12-09,1483.6807893092111,1488.4362249062563,1472.683980543764,1476.745849609375,1490.9693603515625,1503.7547607421875,1486.7015380859375,1497.5404052734375,1483.6807861328125,-0.004674143244459806,0.009341375361980557,0.014015518606440364,0.014015518606440364,False,13.017971992492676,7.337000744999386,0.06484028299746569
CIPLA,2025-12-10,1478.1328428577897,1491.7054620083907,1470.999810489076,1477.0430908203125,1478.744384765625,1487.6309814453125,1471.8358154296875,1477.9132080078125,1476.745849609375,0.0002012812231814469,0.0007904937730119822,0.0005892125498305353,0.0005892125498305353,True,12.938307762145996,5.376384745002724,0.058455481004784815
CIPLA,2025-12-11,1478.132888822951,1499.3340147666775,1478.132888822951,1498.2442626953125,1445.198486328125,1480.4615478515625,1408.600341796875,1450.455322265625,1477.0430908203125,0.014353793742893042,-0.018000672234905025,-0.032354465977798064,0.032354465977798064,False,11.969520568847656,7.593197013993631,0.06751791699207388
CIPLA,2025-12-12,1505.872563390443,1510.5288314950492,1496.1635998048114,1503.2967529296875,1471.1986083984375,1493.51611328125,1461.8367919921875,1486.697998046875,1498.2442626953125,0.0033722740411404398,-0.007706530193992529,-0.01107880423513297,0.01107880423513297,False,15.020208358764648,4.012097448998247,0.024571669011493213
CIPLA,2025-12-15,1491.0120138881693,1501.4144232873891,1484.0770742886896,1493.984130859375,1504.850341796875,1526.6724853515625,1500.3251953125,1521.342529296875,1503.2967529296875,-0.006194799564466346,0.01200413446780826,0.018198934032274607,0.018198934032274607,False,13.689739227294922,9.831772349993116,0.05923088500276208
CIPLA,2025-12-16,1486.058537909239,1494.875842754651,1482.1947615235242,1485.6622314453125,1502.4658203125,1508.2708740234375,1498.3316650390625,1502.965087890625,1493.984130859375,-0.005570272964864457,0.006011413940577763,0.01158168690544222,0.01158168690544222,False,13.33102798461914,7.014048740995349,0.0570783450093586
CIPLA,2025-12-17,1483.6807502649347,1491.3092562954546,1477.1421171928803,1482.9873046875,1482.53662109375,1487.19580078125,1473.6610107421875,1476.369384765625,1485.6622314453125,-0.0018004945546809942,-0.006255019803961121,-0.004454525249280127,0.004454525249280127,True,13.893390655517578,7.04921927099349,0.02533476300595794
CIPLA,2025-12-18,1480.9068809482199,1496.9562643960346,1479.8170079647844,1484.96875,1482.1385498046875,1490.4251708984375,1474.0069580078125,1478.3870849609375,1482.9873046875,0.0013361175151243366,-0.0031019953522338976,-0.004438112867358234,0.004438112867358234,False,15.01123046875,3.6954568949877284,0.025144644008832984
CIPLA,2025-12-19,1481.600293947184,1505.9716286574605,1481.600293947184,1502.99951171875,1482.683349609375,1489.7479248046875,1473.232177734375,1478.6231689453125,1484.96875,0.012142182600643953,-0.004273208479765988,-0.01641539108040994,0.01641539108040994,False,13.306426048278809,7.954034763999516,0.06747296800313052
CIPLA,2025-12-22,1498.9376694261114,1508.3493732328186,1494.1822338652646,1498.838623046875,1490.845947265625,1513.40625,1486.1507568359375,1497.8238525390625,1502.99951171875,-0.0027683899026133612,-0.003443553467139116,-0.0006751635645257546,0.0006751635645257546,True,15.279451370239258,4.480137161997845,0.024329193009180017
CIPLA,2025-12-23,1506.2689274186662,1507.8540323062139,1484.374356261554,1486.751953125,1495.5859375,1502.944091796875,1485.9664306640625,1492.2064208984375,1498.838623046875,-0.008064023528633743,-0.004424894078960549,0.0036391294496731933,0.0036391294496731933,True,13.648941040039062,6.811103263011319,0.025325782000436448
CIPLA,2025-12-24,1488.5352711236783,1493.9841523158116,1476.3495429924253,1482.3929443359375,1490.2808837890625,1511.94140625,1483.9207763671875,1496.2314453125,1486.751953125,-0.0029319004961791445,0.00637597426226687,0.009307874758446015,0.009307874758446015,False,13.16086483001709,6.790957741002785,0.056615440000314265
CIPLA,2025-12-26,1482.3928892665888,1496.8571673430413,1480.1142179329556,1492.002685546875,1480.7493896484375,1492.845947265625,1477.5384521484375,1485.5181884765625,1482.3929443359375,0.006482586987246046,0.0021082427250927083,-0.004374344262153338,0.004374344262153338,True,15.557474136352539,6.145786485998542,0.06489506199432071
CIPLA,2025-12-29,1492.002725746737,1500.4237238668215,1478.1328464901271,1480.1142578125,1493.097412109375,1511.7562255859375,1489.7613525390625,1505.4425048828125,1492.002685546875,-0.007968100761170846,0.009007905593019292,0.016976006354190137,0.016976006354190137,False,15.4697904586792,4.191055991002941,0.0657503040129086
CIPLA,2025-12-30,1480.114232294284,1484.7705004472828,1462.182484323116,1478.628173828125,1480.37158203125,1501.47216796875,1477.950439453125,1489.36376953125,1480.1142578125,-0.00100403328765397,0.006249187635297897,0.007253220922951867,0.007253220922951867,False,14.104085922241211,4.9074921979918145,0.066605336003704
CIPLA,2025-12-31,1478.6282249121002,1499.5320905377775,1476.2505070969505,1497.2535400390625,1481.8748779296875,1489.0635986328125,1474.0064697265625,1477.2855224609375,1478.628173828125,0.012596382606938277,-0.0009080385393384024,-0.013504421146276679,0.013504421146276679,False,13.727603912353516,7.326071236995631,0.025374032993568107
CIPLA,2026-01-01,1497.947004291777,1497.947004291777,1485.0678303130778,1486.9501953125,1488.0655517578125,1507.6673583984375,1483.63134765625,1494.8167724609375,1497.2535400390625,-0.006881496320451973,-0.0016274916124502375,0.005254004708001736,0.005254004708001736,True,14.264830589294434,6.774069980005152,0.025279492998379283
CIPLA,2026-01-02,1486.9501569374058,1503.6931068647646,1484.671485533373,1497.5506591796875,1472.4832763671875,1500.5635986328125,1466.4970703125,1480.807373046875,1486.9501953125,0.0071289972593599135,-0.0041311553574489525,-0.011260152616808867,0.011260152616808867,False,13.868273735046387,7.673798677991726,0.057722327997907996
CIPLA,2026-01-05,1496.9563020744563,1510.8261817760065,1493.191572066877,1505.674560546875,1500.033935546875,1505.5693359375,1485.6763916015625,1488.3997802734375,1497.5506591796875,0.0054247923550295955,-0.006110563839798629,-0.011535356194828225,0.011535356194828225,False,14.423971176147461,6.3695896370045375,0.059608310999465175
CIPLA,2026-01-06,1505.674503415856,1525.3894492092538,1505.674503415856,1516.572265625,1499.6025390625,1507.60107421875,1494.3035888671875,1499.9989013671875,1505.674560546875,0.007237755995669378,-0.0037695125682578098,-0.011007268563927187,0.011007268563927187,False,13.942880630493164,7.569090721008251,0.04098262600018643
CIPLA,2026-01-07,1501.9097531259156,1501.9097531259156,1441.4767089697937,1454.2568359375,1513.785888671875,1528.5706787109375,1509.050537109375,1519.5574951171875,1516.572265625,-0.041089654017785276,0.0019684057000457188,0.043058059717831,0.043058059717831,False,12.445566177368164,6.396951781993266,0.0642077790107578
CIPLA,2026-01-08,1454.2568578724054,1455.6438699791406,1444.4488476824733,1447.024658203125,1458.6158447265625,1494.4493408203125,1451.4281005859375,1486.4261474609375,1454.2568359375,-0.004973108982989727,0.02212079099679752,0.02709389997978725,0.02709389997978725,False,13.367222785949707,7.120414134988096,0.05502972401154693
CIPLA,2026-01-09,1451.0865648252839,1454.6532020309885,1442.5665201426887,1452.0772705078125,1450.7998046875,1476.388427734375,1450.9876708984375,1463.5838623046875,1447.024658203125,0.0034917250898555477,0.011443622613954112,0.007951897524098564,0.007951897524098564,True,12.846134185791016,6.783016646004398,0.025489021005341783
CIPLA,2026-01-12,1450.3931107419046,1453.8605806104815,1430.7770899682257,1451.5819091796875,1453.4156494140625,1465.2205810546875,1443.3062744140625,1454.9425048828125,1452.0772705078125,-0.0003411397851794519,0.001973196904320378,0.00231433668949983,0.00231433668949983,False,11.70500659942627,5.908406960996217,0.026021336001576856
CIPLA,2026-01-13,1446.4303196247893,1455.7429773766476,1423.2477820957067,1434.839111328125,1454.7086181640625,1468.208984375,1437.212646484375,1454.498046875,1451.5819091796875,-0.011534173680232847,0.0020089377505127883,0.013543111430745635,0.013543111430745635,False,12.569071769714355,8.095043952998822,0.0381424219958717
CIPLA,2026-01-14,1430.3808471268583,1436.3250809490742,1412.4489783479096,1421.167236328125,1436.614501953125,1443.9512939453125,1419.59375,1427.816162109375,1434.839111328125,-0.009528507337205878,-0.004894590036822576,0.004633917300383302,0.004633917300383302,True,13.484033584594727,6.90494182400289,0.025783958000829443
CIPLA,2026-01-15,1421.167236328125,1421.167236328125,1421.167236328125,1421.167236328125,1426.1429443359375,1446.5643310546875,1406.0718994140625,1435.96484375,1421.167236328125,0.0,0.010412291420471832,0.010412291420471832,0.010412291420471832,False,13.623490333557129,4.860711107001407,0.06353914400096983
CIPLA,2026-01-16,1366.1831748239042,1396.3996989951363,1354.492799065322,1384.51123046875,1423.6463623046875,1427.77978515625,1411.6627197265625,1417.4239501953125,1421.167236328125,-0.025792886946988208,-0.0026339518932930388,0.02315893505369517,0.02315893505369517,True,12.645005226135254,9.123792443002458,0.025304542999947444
CIPLA,2026-01-19,1383.5204123421559,1385.1055171630608,1359.1490780304744,1379.3594970703125,1393.0269775390625,1430.4691162109375,1395.6826171875,1413.997802734375,1384.51123046875,-0.0037209762442254025,0.02129745979427109,0.025018436038496492,0.025018436038496492,False,14.233665466308594,8.045106621008017,0.06087132000538986
CIPLA,2026-01-20,1379.3595783734963,1382.9260946646887,1362.6166280519017,1365.5887451171875,1382.320556640625,1390.0233154296875,1369.73828125,1382.6708984375,1379.3594970703125,-0.00998343940239898,0.002400680442060785,0.012384119844459765,0.012384119844459765,False,13.478075981140137,5.591275491999113,0.025380202001542784
CIPLA,2026-01-21,1365.5887418097955,1385.4028555303794,1351.1244629809198,1356.8704833984375,1378.023681640625,1388.671630859375,1374.9749755859375,1385.861572265625,1365.5887451171875,-0.0063842512981474855,0.014845484938950486,0.021229736237097972,0.021229736237097972,False,13.098917007446289,6.5977819910040125,0.06484741199528798
CIPLA,2026-01-22,1368.3626347033285,1371.6320118165202,1353.9974023657774,1357.6630859375,1375.4403076171875,1393.0029296875,1366.587646484375,1382.5916748046875,1356.8704833984375,0.0005841401583718854,0.01895626127987421,0.018372121121502324,0.018372121121502324,True,14.330268859863281,6.080814675005968,0.025360902000102215
CIPLA,2026-01-23,1359.446269966509,1373.01901018666,1290.8894860793428,1302.7779541015625,1363.3115234375,1372.845458984375,1352.0516357421875,1361.4349365234375,1357.6630859375,-0.04042617966447689,0.0027781933713937165,0.04320437303587061,0.04320437303587061,False,15.230659484863281,5.342627891004668,0.06022259499877691
CIPLA,2026-01-27,1287.9173354347154,1311.1989180368043,1269.7873738000662,1300.7965087890625,1338.360595703125,1353.2930908203125,1316.838623046875,1331.7088623046875,1302.7779541015625,-0.0015209386267719493,0.022207090711077224,0.023728029337849173,0.023728029337849173,False,14.746147155761719,5.271917724006926,0.05850310200185049
CIPLA,2026-01-28,1300.7965749371938,1322.2948401014582,1297.9235042402806,1316.053466796875,1305.95654296875,1330.68603515625,1288.5941162109375,1312.6697998046875,1300.7965087890625,0.01172893523677697,0.00912770824291194,-0.00260122699386503,0.00260122699386503,True,12.12808609008789,7.109292398003163,0.04504891799297184
CIPLA,2026-01-29,1312.6850380835526,1315.2608486881131,1294.8523356793985,1308.6231689453125,1322.0123291015625,1332.4234619140625,1310.03857421875,1316.57568359375,1316.053466796875,-0.005645893604647388,0.000396805152716186,0.006042698757363574,0.006042698757363574,False,11.885815620422363,6.367412029998377,0.07058595899434295
CIPLA,2026-01-30,1306.7408074785217,1317.5395237062453,1302.1835854834121,1311.6943359375,1305.166748046875,1313.9793701171875,1285.6649169921875,1296.7501220703125,1308.6231689453125,0.0023468688810260887,-0.009072930356696271,-0.01141979923772236,0.01141979923772236,False,14.084567070007324,0.5185840610065497,0.025399281992577016
CIPLA,2026-02-02,1317.6385546003598,1320.6106716408117,1281.0814908156506,1299.4095458984375,1309.44873046875,1316.6153564453125,1292.72119140625,1300.4847412109375,1311.6943359375,-0.00936558899622164,-0.00854588940383792,0.0008196995923837186,0.0008196995923837186,True,13.406116485595703,3.7413519649999216,0.0430071879964089
CIPLA,2026-02-03,1352.3132235697205,1368.4617741741934,1307.3351624960758,1310.5054931640625,1316.067138671875,1339.320556640625,1297.9268798828125,1322.5982666015625,1299.4095458984375,0.008539222526607685,0.017845582846701236,0.00930636032009355,0.00930636032009355,True,13.899545669555664,4.591625468005077,0.025324892994831316
CIPLA,2026-02-04,1310.505485329356,1322.6910922920579,1303.5705457627657,1314.369140625,1337.55078125,1363.2518310546875,1230.2066650390625,1330.275390625,1310.5054931640625,0.002948211572626967,0.015085703618994676,0.012137492046367708,0.012137492046367708,True,13.774209976196289,7.140131840002141,0.025577780994353816
CIPLA,2026-02-05,1323.4837696187842,1323.4837696187842,1308.7222304926922,1320.907958984375,1310.8433837890625,1331.7315673828125,1305.603759765625,1326.5899658203125,1314.369140625,0.004974872094353725,0.009297863756525306,0.004322991662171581,0.004322991662171581,True,14.955379486083984,6.13181074699969,0.025302722991909832
CIPLA,2026-02-06,1315.6571384515978,1323.2855237866927,1304.2640231713317,1317.6385498046875,1323.13525390625,1336.2174072265625,1301.385986328125,1315.7880859375,1320.907958984375,-0.0024751226286813324,-0.003876025586833157,-0.0014009029581518247,0.0014009029581518247,True,13.778717041015625,4.779016772998148,0.025520209994283505
CIPLA,2026-02-09,1325.5641634296437,1339.4340425686685,1315.657106901769,1330.0223388671875,1313.6640625,1317.27783203125,1267.2412109375,1282.222412109375,1317.6385498046875,0.009398472034941327,-0.026878492360869533,-0.03627696439581086,0.03627696439581086,False,13.257551193237305,6.634327979001682,0.02542044200527016
CIPLA,2026-02-10,1337.1554377818002,1345.3783434837273,1324.5735237391336,1329.6260986328125,1330.244873046875,1338.681396484375,1317.2606201171875,1325.389404296875,1330.0223388671875,-0.0002979199843458926,-0.0034833509445100627,-0.00318543096016417,0.00318543096016417,True,14.758774757385254,5.472223506993032,0.02521797399094794
CIPLA,2026-02-11,1329.6260849241198,1339.8304019250854,1322.5920986987155,1337.3536376953125,1328.927490234375,1334.057861328125,1306.9371337890625,1314.182373046875,1329.6260986328125,0.005811813614704043,-0.011615089085433496,-0.01742690270013754,0.01742690270013754,False,13.637953758239746,6.203310626995517,0.0578285379888257
CIPLA,2026-02-12,1337.353616955081,1337.4526633355852,1309.3165979345601,1317.6385498046875,1328.8314208984375,1335.0833740234375,1314.5179443359375,1323.5888671875,1337.3536376953125,-0.01474186582735169,-0.010292543512674475,0.004449322314677215,0.004449322314677215,True,14.019349098205566,5.48116417399433,0.06066806099261157
CIPLA,2026-02-13,1315.657163854206,1323.681855802009,1303.5706027412925,1319.1246337890625,1316.3154296875,1320.84375,1295.4482421875,1302.814697265625,1317.6385498046875,0.001127838878572034,-0.011250317882138336,-0.01237815676071037,0.01237815676071037,False,14.531196594238281,6.303169441001955,0.06528460899426136
CIPLA,2026-02-16,1318.6292643499887,1345.3783177966075,1315.1617944587604,1343.793212890625,1309.872802734375,1311.6890869140625,1307.0831298828125,1309.9322509765625,1319.1246337890625,0.018700718999314195,-0.00696854760880004,-0.025669266608114236,0.025669266608114236,False,14.39582633972168,8.068011255993042,0.06250605500827078
CIPLA,2026-02-17,1337.4527044536906,1343.396938695707,1327.6446937672124,1331.409423828125,1340.0079345703125,1349.0777587890625,1327.783935546875,1338.357666015625,1343.793212890625,-0.009215546665741309,-0.004044928060998039,0.00517061860474327,0.00517061860474327,True,15.953222274780273,2.6188140629965346,0.02569050899182912
CIPLA,2026-02-18,1338.2452222381214,1340.325679887746,1325.6631880923749,1337.2545166015625,1324.3360595703125,1331.7232666015625,1294.9290771484375,1319.9539794921875,1331.409423828125,0.004390154274731991,-0.00860399823744699,-0.012994152512178982,0.012994152512178982,False,14.141358375549316,3.786862448992906,0.025000016001285985
CIPLA,2026-02-19,1337.2546014296925,1344.3876340910988,1311.3970859266472,1316.548828125,1318.6246337890625,1357.095947265625,1261.48388671875,1352.8621826171875,1337.2545166015625,-0.015483730448847531,0.011671425163916895,0.027155155612764426,0.027155155612764426,False,12.825380325317383,5.129536148000625,0.025550701000611298
CIPLA,2026-02-20,1316.5488149391888,1330.4186945919305,1311.9915929547242,1328.6353759765625,1330.6729736328125,1337.265625,1319.3055419921875,1326.4066162109375,1316.548828125,0.009180478227135637,0.007487597782436027,-0.0016928804446996104,0.0016928804446996104,True,13.530790328979492,5.467660178997903,0.06597694200172555
CIPLA,2026-02-23,1323.4836776333511,1323.4836776333511,1296.6355792002503,1314.1710205078125,1296.406494140625,1330.51025390625,1274.0989990234375,1326.0849609375,1328.6353759765625,-0.010886625277547295,-0.0019195748398524426,0.008967050437694852,0.008967050437694852,True,13.894025802612305,5.389601230999688,0.024594700007583015
CIPLA,2026-02-24,1313.6756950426404,1326.0595156972656,1304.2639913451253,1314.369140625,1316.5294189453125,1331.2943115234375,1306.5526123046875,1322.676025390625,1314.1710205078125,0.00015075672351300506,0.006471764138830316,0.006321007415317311,0.006321007415317311,True,14.2606201171875,6.656422031999682,0.025030296004842967
CIPLA,2026-02-25,1314.36915316106,1336.4619377939252,1314.36915316106,1333.5888671875,1308.9049072265625,1323.4033203125,1279.2200927734375,1314.6810302734375,1314.369140625,0.014622776789601713,0.0002372922787042857,-0.014385484510897427,0.014385484510897427,True,15.103631973266602,7.313488885993138,0.06497923099959735
CIPLA,2026-02-26,1340.2266276325915,1352.2141415952244,1330.8149241265642,1345.477294921875,1331.6229248046875,1346.046142578125,1309.6776123046875,1339.59326171875,1333.5888671875,0.008914612311849413,0.004502433005393254,-0.0044121793064561595,0.0044121793064561595,True,15.476739883422852,2.4745802340039518,0.025256153006921522
CIPLA,2026-02-27,1340.4247470268788,1344.2885232564563,1326.0595150742627,1335.6693115234375,1328.55712890625,1355.203857421875,1293.8956298828125,1347.3343505859375,1345.477294921875,-0.007289594135445444,0.0013802207373334603,0.008669814872778904,0.008669814872778904,False,14.576560974121094,8.187765003996901,0.025005756004247814
CIPLA,2026-03-02,1300.7965061843029,1341.910790271621,1300.7965061843029,1339.0377197265625,1334.8499755859375,1337.6326904296875,1309.5172119140625,1312.743408203125,1335.6693115234375,0.0025218878460889853,-0.01716435581960304,-0.019686243665692025,0.019686243665692025,False,13.273073196411133,9.015167591001955,0.025300383000285365
CIPLA,2026-03-04,1335.669327128013,1336.3628936538983,1298.8151248208962,1300.99462890625,1343.75537109375,1346.9271240234375,1339.328857421875,1342.7589111328125,1339.0377197265625,-0.028410768613808035,0.0027790041695090442,0.03118977278331708,0.03118977278331708,False,13.276602745056152,8.163950207002927,0.050515656999778
CIPLA,2026-03-05,1302.6789063087733,1319.7189954145035,1302.6789063087733,1314.072021484375,1304.056884765625,1318.5137939453125,1285.5386962890625,1310.3570556640625,1300.99462890625,0.010051842096472913,0.007196360807179903,-0.0028554812892930097,0.0028554812892930097,True,13.713207244873047,9.248864262001007,0.024935135996202007
CIPLA,2026-03-06,1313.7747700755817,1320.313403336689,1302.777961281572,1308.9202880859375,1315.690185546875,1333.5579833984375,1289.82177734375,1310.512451171875,1314.072021484375,-0.003920434583652504,-0.0027088091476745024,0.001211625435978002,0.001211625435978002,True,15.076523780822754,3.3757048309926176,0.024686609001946636
CIPLA,2026-03-09,1296.8337673201652,1317.4404943501274,1280.6852159608984,1312.68505859375,1312.85302734375,1319.3575439453125,1247.5799560546875,1284.6488037109375,1308.9202880859375,0.0028762412364451966,-0.01854313405936485,-0.021419375295810048,0.021419375295810048,False,15.24046516418457,6.0219977570086485,0.02577454800484702
CIPLA,2026-03-10,1310.7035479207677,1327.8428036866226,1305.254666958134,1321.10595703125,1305.57080078125,1317.758544921875,1293.0621337890625,1306.6429443359375,1312.68505859375,0.006415018120584932,-0.004602866634503543,-0.011017884755088476,0.011017884755088476,False,14.983830451965332,5.8982191260001855,0.05851547099882737
CIPLA,2026-03-11,1312.6850129608465,1325.663233052781,1312.5859665809805,1317.1431884765625,1325.3172607421875,1332.8701171875,1319.1173095703125,1326.7034912109375,1321.10595703125,-0.0029995841995841994,0.004237006237006237,0.007236590436590437,0.007236590436590437,False,14.517172813415527,6.487822002003668,0.025254893000237644
CIPLA,2026-03-12,1312.7840691290232,1329.229759189136,1306.7407886831431,1311.9915771484375,1316.92724609375,1328.2686767578125,1310.7247314453125,1322.360595703125,1317.1431884765625,-0.003911200675215479,0.003961154164716952,0.00787235483993243,0.00787235483993243,False,14.478785514831543,4.532322104001651,0.0592434939899249
CIPLA,2026-03-13,1311.9915841947477,1315.1617940056205,1288.9080934096514,1302.480712890625,1315.034423828125,1323.535888671875,1306.413330078125,1316.8426513671875,1311.9915771484375,-0.007249180881544981,0.00369748884310189,0.010946669724646871,0.010946669724646871,False,13.986692428588867,6.353436520992545,0.06352873399737291
CIPLA,2026-03-16,1302.480683230643,1315.5580705081386,1279.5954066647132,1287.9173583984375,1295.9520263671875,1306.2559814453125,1279.4302978515625,1293.3509521484375,1302.480712890625,-0.011181243874135162,-0.0070095170330204855,0.004171726841114677,0.004171726841114677,True,14.91474723815918,9.338711859003524,0.02518503399915062
CIPLA,2026-03-17,1287.917343763763,1290.493154264141,1263.7441017398166,1269.985595703125,1285.3189697265625,1295.1434326171875,1259.4510498046875,1275.00146484375,1287.9173583984375,-0.013923069347874281,-0.010028511123375794,0.003894558224498487,0.003894558224498487,True,13.306852340698242,6.714457687994582,0.025169464002829045
CIPLA,2026-03-18,1270.0846089207848,1277.5149010946584,1252.8463068902493,1256.7100830078125,1265.80078125,1285.704833984375,1259.2025146484375,1279.1519775390625,1269.985595703125,-0.010453278163334237,0.00721770535583323,0.017670983519167467,0.017670983519167467,False,12.163423538208008,8.330323657995905,0.05928858400147874
CIPLA,2026-03-19,1242.245818425375,1251.7565683228315,1223.917764199833,1227.682373046875,1267.5841064453125,1283.3328857421875,1240.9580078125,1270.3126220703125,1256.7100830078125,-0.023098175429182934,0.010823927687397601,0.03392210311658053,0.03392210311658053,False,12.774702072143555,7.193079413991654,0.05500771499646362
CIPLA,2026-03-20,1238.3821156308195,1252.2519953258845,1236.4007042458102,1244.72265625,1225.3233642578125,1235.1419677734375,1213.48095703125,1219.8463134765625,1227.682373046875,0.013880042246460089,-0.006382806939603511,-0.0202628491860636,0.0202628491860636,False,12.892007827758789,6.409640874000615,0.046525104000465944
CIPLA,2026-03-23,1240.3634761803044,1241.0569217623358,1206.4813912595828,1210.4442138671875,1229.6566162109375,1243.80224609375,1194.3775634765625,1208.7232666015625,1244.72265625,-0.02753902020718722,-0.0289216151627653,-0.0013825949555780793,0.0013825949555780793,True,13.072554588317871,5.424527524999576,0.06665120500838384
CIPLA,2026-03-24,1223.521512714823,1228.475041106381,1205.2925040467394,1208.0665283203125,1221.3624267578125,1250.32275390625,1205.6317138671875,1232.177978515625,1210.4442138671875,-0.0019643082429041912,0.017955197273405426,0.019919505516309617,0.019919505516309617,False,13.683921813964844,7.327096288005123,0.025344342007883824
CIPLA,2026-03-25,1211.3357217776274,1241.2551042749446,1207.670159331968,1232.8341064453125,1228.7930908203125,1239.4486083984375,1205.4097900390625,1218.1380615234375,1208.0665283203125,0.02050183292424853,0.008336902783928955,-0.012164930140319575,0.012164930140319575,True,16.190784454345703,6.00377725600265,0.05685933800123166
CIPLA,2026-03-27,1215.1004646591573,1237.5894342610206,1215.1004646591573,1230.753662109375,1245.7598876953125,1263.6326904296875,1237.1552734375,1252.39013671875,1232.8341064453125,-0.0016875298347610946,0.015862661627543958,0.01755019146230505,0.01755019146230505,False,14.094438552856445,5.786024736997206,0.057576239996706136
CIPLA,2026-03-30,1219.7567167164232,1223.521446464458,1203.7073339711064,1212.82177734375,1239.7532958984375,1253.5040283203125,1227.528076171875,1235.2547607421875,1230.753662109375,-0.014569840673796365,0.003657188900903303,0.01822702957469967,0.01822702957469967,False,14.140371322631836,6.118437733006431,0.06571563400211744
CIPLA,2026-04-01,1243.335591890955,1245.317003192773,1182.902547185498,1184.784912109375,1219.105224609375,1226.2030029296875,1192.0496826171875,1197.2291259765625,1212.82177734375,-0.023117052940605728,-0.012856506750181873,0.010260546190423854,0.010260546190423854,True,14.626445770263672,5.477815185004147,0.025362802000017837
CIPLA,2026-04-02,1178.939787007579,1185.4784204626549,1154.8655900414417,1181.3175048828125,1196.2550048828125,1205.0147705078125,1170.0223388671875,1174.159423828125,1184.784912109375,-0.0029266132536995048,-0.008968284599719054,-0.006041671346019549,0.006041671346019549,True,15.332218170166016,6.022525962005602,0.03523174898873549
CIPLA,2026-04-06,1179.2369479347979,1194.7909777954828,1159.1255754732294,1189.7384033203125,1188.213134765625,1210.7867431640625,1166.763427734375,1192.2698974609375,1181.3175048828125,0.007128395543698778,0.009271336903800036,0.0021429413601012585,0.0021429413601012585,True,15.370939254760742,4.4649203949957155,0.026524382003117353
CIPLA,2026-04-07,1183.8932413718048,1199.15013243521,1174.382491402327,1191.2244873046875,1186.1182861328125,1199.792724609375,1165.481689453125,1183.4976806640625,1189.7384033203125,0.0012490846561123425,-0.005245457857654625,-0.006494542513766967,0.006494542513766967,False,15.901134490966797,3.5844859040080337,0.05063503599376418
CIPLA,2026-04-08,1208.6608679169929,1211.6329848053135,1193.3049306606706,1204.5989990234375,1197.0120849609375,1228.85791015625,1173.00634765625,1221.0574951171875,1191.2244873046875,0.011227532561063876,0.02504398468167941,0.013816452120615533,0.013816452120615533,True,13.129854202270508,7.317219460994238,0.05953116199816577
CIPLA,2026-04-09,1203.9054550087053,1219.7567453758286,1201.82499733517,1213.02001953125,1219.7965087890625,1234.890869140625,1205.37158203125,1220.547607421875,1204.5989990234375,0.006990725141428292,0.013239765607780646,0.006249040466352353,0.006249040466352353,True,13.0289306640625,7.219191269003204,0.026552980998530984
CIPLA,2026-04-10,1214.010762740837,1227.4843357826162,1209.4535408064378,1218.0726318359375,1222.3846435546875,1237.641845703125,1211.0146484375,1224.1015625,1213.02001953125,0.004165316502063991,0.009135498829633715,0.004970182327569724,0.004970182327569724,True,14.286155700683594,5.898573252998176,0.026132775004953146
CIPLA,2026-04-13,1210.9396041355187,1210.9396041355187,1192.017028850519,1199.8436279296875,1218.6922607421875,1229.057861328125,1201.910400390625,1217.0152587890625,1218.0726318359375,-0.014965449046149548,-0.0008680706053474632,0.014097378440802085,0.014097378440802085,True,13.863147735595703,4.346986520002247,0.025864787996397354
CIPLA,2026-04-15,1208.6608856872708,1217.2799764158235,1204.7971094884979,1215.5958251953125,1211.6461181640625,1202.4222412109375,1206.831298828125,1188.2265625,1199.8436279296875,0.013128541835743366,-0.009682149539546728,-0.02281069137529009,0.02281069137529009,False,15.281537055969238,4.70009481300076,0.025963356005377136
CIPLA,2026-04-16,1219.558707338385,1224.016882954163,1211.4349690350464,1219.0633544921875,1209.77099609375,1240.2989501953125,1206.9107666015625,1229.3292236328125,1215.5958251953125,0.002852534720015071,0.011297668314460873,0.008445133594445802,0.008445133594445802,True,14.458338737487793,9.265279047991498,0.06608295100159012
CIPLA,2026-04-17,1219.0633829511223,1232.9332629684452,1213.020102273583,1229.2677001953125,1215.4119873046875,1235.0758056640625,1213.693115234375,1227.69921875,1219.0633544921875,0.008370644286470014,0.007084015958637237,-0.0012866283278327771,0.0012866283278327771,True,13.453451156616211,8.158257319999393,0.025918567000189796
CIPLA,2026-04-20,1233.4285698542026,1234.4192755328004,1214.6051619608454,1218.0726318359375,1232.1737060546875,1231.3992919921875,1221.4794921875,1218.937744140625,1229.2677001953125,-0.009107103650080668,-0.008403341316985896,0.0007037623330947724,0.0007037623330947724,True,14.07191276550293,10.972533740990912,0.0260714259929955
CIPLA,2026-04-21,1217.1809016257946,1224.9084538429552,1211.9302343965785,1221.044677734375,1224.7305908203125,1230.818359375,1213.550537109375,1219.03857421875,1218.0726318359375,0.0024399578652037276,0.0007930088547811679,-0.0016469490104225597,0.0016469490104225597,True,13.627732276916504,9.295252376992721,0.04129180300515145
CIPLA,2026-04-22,1214.6051316331236,1229.2676236845602,1210.642309017681,1224.8094482421875,1221.63037109375,1236.768310546875,1211.129638671875,1220.561767578125,1221.044677734375,0.003083237310200606,-0.00039548934208208543,-0.0034787266522826915,0.0034787266522826915,False,13.714278221130371,6.5039595709968125,0.026109395010280423
CIPLA,2026-04-23,1222.6298569590485,1296.2393374451415,1216.1902700313683,1293.7625732421875,1224.5701904296875,1231.5570068359375,1217.28564453125,1224.28076171875,1224.8094482421875,0.05629702244619325,-0.00043164797936222344,-0.056728670425555475,0.056728670425555475,False,15.857460975646973,3.6143014749977738,0.03829913200752344
CIPLA,2026-04-24,1282.9638671875,1291.7811720062869,1242.4439803223813,1282.9638671875,1283.0140380859375,1303.228515625,1274.886962890625,1293.4114990234375,1293.7625732421875,-0.008346744818584285,-0.00027135907778674025,0.008075385740797546,0.008075385740797546,True,15.017438888549805,6.037670969002647,0.025735179006005637
CIPLA,2026-04-27,1291.087639520107,1308.4249895340358,1286.9267238910666,1304.95751953125,1265.2181396484375,1278.257080078125,1254.7520751953125,1272.76416015625,1282.9638671875,0.017142846268900974,-0.007950112463891669,-0.025092958732792645,0.025092958732792645,False,14.338994979858398,5.404226933998871,0.02600085698941257
CIPLA,2026-04-28,1303.7686372823384,1313.6756937966418,1284.2517843234598,1294.35693359375,1301.3341064453125,1316.6160888671875,1285.6397705078125,1293.57568359375,1304.95751953125,-0.008123318789187716,-0.008721997281251299,-0.0005986784920635826,0.0005986784920635826,True,14.42066764831543,9.820233998994809,0.06243413499032613
CIPLA,2026-04-29,1299.8058322298427,1309.7128888779362,1295.6449168119436,1305.353759765625,1295.8192138671875,1309.5323486328125,1288.103271484375,1302.1873779296875,1294.35693359375,0.00849597656292734,0.006049679290701109,-0.002446297272226232,0.002446297272226232,True,13.248847961425781,9.766008395992685,0.025951727002393454
CIPLA,2026-04-30,1305.6510058903045,1317.4404273627322,1292.8708787636522,1297.4281005859375,1294.52099609375,1304.6827392578125,1285.693359375,1296.740478515625,1305.353759765625,-0.0060716561471509025,-0.006598426813851983,-0.0005267706667010808,0.0005267706667010808,True,11.947362899780273,7.800966737995623,0.026659350012778305
CIPLA,2026-05-01,1297.4281005859375,1297.4281005859375,1297.4281005859375,1297.4281005859375,1293.57568359375,1309.94482421875,1286.219482421875,1301.806640625,1297.4281005859375,0.0,0.003374784342257646,0.003374784342257646,0.003374784342257646,False,13.48314094543457,7.285295481007779,0.05461081898829434
CIPLA,2026-05-04,1307.7314562851122,1324.9697587596565,1301.3909159462773,1322.592041015625,1289.213134765625,1302.3897705078125,1286.4136962890625,1295.7550048828125,1297.4281005859375,0.01939524850611999,-0.001289547915887906,-0.020684796422007896,0.020684796422007896,False,12.73163890838623,7.132667288999073,0.02657206100411713
CIPLA,2026-05-05,1326.5548654682048,1326.9511719153898,1304.1649419633593,1321.3040771484375,1312.903564453125,1329.4659423828125,1300.8580322265625,1314.7327880859375,1322.592041015625,-0.0009738179478219649,-0.005942310770033321,-0.004968492822211356,0.004968492822211356,True,15.209306716918945,6.588854055007687,0.025413472001673654
CIPLA,2026-05-06,1327.5456289676317,1359.2482111519334,1320.709735496991,1351.7188720703125,1317.37841796875,1329.246826171875,1305.9915771484375,1315.7232666015625,1321.3040771484375,0.023018770204292764,-0.004223714013597221,-0.027242484217889985,0.027242484217889985,False,14.252450942993164,7.228249384002993,0.06522045900055673
CIPLA,2026-05-07,1357.2668132740955,1366.6785174537333,1347.4588026260587,1349.638427734375,1337.28759765625,1369.301025390625,1331.8968505859375,1348.821533203125,1351.7188720703125,-0.0015391102239706552,-0.002143447818221176,-0.0006043375942505207,0.0006043375942505207,True,13.584295272827148,6.84733816300286,0.06523797899717465
CIPLA,2026-05-08,1342.4062364970478,1353.997444924971,1328.8336166499407,1334.4805908203125,1339.585205078125,1353.8023681640625,1329.5146484375,1343.2862548828125,1349.638427734375,-0.011231035366640985,-0.004706573791193713,0.006524461575447272,0.006524461575447272,True,13.778024673461914,6.961199176002992,0.05369055700430181
CIPLA,2026-05-11,1334.4805350288657,1337.4526520333843,1288.0164150044075,1292.7718505859375,1329.1475830078125,1341.002197265625,1319.1630859375,1331.0950927734375,1334.4805908203125,-0.031254662316771806,-0.0025369406420470424,0.028717721674724764,0.028717721674724764,True,13.270673751831055,7.386346193001373,0.026036405994091183
CIPLA,2026-05-12,1292.474547178215,1296.8336761591768,1277.0195634600298,1280.2889404296875,1295.182861328125,1312.897705078125,1282.2791748046875,1301.2935791015625,1292.7718505859375,-0.009655926643662787,0.0065918270975366625,0.01624775374119945,0.01624775374119945,False,14.544245719909668,4.3616707129986025,0.026279924000846222
CIPLA,2026-05-13,1267.2116377667153,1343.991329582386,1262.852508495836,1315.2608642578125,1280.28125,1287.58984375,1268.1483154296875,1279.4761962890625,1280.2889404296875,0.027315649400507833,-0.0006348130605207202,-0.027950462461028554,0.027950462461028554,False,13.161975860595703,6.127813764003804,0.025824148004176095
CIPLA,2026-05-14,1349.5392286146077,1428.5975902349185,1349.5392286146077,1423.3468017578125,1311.8623046875,1345.6385498046875,1266.8177490234375,1332.337890625,1315.2608642578125,0.08217832708113894,0.012983756174349399,-0.06919457090678954,0.06919457090678954,True,11.98245620727539,7.706714151005144,0.026043935999041423
CIPLA,2026-05-15,1423.3467726277952,1431.0743251461865,1411.9536575435577,1418.78955078125,1389.3079833984375,1405.3013916015625,1366.08984375,1382.4842529296875,1423.3468017578125,-0.0032017853772069896,-0.02870877903941636,-0.02550699366220937,0.02550699366220937,True,14.13262939453125,5.171437405995675,0.06207684800028801
CIPLA,2026-05-18,1408.7834206221974,1428.696579806712,1398.6782714646072,1412.9443359375,1421.9417724609375,1441.05029296875,1411.26318359375,1430.7269287109375,1418.78955078125,-0.004119860370081919,0.00841377632300311,0.012533636693085028,0.012533636693085028,False,13.017314910888672,6.9963137169979746,0.025864417999400757
CIPLA,2026-05-19,1406.8020488554848,1413.340682078508,1395.6070264304333,1396.6968994140625,1418.4737548828125,1465.926513671875,1420.082275390625,1463.4615478515625,1412.9443359375,-0.011498992642662879,0.03575315079949269,0.04725214344215557,0.04725214344215557,False,13.583484649658203,5.366358459999901,0.025982006001868285
CIPLA,2026-05-20,1379.3595214230581,1408.8824771578481,1379.3595214230581,1386.4925537109375,1384.7833251953125,1398.906005859375,1375.26806640625,1386.9276123046875,1396.6968994140625,-0.0073060559577427945,-0.00699456490056889,0.0003114910571739042,0.0003114910571739042,True,13.646455764770508,5.141493485993124,0.05730691300414037
CIPLA,2026-05-21,1393.4275834144944,1402.7402412910137,1384.709324777805,1388.870361328125,1385.1611328125,1420.677490234375,1385.16845703125,1412.961669921875,1386.4925537109375,0.0017149804453138351,0.019090702030885847,0.01737572158557201,0.01737572158557201,True,14.759207725524902,3.863419460991281,0.026509531991905533
CIPLA,2026-05-22,1395.9042763521215,1396.498675561573,1379.062280115084,1386.1953125,1387.673583984375,1401.849609375,1375.072265625,1386.5201416015625,1388.870361328125,-0.0019260608496007867,-0.0016921807765521559,0.00023388007304863084,0.00023388007304863084,True,11.831917762756348,8.711158639998757,0.06601384100213181
CIPLA,2026-05-25,1392.9321899814283,1406.802069540276,1385.501897360617,1400.7587890625,1385.2646484375,1401.13330078125,1378.6754150390625,1391.349365234375,1386.1953125,0.010506078350701392,0.003718128814820242,-0.00678794953588115,0.00678794953588115,True,12.3321533203125,8.704012086003786,0.025704038998810574
CIPLA,2026-05-26,1400.7588010813718,1409.3778922211661,1396.4987182345865,1404.3253173828125,1399.7567138671875,1414.908203125,1379.335693359375,1383.8172607421875,1400.7587890625,0.0025461402406759173,-0.012094536513064557,-0.014640676753740475,0.014640676753740475,False,14.096588134765625,7.527822546995594,0.026490622010896914
CIPLA,2026-05-27,1404.4242775666798,1418.6904628325926,1402.8391727450776,1405.0186767578125,1398.72216796875,1421.310791015625,1391.1534423828125,1409.2967529296875,1404.3253173828125,0.0004937313074239717,0.0035400882440402587,0.003046356936616287,0.003046356936616287,True,13.80247688293457,7.976061556997593,0.0605608620098792
CIPLA,2026-05-28,1405.0186767578125,1405.0186767578125,1405.0186767578125,1405.0186767578125,1404.280029296875,1420.1385498046875,1398.7327880859375,1407.360595703125,1405.0186767578125,0.0,0.0016668240672192743,0.0016668240672192743,0.0016668240672192743,False,13.210617065429688,5.525720325997099,0.061382234998745844
CIPLA,2026-05-29,1397.8856943526666,1415.9164890947511,1369.8486756380544,1387.9786376953125,1408.71728515625,1427.1932373046875,1394.0474853515625,1396.982177734375,1405.0186767578125,-0.012127980463449203,-0.005719852096188738,0.006408128367260465,0.006408128367260465,True,13.672710418701172,6.303404559002956,0.05108628199377563
CIPLA,2026-06-01,1396.8950276126673,1400.4615439215488,1373.1180909724517,1377.378173828125,1391.74609375,1413.34716796875,1379.582275390625,1384.28515625,1387.9786376953125,-0.007637339350401805,-0.002661050642281779,0.004976288708120026,0.004976288708120026,True,13.639388084411621,6.737324683999759,0.02529523300472647
CIPLA,2026-06-02,1367.173792257983,1372.028274113295,1345.576360788594,1366.4803466796875,1377.02001953125,1407.0274658203125,1357.2335205078125,1357.4459228515625,1377.378173828125,-0.00791200801312928,-0.014471153496766335,-0.006559145483637055,0.006559145483637055,True,13.111879348754883,6.87073341399082,0.04775095300283283
CIPLA,2026-06-03,1362.2202422090963,1372.028252140151,1352.6104459656287,1362.4183349609375,1368.593505859375,1392.26416015625,1365.84423828125,1386.2049560546875,1366.4803466796875,-0.002972608957472378,0.014434608900835942,0.01740721785830832,0.01740721785830832,False,13.768743515014648,8.827383901007124,0.025719379002111964
CIPLA,2026-06-04,1352.31321897514,1391.8423987938709,1341.4154567709447,1385.699951171875,1370.7144775390625,1385.568115234375,1358.2598876953125,1362.035888671875,1362.4183349609375,0.017088448983333022,-0.00028071134925930464,-0.017369160332592327,0.017369160332592327,False,12.955755233764648,5.880820069010952,0.025979557001846842
CIPLA,2026-06-05,1394.0,1406.0999755859375,1382.0,1401.300048828125,1363.358642578125,1375.5911865234375,1345.8992919921875,1359.8323974609375,1385.699951171875,0.011257918890057783,-0.01866749990794293,-0.029925418798000713,0.029925418798000713,False,13.958894729614258,7.3562873440096155,0.05770617999951355
CIPLA,2026-06-08,1397.0,1405.0,1383.0,1387.9000244140625,1398.0928955078125,1406.0933837890625,1387.0244140625,1395.4853515625,1401.300048828125,-0.00956256615081733,-0.004149501936068366,0.005413064214748965,0.005413064214748965,True,13.384920120239258,7.579361854004674,0.0390502939990256
CIPLA,2026-06-09,1383.0999755859375,1398.800048828125,1373.5999755859375,1376.5,1393.42626953125,1403.3787841796875,1381.0892333984375,1390.6700439453125,1387.9000244140625,-0.008213865706123402,0.001995835061981092,0.010209700768104494,0.010209700768104494,False,14.20014476776123,7.334847505000653,0.025946227004169486
CIPLA,2026-06-10,1374.0,1391.4000244140625,1371.0999755859375,1377.0,1379.3568115234375,1388.31396484375,1371.5826416015625,1379.1361083984375,1376.5,0.0003632401017072285,0.0019150805655194334,0.0015518404638122049,0.0015518404638122049,True,15.05215072631836,5.174718624999514,0.06346869500703178
CIPLA,2026-06-11,1376.0999755859375,1391.0,1373.9000244140625,1383.300048828125,1384.0980224609375,1411.3153076171875,1383.0303955078125,1400.5029296875,1377.0,0.004575198858478576,0.017068213280682643,0.012493014422204067,0.012493014422204067,True,15.151077270507812,5.861684488001629,0.0265884010004811
CIPLA,2026-06-12,1393.9000244140625,1396.0999755859375,1382.199951171875,1389.4000244140625,1374.714599609375,1382.3790283203125,1357.82080078125,1366.8114013671875,1383.300048828125,0.004409727008327043,-0.011919790991770733,-0.016329518000097777,0.016329518000097777,False,15.057906150817871,7.502193245993112,0.06225587699736934
CIPLA,2026-06-15,1396.699951171875,1397.9000244140625,1374.5,1381.300048828125,1387.058349609375,1400.1522216796875,1383.1104736328125,1393.567138671875,1389.4000244140625,-0.005829836939403697,0.0029992185004961798,0.008829055439899876,0.008829055439899876,False,13.629409790039062,6.7562641560070915,0.026520732004428282
CIPLA,2026-06-16,1382.5999755859375,1392.300048828125,1366.0,1373.199951171875,1379.7366943359375,1390.908447265625,1371.2320556640625,1381.337158203125,1381.300048828125,-0.005864111612188826,2.6865542379067502e-05,0.005890977154567894,0.005890977154567894,False,15.19227409362793,6.725121818002663,0.06632597900170367
CIPLA,2026-06-17,1380.0,1381.699951171875,1341.0999755859375,1350.800048828125,1364.5150146484375,1375.0123291015625,1350.8726806640625,1361.6329345703125,1373.199951171875,-0.016312192790739723,-0.00842340300965735,0.007888789781082373,0.007888789781082373,True,14.505498886108398,7.727265909008565,0.06508250000479165
CIPLA,2026-06-18,1353.199951171875,1365.0,1348.699951171875,1355.5,1351.9156494140625,1369.140625,1340.05224609375,1349.75830078125,1350.800048828125,0.00347938332986618,-0.0007712081797589211,-0.0042505915096251005,0.0042505915096251005,False,13.359484672546387,6.409069449000526,0.026354834000812843
CIPLA,2026-06-19,1355.0,1362.300048828125,1346.5999755859375,1351.800048828125,1358.1112060546875,1365.9827880859375,1344.30224609375,1353.06103515625,1355.5,-0.0027295840441718924,-0.0017993101023607524,0.00093027394181114,0.00093027394181114,True,15.338619232177734,7.38050899800146,0.060748360003344715
CIPLA,2026-06-22,1372.0,1418.199951171875,1370.5999755859375,1415.699951171875,1351.5308837890625,1380.023193359375,1348.03125,1373.224365234375,1351.800048828125,0.04727023230924189,0.015848731789011795,-0.0314215005202301,0.0314215005202301,True,13.733650207519531,7.716187761994661,0.02543352199427318
CIPLA,2026-06-23,1422.800048828125,1461.0,1418.800048828125,1433.0999755859375,1408.2200927734375,1422.6697998046875,1398.46875,1409.688232421875,1415.699951171875,0.012290757232603752,-0.004246463909971654,-0.016537221142575408,0.016537221142575408,False,12.139608383178711,6.66034268499061,0.025943246990209445
CIPLA,2026-06-24,1445.699951171875,1451.9000244140625,1425.699951171875,1437.9000244140625,1451.6390380859375,1464.074951171875,1446.5440673828125,1453.3133544921875,1433.0999755859375,0.0033494165863497774,0.01410465372311904,0.010755237136769263,0.010755237136769263,True,13.388163566589355,6.126059550995706,0.06560062499193009
CIPLA,2026-06-25,1448.0,1453.0,1431.0,1440.0999755859375,1453.906005859375,1454.0445556640625,1413.25341796875,1417.9862060546875,1437.9000244140625,0.0015299750570429748,-0.013849237096640142,-0.015379212153683118,0.015379212153683118,False,15.739484786987305,5.444815363996895,0.025615880003897473
CIPLA,2026-06-26,1440.0999755859375,1440.0999755859375,1440.0999755859375,1440.0999755859375,1439.1658935546875,1448.6837158203125,1432.300048828125,1439.2149658203125,1440.0999755859375,0.0,-0.0006145474485303797,-0.0006145474485303797,0.0006145474485303797,False,12.982292175292969,6.542585009010509,0.06584146300156135
CIPLA,2026-06-29,1443.699951171875,1490.0999755859375,1441.5,1454.0999755859375,1436.6907958984375,1452.3748779296875,1432.0054931640625,1443.23828125,1440.0999755859375,0.009721547279593405,0.0021792276350713837,-0.007542319644522021,0.007542319644522021,True,12.703084945678711,7.200659112990252,0.026476222003111616
CIPLA,2026-06-30,1455.699951171875,1480.800048828125,1448.699951171875,1465.4000244140625,1452.0369873046875,1465.7142333984375,1442.9534912109375,1453.224609375,1454.0999755859375,0.0077711636186305446,-0.0006019986422080548,-0.008373162260838599,0.008373162260838599,False,14.293283462524414,3.3375701979966834,0.05822852499841247
CIPLA,2026-07-01,1468.0,1472.0999755859375,1446.0,1456.699951171875,1457.5897216796875,1469.2330322265625,1448.642578125,1456.0963134765625,1465.4000244140625,-0.005936995425986981,-0.006348922330078486,-0.00041192690409150474,0.00041192690409150474,True,14.642753601074219,6.2924828120012535,0.026401453011203557
CIPLA,2026-07-02,1465.4000244140625,1468.199951171875,1452.699951171875,1456.0,1463.082763671875,1474.7171630859375,1451.082763671875,1459.6759033203125,1456.699951171875,-0.0004805046992085834,0.00204294106417964,0.0025234457633882233,0.0025234457633882233,False,12.620399475097656,8.00662319100229,0.026135936001082882
CIPLA,2026-07-03,1452.0,1471.0,1452.0,1458.199951171875,1452.950927734375,1467.1619873046875,1431.7877197265625,1429.0377197265625,1456.0,0.0015109554751888737,-0.01851804963834993,-0.020029005113538802,0.020029005113538802,False,14.198116302490234,5.27751508099027,0.06296814000234008
CIPLA,2026-07-06,1458.199951171875,1474.699951171875,1453.4000244140625,1472.300048828125,1455.23291015625,1464.7379150390625,1450.5235595703125,1455.9205322265625,1458.199951171875,0.009669522787268322,-0.001563173104950838,-0.011232695892219159,0.011232695892219159,False,12.944049835205078,6.279827300997567,0.026894808004726656
CIPLA,2026-07-07,1472.300048828125,1482.0,1449.199951171875,1451.800048828125,1465.341552734375,1472.4888916015625,1459.8787841796875,1462.70458984375,1472.300048828125,-0.013923792243515134,-0.006517325725834548,0.007406466517680586,0.007406466517680586,True,13.182676315307617,4.915845869996701,0.025673520009149797
CIPLA,2026-07-08,1453.300048828125,1471.9000244140625,1428.9000244140625,1431.800048828125,1448.152099609375,1470.4395751953125,1442.34912109375,1450.7784423828125,1451.800048828125,-0.013776001740834595,-0.0007036826084536421,0.013072319132380952,0.013072319132380952,True,14.533161163330078,4.7623591590090655,0.025349731993628666
CIPLA,2026-07-09,1430.0,1454.800048828125,1426.4000244140625,1441.300048828125,1432.937744140625,1442.1207275390625,1428.1170654296875,1430.586181640625,1431.800048828125,0.006635004662679958,-0.0008477909946249165,-0.007482795657304874,0.007482795657304874,False,14.113733291625977,4.860301170003368,0.026377182992291637
CIPLA,2026-07-10,1441.300048828125,1454.5,1435.0,1439.4000244140625,1441.4205322265625,1458.9228515625,1435.03125,1446.700439453125,1441.300048828125,-0.0013182712479662712,0.0037468885326069927,0.005065159780573264,0.005065159780573264,False,13.593265533447266,7.165422153004329,0.06427213799906895
CIPLA,2026-07-13,1439.4000244140625,1443.0,1420.0,1426.699951171875,1442.0501708984375,1462.9178466796875,1423.442138671875,1427.68798828125,1439.4000244140625,-0.008823171478934307,-0.008136748599528561,0.0006864228794057452,0.0006864228794057452,True,13.917207717895508,5.870795103008277,0.025984687003074214
CIPLA,2026-07-14,1426.699951171875,1454.5,1425.300048828125,1438.0999755859375,1419.8065185546875,1448.974609375,1395.7513427734375,1417.261962890625,1426.699951171875,0.007990484898172633,-0.006615258010976831,-0.014605742909149464,0.014605742909149464,False,12.929201126098633,8.837648964996333,0.026581780999549665
CIPLA,2026-07-15,1447.0,1453.0,1433.0,1438.0,1442.0455322265625,1458.8226318359375,1435.904541015625,1446.7838134765625,1438.0999755859375,-6.95192181592007e-05,0.006038410429071087,0.006107929647230287,0.006107929647230287,False,12.763622283935547,7.087313404001179,0.025322892994154245
CIPLA,2026-07-16,1439.9000244140625,1444.0,1426.5999755859375,1429.5,1438.81494140625,1449.494384765625,1430.9078369140625,1436.3094482421875,1438.0,-0.005910987482614743,-0.001175627091663769,0.004735360390950974,0.004735360390950974,True,13.032004356384277,6.624812827998539,0.02593832700222265
CIPLA,2026-07-17,1429.5,1434.0,1404.0,1418.699951171875,1432.494384765625,1448.4481201171875,1426.989990234375,1437.6209716796875,1429.5,-0.007555123349510319,0.005680987533884225,0.013236110883394544,0.013236110883394544,False,13.636509895324707,6.397649075996014,0.0261506249953527
CIPLA,2026-07-20,1425.699951171875,1466.5999755859375,1419.5,1441.5999755859375,1425.4027099609375,1438.6529541015625,1416.7119140625,1419.36572265625,1418.699951171875,0.016141555792080358,0.00046928279924522394,-0.015672272992835135,0.015672272992835135,True,13.3484468460083,8.109696434999933,0.025908966999850236
CIPLA,2026-07-21,1442.0999755859375,1443.9000244140625,1414.0,1432.5,1446.623046875,1461.350341796875,1440.6068115234375,1447.788330078125,1441.5999755859375,-0.006312413804140653,0.004292698804793089,0.010605112608933742,0.010605112608933742,False,15.003938674926758,7.408391046003089,0.06437819699931424
CIPLA,2026-07-22,1423.0,1423.0,1395.699951171875,1415.0999755859375,1423.417724609375,1458.2706298828125,1418.1553955078125,1421.3052978515625,1432.5,-0.01214661390161431,-0.00781480080170157,0.00433181309991274,0.00433181309991274,True,15.338544845581055,6.904740125013632,0.02611662600247655
CIPLA,2026-07-23,1409.0999755859375,1426.9000244140625,1366.0999755859375,1393.0,1409.147705078125,1417.8837890625,1399.5516357421875,1407.140380859375,1415.0999755859375,-0.01561725388115194,-0.005624757871447735,0.009992496009704206,0.009992496009704206,True,15.150674819946289,5.884944060002454,0.02620009500242304
CIPLA,2026-07-24,1390.0999755859375,1444.800048828125,1390.0999755859375,1410.5999755859375,1377.5126953125,1397.020751953125,1337.2269287109375,1378.211669921875,1393.0,0.01263458405307789,-0.010616173781855706,-0.0232507578349336,0.0232507578349336,False,13.937864303588867,5.879472251996049,0.06519474899687339
CIPLA,2026-07-27,1412.5999755859375,1418.0999755859375,1392.800048828125,1409.4000244140625,1417.8568115234375,1439.57373046875,1409.2384033203125,1429.5994873046875,1410.5999755859375,-0.0008506672285858804,0.013469099707631818,0.014319766936217698,0.014319766936217698,False,13.796253204345703,5.178299339997466,0.026336184004321694
CIPLA,2026-07-28,1426.699951171875,1447.800048828125,1426.699951171875,1444.5999755859375,1405.38134765625,1416.7772216796875,1392.9554443359375,1404.5003662109375,1409.4000244140625,0.024975131660373615,-0.0034764141608142523,-0.028451545821187866,0.028451545821187866,False,13.342095375061035,7.258199164003599,0.061307344993110746
CIPLA,2026-07-29,1451.0,1491.199951171875,1442.0,1474.300048828125,1433.028076171875,1461.351806640625,1423.5552978515625,1431.3670654296875,1444.5999755859375,0.020559375428579107,-0.009160259158167755,-0.02971963458674686,0.02971963458674686,False,14.180405616760254,6.56994186200609,0.026034455993794836
CIPLA,2026-07-30,1478.800048828125,1483.800048828125,1464.0999755859375,1466.4000244140625,1472.45703125,1487.3128662109375,1461.29638671875,1468.505859375,1474.300048828125,-0.005358491590868482,-0.0039301290519054245,0.0014283625389630572,0.0014283625389630572,True,14.330917358398438,8.11744955299946,0.026597550997394137
CIPLA,2026-07-31,1473.4000244140625,1478.800048828125,1462.300048828125,1473.199951171875,1474.5506591796875,1492.8529052734375,1464.541015625,1476.604736328125,1466.4000244140625,0.00463715674072604,0.006959023284345656,0.002321866543619616,0.002321866543619616,True,14.670145034790039,6.560927166996407,0.06690073299978394
CIPLA,2026-08-03,1475.0,1480.5999755859375,1454.300048828125,1474.4000244140625,1467.465087890625,1484.3145751953125,1457.3389892578125,1472.08154296875,1473.199951171875,0.0008146030966352443,-0.0007591693186219212,-0.0015737724152571657,0.0015737724152571657,False,12.846607208251953,7.822007219991065,0.025431191999814473
CIPLA,2026-08-04,1469.5999755859375,1469.5999755859375,1449.300048828125,1460.0,1470.8822021484375,1484.3980712890625,1453.3275146484375,1458.4100341796875,1474.4000244140625,-0.009766701150039098,-0.010845082724906724,-0.0010783815748676255,0.0010783815748676255,True,12.600910186767578,6.269116639989079,0.0598704089934472
CIPLA,2026-08-05,1460.0,1463.0,1443.5,1458.800048828125,1458.2088623046875,1472.0318603515625,1452.273193359375,1461.3203125,1460.0,-0.0008218843642979452,0.0009043236301369863,0.0017262079944349315,0.0017262079944349315,False,13.023011207580566,7.37576796200301,0.026428851997479796
CIPLA,2026-08-06,1461.0,1488.0999755859375,1461.0,1477.0,1439.068115234375,1448.8623046875,1421.9591064453125,1436.5267333984375,1458.800048828125,0.01247597378852248,-0.015268244230989691,-0.02774421801951217,0.02774421801951217,False,13.21354866027832,5.643308453989448,0.025467211002251133
CIPLA,2026-08-07,1477.0,1477.0,1462.0999755859375,1463.800048828125,1473.06298828125,1484.8504638671875,1461.345458984375,1472.4530029296875,1477.0,-0.008937001470463777,-0.003078535592628639,0.005858465877835138,0.005858465877835138,True,13.039546966552734,7.612734360998729,0.057432062007137574
CIPLA,2026-08-10,1463.800048828125,1483.699951171875,1462.0,1467.699951171875,1467.621826171875,1479.446044921875,1460.598876953125,1469.2030029296875,1463.800048828125,0.0026642315983471557,0.0036910465373245103,0.0010268149389773547,0.0010268149389773547,True,12.44119644165039,7.443379547999939,0.05555263999849558
CIPLA,2026-08-11,1466.0999755859375,1469.800048828125,1457.199951171875,1463.0,1468.5244140625,1490.552490234375,1462.12890625,1479.6859130859375,1467.699951171875,-0.003202256134247573,0.008166493365685807,0.01136874949993338,0.01136874949993338,False,12.651172637939453,6.238784175002365,0.0254091920069186
CIPLA,2026-08-12,1460.0,1468.800048828125,1456.0999755859375,1463.0,1444.998779296875,1465.431884765625,1439.506591796875,1443.20703125,1463.0,0.0,-0.013529028537252222,-0.013529028537252222,0.013529028537252222,False,13.777706146240234,6.394662534003146,0.026461771994945593
CIPLA,2026-08-13,1458.0999755859375,1464.4000244140625,1456.199951171875,1458.800048828125,1457.126708984375,1464.7239990234375,1445.4017333984375,1451.26513671875,1463.0,-0.0028707800217874233,-0.008021095886021873,-0.0051503158642344496,0.0051503158642344496,True,13.444417953491211,7.189501757005928,0.026706390010076575
CIPLA,2026-08-14,1457.5,1474.300048828125,1449.199951171875,1450.0,1458.010986328125,1471.530517578125,1449.3382568359375,1450.4669189453125,1458.800048828125,-0.006032388630089645,-0.0057123180723133524,0.0003200705577762926,0.0003200705577762926,True,15.122865676879883,6.702802347994293,0.051610096998047084
CIPLA,2026-08-17,1445.4000244140625,1449.0,1423.699951171875,1431.5,1456.7086181640625,1469.9705810546875,1452.2054443359375,1460.7296142578125,1450.0,-0.012758620689655173,0.007399733970905173,0.020158354660560346,0.020158354660560346,False,14.989456176757812,4.7124853060086025,0.025548060002620332
CIPLA,2026-08-18,1431.5,1437.5999755859375,1428.4000244140625,1431.0999755859375,1431.9781494140625,1442.40478515625,1402.9178466796875,1415.9840087890625,1431.5,-0.0002794442291739434,-0.010838973951056584,-0.01055952972188264,0.01055952972188264,True,17.110755920410156,6.44440950799617,0.026399943002616055
CIPLA,2026-08-19,1429.0,1435.0999755859375,1415.4000244140625,1422.0,1439.2476806640625,1453.93798828125,1433.9678955078125,1444.2642822265625,1431.0999755859375,-0.006358728070141768,0.00919873304814719,0.015557461118288958,0.015557461118288958,False,14.627496719360352,4.195518239008379,0.026125525997485965
CIPLA,2026-08-20,1430.0,1439.4000244140625,1427.5,1438.0,1421.41748046875,1443.929931640625,1412.724365234375,1425.984375,1422.0,0.011251758087201125,0.002801951476793249,-0.008449806610407876,0.008449806610407876,True,12.874068260192871,7.0899647299957,0.02640863199485466
CIPLA,2026-08-21,1433.4000244140625,1443.5999755859375,1408.5999755859375,1432.199951171875,1435.9444580078125,1444.1160888671875,1415.672119140625,1423.41943359375,1438.0,-0.004033413649600139,-0.01013947594315021,-0.00610606229355007,0.00610606229355007,True,13.734604835510254,7.330844362004427,0.063886301999446
CIPLA,2026-08-24,1428.0,1442.300048828125,1410.300048828125,1437.9000244140625,1434.3192138671875,1443.926025390625,1407.5205078125,1429.385009765625,1432.199951171875,0.003979942351990381,-0.00196546676596848,-0.00594540911795886,0.00594540911795886,False,13.483522415161133,7.064825134992134,0.0662488090019906
CIPLA,2026-08-25,1435.9000244140625,1435.9000244140625,1411.0999755859375,1422.0,1433.4757080078125,1443.3138427734375,1420.9864501953125,1430.1878662109375,1437.9000244140625,-0.011057809405449927,-0.005363487079894632,0.005694322325555295,0.005694322325555295,True,13.124735832214355,7.323724799993215,0.02653811099298764
CIPLA,2026-08-26,1413.5,1419.4000244140625,1401.0999755859375,1402.699951171875,1438.14013671875,1453.811767578125,1429.34521484375,1438.10400390625,1422.0,-0.013572467530327004,0.011324897261779184,0.024897364792106188,0.024897364792106188,False,16.45722198486328,6.408350245998008,0.05750993099354673
CIPLA,2026-08-27,1405.0,1420.0,1402.0999755859375,1420.0,1406.2535400390625,1427.76904296875,1397.9324951171875,1415.9619140625,1402.699951171875,0.012333392336452144,0.009454597100075034,-0.0028787952363771106,0.0028787952363771106,True,14.290755271911621,7.441875072996481,0.025949246002710424
CIPLA,2026-08-28,1420.0,1423.9000244140625,1409.0999755859375,1423.5,1403.756103515625,1428.619384765625,1384.707763671875,1416.5072021484375,1420.0,0.0024647887323943664,-0.002459716796875,-0.004924505529269366,0.004924505529269366,False,15.480430603027344,4.052817076997599,0.02647803199943155
CIPLA,2026-08-31,1418.0,1426.0999755859375,1409.199951171875,1409.199951171875,1418.4810791015625,1428.306884765625,1407.1634521484375,1418.5367431640625,1423.5,-0.010045696401914295,-0.0034866574189936776,0.006559038982920618,0.006559038982920618,True,14.603926658630371,4.095977352000773,0.0258160680095898
CIPLA,2026-09-01,1420.9000244140625,1425.699951171875,1406.5,1423.0,1410.4466552734375,1418.242431640625,1388.8797607421875,1400.183349609375,1409.199951171875,0.009792825224446704,-0.006398383391229821,-0.016191208615676526,0.016191208615676526,False,14.789121627807617,9.012856261993875,0.06451394599571358
CIPLA,2026-09-02,1414.0,1417.0,1401.199951171875,1412.800048828125,1420.296875,1428.8873291015625,1407.4150390625,1417.3531494140625,1423.0,-0.007167920711085734,-0.003968271669667955,0.0031996490414177787,0.0031996490414177787,True,15.232528686523438,4.209355940009118,0.033166458990308456
CIPLA,2026-09-03,1414.0,1415.4000244140625,1389.4000244140625,1394.699951171875,1410.1326904296875,1418.2672119140625,1396.5740966796875,1407.540283203125,1412.800048828125,-0.012811506958301343,-0.003722937035118888,0.009088569923182455,0.009088569923182455,True,13.690469741821289,6.744615635994705,0.0630651989922626
CIPLA,2026-09-04,1397.699951171875,1399.0999755859375,1375.5,1385.0,1411.45751953125,1448.2706298828125,1397.7049560546875,1425.909912109375,1394.699951171875,-0.006954865929209194,0.02237754501337461,0.029332410942583802,0.029332410942583802,False,13.906171798706055,5.456244647997664,0.02621479399385862
