symbol,date,actual_open,actual_high,actual_low,actual_close,predicted_open,predicted_high,predicted_low,predicted_close,previous_actual_close,actual_return,predicted_return,return_error,absolute_return_error,direction_correct,validation_loss,training_time_seconds,prediction_time_seconds
HINDUNILVR,2023-07-03,2538.167147813337,2555.973139106291,2512.143095391975,2551.43896484375,2526.724365234375,2546.479736328125,2513.30712890625,2535.77294921875,2529.807373046875,0.008550687308189052,0.002358114785905663,-0.006192572522283389,0.006192572522283389,True,15.951150894165039,5.447337593999691,0.026827569992747158
HINDUNILVR,2023-07-04,2551.4391523518384,2556.7761071606037,2526.832013165509,2550.447265625,2551.230224609375,2574.197021484375,2538.845703125,2561.29541015625,2551.43896484375,-0.0003886823210018397,0.0038630927285785996,0.00425177504958044,0.00425177504958044,False,12.638497352600098,7.116368076996878,0.057979291974334046
HINDUNILVR,2023-07-05,2550.4000140334656,2606.5570388098804,2546.7634034896237,2603.203857421875,2548.8623046875,2559.254638671875,2530.527099609375,2542.101318359375,2550.447265625,0.020685231374092627,-0.0032723465323560743,-0.0239575779064487,0.0239575779064487,False,14.687981605529785,6.8731697280018125,0.03550568700302392
HINDUNILVR,2023-07-06,2607.029245191542,2611.8468488053127,2584.122450947951,2604.384521484375,2598.286865234375,2609.71240234375,2569.09130859375,2588.9150390625,2603.203857421875,0.0004535426832339169,-0.005488935612413452,-0.005942478295647369,0.005942478295647369,False,11.946527481079102,8.313856399006909,0.04813746002037078
HINDUNILVR,2023-07-07,2600.606143081461,2616.239255649272,2541.945763973456,2548.652587890625,2609.40087890625,2612.19580078125,2586.6943359375,2599.64599609375,2604.384521484375,-0.02139927231712522,-0.0018194415423434733,0.019579830774781745,0.019579830774781745,True,12.863378524780273,6.871360196004389,0.05415999598335475
HINDUNILVR,2023-07-10,2559.7988641116162,2561.1687332755905,2504.161420460869,2509.404052734375,2554.83056640625,2581.24951171875,2542.529296875,2572.30322265625,2548.652587890625,-0.015399719578388588,0.009279662076344147,0.024679381654732734,0.024679381654732734,False,15.330846786499023,5.3231683500052895,0.060903902020072564
HINDUNILVR,2023-07-11,2509.9236827430877,2566.269585066433,2499.4384179942144,2535.805908203125,2507.740234375,2528.6533203125,2496.33984375,2515.3046875,2509.404052734375,0.010521165549239146,0.0023514087973179796,-0.008169756751921166,0.008169756751921166,True,14.232709884643555,7.180463216005592,0.031070993980392814
HINDUNILVR,2023-07-12,2555.1232291632496,2555.1232291632496,2496.132370263905,2525.556884765625,2546.763671875,2565.407958984375,2528.508544921875,2554.5751953125,2535.805908203125,-0.004041722359091146,0.007401704936745312,0.011443427295836459,0.011443427295836459,False,13.130486488342285,8.499913078994723,0.06875636201584712
HINDUNILVR,2023-07-13,2536.230703971348,2538.5922290929466,2504.3501148297614,2507.65625,2530.8212890625,2538.687744140625,2510.374267578125,2522.6396484375,2525.556884765625,-0.007087797100751584,-0.0011550863675738286,0.005932710733177755,0.005932710733177755,True,15.919492721557617,7.7281547430029605,0.03317504498409107
HINDUNILVR,2023-07-14,2507.9400819839734,2537.6953032956476,2504.2089178160545,2528.626953125,2517.304931640625,2526.656982421875,2471.445556640625,2501.707763671875,2507.65625,0.008362670571375163,-0.002372129883481837,-0.010734800454857,0.010734800454857,False,15.516292572021484,7.221974090993172,0.03554964598151855
HINDUNILVR,2023-07-17,2522.1087534206954,2553.4697599614165,2522.1087534206954,2533.16064453125,2501.406005859375,2546.477783203125,2501.53564453125,2515.6689453125,2528.626953125,0.0017929459308527278,-0.005124523329345147,-0.006917469260197875,0.006917469260197875,False,13.914499282836914,7.897820647020126,0.033252374996664
HINDUNILVR,2023-07-18,2536.797628873859,2551.486361639526,2529.0045957679067,2534.199951171875,2535.81005859375,2548.230224609375,2520.30126953125,2528.64990234375,2533.16064453125,0.0004102805887454165,-0.0017806775094339478,-0.002190958098179364,0.002190958098179364,False,15.19076156616211,4.5485254950181115,0.03439829099806957
HINDUNILVR,2023-07-19,2534.152426227333,2547.51856520983,2513.5126058978612,2523.6201171875,2536.739990234375,2566.77685546875,2520.76025390625,2534.17822265625,2534.199951171875,-0.004174822108840555,-8.574112557674154e-06,0.004166247996282881,0.004166247996282881,True,15.662654876708984,3.7458473150036298,0.03267237701220438
HINDUNILVR,2023-07-20,2521.211472609234,2565.8442969854914,2510.962361431316,2553.51708984375,2522.84912109375,2534.67529296875,2501.370849609375,2517.42822265625,2523.6201171875,0.011846859379758509,-0.00245357630852566,-0.01430043568828417,0.01430043568828417,False,15.210441589355469,6.42244491900783,0.026580539997667074
HINDUNILVR,2023-07-21,2503.2167121195757,2528.107279975843,2448.4293274769584,2459.7646484375,2554.1982421875,2577.64404296875,2539.58349609375,2566.84033203125,2553.51708984375,-0.036715024065880335,0.005217604472079429,0.04193262853795977,0.04193262853795977,False,14.741334915161133,3.3795789779978804,0.053561260021524504
HINDUNILVR,2023-07-24,2459.7645667813194,2461.606510252722,2432.3708753693927,2437.330078125,2490.795166015625,2511.15185546875,2474.389404296875,2497.551025390625,2459.7646484375,-0.009120616611329447,0.015361785517621691,0.02448240212895114,0.02448240212895114,False,14.568628311157227,6.416841519996524,0.02737782700569369
HINDUNILVR,2023-07-25,2437.282988709528,2443.328631856111,2420.374559786347,2425.900390625,2442.978759765625,2464.15576171875,2427.47119140625,2435.683837890625,2437.330078125,-0.004689429471445525,-0.0006754276940780327,0.004014001777367492,0.004014001777367492,True,14.310861587524414,1.8847737229953054,0.02743262698641047
HINDUNILVR,2023-07-26,2436.621373555374,2454.8523917702496,2429.8202280178875,2440.2109375,2436.873046875,2454.35302734375,2430.38671875,2434.875,2425.900390625,0.0058990661489250525,0.0036994962405228083,-0.0021995699084022442,0.0021995699084022442,True,10.667634963989258,7.721637427021051,0.056207568995887414
HINDUNILVR,2023-07-27,2419.1464560588693,2439.927878172612,2411.5895752902356,2427.50634765625,2442.9228515625,2458.343505859375,2427.820556640625,2433.8349609375,2440.2109375,-0.005206349028484346,-0.002612879265688481,0.002593469762795865,0.002593469762795865,True,12.691797256469727,6.287519973993767,0.06077916198410094
HINDUNILVR,2023-07-28,2427.647567350259,2450.0820536244105,2423.113393474477,2441.43896484375,2425.636474609375,2458.885009765625,2395.04443359375,2434.730224609375,2427.50634765625,0.0057394771391440025,0.002975842662615334,-0.0027636344765286686,0.0027636344765286686,True,12.18958854675293,6.282597411976894,0.06066983300843276
HINDUNILVR,2023-07-31,2432.418458562169,2439.833510008297,2412.5343684077006,2418.957763671875,2457.53466796875,2462.1171875,2445.93505859375,2443.56640625,2441.43896484375,-0.009208176610433421,0.0008713883233964665,0.010079564933829888,0.010079564933829888,False,14.852020263671875,5.8180834150116425,0.029160200007027015
HINDUNILVR,2023-08-01,2427.6479605439827,2431.2375250527625,2404.032708009508,2409.794921875,2424.1142578125,2437.2373046875,2411.835693359375,2415.91064453125,2418.957763671875,-0.0037879296341934454,-0.0012596826560541522,0.002528246978139293,0.002528246978139293,True,14.103328704833984,5.9912894050066825,0.029927858005976304
HINDUNILVR,2023-08-02,2397.420128964642,2430.906506628262,2395.530909004859,2426.65576171875,2419.194091796875,2434.31640625,2413.174072265625,2418.4501953125,2409.794921875,0.0069967944951228505,0.0035917054015391285,-0.003405089093583722,0.003405089093583722,True,11.196663856506348,6.168228641996393,0.03424079102114774
HINDUNILVR,2023-08-03,2416.2652071007064,2419.193590473485,2396.664548759299,2409.983642578125,2436.0771484375,2452.90771484375,2385.34326171875,2434.302001953125,2426.65576171875,-0.006870409640968805,0.0031509373331796045,0.01002134697414841,0.01002134697414841,False,14.213536262512207,3.1444221189885866,0.028712232975522056
HINDUNILVR,2023-08-04,2409.9837745344507,2417.2099494932445,2394.6338605350475,2404.977294921875,2400.10693359375,2422.386962890625,2390.607421875,2397.8671875,2409.983642578125,-0.0020773367784747143,-0.0050276088451634456,-0.0029502720666887312,0.0029502720666887312,True,14.551806449890137,7.302939646993764,0.05562656099209562
HINDUNILVR,2023-08-07,2399.3095225583493,2431.426264198894,2398.128759998035,2426.89208984375,2404.6865234375,2429.76904296875,2402.32373046875,2418.235107421875,2404.977294921875,0.009112266867611695,0.005512655993881504,-0.003599610873730191,0.003599610873730191,True,13.585973739624023,9.066165344993351,0.06886955199297518
HINDUNILVR,2023-08-08,2426.891844033029,2442.0056032742345,2413.9980104274414,2423.7275390625,2413.955322265625,2453.2939453125,2414.519287109375,2444.2958984375,2426.89208984375,-0.0013039519946079442,0.0071712329800664954,0.00847518497467444,0.00847518497467444,False,13.996681213378906,6.798164950014325,0.054091397003503516
HINDUNILVR,2023-08-09,2423.727560430679,2426.6557129388793,2400.2539106551667,2410.83349609375,2421.97314453125,2431.03173828125,2409.590576171875,2414.674560546875,2423.7275390625,-0.0053199226237027565,-0.003735146946065852,0.0015847756776369046,0.0015847756776369046,True,14.333797454833984,7.8638557639787905,0.03132684199954383
HINDUNILVR,2023-08-10,2407.8581644082124,2410.0778595355646,2387.596326050389,2396.192138671875,2403.1416015625,2410.084228515625,2386.900146484375,2390.448974609375,2410.83349609375,-0.006073151648837735,-0.008455383383964028,-0.0023822317351262926,0.0023822317351262926,True,11.924297332763672,7.515334310999606,0.03303603598033078
HINDUNILVR,2023-08-11,2394.586595022939,2396.1451094353415,2360.5806315433233,2363.2255859375,2396.971923828125,2414.162841796875,2393.33154296875,2404.80078125,2396.192138671875,-0.013757892033085127,0.0035926345133977726,0.0173505265464829,0.0173505265464829,False,13.948060989379883,6.239791442989372,0.02576651400886476
HINDUNILVR,2023-08-14,2363.225649246567,2399.3097097819514,2350.284536699237,2392.7919921875,2366.846923828125,2373.91259765625,2347.250732421875,2352.2685546875,2363.2255859375,0.012511038483137825,-0.004636472842542159,-0.017147511325679984,0.017147511325679984,False,13.486112594604492,8.078283738985192,0.027019449014915153
HINDUNILVR,2023-08-16,2393.6418310067957,2413.525918386328,2384.5734824149445,2411.211669921875,2388.470703125,2405.326416015625,2382.22119140625,2394.919921875,2392.7919921875,0.0076979853637572804,0.0008893082618329219,-0.006808677101924359,0.006808677101924359,True,13.654899597167969,6.736633439984871,0.026916978997178376
HINDUNILVR,2023-08-17,2411.2115903225526,2418.815516366493,2392.697141982761,2402.37939453125,2415.537353515625,2429.0380859375,2406.7861328125,2417.29248046875,2411.211669921875,-0.0036630029212288825,0.0025218899786894375,0.0061848928999183195,0.0061848928999183195,False,15.032066345214844,3.869325421983376,0.054544694983633235
HINDUNILVR,2023-08-18,2391.8471070850114,2425.5223618143514,2391.8471070850114,2413.242431640625,2405.628662109375,2419.76806640625,2395.422607421875,2407.57958984375,2402.37939453125,0.004521782502007592,0.002164602029278834,-0.002357180472728758,0.002357180472728758,True,12.183558464050293,7.533113104000222,0.05778692301828414
HINDUNILVR,2023-08-21,2413.242192906294,2432.275990545546,2398.4118632871387,2420.799072265625,2399.763427734375,2452.4306640625,2379.291748046875,2416.592041015625,2413.242431640625,0.003131322624665883,0.0013880119672530344,-0.0017433106574128486,0.0017433106574128486,True,12.378517150878906,6.5832803760131355,0.038915734010515735
HINDUNILVR,2023-08-22,2431.048424154237,2432.3707859266988,2411.5893656197522,2423.680419921875,2416.924072265625,2437.11962890625,2398.506103515625,2403.939697265625,2420.799072265625,0.0011902465137485978,-0.006964384278378509,-0.008154630792127106,0.008154630792127106,False,12.407537460327148,7.400418591976631,0.03416216198820621
HINDUNILVR,2023-08-23,2432.3707220380243,2440.3999069457227,2420.563097173762,2431.473388671875,2421.656005859375,2457.15771484375,2411.99462890625,2423.590576171875,2423.680419921875,0.0032153450124629873,-3.7069140494560756e-05,-0.003252414152957548,0.003252414152957548,False,14.107324600219727,6.582285999000305,0.03454630999476649
HINDUNILVR,2023-08-24,2441.816945842161,2448.193063592426,2424.7666885493973,2438.274658203125,2438.93994140625,2449.485107421875,2426.748779296875,2438.724365234375,2431.473388671875,0.00279718032816514,0.002982132807326608,0.00018495247916146826,0.00018495247916146826,True,13.912261962890625,7.043074050976429,0.03563669600407593
HINDUNILVR,2023-08-25,2424.8140343786336,2437.755146132379,2410.1725783860866,2421.55517578125,2436.53564453125,2455.828125,2430.99169921875,2448.78173828125,2438.274658203125,-0.006857095596521658,0.004309227446045042,0.011166323042566699,0.011166323042566699,False,13.535360336303711,4.658360822999384,0.03372650299570523
HINDUNILVR,2023-08-28,2422.9248122900835,2425.7586424798965,2398.364950645038,2414.139892578125,2429.44921875,2439.275634765625,2405.9990234375,2417.997802734375,2421.55517578125,-0.0030621987379381753,-0.0014690448032955966,0.0015931539346425788,0.0015931539346425788,True,13.5658540725708,7.670030360983219,0.055381122016115114
HINDUNILVR,2023-08-29,2417.1625413385354,2417.1625413385354,2382.4010763286196,2386.2265625,2410.19970703125,2415.266357421875,2391.926513671875,2396.82470703125,2414.139892578125,-0.01156243271731681,-0.007172403554619052,0.004390029162697757,0.004390029162697757,True,13.0477294921875,7.356754275009735,0.03160568201565184
HINDUNILVR,2023-08-30,2386.2262943800138,2395.5307944842025,2380.4170355284664,2391.705078125,2390.177734375,2406.4794921875,2380.635986328125,2398.6982421875,2386.2265625,0.0022958908056325855,0.005226527892822415,0.0029306370871898294,0.0029306370871898294,True,13.465940475463867,8.50098998300382,0.030941573990276083
HINDUNILVR,2023-08-31,2391.800127828613,2399.1208563423525,2353.1183890956854,2366.295654296875,2383.32177734375,2388.933837890625,2358.490234375,2368.279052734375,2391.705078125,-0.010623978708965639,-0.009794696513748282,0.0008292821952173568,0.0008292821952173568,True,11.481786727905273,8.866681034007343,0.04721119298483245
HINDUNILVR,2023-09-01,2366.295478687051,2375.221997637154,2361.5251517569636,2366.059326171875,2359.485107421875,2364.400634765625,2343.78515625,2349.410888671875,2366.295654296875,-9.987261083409416e-05,-0.007135526617030942,-0.007035654006196847,0.007035654006196847,True,13.420698165893555,8.220760475000134,0.06258547600009479
HINDUNILVR,2023-09-04,2374.7498359805163,2374.7498359805163,2353.9684133903925,2362.84765625,2358.5078125,2399.35498046875,2347.819091796875,2395.13427734375,2366.059326171875,-0.001357391966612801,0.012288344104590275,0.013645736071203077,0.013645736071203077,False,12.715835571289062,5.58389158200589,0.05088247999083251
HINDUNILVR,2023-09-05,2370.9713681447347,2383.676327958066,2363.509040547854,2368.184814453125,2363.785400390625,2379.280517578125,2356.044677734375,2370.012939453125,2362.84765625,0.002258782189790193,0.003032477859574236,0.0007736956697840429,0.0007736956697840429,True,13.602718353271484,5.748597544996301,0.04525775997899473
HINDUNILVR,2023-09-06,2374.2302550029017,2386.1797113664225,2368.5625942948077,2383.7236328125,2378.84326171875,2390.4287109375,2369.175537109375,2381.2568359375,2368.184814453125,0.006561488894169484,0.0055198485374097234,-0.0010416403567597605,0.0010416403567597605,True,11.877120971679688,7.338269975007279,0.0268957790103741
HINDUNILVR,2023-09-07,2370.971057439671,2382.164777985807,2361.5249576092338,2368.562255859375,2398.6953125,2413.783935546875,2391.720458984375,2405.923828125,2383.7236328125,-0.0063603753155043585,0.009313242108652716,0.015673617424157075,0.015673617424157075,False,12.960153579711914,7.043074590998003,0.06047858399688266
HINDUNILVR,2023-09-08,2365.303566397401,2381.409213881592,2362.989317897267,2374.560791015625,2378.9306640625,2376.7412109375,2365.104248046875,2362.554443359375,2368.562255859375,0.0025325638544694187,-0.002536480721643608,-0.005069044576113027,0.005069044576113027,False,13.101212501525879,6.629155133006861,0.04470645298715681
HINDUNILVR,2023-09-11,2374.560883647412,2398.270458468714,2370.073985732606,2395.767333984375,2378.628173828125,2387.623291015625,2367.240234375,2377.21337890625,2374.560791015625,0.008930722283037333,0.0011170856946098482,-0.007813636588427486,0.007813636588427486,True,13.288192749023438,8.781932231009705,0.04045071901055053
HINDUNILVR,2023-09-12,2407.8113166309895,2407.8113166309895,2350.190096421303,2360.439208984375,2402.063720703125,2410.955810546875,2395.71630859375,2403.4462890625,2395.767333984375,-0.014746058391758007,0.0032052173719867077,0.017951275763744716,0.017951275763744716,False,14.501625061035156,6.979664679005509,0.031836719979764894
HINDUNILVR,2023-09-13,2355.857499915505,2370.026650877306,2353.9682797872647,2367.71240234375,2376.179443359375,2386.783447265625,2360.765869140625,2371.224853515625,2360.439208984375,0.003081288148278317,0.004569337981760917,0.0014880498334826002,0.0014880498334826002,True,15.382218360900879,5.912361131020589,0.05438314602361061
HINDUNILVR,2023-09-14,2371.9157377077668,2374.7495677408706,2355.00731075732,2362.28076171875,2372.171630859375,2371.12060546875,2365.118896484375,2363.044677734375,2367.71240234375,-0.002294045771616236,-0.0019714069178142224,0.00032263885380201356,0.00032263885380201356,True,15.497825622558594,4.0885486399929505,0.031165613007033244
HINDUNILVR,2023-09-15,2337.721168306451,2352.079195989755,2329.408553136842,2332.903564453125,2363.280029296875,2368.5869140625,2353.2431640625,2359.053466796875,2362.28076171875,-0.012435946540177857,-0.0013661775408638905,0.011069768999313967,0.011069768999313967,True,16.238431930541992,6.176086082006805,0.031109564006328583
HINDUNILVR,2023-09-18,2334.4618991075095,2354.865335717462,2325.629703801733,2350.803466796875,2348.539794921875,2367.9404296875,2342.726318359375,2358.99951171875,2332.903564453125,0.00767279994616754,0.011186037718512537,0.0035132377723449968,0.0035132377723449968,True,13.976508140563965,8.115091022016713,0.036358374025439844
HINDUNILVR,2023-09-20,2313.963705767782,2342.63271041856,2309.571361682814,2330.211181640625,2345.03515625,2381.43017578125,2335.03857421875,2360.051513671875,2350.803466796875,-0.008759679593423584,0.003933994060167469,0.012693673653591052,0.012693673653591052,False,14.658660888671875,5.933332063024864,0.02975183801027015
HINDUNILVR,2023-09-21,2329.408098951696,2345.466467841469,2307.5875172132355,2336.35107421875,2339.63330078125,2354.76708984375,2331.523681640625,2340.763427734375,2330.211181640625,0.0026349082119681974,0.004528450544263765,0.0018935423322955676,0.0018935423322955676,True,12.857329368591309,6.951433794980403,0.03802464698674157
HINDUNILVR,2023-09-22,2331.297453264445,2352.0788730261215,2321.8513533727737,2344.947021484375,2336.163818359375,2353.5703125,2316.032958984375,2337.485595703125,2336.35107421875,0.003679219001150925,0.00048559546418098636,-0.0031936235369699386,0.0031936235369699386,True,14.026630401611328,7.62897163402522,0.049262024986092
HINDUNILVR,2023-09-25,2344.9474233920378,2361.2419484979387,2323.7409716241323,2338.713134765625,2337.469482421875,2355.32763671875,2329.321533203125,2349.35546875,2344.947021484375,-0.0026584339269225313,0.0018799773407394119,0.004538411267661943,0.004538411267661943,False,14.638948440551758,7.356466065975837,0.02770411697565578
HINDUNILVR,2023-09-26,2336.96509585249,2351.134245584821,2324.9213185800086,2341.640869140625,2318.805419921875,2351.725341796875,2309.56787109375,2323.66357421875,2338.713134765625,0.0012518569855697176,-0.006434974996787367,-0.0076868319823570844,0.0076868319823570844,False,13.814353942871094,8.463562524993904,0.026611350011080503
HINDUNILVR,2023-09-27,2338.8545135592585,2366.059329468946,2332.242243125125,2363.17822265625,2338.21875,2358.3466796875,2331.740478515625,2349.982177734375,2341.640869140625,0.009197547668156792,0.003562163909793407,-0.005635383758363385,0.005635383758363385,True,12.356008529663086,8.287809743982507,0.03535034699598327
HINDUNILVR,2023-09-28,2361.525479196721,2362.4700893883996,2317.317676102614,2324.07177734375,2353.852294921875,2380.965576171875,2345.801025390625,2369.93701171875,2363.17822265625,-0.01654824208245442,0.0028600420390227756,0.019408284121477194,0.019408284121477194,False,14.913166999816895,8.088590120984009,0.030796625011134893
HINDUNILVR,2023-09-29,2328.9832409544006,2335.831663481838,2314.7668142739085,2329.030517578125,2324.6025390625,2346.35546875,2303.509033203125,2336.544189453125,2324.07177734375,0.0021336433249245384,0.005366620872454329,0.0032329775475297908,0.0032329775475297908,True,13.915674209594727,6.655258095008321,0.03439921099925414
HINDUNILVR,2023-10-03,2352.079069763762,2360.580560377366,2325.441111964675,2332.147705078125,2322.917724609375,2337.652587890625,2309.823486328125,2322.98388671875,2329.030517578125,0.0013384056054540029,-0.002596200785579518,-0.003934606391033521,0.003934606391033521,False,14.16981029510498,6.929863046010723,0.05869547001202591
HINDUNILVR,2023-10-04,2330.40053330958,2371.963380206151,2328.605635641145,2368.940673828125,2337.16650390625,2344.579345703125,2322.88134765625,2327.149658203125,2332.147705078125,0.01577643159988765,-0.002143109059566435,-0.017919540659454086,0.017919540659454086,False,14.470745086669922,6.731711038999492,0.03578157600713894
HINDUNILVR,2023-10-05,2378.5282398571253,2384.951634682424,2357.1329132667297,2379.992431640625,2350.23681640625,2390.619873046875,2343.6123046875,2365.833740234375,2368.940673828125,0.004665274202346632,-0.001311528662610746,-0.005976802864957378,0.005976802864957378,False,13.576760292053223,7.15451890300028,0.06141025997931138
HINDUNILVR,2023-10-06,2380.3700344827253,2380.4173111084674,2355.85744996211,2360.958251953125,2372.09423828125,2383.715087890625,2343.31396484375,2372.346435546875,2379.992431640625,-0.00799757992271386,-0.0032126136167917583,0.004784966305922102,0.004784966305922102,True,15.594549179077148,4.661215333006112,0.05368322800495662
HINDUNILVR,2023-10-09,2347.355928792562,2377.111144791341,2343.5774886657327,2372.19921875,2337.956787109375,2345.2568359375,2323.857666015625,2328.572998046875,2360.958251953125,0.004761188296140266,-0.013716995579849407,-0.018478183875989672,0.018478183875989672,False,15.459035873413086,5.180973704002099,0.031177252996712923
HINDUNILVR,2023-10-10,2373.049196717411,2381.220211590912,2364.689536585054,2376.82763671875,2375.375732421875,2382.607421875,2364.00390625,2372.432861328125,2372.19921875,0.0019511084617879967,9.849197161784539e-05,-0.0018526164901701513,0.0018526164901701513,True,14.81409740447998,3.9175295709865168,0.03202946000965312
HINDUNILVR,2023-10-11,2378.8590382001694,2421.9331222114447,2376.875264659182,2414.80126953125,2373.19189453125,2396.4287109375,2362.012451171875,2366.934326171875,2376.82763671875,0.015976603530630108,-0.004162401342881085,-0.020139004873511192,0.020139004873511192,False,15.927736282348633,4.627960696991067,0.054855773982126266
HINDUNILVR,2023-10-12,2413.478699804611,2425.33360216398,2398.553814754688,2415.367919921875,2414.32421875,2416.524658203125,2399.18798828125,2405.489501953125,2414.80126953125,0.00023465715285754987,-0.00385612170062034,-0.00409077885347789,0.00409077885347789,False,14.369028091430664,7.675449430011213,0.0345308709947858
HINDUNILVR,2023-10-13,2411.6366617212666,2433.9765964845883,2401.8598557508294,2427.128173828125,2418.349365234375,2434.857421875,2383.546630859375,2390.25,2415.367919921875,0.004868928584027226,-0.010399210701898963,-0.015268139285926189,0.015268139285926189,False,14.534635543823242,7.689929885993479,0.029188129992689937
HINDUNILVR,2023-10-16,2418.201738233883,2438.9831594218304,2411.2117160813764,2416.595947265625,2421.87158203125,2430.888427734375,2407.574462890625,2420.410888671875,2427.128173828125,-0.0043393779842653794,-0.0027675856712813546,0.0015717923129840248,0.0015717923129840248,True,14.249469757080078,6.281430467002792,0.06213781700353138
HINDUNILVR,2023-10-17,2416.5959914300765,2427.6478831402897,2405.402269838559,2414.56494140625,2414.67626953125,2433.630859375,2400.8291015625,2414.861083984375,2416.595947265625,-0.0008404408116603359,-0.0007178954691258981,0.00012254534253443772,0.00012254534253443772,True,15.204669952392578,6.036351126007503,0.026134861982427537
HINDUNILVR,2023-10-18,2427.695330326894,2428.828816368502,2398.8847211293287,2407.102783203125,2409.03759765625,2425.98876953125,2395.810302734375,2404.15283203125,2414.56494140625,-0.0030904773258154804,-0.004312209291391415,-0.001221731965575935,0.001221731965575935,True,13.746248245239258,6.929077958979178,0.05665563800721429
HINDUNILVR,2023-10-19,2385.1405952351524,2412.9120410078367,2385.1405952351524,2406.961181640625,2411.519287109375,2418.711181640625,2397.480224609375,2409.431884765625,2407.102783203125,-5.882655426602564e-05,0.0009675953925825598,0.0010264219468485854,0.0010264219468485854,False,12.50735092163086,6.4671314820006955,0.05785512301372364
HINDUNILVR,2023-10-20,2380.4175013752265,2402.663115815191,2347.40342381898,2356.94384765625,2404.470947265625,2414.2724609375,2394.475830078125,2405.4697265625,2406.961181640625,-0.020780282775596053,-0.0006196423479951593,0.020160640427600893,0.020160640427600893,True,12.751721382141113,7.125645391002763,0.0567553770088125
HINDUNILVR,2023-10-23,2355.8573699699264,2370.9238535380587,2342.9635355529686,2345.93896484375,2327.782470703125,2361.141357421875,2317.25830078125,2346.310546875,2356.94384765625,-0.0046691323696333616,-0.004511478197422385,0.0001576541722109765,0.0001576541722109765,True,11.548971176147461,8.166520839004079,0.029375290003372356
HINDUNILVR,2023-10-25,2337.9569030030048,2352.0787756327695,2328.4635268814363,2340.082275390625,2331.50537109375,2357.6572265625,2321.154052734375,2348.3818359375,2345.93896484375,-0.0024965225186560137,0.0010413191179987524,0.003537841636654766,0.003537841636654766,False,12.134991645812988,7.440174402989214,0.0339039429964032
HINDUNILVR,2023-10-26,2324.685760815921,2352.079457306641,2319.632003871403,2339.232666015625,2305.36572265625,2349.876953125,2291.455810546875,2337.14794921875,2340.082275390625,-0.00036306816385683557,-0.0012539414544239385,-0.000890873290567103,0.000890873290567103,True,10.788755416870117,9.29064370400738,0.036985011014621705
HINDUNILVR,2023-10-27,2330.6360955140917,2356.8017441046686,2327.377237422328,2344.569091796875,2334.003662109375,2352.292236328125,2322.470458984375,2343.55615234375,2339.232666015625,0.0022812719139817085,0.0018482498089807888,-0.00043302210500091977,0.00043302210500091977,True,12.657833099365234,4.171803247008938,0.059256807988276705
HINDUNILVR,2023-10-30,2334.131422886168,2353.9682338455405,2326.007684246207,2341.59375,2344.500732421875,2374.880126953125,2328.392578125,2341.275146484375,2344.569091796875,-0.0012690356651399433,-0.0014049256744127442,-0.0001358900092728009,0.0001358900092728009,True,12.360000610351562,7.067632139020134,0.03221720899455249
HINDUNILVR,2023-10-31,2333.375469284453,2353.9680124672905,2331.108497635082,2346.4111328125,2344.98583984375,2359.23388671875,2330.77099609375,2339.15771484375,2341.59375,0.0020573093913066687,-0.0010403321055370942,-0.003097641496843763,0.003097641496843763,False,12.058666229248047,8.050834633002523,0.0559034799807705
HINDUNILVR,2023-11-01,2347.3562797047225,2355.8104946288076,2330.164420681133,2335.3125,2339.5927734375,2350.654296875,2328.23046875,2334.130859375,2346.4111328125,-0.004730046093498008,-0.0052336409701484775,-0.0005035948766504697,0.0005035948766504697,True,13.199450492858887,7.025064988003578,0.032058359996881336
HINDUNILVR,2023-11-02,2355.0567164539566,2375.0390158662935,2343.923767528903,2366.284912109375,2338.399169921875,2351.81005859375,2321.6728515625,2331.222900390625,2335.3125,0.013262641342165128,-0.0017512001538873276,-0.015013841496052456,0.015013841496052456,False,13.236410140991211,5.8799371529894415,0.035048647987423465
HINDUNILVR,2023-11-03,2375.990630954531,2390.7394714750735,2365.3334507176373,2387.64697265625,2360.526123046875,2367.156005859375,2357.804443359375,2364.4638671875,2366.284912109375,0.009027678973717599,-0.0007695797376536825,-0.009797258711371281,0.009797258711371281,False,14.222721099853516,6.6037081189861055,0.04999269198742695
HINDUNILVR,2023-11-06,2393.1180109195598,2395.7347403549593,2370.376346204631,2376.370849609375,2371.625,2381.11083984375,2359.05322265625,2370.630859375,2387.64697265625,-0.004722692749812317,-0.007126729150549265,-0.002404036400736948,0.002404036400736948,True,14.221961975097656,6.869752921018517,0.026578010991215706
HINDUNILVR,2023-11-07,2375.0391394655244,2383.7932436780143,2364.810104710214,2375.46728515625,2364.412353515625,2372.3017578125,2360.3681640625,2369.038330078125,2376.370849609375,-0.000380228722833192,-0.003085595639441256,-0.002705366916608064,0.002705366916608064,True,13.77495288848877,7.054482649022248,0.026584670005831867
HINDUNILVR,2023-11-08,2376.941895240918,2402.6334209300708,2376.6563873825557,2397.25732421875,2371.668212890625,2377.775390625,2353.74951171875,2360.691162109375,2375.46728515625,0.009172948496769858,-0.006220301638842851,-0.01539325013561271,0.01539325013561271,False,15.092569351196289,8.01263583599939,0.02639739098958671
HINDUNILVR,2023-11-09,2397.9233366863427,2399.77878928841,2353.20105155686,2356.674072265625,2384.699951171875,2386.97900390625,2374.579833984375,2381.5390625,2397.25732421875,-0.01692903450252292,-0.006556768670577522,0.0103722658319454,0.0103722658319454,True,14.006253242492676,6.683668159006629,0.028872422000858933
HINDUNILVR,2023-11-10,2356.9598837849217,2367.997818715793,2345.874557796132,2366.047119140625,2356.082275390625,2377.959716796875,2343.982177734375,2357.701171875,2356.674072265625,0.003977235115074303,0.0004358259045925608,-0.0035414092104817424,0.0035414092104817424,True,12.073005676269531,7.039424124988727,0.02689179001026787
HINDUNILVR,2023-11-13,2357.150040381176,2366.6654209997896,2351.250550859455,2358.053955078125,2341.0380859375,2374.000244140625,2329.1259765625,2353.3779296875,2366.047119140625,-0.003378277633542314,-0.005354580367666808,-0.001976302734124494,0.001976302734124494,True,13.610614776611328,5.787100201006979,0.027659635990858078
HINDUNILVR,2023-11-15,2380.6526464611566,2381.747054462564,2356.0079070773095,2365.90380859375,2353.66845703125,2365.011962890625,2344.2646484375,2356.598388671875,2358.053955078125,0.0033289541567614067,-0.0006172744279728644,-0.003946228584734271,0.003946228584734271,False,12.755914688110352,7.213123993977206,0.03386277300887741
HINDUNILVR,2023-11-16,2360.004517474422,2384.363983366674,2355.3896975279267,2370.471435546875,2363.90234375,2369.06591796875,2358.33349609375,2367.434814453125,2365.90380859375,0.0019306055201964926,0.0006471124708510453,-0.0012834930493454473,0.0012834930493454473,True,13.413471221923828,5.654179218981881,0.05467415601015091
HINDUNILVR,2023-11-17,2345.54109856521,2410.7214495801054,2345.54109856521,2406.249267578125,2370.983154296875,2385.843994140625,2352.08251953125,2368.060546875,2370.471435546875,0.0150931293643688,-0.0010170502946047104,-0.01611017965897351,0.01611017965897351,False,14.662801742553711,7.242901272984454,0.02930198999820277
HINDUNILVR,2023-11-20,2411.6254864138623,2411.6731097766415,2378.8450481126865,2384.982421875,2392.150634765625,2410.23583984375,2371.242919921875,2384.279296875,2406.249267578125,-0.008838172333047584,-0.009130380214198522,-0.00029220788115093786,0.00029220788115093786,True,15.753857612609863,2.641292856016662,0.045984686992596835
HINDUNILVR,2023-11-21,2383.6026916717083,2395.0211476797163,2376.9419256670367,2383.840576171875,2388.173095703125,2401.794677734375,2376.751708984375,2388.27294921875,2384.982421875,-0.00047876482973292355,0.0013796862037931032,0.0018584510335260267,0.0018584510335260267,False,14.489731788635254,6.134428257995751,0.0385972959920764
HINDUNILVR,2023-11-22,2386.2196667193302,2401.9200453459357,2382.6513988496476,2399.683837890625,2372.444580078125,2409.313232421875,2369.67578125,2398.3671875,2383.840576171875,0.006646107913890841,0.0060937847410302785,-0.0005523231728605622,0.0005523231728605622,True,14.84305477142334,6.5676265740185045,0.029081360989948735
HINDUNILVR,2023-11-23,2384.7442506032494,2405.2499389139766,2384.7442506032494,2397.7802734375,2381.822021484375,2387.652587890625,2333.088134765625,2369.422119140625,2399.683837890625,-0.0007932563544697101,-0.012610710741211941,-0.011817454386742232,0.011817454386742232,True,13.102132797241211,9.195042032981291,0.029867258010199293
HINDUNILVR,2023-11-24,2393.2135793250236,2397.6857619539287,2385.934173440823,2393.30859375,2390.677734375,2405.13720703125,2382.16015625,2394.623046875,2397.7802734375,-0.0018649247126757455,-0.0013167288919154149,0.0005481958207603306,0.0005481958207603306,True,13.280637741088867,7.097172929003136,0.06482112599769607
HINDUNILVR,2023-11-28,2409.0565945439425,2409.0565945439425,2378.8452597451787,2388.884033203125,2387.79150390625,2408.26416015625,2381.785888671875,2398.054443359375,2393.30859375,-0.001848721288357677,0.001982966016905859,0.003831687305263536,0.003831687305263536,False,14.232454299926758,6.840770659997361,0.035137088008923456
HINDUNILVR,2023-11-29,2390.2637774525856,2406.1067943595876,2386.5528716771605,2402.681396484375,2383.0966796875,2407.478759765625,2372.742919921875,2384.41064453125,2388.884033203125,0.005775652182977616,-0.0018725851107459896,-0.007648237293723605,0.007648237293723605,False,14.167631149291992,9.1863931150001,0.05200315499678254
HINDUNILVR,2023-11-30,2394.212385917684,2430.7039632772917,2394.212385917684,2422.187744140625,2404.493408203125,2410.1689453125,2373.833251953125,2372.445556640625,2402.681396484375,0.008118574391424457,-0.012584206914820813,-0.02070278130624527,0.02070278130624527,False,14.168574333190918,5.623495023988653,0.02750414700130932
HINDUNILVR,2023-12-01,2424.0431539867304,2456.8235929635157,2418.80969477302,2439.410400390625,2423.08935546875,2431.307373046875,2405.89208984375,2418.7431640625,2422.187744140625,0.0071103721384365584,-0.0014220945863744814,-0.00853246672481104,0.00853246672481104,False,13.969715118408203,6.341688022017479,0.042747948988107964
HINDUNILVR,2023-12-04,2452.1132992420225,2481.991497973885,2450.210223340399,2476.187255859375,2423.76513671875,2446.169921875,2412.869140625,2432.951904296875,2439.410400390625,0.015076124731968385,-0.002647564383883825,-0.01772368911585221,0.01772368911585221,False,14.92504596710205,6.515129960986087,0.026014033006504178
HINDUNILVR,2023-12-05,2509.205712847764,2509.205712847764,2432.416642500019,2439.02978515625,2456.04638671875,2469.94873046875,2444.22412109375,2461.630615234375,2476.187255859375,-0.015005921145583672,-0.005878650974620267,0.009127270170963405,0.009127270170963405,True,16.174354553222656,4.306984210998053,0.033660212997347116
HINDUNILVR,2023-12-06,2445.4527600494966,2458.488784721016,2438.791993776988,2443.216552734375,2448.21826171875,2466.096435546875,2424.955078125,2449.12744140625,2439.02978515625,0.0017165709101239145,0.004140029905109634,0.0024234589949857195,0.0024234589949857195,True,14.244876861572266,8.357415923004737,0.05713520597782917
HINDUNILVR,2023-12-07,2427.468811211775,2435.747145781318,2377.51306360873,2396.210693359375,2460.894287109375,2471.263916015625,2442.36181640625,2453.556884765625,2443.216552734375,-0.019239334033813928,0.004232261777891693,0.02347159581170562,0.02347159581170562,False,13.948253631591797,4.732973742997274,0.043461687018861994
HINDUNILVR,2023-12-08,2396.924331120229,2411.1497784060275,2386.742920518536,2400.064453125,2384.953125,2406.90673828125,2377.17333984375,2396.243408203125,2396.210693359375,0.0016082725013726608,1.3652740904905704e-05,-0.0015946197604677552,0.0015946197604677552,True,15.092137336730957,4.632526500005042,0.05723615500028245
HINDUNILVR,2023-12-11,2400.064684982732,2407.3438587936876,2377.8937999697705,2382.318359375,2396.51904296875,2421.553466796875,2388.1826171875,2412.1806640625,2400.064453125,-0.007394007159638454,0.0050482856498808215,0.012442292809519275,0.012442292809519275,False,12.359001159667969,7.623920453013852,0.03089102401281707
HINDUNILVR,2023-12-12,2378.8449404873386,2395.9726240588475,2375.990326558754,2381.461669921875,2369.954345703125,2393.6845703125,2364.85302734375,2391.05419921875,2382.318359375,-0.00035960326198793683,0.0036669489656461544,0.004026552227634091,0.004026552227634091,False,14.387886047363281,6.191764064016752,0.034731520019704476
HINDUNILVR,2023-12-13,2386.3146698320634,2394.735641759348,2376.9895509561466,2390.168212890625,2375.2939453125,2388.88720703125,2363.411865234375,2376.4765625,2381.461669921875,0.003655966030742633,-0.0020932973580206895,-0.005749263388763323,0.005749263388763323,False,12.570886611938477,6.128253502014559,0.032279628998367116
HINDUNILVR,2023-12-14,2399.1607668413926,2402.443526941537,2379.987134057767,2394.403076171875,2377.445556640625,2396.027099609375,2368.035400390625,2380.78564453125,2390.168212890625,0.0017717846210198048,-0.003925484536516322,-0.005697269157536126,0.005697269157536126,False,12.68739128112793,6.467221979983151,0.035030768980504945
HINDUNILVR,2023-12-15,2397.8758864843303,2409.2943430866367,2385.505891831832,2400.63525390625,2401.237548828125,2411.513427734375,2388.220458984375,2399.02783203125,2394.403076171875,0.0026028106112939366,0.0019314859329236118,-0.0006713246783703248,0.0006713246783703248,True,14.063907623291016,5.077307961997576,0.060026665014447644
HINDUNILVR,2023-12-18,2398.0185536861045,2421.188598416162,2393.118225591137,2412.624755859375,2403.089599609375,2420.717529296875,2392.942138671875,2410.379638671875,2400.63525390625,0.004994303875866191,0.004059085923098562,-0.000935217952767629,0.000935217952767629,True,14.04842472076416,6.622158048994606,0.03104658398660831
HINDUNILVR,2023-12-19,2412.196656790322,2442.5506286265395,2412.149033424489,2436.603515625,2409.842529296875,2431.2431640625,2397.48779296875,2415.826904296875,2412.624755859375,0.009938868324794166,0.0013272467795595495,-0.008611621545234616,0.008611621545234616,True,14.515892028808594,6.809397098026238,0.0333341550140176
HINDUNILVR,2023-12-20,2448.2595647317107,2448.2595647317107,2423.5672009599525,2433.558349609375,2437.267333984375,2459.37451171875,2423.33056640625,2446.78369140625,2436.603515625,-0.0012497585249703217,0.0041780189989747835,0.005427777523945105,0.005427777523945105,False,14.523031234741211,6.615683933021501,0.030897504999302328
HINDUNILVR,2023-12-21,2419.047502143593,2454.9680619649803,2413.1003895903837,2429.466796875,2435.73583984375,2439.88037109375,2414.1533203125,2425.04736328125,2433.558349609375,-0.0016813045534871845,-0.003497342206522868,-0.0018160376530356834,0.0018160376530356834,True,14.882583618164062,6.1585082079982385,0.05105277898837812
HINDUNILVR,2023-12-22,2435.17613073748,2454.7302841239025,2423.3771518428653,2450.781494140625,2428.404541015625,2441.5419921875,2404.26611328125,2422.7861328125,2429.466796875,0.008773405462071716,-0.002749847855954761,-0.011523253318026477,0.011523253318026477,False,13.295164108276367,7.700516757002333,0.04276177901192568
HINDUNILVR,2023-12-26,2450.781313378341,2466.0533121048866,2442.645617190292,2459.48779296875,2443.5341796875,2451.352294921875,2426.17626953125,2437.90234375,2450.781494140625,0.0035524582052460347,-0.0052551198144007195,-0.008807578019646755,0.008807578019646755,False,14.084928512573242,4.824958048993722,0.02722898797946982
HINDUNILVR,2023-12-27,2460.6778677630764,2485.417861793177,2455.824929856594,2481.897216796875,2459.317626953125,2469.991455078125,2442.295654296875,2456.345458984375,2459.48779296875,0.009111419008538959,-0.0012776375606979589,-0.010389056569236917,0.010389056569236917,False,13.260444641113281,5.8540117100055795,0.055887630995130166
HINDUNILVR,2023-12-28,2487.177751595804,2512.060377946143,2480.516985442159,2506.160888671875,2473.94482421875,2493.72998046875,2455.647705078125,2474.13671875,2481.897216796875,0.009776259754348161,-0.0031268410288523805,-0.012903100783200542,0.012903100783200542,False,13.322587966918945,7.793364607990952,0.03412073201616295
HINDUNILVR,2023-12-29,2506.160831590294,2537.8470934613206,2494.218983225006,2534.849609375,2497.096923828125,2508.40087890625,2476.774658203125,2493.743408203125,2506.160888671875,0.011447278118815594,-0.00495478184376685,-0.016402059962582444,0.016402059962582444,False,14.409299850463867,6.0058409810008015,0.045361679018242285
HINDUNILVR,2024-01-01,2534.754792526063,2540.0356429919357,2510.157440378096,2526.095703125,2529.025634765625,2539.625732421875,2494.306396484375,2511.728759765625,2534.849609375,-0.003453422332285184,-0.009121191854484711,-0.005667769522199527,0.005667769522199527,True,14.472511291503906,5.580702815001132,0.048915886000031605
HINDUNILVR,2024-01-02,2519.672928160282,2525.334533481902,2480.6598654508516,2487.13037109375,2528.919921875,2539.209228515625,2505.309326171875,2523.775634765625,2526.095703125,-0.015425121060554632,-0.0009184404044965018,0.01450668065605813,0.01450668065605813,True,13.823519706726074,6.240321731020231,0.032267669012071565
HINDUNILVR,2024-01-03,2473.0475303118674,2501.213151091313,2469.7647703175226,2480.231689453125,2501.7666015625,2518.008056640625,2463.740234375,2494.9541015625,2487.13037109375,-0.002773751517332487,0.0031456857106004483,0.005919437227932935,0.005919437227932935,False,13.134140014648438,7.529977136000525,0.03609860499273054
HINDUNILVR,2024-01-04,2480.23168969662,2495.884445034577,2462.628234785015,2466.91015625,2475.703369140625,2492.843017578125,2462.291748046875,2481.0224609375,2480.231689453125,-0.005371084185309442,0.00031882968342742204,0.005689913868736864,0.005689913868736864,False,13.0449800491333,8.242699573020218,0.047406332014361396
HINDUNILVR,2024-01-05,2469.2413172160113,2502.4499032792064,2469.2413172160113,2493.077392578125,2473.994140625,2488.710205078125,2460.07568359375,2475.675537109375,2466.91015625,0.010607291985007814,0.0035531820391462624,-0.007054109945861552,0.007054109945861552,True,12.944853782653809,6.873929625988239,0.054153506993316114
HINDUNILVR,2024-01-08,2497.739759008787,2498.738920423555,2442.1224064230973,2453.302978515625,2495.0498046875,2505.713623046875,2480.01611328125,2495.30908203125,2493.077392578125,-0.015953942778073466,0.0008951545025311789,0.016849097280604644,0.016849097280604644,False,14.605634689331055,7.6959939030057285,0.03324546600924805
HINDUNILVR,2024-01-09,2457.3945775462025,2463.531951357175,2446.9276592515216,2454.730224609375,2461.328857421875,2502.4013671875,2455.4814453125,2484.476318359375,2453.302978515625,0.0005817651167625279,0.012706681611176896,0.012124916494414368,0.012124916494414368,True,14.201801300048828,7.3901955200126395,0.034282671025721356
HINDUNILVR,2024-01-10,2454.968232542675,2468.5752734716893,2440.695161423241,2452.494140625,2455.1435546875,2479.433349609375,2442.60791015625,2463.18408203125,2454.730224609375,-0.0009109286071266066,0.003443904889067912,0.004354833496194518,0.004354833496194518,False,11.85771369934082,7.891884359007236,0.029903398011811078
HINDUNILVR,2024-01-11,2454.9681848045034,2463.5320273096354,2409.1517203256853,2413.290771484375,2448.910888671875,2457.7138671875,2436.55078125,2447.670166015625,2452.494140625,-0.015985102060482113,-0.0019669668234745083,0.014018135237007606,0.014018135237007606,True,12.115367889404297,7.236936164001236,0.027507166989380494
HINDUNILVR,2024-01-12,2410.7217407226562,2431.1798095703125,2390.1210340857506,2420.712890625,2416.7314453125,2433.01025390625,2403.967041015625,2417.57861328125,2413.290771484375,0.0030755179725233763,0.001776761361515347,-0.0012987566110080294,0.0012987566110080294,True,13.055919647216797,6.9853952479898,0.05039624098571949
HINDUNILVR,2024-01-15,2422.61577120763,2453.778641006157,2408.3427010709,2448.49755859375,2384.344970703125,2425.010498046875,2374.5634765625,2414.948974609375,2420.712890625,0.011477886566537976,-0.0023810820514682447,-0.01385896861800622,0.01385896861800622,False,13.597477912902832,8.479235995997442,0.051254348014481366
HINDUNILVR,2024-01-16,2448.4976020680647,2459.3452749500357,2432.464325715243,2444.596435546875,2447.380126953125,2447.025390625,2429.71044921875,2434.219970703125,2448.49755859375,-0.001593272181621263,-0.005831162804517997,-0.004237890622896734,0.004237890622896734,True,15.035909652709961,6.422223278990714,0.027221808006288484
HINDUNILVR,2024-01-17,2425.470248545435,2446.737214774277,2416.668522457147,2438.696533203125,2446.0341796875,2454.913330078125,2430.697265625,2442.84326171875,2444.596435546875,-0.002413446349654906,-0.0007171628832604435,0.0016962834663944624,0.0016962834663944624,True,13.581319808959961,5.569326266995631,0.033251845015911385
HINDUNILVR,2024-01-18,2445.452880859375,2445.452880859375,2414.5755164325237,2424.51904296875,2405.18017578125,2416.50390625,2387.41162109375,2401.97509765625,2438.696533203125,-0.005813552461877438,-0.015057812666278302,-0.009244260204400865,0.009244260204400865,True,11.11845874786377,6.03784879099112,0.027098738006316125
HINDUNILVR,2024-01-19,2440.6951612875596,2449.2113805931954,2409.2944048265504,2441.07568359375,2428.96240234375,2440.1904296875,2414.562744140625,2426.449462890625,2424.51904296875,0.006828835052055065,0.0007962073663530642,-0.006032627685702001,0.006032627685702001,True,13.047927856445312,6.718631508003455,0.052405604015802965
HINDUNILVR,2024-01-23,2332.219769208468,2360.29014178768,2250.8156422669326,2260.42626953125,2425.722412109375,2477.0693359375,2413.3291015625,2463.14990234375,2441.07568359375,-0.07400402014432754,0.009042824398423547,0.08304684454275109,0.08304684454275109,False,14.413074493408203,6.254484608012717,0.025563714996678755
HINDUNILVR,2024-01-24,2272.273069947619,2327.3670351269743,2252.4334068780736,2323.322998046875,2309.445068359375,2345.108642578125,2293.533935546875,2326.60302734375,2260.42626953125,0.02782516260911622,0.029276229313253927,0.0014510667041377073,0.0014510667041377073,True,13.067068099975586,8.717246004001936,0.02580969300470315
HINDUNILVR,2024-01-25,2335.835631151106,2348.3958868393197,2302.9123219857183,2310.619873046875,2322.530029296875,2352.600830078125,2311.58349609375,2334.115478515625,2323.322998046875,-0.005467653447531407,0.004645277681072674,0.01011293112860408,0.01011293112860408,False,10.950019836425781,10.129938876983942,0.02664970001205802
HINDUNILVR,2024-01-29,2293.206638020459,2330.3166209593796,2293.206638020459,2325.939453125,2326.4150390625,2344.946533203125,2286.64013671875,2299.626953125,2310.619873046875,0.006630073711745582,-0.004757563132779301,-0.011387636844524884,0.011387636844524884,False,14.990043640136719,5.138865461020032,0.03987693999079056
HINDUNILVR,2024-01-30,2335.074464258939,2373.6593801281356,2328.6992055412425,2339.4990234375,2338.2001953125,2359.072509765625,2290.897705078125,2305.765380859375,2325.939453125,0.005829717662805939,-0.008673515657735744,-0.014503233320541684,0.014503233320541684,False,16.483386993408203,2.8239226209989283,0.04659100601566024
HINDUNILVR,2024-01-31,2331.268234546181,2365.428357794056,2323.418045593117,2361.289306640625,2338.623291015625,2356.772705078125,2311.14306640625,2322.95751953125,2339.4990234375,0.009314080914258236,-0.007070532511676386,-0.01638461342593462,0.01638461342593462,False,12.67646598815918,7.066578133002622,0.035915225016651675
HINDUNILVR,2024-02-01,2355.151916447557,2389.8354318488737,2348.7290346210502,2353.724609375,2358.38818359375,2406.944580078125,2359.1572265625,2394.314208984375,2361.289306640625,-0.0032036300017752564,0.013985961928034177,0.017189591929809435,0.017189591929809435,False,16.028762817382812,2.556586214021081,0.0377038280130364
HINDUNILVR,2024-02-02,2356.959868303827,2366.380002548617,2323.656034880075,2333.742431640625,2352.904541015625,2402.64990234375,2324.325439453125,2360.808349609375,2353.724609375,-0.008489598848898895,0.0030095875304018646,0.011499186379300759,0.011499186379300759,False,12.914108276367188,5.168839750025654,0.028746961994329467
HINDUNILVR,2024-02-05,2344.5897815922713,2345.3034351378046,2295.8234559808247,2302.246337890625,2344.834228515625,2367.28857421875,2319.800537109375,2343.357177734375,2333.742431640625,-0.013495959675317807,0.004119883138513626,0.017615842813831432,0.017615842813831432,False,15.305099487304688,5.236178738006856,0.029793377994792536
HINDUNILVR,2024-02-06,2307.4321116623337,2323.0374748228087,2300.8665921440406,2308.764404296875,2293.84375,2349.37646484375,2279.94580078125,2329.318359375,2302.246337890625,0.002831176794148802,0.011758959516547242,0.00892778272239844,0.00892778272239844,True,15.447677612304688,6.426901352009736,0.029297480010427535
HINDUNILVR,2024-02-07,2321.65739200059,2321.65739200059,2294.681430030404,2307.90771484375,2314.93701171875,2341.536376953125,2299.81005859375,2317.447021484375,2308.764404296875,-0.00037105971121635575,0.00376072031054388,0.004131780021760236,0.004131780021760236,False,13.81498908996582,6.060803804983152,0.034779800014803186
HINDUNILVR,2024-02-08,2323.465605276218,2323.465605276218,2282.739731180173,2299.9150390625,2320.028564453125,2344.541015625,2306.8955078125,2325.021728515625,2307.90771484375,-0.0034631695755612656,0.007415380416557797,0.010878549992119062,0.010878549992119062,False,14.274293899536133,6.472957109013805,0.030148246994940564
HINDUNILVR,2024-02-09,2299.9148741619647,2310.7623139893262,2289.4955799550644,2306.670654296875,2314.14599609375,2343.15771484375,2300.746826171875,2324.189208984375,2299.9150390625,0.002937332518651971,0.010554376796357541,0.00761704427770557,0.00761704427770557,True,14.413320541381836,6.0194762790051755,0.042251181992469355
HINDUNILVR,2024-02-12,2306.623444399983,2312.0947881032084,2266.563600188382,2270.03662109375,2285.654541015625,2345.20556640625,2217.136474609375,2327.8935546875,2306.670654296875,-0.01588177884644389,0.00920066345452954,0.02508244230097343,0.02508244230097343,False,15.511027336120605,7.627734668989433,0.041649862978374586
HINDUNILVR,2024-02-13,2274.1757816579207,2284.5950761204376,2264.7556485403748,2277.98193359375,2299.671875,2330.543212890625,2271.41064453125,2315.0615234375,2270.03662109375,0.0035000811996468086,0.019834438759871672,0.016334357560224864,0.016334357560224864,True,15.209674835205078,6.005301632976625,0.0307968039996922
HINDUNILVR,2024-02-14,2269.4183508854835,2277.9821937190136,2255.1452794962665,2272.225341796875,2282.601318359375,2306.521484375,2261.894287109375,2282.235595703125,2277.98193359375,-0.002527057704884159,0.0018672940494591245,0.0043943517543432835,0.0043943517543432835,False,11.940896987915039,8.262376398983179,0.0532666600192897
HINDUNILVR,2024-02-15,2253.575255883098,2269.1327637686886,2233.021940876607,2236.92333984375,2276.818603515625,2308.50048828125,2264.926025390625,2294.185546875,2272.225341796875,-0.015536312047821889,0.00966462466295657,0.025200936710778457,0.025200936710778457,False,13.672418594360352,7.479338836012175,0.026047661987831816
HINDUNILVR,2024-02-16,2255.0974271593814,2266.5635064730027,2243.346072294225,2260.140625,2247.334716796875,2269.420166015625,2229.635986328125,2244.197265625,2236.92333984375,0.010379115252949052,0.0032517546094172753,-0.007127360643531777,0.007127360643531777,True,12.853019714355469,7.18326877601794,0.02749690698692575
HINDUNILVR,2024-02-19,2273.700074434181,2278.8859101258126,2258.760974142025,2271.4638671875,2240.613525390625,2295.010498046875,2198.029296875,2233.1396484375,2260.140625,0.005009972415986284,-0.011946591404019385,-0.01695656382000567,0.01695656382000567,False,13.997011184692383,6.3571302039781585,0.049061936006182805
HINDUNILVR,2024-02-20,2255.240478966608,2291.731824668169,2253.432417243069,2287.5927734375,2273.472900390625,2286.84375,2252.685302734375,2258.5439453125,2271.4638671875,0.007100665999134128,-0.005687927535029336,-0.012788593534163464,0.012788593534163464,False,13.81937026977539,5.949908469978254,0.025964453001506627
HINDUNILVR,2024-02-21,2287.592651559068,2305.386366108225,2278.077271339296,2290.447265625,2275.022705078125,2285.227294921875,2238.05859375,2249.682373046875,2287.5927734375,0.001247814829914258,-0.016572180516927465,-0.017819995346841724,0.017819995346841724,False,13.41512680053711,5.030411457992159,0.027081439009634778
HINDUNILVR,2024-02-22,2303.0076435378983,2303.0076435378983,2251.101195216598,2272.3681640625,2285.4208984375,2301.478271484375,2269.060546875,2285.010986328125,2290.447265625,-0.007893262522927684,-0.0023734575244156904,0.005519804998511993,0.005519804998511993,True,14.582450866699219,6.4370672430086415,0.05236718399100937
HINDUNILVR,2024-02-23,2272.796309813276,2288.9248336823293,2268.4191417555935,2278.077392578125,2267.053955078125,2274.534423828125,2224.54541015625,2235.4345703125,2272.3681640625,0.002512457534794072,-0.01625334940618547,-0.018765806940979544,0.018765806940979544,False,14.628641128540039,4.124613343999954,0.028201964014442638
HINDUNILVR,2024-02-26,2275.2229619621176,2289.9241799085767,2264.6607955800923,2287.735595703125,2257.6591796875,2292.153076171875,2208.9638671875,2254.7099609375,2278.077392578125,0.0042396290646077245,-0.010257523171405438,-0.014497152236013163,0.014497152236013163,False,13.830232620239258,8.091070231981575,0.034155131987063214
HINDUNILVR,2024-02-27,2287.5447084981324,2292.2071512305815,2273.366654566687,2288.734130859375,2277.120361328125,2286.546875,2243.38427734375,2255.954833984375,2287.735595703125,0.0004364731475636741,-0.013891798413436116,-0.01432827156099979,0.01432827156099979,False,12.738243103027344,7.298948391980957,0.059336066973628476
HINDUNILVR,2024-02-28,2294.2534952803453,2307.4797813093674,2284.6428680098106,2304.197021484375,2269.026611328125,2316.38818359375,2193.72216796875,2302.070068359375,2288.734130859375,0.0067560886240613655,0.005826774425298851,-0.0009293141987625148,0.0009293141987625148,True,15.514453887939453,4.252152166009182,0.02859222301049158
HINDUNILVR,2024-02-29,2307.4797503355253,2311.0956413545705,2281.0745696873555,2295.395263671875,2303.083740234375,2306.260498046875,2289.87060546875,2291.491943359375,2304.197021484375,-0.003819880735211551,-0.005513885317330775,-0.0016940045821192242,0.0016940045821192242,True,14.23593521118164,5.670392288011499,0.03289948700694367
HINDUNILVR,2024-03-01,2299.82003816522,2320.611239241331,2287.4976658364512,2292.92138671875,2288.72412109375,2314.4072265625,2274.01171875,2304.299560546875,2295.395263671875,-0.001077756407481478,0.0038791998118685943,0.004956956219350072,0.004956956219350072,False,13.463254928588867,7.078296438994585,0.033614504005527124
HINDUNILVR,2024-03-04,2299.1060332243937,2310.2389811886724,2287.8778385379705,2304.625,2288.704345703125,2300.06201171875,2275.865478515625,2286.47998046875,2292.92138671875,0.005104236607953784,-0.002809257346244162,-0.007913493954197947,0.007913493954197947,False,13.019289016723633,7.17206374698435,0.03350375502486713
HINDUNILVR,2024-03-05,2288.4489118074393,2302.721981943452,2275.222626405034,2283.548583984375,2310.268310546875,2313.50048828125,2284.66015625,2284.958984375,2304.625,-0.009145269193740847,-0.008533282258501926,0.0006119869352389212,0.0006119869352389212,True,14.313455581665039,7.661490541999228,0.03283762698993087
HINDUNILVR,2024-03-06,2287.4977565360346,2292.112809575823,2260.1886575683316,2284.452880859375,2294.336181640625,2310.99853515625,2282.392822265625,2298.303955078125,2283.548583984375,0.0003960050954651323,0.006461597181350341,0.006065592085885209,0.006065592085885209,True,14.07254695892334,7.7009965240140446,0.03013407700927928
HINDUNILVR,2024-03-07,2288.401396798682,2308.4313192997674,2286.545944054963,2302.2939453125,2275.624755859375,2274.853271484375,2254.02978515625,2249.32421875,2284.452880859375,0.007809775637137884,-0.015377275847405596,-0.023187051484543482,0.023187051484543482,False,14.144342422485352,4.2172027270135,0.054851544002303854
HINDUNILVR,2024-03-11,2292.25506306885,2296.0612151038335,2268.038467208084,2274.033203125,2312.217529296875,2358.36279296875,2295.405517578125,2332.1689453125,2302.2939453125,-0.012275036489167352,0.012976188405840134,0.025251224895007487,0.025251224895007487,False,14.488245964050293,6.419632398989052,0.03589612600626424
HINDUNILVR,2024-03-12,2264.66082915114,2269.4185199686844,2246.391342873594,2262.900390625,2270.828369140625,2296.20166015625,2212.30322265625,2276.360107421875,2274.033203125,-0.004895624428307016,0.001023249921627065,0.005918874349934081,0.005918874349934081,False,14.041921615600586,5.186123184015742,0.03456054101116024
HINDUNILVR,2024-03-13,2259.9027333065187,2259.9027333065187,2192.200898030252,2200.52685546875,2263.233154296875,2279.221923828125,2250.461181640625,2266.82958984375,2262.900390625,-0.027563535458590287,0.0017363553583835734,0.029299890816973862,0.029299890816973862,False,11.81290054321289,6.234031625004718,0.02607989197713323
HINDUNILVR,2024-03-14,2193.15243804242,2228.216473730242,2190.297824060878,2221.460693359375,2202.759521484375,2212.26953125,2165.539306640625,2176.158447265625,2200.52685546875,0.00951310266384626,-0.011073897209009117,-0.020586999872855376,0.020586999872855376,False,12.432392120361328,8.862038230989128,0.02768655601539649
HINDUNILVR,2024-03-15,2217.1314712060007,2223.696991393977,2203.6670672510463,2214.895263671875,2221.27490234375,2217.916748046875,2215.439697265625,2201.4697265625,2221.460693359375,-0.0029554561587004785,-0.00899901891428199,-0.006043562755581511,0.006043562755581511,True,13.311271667480469,7.138665951992152,0.027672506985254586
HINDUNILVR,2024-03-18,2208.3294060404837,2212.3258191228897,2185.682755494743,2188.48974609375,2223.419677734375,2225.6083984375,2148.850341796875,2194.207763671875,2214.895263671875,-0.011921790619728753,-0.009340170769837694,0.002581619849891059,0.002581619849891059,True,13.633968353271484,6.663743454002542,0.034602100000483915
HINDUNILVR,2024-03-19,2172.5992278276485,2192.2483954119025,2137.963336127207,2157.089111328125,2189.164306640625,2217.21484375,2178.345703125,2199.856689453125,2188.48974609375,-0.014348084025375126,0.0051939669261251665,0.019542050951500294,0.019542050951500294,False,14.265892028808594,3.2182448230159935,0.03069241499179043
HINDUNILVR,2024-03-20,2140.9607093608674,2155.661926436658,2131.445328430375,2133.30078125,2147.17041015625,2165.67822265625,2134.781005859375,2149.55517578125,2157.089111328125,-0.011027977450351353,-0.003492639922620692,0.007535337527730661,0.007535337527730661,True,13.104263305664062,6.780994423985248,0.0459565180062782
HINDUNILVR,2024-03-21,2125.735961002828,2149.6670495560147,2125.735961002828,2133.681396484375,2134.388671875,2151.3408203125,2126.64892578125,2138.6396484375,2133.30078125,0.0001784161135271229,0.00250263218127718,0.0023242160677500573,0.0023242160677500573,True,12.622127532958984,5.711764563020552,0.03380474299774505
HINDUNILVR,2024-03-22,2130.541200274139,2156.185102851086,2123.880434290045,2147.193115234375,2149.899658203125,2173.0830078125,2132.459716796875,2157.870849609375,2133.681396484375,0.0063325849736811666,0.011336956475721487,0.00500437150204032,0.00500437150204032,True,10.476038932800293,5.930440033000195,0.04091999601223506
HINDUNILVR,2024-03-26,2123.928254544735,2149.667173922062,2123.8330078125,2131.4453125,2142.392578125,2156.117919921875,2129.73681640625,2139.63134765625,2147.193115234375,-0.00733413432757587,-0.003521698874905158,0.003812435452670712,0.003812435452670712,True,13.38089656829834,3.9742917380062863,0.031666782015236095
HINDUNILVR,2024-03-27,2140.960556087323,2153.3305504113832,2127.6390237383353,2131.15966796875,2131.091064453125,2160.7861328125,2134.15380859375,2147.207275390625,2131.4453125,-0.00013401447814533125,0.007394964720974984,0.007528979199120316,0.007528979199120316,False,12.885920524597168,6.947982737998245,0.052420413005165756
HINDUNILVR,2024-03-28,2136.20288054334,2177.023769167726,2131.540437113006,2154.615234375,2126.474365234375,2164.40380859375,2126.058837890625,2154.55859375,2131.15966796875,0.011006010839444028,0.010979433466640242,-2.6577372803785956e-05,2.6577372803785956e-05,True,12.48039436340332,8.504500071983784,0.031862050003837794
HINDUNILVR,2024-04-01,2159.991244302335,2183.779694129453,2152.378940357657,2175.12060546875,2137.339111328125,2176.66943359375,2132.6376953125,2167.678466796875,2154.615234375,0.009516952617156304,0.006062907294751546,-0.0034540453224047576,0.0034540453224047576,True,14.278017044067383,4.160623968986329,0.033511323999846354
HINDUNILVR,2024-04-02,2186.6347521861035,2186.6347521861035,2166.7000736443174,2175.88232421875,2167.23779296875,2185.83642578125,2160.71875,2173.0068359375,2175.12060546875,0.000350196098590977,-0.0009717941735899612,-0.0013219902721809383,0.0013219902721809383,False,13.949049949645996,7.14980312102125,0.06060750299366191
HINDUNILVR,2024-04-03,2171.267075188301,2171.267075188301,2151.4750383541527,2155.423828125,2164.64111328125,2179.93994140625,2157.90576171875,2175.2373046875,2175.88232421875,-0.009402390867390137,-0.0002964404481210141,0.009105950419269123,0.009105950419269123,True,14.342887878417969,6.4924961760116275,0.05944540700875223
HINDUNILVR,2024-04-04,2159.991348715431,2171.409805184411,2140.2469344044857,2155.18603515625,2150.333984375,2169.15234375,2140.300048828125,2152.28173828125,2155.423828125,-0.00011032306762464241,-0.001457759630728078,-0.0013474365631034354,0.0013474365631034354,True,14.126102447509766,6.585890215996187,0.027702675986802205
HINDUNILVR,2024-04-05,2155.186035249879,2169.9824982200603,2148.668139067341,2157.089111328125,2139.70361328125,2172.698974609375,2117.518798828125,2149.50732421875,2155.18603515625,0.0008830217627765149,-0.002634905221575592,-0.003517926984352107,0.003517926984352107,False,14.15812873840332,6.526814987009857,0.026007333013694733
HINDUNILVR,2024-04-08,2166.6521151770908,2178.022948283286,2157.3269959314625,2158.9921875,2150.85107421875,2176.322998046875,2135.5068359375,2165.210205078125,2157.089111328125,0.0008822427232518323,0.0037648392490377105,0.0028825965257858782,0.0028825965257858782,True,13.696046829223633,7.414621629024623,0.02718514800653793
HINDUNILVR,2024-04-09,2160.942933319301,2164.368563257449,2146.431977910618,2154.4248046875,2151.234619140625,2174.815673828125,2156.764404296875,2171.05322265625,2158.9921875,-0.0021155161370865314,0.005586419082977807,0.007701935220064338,0.007701935220064338,False,13.465696334838867,8.270047111000167,0.05025940100313164
HINDUNILVR,2024-04-10,2166.556884127424,2166.556884127424,2148.287400105084,2151.332275390625,2149.53515625,2163.44580078125,2140.914794921875,2147.18310546875,2154.4248046875,-0.0014354315314911035,-0.0033613144459689838,-0.0019258829144778802,0.0019258829144778802,True,14.573288917541504,7.025968084984925,0.029464740015100688
HINDUNILVR,2024-04-12,2151.3322566982424,2155.0910177947553,2120.597763925149,2124.118408203125,2151.114501953125,2164.76318359375,2135.30908203125,2143.5830078125,2151.332275390625,-0.0126497740487618,-0.0036020784268287606,0.009047695621933038,0.009047695621933038,True,14.471292495727539,6.68915355799254,0.03195907000917941
HINDUNILVR,2024-04-15,2119.741083507388,2119.7887068675727,2083.8681485983543,2087.721923828125,2129.440185546875,2145.09814453125,2120.852783203125,2127.625732421875,2124.118408203125,-0.01713486603874838,0.0016511905387218892,0.018786056577470272,0.018786056577470272,False,13.202718734741211,5.8811183189973235,0.043157388019608334
HINDUNILVR,2024-04-16,2077.2073559454366,2123.1190622781746,2066.7880617990954,2113.175537109375,2081.607177734375,2093.49755859375,2053.836669921875,2059.56689453125,2087.721923828125,0.01219205153269517,-0.01348600547588679,-0.02567805700858196,0.02567805700858196,False,11.84390640258789,5.788554375001695,0.03217288898304105
HINDUNILVR,2024-04-18,2107.704193082432,2129.2564348333967,2101.994965354063,2107.46630859375,2096.503662109375,2137.816650390625,2061.60498046875,2119.740234375,2113.175537109375,-0.00270172941876598,0.00310655558440019,0.00580828500316617,0.00580828500316617,False,14.130483627319336,5.367695493012434,0.05110444902675226
HINDUNILVR,2024-04-19,2112.4142154690803,2135.0132414228597,2089.5773050315765,2123.4521484375,2119.98583984375,2142.1201171875,2113.590576171875,2126.902587890625,2107.46630859375,0.007585335897690758,0.009222581266242997,0.001637245368552239,0.001637245368552239,True,13.685663223266602,6.915494050015695,0.05433006599196233
HINDUNILVR,2024-04-22,2140.9603870263354,2144.3383932099023,2121.02571344006,2132.872314453125,2117.400146484375,2134.919677734375,2106.704833984375,2116.65673828125,2123.4521484375,0.004436250669720362,-0.003200171080497513,-0.007636421750217875,0.007636421750217875,False,12.502683639526367,7.342959546978818,0.032146759011084214
HINDUNILVR,2024-04-23,2143.8150341424634,2163.3215624158415,2139.7233744330624,2153.092529296875,2126.194580078125,2142.16796875,2047.98486328125,2127.63720703125,2132.872314453125,0.009480274419959606,-0.0024544870250319214,-0.011934761444991527,0.011934761444991527,False,14.240113258361816,6.641068739001639,0.0293835990014486
HINDUNILVR,2024-04-24,2156.23307907994,2158.421663294692,2136.821561364154,2150.714111328125,2127.44775390625,2179.81298828125,2107.502197265625,2142.268310546875,2153.092529296875,-0.0011046520000358314,-0.005027289167890436,-0.003922637167854605,0.003922637167854605,True,15.148128509521484,3.7653136309818365,0.03511854901444167
HINDUNILVR,2024-04-25,2129.590042015343,2131.3028571784907,2107.752287535297,2122.739013671875,2146.876708984375,2170.44189453125,2128.578857421875,2155.031982421875,2150.714111328125,-0.013007353003777247,0.0020076453076711327,0.015014998311448379,0.015014998311448379,False,15.072193145751953,3.524401005008258,0.03225229901727289
HINDUNILVR,2024-04-26,2136.2030043143795,2145.7183851799227,2111.0824917529876,2114.93603515625,2102.0947265625,2133.701416015625,2070.6611328125,2107.48291015625,2122.739013671875,-0.0036759010247461137,-0.007186989741727727,-0.0035110887169816137,0.0035110887169816137,True,15.96340560913086,5.786485682998318,0.03129879300831817
HINDUNILVR,2024-04-29,2125.735806975703,2125.735806975703,2112.4142755085322,2118.21875,2120.412353515625,2137.68212890625,2110.5625,2122.35888671875,2114.93603515625,0.0015521579798074012,0.003509728634394186,0.001957570654586785,0.001957570654586785,True,13.431757926940918,7.408456271019531,0.055732691020239145
HINDUNILVR,2024-04-30,2123.8804638974716,2131.683029125793,2117.172074458158,2122.35791015625,2119.580078125,2130.493408203125,2100.50390625,2108.16796875,2118.21875,0.001954075874481802,-0.00474492129294956,-0.006698997167431362,0.006698997167431362,False,14.776403427124023,6.9534370669862255,0.027978705009445548
HINDUNILVR,2024-05-02,2098.1887545770787,2134.4898336062874,2098.1887545770787,2118.408935546875,2121.4052734375,2134.265625,2110.85498046875,2119.243408203125,2122.35791015625,-0.0018606544119998463,-0.0014674725399617954,0.00039318187203805097,0.00039318187203805097,True,14.048335075378418,6.913026178983273,0.034498090972192585
HINDUNILVR,2024-05-03,2123.832868867289,2127.305889730108,2097.1898042040793,2109.607421875,2112.08740234375,2128.797607421875,2104.93212890625,2117.866455078125,2118.408935546875,-0.0041547755601790155,-0.0002560792015399787,0.003898696358639037,0.003898696358639037,True,15.428842544555664,3.624418549996335,0.02594343200325966
HINDUNILVR,2024-05-06,2117.171925883484,2151.9030608474154,2104.801932608659,2146.85986328125,2109.168212890625,2121.265625,2091.73583984375,2098.4765625,2109.607421875,0.017658470964773326,-0.0052762704850113735,-0.0229347414497847,0.0229347414497847,False,14.247756958007812,6.391574854002101,0.05435652699088678
HINDUNILVR,2024-05-07,2156.1850424716877,2273.7952286210457,2149.524276674114,2264.08935546875,2147.903076171875,2167.1083984375,2135.25341796875,2152.07958984375,2146.85986328125,0.0546050975159259,0.0024313308249762494,-0.05217376669094965,0.05217376669094965,True,15.397438049316406,4.991889831988374,0.027583707007579505
HINDUNILVR,2024-05-08,2251.7197409141054,2257.286331905682,2212.326155203166,2227.598388671875,2269.9033203125,2294.2783203125,2242.853759765625,2263.6044921875,2264.08935546875,-0.01611728208020307,-0.00021415377448723326,0.015903128305715837,0.015903128305715837,True,13.328079223632812,7.438567588018486,0.03238449900527485
HINDUNILVR,2024-05-09,2227.1700153936445,2247.6280831254676,2207.0448465882805,2212.9443359375,2234.7900390625,2237.692138671875,2200.5859375,2211.96630859375,2227.598388671875,-0.0065784087512794215,-0.007017458873026508,-0.00043905012174708623,0.00043905012174708623,True,13.820237159729004,7.087578264006879,0.033482884988188744
HINDUNILVR,2024-05-10,2208.5199417588396,2256.0968470099992,2208.5199417588396,2248.056396484375,2217.8525390625,2233.189697265625,2206.736328125,2223.382080078125,2212.9443359375,0.01586667137381926,0.004716677220985369,-0.011149994152833891,0.011149994152833891,True,12.530166625976562,6.148768774990458,0.0340455720142927
HINDUNILVR,2024-05-13,2258.951417394285,2266.230590832508,2234.1161804125177,2246.248291015625,2239.71484375,2258.664794921875,2222.288330078125,2245.1494140625,2248.056396484375,-0.0008042972016082903,-0.001293109205988376,-0.0004888120043800857,0.0004888120043800857,True,12.066428184509277,7.786612793017412,0.0456416989909485
HINDUNILVR,2024-05-14,2246.2005599454214,2257.3335074106412,2233.0216665184257,2235.733642578125,2229.942138671875,2255.80419921875,2218.883056640625,2259.67578125,2246.248291015625,-0.004680982275893409,0.0059777408793503664,0.010658723155243775,0.010658723155243775,False,11.562294006347656,8.961824686994078,0.057729883992578834
HINDUNILVR,2024-05-15,2235.6863710142675,2241.633484090581,2205.3321664872997,2210.70849609375,2233.63623046875,2243.657470703125,2211.568359375,2224.700927734375,2235.733642578125,-0.011193259343504524,-0.004934717908090197,0.006258541435414327,0.006258541435414327,True,12.793474197387695,7.101400882995222,0.030729015008546412
HINDUNILVR,2024-05-16,2223.7443255783614,2234.306490394986,2189.822088503335,2229.59619140625,2221.82958984375,2249.099609375,2208.252197265625,2236.427734375,2210.70849609375,0.008543729463144483,0.011633934698624924,0.003090205235480441,0.003090205235480441,True,12.144806861877441,7.08043558098143,0.03117599297547713
HINDUNILVR,2024-05-17,2237.922206273115,2237.922206273115,2202.905792515625,2207.9013671875,2204.6064453125,2230.829833984375,2190.413818359375,2220.658447265625,2229.59619140625,-0.00973038270444239,-0.00400868290638216,0.005721699798060231,0.005721699798060231,True,14.882720947265625,6.500118487980217,0.030243146000429988
HINDUNILVR,2024-05-21,2195.1981059581112,2212.135528356664,2190.2025315947476,2198.71875,2232.53662109375,2246.0068359375,2213.354248046875,2230.623291015625,2207.9013671875,-0.0041589798004415075,0.010291186085485767,0.014450165885927273,0.014450165885927273,False,14.331151962280273,8.020997624989832,0.040216049004811794
HINDUNILVR,2024-05-22,2199.0044285495906,2258.9513255632746,2198.718920673421,2252.1953125,2196.38916015625,2208.185302734375,2175.476806640625,2189.70849609375,2198.71875,0.024321693031452978,-0.004097956551400674,-0.028419649582853652,0.028419649582853652,False,14.903633117675781,6.609503846993903,0.02665143000194803
HINDUNILVR,2024-05-23,2252.1954633173386,2271.131211122761,2240.8722527134705,2267.03955078125,2236.3828125,2253.39306640625,2212.777099609375,2239.89501953125,2252.1953125,0.006591008425806765,-0.0054614681508666895,-0.012052476576673455,0.012052476576673455,False,14.243456840515137,6.958967727026902,0.02624884099350311
HINDUNILVR,2024-05-24,2263.23319883726,2267.7530044687405,2250.101927593456,2254.2412109375,2258.7138671875,2281.2119140625,2243.548583984375,2270.4091796875,2267.03955078125,-0.005645397690278289,0.001486356470970603,0.007131754161248892,0.007131754161248892,False,14.747657775878906,6.4429166709887795,0.02683270999114029
HINDUNILVR,2024-05-27,2254.241167032986,2283.643598592014,2248.0085466112523,2268.9423828125,2241.48193359375,2250.1181640625,2220.599853515625,2234.749755859375,2254.2412109375,0.006521561137144696,-0.00864657028873092,-0.015168131425875617,0.015168131425875617,False,13.617586135864258,6.516948964999756,0.028647583007114008
HINDUNILVR,2024-05-28,2274.1760412952726,2292.2552650545235,2263.280976596913,2279.837646484375,2264.87158203125,2303.065673828125,2247.59912109375,2277.677734375,2268.9423828125,0.004801912888757281,0.0038499662347846707,-0.00095194665397261,0.00095194665397261,True,12.515090942382812,6.827605099999346,0.04849879801622592
HINDUNILVR,2024-05-29,2265.802414530094,2278.9336864083803,2254.5742187991223,2258.38037109375,2291.29443359375,2329.179443359375,2271.77099609375,2302.069091796875,2279.837646484375,-0.00941175588696555,0.009751328278477203,0.019163084165442754,0.019163084165442754,False,12.976149559020996,6.330166514992015,0.03410818098927848
HINDUNILVR,2024-05-30,2253.242158147563,2257.476456113005,2220.9374870126303,2237.446533203125,2254.68115234375,2267.544921875,2239.089599609375,2254.439697265625,2258.38037109375,-0.009269403045903464,-0.001744911476633364,0.0075244915692701,0.0075244915692701,True,14.026358604431152,6.800924138980918,0.03381589302443899
HINDUNILVR,2024-05-31,2238.968730126002,2262.233785853556,2205.284380615942,2216.179443359375,2243.20751953125,2283.29638671875,2232.955078125,2272.7236328125,2237.446533203125,-0.009505071753962348,0.01576667825839501,0.025271750012357357,0.025271750012357357,False,13.736371994018555,7.703483574994607,0.05957738700089976
HINDUNILVR,2024-06-03,2265.612214845417,2271.749589125197,2230.6908130565757,2241.728515625,2224.518798828125,2252.681884765625,2214.194091796875,2243.805419921875,2216.179443359375,0.011528431211732871,0.012465586505316293,0.0009371552935834217,0.0009371552935834217,True,13.937042236328125,7.064044662984088,0.03902848300640471
HINDUNILVR,2024-06-04,2258.9515459647555,2388.4083564655443,2228.5975722008384,2375.32470703125,2250.11669921875,2281.489990234375,2231.57666015625,2248.8837890625,2241.728515625,0.05959516974293518,0.0031918554756417907,-0.05640331426729339,0.05640331426729339,True,13.995814323425293,5.752149421983631,0.050045201991451904
HINDUNILVR,2024-06-05,2410.769334382574,2591.9420907889694,2402.633637386238,2476.61572265625,2337.07080078125,2361.6455078125,2306.319091796875,2337.615966796875,2375.32470703125,0.042643018584013495,-0.015875193872548266,-0.05851821245656176,0.05851821245656176,False,13.579813003540039,7.545847325993236,0.030052887013880536
HINDUNILVR,2024-06-06,2473.998928676966,2473.998928676966,2395.9728086186924,2426.04150390625,2429.424560546875,2515.46630859375,2390.928466796875,2443.715087890625,2476.61572265625,-0.02042069679496241,-0.013284513404581802,0.007136183390380609,0.007136183390380609,True,12.050477981567383,7.491382110019913,0.031022084003780037
HINDUNILVR,2024-06-07,2431.4651503967925,2470.668470382015,2402.6335019120306,2452.874755859375,2393.23681640625,2448.089599609375,2366.79833984375,2411.97265625,2426.04150390625,0.011060508202320483,-0.005799096030961252,-0.016859604233281734,0.016859604233281734,False,13.723496437072754,7.162155933998292,0.04887693698401563
HINDUNILVR,2024-06-10,2454.0164768149452,2467.9564154482496,2422.6157231372044,2441.028076171875,2439.33447265625,2488.319580078125,2406.904296875,2446.32763671875,2452.874755859375,-0.0048297124258794314,-0.0026691616133214225,0.002160550812558009,0.002160550812558009,True,13.342556953430176,6.696040701994207,0.047928679996402934
HINDUNILVR,2024-06-11,2441.6466046084306,2451.8280151494614,2427.6590419168024,2432.46435546875,2424.759765625,2465.751953125,2395.0029296875,2431.656005859375,2441.028076171875,-0.003508243426906828,-0.0038393947222424753,-0.00033115129533564745,0.00033115129533564745,True,13.036235809326172,7.399825853994116,0.0541549869813025
HINDUNILVR,2024-06-12,2443.5497898876715,2443.5497898876715,2395.021347798781,2406.154296875,2453.365234375,2490.504638671875,2422.211669921875,2452.74560546875,2432.46435546875,-0.010816215470783291,0.008337737798460643,0.019153953269243934,0.019153953269243934,False,12.27027702331543,6.287934872991173,0.05231177402311005
HINDUNILVR,2024-06-13,2367.378861098653,2384.3639068951125,2327.8900350917966,2366.85546875,2422.122314453125,2450.2197265625,2398.303955078125,2422.92724609375,2406.154296875,-0.01633263011272364,0.006970853548558344,0.023303483661281984,0.023303483661281984,False,13.030342102050781,6.201227067998843,0.04625129699707031
HINDUNILVR,2024-06-14,2376.0794838583147,2412.013628887546,2373.5812878627453,2382.56494140625,2353.48681640625,2383.74560546875,2330.382568359375,2358.718505859375,2366.85546875,0.00663727585552429,-0.0034378790754478763,-0.010075154930972167,0.010075154930972167,False,14.57482624053955,5.869650631007971,0.05042355100158602
HINDUNILVR,2024-06-18,2382.7088309801543,2400.099558116516,2376.2233738075015,2388.81005859375,2440.4716796875,2486.4775390625,2425.0927734375,2465.467041015625,2382.56494140625,0.0026211739621309015,0.03479531582482032,0.03217414186268942,0.03217414186268942,True,14.981203079223633,5.444476256001508,0.02674450000631623
HINDUNILVR,2024-06-19,2397.2172668730286,2397.2172668730286,2355.4220960878674,2360.70654296875,2390.632080078125,2425.118408203125,2376.665771484375,2404.921142578125,2388.81005859375,-0.011764650573157768,0.006744397247665354,0.018509047820823122,0.018509047820823122,False,12.873252868652344,6.72855719999643,0.06093762200907804
HINDUNILVR,2024-06-20,2360.706616671376,2392.4132989465716,2350.76215431065,2384.9189453125,2365.30029296875,2393.3310546875,2341.13525390625,2367.416015625,2360.70654296875,0.010256421924133462,0.0028421459991432815,-0.007414275924990181,0.007414275924990181,True,11.63400650024414,7.476786854997044,0.03245514800073579
HINDUNILVR,2024-06-21,2378.0010255446114,2380.88345103012,2331.4499008681246,2345.621826171875,2370.044921875,2414.2470703125,2336.3916015625,2352.008544921875,2384.9189453125,-0.01647733949946707,-0.013799378991604553,0.002677960507862516,0.002677960507862516,True,13.544984817504883,6.990298739023274,0.03934005298651755
HINDUNILVR,2024-06-24,2339.568797683873,2371.1314520893884,2331.9304166962634,2346.486572265625,2343.00830078125,2358.434814453125,2326.338623046875,2338.83203125,2345.621826171875,0.00036866390144454426,-0.0028946673526465895,-0.003263331254091134,0.003263331254091134,False,14.333078384399414,6.031914121995214,0.03698345200973563
HINDUNILVR,2024-06-25,2343.7483395788545,2350.8101414046546,2332.7468944491416,2336.87841796875,2332.56591796875,2387.248779296875,2306.78857421875,2327.0283203125,2346.486572265625,-0.004094698180010444,-0.008292505136450575,-0.004197806956440131,0.004197806956440131,True,11.409669876098633,6.267178421025164,0.046968554001068696
HINDUNILVR,2024-06-26,2341.4906141230595,2370.3148728114843,2337.070800628534,2349.753662109375,2329.98388671875,2339.5283203125,2308.86279296875,2319.864990234375,2336.87841796875,0.005509590931913504,-0.0072804077454587165,-0.012789998677372221,0.012789998677372221,False,16.150117874145508,5.858971620997181,0.052463564003119245
HINDUNILVR,2024-06-27,2353.932967227559,2385.879852968175,2340.5297342598874,2365.65478515625,2353.87109375,2386.00732421875,2335.259765625,2365.9931640625,2349.753662109375,0.006767144702564504,0.00691115082188947,0.00014400611932496605,0.00014400611932496605,True,14.427536010742188,5.571046371012926,0.03260400699218735
HINDUNILVR,2024-06-28,2366.4712693367455,2392.8935023480167,2366.327241894727,2376.12744140625,2369.1982421875,2396.959228515625,2350.497314453125,2362.791015625,2365.65478515625,0.004426958792006623,-0.0012105610460238178,-0.005637519838030441,0.005637519838030441,False,14.203254699707031,6.650146074010991,0.05193177500041202
HINDUNILVR,2024-07-01,2364.5977267940966,2424.1197644648755,2354.0769209852706,2406.92138671875,2380.34228515625,2409.205810546875,2364.91259765625,2393.04931640625,2376.12744140625,0.012959719573911151,0.007121619280649872,-0.005838100293261279,0.005838100293261279,True,14.170511245727539,6.319695863989182,0.03036000599968247
HINDUNILVR,2024-07-02,2416.4334016689368,2416.4334016689368,2382.1806721302996,2387.753173828125,2397.76513671875,2437.2880859375,2373.4892578125,2405.6533203125,2406.92138671875,-0.007963788512742487,-0.0005268416381387093,0.007436946874603777,0.007436946874603777,True,12.762269973754883,7.034920051984955,0.051779404981061816
HINDUNILVR,2024-07-03,2389.1944701801613,2421.093501473132,2377.3286254147783,2411.9658203125,2393.962646484375,2431.478271484375,2359.694580078125,2367.030517578125,2387.753173828125,0.010140347314691862,-0.008678726292624606,-0.018819073607316467,0.018819073607316467,False,11.952309608459473,7.306259584991494,0.03301295600249432
HINDUNILVR,2024-07-04,2416.481418640606,2437.4270904546393,2395.1993700290486,2398.1298828125,2401.868408203125,2439.4541015625,2379.068359375,2409.9697265625,2411.9658203125,-0.005736373784188776,-0.000827579617086523,0.004908794167102253,0.004908794167102253,True,14.523977279663086,6.340114466991508,0.04713031300343573
HINDUNILVR,2024-07-05,2398.12987938707,2453.9048585805604,2398.12987938707,2447.17919921875,2402.29736328125,2431.1181640625,2386.24560546875,2411.7158203125,2398.1298828125,0.020453152582680597,0.005665221720212487,-0.01478793086246811,0.01478793086246811,True,12.61996078491211,4.959949782001786,0.03493535899906419
HINDUNILVR,2024-07-08,2459.6699998848726,2493.2983006645486,2436.850795784378,2485.755859375,2417.66357421875,2446.389404296875,2399.391357421875,2423.929443359375,2447.17919921875,0.015763725095638854,-0.009500634798954393,-0.025264359894593247,0.025264359894593247,False,13.022483825683594,4.818909920984879,0.027098307997221127
HINDUNILVR,2024-07-09,2485.755757930268,2511.553561447393,2467.3563679406675,2488.63818359375,2470.376220703125,2495.229736328125,2445.978271484375,2467.73876953125,2485.755859375,0.0011595363269000642,-0.0072481333095520024,-0.008407669636452066,0.008407669636452066,False,13.873135566711426,6.4615463520167395,0.04585504799615592
HINDUNILVR,2024-07-10,2479.846813854659,2523.0831976684753,2472.160345621092,2508.142578125,2475.802001953125,2510.165283203125,2454.10302734375,2481.586181640625,2488.63818359375,0.007837376545868323,-0.00283367907782459,-0.010671055623692912,0.010671055623692912,False,15.150623321533203,4.267437819013139,0.049757102999137715
HINDUNILVR,2024-07-11,2514.4359645699687,2514.4840519117424,2488.542221172962,2506.60546875,2502.599853515625,2550.13671875,2484.8828125,2521.752197265625,2508.142578125,-0.0006128476859354182,0.005426174436542231,0.006039022122477649,0.006039022122477649,False,14.026037216186523,6.128925088996766,0.02717003898578696
HINDUNILVR,2024-07-12,2499.062800724271,2536.053926378974,2499.062800724271,2519.47998046875,2491.42138671875,2517.305419921875,2467.535888671875,2491.320068359375,2506.60546875,0.00513623379477038,-0.006098047970128925,-0.011234281764899306,0.011234281764899306,False,12.800751686096191,6.024746030016104,0.027488387015182525
HINDUNILVR,2024-07-15,2525.004868370629,2526.2058790576393,2511.2171718547897,2517.606689453125,2517.94091796875,2567.3466796875,2505.208251953125,2541.04931640625,2519.47998046875,-0.0007435228817640669,0.008561026920121437,0.009304549801885503,0.009304549801885503,False,15.414649963378906,2.970907280978281,0.025505503988824785
HINDUNILVR,2024-07-16,2523.03539758819,2618.2035401549106,2521.690359323134,2583.0859375,2506.839111328125,2533.37646484375,2486.8134765625,2508.7587890625,2517.606689453125,0.026008529577389396,-0.00351440931091065,-0.029522938888300047,0.029522938888300047,False,13.060498237609863,6.28924659799668,0.0262084020068869
HINDUNILVR,2024-07-18,2594.1829285927874,2643.376276472366,2550.9465464495743,2631.077880859375,2598.78515625,2662.3994140625,2586.46044921875,2623.059814453125,2583.0859375,0.018579305729883405,0.015475240824474119,-0.003104064905409286,0.003104064905409286,True,12.342094421386719,8.506805493001593,0.0267899890022818
HINDUNILVR,2024-07-19,2631.654457755346,2635.4976917206695,2609.5077751156914,2620.124755859375,2583.81298828125,2617.218017578125,2537.770263671875,2567.316650390625,2631.077880859375,-0.004162980153374418,-0.02423388183702263,-0.020070901683648213,0.020070901683648213,True,13.312973022460938,6.34287802700419,0.026695389999076724
HINDUNILVR,2024-07-22,2599.6593416638,2642.175115010656,2599.611254327465,2628.099365234375,2599.901611328125,2630.971923828125,2541.2236328125,2563.6240234375,2620.124755859375,0.0030435991099913894,-0.0215641382325489,-0.02460773734254029,0.02460773734254029,False,13.722814559936523,7.0927919640089385,0.025946473004296422
HINDUNILVR,2024-07-23,2638.380313247674,2701.121159308212,2624.9289933695,2657.932861328125,2632.71484375,2671.397705078125,2622.564208984375,2653.468017578125,2628.099365234375,0.011351738251757249,0.009652851288401576,-0.0016988869633556732,0.0016988869633556732,True,11.896944046020508,8.732851284992648,0.05640189899713732
HINDUNILVR,2024-07-24,2640.3016724627655,2649.3812655791385,2570.258828910882,2610.564697265625,2629.88671875,2664.488525390625,2599.46435546875,2629.5390625,2657.932861328125,-0.01782142986065905,-0.010682662170005712,0.007138767690653339,0.007138767690653339,True,11.886040687561035,7.3713253009773325,0.05707551600062288
HINDUNILVR,2024-07-25,2610.5646429880785,2618.058995803944,2565.358558553034,2601.1005859375,2579.68994140625,2609.30419921875,2564.5947265625,2591.182861328125,2610.564697265625,-0.003625311925055128,-0.007424384447472629,-0.0037990725224175013,0.0037990725224175013,True,12.436126708984375,5.983695403992897,0.026467320014489815
HINDUNILVR,2024-07-26,2617.2424725522474,2620.1248981828116,2581.9327585778365,2604.800048828125,2585.68798828125,2646.158935546875,2577.81640625,2632.88818359375,2601.1005859375,0.001422268293131626,0.01222082599500587,0.010798557701874245,0.010798557701874245,True,12.629788398742676,6.4475487239833456,0.02665380999678746
HINDUNILVR,2024-07-29,2604.9441491096536,2613.3993114435107,2587.2653652435565,2605.32861328125,2594.943603515625,2627.176025390625,2581.32080078125,2611.098388671875,2604.800048828125,0.00020291939619810595,0.0024179744032881,0.0022150550070899945,0.0022150550070899945,True,14.125838279724121,2.9407395829912275,0.026934818975860253
HINDUNILVR,2024-07-30,2609.1716754019894,2646.403005047723,2580.15507083308,2585.919921875,2601.727783203125,2644.76806640625,2591.50927734375,2632.369384765625,2605.32861328125,-0.007449613575542763,0.010379025258667398,0.01782863883421016,0.01782863883421016,False,13.255256652832031,6.272564039973076,0.031612432008842006
HINDUNILVR,2024-07-31,2598.9868964520315,2603.4545619829696,2570.210729854959,2599.611328125,2594.54052734375,2621.70947265625,2579.93359375,2605.003662109375,2585.919921875,0.0052945979240040155,0.0073798651199290626,0.002085267195925047,0.002085267195925047,True,14.880443572998047,6.616014631988946,0.04282676998991519
HINDUNILVR,2024-08-01,2607.63447908741,2618.155286095555,2589.571230917644,2609.123779296875,2609.924560546875,2634.0029296875,2586.3876953125,2615.12841796875,2599.611328125,0.00365918207424337,0.005969003779861924,0.0023098217056185537,0.0023098217056185537,True,15.194685935974121,5.408530279994011,0.03324681500089355
HINDUNILVR,2024-08-02,2605.712580239621,2651.3509827327557,2576.071545001969,2587.02490234375,2607.212158203125,2647.669189453125,2592.979736328125,2631.959716796875,2609.123779296875,-0.008469846133202757,0.008752339647969476,0.017222185781172232,0.017222185781172232,False,13.391782760620117,7.556675706000533,0.026209151023067534
HINDUNILVR,2024-08-05,2571.075464055805,2634.5369125284533,2561.707581161147,2609.459716796875,2594.4775390625,2610.4990234375,2563.778076171875,2585.12548828125,2587.02490234375,0.00867205199022239,-0.0007342078774654238,-0.009406259867687814,0.009406259867687814,False,15.132572174072266,5.055961002013646,0.024805536988424137
HINDUNILVR,2024-08-06,2613.495316474495,2663.120982084399,2602.493871399837,2642.271484375,2598.535888671875,2653.456298828125,2575.613525390625,2639.52978515625,2609.459716796875,0.01257416137406467,0.011523484407832194,-0.0010506769662324764,0.0010506769662324764,True,16.656253814697266,2.3065545309800655,0.0261715020169504
HINDUNILVR,2024-08-07,2672.680937724784,2672.8251997421476,2628.291632268289,2636.506591796875,2645.828857421875,2679.974365234375,2624.075439453125,2658.907470703125,2642.271484375,-0.002181794191935058,0.006296092746904112,0.00847788693883917,0.00847788693883917,False,16.1145076751709,4.282337322016247,0.02590064299874939
HINDUNILVR,2024-08-08,2646.0664051435674,2651.1106493799525,2613.783148201757,2626.08154296875,2660.642578125,2690.47021484375,2628.72216796875,2662.614990234375,2636.506591796875,-0.003954114456061326,0.009902648648303276,0.013856763104364601,0.013856763104364601,False,14.158387184143066,4.772817163990112,0.026235821016598493
HINDUNILVR,2024-08-09,2647.988365284219,2649.909982385296,2612.0542193230376,2639.533203125,2651.676513671875,2709.51708984375,2636.38720703125,2692.30810546875,2626.08154296875,0.00512233147986832,0.025218776118098665,0.020096444638230345,0.020096444638230345,True,13.654559135437012,5.971249750000425,0.026054863003082573
HINDUNILVR,2024-08-12,2630.693760855518,2655.098203741582,2615.7050539259953,2640.974365234375,2636.44580078125,2654.95703125,2608.861328125,2632.32080078125,2639.533203125,0.0005459912789385552,-0.002732453729019617,-0.003278445007958172,0.003278445007958172,False,13.879365921020508,6.389819951000391,0.02646351998555474
HINDUNILVR,2024-08-13,2634.5367839801565,2649.573342474069,2623.103257193001,2633.960205078125,2624.3291015625,2638.32177734375,2587.01220703125,2609.836181640625,2640.974365234375,-0.002655898614005488,-0.011790414933083465,-0.009134516319077978,0.009134516319077978,True,13.726694107055664,6.629313003009884,0.025924991990905255
HINDUNILVR,2024-08-14,2633.5764169873905,2635.065717256974,2600.5246944192877,2615.369140625,2632.11572265625,2649.4970703125,2611.7607421875,2633.325439453125,2633.960205078125,-0.007058217666797885,-0.00024099286837219792,0.006817224798425687,0.006817224798425687,True,13.028717041015625,6.6809955289936624,0.04242224100744352
HINDUNILVR,2024-08-16,2630.5975302627953,2645.682411553872,2604.4635856599443,2640.5419921875,2622.4462890625,2643.727783203125,2602.637451171875,2627.7978515625,2615.369140625,0.009624970781938795,0.00475218229979187,-0.004872788482146925,0.004872788482146925,True,14.185578346252441,5.999086276016897,0.02531017502769828
HINDUNILVR,2024-08-19,2642.271493522543,2651.591289168054,2629.7809828751347,2635.0654296875,2638.006103515625,2668.37890625,2621.849609375,2647.825927734375,2640.5419921875,-0.002074029693980765,0.0027585001747466175,0.004832529868727382,0.004832529868727382,False,13.444926261901855,6.656195492018014,0.025408493995200843
HINDUNILVR,2024-08-20,2635.065549158341,2648.2285794460054,2627.8594849965834,2643.232421875,2656.06640625,2680.1416015625,2618.167724609375,2647.537109375,2635.0654296875,0.0030993508151592832,0.0047329677460718885,0.0016336169309126053,0.0016336169309126053,True,14.185796737670898,4.31614294598694,0.024951077008154243
HINDUNILVR,2024-08-21,2641.7431673730434,2685.5561320629663,2635.449824315157,2681.808837890625,2637.583740234375,2648.583251953125,2616.2939453125,2632.115234375,2643.232421875,0.014594409366490929,-0.004205906150361884,-0.018800315516852812,0.018800315516852812,False,15.162959098815918,6.444016277004266,0.024897106981370598
HINDUNILVR,2024-08-22,2693.0980594265625,2699.8718060680067,2673.065343530661,2683.345947265625,2673.719970703125,2699.010986328125,2638.56298828125,2645.105224609375,2681.808837890625,0.0005731614249615988,-0.013686140772852103,-0.014259302197813701,0.014259302197813701,False,16.148948669433594,3.034902979998151,0.025485415011644363
HINDUNILVR,2024-08-23,2689.495041641558,2710.440713352591,2662.7366663031476,2705.25244140625,2686.11669921875,2698.59716796875,2661.805908203125,2680.60009765625,2683.345947265625,0.008163872482766558,-0.0010232931807294798,-0.009187165663496038,0.009187165663496038,False,14.31451416015625,6.627157831011573,0.041670223989058286
HINDUNILVR,2024-08-26,2705.252661115509,2723.84416591014,2693.7229584562397,2710.5849609375,2684.8271484375,2693.56787109375,2653.81005859375,2674.050048828125,2705.25244140625,0.0019711726157718716,-0.011534004036201998,-0.01350517665197387,0.01350517665197387,False,15.100408554077148,5.840986939001596,0.04469979298301041
HINDUNILVR,2024-08-27,2698.9110690675607,2713.419371206562,2651.39913578788,2658.4609375,2712.57861328125,2723.10986328125,2689.506103515625,2706.958740234375,2710.5849609375,-0.019229806181567558,-0.0013378000525284448,0.017892006129039115,0.017892006129039115,True,13.479007720947266,6.857597527006874,0.050447951012756675
HINDUNILVR,2024-08-28,2651.83161941354,2672.729205544788,2638.1400974654807,2656.01123046875,2666.44384765625,2687.714111328125,2651.050048828125,2673.62646484375,2658.4609375,-0.0009214756540879209,0.005704626737157013,0.006626102391244934,0.006626102391244934,False,14.496716499328613,5.465882235002937,0.026271510985679924
HINDUNILVR,2024-08-29,2661.3916231371236,2699.8720528691883,2637.419496486093,2676.092041015625,2648.669677734375,2664.109619140625,2627.36767578125,2648.46875,2656.01123046875,0.0075605141712187,-0.0028397773255720966,-0.010400291496790797,0.010400291496790797,False,14.872369766235352,4.451112780021504,0.05794246299774386
HINDUNILVR,2024-08-30,2686.1324855620223,2705.925236031188,2651.9278410437555,2669.126220703125,2681.505126953125,2701.08447265625,2663.49462890625,2688.692138671875,2676.092041015625,-0.002602982336084504,0.004708394727510208,0.007311377063594712,0.007311377063594712,False,14.960456848144531,6.82198060999508,0.025424894993193448
HINDUNILVR,2024-09-02,2684.499119525131,2698.815073255556,2670.086991109642,2679.7431640625,2680.67041015625,2696.28076171875,2663.13916015625,2681.845703125,2669.126220703125,0.003977685010556822,0.004765410613861611,0.0007877256033047893,0.0007877256033047893,True,13.575061798095703,5.772903753997525,0.04695970399188809
HINDUNILVR,2024-09-03,2671.0479873535805,2717.118714177803,2666.243944210858,2684.78759765625,2719.49755859375,2745.04931640625,2704.070556640625,2727.974853515625,2679.7431640625,0.0018824317424893141,0.017998623935289972,0.01611619219280066,0.01611619219280066,True,15.555171966552734,3.9851206770108547,0.025255735992686823
HINDUNILVR,2024-09-04,2671.0476947453803,2732.3954127863854,2663.0248497469543,2729.897216796875,2704.130615234375,2765.462158203125,2687.0673828125,2715.62255859375,2684.78759765625,0.016801932182644367,0.011485065323014052,-0.005316866859630315,0.005316866859630315,True,13.128613471984863,5.933819780009799,0.025890452991006896
HINDUNILVR,2024-09-05,2728.7444187868173,2743.1084599551136,2712.9870175378533,2727.20703125,2716.2265625,2745.157958984375,2700.994384765625,2731.25537109375,2729.897216796875,-0.0009854530530755768,0.0004975111474960916,0.0014829642005716685,0.0014829642005716685,False,14.57131576538086,3.24098679801682,0.025374004995683208
HINDUNILVR,2024-09-06,2717.262624333097,2754.109489722698,2717.262624333097,2727.687255859375,2715.9111328125,2737.710693359375,2696.556396484375,2719.693359375,2727.20703125,0.0001760865984401968,-0.002755079386677934,-0.002931165985118131,0.002931165985118131,False,15.36398696899414,3.6758104969921988,0.02483365699299611
HINDUNILVR,2024-09-09,2741.282787084872,2823.0474485552013,2731.770642323624,2807.290283203125,2724.67041015625,2750.532958984375,2712.275146484375,2739.9189453125,2727.687255859375,0.02918334100537144,0.004484271217988783,-0.024699069787382656,0.024699069787382656,True,13.155699729919434,6.959807053004624,0.025282045011408627
HINDUNILVR,2024-09-10,2819.0120375659517,2822.4710418704444,2774.3344439235466,2784.99951171875,2757.382568359375,2782.5537109375,2728.135498046875,2752.788818359375,2807.290283203125,-0.00794031583329572,-0.01941426049520027,-0.011473944661904548,0.011473944661904548,True,12.673569679260254,5.144591380027123,0.025782912998693064
HINDUNILVR,2024-09-11,2797.4902425402506,2834.3851966953944,2784.5193272333395,2790.33203125,2773.072021484375,2792.744140625,2747.160888671875,2768.07177734375,2784.99951171875,0.0019147290722356571,-0.006078182169789008,-0.007992911242024666,0.007992911242024666,False,11.709293365478516,8.587703929981217,0.026302051002858207
HINDUNILVR,2024-09-12,2796.913807637595,2847.260083963289,2780.772176398719,2840.534423828125,2805.37646484375,2832.708984375,2786.16455078125,2804.81396484375,2790.33203125,0.017991547964861934,0.005190039547824869,-0.012801508417037064,0.012801508417037064,True,12.23605728149414,6.536493541003438,0.05968397599644959
HINDUNILVR,2024-09-13,2840.534085684311,2840.534085684311,2804.119538259187,2818.003173828125,2834.4296875,2858.8896484375,2799.7509765625,2815.574462890625,2840.534423828125,-0.00793204610054862,-0.008787065112860705,-0.0008550190123120856,0.0008550190123120856,True,14.501392364501953,4.798954785976093,0.026189222000539303
HINDUNILVR,2024-09-16,2795.9527214811214,2795.9527214811214,2697.3736760288116,2754.734130859375,2805.068115234375,2831.5478515625,2785.224365234375,2809.987548828125,2818.003173828125,-0.0224517287831163,-0.0028444343407573775,0.019607294442358925,0.019607294442358925,True,11.77057933807373,6.959361446002731,0.025599654007237405
HINDUNILVR,2024-09-17,2754.734220040867,2799.6998714212546,2748.008560355651,2760.88330078125,2752.926513671875,2779.141357421875,2730.117919921875,2759.726318359375,2754.734130859375,0.0022322190199736943,0.0018122211664915273,-0.00041999785348216696,0.00041999785348216696,True,13.666332244873047,5.308378286019433,0.025695493997773156
HINDUNILVR,2024-09-18,2761.3635237950193,2780.147376168852,2749.5455327807945,2763.14111328125,2775.440673828125,2809.230224609375,2755.829833984375,2789.33740234375,2760.88330078125,0.0008177862857735075,0.010306158740736458,0.00948837245496295,0.00948837245496295,True,13.79653549194336,6.725962089985842,0.02540695498464629
HINDUNILVR,2024-09-19,2763.5255740396533,2819.3005569204092,2760.7393230916587,2797.63427734375,2776.95654296875,2804.41552734375,2759.4453125,2786.256591796875,2763.14111328125,0.012483316142163699,0.00836565255553496,-0.004117663586628739,0.004117663586628739,True,13.93305492401123,6.153043322003214,0.055533061997266486
HINDUNILVR,2024-09-20,2810.1725874904714,2872.192819543821,2781.924678457614,2860.9033203125,2794.732666015625,2817.11376953125,2769.279052734375,2792.134033203125,2797.63427734375,0.022615194373734087,-0.001966034011367375,-0.02458122838510146,0.02458122838510146,False,12.89765739440918,5.857770524016814,0.025987152010202408
HINDUNILVR,2024-09-23,2863.209388903986,2916.05385749114,2853.5532163658545,2909.856689453125,2826.73828125,2855.08154296875,2790.235107421875,2823.513916015625,2860.9033203125,0.017111158141225744,-0.013069090462235861,-0.030180248603461607,0.030180248603461607,False,13.80166244506836,6.515799048996996,0.025335284997709095
HINDUNILVR,2024-09-24,2901.64167780885,2901.64167780885,2830.6380232967213,2834.91357421875,2871.705810546875,2895.939697265625,2839.26123046875,2866.31201171875,2909.856689453125,-0.025754916214949308,-0.0149645437495957,0.010790372465353608,0.010790372465353608,True,14.682891845703125,3.589935758995125,0.052889742015395314
HINDUNILVR,2024-09-25,2834.913608154621,2844.3295785071546,2791.244908103834,2833.376220703125,2846.04833984375,2857.236328125,2778.990478515625,2795.4130859375,2834.91357421875,-0.0005422929043079087,-0.013933577601968204,-0.013391284697660294,0.013391284697660294,True,13.381453514099121,6.240655169996899,0.025586523988749832
HINDUNILVR,2024-09-26,2835.4422567851584,2875.5560144698934,2825.9301112254557,2869.070556640625,2833.292236328125,2856.674072265625,2809.019287109375,2836.289306640625,2833.376220703125,0.012597810229607336,0.001028132415389967,-0.01156967781421737,0.01156967781421737,True,12.68412971496582,7.391679223976098,0.025916112994309515
HINDUNILVR,2024-09-27,2869.0704340908233,2911.2498345646336,2837.027375911129,2849.998291015625,2853.23291015625,2911.224365234375,2834.635498046875,2889.83837890625,2869.070556640625,-0.006647541511607712,0.007238519184394649,0.013886060696002362,0.013886060696002362,False,12.801929473876953,4.821344341995427,0.02646370101138018
HINDUNILVR,2024-09-30,2848.0287842912826,2880.407986959027,2827.27545942713,2842.360107421875,2834.528564453125,2859.701904296875,2801.488037109375,2836.397705078125,2849.998291015625,-0.0026800660259441974,-0.004772138278249036,-0.002092072252304839,0.002092072252304839,True,14.57894515991211,4.808959528978448,0.04929003500728868
HINDUNILVR,2024-10-01,2846.5875094664507,2846.5875094664507,2778.0818113655655,2809.1640625,2829.348388671875,2858.458740234375,2800.722412109375,2835.967529296875,2842.360107421875,-0.011679042650223877,-0.0022490387858695015,0.009430003864354376,0.009430003864354376,True,15.19662857055664,3.0494430559920147,0.026136271975701675
HINDUNILVR,2024-10-03,2794.75192453702,2808.5396213284594,2748.969490062006,2779.95556640625,2809.8076171875,2830.140869140625,2772.843994140625,2798.019775390625,2809.1640625,-0.010397575735664246,-0.003967118637940001,0.006430457097724245,0.006430457097724245,True,15.223987579345703,5.489618055988103,0.02653159000328742
HINDUNILVR,2024-10-04,2777.6974314563677,2799.7960274174525,2706.6456883133583,2737.103271484375,2752.290771484375,2807.275634765625,2719.39599609375,2755.357177734375,2779.95556640625,-0.015414740954752641,-0.008848482676891931,0.00656625827786071,0.00656625827786071,True,14.813447952270508,5.904345151007874,0.04877126700012013
HINDUNILVR,2024-10-07,2733.500208864578,2754.1095044738768,2714.3321260191797,2722.354736328125,2724.9326171875,2741.453857421875,2705.845947265625,2723.90087890625,2737.103271484375,-0.0053883736539657974,-0.004823490847301911,0.0005648828066638868,0.0005648828066638868,True,12.837104797363281,5.999964532995364,0.025591623998479918
HINDUNILVR,2024-10-08,2732.539476632422,2772.8934351480907,2689.0148030331857,2708.3271484375,2720.351318359375,2753.929931640625,2684.508544921875,2701.2001953125,2722.354736328125,-0.005152740641561363,-0.007770677617185906,-0.0026179369756245425,0.0026179369756245425,True,12.63267707824707,6.707068841002183,0.025708853994728997
HINDUNILVR,2024-10-09,2712.7463913245397,2715.1005596046,2652.5037504798843,2660.430419921875,2713.4912109375,2744.531005859375,2689.57763671875,2704.518310546875,2708.3271484375,-0.01768498629984852,-0.0014063433558321827,0.016278642944016337,0.016278642944016337,True,13.12148666381836,5.518897815985838,0.05672928798594512
HINDUNILVR,2024-10-10,2661.4394300011586,2678.157403349832,2626.0816318144653,2646.739013671875,2651.458740234375,2714.39501953125,2629.755859375,2680.668212890625,2660.430419921875,-0.0051463124716496274,0.0076069619476627,0.012753274419312326,0.012753274419312326,False,14.541910171508789,7.3825967790035065,0.02538141398690641
HINDUNILVR,2024-10-11,2656.4435309289793,2680.65585951984,2629.781093616551,2674.122314453125,2643.691162109375,2665.61572265625,2624.23388671875,2640.544189453125,2646.739013671875,0.010346052496978382,-0.002340549705411186,-0.012686602202389569,0.012686602202389569,False,13.452913284301758,5.817759965982987,0.025356535013997927
HINDUNILVR,2024-10-14,2682.1932811757006,2694.7797326210543,2656.6356795435354,2679.791259765625,2657.1923828125,2660.059814453125,2610.220947265625,2605.578857421875,2674.122314453125,0.0021199274550234384,-0.0256321323302175,-0.02775205978524094,0.02775205978524094,False,13.435449600219727,5.6563938109902665,0.05207821499789134
HINDUNILVR,2024-10-15,2683.6344784180606,2689.591444565931,2656.8758662364426,2672.44091796875,2687.367919921875,2705.315185546875,2655.028076171875,2660.520263671875,2679.791259765625,-0.002742878487303471,-0.007191230295838581,-0.00444835180853511,0.00444835180853511,True,14.568699836730957,6.377728157007368,0.05709714500699192
HINDUNILVR,2024-10-16,2679.8390730118053,2687.9100055740655,2647.6041338219375,2672.248779296875,2664.247314453125,2676.288818359375,2619.388671875,2633.96630859375,2672.44091796875,-7.189632166724921e-05,-0.014396804477998904,-0.014324908156331655,0.014324908156331655,True,14.375585556030273,6.61959820901393,0.05088584899203852
HINDUNILVR,2024-10-17,2670.5191491058513,2672.969257705141,2616.713872890363,2631.318115234375,2668.115478515625,2694.291748046875,2654.106201171875,2677.34130859375,2672.248779296875,-0.015316936199806112,0.0019057092798878373,0.01722264547969395,0.01722264547969395,False,13.5909423828125,7.997330882993992,0.02564504399197176
HINDUNILVR,2024-10-18,2631.318273958351,2632.615459345749,2587.889773879245,2610.613037109375,2625.97998046875,2637.583740234375,2589.3193359375,2602.15234375,2631.318115234375,-0.007868709604180934,-0.011084091777241144,-0.0032153821730602095,0.0032153821730602095,True,13.194231033325195,6.0640508419892285,0.047242413013009354
HINDUNILVR,2024-10-21,2608.5953817990226,2630.693979876878,2575.399397337152,2587.986083984375,2609.5556640625,2620.9970703125,2560.5908203125,2572.098876953125,2610.613037109375,-0.0086672949239746,-0.014752918034491682,-0.006085623110517082,0.006085623110517082,True,13.236469268798828,6.734207968984265,0.04103602599934675
HINDUNILVR,2024-10-22,2579.8672317373293,2603.791271733519,2568.9619604418804,2576.600341796875,2602.706787109375,2626.8779296875,2585.5185546875,2605.22314453125,2587.986083984375,-0.0043994603595282475,0.0066604146960239485,0.011059875055552195,0.011059875055552195,False,11.612637519836426,4.987401909020264,0.025188955012708902
HINDUNILVR,2024-10-23,2518.2791120453326,2587.5054123069553,2518.2791120453326,2555.078125,2572.2861328125,2589.8037109375,2559.13818359375,2566.099365234375,2576.600341796875,-0.00835295115340464,-0.004075516249903471,0.00427743490350117,0.00427743490350117,True,14.571304321289062,5.211050090991193,0.025240885006496683
HINDUNILVR,2024-10-24,2543.2600144821745,2543.2600144821745,2356.478942154974,2406.92138671875,2532.720703125,2560.7470703125,2494.65380859375,2526.85400390625,2555.078125,-0.05798520868368751,-0.011046284971716863,0.04693892371197065,0.04693892371197065,True,16.046001434326172,5.09247629501624,0.025396865006769076
HINDUNILVR,2024-10-25,2404.231347131683,2440.45378353982,2402.117615178531,2428.97216796875,2464.9013671875,2491.3369140625,2354.552978515625,2385.11962890625,2406.92138671875,0.009161404843413212,-0.009057943451248891,-0.018219348294662104,0.018219348294662104,False,13.399292945861816,5.965296352020232,0.025252535997424275
HINDUNILVR,2024-10-28,2444.2968286647133,2488.1097901772814,2421.3335992998454,2474.8505859375,2470.5439453125,2487.187255859375,2396.362060546875,2419.55712890625,2428.97216796875,0.018887996566513254,-0.003876141187065726,-0.02276413775357898,0.02276413775357898,False,12.61745834350586,6.6133915320097,0.05144900700543076
HINDUNILVR,2024-10-29,2484.3625217211766,2484.3625217211766,2436.6103856054533,2447.8037109375,2475.251708984375,2499.607666015625,2409.6455078125,2435.72509765625,2474.8505859375,-0.010928690060597882,-0.0158092324860205,-0.004880542425422619,0.004880542425422619,True,12.700510025024414,6.750746346981032,0.025231766019714996
HINDUNILVR,2024-10-30,2456.7875756265485,2462.840716685124,2434.112398972091,2454.81787109375,2465.392578125,2482.06005859375,2392.493408203125,2414.599609375,2447.8037109375,0.0028654912666847793,-0.013564854654862398,-0.016430345921547178,0.016430345921547178,False,13.173309326171875,6.208421910996549,0.024852906994055957
HINDUNILVR,2024-10-31,2454.817848962692,2463.0328092843833,2425.1770448391885,2429.164306640625,2449.70849609375,2460.99560546875,2442.97119140625,2443.6064453125,2454.81787109375,-0.010450292363927999,-0.004567111032255408,0.005883181331672591,0.005883181331672591,True,12.715448379516602,6.413952261005761,0.02556609400198795
HINDUNILVR,2024-11-01,2444.2489262035915,2446.1705433526063,2412.9267074180943,2438.0517578125,2449.150390625,2458.378173828125,2412.16259765625,2421.630126953125,2429.164306640625,0.0036586455463631287,-0.0031015521127590075,-0.006760197659122136,0.006760197659122136,False,15.023981094360352,1.671797560993582,0.02549442500458099
HINDUNILVR,2024-11-04,2447.17951346124,2447.17951346124,2405.3843392030676,2425.849609375,2464.2822265625,2473.6591796875,2436.6328125,2448.90576171875,2438.0517578125,-0.005004876700586606,0.004451916933867133,0.00945679363445374,0.00945679363445374,False,13.570226669311523,8.420377975999145,0.058163751993561164
HINDUNILVR,2024-11-05,2421.2377266411363,2431.0860150133867,2408.7472145592574,2422.534912109375,2440.11376953125,2463.693115234375,2413.027587890625,2435.84130859375,2425.849609375,-0.0013664067437713107,0.004118845282137782,0.005485252025909093,0.005485252025909093,False,13.594608306884766,6.597274681989802,0.0258529830025509
HINDUNILVR,2024-11-06,2444.7447080070283,2451.4515690636567,2425.1105935476853,2430.65087890625,2436.7099609375,2446.561767578125,2410.3837890625,2423.02978515625,2422.534912109375,0.0033501960100992645,0.00020427901550615794,-0.0031459169945931066,0.0031459169945931066,True,13.979658126831055,6.676302506995853,0.05551398202078417
HINDUNILVR,2024-11-07,2430.650546317653,2439.5927892011046,2397.019901101359,2406.156494140625,2460.14892578125,2489.31591796875,2405.7119140625,2464.233642578125,2430.65087890625,-0.010077294513248666,0.01381636662151442,0.023893661134763086,0.023893661134763086,False,14.746255874633789,4.496768048993545,0.025928373011993244
HINDUNILVR,2024-11-08,2414.3698717211782,2444.793147696757,2398.1863642528074,2437.45458984375,2398.5,2438.6494140625,2388.283203125,2447.08837890625,2406.156494140625,0.01300750627789209,0.017011314461590786,0.004003808183698696,0.004003808183698696,True,12.588434219360352,6.38475528001436,0.025739513977896422
HINDUNILVR,2024-11-11,2438.7181349716725,2444.452769822316,2405.719186544309,2421.27099609375,2442.111328125,2454.517333984375,2401.999267578125,2419.22900390625,2437.45458984375,-0.006639546770402574,-0.007477302762250979,-0.0008377559918484054,0.0008377559918484054,True,15.278358459472656,4.950941855990095,0.057676853000884876
HINDUNILVR,2024-11-12,2425.11043110781,2427.005760537496,2387.202893306927,2392.548828125,2440.8828125,2463.3251953125,2420.896728515625,2445.930419921875,2421.27099609375,-0.011862434240152231,0.010184495609086379,0.02204692984923861,0.02204692984923861,False,14.925491333007812,4.743151036003837,0.055226293014129624
HINDUNILVR,2024-11-13,2393.1320758129814,2403.5323013697825,2381.7596248219456,2395.902099609375,2410.4208984375,2430.065673828125,2381.6005859375,2406.316162109375,2392.548828125,0.001401547774054376,0.005754254133724087,0.00435270635966971,0.00435270635966971,True,14.04651927947998,7.492887884000083,0.05323151100310497
HINDUNILVR,2024-11-14,2391.479431181601,2395.6590274804553,2316.9279912203806,2322.27392578125,2398.46923828125,2418.797607421875,2365.489990234375,2389.564208984375,2395.902099609375,-0.03073087745952944,-0.002645304508073732,0.028085572951455706,0.028085572951455706,True,15.424394607543945,6.426060123980278,0.026848120003705844
HINDUNILVR,2024-11-18,2333.8890447659433,2357.0710550111958,2309.20064286303,2355.02978515625,2332.803955078125,2346.70849609375,2305.101806640625,2323.154296875,2322.27392578125,0.014105079943995154,0.00037909872904154883,-0.013725981214953605,0.013725981214953605,True,14.29139518737793,6.351590374018997,0.026857028977246955
HINDUNILVR,2024-11-19,2363.7776960673323,2371.8452445208204,2337.728605593575,2342.83154296875,2364.083984375,2371.100341796875,2335.18701171875,2347.639404296875,2355.02978515625,-0.005179655163762898,-0.0031381262801670542,0.002041528883595844,0.002041528883595844,True,14.264995574951172,4.678369556000689,0.026264980988344178
HINDUNILVR,2024-11-21,2356.828074767604,2356.828074767604,2309.540950041982,2316.05322265625,2367.828369140625,2374.083740234375,2341.416748046875,2351.84814453125,2342.83154296875,-0.011429895757066467,0.0038485915001274457,0.015278487257193912,0.015278487257193912,False,14.100130081176758,5.7963792759983335,0.025861222995445132
HINDUNILVR,2024-11-22,2323.9749048547187,2383.4121196689493,2311.242003100475,2376.75390625,2332.931640625,2328.22021484375,2276.839111328125,2284.629150390625,2316.05322265625,0.026208673876731214,-0.013567940476594556,-0.03977661435332577,0.03977661435332577,False,12.988643646240234,4.35160588301369,0.04922278498997912
HINDUNILVR,2024-11-25,2400.8106354018087,2435.5105635219556,2388.758077739939,2402.219970703125,2364.986083984375,2434.164794921875,2319.899658203125,2364.9111328125,2376.75390625,0.010714640832674555,-0.004982751224835606,-0.01569739205751016,0.01569739205751016,False,11.759495735168457,7.262060009990819,0.027160768018802628
HINDUNILVR,2024-11-26,2416.6054934792924,2425.061742768364,2391.4795053433168,2409.7529296875,2379.6650390625,2393.2607421875,2275.890869140625,2310.103271484375,2402.219970703125,0.0031358323035546648,-0.038346487974532835,-0.0414823202780875,0.0414823202780875,False,12.926515579223633,6.185998955013929,0.02635563098010607
HINDUNILVR,2024-11-27,2405.816200610109,2423.1176358895655,2389.1466999635395,2417.237060546875,2373.123291015625,2483.387451171875,2314.5341796875,2394.24169921875,2409.7529296875,0.0031057668888675454,-0.006436855113923035,-0.009542622002790581,0.009542622002790581,False,12.589292526245117,5.570381962985266,0.031922980007948354
HINDUNILVR,2024-11-28,2416.3626141787777,2468.0236909972373,2384.4813544315857,2393.229248046875,2364.105712890625,2418.703857421875,2337.645751953125,2370.90380859375,2417.237060546875,-0.009931923058704254,-0.0191678560242836,-0.009235932965579346,0.009235932965579346,True,12.556045532226562,6.177177767996909,0.04024778900202364
HINDUNILVR,2024-11-29,2386.328105245208,2437.2601873197295,2386.328105245208,2426.22802734375,2414.607421875,2444.124267578125,2393.04638671875,2418.2626953125,2393.229248046875,0.013788390445171706,0.010460112538761135,-0.003328277906410571,0.003328277906410571,True,12.301484107971191,5.84277627200936,0.025410973990801722
HINDUNILVR,2024-12-02,2415.3903266283905,2420.73626095292,2391.625266046063,2409.7041015625,2419.676025390625,2431.766357421875,2385.71240234375,2399.828857421875,2426.22802734375,-0.006810541134231517,-0.010880745595366392,-0.004070204461134875,0.004070204461134875,True,12.833020210266113,7.954698732995894,0.025261245988076553
HINDUNILVR,2024-12-03,2410.530520207273,2421.659736640615,2396.922686625458,2413.30078125,2409.50732421875,2420.1298828125,2383.888916015625,2396.823974609375,2409.7041015625,0.0014925814688898282,-0.005345107287145036,-0.006837688756034865,0.006837688756034865,False,11.97879409790039,7.098593803006224,0.04667153500486165
HINDUNILVR,2024-12-04,2411.5999422845357,2423.1665065809493,2387.7375852627792,2395.46484375,2415.7802734375,2422.255615234375,2363.558349609375,2374.376708984375,2413.30078125,-0.007390681525724137,-0.01612897678069941,-0.008738295254975274,0.008738295254975274,True,13.086050033569336,5.952559519995702,0.025643174012657255
HINDUNILVR,2024-12-05,2396.5342652703143,2444.5503887204804,2381.4198008936087,2424.721923828125,2392.15380859375,2401.514892578125,2357.93115234375,2365.450927734375,2395.46484375,0.012213529309127436,-0.012529474642023745,-0.02474300395115118,0.02474300395115118,False,15.33456039428711,1.60284321999643,0.026064221980050206
HINDUNILVR,2024-12-06,2425.110340492518,2425.8879784428123,2405.670578244081,2414.22412109375,2426.838134765625,2538.082763671875,2406.77587890625,2470.3115234375,2424.721923828125,-0.00432948728314428,0.01880199092578774,0.023131478208932018,0.023131478208932018,False,16.625469207763672,3.9797300780192018,0.02594677300658077
HINDUNILVR,2024-12-09,2395.9507252372305,2407.5659358566236,2316.5393429808005,2333.50048828125,2413.91845703125,2423.2861328125,2346.4443359375,2366.000732421875,2414.22412109375,-0.03343667727747192,-0.019974694250850116,0.013461983026621802,0.013461983026621802,True,15.537237167358398,0.8462847259943374,0.026614761009113863
HINDUNILVR,2024-12-10,2341.2279687941573,2345.4075655839893,2321.3995041053026,2330.196044921875,2346.46142578125,2364.777099609375,2316.95556640625,2337.45556640625,2333.50048828125,-0.0014160885656419563,0.0016949120623125005,0.0031110006279544567,0.0031110006279544567,False,13.981517791748047,5.593011627992382,0.057979052973678336
HINDUNILVR,2024-12-11,2337.631401911156,2341.859645105597,2318.191639733101,2334.083740234375,2352.868896484375,2385.462158203125,2333.71337890625,2365.0419921875,2330.196044921875,0.001668398382604904,0.014954083945667879,0.013285685563062975,0.013285685563062975,True,12.832478523254395,9.56413614799385,0.026977269008057192
HINDUNILVR,2024-12-12,2318.240493440362,2332.723022634481,2272.508401375754,2279.263671875,2345.643310546875,2363.82861328125,2322.456298828125,2339.721923828125,2334.083740234375,-0.02348676159916623,0.002415587537225141,0.02590234913639137,0.02590234913639137,False,12.33443832397461,6.8992011709779035,0.05045048997271806
HINDUNILVR,2024-12-13,2279.2632797765305,2327.4739809067287,2268.0854174497326,2323.148681640625,2278.921142578125,2287.19873046875,2242.356689453125,2254.927490234375,2279.263671875,0.01925402940745495,-0.01067721209306391,-0.02993124150051886,0.02993124150051886,False,13.771310806274414,7.007588413980557,0.0475479319866281
HINDUNILVR,2024-12-16,2323.343038096719,2325.9673583202207,2296.8077173885004,2299.869384765625,2313.20458984375,2320.885986328125,2273.81982421875,2282.681884765625,2323.148681640625,-0.010020579853098333,-0.01741894403694474,-0.007398364183846408,0.007398364183846408,True,13.621030807495117,5.158692677010549,0.051180837996071205
HINDUNILVR,2024-12-17,2287.4284375010757,2313.3318271150692,2287.4284375010757,2297.051025390625,2309.121826171875,2320.727783203125,2279.72412109375,2295.429931640625,2299.869384765625,-0.0012254432332848386,-0.001930306631501343,-0.0007048633982165045,0.0007048633982165045,True,13.260665893554688,5.735675544012338,0.026452220015926287
HINDUNILVR,2024-12-18,2284.220661696739,2316.2476218485995,2284.220661696739,2293.1142578125,2313.3193359375,2326.066162109375,2293.842529296875,2299.736328125,2297.051025390625,-0.0017138354936871865,0.001169021804345139,0.0028828572980323253,0.0028828572980323253,False,14.653886795043945,5.092098057008116,0.0367477819963824
HINDUNILVR,2024-12-19,2281.2561952032424,2320.087074457144,2270.5643255197165,2293.746337890625,2298.775634765625,2304.599365234375,2268.662841796875,2270.665771484375,2293.1142578125,0.0002756426444829523,-0.009789519319259553,-0.010065161963742505,0.010065161963742505,False,12.963425636291504,10.850387594982749,0.05333464001887478
HINDUNILVR,2024-12-20,2286.21332261703,2307.013773197231,2259.532059224196,2268.52294921875,2300.12890625,2326.323486328125,2284.92138671875,2304.3837890625,2293.746337890625,-0.01099659027469922,0.00463758829655829,0.015634178571257512,0.015634178571257512,False,14.486481666564941,5.566179559013108,0.02558040400617756
HINDUNILVR,2024-12-23,2271.5363740214907,2285.8731996598376,2250.3956311310467,2273.383056640625,2262.069580078125,2290.83837890625,2246.9892578125,2269.712890625,2268.52294921875,0.0021424105158595634,0.0005245445749886729,-0.0016178659408708903,0.0016178659408708903,True,14.5262451171875,6.997698841994861,0.025159636017633602
HINDUNILVR,2024-12-24,2265.801409676823,2290.9271580711243,2265.801409676823,2270.126708984375,2284.883544921875,2309.31005859375,2275.614990234375,2287.1416015625,2273.383056640625,-0.0014323796628720813,0.006052013487865957,0.007484393150738038,0.007484393150738038,False,12.66431713104248,6.632682590017794,0.04846214799908921
HINDUNILVR,2024-12-26,2266.919279380392,2276.25046019758,2259.5807216577036,2267.4052734375,2277.2822265625,2292.0703125,2251.5166015625,2257.5654296875,2270.126708984375,-0.0011988033690386096,-0.005533294351879923,-0.004334490982841313,0.004334490982841313,True,14.018571853637695,5.8944825880171265,0.042034951999085024
HINDUNILVR,2024-12-27,2277.368215575781,2279.9438892300855,2263.031390488396,2275.667236328125,2254.55908203125,2270.157958984375,2250.866943359375,2249.89111328125,2267.4052734375,0.003643796275598958,-0.007724318348125589,-0.011368114623724546,0.011368114623724546,False,11.996577262878418,5.396343065978726,0.025542854011291638
HINDUNILVR,2024-12-30,2275.910271731068,2293.0657677973463,2259.87246712566,2277.854248046875,2278.916748046875,2300.009765625,2269.166748046875,2286.041015625,2275.667236328125,0.0009610419677522035,0.0045585660026522526,0.003597524034900049,0.003597524034900049,True,12.695577621459961,5.944474691001233,0.025728212989633903
HINDUNILVR,2024-12-31,2274.4522031674646,2286.7477579775477,2258.171402140518,2261.670654296875,2290.73046875,2316.5546875,2218.570556640625,2299.004150390625,2277.854248046875,-0.007104753855026708,0.009285011260876233,0.01638976511590294,0.01638976511590294,False,12.969436645507812,6.41225532698445,0.030865353997796774
HINDUNILVR,2025-01-01,2259.872381567988,2271.681942318693,2255.255437992742,2257.0537109375,2261.6025390625,2279.09375,2186.545654296875,2243.706298828125,2261.670654296875,-0.0020413862427773994,-0.007942958199780371,-0.005901571957002971,0.005901571957002971,True,14.467866897583008,4.49627237097593,0.025031675992067903
HINDUNILVR,2025-01-02,2264.7320520586104,2312.9911615948636,2250.6382259835673,2303.611572265625,2266.505859375,2272.189697265625,2262.462646484375,2257.498291015625,2257.0537109375,0.020627715283207202,0.00019697363690132888,-0.020430741646305872,0.020430741646305872,True,14.525348663330078,4.985828414995922,0.025342454988276586
HINDUNILVR,2025-01-03,2315.129778453579,2346.962386357394,2298.5573351226903,2338.84619140625,2266.329833984375,2298.58642578125,2235.485595703125,2284.75341796875,2303.611572265625,0.015295382070845997,-0.008186342925134647,-0.023481724995980644,0.023481724995980644,False,14.4348726272583,3.49288307299139,0.02517135499510914
HINDUNILVR,2025-01-06,2350.2670870956954,2351.1904282758464,2295.4954659724062,2309.637939453125,2334.978515625,2354.089111328125,2323.90771484375,2340.164794921875,2338.84619140625,-0.012488316700964121,0.0005637837667436263,0.013052100467707748,0.013052100467707748,False,14.03703498840332,5.319534334004857,0.05609548999927938
HINDUNILVR,2025-01-07,2310.5615649077026,2334.958562700219,2308.714882320198,2323.829345703125,2307.200439453125,2321.172119140625,2290.496826171875,2302.910888671875,2309.637939453125,0.006144428963337965,-0.00291259970506149,-0.009057028668399456,0.009057028668399456,False,12.581317901611328,6.785527456988348,0.02535212499788031
HINDUNILVR,2025-01-08,2324.023527285994,2341.51931293683,2301.667801176593,2333.743408203125,2317.309326171875,2329.8564453125,2302.819091796875,2313.656982421875,2323.829345703125,0.004266260996458966,-0.004377414073051105,-0.008643675069510071,0.008643675069510071,False,12.644489288330078,6.861019834002946,0.025347474991576746
HINDUNILVR,2025-01-09,2337.679991498679,2404.358231754575,2319.5522713307405,2367.1796875,2328.947998046875,2341.579345703125,2313.50927734375,2324.142822265625,2333.743408203125,0.014327316010554645,-0.004113813842496082,-0.018441129853050728,0.018441129853050728,False,13.107421875,6.219847278000088,0.02612100201076828
HINDUNILVR,2025-01-10,2367.179935005387,2387.2029865724408,2346.1851325534217,2373.643798828125,2361.34814453125,2380.70263671875,2340.042724609375,2361.699462890625,2367.1796875,0.0027307227086558043,-0.0023150860233862158,-0.00504580873204202,0.00504580873204202,False,15.388561248779297,3.1690792170120403,0.027075048972619697
HINDUNILVR,2025-01-13,2349.344066488188,2391.5769052431565,2341.5681610860565,2382.343017578125,2364.95751953125,2382.37646484375,2344.00390625,2364.57080078125,2373.643798828125,0.003664921735221953,-0.0038223924126081455,-0.007487314147830099,0.007487314147830099,False,14.308349609375,5.292848084005527,0.04549450898775831
HINDUNILVR,2025-01-14,2395.950631825166,2398.8665960829653,2297.8771288752246,2301.619140625,2371.04638671875,2410.271240234375,2355.972412109375,2385.253662109375,2382.343017578125,-0.03388423764231416,0.001221757114644617,0.035105994756958775,0.035105994756958775,False,16.406455993652344,1.3717732459772378,0.02694959900691174
HINDUNILVR,2025-01-15,2307.4027706605693,2318.0946412201524,2284.269640564014,2306.528076171875,2308.656005859375,2316.474365234375,2288.05224609375,2291.014892578125,2301.619140625,0.0021328183539271353,-0.004607299209371121,-0.006740117563298256,0.006740117563298256,False,14.764020919799805,5.652513716981048,0.025177014991641045
HINDUNILVR,2025-01-16,2310.3672303924936,2313.3318417677237,2260.8931275207856,2279.312255859375,2289.89990234375,2312.960205078125,2214.232421875,2275.268798828125,2306.528076171875,-0.011799474974382218,-0.01355252410177931,-0.0017530491273970925,0.0017530491273970925,True,15.951766967773438,0.5552283379947767,0.025593694008421153
HINDUNILVR,2025-01-17,2284.172106072775,2312.6514057492745,2277.368189161069,2288.06005859375,2278.87158203125,2298.478759765625,2266.195068359375,2279.397705078125,2279.312255859375,0.0038379132617249903,3.748903579592383e-05,-0.0038004242259290664,0.0038004242259290664,True,15.659713745117188,4.022750639007427,0.02561684401007369
HINDUNILVR,2025-01-20,2290.441458627697,2301.6679693677006,2270.224057382351,2279.506591796875,2295.2568359375,2305.57958984375,2267.906982421875,2276.23876953125,2288.06005859375,-0.0037383051920988437,-0.005166511699769545,-0.001428206507670701,0.001428206507670701,True,15.413189888000488,4.684729955013609,0.05082977999700233
HINDUNILVR,2025-01-21,2287.5740781905074,2310.7074432888235,2267.113680466325,2274.938232421875,2282.072021484375,2297.909423828125,2262.210205078125,2272.9111328125,2279.506591796875,-0.002004100094046617,-0.002893371314700158,-0.0008892712206535411,0.0008892712206535411,True,12.462926864624023,6.745944707014132,0.026594839990139008
HINDUNILVR,2025-01-22,2276.930879740294,2295.836001726839,2266.870707504643,2277.319580078125,2291.9248046875,2311.876708984375,2262.962646484375,2278.535400390625,2274.938232421875,0.0010467746430701298,0.001581215664444873,0.0005344410213747432,0.0005344410213747432,True,13.02078628540039,6.212716063979315,0.025421014986932278
HINDUNILVR,2025-01-23,2250.152278472374,2275.7156109970133,2190.71530564855,2256.66455078125,2289.642822265625,2311.748291015625,2255.726806640625,2295.383544921875,2277.319580078125,-0.009069886140515428,0.007932116775253082,0.017002002915768512,0.017002002915768512,False,15.262685775756836,5.131550499005243,0.026374431006843224
HINDUNILVR,2025-01-24,2267.5025558634734,2314.1093382473864,2257.9283780654696,2301.76513671875,2251.985107421875,2274.944091796875,2239.9228515625,2257.55615234375,2256.66455078125,0.01998550733731618,0.00039509707465885014,-0.019590410262657332,0.019590410262657332,True,14.499338150024414,6.599486324994359,0.025469343992881477
HINDUNILVR,2025-01-27,2298.7518143345746,2342.199634147266,2295.0095652975047,2325.82177734375,2296.298095703125,2332.25634765625,2277.595947265625,2306.4296875,2301.76513671875,0.010451388041828463,0.0020265103102132683,-0.008424877731615195,0.008424877731615195,True,13.796066284179688,6.689907415013295,0.04072471798281185
HINDUNILVR,2025-01-28,2333.7433982337784,2339.575326759144,2312.7970074864847,2321.933837890625,2335.30908203125,2355.94091796875,2305.991943359375,2314.376953125,2325.82177734375,-0.0016716411768941716,-0.004920765782759496,-0.003249124605865324,0.003249124605865324,True,15.070770263671875,5.9424425680190325,0.025233825988834724
HINDUNILVR,2025-01-29,2318.3372366543103,2328.8834020727195,2297.779784014987,2317.1708984375,2341.165283203125,2361.435791015625,2330.028564453125,2335.9453125,2321.933837890625,-0.0020512812963921147,0.006034398732956065,0.00808568002934818,0.00808568002934818,False,13.394355773925781,8.163998848001938,0.02522630599560216
HINDUNILVR,2025-01-30,2317.2196613907627,2357.0711740237416,2317.2196613907627,2341.2763671875,2307.61669921875,2323.94775390625,2290.333740234375,2309.076416015625,2317.1708984375,0.010402974060417661,-0.0034932608670915125,-0.013896234927509174,0.013896234927509174,False,13.016302108764648,6.696988668991253,0.026188521995209157
HINDUNILVR,2025-01-31,2334.229440018275,2409.558518344911,2334.229440018275,2399.644287109375,2346.4990234375,2373.189453125,2334.03564453125,2358.62890625,2341.2763671875,0.024929957325794266,0.007411572296928383,-0.017518385028865883,0.017518385028865883,True,14.049718856811523,5.712875149009051,0.03774215799057856
HINDUNILVR,2025-02-01,2405.670552055616,2529.113040989379,2366.936731276553,2435.850830078125,2388.796630859375,2412.758544921875,2367.994140625,2392.16455078125,2399.644287109375,0.015088295862535779,-0.0031170187882867974,-0.018205314650822577,0.018205314650822577,False,14.182519912719727,5.480113141995389,0.02610378200188279
HINDUNILVR,2025-02-03,2434.830286295242,2449.410108368866,2348.809336060859,2373.54638671875,2430.464111328125,2476.443359375,2369.310302734375,2406.9873046875,2435.850830078125,-0.02557810297331578,-0.01184946345408978,0.013728639519226,0.013728639519226,True,13.922937393188477,7.823775793978712,0.0545701060036663
HINDUNILVR,2025-02-04,2381.370825473779,2381.370825473779,2335.5416818552712,2369.755615234375,2371.677001953125,2447.8310546875,2341.9248046875,2398.55517578125,2373.54638671875,-0.001597091805572613,0.010536465266673291,0.012133557072245903,0.012133557072245903,False,13.501771926879883,7.5911000769992825,0.02536056499229744
HINDUNILVR,2025-02-05,2384.28688281628,2384.28688281628,2320.1356662382636,2324.072265625,2349.30322265625,2401.8193359375,2331.74560546875,2380.62890625,2369.755615234375,-0.01927766277488356,0.004588359637476628,0.02386602241236019,0.02386602241236019,False,13.072816848754883,7.070793927996419,0.02547340400633402
HINDUNILVR,2025-02-06,2332.7714061901434,2341.470652098705,2294.1835266397707,2306.236083984375,2306.551025390625,2376.651611328125,2297.410400390625,2354.80126953125,2324.072265625,-0.007674538311238103,0.013222051809988025,0.020896590121226126,0.020896590121226126,False,14.468799591064453,5.3652378830011,0.02587048299028538
HINDUNILVR,2025-02-07,2313.3315451962494,2315.226874422086,2270.6613649765723,2297.634033203125,2264.209228515625,2284.6083984375,2242.78076171875,2267.32470703125,2306.236083984375,-0.0037299090240530118,-0.01687224357616487,-0.01314233455211186,0.01314233455211186,True,14.159592628479004,4.744550969975535,0.0252850649994798
HINDUNILVR,2025-02-10,2304.4867548065286,2330.8277302484084,2286.1649194081388,2295.301513671875,2294.276611328125,2290.608642578125,2275.169677734375,2273.769775390625,2297.634033203125,-0.0010151832265464145,-0.01038644861089166,-0.009371265384345245,0.009371265384345245,True,14.137683868408203,3.886314008006593,0.03872340498492122
HINDUNILVR,2025-02-11,2304.5840958345143,2311.3393665799927,2232.2196194927346,2250.395751953125,2293.6396484375,2302.545654296875,2272.133056640625,2283.464111328125,2295.301513671875,-0.01956421038860061,-0.005157231968541375,0.014406978420059235,0.014406978420059235,True,13.621463775634766,4.494633616995998,0.05725818598875776
HINDUNILVR,2025-02-12,2260.5525432249356,2274.354725969566,2240.5297319283436,2267.162109375,2224.799560546875,2230.634521484375,2210.580322265625,2215.173583984375,2250.395751953125,0.007450403959980563,-0.01565154392874257,-0.023101947888723134,0.023101947888723134,False,13.321507453918457,4.700062966992846,0.0537192779884208
HINDUNILVR,2025-02-13,2264.8296518793604,2279.8954679957756,2248.5488505922667,2256.470458984375,2262.00390625,2269.70703125,2249.568359375,2258.343017578125,2267.162109375,-0.004715873799413674,-0.0038899255418952832,0.0008259482575183907,0.0008259482575183907,True,13.396255493164062,5.473960064991843,0.025613534002332017
HINDUNILVR,2025-02-14,2256.9563530266864,2299.7238291391645,2248.597160502172,2253.40869140625,2248.575927734375,2243.053955078125,2222.66064453125,2219.599609375,2256.470458984375,-0.0013568835195401073,-0.016340054203931555,-0.014983170684391449,0.014983170684391449,True,12.704317092895508,5.034020825027255,0.041688792989589274
HINDUNILVR,2025-02-17,2253.4088903821407,2270.5643868259226,2235.5728123714134,2264.149169921875,2267.821533203125,2269.2294921875,2188.878173828125,2198.90185546875,2253.40869140625,0.0047663251484675664,-0.024188615294407495,-0.02895494044287506,0.02895494044287506,False,15.025747299194336,6.542506927973591,0.047223042987752706
HINDUNILVR,2025-02-18,2264.149124063214,2273.042958104678,2223.908909176285,2231.684814453125,2260.628173828125,2282.951171875,2219.932373046875,2254.75537109375,2264.149169921875,-0.014338434896438467,-0.004148931065548625,0.010189503830889842,0.010189503830889842,True,14.855907440185547,5.58789270799025,0.046302147005917504
HINDUNILVR,2025-02-19,2234.357783007968,2241.1130532602374,2185.029383883377,2187.362060546875,2240.376953125,2279.485595703125,2182.22021484375,2228.05615234375,2231.684814453125,-0.01986066922138882,-0.0016259742800034263,0.018234694941385396,0.018234694941385396,True,14.271474838256836,5.473506616021041,0.025509594997856766
HINDUNILVR,2025-02-20,2187.3619104978293,2191.2985097365113,2164.1314899859503,2185.077880859375,2197.054443359375,2202.623046875,2190.439453125,2194.480224609375,2187.362060546875,-0.0010442622776994307,0.0032542230620569265,0.004298485339756357,0.004298485339756357,False,14.058965682983398,5.847369975002948,0.025315215025329962
HINDUNILVR,2025-02-21,2185.078044378828,2190.4239792926655,2164.034358200554,2178.857177734375,2180.03076171875,2194.210693359375,2202.208251953125,2212.12060546875,2185.077880859375,-0.0028469022452204053,0.012376091875837074,0.015222994121057478,0.015222994121057478,False,12.329386711120605,4.880472290009493,0.025374594988534227
HINDUNILVR,2025-02-24,2167.533381788587,2187.945131123816,2156.6471629368198,2178.66259765625,2190.0712890625,2186.488037109375,2163.752197265625,2160.3818359375,2178.857177734375,-8.930373230214601e-05,-0.008479372574610915,-0.008390068842308768,0.008390068842308768,True,12.314399719238281,5.557034363009734,0.02619813199271448
HINDUNILVR,2025-02-25,2180.169242301758,2206.024219899787,2175.2606550849946,2196.0126953125,2175.48974609375,2197.027587890625,2169.9912109375,2186.29296875,2178.66259765625,0.007963645988559585,0.0035023188546765157,-0.004461327133883069,0.004461327133883069,True,13.485621452331543,5.322268154006451,0.04203770202002488
HINDUNILVR,2025-02-27,2206.072509704585,2206.072509704585,2170.546537494994,2182.064453125,2198.302001953125,2265.9716796875,2190.177490234375,2217.419189453125,2196.0126953125,-0.006351621835917992,0.00974789179785629,0.016099513633774282,0.016099513633774282,False,14.28648853302002,5.975818602979416,0.027328346972353756
HINDUNILVR,2025-02-28,2182.1619689131203,2186.584562304575,2124.620319863376,2128.89697265625,2192.23095703125,2190.016845703125,2175.481689453125,2175.2578125,2182.064453125,-0.024365678288103387,-0.0031193581909333638,0.02124632009717002,0.02124632009717002,True,13.297608375549316,6.347326690010959,0.054973234015051275
HINDUNILVR,2025-03-03,2137.4017551745787,2137.4017551745787,2098.0362385376666,2115.872314453125,2161.660400390625,2169.93017578125,2157.4208984375,2168.48046875,2128.89697265625,-0.006118031248301311,0.018593429650266825,0.024711460898568134,0.024711460898568134,False,13.274349212646484,4.54783860797761,0.026494279998587444
HINDUNILVR,2025-03-04,2118.8854906754163,2118.934137542599,2076.166659537152,2096.918701171875,2110.92529296875,2112.476806640625,2061.697021484375,2070.848876953125,2115.872314453125,-0.00895782470037603,-0.021278900996271555,-0.012321076295895525,0.012321076295895525,True,12.274347305297852,6.167705733998446,0.025361425010487437
HINDUNILVR,2025-03-05,2091.7184776027166,2130.500709473983,2089.7745013224167,2109.651611328125,2070.783935546875,2065.4736328125,2053.599853515625,2059.913818359375,2096.918701171875,0.006072200199814204,-0.01764726633980593,-0.023719466539620135,0.023719466539620135,False,11.799476623535156,5.649801235995255,0.031127333000767976
HINDUNILVR,2025-03-06,2114.074138785248,2167.3391346618955,2103.139272550152,2156.79296875,2103.216796875,2107.979736328125,2103.92333984375,2100.636962890625,2109.651611328125,0.022345565101243088,-0.004273050767763903,-0.02661861586900699,0.02661861586900699,False,12.47335147857666,5.185443545982707,0.037323249998735264
HINDUNILVR,2025-03-07,2164.3258279458114,2164.3258279458114,2127.876274648227,2142.79638671875,2165.400146484375,2177.50732421875,2083.502685546875,2128.240234375,2156.79296875,-0.006489534338273514,-0.01323851421471767,-0.006748979876444156,0.006748979876444156,True,13.609552383422852,5.833106548001524,0.02531533600995317
HINDUNILVR,2025-03-10,2146.149847764431,2203.642852252801,2133.173710965246,2184.786376953125,2164.96875,2158.680419921875,2146.16845703125,2136.90087890625,2142.79638671875,0.019595884375497755,-0.0027513149868279145,-0.02234719936232567,0.02234719936232567,False,12.316831588745117,5.919902591995196,0.025446495012147352
HINDUNILVR,2025-03-11,2177.2532491423776,2199.0743335763295,2149.3085924848583,2154.848876953125,2187.670166015625,2197.393310546875,2173.301513671875,2186.92236328125,2184.786376953125,-0.013702712684317655,0.0009776636977679343,0.014680376382085589,0.014680376382085589,False,13.17481803894043,6.056387310993159,0.02599554302287288
HINDUNILVR,2025-03-12,2155.237955656902,2167.4848636040488,2123.794045012546,2131.47265625,2159.1298828125,2176.861328125,2138.869140625,2153.6953125,2154.848876953125,-0.010848194949140978,-0.0005353342712163168,0.010312860677924661,0.010312860677924661,True,13.783348083496094,6.335093115019845,0.05618412999319844
HINDUNILVR,2025-03-13,2123.794114513715,2148.0451714730893,2103.819710507243,2113.8798828125,2149.129638671875,2168.490966796875,2124.77783203125,2140.6767578125,2131.47265625,-0.00825381146031298,0.00431818889888703,0.01257200035920001,0.01257200035920001,False,13.758094787597656,5.866173484013416,0.025258926005335525
HINDUNILVR,2025-03-17,2100.4663210186386,2133.951264191827,2096.0923744917604,2110.42919921875,2121.18310546875,2127.931640625,2104.655029296875,2114.585693359375,2113.8798828125,-0.0016323934116629624,0.0003338934026544237,0.001966286814317386,0.001966286814317386,False,16.07493782043457,1.6375516099797096,0.02556094402098097
HINDUNILVR,2025-03-18,2110.42919921875,2110.42919921875,2110.42919921875,2110.42919921875,2105.17724609375,2123.630859375,2079.98388671875,2119.966796875,2110.42919921875,0.0,0.00451926918931025,0.00451926918931025,0.00451926918931025,False,16.186119079589844,2.0426064409839455,0.025592154008336365
HINDUNILVR,2025-03-19,2145.177877700536,2150.8641033799995,2132.007390619496,2138.422607421875,2131.862060546875,2137.333740234375,2112.58154296875,2118.03076171875,2110.42919921875,0.013264319984526252,0.0036019035856848397,-0.009662416398841413,0.009662416398841413,True,14.58193588256836,6.31823742898996,0.04039539900259115
HINDUNILVR,2025-03-20,2142.1646370243157,2185.9041047576643,2127.1474672295594,2179.586181640625,2147.648681640625,2181.229736328125,2140.456787109375,2161.7587890625,2138.422607421875,0.019249503851990056,0.010912801594797749,-0.008336702257192307,0.008336702257192307,True,15.731849670410156,2.171002288989257,0.0255083049996756
HINDUNILVR,2025-03-21,2182.1134468098517,2192.027678706935,2163.451321362083,2183.27978515625,2181.044677734375,2197.997802734375,2146.60693359375,2180.090576171875,2179.586181640625,0.0016946352232994702,0.00023141756701280358,-0.0014632176562866667,0.0014632176562866667,True,15.917213439941406,2.2340353729960043,0.032637147000059485
HINDUNILVR,2025-03-24,2187.2162299631173,2202.525042593678,2178.225340005486,2192.99951171875,2186.135498046875,2202.513671875,2169.5703125,2185.62353515625,2183.27978515625,0.004451892344986097,0.0010734996109682138,-0.003378392734017883,0.003378392734017883,True,15.073192596435547,1.586922410002444,0.02570221299538389
HINDUNILVR,2025-03-25,2187.702353641122,2227.7968652873274,2180.509736169552,2207.6767578125,2179.777099609375,2237.375,2166.858154296875,2189.5791015625,2192.99951171875,0.006692772166760219,-0.00155969490096661,-0.008252467067726829,0.008252467067726829,False,14.567827224731445,4.147660197981168,0.024992426013341174
HINDUNILVR,2025-03-26,2208.3569585052783,2216.035569558241,2175.1150130163032,2183.03662109375,2214.905029296875,2241.218994140625,2194.80078125,2218.0712890625,2207.6767578125,-0.011161116151426507,0.004708357422895339,0.015869473574321846,0.015869473574321846,False,15.04062271118164,6.615953683009138,0.057638083992060274
HINDUNILVR,2025-03-27,2181.3358461347175,2197.5680014294758,2138.3740156444046,2181.773193359375,2184.589599609375,2257.58984375,2139.302001953125,2237.778564453125,2183.03662109375,-0.0005787478424168599,0.02507605361743683,0.025654801459853688,0.025654801459853688,False,12.937952041625977,8.174130700004753,0.02543294499628246
HINDUNILVR,2025-03-28,2184.057042557216,2231.684454700208,2177.5447703980153,2195.5751953125,2135.931396484375,2199.859619140625,2083.734619140625,2158.71728515625,2181.773193359375,0.006326048003126041,-0.010567509158742928,-0.01689355716186897,0.01689355716186897,False,13.215539932250977,6.054968786018435,0.025496563990600407
HINDUNILVR,2025-04-01,2195.7212865784686,2220.652688338022,2157.8137477663568,2171.27587890625,2175.706787109375,2248.45556640625,2150.684814453125,2187.68115234375,2195.5751953125,-0.011067403411246608,-0.003595432752931255,0.007471970658315353,0.007471970658315353,True,14.429027557373047,7.676234106998891,0.04852908800239675
HINDUNILVR,2025-04-02,2180.8497368615344,2180.8497368615344,2128.7026682002793,2175.212158203125,2182.374755859375,2201.20703125,2123.44580078125,2183.197021484375,2171.27587890625,0.0018128876828207782,0.005490385949541387,0.0036774982667206087,0.0036774982667206087,True,14.477201461791992,3.7389127709902823,0.026618229981977493
HINDUNILVR,2025-04-03,2163.110957010432,2189.791983972201,2158.3969569161945,2181.676025390625,2162.42919921875,2179.647216796875,2146.309326171875,2162.588623046875,2175.212158203125,0.002971603097713282,-0.005803358126996637,-0.008774961224709919,0.008774961224709919,False,15.267475128173828,4.77945926800021,0.03603511501569301
HINDUNILVR,2025-04-04,2167.5335505043304,2203.5457585235163,2159.7576453904135,2181.676025390625,2159.7587890625,2196.64208984375,2144.151611328125,2183.490234375,2181.676025390625,0.0,0.0008315666319201401,0.0008315666319201401,0.0008315666319201401,False,14.473018646240234,3.861466771020787,0.02629060100298375
HINDUNILVR,2025-04-07,2089.7743723315093,2198.248336997428,2089.7743723315093,2186.389892578125,2186.540771484375,2197.787109375,2168.2626953125,2178.02197265625,2181.676025390625,0.0021606632390141385,-0.0016748832969921594,-0.003835546536006298,0.003835546536006298,False,13.660757064819336,4.1817570900020655,0.02490440700785257
HINDUNILVR,2025-04-08,2204.760675866648,2241.598930289759,2189.2575129830993,2225.123779296875,2188.734375,2220.94775390625,2173.531494140625,2202.93359375,2186.389892578125,0.017715910071774147,0.007566674739960111,-0.010149235331814036,0.010149235331814036,True,13.188718795776367,7.646763287979411,0.02534893501433544
HINDUNILVR,2025-04-09,2229.691898350817,2288.2055304117403,2225.366599069149,2284.171875,2242.745849609375,2264.024169921875,2204.122802734375,2230.3017578125,2225.123779296875,0.026536993695597387,0.0023270518987762597,-0.02420994179682113,0.02420994179682113,True,14.884591102600098,3.976619788998505,0.0506944700027816
HINDUNILVR,2025-04-11,2327.522634090619,2327.765631098383,2278.6802355299874,2299.869384765625,2273.425537109375,2281.117919921875,2244.12255859375,2258.075927734375,2284.171875,0.006872297981352651,-0.0114246863606203,-0.018296984341972952,0.018296984341972952,False,15.303468704223633,4.87042042799294,0.024783736997051165
HINDUNILVR,2025-04-15,2332.77164275884,2332.77164275884,2279.5066427888187,2295.35009765625,2322.586181640625,2326.84521484375,2282.071533203125,2292.439453125,2299.869384765625,-0.001965019030780981,-0.0032305885237835664,-0.0012655694930025852,0.0012655694930025852,True,15.710866928100586,4.982911006984068,0.03963749099057168
HINDUNILVR,2025-04-16,2285.14401964844,2309.443722111737,2285.14401964844,2300.30712890625,2307.482421875,2315.38330078125,2268.4375,2284.197021484375,2295.35009765625,0.002159597028384278,-0.00485898695073281,-0.007018583979117088,0.007018583979117088,False,14.412019729614258,5.383132345014019,0.03715963099966757
HINDUNILVR,2025-04-17,2291.07343035452,2313.2345709818287,2277.465595856165,2308.471923828125,2274.280517578125,2294.861083984375,2241.91943359375,2269.416015625,2300.30712890625,0.0035494368640057194,-0.01342912556895744,-0.01697856243296316,0.01697856243296316,False,13.156564712524414,7.500464465992991,0.04152851502294652
HINDUNILVR,2025-04-21,2301.765134543979,2305.9444935688916,2283.005716590514,2285.14404296875,2315.076171875,2341.21484375,2286.667724609375,2315.591064453125,2308.471923828125,-0.010105334450284548,0.003083919085831623,0.01318925353611617,0.01318925353611617,False,13.599225997924805,7.393841415992938,0.025842083006864414
HINDUNILVR,2025-04-22,2303.612042656163,2338.603617987649,2289.1295133424655,2331.508056640625,2293.725341796875,2302.896728515625,2268.029052734375,2284.608642578125,2285.14404296875,0.020289317784817226,-0.00023429612337672745,-0.020523613908193954,0.020523613908193954,False,13.198446273803711,8.594817222998245,0.025463415018748492
HINDUNILVR,2025-04-23,2342.491544775146,2369.707214175023,2326.356445853068,2355.905029296875,2331.02294921875,2337.372314453125,2303.337646484375,2320.961669921875,2331.508056640625,0.010464031032087706,-0.00452341851820399,-0.014987449550291696,0.014987449550291696,False,13.727724075317383,5.094090929022059,0.02601679298095405
HINDUNILVR,2025-04-24,2355.904893997615,2417.723197131752,2252.193807236699,2260.1640625,2359.95849609375,2380.970947265625,2336.54833984375,2366.093017578125,2355.905029296875,-0.040638720833941724,0.00432444778314796,0.04496316861708968,0.04496316861708968,False,15.050312042236328,6.598094989982201,0.02531424502376467
HINDUNILVR,2025-04-25,2266.5789615776075,2276.2988426038023,2230.129407729378,2266.87060546875,2328.280029296875,2353.027099609375,2304.723388671875,2331.96337890625,2260.1640625,0.002967281481916758,0.03176730291288312,0.028800021430966362,0.028800021430966362,True,14.345134735107422,3.865768685005605,0.025452034984482452
HINDUNILVR,2025-04-28,2279.3122481174555,2283.2002007794895,2250.1526031522,2253.65185546875,2271.73193359375,2322.62255859375,2259.58740234375,2303.04541015625,2266.87060546875,-0.0058312768131141696,0.015958036863784587,0.021789313676898757,0.021789313676898757,False,16.21697425842285,4.017318745987723,0.025404654996236786
HINDUNILVR,2025-04-29,2262.7881228007286,2267.1620689143897,2247.81960213246,2256.66455078125,2263.060791015625,2299.701416015625,2238.254638671875,2268.677734375,2253.65185546875,0.0013368059956507222,0.006667346986087468,0.005330540990436746,0.005330540990436746,True,14.850738525390625,3.2542742980003823,0.025470455002505332
HINDUNILVR,2025-04-30,2255.012376420818,2286.601989452575,2251.1244240476785,2276.493408203125,2252.757080078125,2257.29736328125,2233.208251953125,2247.495361328125,2256.66455078125,0.008786798824402286,-0.004063160140460689,-0.012849958964862976,0.012849958964862976,False,15.035385131835938,5.057742246019188,0.025455424998654053
HINDUNILVR,2025-05-02,2268.7176720341317,2279.3122481174555,2245.2926623246576,2253.65185546875,2280.226318359375,2302.375244140625,2258.037353515625,2279.433837890625,2276.493408203125,-0.010033656434966015,0.0012916486719901953,0.01132530510695621,0.01132530510695621,False,16.586027145385742,1.517682468984276,0.025406714994460344
HINDUNILVR,2025-05-05,2258.997571548763,2288.9346143049693,2254.1376311920053,2282.811279296875,2268.5625,2288.710693359375,2256.36376953125,2268.06201171875,2253.65185546875,0.012938743736023932,0.006394135906587377,-0.006544607829436555,0.006544607829436555,True,13.348299026489258,6.2849937829887494,0.02560097401146777
HINDUNILVR,2025-05-06,2274.646499038448,2323.148847500318,2274.646499038448,2315.081298828125,2285.692138671875,2299.77880859375,2262.677734375,2278.2724609375,2282.811279296875,0.014136087298985765,-0.001988258250052538,-0.016124345549038303,0.016124345549038303,False,13.332170486450195,5.215474993980024,0.025450743996771052
HINDUNILVR,2025-05-07,2302.640022235044,2320.038515916267,2289.3238314916816,2304.3896484375,2301.14453125,2336.0703125,2273.712158203125,2294.05810546875,2315.081298828125,-0.004618261309456832,-0.00908097411957704,-0.004462712810120208,0.004462712810120208,True,14.367121696472168,6.043935986992437,0.025911703007295728
HINDUNILVR,2025-05-08,2295.5443813766215,2305.458613110968,2275.4242740006657,2288.934814453125,2333.24755859375,2371.679931640625,2315.175537109375,2346.773681640625,2304.3896484375,-0.00670669302600548,0.018392737196968253,0.025099430222973732,0.025099430222973732,False,14.278888702392578,5.826020625012461,0.04815225998754613
HINDUNILVR,2025-05-09,2264.73235471963,2277.0765565746965,2237.8083308384716,2267.551025390625,2292.42626953125,2321.46337890625,2274.207763671875,2301.5166015625,2288.934814453125,-0.009342244666591363,0.005496786990144608,0.01483903165673597,0.01483903165673597,False,13.8317289352417,5.4384123779891524,0.04641678600455634
HINDUNILVR,2025-05-12,2293.891985834208,2320.135665333158,2280.381445753612,2315.76171875,2241.9814453125,2254.83642578125,2163.049072265625,2248.369873046875,2267.551025390625,0.02126112833605139,-0.008458972754734687,-0.029720101090786075,0.029720101090786075,False,14.495797157287598,6.029818561015418,0.02596685301978141
HINDUNILVR,2025-05-13,2309.0549545191607,2330.8273923712263,2286.893579057945,2293.891845703125,2344.4208984375,2337.185791015625,2295.427734375,2296.436767578125,2315.76171875,-0.009443922001906096,-0.00834496529388447,0.0010989567080216256,0.0010989567080216256,True,14.788812637329102,5.3053066979919095,0.02528434499981813
HINDUNILVR,2025-05-14,2303.611726353103,2303.611726353103,2272.994102142081,2284.657958984375,2305.314453125,2318.561767578125,2292.881591796875,2302.344482421875,2293.891845703125,-0.004025423751362446,0.003684845357719598,0.007710269109082044,0.007710269109082044,False,13.313714981079102,5.188259485992603,0.053796357999090105
HINDUNILVR,2025-05-15,2285.727303591603,2303.514495923454,2274.4521467468458,2289.226318359375,2279.342041015625,2287.05859375,2230.072509765625,2247.804931640625,2284.657958984375,0.0019995813189606837,-0.01613065413088474,-0.018130235449845423,0.018130235449845423,False,13.84592342376709,6.25674906000495,0.052272133994847536
HINDUNILVR,2025-05-16,2293.891932245899,2320.135611131763,2283.2000630701764,2314.6923828125,2293.345458984375,2310.288330078125,2283.235595703125,2301.23876953125,2289.226318359375,0.011124310536223357,0.005247384706149976,-0.005876925830073381,0.005876925830073381,True,13.396570205688477,7.500440265983343,0.052313674008473754
HINDUNILVR,2025-05-19,2308.4717935959884,2337.6314373045693,2308.4717935959884,2315.9560546875,2312.776611328125,2329.0361328125,2299.548583984375,2316.6533203125,2314.6923828125,0.0005459351248499627,0.0008471698073405913,0.0003012346824906286,0.0003012346824906286,True,15.230921745300293,3.464210500998888,0.02689772902522236
HINDUNILVR,2025-05-20,2327.523098554208,2327.523098554208,2272.994464209847,2275.521728515625,2306.19140625,2333.177978515625,2284.63427734375,2296.500244140625,2315.9560546875,-0.017459021335934174,-0.008400768446144045,0.00905825288979013,0.00905825288979013,True,13.321562767028809,9.41216085801716,0.0601921140041668
HINDUNILVR,2025-05-21,2280.2838825043114,2309.1518790807786,2279.3118944896037,2297.682373046875,2277.458984375,2301.22900390625,2267.39306640625,2284.2099609375,2275.521728515625,0.009738709261065109,0.003818127646507921,-0.0059205816145571875,0.0059205816145571875,True,14.157875061035156,2.2845917039958294,0.04376045599929057
HINDUNILVR,2025-05-22,2289.0322024287943,2296.9054017400363,2248.305991922015,2265.412841796875,2302.40234375,2315.93798828125,2278.1005859375,2296.49755859375,2297.682373046875,-0.01404438299590057,-0.000515656327011753,0.013528726668888817,0.013528726668888817,True,12.484302520751953,9.761498548992677,0.06519210498663597
HINDUNILVR,2025-05-23,2271.438875913527,2298.2658421573706,2264.3435526876015,2293.1142578125,2260.003662109375,2271.51318359375,2240.734375,2262.922119140625,2265.412841796875,0.012227976951721018,-0.0010994564038378162,-0.013327433355558834,0.013327433355558834,False,15.791874885559082,8.854691599000944,0.05116589801036753
HINDUNILVR,2025-05-26,2301.6676387693788,2330.14693530741,2297.876980399881,2327.03662109375,2286.795166015625,2305.938232421875,2253.094970703125,2273.674072265625,2293.1142578125,0.014793141321100151,-0.008477634937135591,-0.023270776258235742,0.023270776258235742,False,14.684497833251953,11.772507259011036,0.05785241301055066
HINDUNILVR,2025-05-27,2327.0369005720772,2342.0054230052847,2294.183653984274,2313.526123046875,2323.676025390625,2345.979736328125,2299.68896484375,2301.517333984375,2327.03662109375,-0.0058058811470379085,-0.010966431244808028,-0.00516055009777012,0.00516055009777012,True,12.796710968017578,12.48996458700276,0.04729868299909867
HINDUNILVR,2025-05-28,2321.107628598645,2321.107628598645,2286.1160563082135,2295.8359375,2314.634765625,2346.13427734375,2299.83349609375,2305.346923828125,2313.526123046875,-0.007646417030112166,-0.003535382262283744,0.004111034767828422,0.004111034767828422,True,13.632312774658203,8.374718587991083,0.03213274999870919
HINDUNILVR,2025-05-29,2302.6399170703785,2309.4438340900037,2289.518077103958,2300.404296875,2291.539794921875,2337.967529296875,2285.314208984375,2310.57861328125,2295.8359375,0.001989845746545206,0.006421484889422766,0.00443163914287756,0.00443163914287756,True,14.204387664794922,9.32903876999626,0.0533317300141789
HINDUNILVR,2025-05-30,2293.891989062484,2308.374517293052,2277.8541849016656,2282.519775390625,2275.249755859375,2325.482666015625,2255.56884765625,2285.70556640625,2300.404296875,-0.007774512292761038,-0.006389629200709454,0.0013848830920515842,0.0013848830920515842,True,13.638473510742188,8.635185610997723,0.044971611991059035
HINDUNILVR,2025-06-02,2282.1309268833143,2317.2197947019963,2277.9515675984035,2305.167236328125,2302.42138671875,2323.4658203125,2289.39599609375,2309.2861328125,2282.519775390625,0.009922131313681243,0.011726670546499108,0.0018045392328178648,0.0018045392328178648,True,13.471298217773438,9.455155486997683,0.05330858999514021
HINDUNILVR,2025-06-03,2298.8492103092544,2312.84574439433,2276.9794774877073,2286.40771484375,2309.71923828125,2318.8515625,2276.019287109375,2286.121337890625,2305.167236328125,-0.008138030590030782,-0.008262263204746045,-0.00012423261471526323,0.00012423261471526323,True,13.198707580566406,9.505603567988146,0.05551325200940482
HINDUNILVR,2025-06-04,2293.405928626477,2301.2791271801098,2276.4934305579545,2298.265869140625,2313.6044921875,2324.800537109375,2292.111328125,2305.46435546875,2286.40771484375,0.005186369088894266,0.008334751716100777,0.0031483826272065115,0.0031483826272065115,True,13.631928443908691,8.40392171900021,0.06055232300423086
HINDUNILVR,2025-06-05,2298.2659555931978,2313.3317717537793,2283.1028456979607,2309.83251953125,2278.59375,2304.078369140625,2258.1796875,2294.444580078125,2298.265869140625,0.00503277299025027,-0.0016626836406568005,-0.00669545663090707,0.00669545663090707,False,14.33978271484375,8.719983394024894,0.05751789399073459
HINDUNILVR,2025-06-06,2306.8196167541355,2329.369695281899,2303.709302009238,2322.857421875,2256.40478515625,2310.21337890625,2233.2626953125,2272.212158203125,2309.83251953125,0.005638894696310377,-0.016287051554612086,-0.02192594625092246,0.02192594625092246,False,14.212190628051758,6.569238007010426,0.046505225996952504
HINDUNILVR,2025-06-09,2326.939503171982,2331.799443654797,2311.679337516298,2326.161865234375,2327.3740234375,2354.524658203125,2309.941162109375,2328.8994140625,2322.857421875,0.0014225769211042099,0.002601103335314886,0.0011785264142106762,0.0011785264142106762,True,14.394813537597656,6.779206150997197,0.044621781999012455
HINDUNILVR,2025-06-10,2326.3563309102015,2332.965897755389,2311.776508737784,2328.10595703125,2332.297119140625,2348.499267578125,2308.2294921875,2322.78369140625,2326.161865234375,0.0008357508675257733,-0.001452252260951165,-0.0022880031284769385,0.0022880031284769385,False,13.4608736038208,10.121883167012129,0.0637736409844365
HINDUNILVR,2025-06-11,2328.1059440121844,2335.590205225147,2304.875522401424,2309.83251953125,2323.52587890625,2339.322021484375,2301.766845703125,2317.38720703125,2328.10595703125,-0.007849057490193398,-0.004604064504722249,0.0032449929854711486,0.0032449929854711486,True,11.904491424560547,10.583793254976626,0.07146456200280227
HINDUNILVR,2025-06-12,2320.038399244325,2321.107681120332,2258.997733820115,2267.356689453125,2293.21240234375,2319.56201171875,2285.296142578125,2294.902099609375,2309.83251953125,-0.018389138484700574,-0.006463853892274809,0.011925284592425766,0.011925284592425766,True,12.679253578186035,9.532002949010348,0.06016364399692975
HINDUNILVR,2025-06-13,2240.4326931985097,2259.7751625270976,2237.5167287388153,2254.04052734375,2274.99267578125,2327.111328125,2266.13818359375,2309.356689453125,2267.356689453125,-0.005872989535046112,0.01852377272414522,0.02439676225919133,0.02439676225919133,False,12.406572341918945,12.593677029013634,0.04063107797992416
HINDUNILVR,2025-06-16,2255.0122175216065,2271.147313653889,2248.3055950712346,2262.204833984375,2257.472412109375,2263.33642578125,2246.50830078125,2256.35546875,2254.04052734375,0.0036220762411251495,0.0010270185376737738,-0.0025950577034513757,0.0025950577034513757,True,12.684720993041992,7.988267846987583,0.04173916397849098
HINDUNILVR,2025-06-17,2255.012389459953,2267.745528476323,2248.3057664982202,2263.37158203125,2265.956298828125,2286.380615234375,2255.27294921875,2278.68994140625,2262.204833984375,0.0005157570301978494,0.007287186011728265,0.0067714289815304154,0.0067714289815304154,True,13.850116729736328,5.301564831024734,0.04955502398661338
HINDUNILVR,2025-06-18,2262.496584614853,2266.09289301594,2221.4787354933574,2232.9482421875,2258.2705078125,2267.230712890625,2241.755126953125,2261.669921875,2263.37158203125,-0.013441601938134588,-0.0007518253607844872,0.012689776577350102,0.012689776577350102,True,13.95437240600586,6.757828361005522,0.0572700249904301
HINDUNILVR,2025-06-19,2235.6699307829094,2243.154191716161,2226.144399912506,2229.93505859375,2230.39990234375,2235.909423828125,2211.91552734375,2222.854248046875,2232.9482421875,-0.0013494193626262224,-0.004520478329912588,-0.0031710589672863656,0.0031710589672863656,True,13.992975234985352,7.483667908993084,0.037464349006768316
HINDUNILVR,2025-06-20,2230.712900802916,2248.2086882601934,2228.1856365828094,2241.59912109375,2215.45166015625,2220.658447265625,2214.429931640625,2226.9677734375,2229.93505859375,0.005230673626592353,-0.001330659897387882,-0.006561333523980235,0.006561333523980235,False,14.768847465515137,8.0902949339943,0.044892361998790875
HINDUNILVR,2025-06-23,2242.777637332428,2245.3314785900775,2218.517104573964,2234.62548828125,2205.390869140625,2237.164794921875,2202.707763671875,2238.00439453125,2241.59912109375,-0.003111008006238571,-0.0016036438133264499,0.0015073641929121211,0.0015073641929121211,True,15.273120880126953,8.181869841006119,0.05827089099329896
HINDUNILVR,2025-06-24,2254.171508269237,2260.0647671143856,2220.0888759075924,2222.839111328125,2208.767333984375,2251.2060546875,2217.131591796875,2250.2138671875,2234.62548828125,-0.005274430554441777,0.006975835095409977,0.012250265649851756,0.012250265649851756,False,13.886436462402344,8.521378698991612,0.07663112200680189
HINDUNILVR,2025-06-25,2238.455843673713,2249.751254907696,2230.9909542436453,2238.1611328125,2207.241455078125,2251.67431640625,2197.59033203125,2237.123291015625,2222.839111328125,0.006892996171558381,0.006426096974227406,-0.00046689919733097513,0.00046689919733097513,True,14.811942100524902,7.497659885993926,0.04622274698340334
HINDUNILVR,2025-06-26,2248.179631450258,2250.242367688747,2231.187595893491,2240.223876953125,2251.582275390625,2254.056396484375,2238.11083984375,2237.106201171875,2238.1611328125,0.0009216245025365672,-0.0004713385578719975,-0.0013929630604085645,0.0013929630604085645,False,14.93691635131836,3.831201634980971,0.03068807499948889
HINDUNILVR,2025-06-27,2240.223846681488,2269.395425704689,2238.7505321874146,2265.859375,2231.709716796875,2237.6689453125,2222.78369140625,2232.0341796875,2240.223876953125,0.011443275072017011,-0.0036557494765941034,-0.015099024548611114,0.015099024548611114,False,13.185988426208496,6.72623525900417,0.03300171598675661
HINDUNILVR,2025-06-30,2268.8061816314857,2275.7799667017143,2247.295884252707,2253.778564453125,2256.51220703125,2289.3017578125,2246.293212890625,2266.536865234375,2265.859375,-0.005331668275695618,0.00029899924145778024,0.005630667517153398,0.005630667517153398,False,15.184896469116211,7.350326860003406,0.0681372539838776
HINDUNILVR,2025-07-01,2259.082297140465,2261.636138264844,2245.9207831543013,2254.662353515625,2261.355712890625,2272.1689453125,2250.33740234375,2260.57421875,2253.778564453125,0.0003921365995928929,0.0030152271407923132,0.00262309054119942,0.00262309054119942,True,13.915613174438477,9.203981497994391,0.056470909010386094
HINDUNILVR,2025-07-02,2254.171318752975,2267.9222549022306,2246.9030627072866,2266.05615234375,2251.860595703125,2263.965087890625,2240.10400390625,2248.36669921875,2254.662353515625,0.005053439070537105,-0.002792282528272307,-0.007845721598809412,0.007845721598809412,False,13.327354431152344,9.675834749010392,0.033881053008371964
HINDUNILVR,2025-07-03,2268.9044793168537,2285.503727857006,2263.011220929018,2272.243896484375,2265.251220703125,2280.078369140625,2253.355224609375,2271.87548828125,2266.05615234375,0.0027306225991907142,0.0025680457792191702,-0.000162576819971544,0.000162576819971544,True,12.779159545898438,10.600337284005946,0.052312743006041273
HINDUNILVR,2025-07-04,2276.7619917524657,2299.7456018762664,2269.1990253303456,2297.68310546875,2267.677734375,2298.5361328125,2243.61669921875,2266.8330078125,2272.243896484375,0.011195633102474012,-0.002381297483182483,-0.013576930585656495,0.013576930585656495,False,15.05505084991455,12.179924121010117,0.08271810901351273
HINDUNILVR,2025-07-07,2299.353049094105,2372.7240702364506,2299.353049094105,2367.518310546875,2290.36767578125,2294.914306640625,2275.845703125,2282.357177734375,2297.68310546875,0.03039374964802987,-0.00667016600239499,-0.03706391565042486,0.03706391565042486,False,16.062185287475586,3.9710276600089855,0.0446524330182001
HINDUNILVR,2025-07-08,2362.607071634493,2375.474114379278,2343.552299734942,2350.133056640625,2378.783203125,2417.0654296875,2360.761474609375,2404.68603515625,2367.518310546875,-0.007343239470969145,0.01569902308412964,0.023042262555098787,0.023042262555098787,False,14.378985404968262,7.75048743901425,0.05026015199837275
HINDUNILVR,2025-07-09,2356.3210447333263,2396.29693113012,2354.45494224249,2380.286865234375,2343.548583984375,2360.268798828125,2319.08935546875,2337.6640625,2350.133056640625,0.012830681441012992,-0.005305654548108303,-0.018136335989121295,0.018136335989121295,False,13.26748275756836,10.442137175996322,0.052568352984962985
HINDUNILVR,2025-07-10,2380.287101883039,2390.6986215441034,2354.9462812164356,2365.553955078125,2369.961669921875,2395.122314453125,2348.95654296875,2376.83935546875,2380.286865234375,-0.0061895523482625794,-0.0014483589419317915,0.004741193406330788,0.004741193406330788,True,13.414220809936523,10.845584053982748,0.0575171539967414
HINDUNILVR,2025-07-11,2455.524228892195,2484.9905196389013,2417.218050921477,2474.775634765625,2364.215087890625,2380.987548828125,2331.1669921875,2346.152587890625,2365.553955078125,0.04617171358659322,-0.00820161685420498,-0.0543733304407982,0.0543733304407982,False,14.19674301147461,8.796711456001503,0.041519864986184984
HINDUNILVR,2025-07-14,2455.524324131349,2487.4461403450564,2445.7022268348237,2471.8291015625,2441.74853515625,2487.128173828125,2413.59814453125,2471.952880859375,2474.775634765625,-0.0011906263993115695,-0.0011406100280752646,5.0016371236304884e-05,5.0016371236304884e-05,True,12.912248611450195,9.37652086201706,0.037939088011626154
HINDUNILVR,2025-07-15,2475.8561480958347,2484.8924301255456,2465.3465513939755,2481.94580078125,2473.618896484375,2496.173828125,2420.99462890625,2447.08837890625,2471.8291015625,0.004092798815401519,-0.010009074915660965,-0.014101873731062484,0.014101873731062484,False,12.601873397827148,8.807013026991626,0.04049929798929952
HINDUNILVR,2025-07-16,2481.356455874828,2487.8388961282812,2462.890865236824,2472.811279296875,2478.003662109375,2490.89892578125,2438.224853515625,2461.21484375,2481.94580078125,-0.003680387171025128,-0.008352703360695648,-0.00467231618967052,0.00467231618967052,True,12.119613647460938,10.547297231998527,0.0497894829895813
HINDUNILVR,2025-07-17,2468.2929253596812,2480.472229470397,2461.613851577524,2465.14990234375,2453.205810546875,2468.96533203125,2424.52685546875,2448.717041015625,2472.811279296875,-0.0030982457162292846,-0.009743662398733886,-0.006645416682504602,0.006645416682504602,True,10.85860824584961,11.355436580983223,0.04291528899921104
HINDUNILVR,2025-07-18,2470.1590393490687,2470.1590393490687,2437.353331809416,2445.309326171875,2475.0185546875,2492.1103515625,2433.331298828125,2467.232421875,2465.14990234375,-0.008048425839342063,0.0008447841363602421,0.008893209975702305,0.008893209975702305,False,12.35819149017334,8.224290023004869,0.051731576008023694
HINDUNILVR,2025-07-21,2446.5862827986753,2449.2384410834075,2411.717835071157,2421.048828125,2438.411865234375,2456.132080078125,2409.5029296875,2432.86328125,2445.309326171875,-0.009921238915346036,-0.005089762995898457,0.004831475919447579,0.004831475919447579,True,10.708770751953125,8.763066411978798,0.05272499198326841
HINDUNILVR,2025-07-22,2426.0580626810415,2440.7912088106837,2408.967709089577,2435.58544921875,2421.197021484375,2431.534423828125,2401.965087890625,2418.0625,2421.048828125,0.006004265971375719,-0.001233485293773602,-0.0072377512651493215,0.0072377512651493215,False,11.795585632324219,8.20957454800373,0.03699422100908123
HINDUNILVR,2025-07-23,2436.8623544586453,2442.755612873297,2398.5561747634065,2406.806640625,2429.82861328125,2442.881103515625,2415.5791015625,2433.91357421875,2435.58544921875,-0.011815971639583095,-0.0006864366021468385,0.011129535037436257,0.011129535037436257,True,12.517419815063477,8.076689086010447,0.036839342006715015
HINDUNILVR,2025-07-24,2412.2087602925917,2422.1291744035116,2377.9297369143965,2394.430908203125,2416.1826171875,2427.462158203125,2400.102294921875,2416.42138671875,2406.806640625,-0.0051419720275747895,0.003994814511253484,0.009136786538828275,0.009136786538828275,False,12.267589569091797,8.040913500008173,0.09055664102197625
HINDUNILVR,2025-07-25,2382.9390347834888,2385.3945590187477,2362.6071022777146,2372.42919921875,2404.218994140625,2425.005615234375,2392.774169921875,2415.89111328125,2394.430908203125,-0.009188700709216098,0.008962549307480156,0.018151250016696256,0.018151250016696256,False,13.566532135009766,9.414765657973476,0.03374484399682842
HINDUNILVR,2025-07-28,2372.429243771511,2404.7440871927433,2369.384537540986,2398.163330078125,2362.13232421875,2379.30712890625,2353.9482421875,2374.7978515625,2372.42919921875,0.010847164951371087,0.000998408021841076,-0.009848756929530012,0.009848756929530012,True,11.94056510925293,9.072079564008163,0.03704690100857988
HINDUNILVR,2025-07-29,2401.3064573670335,2413.7804732980653,2386.4749941452433,2409.949951171875,2401.37548828125,2419.58251953125,2390.52392578125,2411.52099609375,2398.163330078125,0.004914853357117268,0.005569956744851839,0.0006551033877345708,0.0006551033877345708,True,13.429609298706055,9.397069185011787,0.04902135601150803
HINDUNILVR,2025-07-30,2398.5561023639793,2409.262092241855,2355.829980147422,2394.037841796875,2395.943115234375,2400.64208984375,2377.268310546875,2388.478759765625,2409.949951171875,-0.0066026721290467025,-0.008909393075075815,-0.0023067209460291126,0.0023067209460291126,True,14.757735252380371,9.860897146019852,0.05771527299657464
HINDUNILVR,2025-07-31,2377.0459063535795,2503.652646914568,2377.0459063535795,2476.34716796875,2386.84033203125,2393.99072265625,2358.71044921875,2374.919677734375,2394.037841796875,0.03438096287989195,-0.007985740128548103,-0.04236670300844005,0.04236670300844005,False,14.231588363647461,9.111730044998694,0.06665480000083335
HINDUNILVR,2025-08-01,2504.634914777358,2678.9771490412722,2491.767870864873,2508.26904296875,2468.294677734375,2491.2265625,2451.2529296875,2479.732177734375,2476.34716796875,0.012890710726228365,0.0013669366756849323,-0.011523774050543433,0.011523774050543433,True,13.98066234588623,6.448331760999281,0.06686771899694577
HINDUNILVR,2025-08-04,2501.688117328015,2537.2440606709806,2489.9999177635377,2498.44677734375,2522.43994140625,2553.48583984375,2480.344482421875,2498.67236328125,2508.26904296875,-0.00391595377399169,-0.0038260168758218666,8.993689816982333e-05,8.993689816982333e-05,True,14.082733154296875,8.320738181006163,0.05767942301463336
HINDUNILVR,2025-08-05,2492.357168773925,2507.5814194600316,2472.516580355361,2489.60693359375,2489.429443359375,2518.407958984375,2472.342529296875,2488.89013671875,2498.44677734375,-0.0035381357050151665,-0.003825032700980824,-0.00028689699596565763,0.00028689699596565763,True,13.653244972229004,10.1760907539865,0.04678340500686318
HINDUNILVR,2025-08-06,2493.535672934169,2517.501733064876,2481.65107965462,2490.490966796875,2489.2958984375,2512.04931640625,2458.438232421875,2473.64404296875,2489.60693359375,0.0003550894686210153,-0.006411811603511865,-0.006766901072132881,0.006766901072132881,False,12.37967300415039,7.506793502980145,0.05140372697496787
HINDUNILVR,2025-08-07,2490.5890589949863,2498.741447368421,2450.613172635303,2472.712890625,2485.421142578125,2555.304931640625,2481.18701171875,2519.3095703125,2490.490966796875,-0.007138382113764552,0.011571454745202235,0.018709836858966787,0.018709836858966787,False,12.597070693969727,8.566596838994883,0.04915149600128643
HINDUNILVR,2025-08-08,2471.2397680498043,2484.892387860569,2442.362896885792,2454.1494140625,2461.160888671875,2478.044921875,2442.679443359375,2452.968017578125,2472.712890625,-0.007507331980547049,-0.007985105396479859,-0.0004777734159328098,0.0004777734159328098,True,13.671883583068848,7.71820991000277,0.07466954001574777
HINDUNILVR,2025-08-11,2445.800338508461,2479.588254454568,2434.4066106815794,2473.5966796875,2460.59423828125,2486.36767578125,2450.115478515625,2466.29248046875,2454.1494140625,0.007924238643973914,0.004947973557220731,-0.0029762650867531833,0.0029762650867531833,True,15.396162033081055,7.356105888000457,0.04690513401874341
HINDUNILVR,2025-08-12,2473.2040732697083,2491.47326996814,2435.9784208260676,2439.612548828125,2466.13330078125,2511.36572265625,2437.0263671875,2440.77490234375,2473.5966796875,-0.01373875180963954,-0.01326884759074649,0.0004699042188930497,0.0004699042188930497,True,15.58997917175293,7.857932926010108,0.03944403197965585
HINDUNILVR,2025-08-13,2440.7912554195577,2456.9977164716393,2429.397526276142,2450.711669921875,2446.550537109375,2468.07275390625,2433.993896484375,2449.397705078125,2439.612548828125,0.0045495425489106844,0.004010946842645292,-0.0005385957062653927,0.0005385957062653927,True,12.576211929321289,8.165368632995524,0.06287527500535361
HINDUNILVR,2025-08-14,2454.44372812859,2464.3641420365734,2429.200986749531,2436.469482421875,2449.0615234375,2467.922119140625,2428.12841796875,2442.90234375,2450.711669921875,-0.00581144965962235,-0.0031865544477225056,0.002624895211899844,0.002624895211899844,True,11.971656799316406,9.530915482988348,0.0548075350234285
HINDUNILVR,2025-08-18,2493.8306848086754,2550.798853268267,2476.445619289953,2522.4130859375,2437.348876953125,2442.38134765625,2416.3984375,2419.62548828125,2436.469482421875,0.03527382720599324,-0.006913279342157777,-0.04218710654815101,0.04218710654815101,False,13.717092514038086,8.547213701996952,0.08348925699829124
HINDUNILVR,2025-08-19,2526.439827717028,2568.47845225644,2512.8852854397333,2558.4599609375,2505.001708984375,2555.802490234375,2475.44677734375,2496.515625,2522.4130859375,0.01429063114244134,-0.010266938861790255,-0.024557570004231595,0.024557570004231595,False,13.468364715576172,9.765119154995773,0.07242457801476121
HINDUNILVR,2025-08-20,2552.763210757331,2632.3222027047505,2542.45000809748,2622.3037109375,2547.268310546875,2603.25146484375,2491.77001953125,2494.864990234375,2558.4599609375,0.024953976601066543,-0.02485673869206138,-0.04981071529312792,0.04981071529312792,False,12.65726089477539,8.26050414601923,0.027624576003290713
HINDUNILVR,2025-08-21,2619.651659128844,2619.651659128844,2580.559664029887,2600.891357421875,2618.685546875,2639.7958984375,2585.3583984375,2593.845947265625,2622.3037109375,-0.008165474283667115,-0.010852199748327802,-0.0026867254646606876,0.0026867254646606876,True,14.227407455444336,7.852329446992371,0.04412863400648348
HINDUNILVR,2025-08-22,2599.9091636055095,2611.20457553655,2572.4072910777595,2583.11328125,2588.179931640625,2615.738037109375,2566.96533203125,2587.300537109375,2600.891357421875,-0.006835378233367448,-0.005225447142848695,0.0016099310905187533,0.0016099310905187533,True,14.816946029663086,8.261906800995348,0.09094183897832409
HINDUNILVR,2025-08-25,2595.9802980489717,2595.9802980489717,2568.67481978843,2584.783203125,2597.15380859375,2647.729736328125,2584.2197265625,2616.142333984375,2583.11328125,0.0006464764387692298,0.012786528943241638,0.012140052504472408,0.012140052504472408,True,12.574066162109375,9.14208712099935,0.04561991899390705
HINDUNILVR,2025-08-26,2577.9077368329176,2656.877302702266,2577.9077368329176,2644.697998046875,2597.363037109375,2609.9462890625,2564.482421875,2577.537109375,2584.783203125,0.023179814403559294,-0.0028033661551342026,-0.025983180558693496,0.025983180558693496,False,11.480161666870117,10.412783276027767,0.07115982301183976
HINDUNILVR,2025-08-28,2699.112419661415,2699.112419661415,2599.7128399390217,2607.177490234375,2630.64697265625,2671.17626953125,2613.14404296875,2640.01318359375,2644.697998046875,-0.014187067045163234,-0.0017713986461156484,0.012415668399047584,0.012415668399047584,True,13.738666534423828,9.536565161019098,0.04831236897734925
HINDUNILVR,2025-08-29,2617.392493882605,2674.5570512791683,2594.4086426961376,2612.4814453125,2638.828125,2667.859130859375,2593.64697265625,2624.000732421875,2607.177490234375,0.002034366704220124,0.006452664711364801,0.0044182980071446765,0.0044182980071446765,True,14.97998046875,7.369557536992943,0.05857950000790879
HINDUNILVR,2025-09-01,2612.4815545305705,2625.741386224198,2592.346254551359,2602.36474609375,2573.17724609375,2638.551025390625,2562.030029296875,2624.237548828125,2612.4814453125,-0.0038724482567721588,0.004499975889481871,0.00837242414625403,0.00837242414625403,False,14.56595230102539,10.932242117996793,0.07099807399208657
HINDUNILVR,2025-09-02,2601.8736154116664,2644.5014224406004,2598.043093323752,2629.37548828125,2619.738525390625,2664.63037109375,2594.22607421875,2628.4658203125,2602.36474609375,0.010379306831620805,0.010029752461844068,-0.0003495543697767372,0.0003495543697767372,True,15.247804641723633,8.820211678015767,0.04447912299656309
HINDUNILVR,2025-09-03,2633.304255827349,2639.099197248745,2611.00814317238,2617.294189453125,2620.835693359375,2635.79296875,2576.117919921875,2592.686767578125,2629.37548828125,-0.0045947407975656645,-0.013953397248373758,-0.009358656450808094,0.009358656450808094,True,14.133563995361328,8.48941622802522,0.040518847992643714
HINDUNILVR,2025-09-04,2701.0768426775303,2701.0768426775303,2608.2580202655204,2619.16064453125,2617.35302734375,2626.297607421875,2564.783447265625,2573.1435546875,2617.294189453125,0.0007131239146314652,-0.016868808612932478,-0.017581932527563942,0.017581932527563942,False,13.143996238708496,8.168587510997895,0.07845501598785631
HINDUNILVR,2025-09-05,2620.1425429211836,2625.3480621978892,2577.1217125435624,2586.55078125,2631.391357421875,2648.713623046875,2594.78173828125,2609.371337890625,2619.16064453125,-0.012450501403699188,-0.003737573967089364,0.008712927436609823,0.008712927436609823,True,13.021568298339844,8.38921736399061,0.0868724640167784
HINDUNILVR,2025-09-08,2583.2115458729263,2597.5519036054347,2572.210845043877,2577.219970703125,2607.726806640625,2645.767333984375,2594.16650390625,2617.032470703125,2586.55078125,-0.0036074337355038156,0.01178468626020717,0.015392119995710987,0.015392119995710987,False,13.751642227172852,9.254173050983809,0.05521433299873024
HINDUNILVR,2025-09-09,2590.0869983381435,2599.123279686501,2564.844256818159,2594.998046875,2597.541015625,2617.0498046875,2581.27734375,2592.69140625,2577.219970703125,0.006898160178009458,0.006003149022104634,-0.000895011155904824,0.000895011155904824,True,14.713397979736328,7.494211779994657,0.03148198200506158
HINDUNILVR,2025-09-10,2594.9981209437656,2605.704111140776,2572.407297029418,2596.471435546875,2596.536376953125,2657.035888671875,2593.43115234375,2588.56884765625,2594.998046875,0.0005677802623586994,-0.002477535282345317,-0.0030453155447040165,0.0030453155447040165,False,13.19937801361084,8.002097446005791,0.06078395200893283
HINDUNILVR,2025-09-11,2596.766224743345,2610.4188445583272,2567.496325786017,2575.35400390625,2595.701171875,2628.608642578125,2567.907958984375,2609.718505859375,2596.471435546875,-0.008133126885787286,0.005101951106082502,0.013235077991869789,0.013235077991869789,False,11.973688125610352,10.74339603597764,0.055024744011461735
HINDUNILVR,2025-09-12,2578.300371116456,2582.130892891774,2523.2966298659717,2534.592041015625,2569.265380859375,2632.502197265625,2535.9013671875,2557.1904296875,2575.35400390625,-0.01582771255089514,-0.00705284562479559,0.00877486692609955,0.00877486692609955,True,12.780963897705078,8.790837348002242,0.08941753499675542
HINDUNILVR,2025-09-15,2534.5921470999765,2547.262556392294,2522.7073137348634,2535.083251953125,2462.82666015625,2542.87939453125,2375.001220703125,2503.6943359375,2534.592041015625,0.00019380276176641392,-0.012190405626675968,-0.012384208388442381,0.012384208388442381,False,14.20578670501709,10.712450001999969,0.0415940840030089
HINDUNILVR,2025-09-16,2542.1552867248165,2543.9233122758214,2526.8329581431617,2534.985107421875,2538.712890625,2562.630859375,2531.16748046875,2552.145751953125,2535.083251953125,-3.871451999629034e-05,0.006730548192787908,0.006769262712784199,0.006769262712784199,False,13.756563186645508,8.331692290026695,0.08432920297491364
HINDUNILVR,2025-09-17,2540.9764060412954,2545.0035615909655,2520.8411078875088,2523.984130859375,2492.5439453125,2528.144287109375,2433.682861328125,2520.46826171875,2534.985107421875,-0.004339661219425541,-0.005726599994857126,-0.0013869387754315851,0.0013869387754315851,True,13.297874450683594,7.837632492010016,0.047396962996572256
HINDUNILVR,2025-09-18,2525.162751622593,2563.468928857849,2525.162751622593,2540.780029296875,2534.141357421875,2550.266357421875,2529.9697265625,2536.015869140625,2523.984130859375,0.006654518240485638,0.004766962729339107,-0.0018875555111465313,0.0018875555111465313,True,13.226234436035156,7.417727847001515,0.04245975098456256
HINDUNILVR,2025-09-19,2553.745139554843,2558.3614770399663,2509.3493104728077,2514.06396484375,2536.238037109375,2579.146484375,2516.95947265625,2547.5,2540.780029296875,-0.010514906503149072,0.0026448455299708322,0.013159752033119905,0.013159752033119905,False,13.131437301635742,8.062170948978746,0.06846118401153944
HINDUNILVR,2025-09-22,2523.2969180781097,2541.173088066885,2514.653424077742,2526.43994140625,2512.34521484375,2532.16015625,2500.0185546875,2515.79150390625,2514.06396484375,0.00492269756679368,0.0006871500036027791,-0.004235547563190901,0.004235547563190901,True,13.946564674377441,6.961205469007837,0.07776393799576908
HINDUNILVR,2025-09-23,2523.1984923690093,2529.484778551504,2473.400506763053,2477.329345703125,2517.3984375,2530.735595703125,2472.687255859375,2489.8837890625,2526.43994140625,-0.01943865551610516,-0.014469432557895028,0.004969222958210133,0.004969222958210133,True,14.173938751220703,7.5013624940183945,0.0495034140185453
HINDUNILVR,2025-09-24,2477.3294242524616,2530.1723576313984,2465.3465130647555,2504.143798828125,2480.94189453125,2498.104736328125,2458.32080078125,2470.22900390625,2477.329345703125,0.010823935530214865,-0.0028661275131586328,-0.013690063043373498,0.013690063043373498,False,15.276344299316406,10.37616090400843,0.07470118001219817
HINDUNILVR,2025-09-25,2500.7060335521905,2521.8235432620777,2486.7587030055865,2493.14306640625,2498.80712890625,2499.87353515625,2478.54052734375,2472.58056640625,2504.143798828125,-0.004393011466443365,-0.012604400928032082,-0.008211389461588716,0.008211389461588716,True,14.735803604125977,7.867836297984468,0.05490662399097346
HINDUNILVR,2025-09-26,2489.901473834488,2500.1163583210514,2454.9347142199126,2467.1142578125,2489.075927734375,2536.155517578125,2470.818603515625,2490.33740234375,2493.14306640625,-0.01044015842671609,-0.0011253522111525811,0.009314806215563508,0.009314806215563508,True,15.11513900756836,5.940852494008141,0.07886180499917828
HINDUNILVR,2025-09-29,2450.613113672247,2472.614514244821,2399.538211102725,2453.46142578125,2461.93505859375,2489.390380859375,2415.609375,2470.04150390625,2467.1142578125,-0.0055339277408884445,0.0011865060908632103,0.006720433831751655,0.006720433831751655,False,15.622230529785156,7.130215134005994,0.047338092990685254
HINDUNILVR,2025-09-30,2453.461508732884,2481.3564080346573,2447.273779473271,2469.66796875,2441.82080078125,2462.728515625,2431.156982421875,2445.477294921875,2453.46142578125,0.00660558295249716,-0.0032542312568996806,-0.00985981420939684,0.00985981420939684,False,14.700857162475586,6.811380410013953,0.05737405500258319
HINDUNILVR,2025-10-01,2470.650311487506,2504.6348647874647,2453.4616408468078,2491.080322265625,2474.683349609375,2491.867919921875,2462.041015625,2473.8017578125,2469.66796875,0.008670134522764479,0.0016738238155116372,-0.006996310707252842,0.006996310707252842,True,13.961771011352539,7.943306856002891,0.07355619402369484
HINDUNILVR,2025-10-03,2491.080311445024,2503.2598561816244,2463.6767554329513,2499.62548828125,2503.296630859375,2519.927490234375,2468.07080078125,2475.501708984375,2491.080322265625,0.003430305293348877,-0.0062537579145907785,-0.009684063207939655,0.009684063207939655,False,13.561213493347168,8.028587415989023,0.07553904698579572
HINDUNILVR,2025-10-06,2490.0981302259243,2504.2420946178245,2475.364983857677,2496.580810546875,2514.221435546875,2541.550048828125,2524.151123046875,2543.433837890625,2499.62548828125,-0.0012180535638834959,0.017525965315507226,0.01874401887939072,0.01874401887939072,False,14.616497039794922,6.566825666988734,0.05122136799036525
HINDUNILVR,2025-10-07,2494.812642046405,2513.8674143383946,2463.676642465363,2472.418212890625,2493.64697265625,2524.718017578125,2421.62939453125,2466.822998046875,2496.580810546875,-0.00967827580592402,-0.011919426911513256,-0.0022411511055892355,0.0022411511055892355,True,13.211819648742676,9.157740301976446,0.07370420399820432
HINDUNILVR,2025-10-08,2466.328548368669,2480.0794841222178,2441.8716228402013,2455.62255859375,2472.98046875,2490.692138671875,2453.79296875,2467.85693359375,2472.418212890625,-0.006793209259382691,-0.0018448655947822781,0.004948343664600413,0.004948343664600413,True,14.80319881439209,8.14771255897358,0.03905450401362032
HINDUNILVR,2025-10-09,2456.506502076689,2478.1151158494545,2453.854583800399,2472.811279296875,2438.7578125,2458.215087890625,2417.350830078125,2435.48974609375,2455.62255859375,0.006999740511004421,-0.008198659207435106,-0.015198399718439528,0.015198399718439528,False,15.20149040222168,6.226160154008539,0.08566410900675692
HINDUNILVR,2025-10-10,2465.3464877788733,2489.8034147865233,2461.9087536325683,2483.91015625,2467.580322265625,2481.7216796875,2448.82080078125,2460.537841796875,2472.811279296875,0.004488363930578997,-0.004963353897144087,-0.009451717827723083,0.009451717827723083,False,17.37724494934082,1.8376149300020188,0.04769276099978015
HINDUNILVR,2025-10-13,2474.3826327864285,2486.5621769669815,2441.183896906515,2448.452392578125,2467.427734375,2524.563720703125,2441.523193359375,2485.6318359375,2483.91015625,-0.014274978337141697,0.0006931328346027008,0.014968111171744397,0.014968111171744397,False,14.123617172241211,9.957807692000642,0.0386702649993822
HINDUNILVR,2025-10-14,2448.648848847169,2464.560598461446,2438.139252730148,2457.783447265625,2449.283203125,2471.808837890625,2441.3701171875,2458.9482421875,2448.452392578125,0.0038110010698124146,0.004286728074105324,0.0004757270042929098,0.0004757270042929098,True,13.506339073181152,10.652770326007158,0.07089588398230262
HINDUNILVR,2025-10-15,2458.07813584284,2486.75861164498,2458.07813584284,2474.186279296875,2441.30712890625,2460.57666015625,2428.607666015625,2446.278564453125,2457.783447265625,0.006673831272441336,-0.004680999388005321,-0.011354830660446657,0.011354830660446657,False,14.576164245605469,7.504979479999747,0.04738108199671842
HINDUNILVR,2025-10-16,2473.0076593520143,2522.8056437611326,2462.498063399367,2515.93017578125,2469.69921875,2489.521728515625,2453.952880859375,2467.91357421875,2474.186279296875,0.016871767834812326,-0.0025352598268823983,-0.019407027661694724,0.019407027661694724,False,13.848969459533691,8.338188416004414,0.05814897199161351
HINDUNILVR,2025-10-17,2519.85903126701,2568.478412302955,2514.4568778185712,2557.37939453125,2492.392578125,2509.713134765625,2495.029052734375,2508.759521484375,2515.93017578125,0.016474709492734285,-0.002850100676839475,-0.01932481016957376,0.01932481016957376,False,14.118661880493164,10.416630680992967,0.05328774999361485
HINDUNILVR,2025-10-20,2562.58498576505,2578.005629364242,2539.601375794003,2548.24462890625,2570.83203125,2579.17333984375,2510.220703125,2528.489013671875,2557.37939453125,-0.0035719243083501655,-0.011296869334739598,-0.007724945026389433,0.007724945026389433,True,15.725790977478027,10.084943285008194,0.06094506199588068
HINDUNILVR,2025-10-21,2547.852148012694,2560.326164154914,2539.1105769627225,2545.593017578125,2554.56494140625,2570.5302734375,2525.66064453125,2542.72265625,2548.24462890625,-0.001040563883877631,-0.002166971174435527,-0.001126407290557896,0.001126407290557896,True,14.559998512268066,7.766147340007592,0.03852214600192383
HINDUNILVR,2025-10-23,2554.727472782394,2619.7497080594576,2549.914741090149,2555.31689453125,2546.79052734375,2558.6923828125,2526.09326171875,2535.97509765625,2545.593017578125,0.0038198867163676807,-0.0037782630041252553,-0.007598149720492936,0.007598149720492936,False,14.390876770019531,7.859300471027382,0.07519643800333142
HINDUNILVR,2025-10-24,2538.029794005612,2538.029794005612,2430.4778348556065,2471.63232421875,2603.969482421875,2617.709228515625,2577.893310546875,2594.591796875,2555.31689453125,-0.032749194626935374,0.015369875426333229,0.048119070053268605,0.048119070053268605,False,12.230950355529785,8.704170452983817,0.04532534000463784
HINDUNILVR,2025-10-27,2471.6322783442465,2480.0793772907623,2461.4173938576832,2467.1142578125,2425.92529296875,2473.052978515625,2416.57177734375,2439.605712890625,2471.63232421875,-0.0018279686513155231,-0.012957676194111187,-0.011129707542795663,0.011129707542795663,True,12.8829345703125,9.703450725995935,0.06127782000112347
HINDUNILVR,2025-10-28,2474.186322669988,2481.0617908155573,2437.7462455795494,2452.676025390625,2473.91357421875,2481.081787109375,2455.992919921875,2461.968505859375,2467.1142578125,-0.0058522755385787655,-0.002085737187416504,0.0037665383511622614,0.0037665383511622614,True,15.203750610351562,5.132668614998693,0.04200005199527368
HINDUNILVR,2025-10-29,2467.9000740374127,2468.8822836920012,2439.8087819972766,2443.8359375,2441.60107421875,2463.630615234375,2405.439208984375,2451.56201171875,2452.676025390625,-0.003604262364499235,-0.0004542033519072609,0.003150059012591974,0.003150059012591974,True,11.818439483642578,11.900495067995507,0.051696726004593074
HINDUNILVR,2025-10-30,2446.6842295799647,2452.577487459322,2411.2263654202525,2425.6650390625,2449.802978515625,2477.278076171875,2423.136474609375,2466.117431640625,2443.8359375,-0.007435400289631759,0.009117426337309109,0.016552826626940867,0.016552826626940867,False,13.742589950561523,9.105899507005233,0.03385954300756566
HINDUNILVR,2025-10-31,2425.0756732953823,2435.3888748221552,2409.262001702085,2421.637939453125,2415.20849609375,2440.0947265625,2409.26220703125,2431.41650390625,2425.6650390625,-0.0016602043334604194,0.002371087825866054,0.004031292159326474,0.004031292159326474,False,11.397899627685547,7.6797049139859155,0.04038860902073793
HINDUNILVR,2025-11-03,2412.405317967791,2430.8706683206365,2396.8863568906377,2416.23583984375,2406.462890625,2421.050048828125,2375.83984375,2393.38818359375,2421.637939453125,-0.0022307627087288485,-0.011665557183067011,-0.009434794474338162,0.009434794474338162,True,13.026191711425781,6.472833740001079,0.04411089498898946
HINDUNILVR,2025-11-04,2416.2358320421877,2419.4771719714577,2397.8685588393732,2402.190185546875,2406.54150390625,2419.8349609375,2402.376220703125,2411.020263671875,2416.23583984375,-0.005813031188951856,-0.002158554262737976,0.0036544769262138797,0.0036544769262138797,True,13.516654014587402,6.580652304983232,0.06926725100493059
HINDUNILVR,2025-11-06,2420.066396652233,2420.066396652233,2389.3234247182095,2392.662841796875,2401.53759765625,2423.505126953125,2385.826171875,2409.067626953125,2402.190185546875,-0.003966107183070951,0.0028629878881485413,0.006829095071219492,0.006829095071219492,False,12.681000709533691,8.078473199013388,0.05558498197933659
HINDUNILVR,2025-11-07,2392.662907838229,2400.582354781839,2376.4281382767645,2389.693115234375,2402.56884765625,2426.287109375,2356.398681640625,2399.61083984375,2392.662841796875,-0.00124118054187265,0.0029038767708939287,0.004145057312766579,0.004145057312766579,False,10.981887817382812,9.840690162003739,0.08753111099940725
HINDUNILVR,2025-11-10,2380.7836246996762,2404.8389919884094,2379.7936938785956,2384.54541015625,2388.966552734375,2395.656494140625,2364.8251953125,2377.369873046875,2389.693115234375,-0.0021541280950713735,-0.00515683043522991,-0.003002702340158536,0.003002702340158536,True,12.745248794555664,10.417690058005974,0.06747836698195897
HINDUNILVR,2025-11-11,2397.8104470854564,2409.194651815599,2378.9029129343594,2403.05712890625,2393.61572265625,2412.91162109375,2383.01611328125,2402.783203125,2384.54541015625,0.007763206635174542,0.007648331162439447,-0.00011487547273509539,0.00011487547273509539,True,14.52435302734375,8.30165322200628,0.03170134199899621
HINDUNILVR,2025-11-12,2406.126077343887,2410.283738675327,2391.870927758796,2400.08740234375,2402.83740234375,2419.249755859375,2386.2568359375,2404.987060546875,2403.05712890625,-0.0012358118859419997,0.0008031151725067007,0.0020389270584487006,0.0020389270584487006,False,13.510702133178711,6.025743475998752,0.06019413401372731
HINDUNILVR,2025-11-13,2404.542090020514,2406.5219517661053,2380.7837490734196,2383.357666015625,2408.97216796875,2400.07080078125,2400.951904296875,2392.199462890625,2400.08740234375,-0.006970469621976251,-0.003286521751425475,0.003683947870550776,0.003683947870550776,True,12.90791130065918,8.475051291985437,0.06443852800293826
HINDUNILVR,2025-11-14,2380.882834280137,2405.729954130381,2367.91464319838,2403.255126953125,2392.2158203125,2400.85400390625,2376.261962890625,2389.01220703125,2383.357666015625,0.008348499774590507,0.0023725104696845486,-0.005975989304905958,0.005975989304905958,True,15.472404479980469,5.861554732022341,0.06159719900460914
HINDUNILVR,2025-11-17,2406.9177360630524,2413.847251909541,2391.672897873711,2400.582275390625,2396.587158203125,2405.79052734375,2372.930419921875,2387.489013671875,2403.255126953125,-0.0011121796984944635,-0.00656031609146652,-0.005448136392972057,0.005448136392972057,True,14.746021270751953,11.257137409993447,0.10090686101466417
HINDUNILVR,2025-11-18,2391.474933232895,2398.503297074712,2377.7147497683018,2379.793701171875,2404.255126953125,2409.576416015625,2385.85205078125,2396.023193359375,2400.582275390625,-0.008659804928105313,-0.0018991567495882397,0.006760648178517074,0.006760648178517074,True,15.964090347290039,4.869515561993467,0.06077667200588621
HINDUNILVR,2025-11-19,2387.7133295616327,2426.023607035294,2386.7233986621463,2417.015380859375,2388.453857421875,2393.672119140625,2352.75634765625,2368.64892578125,2379.793701171875,0.015640716953394335,-0.004683084666178001,-0.020323801619572337,0.020323801619572337,False,15.800607681274414,4.666985120013123,0.08997625298798084
HINDUNILVR,2025-11-20,2420.480036715518,2434.239978963932,2400.5823298037967,2403.947998046875,2414.562255859375,2428.181640625,2388.75048828125,2417.515380859375,2417.015380859375,-0.005406412766746178,0.0002068667017841748,0.005613279468530353,0.005613279468530353,False,16.202144622802734,4.533668471005512,0.060376253008143976
HINDUNILVR,2025-11-21,2411.6696515110984,2418.5991679296735,2388.703302574577,2409.19482421875,2411.322021484375,2447.330322265625,2385.8466796875,2410.12353515625,2403.947998046875,0.0021825872174181245,0.0025689145998134782,0.0003863273823953538,0.0003863273823953538,True,16.30730438232422,4.625802124995971,0.07669419300509617
HINDUNILVR,2025-11-24,2417.312010655888,2420.281803162537,2388.703106181435,2399.790283203125,2407.705078125,2420.821533203125,2397.1513671875,2413.13525390625,2409.19482421875,-0.003903603362038058,0.0016355795089248526,0.00553918287096291,0.00553918287096291,False,14.515461921691895,8.62259619802353,0.02888217198778875
HINDUNILVR,2025-11-25,2397.612593614541,2399.7903932161203,2381.7736995196474,2389.792236328125,2391.334228515625,2404.447998046875,2367.361328125,2391.67333984375,2399.790283203125,-0.004166216916944545,-0.003382355290038467,0.0007838616269060781,0.0007838616269060781,True,13.782328605651855,8.323123901005602,0.05164183699525893
HINDUNILVR,2025-11-26,2387.713234421413,2403.2551005876053,2384.7434418412868,2400.7802734375,2393.525146484375,2406.9541015625,2378.048828125,2391.62744140625,2389.792236328125,0.004597904764414973,0.0007679349904260972,-0.003829969773988876,0.003829969773988876,True,12.916549682617188,8.282795262988657,0.04026566899847239
HINDUNILVR,2025-11-27,2401.6713428676044,2434.932874570679,2400.5823222546774,2427.013427734375,2398.212158203125,2462.956298828125,2392.12841796875,2426.071533203125,2400.7802734375,0.010926928460351636,0.01053459995712657,-0.0003923285032250666,0.0003923285032250666,True,14.530647277832031,7.6396810639998876,0.05688536699744873
HINDUNILVR,2025-11-28,2425.3307221458876,2445.129340285854,2422.5588672698223,2441.763671875,2424.897216796875,2430.27685546875,2403.498779296875,2410.496826171875,2427.013427734375,0.006077528855863975,-0.006805319399455611,-0.012882848255319585,0.012882848255319585,False,12.422782897949219,9.288383902021451,0.041344215016579255
HINDUNILVR,2025-12-01,2441.7635217623283,2462.9479451967945,2434.042012825968,2439.6845703125,2440.84765625,2471.50537109375,2426.29296875,2456.25146484375,2441.763671875,-0.0008514753440096369,0.0059333313602888535,0.00678480670429849,0.00678480670429849,False,12.990001678466797,8.315957298997091,0.05590882000979036
HINDUNILVR,2025-12-02,2446.119251627908,2459.3842290026473,2435.2300117380223,2452.850830078125,2449.848388671875,2461.318359375,2437.24658203125,2448.413330078125,2439.6845703125,0.005396705756899766,0.003577823080836606,-0.0018188826760631598,0.0018188826760631598,True,13.590841293334961,9.23957730497932,0.06106995101436041
HINDUNILVR,2025-12-03,2453.2466947597763,2459.879183417393,2378.903029581739,2423.350830078125,2462.076416015625,2468.149169921875,2360.70458984375,2444.94287109375,2452.850830078125,-0.012026821867133438,-0.003223986916531376,0.008802834950602061,0.008802834950602061,True,13.206588745117188,7.524765415000729,0.08000198999070562
HINDUNILVR,2025-12-04,2415.431298091029,2457.9983250655837,2398.8004113086886,2437.40771484375,2415.1875,2424.01513671875,2397.178466796875,2410.496337890625,2423.350830078125,0.005800598324911886,-0.00530442890395923,-0.011105027228871116,0.011105027228871116,False,15.177251815795898,10.332214867987204,0.04757675199653022
HINDUNILVR,2025-12-05,2397.6126302941066,2397.6126302941066,2263.674931718664,2315.052490234375,2443.1396484375,2451.371337890625,2428.48876953125,2439.13916015625,2437.40771484375,-0.05019891578427148,0.0007103634332309457,0.05090927921750242,0.05090927921750242,False,14.790908813476562,8.867170942015946,0.03548221700475551
HINDUNILVR,2025-12-08,2326.4365509724244,2331.3862051452247,2278.8207811571547,2290.699951171875,2330.358154296875,2344.280029296875,2301.03369140625,2328.601318359375,2315.052490234375,-0.010519216806196286,0.005852492840725318,0.016371709646921605,0.016371709646921605,False,14.680276870727539,9.43816044300911,0.04323342599673197
HINDUNILVR,2025-12-09,2294.659840185007,2306.934886746879,2274.960311827886,2283.275634765625,2307.057861328125,2322.3955078125,2284.369873046875,2307.62158203125,2290.699951171875,-0.003241068915399362,0.00738710054571671,0.010628169461116072,0.010628169461116072,False,13.543264389038086,8.400111543014646,0.08533907702076249
HINDUNILVR,2025-12-10,2283.2756424827394,2293.570827267341,2271.891437024881,2278.52392578125,2298.681396484375,2300.9248046875,2276.888427734375,2285.613037109375,2283.275634765625,-0.0020810930191802078,0.001023705727052937,0.0031047987462331445,0.0031047987462331445,False,14.11780071258545,7.2603266070073005,0.06619931999011897
HINDUNILVR,2025-12-11,2273.1783599753567,2289.710157566845,2268.9216087951613,2282.384765625,2279.94189453125,2327.045166015625,2267.246826171875,2283.57275390625,2278.52392578125,0.001694447795814219,0.002215832832770839,0.0005213850369566199,0.0005213850369566199,True,14.287240028381348,5.275958120007999,0.06744063200312667
HINDUNILVR,2025-12-12,2283.6714979780418,2285.750449542293,2222.097844295659,2237.837890625,2293.785400390625,2297.055908203125,2266.068115234375,2276.0810546875,2282.384765625,-0.0195176885470498,-0.00276189669351119,0.01675579185353861,0.01675579185353861,True,15.355743408203125,6.350062457990134,0.03797174000646919
HINDUNILVR,2025-12-15,2237.83786456232,2275.8511140306505,2229.32436224316,2270.406494140625,2218.559326171875,2232.5302734375,2213.88623046875,2231.141357421875,2237.837890625,0.014553602676970045,-0.002992412109553987,-0.017546014786524032,0.017546014786524032,False,13.077655792236328,11.72514455099008,0.08297037798911333
HINDUNILVR,2025-12-16,2270.3073037063286,2279.513708903146,2253.0826036728013,2258.13134765625,2260.07421875,2265.4404296875,2235.767822265625,2250.4130859375,2270.406494140625,-0.005406585347625727,-0.008806091884745395,-0.0033995065371196682,0.0033995065371196682,True,13.168745040893555,8.988945404998958,0.04621727499761619
HINDUNILVR,2025-12-17,2258.230235399214,2263.179889712154,2245.460223944765,2252.686767578125,2263.966552734375,2270.85986328125,2241.094482421875,2256.841796875,2258.13134765625,-0.0024110998165700216,-0.0005710698727018006,0.001840029943868221,0.001840029943868221,True,12.381078720092773,8.32631271900027,0.04028880101395771
HINDUNILVR,2025-12-18,2247.1431656574155,2255.35964054673,2232.5912296171614,2242.6884765625,2248.4453125,2258.53466796875,2227.001220703125,2244.563720703125,2252.686767578125,-0.004438384936390519,-0.003605937137781978,0.0008324477986085409,0.0008324477986085409,True,13.765338897705078,8.392122279008618,0.04752097500022501
HINDUNILVR,2025-12-19,2240.906558258753,2261.7941971851546,2240.906558258753,2257.04248046875,2245.201904296875,2262.492431640625,2231.094970703125,2253.287353515625,2242.6884765625,0.006400355669660916,0.004725969328281616,-0.0016743863413792998,0.0016743863413792998,True,12.198951721191406,8.539282076992095,0.05117606502608396
HINDUNILVR,2025-12-22,2257.0424338692947,2271.8913972500136,2257.0424338692947,2266.44677734375,2259.178466796875,2265.583251953125,2208.669189453125,2221.465576171875,2257.04248046875,0.004166645934394148,-0.015762620599629244,-0.019929266534023393,0.019929266534023393,False,13.842605590820312,7.019324021006469,0.058472912991419435
HINDUNILVR,2025-12-23,2266.2486667249427,2286.7401862916095,2257.7351650294536,2279.414794921875,2258.310791015625,2265.6953125,2236.685302734375,2247.12890625,2266.44677734375,0.005721739291545761,-0.00852341704506749,-0.01424515633661325,0.01424515633661325,False,12.764272689819336,9.167345947003923,0.0834039040200878
HINDUNILVR,2025-12-24,2279.414949884213,2281.790687332576,2255.161643229268,2259.22021484375,2283.68212890625,2294.684814453125,2261.443359375,2274.919189453125,2279.414794921875,-0.008859545933945362,-0.0019722630031029885,0.0068872829308423734,0.0068872829308423734,True,13.445602416992188,10.48833613100578,0.06409232399892062
HINDUNILVR,2025-12-26,2259.3192987304974,2266.9417181800486,2252.092754960529,2262.387939453125,2272.80810546875,2281.701171875,2255.818603515625,2263.844970703125,2259.22021484375,0.0014021318455642816,0.0020470584624681454,0.0006449266169038638,0.0006449266169038638,True,15.374822616577148,9.089909900998464,0.04450298901065253
HINDUNILVR,2025-12-29,2265.8526552878384,2275.554026080165,2257.0423672814736,2270.20849609375,2265.6201171875,2275.841552734375,2242.78466796875,2253.821533203125,2262.387939453125,0.0034567708323778555,-0.0037864444468664873,-0.007243215279244343,0.007243215279244343,False,13.027874946594238,11.066759964014636,0.053155831003095955
HINDUNILVR,2025-12-30,2270.208530832208,2274.8611576222947,2260.0121944524367,2267.1396484375,2263.06005859375,2282.518798828125,2236.398193359375,2271.557861328125,2270.20849609375,-0.0013517911070857298,0.0005943794310948948,0.0019461705381806247,0.0019461705381806247,False,13.39526081085205,8.903250109986402,0.03203450201544911
HINDUNILVR,2025-12-31,2266.941697626568,2302.0842435941418,2263.773967171593,2292.580810546875,2271.421142578125,2279.232177734375,2247.16259765625,2257.787353515625,2267.1396484375,0.01122170049247249,-0.004125151676616193,-0.015346852169088682,0.015346852169088682,False,13.778200149536133,7.5836483360035345,0.07656583699281327
HINDUNILVR,2026-01-01,2298.6194441455013,2302.5791675634955,2276.8409653465346,2299.609375,2299.049072265625,2329.550048828125,2288.1044921875,2315.5771484375,2292.580810546875,0.0030657870033590647,0.010030764361645086,0.006964977358286021,0.006964977358286021,True,13.852182388305664,7.105201862985268,0.0415402950020507
HINDUNILVR,2026-01-02,2302.5791870325143,2333.959947048983,2298.61946358104,2324.357666015625,2298.9384765625,2307.981689453125,2288.703369140625,2296.40283203125,2299.609375,0.010761954306098182,-0.001394385935111262,-0.012156340241209445,0.012156340241209445,False,12.5759916305542,8.386810484982561,0.1081801239924971
HINDUNILVR,2026-01-05,2317.923087360375,2369.8944570321323,2312.8743433478985,2360.09423828125,2323.629150390625,2328.837646484375,2307.28955078125,2313.216064453125,2324.357666015625,0.015374816358139939,-0.0047934109820536985,-0.020168227340193638,0.020168227340193638,False,13.296858787536621,9.698418550979113,0.06847849002224393
HINDUNILVR,2026-01-06,2374.646286801663,2403.65131045372,2343.958428959233,2400.285400390625,2382.98388671875,2424.031982421875,2375.6875,2414.82373046875,2360.09423828125,0.01702947342418174,0.023189536798902156,0.006160063374720415,0.006160063374720415,True,13.285666465759277,8.378757728991332,0.042288225988158956
HINDUNILVR,2026-01-07,2391.672939054789,2397.5134344101753,2358.0152900780245,2375.239990234375,2382.3310546875,2414.03857421875,2365.643798828125,2375.58447265625,2400.285400390625,-0.010434346745672028,-0.010290829469843521,0.00014351727582850686,0.00014351727582850686,True,13.626608848571777,9.170523523003794,0.05497281000134535
HINDUNILVR,2026-01-08,2364.944858096775,2393.7519432044614,2344.255399502143,2362.66796875,2365.561279296875,2412.3720703125,2327.692138671875,2367.232421875,2375.239990234375,-0.0052929478857142625,-0.0033712670687162266,0.001921680816998036,0.001921680816998036,True,13.00448989868164,8.780046839005081,0.03037508501438424
HINDUNILVR,2026-01-09,2358.0152139754705,2361.9749372567057,2337.2266667489866,2348.7099609375,2362.804931640625,2383.4052734375,2350.20458984375,2372.986572265625,2362.66796875,-0.005907731427825072,0.0043673523542473005,0.010275083782072373,0.010275083782072373,False,14.378923416137695,8.42173234699294,0.05139261999283917
HINDUNILVR,2026-01-12,2338.216782309291,2389.5940992696505,2337.226851410769,2381.9716796875,2343.20654296875,2352.451416015625,2324.72900390625,2339.2470703125,2348.7099609375,0.014161696975442386,-0.004028973684440303,-0.01819067065988269,0.01819067065988269,False,14.390363693237305,4.7632854279945605,0.033451648021582514
HINDUNILVR,2026-01-13,2390.782022961365,2397.8103867825116,2341.1863921461404,2365.439697265625,2367.25537109375,2374.84619140625,2346.83203125,2357.841796875,2381.9716796875,-0.006940461367720331,-0.010130213981245022,-0.003189752613524691,0.003189752613524691,True,15.00777816772461,2.3551331399939954,0.02921466197585687
HINDUNILVR,2026-01-14,2374.7450098298477,2374.7450098298477,2317.428110518576,2329.80224609375,2370.746337890625,2389.26220703125,2355.634521484375,2377.134521484375,2365.439697265625,-0.01506588868575715,0.004944038198170452,0.020009926883927602,0.020009926883927602,False,15.079408645629883,4.349073755001882,0.052483211999060586
HINDUNILVR,2026-01-15,2329.80224609375,2329.80224609375,2329.80224609375,2329.80224609375,2331.6669921875,2349.84521484375,2323.86083984375,2342.42822265625,2329.80224609375,0.0,0.0054193340158673435,0.0054193340158673435,0.0054193340158673435,False,15.10572338104248,3.910155717021553,0.06320497000706382
HINDUNILVR,2026-01-16,2346.1362458650515,2349.0069488178538,2325.2486070875743,2336.6328125,2324.203369140625,2331.288818359375,2298.94775390625,2323.78857421875,2329.80224609375,0.0029318223972452733,-0.002581194127133661,-0.005513016524378934,0.005513016524378934,False,14.214289665222168,8.108149687992409,0.03565451601753011
HINDUNILVR,2026-01-19,2329.30730174585,2400.978198972787,2329.30730174585,2389.593994140625,2353.217041015625,2344.00439453125,2332.274658203125,2333.384765625,2336.6328125,0.022665598701389886,-0.001390054465393244,-0.02405565316678313,0.02405565316678313,False,15.974891662597656,3.259068842016859,0.029211621003923938
HINDUNILVR,2026-01-20,2398.602397957309,2414.441291216623,2344.6511677927724,2355.14453125,2388.91259765625,2396.1015625,2372.40966796875,2388.15234375,2389.593994140625,-0.01441645023175334,-0.0006033034876049996,0.01381314674414834,0.01381314674414834,True,14.46713638305664,6.597300477995304,0.02777531000901945
HINDUNILVR,2026-01-21,2355.1445790948096,2376.329002586571,2336.2368032094596,2344.15625,2301.497314453125,2334.21044921875,2289.808349609375,2310.622314453125,2355.14453125,-0.004665650495839394,-0.01890423972122199,-0.014238589225382597,0.014238589225382597,True,15.115068435668945,6.60055156800081,0.02624750300310552
HINDUNILVR,2026-01-22,2345.04711560399,2377.8139237153,2341.879385191128,2366.52880859375,2324.12890625,2324.55078125,2284.444580078125,2288.050537109375,2344.15625,0.009543970711743299,-0.023934288889925746,-0.033478259601669044,0.033478259601669044,False,14.600557327270508,6.283488079003291,0.03431962899048813
HINDUNILVR,2026-01-23,2375.8341817545133,2409.7888602718917,2352.8678330006896,2385.238525390625,2373.96826171875,2428.740478515625,2373.620849609375,2395.6484375,2366.52880859375,0.007905974661678755,0.012304785304326637,0.004398810642647882,0.004398810642647882,True,13.659468650817871,6.863110770005733,0.02564077702118084
HINDUNILVR,2026-01-27,2387.713182496065,2397.216615218734,2356.5303610828705,2376.724853515625,2389.674072265625,2415.937255859375,2364.0908203125,2390.7939453125,2385.238525390625,-0.0035693167724622993,0.0023290835959331162,0.0058984003683954156,0.0058984003683954156,False,15.782149314880371,5.890113847999601,0.025231003994122148
HINDUNILVR,2026-01-28,2378.902901138909,2395.8305735138733,2317.0322235644744,2354.451416015625,2382.779296875,2399.87646484375,2362.734375,2377.05126953125,2376.724853515625,-0.00937148339533429,0.00013733857966022827,0.009508821974994518,0.009508821974994518,False,14.963525772094727,3.619307787012076,0.02485232599428855
HINDUNILVR,2026-01-29,2346.6310422104034,2350.7887033771153,2288.720088416137,2328.911376953125,2348.46484375,2358.72216796875,2324.60693359375,2341.632568359375,2354.451416015625,-0.01084755407937902,-0.005444515681679681,0.0054030383976993385,0.0054030383976993385,True,15.93576717376709,3.0857906129967887,0.05056676099775359
HINDUNILVR,2026-01-30,2317.428169157251,2360.985127484,2316.4382382861886,2349.10595703125,2291.107421875,2309.578369140625,2280.124755859375,2300.93359375,2328.911376953125,0.008671253134820967,-0.01201324510670211,-0.020684498241523075,0.020684498241523075,False,14.45486831665039,6.239497478003614,0.05142711597727612
HINDUNILVR,2026-02-02,2332.3760961990047,2336.236729715009,2279.810673107486,2333.56396484375,2320.29345703125,2377.316650390625,2313.20654296875,2345.17431640625,2349.10595703125,-0.00661613076284632,-0.0016736753032497195,0.0049424554595966005,0.0049424554595966005,True,14.915670394897461,6.035942816000897,0.04593819100409746
HINDUNILVR,2026-02-03,2365.934667080886,2375.734885556113,2319.704945981085,2344.750244140625,2312.263427734375,2315.04052734375,2298.99951171875,2312.023681640625,2333.56396484375,0.00479364588475037,-0.009230637568817313,-0.014024283453567682,0.014024283453567682,False,15.864501953125,6.809172611974645,0.05676828499417752
HINDUNILVR,2026-02-04,2336.830792697157,2369.3994200347297,2333.0690072409366,2347.1259765625,2345.40087890625,2372.32958984375,2323.1513671875,2361.68505859375,2344.750244140625,0.001013213423396286,0.007222438507232903,0.006209225083836617,0.006209225083836617,True,14.813794136047363,6.251766395987943,0.05141600899514742
HINDUNILVR,2026-02-05,2338.7116518565326,2398.6024687612185,2327.921502178045,2330.693115234375,2350.1640625,2377.60009765625,2335.2529296875,2365.902587890625,2347.1259765625,-0.007001269421504109,0.007999831076653337,0.015001100498157446,0.015001100498157446,False,13.679290771484375,6.25780315999873,0.033284810022450984
HINDUNILVR,2026-02-06,2330.693062545289,2404.5419995502302,2313.963328097432,2399.790283203125,2361.271728515625,2377.927978515625,2331.194091796875,2356.4287109375,2330.693115234375,0.02964661778811732,0.011042035321984904,-0.01860458246613242,0.01860458246613242,True,13.895368576049805,5.490319396019913,0.025343910994706675
HINDUNILVR,2026-02-09,2400.58238066687,2414.441412967627,2377.813970458483,2410.481689453125,2403.39892578125,2426.69970703125,2375.893798828125,2401.48974609375,2399.790283203125,0.004455141903370666,0.0007081714191944466,-0.003746970484176219,0.003746970484176219,True,14.334708213806152,6.748524268012261,0.025369203998707235
HINDUNILVR,2026-02-10,2410.4817200012817,2433.3492202602692,2405.6311553074825,2428.89453125,2388.49462890625,2405.885498046875,2355.131591796875,2383.7734375,2410.481689453125,0.007638656571190296,-0.011080047639434425,-0.01871870421062472,0.01871870421062472,False,14.3196382522583,5.609763818996726,0.05004808399826288
HINDUNILVR,2026-02-11,2435.2298831546827,2445.723246803812,2422.360782146142,2438.1005859375,2417.380615234375,2448.318115234375,2394.521728515625,2430.967529296875,2428.89453125,0.003790224140676137,0.0008534738829553697,-0.002936750257720767,0.002936750257720767,True,14.952034950256348,5.926322184997844,0.05598155700135976
HINDUNILVR,2026-02-12,2450.078811010715,2454.6325895142136,2326.436546675471,2385.436279296875,2425.75048828125,2459.923583984375,2399.273681640625,2434.005126953125,2438.1005859375,-0.021600547140828683,-0.0016797744145573106,0.019920772726271373,0.019920772726271373,True,14.91580867767334,2.0510701190214604,0.024917066999478266
HINDUNILVR,2026-02-13,2375.834017414984,2375.834017414984,2277.13796094467,2281.988525390625,2366.6669921875,2393.356689453125,2332.96484375,2362.95263671875,2385.436279296875,-0.043366387442024645,-0.00942537965623304,0.03394100778579161,0.03394100778579161,True,12.405341148376465,7.228436409001006,0.05288604099769145
HINDUNILVR,2026-02-16,2284.8595085309053,2303.5691050619544,2265.0608913838323,2295.649658203125,2279.275634765625,2301.555419921875,2258.0185546875,2277.668212890625,2281.988525390625,0.0059865037271217315,-0.001893222709899674,-0.007879726437021405,0.007879726437021405,False,11.907793998718262,6.599345851020189,0.025515021989122033
HINDUNILVR,2026-02-17,2286.047297375419,2302.579093779329,2280.206560511637,2289.01708984375,2292.701904296875,2320.452880859375,2236.286376953125,2303.85791015625,2295.649658203125,-0.002889190140871283,0.0035755682160795604,0.006464758356950843,0.006464758356950843,False,11.912527084350586,9.111010182998143,0.025618662999477237
HINDUNILVR,2026-02-18,2289.3143418344703,2305.4500224815533,2282.7807010907572,2300.1044921875,2280.071044921875,2313.715576171875,2264.16845703125,2316.817626953125,2289.01708984375,0.004843739434250722,0.012145185474029242,0.00730144603977852,0.00730144603977852,True,10.416275024414062,7.2901409969781525,0.025463466998189688
HINDUNILVR,2026-02-19,2312.4783943638467,2313.864200838222,2252.686669538672,2256.349365234375,2289.898681640625,2295.560791015625,2270.246826171875,2281.399658203125,2300.1044921875,-0.01902310399451112,-0.008132167059326024,0.010890936935185095,0.010890936935185095,True,12.70816421508789,6.415450034983223,0.025352072989335284
HINDUNILVR,2026-02-20,2261.992106805432,2307.7268660551376,2255.359618111006,2291.195068359375,2256.9775390625,2269.724853515625,2254.162109375,2258.695068359375,2256.349365234375,0.015443398820191329,0.0010396010303822536,-0.014403797789809075,0.014403797789809075,True,13.13414192199707,7.007305954000913,0.024856668984284624
HINDUNILVR,2026-02-23,2301.589198978469,2326.3374699352266,2297.4315377942003,2321.78369140625,2288.73828125,2322.372314453125,2290.869384765625,2303.031494140625,2291.195068359375,0.013350510163579472,0.005166048908147113,-0.00818446125543236,0.00818446125543236,True,14.096174240112305,5.553961193014402,0.04541385901393369
HINDUNILVR,2026-02-24,2307.627974972371,2348.116051360412,2306.835981930553,2334.85107421875,2350.5859375,2348.360595703125,2269.6513671875,2321.74072265625,2321.78369140625,0.005628165475047071,-1.8506784313733736e-05,-0.005646672259360805,0.005646672259360805,False,13.043603897094727,6.455598815024132,0.03955161201884039
HINDUNILVR,2026-02-25,2345.0472309590837,2356.0355607092815,2325.3477025655893,2350.98681640625,2340.06005859375,2364.443603515625,2326.64697265625,2353.48583984375,2334.85107421875,0.006910822863894684,0.007981136711785896,0.001070313847891212,0.001070313847891212,True,13.785653114318848,5.53171398100676,0.02932212597806938
HINDUNILVR,2026-02-26,2354.0555642457175,2363.261969498705,2331.485092501007,2359.30224609375,2356.072998046875,2376.3642578125,2337.083740234375,2352.7666015625,2350.98681640625,0.0035369954563212215,0.0007570374890364564,-0.002779957967284765,0.002779957967284765,True,12.961446762084961,7.165187488979427,0.03593556801206432
HINDUNILVR,2026-02-27,2345.443166643118,2354.946357613014,2307.1328918130507,2314.557373046875,2347.0947265625,2362.430908203125,2329.146484375,2351.3603515625,2359.30224609375,-0.018965299219698622,-0.003366204793980609,0.015599094425718014,0.015599094425718014,True,12.796791076660156,6.375840924010845,0.03955404699081555
HINDUNILVR,2026-03-02,2279.810762828429,2330.29723651677,2267.139599527044,2297.233642578125,2309.773193359375,2366.036865234375,2293.703125,2325.229248046875,2314.557373046875,-0.0074846839704582925,0.004610762785262732,0.012095446755721023,0.012095446755721023,False,12.315349578857422,7.743751542991959,0.025529272010317072
HINDUNILVR,2026-03-04,2269.812432719107,2288.3243336403816,2229.4234459004774,2238.53076171875,2298.851318359375,2328.80078125,2281.505126953125,2316.1357421875,2297.233642578125,-0.025553726783094775,0.008228200762444725,0.0337819275455395,0.0337819275455395,False,13.672529220581055,6.791885157988872,0.03822193801170215
HINDUNILVR,2026-03-05,2252.5877729936083,2254.86466241023,2205.961930722778,2232.294189453125,2233.86474609375,2259.766357421875,2198.549072265625,2213.78271484375,2238.53076171875,-0.0027860114197566545,-0.011055486615693583,-0.008269475195936928,0.008269475195936928,True,13.400057792663574,6.5345533410145435,0.025733457994647324
HINDUNILVR,2026-03-06,2222.4938661562232,2227.344430687897,2197.15153951635,2203.2890625,2221.49609375,2253.799560546875,2217.031982421875,2233.19091796875,2232.294189453125,-0.012993415962002201,0.00040170714051120815,0.01339512310251341,0.01339512310251341,False,13.728324890136719,4.975149389996659,0.04837862798012793
HINDUNILVR,2026-03-09,2176.8580406764563,2177.8479715726257,2148.545920373073,2172.50244140625,2216.326171875,2229.973876953125,2214.879150390625,2218.637451171875,2203.2890625,-0.013973028604252875,0.006966125749500924,0.0209391543537538,0.0209391543537538,False,11.91664981842041,5.650920418003807,0.025658567989012226
HINDUNILVR,2026-03-10,2201.606195210621,2201.606195210621,2153.0995838952795,2168.146484375,2166.28369140625,2191.72412109375,2160.173828125,2178.601806640625,2172.50244140625,-0.002005041259438314,0.002807529749161944,0.0048125710086002575,0.0048125710086002575,False,14.054887771606445,4.861846550018527,0.0257522200117819
HINDUNILVR,2026-03-11,2168.1465318534633,2172.8982483412015,2134.290944612132,2139.636474609375,2167.537353515625,2189.540283203125,2158.31005859375,2195.781494140625,2168.146484375,-0.01314948504221726,0.012745914524124598,0.02589539956634186,0.02589539956634186,False,13.011408805847168,4.557565252005588,0.025738180993357673
HINDUNILVR,2026-03-12,2143.2992989000727,2143.2992989000727,2088.061111223958,2115.383056640625,2158.63671875,2176.2470703125,2143.8095703125,2157.312255859375,2139.636474609375,-0.01133529842875662,0.008261114193815096,0.019596412622571717,0.019596412622571717,False,13.536806106567383,5.384204617002979,0.02550143000553362
HINDUNILVR,2026-03-13,2114.492390950521,2169.8294312879443,2098.950524241146,2138.250732421875,2112.83203125,2125.9443359375,2077.51416015625,2096.764404296875,2115.383056640625,0.010810181971281104,-0.008801551229836222,-0.019611733201117327,0.019611733201117327,False,12.281540870666504,6.816565839020768,0.025117312994552776
HINDUNILVR,2026-03-16,2147.7540473535414,2164.681719709848,2132.3110295750503,2153.79248046875,2113.404296875,2125.890869140625,2082.78173828125,2094.0703125,2138.250732421875,0.007268440417776332,-0.020661945417333894,-0.027930385835110226,0.027930385835110226,False,12.630975723266602,5.578083984000841,0.02542114700190723
HINDUNILVR,2026-03-17,2150.921837339099,2162.8010077496438,2123.8966763186418,2136.46875,2201.8076171875,2208.88720703125,2173.74072265625,2185.232666015625,2153.79248046875,-0.008043361013582736,0.014597592772741216,0.022640953786323952,0.022640953786323952,False,13.844518661499023,5.876357208995614,0.04182781098643318
HINDUNILVR,2026-03-18,2143.2002132585976,2153.099521402979,2108.2556071724653,2113.79931640625,2143.718017578125,2144.242919921875,2091.632080078125,2091.952880859375,2136.46875,-0.010610702166249798,-0.02083619015753214,-0.010225487991282343,0.010225487991282343,True,14.747005462646484,5.810755115991924,0.025807648024056107
HINDUNILVR,2026-03-19,2090.734099450428,2112.1167039586576,2049.256090646583,2056.383544921875,2151.631591796875,2161.841796875,2152.978271484375,2169.7763671875,2113.79931640625,-0.027162356917585593,0.026481724327746824,0.05364408124533242,0.05364408124533242,False,14.751043319702148,6.048598816996673,0.025357452977914363
HINDUNILVR,2026-03-20,2078.5578289353593,2078.656918696704,2048.166999131025,2061.72900390625,2088.23291015625,2086.864990234375,2071.460693359375,2060.98095703125,2056.383544921875,0.002599446488265924,0.002235678320188884,-0.0003637681680770397,0.0003637681680770397,True,14.624198913574219,5.305597228987608,0.024876169016351923
HINDUNILVR,2026-03-23,2041.534531517212,2075.8850852106953,2012.8265355843985,2031.5361328125,2045.6239013671875,2048.25732421875,1991.719482421875,2000.6435546875,2061.72900390625,-0.014644442134026901,-0.029628263027301163,-0.014983820893274262,0.014983820893274262,True,11.856853485107422,8.434528336016228,0.05422715199529193
HINDUNILVR,2026-03-24,2049.1568963579134,2093.7037854091727,2045.1971728866906,2064.005859375,2043.4058837890625,2078.324462890625,2027.20263671875,2053.3583984375,2031.5361328125,0.015982844724276822,0.010741756089166285,-0.005241088635110537,0.005241088635110537,True,14.940475463867188,6.185009334003553,0.02585543299210258
HINDUNILVR,2026-03-25,2076.874939459462,2133.0039707547157,2064.9957691670343,2113.304443359375,2085.348388671875,2146.418212890625,2071.577880859375,2091.298828125,2064.005859375,0.02388490505511601,0.013223300033782153,-0.010661605021333858,0.010661605021333858,True,14.273036003112793,6.313863752002362,0.02577020399621688
HINDUNILVR,2026-03-27,2101.920214571949,2105.5829103672913,2048.6618866972776,2053.512451171875,2115.95751953125,2151.811279296875,2096.0244140625,2120.980712890625,2113.304443359375,-0.0282931275592516,0.003632353850090601,0.031925481409342205,0.031925481409342205,False,14.277782440185547,6.201779038005043,0.025723641010699794
HINDUNILVR,2026-03-30,2043.2172992976207,2061.4319304866403,2025.5964816164349,2034.505859375,2067.98583984375,2087.02783203125,2056.40576171875,2067.2353515625,2053.512451171875,-0.009255649648497887,0.006682647764221625,0.015938297412719512,0.015938297412719512,False,12.88610553741455,5.095239390997449,0.05788622100953944
HINDUNILVR,2026-04-01,2098.5542902611737,2098.5542902611737,2031.338082923151,2043.91015625,2029.002197265625,2041.3935546875,1991.977294921875,2001.06689453125,2034.505859375,0.004622398520832473,-0.016435914740507283,-0.021058313261339758,0.021058313261339758,False,12.972713470458984,5.645584496989613,0.025956686004064977
HINDUNILVR,2026-04-02,2034.3079361718803,2049.0578094497764,2002.13518292342,2044.5042724609375,2056.751953125,2076.724365234375,2033.1446533203125,2044.198486328125,2043.91015625,0.0002906762849241554,0.00014106788267738958,-0.00014960840224676584,0.00014960840224676584,True,13.881586074829102,4.02232416899642,0.02622894398518838
HINDUNILVR,2026-04-06,2044.5042099690797,2071.727308039528,2021.3398041699922,2063.807861328125,2038.7435302734375,2052.998779296875,2017.070556640625,2023.9996337890625,2044.5042724609375,0.009441696516462681,-0.010029149338579709,-0.01947084585504239,0.01947084585504239,False,14.850086212158203,4.844888021005318,0.02517992100911215
HINDUNILVR,2026-04-07,2043.9101735971367,2098.1584324058085,2030.1502314824131,2089.34814453125,2067.009033203125,2077.64794921875,2038.3502197265625,2046.130126953125,2063.807861328125,0.012375320242597113,-0.008565591161002665,-0.020940911403599778,0.020940911403599778,False,15.27302360534668,4.07882575498661,0.0506558490160387
HINDUNILVR,2026-04-08,2108.552830795398,2170.720540058606,2108.552830795398,2123.995849609375,2042.1513671875,2105.6298828125,2024.4326171875,2078.77587890625,2089.34814453125,0.016583021440832346,-0.005060078499924632,-0.021643099940756978,0.021643099940756978,False,14.943323135375977,4.923918546992354,0.0523638220038265
HINDUNILVR,2026-04-09,2123.896656880212,2141.1213571449207,2093.7037656964103,2111.720458984375,2137.1357421875,2156.30224609375,2111.730712890625,2129.098388671875,2123.995849609375,-0.0057793854104082045,0.0024023300532524158,0.00818171546366062,0.00818171546366062,False,15.122835159301758,3.8734059159760363,0.025211177009623498
HINDUNILVR,2026-04-10,2111.7205746871014,2148.1500806118274,2100.039341580484,2133.59814453125,2097.605224609375,2120.74755859375,2073.831787109375,2094.863525390625,2111.720458984375,0.010360123876148361,-0.007982559207603305,-0.018342683083751664,0.018342683083751664,False,14.39456844329834,5.4807489310042,0.025387839996255934
HINDUNILVR,2026-04-13,2109.5427916939393,2119.145073286812,2092.2190005842986,2105.781005859375,2123.350341796875,2146.7548828125,2106.05517578125,2127.507080078125,2133.59814453125,-0.013037665383790632,-0.0028548320913839203,0.010182833292406712,0.010182833292406712,True,14.118343353271484,5.194920843990985,0.02527078299317509
HINDUNILVR,2026-04-15,2119.342960674532,2146.1701846556675,2119.342960674532,2135.875,2033.7716064453125,2107.4033203125,1973.0853271484375,2089.859375,2105.781005859375,0.014291131915848751,-0.007560914841131516,-0.021852046756980267,0.021852046756980267,False,12.615852355957031,6.719917032023659,0.025191783992340788
HINDUNILVR,2026-04-16,2136.270876584757,2141.9134343634555,2107.6619703228953,2117.561279296875,2148.986328125,2155.81591796875,2095.41162109375,2110.04443359375,2135.875,-0.008574341056066016,-0.012093669529466847,-0.003519328473400831,0.003519328473400831,True,12.721888542175293,7.534317134006415,0.025361136998981237
HINDUNILVR,2026-04-17,2120.4318458384037,2222.3947217120526,2111.522468334881,2218.237060546875,2103.941650390625,2114.91064453125,2067.552490234375,2078.447021484375,2117.561279296875,0.047543266980887025,-0.01847136996455077,-0.0660146369454378,0.0660146369454378,False,13.861536026000977,6.111195178003982,0.025225609017070383
HINDUNILVR,2026-04-20,2218.2371672517165,2230.710151347242,2200.814287067127,2209.03076171875,2210.07080078125,2232.5732421875,2163.1328125,2177.801025390625,2218.237060546875,-0.004150277259300373,-0.018228906132458658,-0.014078628873158285,0.014078628873158285,True,14.599689483642578,6.347824077005498,0.04839074000483379
HINDUNILVR,2026-04-21,2216.1580861785023,2312.1813760556415,2204.773881708532,2287.43310546875,2207.632080078125,2214.990234375,2170.48681640625,2183.95751953125,2209.03076171875,0.03549173923182426,-0.011350336365615665,-0.04684207559743993,0.04684207559743993,False,14.354186058044434,5.167181046999758,0.025341375003335997
HINDUNILVR,2026-04-22,2287.136135627566,2383.753483110979,2287.136135627566,2344.9482421875,2279.901123046875,2357.66552734375,2277.648681640625,2322.985595703125,2287.43310546875,0.02514396446446628,0.015542526751657484,-0.009601437712808795,0.009601437712808795,True,14.813745498657227,4.110278144013137,0.025225045974366367
HINDUNILVR,2026-04-23,2312.478464472606,2375.8340388417187,2312.478464472606,2342.572265625,2355.795654296875,2393.634521484375,2344.5546875,2369.8251953125,2344.9482421875,-0.0010132319851475933,0.010608742946835097,0.011621974931982691,0.011621974931982691,False,14.399215698242188,5.708576917997561,0.039178664999781176
HINDUNILVR,2026-04-24,2364.5490228916565,2364.5490228916565,2275.8511183860137,2303.8662109375,2321.651611328125,2337.483642578125,2295.411376953125,2316.5849609375,2342.572265625,-0.016522886083590337,-0.011093491145967515,0.005429394937622822,0.005429394937622822,True,15.013811111450195,10.147871554014273,0.025374170014401898
HINDUNILVR,2026-04-27,2311.3896002112174,2339.0088177903613,2301.5893808110277,2304.856201171875,2317.435302734375,2338.1708984375,2263.267333984375,2305.2431640625,2303.8662109375,0.0004297082138168729,0.0005976706105862301,0.00016796239676935724,0.00016796239676935724,True,14.315038681030273,4.904436624987284,0.040760313015198335
HINDUNILVR,2026-04-28,2297.62960044326,2310.8945777237636,2258.131454523486,2266.44677734375,2292.002685546875,2330.001220703125,2278.80029296875,2318.17431640625,2304.856201171875,-0.016664564066337942,0.005778284661578268,0.022442848727916208,0.022442848727916208,False,13.65255355834961,5.734757158003049,0.025984433013945818
HINDUNILVR,2026-04-29,2281.7906936045574,2326.0405558989446,2267.9316611922086,2291.095947265625,2238.7373046875,2321.63134765625,2225.018310546875,2306.42333984375,2266.44677734375,0.010875688839586848,0.017638429853999077,0.006762741014412229,0.006762741014412229,True,14.146331787109375,4.469659082998987,0.05547935297363438
HINDUNILVR,2026-04-30,2288.720225829817,2344.948348918507,2189.331260792845,2228.2353515625,2286.937744140625,2302.39892578125,2272.70166015625,2285.064453125,2291.095947265625,-0.027436911046064136,-0.0026325803368573287,0.024804330709206807,0.024804330709206807,True,13.860252380371094,4.846656117006205,0.025451205990975723
HINDUNILVR,2026-05-01,2228.2353515625,2228.2353515625,2228.2353515625,2228.2353515625,2239.337158203125,2321.551025390625,2228.541748046875,2256.486328125,2228.2353515625,0.0,0.012678632238147391,0.012678632238147391,0.012678632238147391,False,14.009194374084473,5.6287416430132,0.025314785016234964
HINDUNILVR,2026-05-04,2245.955163802939,2341.978456380622,2245.955163802939,2286.04736328125,2210.22509765625,2267.83251953125,2196.560302734375,2212.79833984375,2228.2353515625,0.025945199944077103,-0.00692790898767724,-0.032873108931754345,0.032873108931754345,False,12.620859146118164,5.379647343012039,0.024965720978798345
HINDUNILVR,2026-05-05,2278.3259741656116,2311.884535117792,2265.0609967330465,2303.965087890625,2281.66748046875,2332.40380859375,2255.8388671875,2269.30419921875,2286.04736328125,0.007837862372045088,-0.007324067003785917,-0.015161929375831006,0.015161929375831006,False,13.138408660888672,5.704880375007633,0.02536794700426981
HINDUNILVR,2026-05-06,2306.5388097283676,2315.84406275992,2265.258742886433,2293.768798828125,2257.77880859375,2309.3779296875,2239.078369140625,2288.11962890625,2303.965087890625,-0.004425539742807094,-0.006877473564012279,-0.0024519338212051853,0.0024519338212051853,True,12.835426330566406,5.790465059981216,0.024776383012067527
HINDUNILVR,2026-05-07,2286.7402347777156,2304.4599000972157,2245.262229356629,2249.32080078125,2310.554443359375,2344.885009765625,2298.14404296875,2319.567138671875,2293.768798828125,-0.01937771499445945,0.011247140451526869,0.030624855445986317,0.030624855445986317,False,13.53948974609375,5.666732691985089,0.0253771860152483
HINDUNILVR,2026-05-08,2249.3208664913536,2274.16822791307,2233.2840347907604,2264.664794921875,2266.6787109375,2317.568603515625,2230.154052734375,2231.98486328125,2249.32080078125,0.006821612166346221,-0.007707187651480731,-0.014528799817826952,0.014528799817826952,False,13.628395080566406,7.245546509017004,0.05489721498452127
HINDUNILVR,2026-05-11,2254.1717310173203,2293.7689667003274,2236.4518230397666,2283.968505859375,2256.69091796875,2286.98193359375,2219.3076171875,2218.359375,2264.664794921875,0.008523871162207,-0.020446920014700196,-0.028970791176907196,0.028970791176907196,False,12.413265228271484,6.587584249005886,0.02581834900774993
HINDUNILVR,2026-05-12,2262.289070470158,2283.770522059433,2233.2840475795756,2239.2236328125,2280.74560546875,2316.15087890625,2248.589599609375,2283.455078125,2283.968505859375,-0.019590845027891098,-0.00022479632843352875,0.01936604869945757,0.01936604869945757,True,13.156400680541992,5.933188530005282,0.05612341899541207
HINDUNILVR,2026-05-13,2242.193325602698,2272.683243444049,2227.3443631814885,2244.47021484375,2214.99462890625,2323.53076171875,2083.135009765625,2235.395751953125,2239.2236328125,0.002343036199854773,-0.0017094678723835733,-0.0040525040722383466,0.0040525040722383466,False,13.848196029663086,5.597223475982901,0.05150771699845791
HINDUNILVR,2026-05-14,2245.1630860930386,2262.882750990242,2222.3946773716366,2226.057373046875,2244.11572265625,2266.711181640625,2201.348876953125,2208.366455078125,2244.47021484375,-0.008203647201509788,-0.016085648865756225,-0.007882001664246437,0.007882001664246437,True,13.5712890625,5.081636337999953,0.024753990001045167
HINDUNILVR,2026-05-15,2226.0574260984463,2275.7519058077983,2223.582599004531,2249.32080078125,2211.41943359375,2277.97900390625,2197.94189453125,2216.193359375,2226.057373046875,0.010450506809055694,-0.0044311587793327235,-0.014881665588388417,0.014881665588388417,False,13.094648361206055,5.478429779992439,0.025102333980612457
HINDUNILVR,2026-05-18,2240.312727327763,2242.193499373944,2202.299235574,2231.502197265625,2241.089111328125,2297.546142578125,2227.30615234375,2246.378173828125,2249.32080078125,-0.007921770656029196,-0.0013082291116958266,0.00661354154433337,0.00661354154433337,True,14.969942092895508,4.904730359005043,0.025066800008062273
HINDUNILVR,2026-05-19,2219.424971337065,2259.022205437637,2207.0508356806363,2210.41650390625,2214.649169921875,2247.488525390625,2203.530517578125,2227.425537109375,2231.502197265625,-0.009449102665107114,-0.001826868089686554,0.0076222345754205605,0.0076222345754205605,True,13.520526885986328,9.745549355022376,0.024710345023777336
HINDUNILVR,2026-05-20,2202.4969749325523,2204.4768365637315,2178.83772511289,2187.05419921875,2213.3173828125,2278.4033203125,2168.32861328125,2203.509765625,2210.41650390625,-0.0105691866877641,-0.003124632063253421,0.007444554624510679,0.007444554624510679,True,14.685240745544434,5.019963852013461,0.056467412010533735
HINDUNILVR,2026-05-21,2201.6062145049336,2206.5558687641624,2154.0895336163376,2157.059326171875,2187.755859375,2212.168701171875,2166.437255859375,2191.703369140625,2187.05419921875,-0.013714736954205177,0.0021257680415674,0.015840504995772577,0.015840504995772577,False,14.731770515441895,5.133112913987134,0.03728005598532036
HINDUNILVR,2026-05-22,2158.0493989217307,2202.101324725408,2153.4956200308816,2181.411865234375,2152.8017578125,2164.07763671875,2112.14111328125,2119.81640625,2157.059326171875,0.011289693689472306,-0.017265598340296867,-0.028555292029769173,0.028555292029769173,False,13.377601623535156,5.6546153809758835,0.025585031980881467
HINDUNILVR,2026-05-25,2192.696776899151,2215.56427562462,2170.8192089984664,2174.383056640625,2177.761474609375,2202.416748046875,2167.795654296875,2188.161376953125,2181.411865234375,-0.003222137325724508,0.003094102414275087,0.006316239739999595,0.006316239739999595,False,14.179447174072266,5.198363308008993,0.050214593997225165
HINDUNILVR,2026-05-26,2177.451947396857,2197.6464396286196,2167.9485147687737,2187.153076171875,2172.70263671875,2183.455078125,2120.911376953125,2127.49267578125,2174.383056640625,0.005872939219356963,-0.021564912730611334,-0.027437851949968298,0.027437851949968298,False,12.674810409545898,6.856378616997972,0.052278008981375024
HINDUNILVR,2026-05-27,2182.8966461541704,2192.3009893676626,2164.9788008323703,2176.263916015625,2192.563232421875,2277.94287109375,2192.410888671875,2229.7490234375,2187.153076171875,-0.004978691375049547,0.01947552173173893,0.024454213106788476,0.024454213106788476,False,12.938058853149414,5.683910029998515,0.04114817900699563
HINDUNILVR,2026-05-28,2176.263916015625,2176.263916015625,2176.263916015625,2176.263916015625,2169.208984375,2190.916015625,2159.799072265625,2175.15625,2176.263916015625,0.0,-0.0005089759598886109,-0.0005089759598886109,0.0005089759598886109,False,14.419355392456055,6.194874100008747,0.044196928007295355
HINDUNILVR,2026-05-29,2112.017544397656,2185.569457533162,2096.77270543257,2131.816162109375,2171.16357421875,2192.17919921875,2160.689697265625,2176.226806640625,2176.263916015625,-0.02042388038470371,-1.7051872581677066e-05,0.02040682851212203,0.02040682851212203,True,14.638858795166016,6.396542631991906,0.03430013300385326
HINDUNILVR,2026-06-01,2136.7658114814612,2145.6751894306544,2059.3532647482753,2063.31298828125,2109.424072265625,2131.88134765625,2079.31884765625,2102.67578125,2131.816162109375,-0.032133715395206944,-0.013669274760794277,0.018464440634412667,0.018464440634412667,True,14.142263412475586,4.121276517020306,0.04397406199132092
HINDUNILVR,2026-06-02,2058.066228961863,2075.88498419097,2044.9001003727778,2072.6181640625,2068.32177734375,2085.013916015625,2045.23876953125,2055.8818359375,2063.31298828125,0.004509822714294673,-0.0036015633042373214,-0.008111386018531994,0.008111386018531994,False,13.617534637451172,8.496498646010878,0.02583917902666144
HINDUNILVR,2026-06-03,2070.9353670832684,2078.4589383211337,2051.334687643431,2069.549560546875,2056.4453125,2093.86376953125,2054.2626953125,2082.520751953125,2072.6181640625,-0.0014805445444954935,0.004777815838116136,0.006258360382611629,0.006258360382611629,False,13.499190330505371,3.6677127149887383,0.025681600003736094
HINDUNILVR,2026-06-04,2067.9655912455964,2089.64498066566,2052.621662732285,2058.462158203125,2061.212890625,2062.23046875,2032.6351318359375,2032.304931640625,2069.549560546875,-0.005357398805573988,-0.017996490451964903,-0.012639091646390915,0.012639091646390915,True,10.09769058227539,5.930028186994605,0.02592930998071097
HINDUNILVR,2026-06-05,2065.688783694319,2106.07801320051,2056.284440039605,2100.138427734375,2066.297607421875,2100.328369140625,2062.798095703125,2087.7080078125,2058.462158203125,0.02024631318344472,0.014207620719588218,-0.006038692463856502,0.006038692463856502,True,12.36966323852539,4.8497530260065105,0.0453500330040697
HINDUNILVR,2026-06-08,2084.101554867211,2103.603145099428,2070.440460223743,2088.853271484375,2105.779052734375,2115.711181640625,2058.52783203125,2065.7255859375,2100.138427734375,-0.0053735297164075055,-0.01638598739131663,-0.011012457674909125,0.011012457674909125,True,12.516509056091309,5.206736803025706,0.058071717008715495
HINDUNILVR,2026-06-09,2098.3565153522595,2117.0663546833757,2088.8533235633454,2111.32470703125,2064.403564453125,2159.834228515625,2061.580078125,2129.99658203125,2088.853271484375,0.010757785553269814,0.019696601531824138,0.008938815978554324,0.008938815978554324,True,12.1168212890625,5.311249393998878,0.0581348100095056
HINDUNILVR,2026-06-10,2113.403324412981,2182.6984855334144,2112.017517863509,2147.655029296875,2114.896240234375,2138.59423828125,2122.953369140625,2142.014892578125,2111.32470703125,0.017207359031339783,0.014535985604047,-0.002671373427292784,0.002671373427292784,True,10.87597942352295,7.142726905003656,0.047399528993992135
HINDUNILVR,2026-06-11,2142.2104294070446,2143.2003602893956,2113.7994614200466,2118.254150390625,2118.75,2165.367919921875,2061.536376953125,2156.7353515625,2147.655029296875,-0.01368975859958087,0.004228017135786386,0.017917775735367257,0.017917775735367257,False,14.267342567443848,6.77178215800086,0.025759049982298166
HINDUNILVR,2026-06-12,2129.539277901612,2157.455280606382,2123.40175473256,2146.962158203125,2101.593017578125,2147.508056640625,2048.38671875,2122.732421875,2118.254150390625,0.0135526739353755,0.0021141332278514203,-0.01143854070752408,0.01143854070752408,True,13.402896881103516,7.125320291001117,0.02580631701857783
HINDUNILVR,2026-06-15,2177.848007096508,2188.7372471319904,2128.351461480678,2134.39013671875,2151.69189453125,2198.248779296875,2140.294189453125,2172.565185546875,2146.962158203125,-0.005855725698908921,0.011925234567328451,0.01778096026623737,0.01778096026623737,False,13.724531173706055,5.649910053994972,0.025865655014058575
HINDUNILVR,2026-06-16,2139.2405659215233,2186.7572467009,2138.3497248298445,2177.748779296875,2135.317626953125,2153.367919921875,2126.47802734375,2137.5849609375,2134.39013671875,0.020314300479658935,0.0014968323568349512,-0.018817468122823984,0.018817468122823984,True,14.897429466247559,6.16983307999908,0.026482239976758137
HINDUNILVR,2026-06-17,2178.9369260000276,2202.2003013528906,2161.0190806510564,2175.47216796875,2172.016357421875,2182.918701171875,2148.472412109375,2152.71533203125,2177.748779296875,-0.0010453966728246977,-0.011495103339563113,-0.010449706666738416,0.010449706666738416,True,13.807816505432129,6.715600074006943,0.025905154994688928
HINDUNILVR,2026-06-18,2186.460250293131,2199.2305034441215,2174.68016968817,2196.16162109375,2179.267333984375,2202.039306640625,2172.43359375,2182.4482421875,2175.47216796875,0.009510327656509554,0.0032066943082354384,-0.006303633348274116,0.006303633348274116,True,13.220252990722656,9.301926619984442,0.04814801999600604
HINDUNILVR,2026-06-19,2187.3514048487905,2188.34133574496,2157.950263886682,2172.50244140625,2176.35791015625,2186.90185546875,2139.8759765625,2145.160888671875,2196.16162109375,-0.010772968373665079,-0.02322266810057231,-0.01244969972690723,0.01244969972690723,True,13.165618896484375,7.3422975210123695,0.03365320499869995
HINDUNILVR,2026-06-22,2181.5106513903265,2185.9653403900866,2160.524164883483,2162.89990234375,2159.891357421875,2190.505615234375,2147.31298828125,2186.55419921875,2172.50244140625,-0.004420036028260721,0.0064680055334733555,0.010888041561734077,0.010888041561734077,False,14.494918823242188,7.241255191998789,0.05857049598125741
HINDUNILVR,2026-06-23,2160.10009765625,2179.699951171875,2156.0,2160.10009765625,2173.9541015625,2196.717529296875,2162.97265625,2176.67431640625,2162.89990234375,-0.0012944679892333856,0.006368493543124138,0.007662961532357524,0.007662961532357524,False,14.412899017333984,7.665506007993827,0.026023103011539206
HINDUNILVR,2026-06-24,2160.0,2166.0,2140.0,2157.800048828125,2155.372802734375,2179.508056640625,2124.9501953125,2169.08447265625,2160.10009765625,-0.001064788076543581,0.004159240124912831,0.005224028201456412,0.005224028201456412,False,14.484426498413086,7.118518688977929,0.025767952000023797
HINDUNILVR,2026-06-25,2161.0,2200.89990234375,2161.0,2174.199951171875,2158.595458984375,2174.913818359375,2148.010009765625,2158.1640625,2157.800048828125,0.007600288243879032,0.0001686966649540542,-0.007431591578924978,0.007431591578924978,True,15.830419540405273,3.9260644350142684,0.02585170097881928
HINDUNILVR,2026-06-26,2174.199951171875,2174.199951171875,2174.199951171875,2174.199951171875,2176.34814453125,2192.602783203125,2160.810302734375,2174.037109375,2174.199951171875,0.0,-7.489734179564749e-05,-7.489734179564749e-05,7.489734179564749e-05,False,16.71066665649414,4.745517474017106,0.06063471201923676
HINDUNILVR,2026-06-29,2172.0,2189.89990234375,2143.0,2151.300048828125,2140.486083984375,2176.25927734375,2088.240234375,2165.78466796875,2174.199951171875,-0.010532565016114158,-0.0038705194518053572,0.0066620455643088,0.0066620455643088,True,15.723998069763184,4.69016367799486,0.05552719099796377
HINDUNILVR,2026-06-30,2151.0,2151.300048828125,2114.199951171875,2118.199951171875,2145.6640625,2159.9677734375,2128.202880859375,2140.1884765625,2151.300048828125,-0.015386090691663664,-0.00516504997602626,0.010221040715637404,0.010221040715637404,True,14.920429229736328,3.368588865007041,0.04737526102690026
HINDUNILVR,2026-07-01,2133.5,2190.0,2120.199951171875,2182.0,2104.0078125,2134.267333984375,2075.9306640625,2125.636474609375,2118.199951171875,0.03011993687981543,0.0035107750018527808,-0.026609161877962646,0.026609161877962646,True,17.223270416259766,4.4938818579830695,0.025348584982566535
HINDUNILVR,2026-07-02,2186.0,2216.0,2179.199951171875,2210.60009765625,2174.723388671875,2201.603759765625,2141.989013671875,2158.32568359375,2182.0,0.013107285818629697,-0.010849824200847846,-0.02395711001947754,0.02395711001947754,False,15.001136779785156,6.054273125017062,0.03802537400042638
HINDUNILVR,2026-07-03,2224.89990234375,2239.300048828125,2190.0,2201.199951171875,2210.668212890625,2243.609375,2193.265625,2203.061767578125,2210.60009765625,-0.004252305287754823,-0.0034100831200167695,0.0008422221677380536,0.0008422221677380536,True,15.455275535583496,4.939279801008524,0.025334890990052372
HINDUNILVR,2026-07-06,2202.10009765625,2221.39990234375,2190.300048828125,2202.0,2203.466796875,2235.6474609375,2190.0498046875,2225.138916015625,2201.199951171875,0.00036346031522446195,0.010875415852615013,0.01051195553739055,0.01051195553739055,True,13.584268569946289,9.209106902999338,0.02544689699425362
HINDUNILVR,2026-07-07,2200.0,2219.39990234375,2193.699951171875,2208.800048828125,2200.71240234375,2219.414306640625,2189.228759765625,2201.75634765625,2202.0,0.003088123900147593,-0.00011065047400090826,-0.0031987743741485014,0.0031987743741485014,False,14.243684768676758,5.313870895974105,0.025483261997578666
HINDUNILVR,2026-07-08,2199.0,2199.0,2130.0,2135.800048828125,2208.55712890625,2227.891845703125,2196.884033203125,2212.97802734375,2208.800048828125,-0.03304961897240541,0.0018915150413192081,0.03494113401372462,0.03494113401372462,False,13.671029090881348,5.565550041996175,0.05663797800661996
HINDUNILVR,2026-07-09,2139.0,2166.800048828125,2137.10009765625,2144.5,2144.826416015625,2169.64306640625,2134.236572265625,2148.2998046875,2135.800048828125,0.00407339215890013,0.005852493479543364,0.0017791013206432333,0.0017791013206432333,True,12.607665061950684,5.567315121006686,0.025472815992543474
HINDUNILVR,2026-07-10,2151.5,2178.0,2145.0,2150.60009765625,2156.847900390625,2190.24609375,2122.92138671875,2136.7451171875,2144.5,0.002844531432152017,-0.003616172913266496,-0.006460704345418513,0.006460704345418513,False,14.045768737792969,6.560811875999207,0.026031026005512103
HINDUNILVR,2026-07-13,2143.0,2143.0,2120.0,2130.60009765625,2156.979248046875,2176.156982421875,2144.562255859375,2154.650390625,2150.60009765625,-0.009299729885531132,0.0018833315283320494,0.011183061413863181,0.011183061413863181,False,13.28860092163086,6.6568222290079575,0.02549754999927245
HINDUNILVR,2026-07-14,2125.0,2145.0,2116.10009765625,2120.199951171875,2123.11376953125,2136.201904296875,2104.146240234375,2114.49560546875,2130.60009765625,-0.004881322635728591,-0.007558664906293594,-0.002677342270565003,0.002677342270565003,True,13.21957015991211,6.254875817016,0.03857118700398132
HINDUNILVR,2026-07-15,2121.0,2128.5,2091.0,2102.60009765625,2110.67431640625,2144.348876953125,2101.653564453125,2131.877685546875,2120.199951171875,-0.00830103477075227,0.0055078457899904645,0.013808880560742734,0.013808880560742734,False,15.050588607788086,3.873272672004532,0.025947012996766716
HINDUNILVR,2026-07-16,2104.89990234375,2123.0,2096.0,2098.39990234375,2097.09326171875,2109.362548828125,2076.157470703125,2081.70263671875,2102.60009765625,-0.0019976196696565936,-0.009938866149960812,-0.007941246480304219,0.007941246480304219,True,14.785599708557129,4.838142050983151,0.03417587297735736
HINDUNILVR,2026-07-17,2100.0,2154.5,2092.10009765625,2143.800048828125,2111.92724609375,2129.70654296875,2089.99658203125,2101.182861328125,2098.39990234375,0.02163560264831625,0.0013262290859176321,-0.02030937356239862,0.02030937356239862,True,13.554917335510254,6.449672768008895,0.025523909978801385
HINDUNILVR,2026-07-20,2153.800048828125,2153.800048828125,2128.39990234375,2139.699951171875,2139.129150390625,2161.80029296875,2132.715087890625,2153.465087890625,2143.800048828125,-0.001912537346237703,0.004508367777947968,0.0064209051241856715,0.0064209051241856715,False,11.74964714050293,7.567686680005863,0.026294253999367356
HINDUNILVR,2026-07-21,2139.699951171875,2147.699951171875,2127.5,2142.5,2133.953369140625,2146.444580078125,2117.201416015625,2121.996826171875,2139.699951171875,0.0013086175127458707,-0.008273648363783118,-0.009582265876528988,0.009582265876528988,False,12.85326862335205,6.450366487988504,0.025423905026400462
HINDUNILVR,2026-07-22,2139.699951171875,2159.89990234375,2130.0,2154.60009765625,2140.3251953125,2156.62109375,2133.774169921875,2142.438232421875,2142.5,0.0056476535151691945,-2.8829674737456244e-05,-0.005676483189906651,0.005676483189906651,False,12.114590644836426,6.717278269003145,0.025503514014417306
HINDUNILVR,2026-07-23,2150.0,2166.0,2139.89990234375,2161.800048828125,2149.749755859375,2164.649169921875,2137.2275390625,2148.757568359375,2154.60009765625,0.003341664738485358,-0.00271165368609722,-0.006053318424582578,0.006053318424582578,False,13.070052146911621,5.208873648982262,0.025382833991898224
HINDUNILVR,2026-07-24,2148.0,2163.0,2139.0,2145.0,2155.43994140625,2168.67529296875,2149.097412109375,2158.062744140625,2161.800048828125,-0.007771324104295409,-0.0017287929517468229,0.006042531152548586,0.006042531152548586,True,11.835636138916016,8.056167445000028,0.025041010027052835
HINDUNILVR,2026-07-27,2155.0,2181.300048828125,2152.39990234375,2174.60009765625,2154.507080078125,2191.999755859375,2132.0439453125,2134.0947265625,2145.0,0.013799579326923076,-0.005084043560606061,-0.018883622887529136,0.018883622887529136,False,12.989030838012695,6.013366155006224,0.025588367017917335
HINDUNILVR,2026-07-28,2174.60009765625,2213.0,2016.0,2022.699951171875,2163.416015625,2180.701416015625,2161.15966796875,2178.359619140625,2174.60009765625,-0.06985199101576911,0.0017288334937660278,0.07158082450953514,0.07158082450953514,False,13.810176849365234,5.638968295999803,0.02543664799304679
HINDUNILVR,2026-07-29,2050.5,2123.0,2047.0,2117.800048828125,2050.1904296875,2115.281494140625,2038.5162353515625,2090.059814453125,2022.699951171875,0.0470164136807106,0.03330195526144363,-0.013714458419266967,0.013714458419266967,True,14.02165412902832,7.98889126998256,0.05108827899675816
HINDUNILVR,2026-07-30,2120.0,2132.60009765625,2088.0,2107.89990234375,2122.7880859375,2153.43310546875,2110.907470703125,2136.79638671875,2117.800048828125,-0.004674731445895093,0.008969844863841862,0.013644576309736955,0.013644576309736955,False,12.246570587158203,8.47838751800009,0.04846278700279072
HINDUNILVR,2026-07-31,2119.60009765625,2119.60009765625,2091.10009765625,2101.300048828125,2098.238525390625,2110.739990234375,2047.9613037109375,2055.912841796875,2107.89990234375,-0.0031310089764161465,-0.024662964540712384,-0.021531955564296237,0.021531955564296237,True,12.807836532592773,6.962953470996581,0.035921744973165914
HINDUNILVR,2026-08-03,2107.0,2138.0,2105.300048828125,2138.0,2105.703369140625,2126.53125,2086.82568359375,2100.397705078125,2101.300048828125,0.017465354932220276,-0.0004294216575606271,-0.017894776589780902,0.017894776589780902,False,15.651829719543457,1.9247420839965343,0.053152737993514165
HINDUNILVR,2026-08-04,2119.10009765625,2119.10009765625,2070.199951171875,2096.5,2126.55322265625,2139.2529296875,2102.524658203125,2111.572021484375,2138.0,-0.01941066417212348,-0.01236107507746726,0.0070495890946562206,0.0070495890946562206,True,15.861923217773438,2.140300656988984,0.055073227995308116
HINDUNILVR,2026-08-05,2085.300048828125,2097.800048828125,2074.199951171875,2085.300048828125,2089.1435546875,2130.000732421875,2053.8154296875,2096.326416015625,2096.5,-0.005342213771464346,-8.279703523730026e-05,0.005259416736227046,0.005259416736227046,True,14.76198959350586,5.996054716990329,0.05587401901721023
HINDUNILVR,2026-08-06,2081.0,2094.0,2075.199951171875,2079.5,2103.00048828125,2124.607666015625,2060.2548828125,2085.03955078125,2085.300048828125,-0.002781397732851179,-0.00012492113402164448,0.0026564765988295346,0.0026564765988295346,True,13.748046875,7.638566430978244,0.02543910700478591
HINDUNILVR,2026-08-07,2083.10009765625,2099.39990234375,2077.199951171875,2096.0,2080.399658203125,2097.2939453125,2050.63916015625,2067.816162109375,2079.5,0.00793459966338062,-0.005618580375390719,-0.013553180038771338,0.013553180038771338,False,14.40497875213623,6.198211862996686,0.05245749800815247
HINDUNILVR,2026-08-10,2096.0,2097.0,2076.0,2087.199951171875,2095.229736328125,2113.142822265625,2064.03466796875,2091.598388671875,2096.0,-0.004198496578303912,-0.0021000054046397903,0.002098491173664122,0.002098491173664122,True,12.373785018920898,5.732951212004991,0.02565251401392743
HINDUNILVR,2026-08-11,2086.0,2086.5,2063.800048828125,2064.89990234375,2088.509033203125,2092.6416015625,2048.464111328125,2051.957763671875,2087.199951171875,-0.010684193824173127,-0.01688491199906985,-0.006200718174896723,0.006200718174896723,True,13.32822036743164,6.481747423997149,0.025609144009649754
HINDUNILVR,2026-08-12,2065.0,2072.10009765625,2050.10009765625,2063.0,2062.752685546875,2097.574462890625,2029.9947509765625,2082.84912109375,2064.89990234375,-0.0009200941612683159,0.008692536974614055,0.009612631135882371,0.009612631135882371,False,12.90549373626709,5.4068556769925635,0.025457213021581993
HINDUNILVR,2026-08-13,2063.0,2092.0,2052.89990234375,2092.0,2066.27099609375,2075.669189453125,2039.5435791015625,2047.9644775390625,2063.0,0.014057198254968492,-0.007288183451738973,-0.021345381706707467,0.021345381706707467,False,10.603866577148438,5.904115618992364,0.043209443014347926
HINDUNILVR,2026-08-14,2089.0,2090.89990234375,2066.39990234375,2077.0,2088.712646484375,2099.64208984375,2065.2666015625,2074.844970703125,2092.0,-0.007170172084130019,-0.008200300811125718,-0.0010301287269956988,0.0010301287269956988,True,13.577095031738281,6.451133533992106,0.04186799601302482
HINDUNILVR,2026-08-17,2070.89990234375,2076.0,2055.0,2055.0,2078.56591796875,2088.9716796875,2037.281982421875,2074.271240234375,2077.0,-0.01059220028887819,-0.0013137986353514684,0.009278401653526721,0.009278401653526721,True,14.127004623413086,4.660509549023118,0.025420140998903662
HINDUNILVR,2026-08-18,2055.0,2060.0,2034.9000244140625,2035.0,2064.433349609375,2081.1259765625,2053.8583984375,2068.434326171875,2055.0,-0.009732360097323601,0.006537384998479319,0.01626974509580292,0.01626974509580292,False,14.34955883026123,6.388294650008902,0.052605625009164214
HINDUNILVR,2026-08-19,2035.0,2041.699951171875,2008.300048828125,2020.699951171875,2035.9305419921875,2073.995361328125,2020.66845703125,2060.3330078125,2035.0,-0.007027051021191646,0.012448652487714987,0.019475703508906633,0.019475703508906633,False,13.058268547058105,4.885937262995867,0.02571584697579965
HINDUNILVR,2026-08-20,2022.9000244140625,2043.5999755859375,2018.199951171875,2028.0,2025.43701171875,2026.958740234375,2014.405517578125,2012.3802490234375,2020.699951171875,0.0036126337430212956,-0.004117237763881081,-0.007729871506902377,0.007729871506902377,False,13.550116539001465,5.093194743007189,0.02556484201340936
HINDUNILVR,2026-08-21,2028.0,2034.699951171875,2012.0,2015.0,2035.955078125,2048.21240234375,2019.152587890625,2030.33349609375,2028.0,-0.00641025641025641,0.0011506390994822486,0.007560895509738659,0.007560895509738659,False,15.231409072875977,3.3530057939933613,0.02549649801221676
HINDUNILVR,2026-08-24,2019.9000244140625,2030.0,2006.199951171875,2030.0,2018.981201171875,2029.65625,2004.317626953125,2013.1629638671875,2015.0,0.007444168734491315,-0.0009116804629342431,-0.008355849197425559,0.008355849197425559,False,16.122791290283203,3.831813933007652,0.024569661007262766
HINDUNILVR,2026-08-25,2024.0,2029.199951171875,2012.0,2024.199951171875,2033.9788818359375,2044.29443359375,2021.7642822265625,2031.1793212890625,2030.0,-0.002857166910406404,0.0005809464478140394,0.0034381133582204433,0.0034381133582204433,False,16.720796585083008,2.0410783120023552,0.04643548699095845
HINDUNILVR,2026-08-26,2030.300048828125,2051.89990234375,2021.0,2021.0,2025.77880859375,2042.59912109375,2014.0870361328125,2029.135986328125,2024.199951171875,-0.0015808473713392023,0.0024385116467335005,0.004019359018072703,0.004019359018072703,False,15.765936851501465,2.982659233006416,0.053858183993725106
HINDUNILVR,2026-08-27,2020.0,2028.0,2004.300048828125,2009.0,2029.0318603515625,2036.4266357421875,2010.842529296875,2016.335693359375,2021.0,-0.005937654626422563,-0.0023079201586467097,0.003629734467775853,0.003629734467775853,True,13.453619956970215,5.07048758098972,0.025362832006067038
HINDUNILVR,2026-08-28,2018.0,2018.0,1997.5,2010.4000244140625,2020.7763671875,2036.8773193359375,2010.27392578125,2023.5859375,2009.0,0.0006968762638439522,0.007260297411647586,0.006563421147803634,0.006563421147803634,True,13.029682159423828,6.020439851999981,0.05855100101325661
HINDUNILVR,2026-08-31,2001.0999755859375,2008.5999755859375,1967.4000244140625,1967.4000244140625,2021.48486328125,2026.97998046875,1979.004638671875,2007.4937744140625,2010.4000244140625,-0.021388778092823833,-0.0014456078216806805,0.019943170271143153,0.019943170271143153,True,13.857872009277344,6.085292894014856,0.02550986601272598
HINDUNILVR,2026-09-01,1987.0,2003.0,1980.0,1994.800048828125,1970.2435302734375,1975.59521484375,1941.064697265625,1947.359375,1967.4000244140625,0.01392702250383618,-0.010186362287980083,-0.024113384791816263,0.024113384791816263,False,11.708110809326172,5.861627984006191,0.024928302998887375
HINDUNILVR,2026-09-02,1983.0,1983.800048828125,1962.300048828125,1975.0,2000.124267578125,2028.1160888671875,1960.9476318359375,2009.9814453125,1994.800048828125,-0.00992583133319895,0.007610485318211987,0.01753631665141094,0.01753631665141094,False,13.162853240966797,6.931617119000293,0.056829061009921134
HINDUNILVR,2026-09-03,1978.9000244140625,1978.9000244140625,1959.9000244140625,1962.0,1988.31103515625,2012.1925048828125,1974.0458984375,1994.536376953125,1975.0,-0.006582278481012658,0.009891836431962025,0.016474114912974683,0.016474114912974683,False,13.359672546386719,7.3357460649858695,0.025486850005108863
HINDUNILVR,2026-09-04,1967.0,1984.199951171875,1950.4000244140625,1973.4000244140625,1958.974609375,2008.3836669921875,1900.8270263671875,1979.269287109375,1962.0,0.005810409996973752,0.008801879260639654,0.0029914692636659026,0.0029914692636659026,True,15.193994522094727,4.973516500991536,0.025613189005525783
