symbol,date,actual_open,actual_high,actual_low,actual_close,predicted_open,predicted_high,predicted_low,predicted_close,previous_actual_close,actual_return,predicted_return,return_error,absolute_return_error,direction_correct,validation_loss,training_time_seconds,prediction_time_seconds
HDFCBANK,2023-07-03,819.8888261766497,841.4333500761821,818.6919081822313,823.3838500976562,809.852783203125,814.6088256835938,803.5233154296875,810.3950805664062,814.574462890625,0.010814710758019564,-0.005130755400049813,-0.015945466158069375,0.015945466158069375,False,13.704384803771973,6.962823872017907,0.02488162598456256
HDFCBANK,2023-07-04,825.1312514621555,836.406241634242,820.5111950503219,827.4053955078125,825.8438110351562,837.8956909179688,820.3347778320312,828.6870727539062,823.3838500976562,0.004884168434539104,0.006440765938779366,0.0015565975042402622,0.0015565975042402622,True,12.837272644042969,7.0858032109972555,0.025454085000092164
HDFCBANK,2023-07-05,821.6841820227852,823.4795589682101,798.8470106542848,801.1211547851562,823.212890625,829.0953979492188,810.2945556640625,815.5615844726562,827.4053955078125,-0.03176706468843431,-0.014314399083519657,0.017452665604914652,0.017452665604914652,True,14.8721923828125,6.8177993560093455,0.03179383999668062
HDFCBANK,2023-07-06,800.977524195429,808.0872054143094,794.9450691746598,801.93505859375,797.5502319335938,812.13427734375,794.059326171875,807.2109375,801.1211547851562,0.0010159559558903695,0.007601575215520181,0.006585619259629812,0.006585619259629812,True,13.40212631225586,6.749186933011515,0.02498096600174904
HDFCBANK,2023-07-07,797.1473857846021,801.9350577712964,792.9821345334826,794.945068359375,795.4796142578125,823.2788696289062,795.8280029296875,805.247314453125,801.93505859375,-0.008716404351534953,0.004130329287739678,0.01284673363927463,0.01284673363927463,False,12.4608793258667,8.014672218007036,0.024780106992693618
HDFCBANK,2023-07-10,795.2323081500037,802.772891445225,789.8222154878739,793.0538940429688,800.7010498046875,808.4240112304688,789.932373046875,799.2931518554688,794.945068359375,-0.0023789999984644185,0.005469665350673122,0.00784866534913754,0.00784866534913754,False,12.154382705688477,6.490175694983918,0.025431474001379684
HDFCBANK,2023-07-11,796.1898182223189,802.4137915457645,787.8113925946035,789.1998291015625,789.9229125976562,794.8763427734375,787.3477172851562,792.5730590820312,793.0538940429688,-0.004859776832767725,-0.0006063080511290544,0.00425346878163867,0.00425346878163867,True,14.029619216918945,6.268604735989356,0.025666622997960076
HDFCBANK,2023-07-12,792.5272531476065,797.7697889233564,779.0260418202364,781.8028564453125,793.0885620117188,797.10107421875,788.595703125,791.2960205078125,789.1998291015625,-0.009372749946830107,0.002656097136559618,0.012028847083389724,0.012028847083389724,False,13.39120864868164,7.780655204987852,0.02501581600517966
HDFCBANK,2023-07-13,793.1735289409957,793.532604310247,784.2445681802172,785.7047729492188,781.0745849609375,781.223388671875,772.2993774414062,772.4810180664062,781.8028564453125,0.004990921268371179,-0.011923515374823035,-0.016914436643194215,0.016914436643194215,False,15.063263893127441,5.443631078989711,0.024903226003516465
HDFCBANK,2023-07-14,791.6894113288874,791.6894113288874,782.7843533101579,787.3326416015625,787.3892822265625,789.4949340820312,777.3043823242188,779.2171630859375,785.7047729492188,0.0020718579145617096,-0.008257057977297732,-0.010328915891859441,0.010328915891859441,False,14.134567260742188,5.332899682980496,0.025621013977797702
HDFCBANK,2023-07-17,789.9658626293475,805.2864126924621,781.8268204083179,803.80224609375,787.1836547851562,789.3048095703125,778.1074829101562,780.208740234375,787.3326416015625,0.020918228994908236,-0.009048146857846929,-0.029966375852755165,0.029966375852755165,False,14.656041145324707,6.93938444001833,0.025680604012450203
HDFCBANK,2023-07-18,812.9467471445371,815.8193504913376,799.5412648594681,803.1320190429688,798.972900390625,801.7515258789062,790.0101928710938,791.2448120117188,803.80224609375,-0.0008338208235151899,-0.01562254166750193,-0.01478872084398674,0.01478872084398674,True,16.34743309020996,2.8880327609949745,0.02544692499213852
HDFCBANK,2023-07-19,804.8555610048314,808.5181419226229,801.9350926545632,806.7706298828125,808.3543090820312,815.1611328125,803.2193603515625,809.8400268554688,803.1320190429688,0.004530526430984044,0.008352310272093773,0.003821783841109729,0.003821783841109729,True,14.768062591552734,4.268641173985088,0.025208804989233613
HDFCBANK,2023-07-20,804.8795083270657,810.0741208768967,804.3289143458549,808.5181274414062,805.9468383789062,816.1248779296875,796.16064453125,796.4301147460938,806.7706298828125,0.002166040128217834,-0.012817168540481899,-0.014983208668699732,0.014983208668699732,False,12.975732803344727,8.137695957004325,0.024804166983813047
HDFCBANK,2023-07-21,804.3288890002611,809.0208308967337,801.0972104283851,802.2941284179688,818.2134399414062,831.406005859375,811.2819213867188,817.2725219726562,808.5181274414062,-0.007698032749288675,0.010827703466530421,0.018525736215819096,0.018525736215819096,False,14.530509948730469,6.643713427998591,0.025114085990935564
HDFCBANK,2023-07-24,803.6107922802456,806.5552224214,799.589135875981,803.5629272460938,800.1382446289062,811.4161376953125,795.9676513671875,804.419677734375,802.2941284179688,0.0015814634348962824,0.002649339239958776,0.0010678758050624937,0.0010678758050624937,True,13.50803279876709,5.764448095986154,0.031280702009098604
HDFCBANK,2023-07-25,806.555183500857,813.4254812031791,803.5628884699448,812.2764282226562,806.0762329101562,812.888671875,788.78564453125,790.5259399414062,803.5629272460938,0.010843582600835892,-0.01622397806400404,-0.027067560664839934,0.027067560664839934,False,14.129283905029297,6.013631961017381,0.025234775006538257
HDFCBANK,2023-07-26,813.7126998116902,813.7126998116902,808.1590121278992,809.45166015625,812.4424438476562,818.7840576171875,806.0032348632812,809.6705932617188,812.2764282226562,-0.00347759453341165,-0.003208064238229014,0.0002695302951826362,0.0002695302951826362,True,14.104801177978516,5.747146451001754,0.02479056699667126
HDFCBANK,2023-07-27,813.85633843129,815.3405049960073,798.3203084228094,801.04931640625,812.9734497070312,816.43603515625,807.6981201171875,810.081787109375,809.45166015625,-0.010380290959410819,0.0007784614994839412,0.01115875245889476,0.01115875245889476,False,14.836174964904785,6.696728579991031,0.025184916012221947
HDFCBANK,2023-07-28,795.4717530151033,799.0146422074048,785.704889829906,786.8539428710938,803.265625,810.8408203125,799.0802001953125,805.0133666992188,801.04931640625,-0.017720973283943363,0.004948572093853948,0.02266954537779731,0.02266954537779731,False,13.932647705078125,6.1314803889836185,0.030033938004635274
HDFCBANK,2023-07-31,789.989808735889,793.2214872008873,784.5557544882844,790.5403442382812,790.5110473632812,801.2262573242188,773.2902221679688,785.4993286132812,786.8539428710938,0.004684988110673322,-0.001721557437800651,-0.006406545548473973,0.006406545548473973,False,13.812204360961914,6.12420780598768,0.02487916700192727
HDFCBANK,2023-08-01,792.0963421090329,798.3203154846697,789.9658515231379,795.8307495117188,791.8134155273438,802.4395751953125,787.7110595703125,795.4554443359375,790.5403442382812,0.006692138246954401,0.006217393120387999,-0.00047474512656640183,0.00047474512656640183,True,12.850427627563477,5.909952969988808,0.029159430996514857
HDFCBANK,2023-08-02,786.1358144400288,790.6841032568256,781.8987360204031,785.4176635742188,795.6726684570312,799.9857177734375,788.9683227539062,792.3217163085938,795.8307495117188,-0.013084548371483434,-0.004409270696411221,0.008675277675072212,0.008675277675072212,True,13.394968032836914,6.872156101977453,0.024822756997309625
HDFCBANK,2023-08-03,785.1781976196645,790.6121935791729,777.0391553272656,779.7442016601562,785.6268920898438,793.5287475585938,784.139892578125,789.119384765625,785.4176635742188,-0.007223496716694838,0.004713060786742101,0.011936557503436938,0.011936557503436938,False,13.257824897766113,5.9828037270053755,0.029786698025418445
HDFCBANK,2023-08-04,782.8562191326811,793.0778874299197,780.0314808905504,791.0191650390625,776.143798828125,778.6651000976562,771.0805053710938,772.6185913085938,779.7442016601562,0.014459823304746202,-0.009138394792024534,-0.023598218096770734,0.023598218096770734,False,13.120080947875977,7.127935952972621,0.024765437003225088
HDFCBANK,2023-08-07,796.2377106290166,796.2377106290166,788.7929158097952,790.5643310546875,791.0396728515625,799.5389404296875,788.364501953125,795.8672485351562,791.0191650390625,-0.0005749974267090472,0.006128907756431337,0.006703905183140384,0.006703905183140384,False,13.124126434326172,8.33291407499928,0.02476272700005211
HDFCBANK,2023-08-08,790.779775695363,792.6469794990385,786.1597188833139,789.9180297851562,788.7228393554688,801.08544921875,785.7523803710938,793.6376342773438,790.5643310546875,-0.0008175188838446874,0.0038874802491483183,0.004704999132993006,0.004704999132993006,False,12.493001937866211,6.812486256007105,0.029538630013121292
HDFCBANK,2023-08-09,791.4021180992739,792.1202688416507,780.9171055719207,790.2052001953125,786.6239624023438,788.2450561523438,779.477783203125,781.2117309570312,789.9180297851562,0.0003635445695983864,-0.011021775044801748,-0.011385319614400135,0.011385319614400135,False,14.479305267333984,5.691665288992226,0.024933476001024246
HDFCBANK,2023-08-10,788.5535116922156,792.0006120305654,780.8692750321005,783.1912841796875,789.6995849609375,797.81396484375,787.3991088867188,792.0950317382812,790.2052001953125,-0.0088760691702502,0.002391570623050375,0.011267639793300574,0.011267639793300574,False,13.853671073913574,8.246047771011945,0.024736496998229995
HDFCBANK,2023-08-11,784.4121451817492,784.4121451817492,773.7834789124577,775.0283203125,785.8172607421875,788.7708129882812,778.1264038085938,780.0399169921875,783.1912841796875,-0.010422694981517022,-0.004023751605970352,0.00639894337554667,0.00639894337554667,True,13.861532211303711,6.150529197999276,0.02611976201296784
HDFCBANK,2023-08-14,771.2940198202658,773.2090887707817,766.1472720157544,771.2461547851562,774.8071899414062,778.4219360351562,771.72900390625,774.5709228515625,775.0283203125,-0.004880035255768123,-0.0005901687060326676,0.004289866549735456,0.004289866549735456,True,15.33340835571289,1.8536459390015807,0.02485269700991921
HDFCBANK,2023-08-16,757.9363390305685,770.6476315074848,757.0745931406195,768.995849609375,772.9849243164062,776.646240234375,766.0076904296875,770.2566528320312,771.2461547851562,-0.0029177522141528352,-0.0012829911008122208,0.0016347611133406144,0.0016347611133406144,True,12.458444595336914,5.8872878050024156,0.025185125996358693
HDFCBANK,2023-08-17,764.8783973270507,770.7672567276965,763.1548472527722,764.7348022460938,765.6722412109375,769.360595703125,760.282958984375,765.5886840820312,768.995849609375,-0.005541053785200173,-0.0044306682917397795,0.0011103854934603934,0.0011103854934603934,True,12.620282173156738,10.179226072010351,0.02475201801280491
HDFCBANK,2023-08-18,760.0668453838622,764.2560581283789,759.085349306415,761.598876953125,765.7373046875,768.8348388671875,756.7135009765625,760.2611083984375,764.7348022460938,-0.004100670302643819,-0.005849993794602541,-0.0017493234919587226,0.0017493234919587226,True,12.056480407714844,7.357832370995311,0.02600232302211225
HDFCBANK,2023-08-21,766.2668661889733,766.2668661889733,759.8035093045302,761.0004272460938,761.6488037109375,765.387451171875,754.39404296875,757.8681640625,761.598876953125,-0.0007857807110029175,-0.004898527300289886,-0.004112746589286968,0.004112746589286968,True,13.407455444335938,7.011844977998408,0.025298935011960566
HDFCBANK,2023-08-22,764.2799958764373,765.069973432526,756.4521639695814,757.7448120117188,761.3252563476562,764.6217041015625,755.1329345703125,759.748046875,761.0004272460938,-0.0042780728076019766,-0.0016457025860364635,0.002632370221565513,0.002632370221565513,True,12.676176071166992,12.722161296987906,0.0249457260069903
HDFCBANK,2023-08-23,756.4522085794365,761.503226134282,753.2205298402522,759.612060546875,758.6807250976562,771.6759033203125,756.5654907226562,758.9694213867188,757.7448120117188,0.002464218171548989,0.001616123733990093,-0.0008480944375588962,0.0008480944375588962,True,12.357514381408691,6.694342647999292,0.033163195999804884
HDFCBANK,2023-08-24,762.8197446808867,764.2081226998831,754.6088761414499,756.1170043945312,759.3778686523438,766.6819458007812,758.10107421875,764.3712768554688,759.612060546875,-0.004601106714692655,0.006265324835900315,0.01086643155059297,0.01086643155059297,False,14.551637649536133,5.673268296988681,0.02507096601766534
HDFCBANK,2023-08-25,753.8429059393314,755.2552457791736,746.1108040957927,747.594970703125,760.5595703125,771.2883911132812,754.4947509765625,764.7818603515625,756.1170043945312,-0.011270786983861525,0.011459676090699382,0.022730463074560905,0.022730463074560905,False,14.48570442199707,7.068807954987278,0.025299044995335862
HDFCBANK,2023-08-28,747.5949720764402,757.7209098998453,747.5949720764402,755.3749389648438,747.957275390625,745.7286987304688,743.6323852539062,742.5908203125,747.594970703125,0.010406662118662417,-0.006693665135171411,-0.017100327253833827,0.017100327253833827,False,15.429664611816406,5.907851677999133,0.025422954990062863
HDFCBANK,2023-08-29,761.0962378308944,762.5086362173317,757.1464082058284,761.383544921875,756.2882690429688,760.1281127929688,744.0381469726562,758.56494140625,755.3749389648438,0.007954468234364999,0.004223071585850848,-0.003731396648514151,0.003731396648514151,True,12.818842887878418,6.868466075975448,0.025033326004631817
HDFCBANK,2023-08-30,767.9186450321,767.9186450321,753.4359368932027,755.8297729492188,762.1280517578125,763.3854370117188,754.8636474609375,761.878173828125,761.383544921875,-0.007294315735738836,0.0006496448597411617,0.007943960595479999,0.007943960595479999,False,12.931324005126953,7.102762177994009,0.024988126009702682
HDFCBANK,2023-08-31,755.973358072876,757.9602535082042,748.3609484150296,752.358642578125,754.138671875,756.2890014648438,747.69287109375,749.1714477539062,755.8297729492188,-0.004592476368785438,-0.008809292030574518,-0.004216815661789081,0.004216815661789081,True,13.307378768920898,7.523074232012732,0.03432400099700317
HDFCBANK,2023-09-01,752.1432576208482,755.9733951516992,746.5656081528945,753.9146728515625,749.6127319335938,750.6755981445312,747.3775634765625,747.62158203125,752.358642578125,0.0020682028295779453,-0.00629627983090937,-0.008364482660487315,0.008364482660487315,False,14.374774932861328,6.713437127007637,0.02556351397652179
HDFCBANK,2023-09-04,761.2398731833899,761.9340622690505,754.0104999128797,758.630615234375,756.112548828125,764.4490966796875,729.8670654296875,756.077392578125,753.9146728515625,0.006255273378584339,0.0028686531837646243,-0.0033866201948197145,0.0033866201948197145,True,13.80038070678711,7.049253449018579,0.025456825009314343
HDFCBANK,2023-09-05,760.4739170030488,760.4739170030488,751.9518365150665,754.0105590820312,758.6985473632812,762.717529296875,755.2307739257812,759.1447143554688,758.630615234375,-0.006089994339229781,0.0006776672477618395,0.006767661586991621,0.006767661586991621,False,14.990616798400879,3.6698815709969494,0.03238474897807464
HDFCBANK,2023-09-06,754.9201238552107,766.0274992165465,754.010454511239,763.873046875,751.1798706054688,759.687744140625,746.7653198242188,757.4879150390625,754.0105590820312,0.013080039363077113,0.004611813342859218,-0.008468226020217896,0.008468226020217896,True,14.341779708862305,4.974961225001607,0.025269684992963448
HDFCBANK,2023-09-07,763.8731027987624,772.730296406896,759.8754081832036,771.22216796875,760.3932495117188,771.3884887695312,758.1490478515625,766.0097045898438,763.873046875,0.009620867137301427,0.0027971371991521417,-0.006823729938149285,0.006823729938149285,True,14.718840599060059,4.889453947020229,0.025476753973634914
HDFCBANK,2023-09-08,770.0012791246807,781.7789400663747,769.6661070326583,777.2306518554688,767.3662109375,769.32666015625,756.9154052734375,759.7030639648438,771.22216796875,0.007790859931508367,-0.01493616817867845,-0.022727028110186818,0.022727028110186818,False,15.031118392944336,4.96412987599615,0.03483305999543518
HDFCBANK,2023-09-11,779.8639437312936,783.5025629490954,777.5179726424265,781.2523803710938,775.3804321289062,776.79736328125,769.1339111328125,771.637939453125,777.2306518554688,0.005174433748880078,-0.007195692023973023,-0.0123701257728531,0.0123701257728531,False,15.513299942016602,6.116928653995274,0.025443894002819434
HDFCBANK,2023-09-12,785.1782585237241,786.5666951817179,778.0207118004635,783.694091796875,784.0032348632812,791.0076904296875,778.9159545898438,785.5145874023438,781.2523803710938,0.003125381102354454,0.005455608377443225,0.002330227275088771,0.002330227275088771,True,15.03223991394043,7.531281069997931,0.02513225600705482
HDFCBANK,2023-09-13,781.0129551372609,790.7318942113928,779.7202486339522,787.04541015625,783.947021484375,787.034912109375,780.7546997070312,785.57080078125,783.694091796875,0.004276309333519418,0.002394695843721408,-0.0018816134897980097,0.0018816134897980097,True,15.848608016967773,5.794179904012708,0.02511074600624852
HDFCBANK,2023-09-14,787.2129133414476,789.9658245482066,782.8321820803015,786.5665893554688,787.792236328125,788.7985229492188,781.1417846679688,783.3180541992188,787.04541015625,-0.0006083776038871646,-0.004735884243694742,-0.004127506639807577,0.004127506639807577,True,11.191508293151855,6.499625689000823,0.02491473700501956
HDFCBANK,2023-09-15,789.9659158090586,799.5412602431078,789.9659158090586,795.5914306640625,784.7341918945312,790.2523803710938,777.7919311523438,781.0202026367188,786.5665893554688,0.011473715551519825,-0.0070513886475839765,-0.018525104199103803,0.018525104199103803,False,13.288833618164062,5.1426344370120205,0.024999265995575115
HDFCBANK,2023-09-18,791.7612564347212,792.3597154342939,778.5233316755201,779.9357299804688,797.33154296875,803.2932739257812,792.5555419921875,798.966552734375,795.5914306640625,-0.0196780660024534,0.00424228057295107,0.02392034657540447,0.02392034657540447,False,11.915119171142578,7.093349842005409,0.025351845019031316
HDFCBANK,2023-09-20,765.548760092835,765.548760092835,747.0683576854377,748.6482543945312,783.0643310546875,786.1964721679688,778.9163818359375,782.8936767578125,779.9357299804688,-0.04011545359862024,0.003792551954784561,0.0439080055534048,0.0439080055534048,False,13.529319763183594,4.504463910008781,0.02496011700714007
HDFCBANK,2023-09-21,743.5254363384076,751.161749541656,735.8891231351594,743.6929931640625,750.5635375976562,754.2256469726562,744.3610229492188,748.05419921875,748.6482543945312,-0.006618944479442237,-0.000793503721265859,0.005825440758176378,0.005825440758176378,True,12.23654556274414,6.670236820005812,0.024899865995394066
HDFCBANK,2023-09-22,746.3980579436757,748.9834124885792,729.5215142987016,732.3462524414062,743.154052734375,749.5867309570312,738.794189453125,744.254638671875,743.6929931640625,-0.015257291418574789,0.0007552115092855232,0.01601250292786031,0.01601250292786031,False,13.530319213867188,7.123899808007991,0.02501765699707903
HDFCBANK,2023-09-25,730.1199506265053,737.636571986799,730.1199506265053,732.9925537109375,735.4824829101562,737.57275390625,722.7755737304688,727.8258056640625,732.3462524414062,0.0008825077855955294,-0.0061725539828653975,-0.0070550617684609265,0.0070550617684609265,False,14.298141479492188,5.423630334000336,0.025360214000102133
HDFCBANK,2023-09-26,730.1199748754191,737.3014828250133,730.1199748754191,736.1763916015625,739.3377685546875,747.8448486328125,734.4164428710938,742.0250854492188,732.9925537109375,0.004343615599512047,0.012322815139870184,0.007979199540358136,0.007979199540358136,True,13.972960472106934,5.539925427001435,0.02551813400350511
HDFCBANK,2023-09-27,729.1624342668326,733.7107225961398,725.3322967263633,731.0056762695312,734.5584106445312,739.58349609375,730.6174926757812,734.1194458007812,736.1763916015625,-0.007023745111932051,-0.002794093676797125,0.0042296514351349256,0.0042296514351349256,True,13.037973403930664,5.1771059980092105,0.024945297016529366
HDFCBANK,2023-09-28,734.4288841265327,736.1524343562999,726.9361657647512,729.49755859375,729.374755859375,742.0256958007812,726.7543334960938,727.0166625976562,731.0056762695312,-0.002063072455849423,-0.005456884674592047,-0.003393812218742624,0.003393812218742624,True,12.573976516723633,7.651411130005727,0.03323719502077438
HDFCBANK,2023-09-29,729.4975291821899,735.1230435502242,728.8273018844358,730.7423706054688,727.381103515625,730.9495849609375,721.6550903320312,723.9319458007812,729.49755859375,0.0017063964053812188,-0.0076293782308162385,-0.009335774636197457,0.009335774636197457,False,11.962369918823242,6.492376445996342,0.03228780900826678
HDFCBANK,2023-10-03,731.0775594696626,731.0775594696626,721.0234476498441,722.0049438476562,737.1559448242188,736.6318359375,731.1788940429688,730.1046752929688,730.7423706054688,-0.011956918209865072,-0.0008726677665777433,0.011084250443287329,0.011084250443287329,True,12.18062973022461,7.428134868008783,0.02498998597729951
HDFCBANK,2023-10-04,715.7569705893197,734.9076587656226,713.0040591639762,732.2984008789062,728.2312622070312,729.9379272460938,728.1672973632812,726.9617919921875,722.0049438476562,0.014256768071967565,0.006865393633062366,-0.0073913744389051995,0.0073913744389051995,True,13.724578857421875,6.914535763004096,0.02484500702121295
HDFCBANK,2023-10-05,734.9316099718342,742.8312687313597,733.7585952718871,735.2667236328125,733.776611328125,739.2048950195312,709.165283203125,732.6641235351562,732.2984008789062,0.004053433341304122,0.0004994175268047272,-0.0035540158144993944,0.0035540158144993944,True,14.392989158630371,6.2553668140026275,0.026071413012687117
HDFCBANK,2023-10-06,739.2165299136511,739.6952970962377,732.4419625913994,734.4528198242188,738.8577880859375,747.8345336914062,732.6151733398438,737.0575561523438,735.2667236328125,-0.0011069504200766855,0.0024356229677892785,0.003542573387865964,0.003542573387865964,False,14.564231872558594,6.2654514770256355,0.025196406000759453
HDFCBANK,2023-10-09,731.55630088108,732.513835306317,723.8960254791839,725.9307861328125,740.32373046875,740.679443359375,732.115966796875,731.7428588867188,734.4528198242188,-0.011603241843970158,-0.003689768579210564,0.007913473264759593,0.007913473264759593,True,14.80986213684082,5.895301915006712,0.025008126016473398
HDFCBANK,2023-10-10,727.9894319713059,732.0349911152088,725.4279808985405,730.048095703125,728.15478515625,734.7901000976562,725.3872680664062,730.1774291992188,725.9307861328125,0.00567176602640905,0.005849928323096778,0.00017816229668772814,0.00017816229668772814,True,15.192607879638672,5.876210615999298,0.02511501600383781
HDFCBANK,2023-10-11,732.5616968533279,738.330865115236,731.7956810054357,737.1099853515625,731.0482177734375,737.593994140625,726.2383422851562,732.9425048828125,730.048095703125,0.009673184123076224,0.003964682870516678,-0.005708501252559547,0.005708501252559547,True,14.033235549926758,6.978035705018556,0.025534704007441178
HDFCBANK,2023-10-12,735.4342849776942,743.046695154072,733.2798325755078,742.017333984375,738.3372802734375,743.7742919921875,735.806884765625,740.6648559570312,737.1099853515625,0.006657552780908203,0.004822713945156047,-0.001834838835752156,0.001834838835752156,True,13.615896224975586,6.096412160986802,0.0341849819815252
HDFCBANK,2023-10-13,737.3014842223872,741.5146589381054,732.4898505097352,735.2667236328125,737.52392578125,740.40771484375,730.226318359375,732.793212890625,742.017333984375,-0.009097645085073781,-0.012431139639581838,-0.003333494554508057,0.003333494554508057,True,14.418327331542969,5.669102622981882,0.025308284995844588
HDFCBANK,2023-10-16,733.2319960651158,734.6443359841811,727.965556654919,732.3223266601562,736.5468139648438,739.7999267578125,729.8159790039062,731.6743774414062,735.2667236328125,-0.004004529074984581,-0.004885772843978514,-0.0008812437689939331,0.0008812437689939331,True,15.371868133544922,6.794308084005024,0.032940535980742425
HDFCBANK,2023-10-17,744.8420626176685,744.8420626176685,734.9076433348039,737.8759765625,731.2742309570312,734.9534301757812,725.098876953125,728.6227416992188,732.3223266601562,0.0075836140728794054,-0.005051853297727383,-0.01263546737060679,0.01263546737060679,False,16.062602996826172,5.4678533480037,0.02548129399656318
HDFCBANK,2023-10-18,737.8760401745988,737.8760401745988,726.8165287202147,727.6065063476562,742.434814453125,750.0864868164062,737.5673217773438,743.9769287109375,737.8759765625,-0.013917610196073241,0.008268262339776464,0.022185872535849707,0.022185872535849707,False,14.117532730102539,5.659748887992464,0.025048006005818024
HDFCBANK,2023-10-19,720.7360972438319,730.7183808812238,719.6827744216524,725.3082885742188,720.0725708007812,733.0396728515625,718.2617797851562,726.47900390625,727.6065063476562,-0.003158599811007453,-0.0015496046717145768,0.001608995139292876,0.001608995139292876,True,14.283590316772461,5.658353993989294,0.02564130400423892
HDFCBANK,2023-10-20,720.5446319365362,731.0775102771368,720.5446319365362,729.0667114257812,722.857421875,726.2875366210938,714.2039184570312,717.5560302734375,725.3082885742188,0.005181828073343341,-0.010688225162875667,-0.015870053236219008,0.015870053236219008,False,13.835010528564453,5.866964240995003,0.03308691599522717
HDFCBANK,2023-10-23,729.4018275247573,731.9153553189844,718.1986633818357,721.04736328125,729.4876708984375,735.0318603515625,725.5252075195312,730.2224731445312,729.0667114257812,-0.010999470993331201,0.0015852619529010772,0.012584732946232278,0.012584732946232278,False,14.728617668151855,6.276707485027146,0.025025926006492227
HDFCBANK,2023-10-25,728.2048937755804,729.066698092264,714.0572999767982,716.47509765625,717.8168334960938,721.178955078125,711.6436767578125,714.2987060546875,721.04736328125,-0.006341144642972022,-0.009359520012460173,-0.0030183753694881512,0.0030183753694881512,True,14.057741165161133,6.772036437003408,0.0327968769997824
HDFCBANK,2023-10-26,713.9615222749121,714.3205976423598,699.1197404204128,700.6278686523438,718.2373657226562,722.9041137695312,714.024658203125,717.2576293945312,716.47509765625,-0.022118324915612664,0.0010921967013802518,0.023210521616992916,0.023210521616992916,False,13.8715181350708,6.420852493989514,0.024853006994817406
HDFCBANK,2023-10-27,703.5483551604171,707.6178760987387,702.3035722091115,703.3807983398438,701.5576782226562,707.0591430664062,692.1065673828125,697.3760375976562,700.6278686523438,0.003929232350970073,-0.004641309888147028,-0.008570542239117102,0.008570542239117102,False,14.121788024902344,4.9738445399852935,0.024796767014777288
HDFCBANK,2023-10-30,700.5561594752365,713.3392213246437,699.9098353939999,711.0172119140625,711.1876220703125,717.2809448242188,705.254638671875,709.8251953125,703.3807983398438,0.010856727383293109,0.009162031417216185,-0.0016946959660769246,0.0016946959660769246,True,13.858492851257324,6.095896362996427,0.02540674398187548
HDFCBANK,2023-10-31,720.0658784498816,720.0658784498816,705.7028622573972,706.8997802734375,709.0992431640625,713.951904296875,704.350830078125,707.2932739257812,711.0172119140625,-0.0057909029087226315,-0.005237479382891994,0.0005534235258306376,0.0005534235258306376,True,13.241968154907227,5.169268488010857,0.024935135996202007
HDFCBANK,2023-11-01,700.0773018118728,707.354539496317,700.0773018118728,705.9421997070312,707.9244384765625,711.92578125,700.6713256835938,703.5653686523438,706.8997802734375,-0.0013546199802691211,-0.004716950993822574,-0.0033623310135534527,0.0033623310135534527,True,14.61251449584961,7.515374540002085,0.025385654997080564
HDFCBANK,2023-11-02,710.9692996573848,713.6025192857455,702.4233167339939,707.0194702148438,704.4932861328125,709.0509643554688,700.7743530273438,703.523193359375,705.9421997070312,0.0015260038403421292,-0.003426635139052669,-0.004952638979394798,0.004952638979394798,False,15.758691787719727,2.1083332050184254,0.025339195010019466
HDFCBANK,2023-11-03,712.4056102569502,714.0334304636632,709.3654501545199,710.370849609375,706.4467163085938,713.287353515625,702.1376953125,708.1091918945312,707.0194702148438,0.004740151489057095,0.0015412894914426664,-0.0031988619976144285,0.0031988619976144285,True,14.79826545715332,5.722198106988799,0.02591850300086662
HDFCBANK,2023-11-06,717.193263319672,717.193263319672,710.0117553425058,715.517578125,707.3639526367188,711.3629150390625,704.2606811523438,706.9625854492188,710.370849609375,0.00724512910187,-0.0047978660188976174,-0.012042995120767617,0.012042995120767617,False,14.825010299682617,3.7351893640006892,0.025353055010782555
HDFCBANK,2023-11-07,715.2781260341811,715.2781260341811,707.234814492639,712.0464477539062,713.9197998046875,718.6088256835938,708.8875122070312,712.8600463867188,715.517578125,-0.004851216066822258,-0.0037141389946635,0.001137077072158758,0.001137077072158758,True,15.629335403442383,4.320329529989976,0.025955813005566597
HDFCBANK,2023-11-08,710.4665472159254,715.014835514477,709.054207384732,714.105224609375,712.0161743164062,717.8763427734375,708.6437377929688,713.5341796875,712.0464477539062,0.0028913519082399714,0.002089374841046791,-0.0008019770671931804,0.0008019770671931804,True,15.284139633178711,5.119064475002233,0.025674253993202
HDFCBANK,2023-11-09,711.4481354625899,714.6079876326531,710.2512173342882,711.2805786132812,703.526123046875,713.1311645507812,699.2578125,711.7102661132812,714.105224609375,-0.0039555038931956684,-0.0033537893486269114,0.000601714544568757,0.000601714544568757,True,13.714521408081055,7.832918360014446,0.025523593998514116
HDFCBANK,2023-11-10,708.6234014750356,716.2358125078571,708.5994981782791,714.0813598632812,713.5354614257812,720.1403198242188,711.2811279296875,716.8470458984375,711.2805786132812,0.003937660234531396,0.007825979581796937,0.0038883193472655413,0.0038883193472655413,True,13.046321868896484,6.336169351998251,0.025349705014377832
HDFCBANK,2023-11-13,714.368593128401,716.2118353292627,711.4002595927223,712.7886962890625,713.9808959960938,716.1329956054688,708.8259887695312,711.86279296875,714.0813598632812,-0.0018102469086523204,-0.0031068825195997543,-0.001296635610947434,0.001296635610947434,True,13.563554763793945,6.247924323019106,0.025843552983133122
HDFCBANK,2023-11-15,720.1136706940404,723.393214037848,718.414082349012,720.25732421875,712.974609375,715.6134643554688,703.5046997070312,706.8148803710938,712.7886962890625,0.010478039240199584,-0.008380907201629,-0.018858946441828582,0.018858946441828582,False,14.608476638793945,6.950899477000348,0.025834553001914173
HDFCBANK,2023-11-16,722.7948225701767,727.2473809327844,719.9461810912933,722.1484985351562,723.4266357421875,732.3606567382812,717.9736938476562,722.3218383789062,720.25732421875,0.002625692586267793,0.002866356357286045,0.00024066377101825175,0.00024066377101825175,True,12.789812088012695,9.29798328600009,0.025863993010716513
HDFCBANK,2023-11-17,713.3630955591337,721.7415211781168,712.8843283809061,720.5924682617188,724.1236572265625,725.3760986328125,715.001953125,715.279052734375,722.1484985351562,-0.002154723407434666,-0.009512511366728024,-0.007357787959293358,0.007357787959293358,True,13.523271560668945,5.341063273022883,0.025364784989506006
HDFCBANK,2023-11-20,724.3747271219125,724.3747271219125,718.8928664109501,720.6403198242188,712.66357421875,717.994873046875,704.07421875,719.380615234375,720.5924682617188,6.640585991057062e-05,-0.0016817453425055863,-0.0017481512024161568,0.0017481512024161568,False,13.406394958496094,6.953003528993577,0.027141698985360563
HDFCBANK,2023-11-21,727.247418907819,728.6837205909814,723.9439133478928,726.7446899414062,718.9682006835938,721.4229125976562,710.4515991210938,717.7382202148438,720.6403198242188,0.008470758503599272,-0.004027112457547325,-0.012497870961146598,0.012497870961146598,False,13.85616683959961,6.448068231984507,0.02606801301590167
HDFCBANK,2023-11-22,727.7262164458982,727.7262164458982,719.850518599169,724.159423828125,725.6978149414062,734.1550903320312,723.874267578125,730.447265625,726.7446899414062,-0.003557323705371259,0.0050947406081388365,0.008652064313510096,0.008652064313510096,False,13.922842025756836,5.970331022981554,0.025939612998627126
HDFCBANK,2023-11-23,722.220328180805,729.5693930831869,722.220328180805,728.3485717773438,722.6453247070312,729.2133178710938,721.4078369140625,727.5899047851562,724.159423828125,0.005784842137486317,0.004737190243132781,-0.0010476518943535358,0.0010476518943535358,True,14.208768844604492,5.593030007992638,0.03294992700102739
HDFCBANK,2023-11-24,728.3005912289228,734.0218939418301,727.6542672419772,733.5191650390625,727.6066284179688,729.9172973632812,725.8875732421875,729.43310546875,728.3485717773438,0.007099064187221886,0.0014890311225018672,-0.005610033064720019,0.005610033064720019,True,13.7633056640625,7.33066948299529,0.025368535018060356
HDFCBANK,2023-11-28,735.0033827728541,735.9848789111071,730.5030178431152,731.8674926757812,728.9735107421875,732.313720703125,724.38916015625,728.2256469726562,733.5191650390625,-0.002251709896623209,-0.007216604989624711,-0.004964895093001502,0.004964895093001502,True,13.525035858154297,8.117674352019094,0.02554222400067374
HDFCBANK,2023-11-29,734.3809775281464,748.3130905581396,733.950075384279,746.4698486328125,732.595947265625,734.7920532226562,729.1027221679688,732.27783203125,731.8674926757812,0.01995218547505583,0.0005606743837856604,-0.01939151109127017,0.01939151109127017,True,14.147951126098633,8.66875173599692,0.030896394018782303
HDFCBANK,2023-11-30,751.2575357769422,752.8374324125391,738.3308218551477,746.3023071289062,746.7744750976562,757.0087890625,739.18017578125,750.977294921875,746.4698486328125,-0.00022444510546957595,0.006038350105256169,0.006262795210725745,0.006262795210725745,False,13.291511535644531,8.719228547008242,0.025522543990518898
HDFCBANK,2023-12-01,745.8714174875178,749.6297282428743,743.09454440636,744.6744995117188,744.6978149414062,745.9257202148438,736.9835815429688,741.2823486328125,746.3023071289062,-0.0021811638549662613,-0.006726441079092992,-0.004545277224126731,0.004545277224126731,True,12.811605453491211,6.787359950016253,0.03282991700689308
HDFCBANK,2023-12-04,760.2823241901957,771.7727371502491,753.4120264631497,770.5279541015625,742.30126953125,753.423095703125,740.0237426757812,743.3357543945312,744.6744995117188,0.03471779227943994,-0.0017977587765732705,-0.03651555105601321,0.03651555105601321,False,14.310064315795898,7.382481158012524,0.025799644005019218
HDFCBANK,2023-12-05,783.5024495070049,784.6993673950388,773.9271064027336,777.3742065429688,767.1242065429688,767.1678466796875,756.643798828125,761.0869140625,770.5279541015625,0.008885144795803025,-0.012252689845718544,-0.02113783464152157,0.02113783464152157,False,12.533514022827148,7.293478452018462,0.02547456498723477
HDFCBANK,2023-12-06,784.4360428215049,784.4360428215049,773.9989536278642,779.3372192382812,777.8045043945312,780.0701904296875,767.963134765625,773.26123046875,777.3742065429688,0.0025251837259202864,-0.0052908574012371845,-0.007816041127157471,0.007816041127157471,False,13.503911018371582,6.792161132005276,0.03264618699904531
HDFCBANK,2023-12-07,777.996699171334,782.3056039667443,773.7835244385168,780.60595703125,768.2468872070312,770.9127197265625,757.6591796875,767.1083374023438,779.3372192382812,0.0016279702311777248,-0.01569138690423373,-0.017319357135411457,0.017319357135411457,False,12.88855266571045,7.604830465017585,0.025369303999468684
HDFCBANK,2023-12-08,780.6059106285983,792.3596680546885,780.6059106285983,791.4978637695312,786.253173828125,786.9182739257812,773.183349609375,777.5581665039062,780.60595703125,0.013953143247464628,-0.0039043905569653985,-0.017857533804430028,0.017857533804430028,False,12.671632766723633,8.316186657990329,0.0254946339991875
HDFCBANK,2023-12-11,789.9898356540881,796.5249611291558,788.5295723280279,790.4446411132812,785.7804565429688,787.820556640625,777.1018676757812,782.974609375,791.4978637695312,-0.0013306702449378662,-0.0107685121902149,-0.009437841945277034,0.009437841945277034,True,13.063175201416016,5.865855335985543,0.02541039400966838
HDFCBANK,2023-12-12,791.9766596766761,792.9581557902037,781.2762247045517,782.5928344726562,795.5955200195312,801.83935546875,789.1409301757812,795.6643676757812,790.4446411132812,-0.009933404861302274,0.006603532102069047,0.016536936963371322,0.016536936963371322,False,14.059614181518555,6.408613139996305,0.03250439799739979
HDFCBANK,2023-12-13,781.563465201162,783.2631120796166,773.2568662574292,780.8214111328125,783.7154541015625,785.977294921875,775.3722534179688,779.2221069335938,782.5928344726562,-0.002263531253819119,-0.004307128037191699,-0.00204359678337258,0.00204359678337258,True,12.98735237121582,9.371563360007713,0.025380925013450906
HDFCBANK,2023-12-14,788.0508241253218,794.2508360897075,787.5720569174692,790.0377197265625,777.9244384765625,781.405029296875,772.90234375,778.3650512695312,780.8214111328125,0.011803350244173014,-0.0031458664276605495,-0.014949216671833564,0.014949216671833564,False,14.585604667663574,8.90853233699454,0.025795952999033034
HDFCBANK,2023-12-15,789.9658581899005,798.5836675519721,788.3380380661904,793.101806640625,790.6511840820312,794.6549072265625,785.8912963867188,790.925537109375,790.0377197265625,0.0038784058501953574,0.0011237658160420235,-0.002754640034153334,0.002754640034153334,True,13.978443145751953,6.420263526000781,0.026028363005025312
HDFCBANK,2023-12-18,795.0886602023099,797.0037289891579,790.4206800343679,792.69482421875,788.1756591796875,792.4959716796875,783.9442138671875,789.7745361328125,793.101806640625,-0.0005131528114894514,-0.00419526280226994,-0.0036821099907804883,0.0036821099907804883,True,13.585351943969727,8.94854637599201,0.025976203003665432
HDFCBANK,2023-12-19,789.9658725265142,794.1072204559873,787.1172310907685,791.3543090820312,794.96435546875,796.121337890625,783.4700317382812,786.9671020507812,792.69482421875,-0.0016910860217107019,-0.007225633362263688,-0.005534547340552986,0.005534547340552986,True,15.619836807250977,2.3574808209959883,0.02539359501679428
HDFCBANK,2023-12-20,793.795966876438,799.038444004139,787.308648353673,793.3171997070312,790.8344116210938,793.2947998046875,785.8701782226562,789.5615844726562,791.3543090820312,0.002480419456206598,-0.0022653880680255038,-0.004745807524232102,0.004745807524232102,False,15.04334831237793,3.873425686004339,0.02561926399357617
HDFCBANK,2023-12-21,793.3172584861196,808.9968844459388,790.0855798531799,807.53662109375,801.6586303710938,803.3367309570312,793.1767578125,797.819091796875,793.3171997070312,0.017924004915020025,0.005674769299728129,-0.012249235615291896,0.012249235615291896,True,13.138727188110352,5.095907972019631,0.025164375983877108
HDFCBANK,2023-12-22,806.0524630799391,807.1536510402615,798.1528041148157,799.9481811523438,801.2888793945312,806.4302368164062,796.2919921875,803.1591186523438,807.53662109375,-0.009397022677594803,-0.005420809814763867,0.003976212862830936,0.003976212862830936,True,13.860361099243164,5.857388638978591,0.025026446004630998
HDFCBANK,2023-12-26,801.0971963079616,807.1775162105685,798.8470139045111,805.5018310546875,802.0252075195312,806.2908325195312,797.1451416015625,802.804443359375,799.9481811523438,0.006942512069148766,0.0035705590366075196,-0.0033719530325412466,0.0033719530325412466,True,14.306102752685547,6.37066143300035,0.02552615400054492
HDFCBANK,2023-12-27,805.0469833447451,817.0161624013128,803.6585468855318,815.484130859375,800.8138427734375,804.7706298828125,797.249755859375,802.0413818359375,805.5018310546875,0.01239264694360425,-0.004296016576671272,-0.016688663520275523,0.016688663520275523,False,13.903045654296875,6.954031806992134,0.02543326499289833
HDFCBANK,2023-12-28,818.3567550440999,824.1498261689791,814.8617312916912,816.417724609375,812.8314208984375,823.4595947265625,810.3312377929688,821.665283203125,815.484130859375,0.0011448337431363117,0.007579733448934397,0.006434899705798086,0.006434899705798086,True,13.99071979522705,4.652810895000584,0.0251374059880618
HDFCBANK,2023-12-29,812.4679265922668,821.0378710363707,811.9891593992248,818.3328247070312,818.3131103515625,829.8758544921875,816.3765258789062,828.2276611328125,816.417724609375,0.002345735571300284,0.01446555625563875,0.012119820684338468,0.012119820684338468,True,14.502946853637695,7.120472030976089,0.02500730598694645
HDFCBANK,2024-01-01,816.7768404269046,818.2849687904367,810.0740996496615,812.9945678710938,818.321044921875,825.7249755859375,808.5986328125,816.250732421875,818.3328247070312,-0.006523332163595701,-0.0025443098728217986,0.003979022290773902,0.003979022290773902,True,12.799985885620117,8.021180233015912,0.02503476699348539
HDFCBANK,2024-01-02,813.3297325444754,815.2448013204753,808.4941371304667,813.4733276367188,811.271484375,816.5785522460938,805.9839477539062,811.9771118164062,812.9945678710938,0.0005888843352037143,-0.0012514918240497089,-0.0018403761592534233,0.0018403761592534233,False,13.489004135131836,5.116874693980208,0.02506979598547332
HDFCBANK,2024-01-03,814.8618017998165,816.1544499059772,799.0385219304522,800.9296875,812.1489868164062,818.5638427734375,808.2833862304688,813.2669677734375,813.4733276367188,-0.015419854235614832,-0.00025367747935972434,0.015166176756255107,0.015166176756255107,True,13.527313232421875,5.488123141985852,0.029620229004649445
HDFCBANK,2024-01-04,803.3714123503233,811.486493525662,799.8763881922322,809.5235595703125,803.5829467773438,804.5260009765625,795.0003662109375,797.9417724609375,800.9296875,0.010729870804436251,-0.0037305584818423903,-0.014460429286278642,0.014460429286278642,False,13.344768524169922,5.466956691001542,0.024867447005817667
HDFCBANK,2024-01-05,807.7521349770598,816.2502532169135,798.6315959676855,805.3822021484375,808.8237915039062,814.9410400390625,805.7494506835938,812.8361206054688,809.5235595703125,-0.00511579604190049,0.0040919884245426115,0.009207784466443101,0.009207784466443101,False,12.857781410217285,6.841227637982229,0.02613130200188607
HDFCBANK,2024-01-08,803.6107431564817,805.4539851831421,794.7535499790049,796.4052734375,806.2908935546875,812.1502075195312,803.0859985351562,810.4437255859375,805.3822021484375,-0.011146172198728313,0.00628462290822653,0.017430795106954843,0.017430795106954843,False,13.735611915588379,6.3856323460058775,0.025477004004642367
HDFCBANK,2024-01-09,798.1766851243468,803.2755670838737,788.4098233393704,790.2052001953125,792.6148681640625,799.5866088867188,788.5150756835938,794.9664916992188,796.4052734375,-0.007785073063901638,-0.0018065949413808874,0.005978478122520751,0.005978478122520751,True,16.434953689575195,5.21412047900958,0.024941966985352337
HDFCBANK,2024-01-10,786.6145023545687,794.7295829425168,785.8484865302768,792.8145141601562,775.0311279296875,798.52001953125,771.14892578125,786.7029418945312,790.2052001953125,0.0033020713660183634,-0.0044320871337161635,-0.007734158499734527,0.007734158499734527,False,14.00562858581543,6.73681915999623,0.03349393399548717
HDFCBANK,2024-01-11,794.7535608406137,796.1419974247106,786.6145183500772,789.4871215820312,787.5205688476562,787.4937133789062,784.307861328125,787.4287719726562,792.8145141601562,-0.004196937011994251,-0.0067931932265458345,-0.002596256214551584,0.002596256214551584,True,13.946399688720703,7.397630121995462,0.02520353498402983
HDFCBANK,2024-01-12,790.9233331176351,792.8384017208256,782.1140058543082,785.7526245117188,792.8440551757812,796.287109375,789.1575317382812,792.1896362304688,789.4871215820312,-0.004730282443149985,0.003423126957437895,0.00815340940058788,0.00815340940058788,False,13.33473014831543,5.98425775099895,0.025447205000091344
HDFCBANK,2024-01-15,788.8647318566922,804.7598387644721,786.901797926325,800.8818359375,786.4960327148438,784.5209350585938,782.4901733398438,783.6838989257812,785.7526245117188,0.01925442048021516,-0.002632795006218458,-0.021887215486433617,0.021887215486433617,False,13.055824279785156,5.17502952599898,0.025172255001962185
HDFCBANK,2024-01-16,800.9775061380469,806.0763883828079,793.8438633427261,803.9219360351562,804.7806396484375,811.0106811523438,801.380126953125,808.3810424804688,800.8818359375,0.0037959408757192695,0.009363686634483717,0.005567745758764448,0.005567745758764448,True,14.584442138671875,5.317413862008834,0.02556954399915412
HDFCBANK,2024-01-17,751.6644868680132,764.4954709128732,731.7477834906084,736.1045532226562,802.1494750976562,807.8389892578125,799.26025390625,804.8303833007812,803.9219360351562,-0.08435816933540458,0.0011300192529953216,0.08548818858839989,0.08548818858839989,False,14.737472534179688,6.008886249008356,0.025529163976898417
HDFCBANK,2024-01-18,715.2781469954391,725.332257495375,708.5993683977847,711.5198364257812,738.0525512695312,745.2307739257812,728.6953125,738.1832275390625,736.1045532226562,-0.03339840337794873,0.0028238846062095943,0.03622228798415832,0.03622228798415832,False,14.169702529907227,6.471681124006864,0.03357236401643604
HDFCBANK,2024-01-19,720.999446229209,723.0581685801238,703.0217728163159,704.0989990234375,710.3358154296875,717.8875122070312,708.1229248046875,713.821044921875,711.5198364257812,-0.01042955800026781,0.0032342155176636306,0.013663773517931441,0.013663773517931441,False,11.066221237182617,7.977001208986621,0.025068646005820483
HDFCBANK,2024-01-23,701.3939438294391,706.0379622645205,682.243255943311,683.3683471679688,706.7476806640625,715.550537109375,702.2798461914062,705.221923828125,704.0989990234375,-0.02944280830426047,0.001594839370947779,0.03103764767520825,0.03103764767520825,False,11.389015197753906,7.036747185018612,0.02530195500003174
HDFCBANK,2024-01-24,660.8184204446432,698.2579916906107,660.8184204446432,697.0371704101562,690.0567626953125,702.4739990234375,683.6275024414062,691.9905395507812,683.3683471679688,0.02000213105982178,0.01261719600936273,-0.007384935050459049,0.007384935050459049,True,13.589740753173828,0.7720864749862812,0.02499299601186067
HDFCBANK,2024-01-25,695.4093846155678,697.7313939357863,679.5622013776972,686.9830932617188,695.0224609375,714.0337524414062,690.4603881835938,704.4003295898438,697.0371704101562,-0.014424018653870925,0.010563510085631172,0.024987528739502097,0.024987528739502097,False,15.752744674682617,2.1626171809912194,0.025932483025826514
HDFCBANK,2024-01-29,693.2788688648152,700.3406850803747,692.2016426624417,696.438720703125,666.2446899414062,693.5891723632812,662.05322265625,684.726806640625,686.9830932617188,0.013763988567043172,-0.003284340827633987,-0.01704832939467716,0.01704832939467716,False,15.685850143432617,2.638447877019644,0.025061525986529887
HDFCBANK,2024-01-30,696.3908230536141,700.5321123941566,689.8556393766623,691.4834594726562,696.241455078125,708.5671997070312,690.7454223632812,699.7366943359375,696.438720703125,-0.0071151432037924525,0.004735482871318332,0.011850626075110785,0.011850626075110785,False,13.361164093017578,9.487258105975343,0.024975006992463022
HDFCBANK,2024-01-31,689.1854007024332,706.1576749666016,687.8927526091608,700.2210083007812,693.05615234375,696.9285888671875,688.6453247070312,686.4959716796875,691.4834594726562,0.012635947698284045,-0.007212736218986845,-0.01984868391727089,0.01984868391727089,False,14.006608963012695,6.832514290988911,0.024994935985887423
HDFCBANK,2024-02-01,701.4179208991782,705.5113454583611,697.1090160306093,702.040283203125,700.10400390625,712.3495483398438,693.4736328125,702.0967407226562,700.2210083007812,0.002598143844267919,0.0026787719871856166,8.062814291769776e-05,8.062814291769776e-05,True,13.720224380493164,6.257141908019548,0.029045080998912454
HDFCBANK,2024-02-02,706.1816237651476,708.9824002114282,690.4062678183428,692.3692016601562,698.7064208984375,704.6475219726562,685.760986328125,688.7586059570312,702.040283203125,-0.013775678938028354,-0.01891868253698327,-0.005143003598954915,0.005143003598954915,True,14.324430465698242,6.474764052982209,0.025050896016182378
HDFCBANK,2024-02-05,692.2973590957444,695.1220972150085,686.5761145330804,691.7467651367188,694.8458862304688,704.0479125976562,689.541748046875,695.5135498046875,692.3692016601562,-0.0008989951054221182,0.004541432716810283,0.005440427822232401,0.005440427822232401,False,11.77761459350586,7.665901656000642,0.025610023993067443
HDFCBANK,2024-02-06,692.0819428119112,694.0687799185687,685.8818725644124,691.3876953125,691.3007202148438,700.7557373046875,686.6864624023438,692.9375610351562,691.7467651367188,-0.000519076983537151,0.0017214332736375684,0.0022405102571747193,0.0022405102571747193,False,14.135886192321777,7.256321262015263,0.025357314996654168
HDFCBANK,2024-02-07,695.6487048996299,696.0317420167268,683.0332015338389,684.6130981445312,693.4303588867188,703.8404541015625,688.9010009765625,697.0230712890625,691.3876953125,-0.009798550384826712,0.008150819019154468,0.01794936940398118,0.01794936940398118,False,15.939798355102539,4.521784254990052,0.02602015301818028
HDFCBANK,2024-02-08,684.5652392978377,688.9220089386799,670.5134342809237,671.7343139648438,687.4032592773438,693.8519287109375,680.80322265625,684.5816650390625,684.6130981445312,-0.0188117700560976,-4.591367818398654e-05,0.018765856377913614,0.018765856377913614,True,14.472875595092773,5.211973758006934,0.03354971398948692
HDFCBANK,2024-02-09,666.515758652701,677.0725401801844,664.0500959229506,671.9976196289062,677.3118896484375,682.89306640625,669.5076293945312,672.2431030273438,671.7343139648438,0.000391978880025296,0.0007574260416993202,0.0003654471616740242,0.0003654471616740242,True,15.253958702087402,5.106618001998868,0.03393791301641613
HDFCBANK,2024-02-12,670.1065656569043,676.809306881893,662.3026364247897,665.4864501953125,673.2481689453125,679.269287109375,651.4940185546875,664.796875,671.9976196289062,-0.009689274550093465,-0.010715431749420004,-0.0010261571993265394,0.0010261571993265394,True,13.580692291259766,6.0003333410131745,0.025284464994911104
HDFCBANK,2024-02-13,666.4199643535106,672.3566891768745,662.7813454112104,667.6168823242188,670.1800537109375,677.9553833007812,665.3687133789062,669.81298828125,665.4864501953125,0.003201315561392712,0.006501316570258811,0.0033000010088660987,0.0033000010088660987,True,12.700033187866211,7.081494037003722,0.025454104994423687
HDFCBANK,2024-02-14,658.7837177497752,666.2046099191948,652.8230890297091,662.6378173828125,666.9378662109375,673.6201782226562,659.8118286132812,663.224853515625,667.6168823242188,-0.0074579673960195585,-0.006578666485040777,0.0008793009109787815,0.0008793009109787815,True,12.606725692749023,7.019393831025809,0.029950166994240135
HDFCBANK,2024-02-15,663.0925826953933,677.6949825309235,662.7813723217212,677.0007934570312,659.728759765625,666.5552368164062,652.4366455078125,656.3550415039062,662.6378173828125,0.02167545482228509,-0.009481462895856165,-0.031156917718141254,0.031156917718141254,False,11.621928215026855,6.4168524790147785,0.02527394497883506
HDFCBANK,2024-02-16,681.7166435513678,683.5359238875297,674.31965507416,679.8015747070312,679.370361328125,687.6728515625,676.1602172851562,681.0634155273438,677.0007934570312,0.004137042787938422,0.006000911829906669,0.0018638690419682472,0.0018638690419682472,True,12.832681655883789,8.36206500598928,0.025402775005204603
HDFCBANK,2024-02-19,684.1583399970523,684.1583399970523,677.5513291516161,678.4609985351562,686.5820922851562,692.6163330078125,674.4570922851562,675.4584350585938,679.8015747070312,-0.001972010983429595,-0.006388834345241446,-0.004416823361811852,0.004416823361811852,True,12.345211029052734,5.938445803010836,0.03028635701048188
HDFCBANK,2024-02-20,677.4555450204665,697.6834579371554,675.9235134549672,696.2711181640625,674.2852172851562,678.1607666015625,662.1771240234375,664.7825927734375,678.4609985351562,0.02625076410782568,-0.020160931566075818,-0.04641169567390149,0.04641169567390149,False,12.485361099243164,5.570521772984648,0.03592560501419939
HDFCBANK,2024-02-21,700.9151133163471,700.9151133163471,687.0308658531135,689.0177612304688,688.2731323242188,695.1098022460938,683.0924072265625,687.8287353515625,696.2711181640625,-0.010417431865793175,-0.01212513716605249,-0.001707705300259316,0.001707705300259316,True,12.957763671875,5.21748928699526,0.025572344020474702
HDFCBANK,2024-02-22,678.7721678686664,684.0625685726841,676.1149866485335,679.6339721679688,691.8793334960938,695.93359375,684.3634033203125,687.1170654296875,689.0177612304688,-0.013619081525187603,-0.002758558498386065,0.010860523026801539,0.010860523026801539,True,13.992130279541016,4.741500651987735,0.02545155500411056
HDFCBANK,2024-02-23,681.0702888003248,686.5042847124961,678.8918747107963,680.1366577148438,679.381103515625,686.6671142578125,674.0599365234375,679.509521484375,679.6339721679688,0.0007396415827647347,-0.00018311427722890892,-0.0009227558599936436,0.0009227558599936436,False,13.607475280761719,6.485728630999802,0.025297255982877687
HDFCBANK,2024-02-26,676.7614094932516,686.9591159463556,676.7614094932516,680.9506225585938,674.9830322265625,696.7265625,667.8699340820312,675.6258544921875,680.1366577148438,0.0011967666122934745,-0.006632201295857021,-0.007828967908150495,0.007828967908150495,False,14.601823806762695,5.3079670180159155,0.0254957549914252
HDFCBANK,2024-02-27,676.7614127525852,683.0571548064959,676.5220291476985,679.9212646484375,676.6129760742188,683.623291015625,671.8605346679688,676.7844848632812,680.9506225585938,-0.0015116483869102811,-0.006118120106357663,-0.004606471719447381,0.004606471719447381,True,15.271602630615234,5.8000474019791,0.024881277000531554
HDFCBANK,2024-02-28,679.9212222820232,681.8601942948292,672.1891206373224,674.7744750976562,675.949951171875,682.6604614257812,670.6499633789062,675.0125122070312,679.9212646484375,-0.007569684636121018,-0.007219589526949693,0.0003500951091713247,0.0003500951091713247,True,15.116878509521484,5.670876587013481,0.024880665994714946
HDFCBANK,2024-02-29,671.2794957514693,675.2532869853846,668.9814482015562,671.9019165039062,674.3974609375,680.4300537109375,670.6591796875,674.6550903320312,674.7744750976562,-0.004257064693109903,-0.00017692543217157425,0.004080139260938329,0.004080139260938329,True,15.055500030517578,5.793384068005253,0.03308603502227925
HDFCBANK,2024-03-01,670.2740637422462,685.9536891619308,670.2740637422462,684.9961547851562,671.8641967773438,678.0977172851562,668.9293823242188,673.0010986328125,671.9019165039062,0.019488318100628416,0.0016359264676987413,-0.017852391632929676,0.017852391632929676,True,14.52492904663086,5.540942474006442,0.025135995005257428
HDFCBANK,2024-03-04,685.0918449690896,687.9884096675396,681.9080901062357,685.9296875,685.96728515625,696.4030151367188,685.5918579101562,693.6341552734375,684.9961547851562,0.0013628291317000828,0.012610290478185958,0.011247461346485875,0.011247461346485875,True,14.647912979125977,5.459749008005019,0.02486743699409999
HDFCBANK,2024-03-05,680.8069758120575,690.8610872691976,680.6394189764245,689.8317260742188,690.0558471679688,685.7274169921875,670.0123291015625,665.8889770507812,685.9296875,0.005688685947448148,-0.029216858250093965,-0.03490554419754211,0.03490554419754211,False,14.331320762634277,5.05657807001262,0.02920918000745587
HDFCBANK,2024-03-06,686.3367475409569,695.576919496979,686.3367475409569,690.6695556640625,690.493896484375,697.2669677734375,689.9381103515625,694.55029296875,689.8317260742188,0.0012145419791168147,0.0068401708941168374,0.0056256289150000225,0.0056256289150000225,True,14.276485443115234,4.938545762008289,0.025292734993854538
HDFCBANK,2024-03-07,692.0579662212759,694.7151474764962,690.0950324505662,692.34521484375,683.7056884765625,704.8896484375,681.0365600585938,688.4452514648438,690.6695556640625,0.0024261373126203503,-0.003220504191878175,-0.005646641504498525,0.005646641504498525,False,14.238229751586914,4.4929711729928385,0.03494518902152777
HDFCBANK,2024-03-11,684.6371268147891,692.2734406211868,681.2857562639475,683.5838623046875,690.7041625976562,696.8825073242188,688.2952880859375,692.5917358398438,692.34521484375,-0.012654601131373143,0.0003560665847158132,0.013010667716088956,0.013010667716088956,False,14.636280059814453,5.817218156997114,0.03422350197797641
HDFCBANK,2024-03-12,686.5521430195154,700.9151585638567,684.2779988916614,698.78466796875,683.3540649414062,689.5439453125,679.902587890625,684.5191650390625,683.5838623046875,0.022236928784148485,0.0013682340762428886,-0.020868694707905595,0.020868694707905595,True,14.016316413879395,6.878655988024548,0.02492606599116698
HDFCBANK,2024-03-13,701.6333514911945,704.553819805337,694.260324713518,699.191650390625,698.3204345703125,701.45654296875,696.9196166992188,697.6854248046875,698.78466796875,0.00058241464149182,-0.0015730785382824953,-0.0021554931797743153,0.0021554931797743153,False,15.331798553466797,7.526299839024432,0.024906157021177933
HDFCBANK,2024-03-14,700.0055299615263,701.8727337796063,691.4835086418929,696.8217163085938,699.09228515625,702.5452880859375,693.7430419921875,697.4581298828125,699.191650390625,-0.0033895343010849933,-0.002479320951335754,0.0009102133497492395,0.0009102133497492395,True,13.429957389831543,9.254452869994566,0.024831367016304284
HDFCBANK,2024-03-15,694.2124563732988,698.665014815619,690.5020104857863,695.481201171875,695.35888671875,698.4466552734375,690.6381225585938,693.0521850585938,696.8217163085938,-0.0019237562569377371,-0.005409606448503148,-0.0034858501915654106,0.0034858501915654106,True,12.268148422241211,5.074592702003429,0.03361657401546836
HDFCBANK,2024-03-18,692.7761555716247,697.0850604784281,687.413986176019,692.3213500976562,690.181640625,689.5072631835938,678.7261352539062,678.0994262695312,695.481201171875,-0.004543402566301505,-0.024992443897916623,-0.02044904133161512,0.02044904133161512,True,13.997589111328125,6.403813557990361,0.024941815994679928
HDFCBANK,2024-03-19,687.2702704859524,695.3614473234808,687.2702704859524,693.9011840820312,691.2852783203125,693.9988403320312,685.6697998046875,688.6509399414062,692.3213500976562,0.002281937403999103,-0.005301598969513602,-0.007583536373512705,0.007583536373512705,False,14.118154525756836,6.592756388999987,0.03392673301277682
HDFCBANK,2024-03-20,693.757641226056,695.002424269405,682.0757097447741,685.1398315429688,690.5181884765625,699.1944580078125,687.095703125,696.1297607421875,693.9011840820312,-0.012626225088018807,0.0032116628581697207,0.01583788794618853,0.01583788794618853,False,15.13058090209961,5.78756074901321,0.024790706986095756
HDFCBANK,2024-03-21,690.6695449843953,694.8108929167894,688.6108811083764,692.1776733398438,685.178466796875,688.8931274414062,674.61279296875,678.4783325195312,685.1398315429688,0.010272124715075217,-0.009722831335663954,-0.01999495605073917,0.01999495605073917,False,13.704259872436523,7.327902124001412,0.025660722982138395
HDFCBANK,2024-03-22,689.9034770136652,694.5714568199686,688.3474837448974,690.7891845703125,691.367431640625,692.21630859375,687.9176635742188,690.8831176757812,692.1776733398438,-0.002005971621175844,-0.001870264982422948,0.00013570663875289582,0.00013570663875289582,True,14.82384204864502,6.024938708986156,0.02574661301332526
HDFCBANK,2024-03-26,683.2964992802526,688.4432464905726,680.8787600753138,682.4347534179688,691.4534912109375,694.7037963867188,687.7920532226562,690.101318359375,690.7891845703125,-0.012094038729833919,-0.0009957686459225173,0.0110982700839114,0.0110982700839114,True,14.589347839355469,2.8141262179997284,0.02563331401324831
HDFCBANK,2024-03-27,681.5490768981103,693.2309499256703,680.4478889511747,689.7598876953125,680.8204345703125,685.2546997070312,677.3433227539062,679.6298828125,682.4347534179688,0.010733823622926407,-0.004110093443249452,-0.014843917066175858,0.014843917066175858,False,15.039566040039062,6.366991505987244,0.02549399499548599
HDFCBANK,2024-03-28,689.75981165874,699.2394246339555,689.75981165874,693.2069702148438,687.8760986328125,691.180908203125,679.3878173828125,681.6343383789062,689.7598876953125,0.004997510845475446,-0.011780257827917572,-0.016777768673393017,0.016777768673393017,False,14.9072265625,3.521725205006078,0.02566565401502885
HDFCBANK,2024-04-01,698.0425707036562,705.6071157662267,696.8935177463561,704.0271606445312,694.8723754882812,700.2913208007812,694.9699096679688,696.1441040039062,693.2069702148438,0.015608888679140124,0.004237022873777801,-0.011371865805362324,0.011371865805362324,True,14.416955947875977,6.45654332099366,0.026117232016986236
HDFCBANK,2024-04-02,701.4657698820595,715.685132245699,700.5561005197442,708.6472778320312,702.8395385742188,705.4435424804688,695.722900390625,699.3213500976562,704.0271606445312,0.006562413278587604,-0.00668413210445868,-0.013246545383046284,0.013246545383046284,False,13.800201416015625,4.20084946899442,0.026687559991842136
HDFCBANK,2024-04-03,704.793175292623,716.0681660997278,704.4580616337976,709.6766357421875,711.1915893554688,713.961181640625,706.0095825195312,709.1937866210938,708.6472778320312,0.0014525673665259403,0.0007712000118513649,-0.0006813673546745754,0.0006813673546745754,True,14.244035720825195,6.682786011981079,0.034102351986803114
HDFCBANK,2024-04-04,720.065912216293,732.5138601668406,720.065912216293,731.3648071289062,710.590087890625,714.2322998046875,705.7427978515625,709.161865234375,709.6766357421875,0.030560638880321917,-0.0007253592437549356,-0.031285998124076855,0.031285998124076855,False,13.903982162475586,7.288342362007825,0.02552456400007941
HDFCBANK,2024-04-05,736.8227010597361,744.2435924609226,732.5856231419043,741.8737182617188,730.4990234375,736.3560791015625,720.5703125,726.1878051757812,731.3648071289062,0.014368904588213606,-0.0070785494498267956,-0.021447454038040402,0.021447454038040402,False,11.716707229614258,6.603279000992188,0.025428624008782208
HDFCBANK,2024-04-08,744.4589979472738,745.5601858308615,738.0435645348342,740.4613037109375,735.3465576171875,741.5209350585938,729.5753173828125,735.3004760742188,741.8737182617188,-0.001903847671124774,-0.008860324912037235,-0.006956477240912461,0.006956477240912461,True,13.961051940917969,4.0733979560027365,0.03242890801629983
HDFCBANK,2024-04-09,744.4112180229864,744.4112180229864,737.4451898723626,741.39501953125,735.012939453125,741.618408203125,728.2227783203125,732.7240600585938,740.4613037109375,0.0012609920540520311,-0.01044922079461458,-0.01171021284866661,0.01171021284866661,False,14.529855728149414,7.788718094991054,0.025607863994082436
HDFCBANK,2024-04-10,742.041335404094,742.041335404094,733.9261958559255,735.5540161132812,738.6417236328125,746.7622680664062,731.9568481445312,736.2981567382812,741.39501953125,-0.007878395813424467,-0.006874692517075799,0.0010037032963486677,0.0010037032963486677,True,13.366312026977539,7.846749317017384,0.03472433000570163
HDFCBANK,2024-04-12,728.2048847735614,732.4419626511461,724.5901691674342,727.223388671875,734.8262939453125,738.1242065429688,730.128173828125,734.8355712890625,735.5540161132812,-0.011325650134338014,-0.0009767397206462995,0.010348910413691716,0.010348910413691716,True,13.438011169433594,7.959331235004356,0.03287683700909838
HDFCBANK,2024-04-15,716.9778756204448,722.9385041482021,714.3446559033487,715.6133422851562,726.7459106445312,730.2557373046875,722.9774780273438,726.4802856445312,727.223388671875,-0.015964896849539077,-0.0010218359845396005,0.014943060864999476,0.014943060864999476,True,13.175307273864746,5.398221989016747,0.02604726198478602
HDFCBANK,2024-04-16,711.9268363888184,724.3269187314523,709.6526921569106,722.5794067382812,716.2947998046875,723.74072265625,715.15380859375,719.6148071289062,715.6133422851562,0.009734397112944236,0.0055916576834246666,-0.0041427394295195695,0.0041427394295195695,True,11.806831359863281,6.13603036198765,0.025972903007641435
HDFCBANK,2024-04-18,722.8427740812498,727.1755823679675,713.8658886820585,715.6133422851562,722.9730834960938,728.9027099609375,720.7824096679688,727.2129516601562,722.5794067382812,-0.00964055214992878,0.006412506194704319,0.0160530583446331,0.0160530583446331,False,14.715277671813965,7.918169520009542,0.026271190989064053
HDFCBANK,2024-04-19,711.7113984519393,734.8836839791993,708.6951417404246,733.13623046875,712.7672729492188,715.576171875,707.132080078125,711.02978515625,715.6133422851562,0.024486530851476583,-0.006405075000795336,-0.03089160585227192,0.03089160585227192,False,11.621753692626953,7.926776388019789,0.02547040398349054
HDFCBANK,2024-04-22,745.6320734709891,745.6320734709891,722.124614867159,723.9917602539062,730.7406616210938,737.9185791015625,727.1307373046875,735.1901245117188,733.13623046875,-0.012473084584834924,0.002801517586513953,0.015274602171348878,0.015274602171348878,False,13.946329116821289,8.035634091007523,0.02606642199680209
HDFCBANK,2024-04-23,730.7424105369589,730.838140600938,719.7068030516607,721.7894287109375,726.2670288085938,732.4713134765625,720.5638427734375,725.0146484375,723.9917602539062,-0.0030419290161484507,0.0014128450622628906,0.0044547740784113415,0.0044547740784113415,False,14.434579849243164,7.000441932003014,0.025519283983157948
HDFCBANK,2024-04-24,725.332274400053,728.5639528503503,722.4836330693169,723.7523193359375,718.6386108398438,721.7088623046875,713.925537109375,717.0219116210938,721.7894287109375,0.0027194782119566055,-0.006605135653424826,-0.009324613865381432,0.009324613865381432,False,16.279584884643555,0.5254345090070274,0.025278134999098256
HDFCBANK,2024-04-25,721.1430939897369,727.5824894434112,721.1430939897369,723.2975463867188,720.6235961914062,732.1427612304688,712.09814453125,715.1156005859375,723.7523193359375,-0.0006283543928895683,-0.011933251914031067,-0.0113048975211415,0.0113048975211415,True,16.06879997253418,0.8803742290183436,0.030773364007472992
HDFCBANK,2024-04-26,727.630384206722,731.5562517090086,720.807951885483,722.8427124023438,724.0612182617188,730.2320556640625,718.0047607421875,720.846923828125,723.2975463867188,-0.0006288338549565854,-0.0033881250819057782,-0.0027592912269491926,0.0027592912269491926,True,14.059669494628906,8.219123034999939,0.0299951070046518
HDFCBANK,2024-04-29,725.332350292873,734.6443494985349,721.286790594288,732.2744750976562,721.7094116210938,736.2017822265625,719.1123657226562,733.37939453125,722.8427124023438,0.013048153538086246,0.014576728724134102,0.0015285751860478567,0.0015285751860478567,True,13.101865768432617,5.2101420650142245,0.0260095419944264
HDFCBANK,2024-04-30,732.1307565147657,737.0620819015442,725.2844208297038,727.7739868164062,733.2293090820312,741.3764038085938,732.1603393554688,736.6708984375,732.2744750976562,-0.006145903529752029,0.006003791596392107,0.012149695126144135,0.012149695126144135,False,14.642999649047852,5.615786862996174,0.033443635009462014
HDFCBANK,2024-05-02,728.6837005042626,735.8652087221101,727.8937229116466,733.591064453125,724.3370361328125,734.2001342773438,721.0630493164062,731.931884765625,727.7739868164062,0.007992972738920126,0.005713171979953789,-0.002279800758966337,0.002279800758966337,True,15.396577835083008,6.652892094018171,0.025545044016325846
HDFCBANK,2024-05-03,734.0697907360874,737.5887178779653,721.5978821158841,727.5346069335938,736.4485473632812,743.9915161132812,732.8981323242188,739.8248901367188,733.591064453125,-0.008255904158328588,0.008497684862397992,0.01675358902072658,0.01675358902072658,False,14.347452163696289,8.104003383021336,0.03448025102261454
HDFCBANK,2024-05-06,728.6836626849343,734.6682525558684,726.361653503664,728.994873046875,725.9071655273438,734.6873168945312,721.3865966796875,731.5828857421875,727.5346069335938,0.0020071431645512596,0.0055643797147415415,0.003557236550190282,0.003557236550190282,True,15.28750228881836,5.351392913988093,0.03599686498637311
HDFCBANK,2024-05-07,728.6597013791286,729.6651592326485,720.1376804638342,721.09521484375,729.073974609375,735.0394287109375,725.35498046875,731.6819458007812,728.994873046875,-0.010836370042093623,0.003685996778928607,0.014522366821022231,0.014522366821022231,False,13.884424209594727,3.737978913995903,0.033523584017530084
HDFCBANK,2024-05-08,716.2117457291306,716.6905129132654,708.7429893452799,709.8441772460938,719.9921875,734.4146728515625,715.0599975585938,722.0379028320312,721.09521484375,-0.015602707334695284,0.001307300296654327,0.01691000763134961,0.01691000763134961,False,14.066864013671875,6.154081474989653,0.025892963021760806
HDFCBANK,2024-05-09,706.1576388307392,711.8071150125822,691.9622384959757,693.0155029296875,701.576904296875,713.4630126953125,694.3177490234375,710.7989501953125,709.8441772460938,-0.02370756125900004,0.0013450458281180529,0.02505260708711809,0.02505260708711809,False,13.500258445739746,6.76255263297935,0.02555191400460899
HDFCBANK,2024-05-10,698.353892008822,704.6385680353703,692.4331947307146,697.820068359375,694.3007202148438,702.5558471679688,690.2159423828125,693.85791015625,693.0155029296875,0.006932839755209582,0.0012155676503646262,-0.005717272104844956,0.005717272104844956,True,12.89967155456543,7.84699617701699,0.025749073014594615
HDFCBANK,2024-05-13,694.956710818051,708.4482125597933,694.1317160729689,706.2400512695312,696.9924926757812,702.5291137695312,691.4581909179688,695.125,697.820068359375,0.012066123191257931,-0.0038621250399279846,-0.015928248231185917,0.015928248231185917,False,12.61442756652832,6.081736055988586,0.025559333997080103
HDFCBANK,2024-05-14,704.7841569928967,711.2144479759614,703.8378359787137,709.0062866210938,710.6170654296875,714.1641845703125,690.6422729492188,697.1243286132812,706.2400512695312,0.003916848593604878,-0.012907399742996241,-0.01682424833660112,0.01682424833660112,False,13.461034774780273,7.25393273102236,0.025387745001353323
HDFCBANK,2024-05-15,708.3995858863757,708.3995858863757,696.8008453990276,698.1111450195312,712.028564453125,716.8468017578125,710.9696044921875,712.494140625,709.0062866210938,-0.01536677714591982,0.004919355539889909,0.020286132685809727,0.020286132685809727,False,15.149624824523926,5.081384237011662,0.025570544006768614
HDFCBANK,2024-05-16,701.7752582341244,709.782790041372,696.655267230535,708.6665649414062,697.3131103515625,701.6992797851562,694.3803100585938,696.3213500976562,698.1111450195312,0.015119970504954033,-0.002563767867973124,-0.01768373837292716,0.01768373837292716,False,12.83324146270752,7.527691513998434,0.02564322401303798
HDFCBANK,2024-05-17,701.8480628860959,712.4277355160416,701.8480628860959,710.5350341796875,704.87060546875,710.1637573242188,700.9252319335938,706.8623046875,708.6665649414062,0.0026365985510205894,-0.002545993197880627,-0.0051825917489012165,0.0051825917489012165,False,13.323394775390625,6.195736768015195,0.03428740199888125
HDFCBANK,2024-05-21,703.7407626513565,713.2527287219871,703.7407626513565,707.9629516601562,710.2671508789062,714.0279541015625,707.7628173828125,709.673583984375,710.5350341796875,-0.0036199235728055527,-0.0012123965094937845,0.002407527063311768,0.002407527063311768,True,11.918275833129883,6.57176397900912,0.025556914013577625
HDFCBANK,2024-05-22,707.5018935449791,711.2630073542172,702.7944586673697,708.1570434570312,703.2000122070312,712.2316284179688,691.6728515625,710.3237915039062,707.9629516601562,0.0002741553020816405,0.0033346940517351748,0.0030605387496535344,0.0030605387496535344,True,15.748632431030273,4.408893708983669,0.025959182006772608
HDFCBANK,2024-05-23,707.8901303438163,725.8464148427264,707.1136542137513,724.3662109375,706.8434448242188,730.78466796875,707.5718994140625,718.5487060546875,708.1570434570312,0.022889227227536956,0.014674234611756402,-0.008214992615780554,0.008214992615780554,True,13.888059616088867,5.257733585021924,0.03328991599846631
HDFCBANK,2024-05-24,721.8911533778286,737.6150464828621,721.1631959122375,736.3046875,718.3939819335938,722.1004028320312,717.2034912109375,720.7222900390625,724.3662109375,0.016481272017159397,-0.005030495408836658,-0.021511767425996055,0.021511767425996055,False,15.127914428710938,7.2053271630138624,0.025921683001797646
HDFCBANK,2024-05-27,739.2893866819511,749.7962521608212,737.2026106511589,741.4004516601562,732.0811767578125,740.0594482421875,727.5016479492188,735.79638671875,736.3046875,0.0069207275828408335,-0.0006903402760830583,-0.007611067858923892,0.007611067858923892,False,13.453224182128906,7.155633629008662,0.026634000008925796
HDFCBANK,2024-05-28,742.5651435020584,745.4527436990592,739.9930626339711,742.75927734375,733.92578125,742.7645263671875,727.7219848632812,729.6472778320312,741.4004516601562,0.0018327823790112953,-0.015852666129090018,-0.017685448508101314,0.017685448508101314,False,14.062456130981445,7.072883788991021,0.025587913987692446
HDFCBANK,2024-05-29,736.6929693394153,739.5319916615282,728.5641108173895,731.9855346679688,737.265625,756.40625,736.7424926757812,743.2716064453125,742.75927734375,-0.014505026062158692,0.0006897646615666483,0.01519479072372534,0.01519479072372534,False,15.515462875366211,2.9210000569873955,0.02544288500212133
HDFCBANK,2024-05-30,727.569210732381,739.4106642295702,726.8170235494816,735.1642456054688,731.0762939453125,736.550537109375,727.9315795898438,733.5299682617188,731.9855346679688,0.004342587096262599,0.0021099236536833484,-0.0022326634425792503,0.0022326634425792503,True,12.254219055175781,9.214746628014836,0.026143282011616975
HDFCBANK,2024-05-31,737.1781981815107,745.4283820979595,734.7516735002022,743.268798828125,732.9467163085938,733.7767944335938,728.972412109375,730.1127319335938,735.1642456054688,0.01102413953222314,-0.006871272238919426,-0.017895411771142566,0.017895411771142566,False,12.841255187988281,7.502209319995018,0.026079031988047063
HDFCBANK,2024-06-03,776.0027190964964,776.0027190964964,752.2227733580797,762.9965209960938,738.3189697265625,744.8226928710938,737.7005615234375,745.3701782226562,743.268798828125,0.02654184085094446,0.002827213247541657,-0.023714627603402805,0.023714627603402805,True,12.466197967529297,6.88576095100143,0.02604181200149469
HDFCBANK,2024-06-04,755.6197870528846,756.5903969270694,705.6333785323662,719.780029296875,764.93359375,766.8375244140625,729.648681640625,751.8787231445312,762.9965209960938,-0.05664048329184977,-0.014571230071990616,0.04206925321985916,0.04206925321985916,True,15.845815658569336,1.32269775000168,0.0254898949933704
HDFCBANK,2024-06-05,725.06989130594,756.8815955434779,719.3917877908412,753.0962524414062,722.1129150390625,729.1390991210938,720.330078125,725.640869140625,719.780029296875,0.04628667341198195,0.008142543006472722,-0.03814413040550923,0.03814413040550923,True,14.239373207092285,7.129824125993764,0.03369943401776254
HDFCBANK,2024-06-06,759.4537360573207,759.7206182378197,750.5726316827747,756.9301147460938,760.5518188476562,762.976318359375,745.7598876953125,749.7869262695312,753.0962524414062,0.005090799870878111,-0.0043942937720732825,-0.009485093642951394,0.009485093642951394,False,14.344549179077148,5.843698489014059,0.0255597640061751
HDFCBANK,2024-06-07,757.585349822155,768.8929201187634,753.2176050765474,763.5545654296875,761.6372680664062,759.54931640625,735.8680419921875,740.0933837890625,756.9301147460938,0.008751733554445603,-0.02224344180397552,-0.030995175358421126,0.030995175358421126,False,12.5654296875,7.503758093982469,0.025620683998567984
HDFCBANK,2024-06-10,763.8700143938665,767.0973042572016,755.9110011249785,757.7066650390625,764.9693603515625,768.5278930664062,756.572265625,764.1715087890625,763.5545654296875,-0.007658785181035642,0.0008079885672975021,0.008466773748333144,0.008466773748333144,False,12.825196266174316,6.321283988014329,0.026037731993710622
HDFCBANK,2024-06-11,755.1345658211561,762.4141406844706,753.2903831592504,759.4052734375,765.6307373046875,770.1651000976562,758.5784912109375,765.9317626953125,757.7066650390625,0.002241775711910797,0.010855253141828924,0.008613477429918127,0.008613477429918127,True,12.778955459594727,10.372804515995085,0.025934103003237396
HDFCBANK,2024-06-12,764.3553074238586,770.8098870497467,760.1816966411113,763.9428100585938,758.1851196289062,764.837646484375,746.0646362304688,749.7678833007812,759.4052734375,0.0059751186616788686,-0.012690707417785557,-0.018665826079464425,0.018665826079464425,False,13.829032897949219,7.802964492002502,0.029661369015229866
HDFCBANK,2024-06-13,767.6311790204475,769.5481100621035,763.8700652936205,767.1458740234375,774.4532470703125,775.6920166015625,760.8482666015625,764.7607421875,763.9428100585938,0.004192805957029791,0.0010706719379210013,-0.00312213401910879,0.00312213401910879,True,12.084569931030273,9.859959219000302,0.025378065009135753
HDFCBANK,2024-06-14,768.7230139877487,776.0025879838448,765.6655692128584,774.9834594726562,769.7880859375,770.9933471679688,741.9979858398438,751.717529296875,767.1458740234375,0.010216551655440826,-0.020111357238546707,-0.03032790889398753,0.03032790889398753,False,14.389252662658691,7.079355305002537,0.03457461099606007
HDFCBANK,2024-06-18,774.983540294414,781.5836762242601,771.3679826211641,780.2733764648438,775.0717163085938,779.3917236328125,768.5453491210938,775.294189453125,774.9834594726562,0.006825845026146838,0.00040095046761409427,-0.006424894558532744,0.006424894558532744,True,12.72869873046875,6.214548007003032,0.025483105011517182
HDFCBANK,2024-06-19,782.9910830915752,810.4108150397882,778.4292043351105,804.5628662109375,778.7531127929688,782.2119140625,770.297119140625,777.2449951171875,780.2733764648438,0.03112946113340591,-0.00388117990309605,-0.035010641036501956,0.035010641036501956,False,13.616043090820312,6.8700059600232635,0.025867843010928482
HDFCBANK,2024-06-20,810.3622215983705,816.0159768197282,801.7237698729426,810.143798828125,797.292724609375,806.8439331054688,782.3543701171875,795.0393676757812,804.5628662109375,0.006936602286246095,-0.011836860654540092,-0.018773462940786186,0.018773462940786186,False,12.161314010620117,6.659919667989016,0.02545574400573969
HDFCBANK,2024-06-21,811.8423818466847,811.8423818466847,797.4288483846301,808.396728515625,803.7208862304688,811.8572387695312,792.9669189453125,802.6134033203125,810.143798828125,-0.0021564940878732166,-0.009295134417748104,-0.007138640329874887,0.007138640329874887,True,12.783222198486328,6.808898632996716,0.026100221992237493
HDFCBANK,2024-06-24,799.2972656586157,812.9343231272944,798.6906344612428,811.6240234375,802.0502319335938,805.6297607421875,792.7625732421875,800.9188842773438,808.396728515625,0.003992216702560074,-0.00925021585875544,-0.013242432561315513,0.013242432561315513,False,13.371788024902344,6.767590574017959,0.025531134975608438
HDFCBANK,2024-06-25,810.9931467609703,833.2443684249017,810.9931467609703,830.5266723632812,806.4993286132812,814.3401489257812,800.2064208984375,811.0234375,811.6240234375,0.02328990811006578,-0.0007399804837667533,-0.024029888593832534,0.024029888593832534,False,13.494036674499512,6.062628736981424,0.037125061004189774
HDFCBANK,2024-06-26,828.8765922572081,830.3082774504516,820.699215435536,825.7463989257812,831.0859985351562,842.0250244140625,823.9574584960938,837.73974609375,830.5266723632812,-0.005755713328143491,0.008684939292730716,0.014440652620874206,0.014440652620874206,False,11.996077537536621,6.68194396502804,0.025525593984639272
HDFCBANK,2024-06-27,823.1257354693937,831.3274011881083,818.5153383232833,823.1500244140625,829.89599609375,831.7975463867188,818.6172485351562,824.5193481445312,825.7463989257812,-0.0031442759121885246,-0.0014859898666785326,0.001658286045509992,0.001658286045509992,True,13.617827415466309,5.580994643998565,0.026086362020578235
HDFCBANK,2024-06-28,823.8536668700472,828.2214113967111,814.8270066965403,817.156494140625,824.6464233398438,831.5236206054688,819.0345458984375,829.971435546875,823.1500244140625,-0.007281212531948639,0.008286959764920302,0.01556817229686894,0.01556817229686894,False,12.863763809204102,6.3447786690085195,0.025708503992063925
HDFCBANK,2024-07-01,815.3123910533884,828.5612411045389,815.3123910533884,827.5420532226562,822.9985961914062,835.3984985351562,818.2299194335938,831.8672485351562,817.156494140625,0.012709388172890164,0.018002371026864368,0.005292982853974204,0.005292982853974204,True,14.431278228759766,6.2120165080123115,0.03407133198925294
HDFCBANK,2024-07-02,832.2980286836319,841.9556094944659,826.353042764463,839.8687744140625,819.8887939453125,825.5872802734375,810.4017944335938,820.6085205078125,827.5420532226562,0.014895582820719391,-0.008378465707987691,-0.023274048528707084,0.023274048528707084,False,13.184030532836914,5.7375851460092235,0.026053671987028793
HDFCBANK,2024-07-03,869.1812719096245,870.6371869379487,856.3934967591092,858.334716796875,835.4693603515625,845.6015625,829.6365356445312,843.15087890625,839.8687744140625,0.021986699524214757,0.003907877744921844,-0.018078821779292913,0.018078821779292913,True,14.76009750366211,4.760109830996953,0.02537778500118293
HDFCBANK,2024-07-04,854.0154497500956,854.0154497500956,837.0782938778042,838.1945190429688,862.7630004882812,865.8423461914062,855.5249633789062,861.5447998046875,858.334716796875,-0.023464270243041364,0.0037398965054004293,0.027204166748441793,0.027204166748441793,False,12.940410614013672,7.862534618994687,0.02602219200343825
HDFCBANK,2024-07-05,817.7388811097651,817.7388811097651,796.9678045280713,799.8311157226562,837.5554809570312,843.6236572265625,824.9607543945312,833.7750244140625,838.1945190429688,-0.04576909350840775,-0.005272636039128874,0.04049645746927888,0.04049645746927888,True,13.865928649902344,5.592218150995905,0.026104521995875984
HDFCBANK,2024-07-08,798.4723137874327,803.1554594894733,789.6640164804963,793.6434936523438,792.037109375,798.7232666015625,783.0208740234375,789.5562744140625,799.8311157226562,-0.007736160732784089,-0.012846263550662589,-0.005110102817878499,0.005110102817878499,True,13.352006912231445,6.996449105994543,0.03549776700674556
HDFCBANK,2024-07-09,788.6205312494033,799.1516248009418,786.363851419409,794.2015380859375,793.2047729492188,800.8132934570312,784.5072021484375,793.9837036132812,793.6434936523438,0.000703142453831042,0.0004286684936732176,-0.0002744739601578244,0.0002744739601578244,True,13.872307777404785,5.6354363890131935,0.02542113498202525
HDFCBANK,2024-07-10,791.0228312767126,795.9001700396465,786.5580491413152,789.1544189453125,785.7073364257812,789.2570190429688,775.9356689453125,782.23876953125,794.2015380859375,-0.006354960168912277,-0.015062635843690666,-0.008707675674778387,0.008707675674778387,True,12.276800155639648,5.869206593022682,0.02632936098962091
HDFCBANK,2024-07-11,788.1109895551602,789.0330808548738,776.973264088155,787.1161499023438,787.8115844726562,792.8828735351562,781.4874877929688,788.2797241210938,789.1544189453125,-0.002582851966656731,-0.0011083950152465222,0.0014744569514102087,0.0014744569514102087,True,11.444038391113281,5.98149523200118,0.02550027400138788
HDFCBANK,2024-07-12,787.1646437212287,795.1236568993513,781.8990967628511,787.5043334960938,786.7166748046875,785.0955200195312,767.7776489257812,769.42578125,787.1161499023438,0.0004931719337713517,-0.022474915112005472,-0.022968087045776825,0.022968087045776825,False,12.361741065979004,4.684200515999692,0.02604471199447289
HDFCBANK,2024-07-15,787.8926346206944,790.9500796896383,783.8645795922547,787.2131958007812,778.836669921875,802.50537109375,776.27001953125,793.6466674804688,787.5043334960938,-0.00036969662632839863,0.007799746265657176,0.008169442891985575,0.008169442891985575,False,11.709632873535156,7.8770948840247,0.025502225005766377
HDFCBANK,2024-07-16,786.5580588939988,789.5912150674294,784.6411278889234,786.07275390625,790.0333251953125,794.0571899414062,788.5175170898438,792.2965087890625,787.2131958007812,-0.001448707796839142,0.0064573523607036635,0.007906060157542805,0.007906060157542805,False,13.67635440826416,4.207694362994516,0.03317149501526728
HDFCBANK,2024-07-18,780.3703737749313,788.1109641715035,776.0754367376819,783.6704711914062,785.4439086914062,801.9180908203125,782.0291137695312,792.2233276367188,786.07275390625,-0.0030560564564870484,0.007824433170981386,0.010880489627468435,0.010880489627468435,False,13.130455017089844,5.938186154002324,0.025355944992043078
HDFCBANK,2024-07-19,784.252891584584,787.6500266347647,778.1865789949754,780.03076171875,760.6480102539062,793.798095703125,757.3052368164062,775.4805908203125,783.6704711914062,-0.004644438710473341,-0.01045066858094418,-0.005806229870470839,0.005806229870470839,True,13.322077751159668,4.877326512010768,0.03315366600872949
HDFCBANK,2024-07-22,784.7381297391379,801.2384985771903,782.6270649860646,797.1376953125,777.442138671875,783.8065185546875,774.0860595703125,783.1719970703125,780.03076171875,0.02193110122484903,0.004027065989860426,-0.017904035234988604,0.017904035234988604,True,13.062713623046875,7.778671022999333,0.02565352397505194
HDFCBANK,2024-07-23,799.5642547535156,799.6855810002239,778.9145038672318,785.4176025390625,791.7573852539062,790.4993896484375,784.6143188476562,785.9994506835938,797.1376953125,-0.014702720549230707,-0.013972798795495112,0.0007299217537355945,0.0007299217537355945,True,13.265487670898438,5.66526416799752,0.025496184010989964
HDFCBANK,2024-07-24,780.4432298173384,786.6793870769927,770.6886113878456,778.4534912109375,782.1043090820312,784.07763671875,774.170654296875,777.9146118164062,785.4176025390625,-0.008866762478472262,-0.009552868051850278,-0.0006861055733780163,0.0006861055733780163,True,12.6918363571167,5.930867451999802,0.02560804400127381
HDFCBANK,2024-07-25,773.0908809941293,788.6206413154175,773.0908809941293,784.5440673828125,776.3037109375,781.3949584960938,767.1337890625,773.3685913085938,778.4534912109375,0.007823943550437026,-0.0065320535648620975,-0.014355997115299123,0.014355997115299123,False,13.819010734558105,7.852138906979235,0.025129076006123796
HDFCBANK,2024-07-26,778.9144923179402,787.0433507268658,774.7651110455088,785.2962646484375,777.7133178710938,780.7991333007812,771.541259765625,775.4381103515625,784.5440673828125,0.00095876993644765,-0.011606686494522704,-0.012565456430970354,0.012565456430970354,False,14.008968353271484,6.284650004992727,0.024994645995320752
HDFCBANK,2024-07-29,783.7675425920842,791.9449196556922,775.6629731237323,778.9387817382812,778.1094970703125,785.4512939453125,775.805419921875,780.5615234375,785.2962646484375,-0.008095648987968097,-0.006029241986853401,0.0020664070011146953,0.0020664070011146953,True,14.119755744934082,5.9025859179964755,0.036290204006945714
HDFCBANK,2024-07-30,777.4585786816452,793.3523167913979,776.0026637402938,784.0344848632812,772.57421875,788.5503540039062,743.447265625,773.8085327148438,778.9387817382812,0.006541853152603879,-0.006586203105703412,-0.013128056258307291,0.013128056258307291,False,14.05054759979248,7.199418034986593,0.026268471992807463
HDFCBANK,2024-07-31,783.2821860675673,790.0279366929944,780.9526986206498,784.1314697265625,785.10205078125,791.6073608398438,777.7349243164062,783.4921264648438,784.0344848632812,0.00012369974172521517,-0.0006917532441600137,-0.0008154529858852289,0.0008154529858852289,False,15.38554573059082,3.098215653008083,0.025563343981048092
HDFCBANK,2024-08-01,787.6014491725216,800.7774909815698,785.1991540216145,795.3178100585938,788.4232788085938,793.8308715820312,785.3180541992188,790.5430297851562,784.1314697265625,0.014265898977287675,0.008176639130208038,-0.006089259847079637,0.006089259847079637,True,14.108911514282227,5.227197900007013,0.033187494991580024
HDFCBANK,2024-08-02,791.5323792943032,810.7019249608421,791.5323792943032,805.1937255859375,798.023681640625,804.904052734375,794.6644287109375,801.38037109375,795.3178100585938,0.012417571192849508,0.007622815632293713,-0.004794755560555795,0.004794755560555795,True,13.474685668945312,5.446161889005452,0.025352364988066256
HDFCBANK,2024-08-05,795.9486333620303,798.8119444034794,776.9732217436031,784.1314697265625,802.9932861328125,809.7798461914062,798.29541015625,805.1067504882812,805.1937255859375,-0.026157997994890048,-0.00010801760482293679,0.02604998039006711,0.02604998039006711,True,15.590536117553711,6.485919630009448,0.025619513995479792
HDFCBANK,2024-08-06,791.0471196604719,792.4787456590307,773.2364505401089,777.0703125,784.0718994140625,789.406494140625,766.4524536132812,773.0706176757812,784.1314697265625,-0.009005068026443096,-0.014105864230443809,-0.005100796204000713,0.005100796204000713,True,12.273366928100586,7.187271661008708,0.03494048898573965
HDFCBANK,2024-08-07,784.7380959828303,791.0470602671697,777.5555591010518,787.892578125,775.0308227539062,787.7288208007812,770.000732421875,774.1897583007812,777.0703125,0.013927009500829438,-0.0037069415120896797,-0.01763395101291912,0.01763395101291912,False,14.033446311950684,6.954960831993958,0.025026655988767743
HDFCBANK,2024-08-08,788.1352699911228,802.3547292854007,785.8300713873926,797.21044921875,790.1799926757812,792.9139404296875,785.6097412109375,787.725830078125,787.892578125,0.011826321699747894,-0.0002116380475011217,-0.012037959747249015,0.012037959747249015,False,15.528966903686523,5.537552495981799,0.026075241999933496
HDFCBANK,2024-08-09,801.7237923493824,806.8437833638833,798.7149252998082,800.8502197265625,799.769287109375,806.142333984375,796.9151611328125,802.7444458007812,797.21044921875,0.004565633216899504,0.006941701011890215,0.0023760677949907112,0.0023760677949907112,True,14.387125968933105,3.7973255809920374,0.024917976988945156
HDFCBANK,2024-08-12,801.7238266679481,813.3468572381819,799.4671466635041,805.65478515625,801.8975219726562,805.53759765625,797.5958251953125,801.4657592773438,800.8502197265625,0.005999330850315484,0.0007686075818165052,-0.005230723268498979,0.005230723268498979,True,15.5299072265625,2.9938463250000495,0.024915165995480493
HDFCBANK,2024-08-13,790.0764803424304,792.2118340294594,777.0460539246062,778.0408935546875,809.0292358398438,814.568359375,805.124267578125,810.2218627929688,805.65478515625,-0.03427509165257055,0.005668777398042765,0.03994386905061331,0.03994386905061331,False,13.720645904541016,5.303286534996005,0.025735693983733654
HDFCBANK,2024-08-14,779.6424562895212,783.1366284755188,778.0409261468292,780.2733764648438,785.32275390625,792.185302734375,769.0091552734375,775.4693603515625,778.0408935546875,0.0028693644879725483,-0.0033051388743543597,-0.006174503362326908,0.006174503362326908,False,13.142134666442871,7.530775202001678,0.02549083498888649
HDFCBANK,2024-08-16,790.319198015761,793.0611831331643,781.8263604564881,792.0662841796875,778.5028076171875,788.3709106445312,770.52197265625,786.0195922851562,780.2733764648438,0.015113815324922977,0.007364362278188538,-0.007749453046734438,0.007749453046734438,True,13.696184158325195,7.415342444990529,0.02545598498545587
HDFCBANK,2024-08-19,794.7596647587319,794.7596647587319,787.9896251482922,791.79931640625,786.8837890625,796.1053466796875,777.679443359375,781.8471069335938,792.0662841796875,-0.0003370523133856003,-0.012901921783828178,-0.012564869470442578,0.012564869470442578,True,14.676620483398438,8.944614951004041,0.024965925986180082
HDFCBANK,2024-08-20,789.809620195724,798.8120518889407,789.809620195724,794.7839965820312,790.974853515625,803.15283203125,786.5232543945312,795.44287109375,791.79931640625,0.0037694907206132196,0.004601613833208457,0.0008321231125952375,0.0008321231125952375,True,13.82785415649414,6.996459905989468,0.02473204699344933
HDFCBANK,2024-08-21,790.1250771140934,793.255329982036,785.126471042094,789.0089111328125,797.3978881835938,802.6686401367188,793.353271484375,797.1533813476562,794.7839965820312,-0.007266232679639381,0.0029811681863431316,0.010247400865982513,0.010247400865982513,False,13.236152648925781,9.926213330996688,0.02517214501858689
HDFCBANK,2024-08-22,792.0177293410987,795.0751744192786,790.0765094162431,791.6780395507812,783.8129272460938,789.3728637695312,770.294921875,776.384765625,789.0089111328125,0.00338288754449753,-0.016000003713123462,-0.019382891257620993,0.019382891257620993,False,14.655866622924805,3.465921174007235,0.02574954298324883
HDFCBANK,2024-08-23,792.988292052303,792.988292052303,787.6499375770427,788.6448364257812,792.6663818359375,795.64990234375,773.7747192382812,778.5416870117188,791.6780395507812,-0.0038313594333387324,-0.016593049046196115,-0.012761689612857383,0.012761689612857383,True,13.88646125793457,7.827810209011659,0.025114996009506285
HDFCBANK,2024-08-26,792.1148017562012,799.7583555491682,792.1148017562012,795.8759155273438,788.9456787109375,802.2561645507812,776.5374145507812,788.66748046875,788.6448364257812,0.009168993148214203,2.8712599034281528e-05,-0.009140280549179923,0.009140280549179923,True,13.848085403442383,7.497387607989367,0.026223471999401227
HDFCBANK,2024-08-27,797.550212512406,799.4914324239653,792.1147612152419,794.8082275390625,794.8170166015625,799.5337524414062,791.6499633789062,794.4635620117188,795.8759155273438,-0.0013415256919463443,-0.001774590093845447,-0.0004330644018991027,0.0004330644018991027,True,13.313030242919922,6.971168760996079,0.024882157013053074
HDFCBANK,2024-08-28,794.808257947526,795.7788679404401,791.1441815277424,794.4927978515625,787.7765502929688,805.2650756835938,775.1416015625,787.9718017578125,794.8082275390625,-0.0003968626349989533,-0.008601352558235829,-0.008204489923236875,0.008204489923236875,True,14.284631729125977,5.324094537005294,0.024870037013897672
HDFCBANK,2024-08-29,796.8707505966252,798.035494358065,791.6052035874162,795.1964721679688,787.0713500976562,794.4918212890625,765.1424560546875,789.06103515625,794.4927978515625,0.000885689987762129,-0.00683676769632257,-0.007722457684084699,0.007722457684084699,False,13.480213165283203,6.235435290000169,0.0254013339872472
HDFCBANK,2024-08-30,803.6650654368904,806.5768953841255,786.7521983416328,794.395751953125,793.7408447265625,797.9763793945312,788.475830078125,793.0990600585938,795.1964721679688,-0.00100694638730064,-0.0026376023822851733,-0.0016306559949845333,0.0016306559949845333,True,13.171974182128906,8.333857651014114,0.024813976982841268
HDFCBANK,2024-09-02,799.2001837658697,799.2001837658697,787.7469400055302,789.5668334960938,794.3257446289062,799.10693359375,786.84228515625,796.700439453125,794.395751953125,-0.006078731469999339,0.0029011830618852464,0.008979914531884585,0.008979914531884585,False,12.540502548217773,5.978381332999561,0.03343185500125401
HDFCBANK,2024-09-03,792.9883758285047,795.875916903195,788.4264969467081,794.6141357421875,790.5720825195312,794.3917236328125,781.5748291015625,790.0139770507812,789.5668334960938,0.006392495266987074,0.0005663150169411367,-0.005826180250045937,0.005826180250045937,True,12.26158332824707,7.571292200998869,0.025103545980527997
HDFCBANK,2024-09-04,795.4148040993854,798.2295964742419,792.0176694876126,796.773681640625,792.1010131835938,794.362060546875,788.6168212890625,791.7278442382812,794.6141357421875,0.0027177290225531107,-0.003632318346829293,-0.006350047369382404,0.006350047369382404,False,13.372201919555664,5.97061082199798,0.025285645009716973
HDFCBANK,2024-09-05,798.8119853769339,800.7046866194709,796.8707654853739,798.5450439453125,801.54443359375,804.9376831054688,778.0445556640625,791.7744140625,796.773681640625,0.0022231686933234466,-0.006274388440932288,-0.008497557134255734,0.008497557134255734,False,14.514236450195312,6.095735952985706,0.025169606000417843
HDFCBANK,2024-09-06,795.0751309568867,799.6612390821284,793.0368146024134,794.419921875,797.5258178710938,798.634033203125,775.0147705078125,777.3706665039062,798.5450439453125,-0.005165797598507172,-0.026516196677887533,-0.021350399079380362,0.021350399079380362,True,13.98917293548584,7.7096339220006485,0.02529928498552181
HDFCBANK,2024-09-09,794.9295342541234,800.0252363967779,791.0956131747174,799.0546264648438,793.324462890625,796.9951171875,789.103515625,792.83740234375,794.419921875,0.00583407397300015,-0.0019920441163093156,-0.007826118089309466,0.007826118089309466,False,15.549385070800781,1.8343712719797622,0.02528940499178134
HDFCBANK,2024-09-10,802.6944096330184,802.6944096330184,794.9295302169795,800.9230346679688,798.23681640625,800.3126220703125,789.296142578125,792.0902099609375,799.0546264648438,0.002338273431180997,-0.008715820262149081,-0.011054093693330078,0.011054093693330078,False,15.121675491333008,6.451191889995243,0.02529634500388056
HDFCBANK,2024-09-11,800.9473289635273,801.9664575454252,795.5118777911906,797.7928466796875,797.4244384765625,800.5816040039062,793.2108154296875,797.5156860351562,800.9230346679688,-0.003908225700586703,-0.004254277234297617,-0.000346051533710914,0.000346051533710914,True,15.596590042114258,2.307112809008686,0.02486348699312657
HDFCBANK,2024-09-12,802.6944342572692,810.4593139115112,799.32158835399,808.8092651367188,798.7153930664062,801.4987182617188,793.7335205078125,797.5318603515625,797.7928466796875,0.013808620248827981,-0.0003271354577960832,-0.014135755706624065,0.014135755706624065,False,14.406688690185547,6.077161002991488,0.025405864987988025
HDFCBANK,2024-09-13,812.4005643686717,812.4005643686717,804.1746683722245,808.4938354492188,804.438232421875,804.6209716796875,799.3350219726562,801.8479614257812,808.8092651367188,-0.0003899926732994097,-0.008606854558918513,-0.008216861885619103,0.008216861885619103,True,14.983890533447266,5.21206305702799,0.033935132989427075
HDFCBANK,2024-09-16,809.0033572167779,814.2446744093743,807.5717313009576,810.9202880859375,808.2431640625,808.5057983398438,795.34619140625,800.3065795898438,808.4938354492188,0.003001201159895739,-0.01012655322823329,-0.013127754388129029,0.013127754388129029,False,14.633325576782227,5.876391465979395,0.024877337011275813
HDFCBANK,2024-09-17,814.3417351276187,814.3417351276187,807.6202731787942,809.876953125,809.0723876953125,811.4470825195312,802.1297607421875,804.5960083007812,810.9202880859375,-0.0012866060650673131,-0.007798892046570714,-0.006512285981503401,0.006512285981503401,True,15.71570110321045,5.203156780014979,0.02524827598244883
HDFCBANK,2024-09-18,811.3570886275262,824.4846115422112,810.9931099061356,822.494873046875,810.489990234375,811.9856567382812,806.4849853515625,810.4655151367188,809.876953125,0.015580045676305958,0.0007267301649314976,-0.01485331551137446,0.01485331551137446,True,15.735250473022461,3.6750491689890623,0.025272915983805433
HDFCBANK,2024-09-19,824.6301946967953,834.2392569551141,824.6059649927001,829.1435546875,821.492919921875,821.48974609375,806.62744140625,809.7557373046875,822.494873046875,0.008083553902281994,-0.015488407477843915,-0.02357196138012591,0.02357196138012591,False,13.25356388092041,4.723580297984881,0.024822136998409405
HDFCBANK,2024-09-20,833.0259912779876,846.8328941482245,828.6825354394553,845.0130004882812,813.120361328125,821.2140502929688,810.722412109375,814.74365234375,829.1435546875,0.019139563602785726,-0.017367200483367744,-0.03650676408615347,0.03650676408615347,False,15.3143310546875,5.269464312004857,0.024848437024047598
HDFCBANK,2024-09-23,848.7984163669939,857.2184459846895,844.5519977602407,854.0397338867188,834.0836181640625,840.1941528320312,830.1707153320312,837.32666015625,845.0130004882812,0.010682360381700048,-0.009096120802389768,-0.019778481184089817,0.019778481184089817,False,13.23037338256836,6.351496604998829,0.0248645159881562
HDFCBANK,2024-09-24,856.5632532087773,864.6435926298055,851.3462248960326,858.04345703125,839.2543334960938,845.98974609375,834.28662109375,842.3732299804688,854.0397338867188,0.004687982286620766,-0.013660376026248755,-0.01834835831286952,0.01834835831286952,False,13.706018447875977,6.545247998001287,0.024792067008093
HDFCBANK,2024-09-25,854.2095009540504,867.7252316684056,854.2095009540504,863.406005859375,843.43212890625,849.8531494140625,830.888671875,837.522705078125,858.04345703125,0.00624974036475835,-0.023915749004281065,-0.030165489369039414,0.030165489369039414,False,13.30027961730957,5.634693842002889,0.024748397001530975
HDFCBANK,2024-09-26,860.4700264333525,867.7253122548344,858.0435015109396,865.5171508789062,851.5145874023438,861.1944580078125,843.7259521484375,853.8881225585938,863.406005859375,0.002445135898064505,-0.011023647317935672,-0.013468783216000178,0.013468783216000178,False,12.730077743530273,6.104794929007767,0.02527680600178428
HDFCBANK,2024-09-27,862.3869272945984,862.9692695590985,849.2836931713828,850.5697631835938,854.4814453125,863.3192138671875,852.5857543945312,860.7373046875,865.5171508789062,-0.017269891971677147,-0.005522532033654633,0.011747359938022514,0.011747359938022514,True,13.505635261535645,6.807889953022823,0.02486153700738214
HDFCBANK,2024-09-30,848.7013681367213,849.987378933711,836.8599148404105,840.572509765625,845.83935546875,853.3119506835938,839.9578857421875,848.6507568359375,850.5697631835938,-0.011753596060774692,-0.002256142212807577,0.009497453847967116,0.009497453847967116,True,12.958379745483398,7.038540857989574,0.024889036983950064
HDFCBANK,2024-10-01,836.6657512217993,845.4012405036974,834.7730500291224,837.7333984375,833.8549194335938,838.8392333984375,826.722900390625,832.4080810546875,840.572509765625,-0.003377592408912615,-0.009712938046491634,-0.006335345637579019,0.006335345637579019,True,14.444643020629883,4.599566913995659,0.0258037630119361
HDFCBANK,2024-10-03,832.613483062025,837.7091852435565,812.0850591484665,816.282958984375,827.8435668945312,846.8964233398438,821.0323486328125,832.2481079101562,837.7333984375,-0.025605329205130565,-0.006547775864701884,0.01905755334042868,0.01905755334042868,True,12.108417510986328,7.3610462289943825,0.025347015005536377
HDFCBANK,2024-10-04,812.6431974622866,820.4808848190723,802.2091402837622,804.4658203125,813.9632568359375,838.7354125976562,809.929443359375,823.6151123046875,816.282958984375,-0.014476767574050507,0.008982367253427924,0.023459134827478433,0.023459134827478433,False,14.585735321044922,7.587749278987758,0.025153144990326837
HDFCBANK,2024-10-07,801.8208473760044,805.1209448670484,782.7969162571121,785.1264038085938,813.9964599609375,824.51171875,810.6592407226562,820.2302856445312,804.4658203125,-0.024040072325749933,0.01959619033398764,0.04363626265973757,0.04363626265973757,False,13.579438209533691,8.544328751973808,0.033277665002970025
HDFCBANK,2024-10-08,791.0471237749532,804.0533210403008,787.164683903665,801.2628173828125,789.3097534179688,791.5932006835938,785.63818359375,788.6223754882812,785.1264038085938,0.020552631392782267,0.004452750108426852,-0.016099881284355414,0.016099881284355414,True,12.882547378540039,6.337002279004082,0.025219064991688356
HDFCBANK,2024-10-09,800.5105298956967,804.0289908485573,790.4161630516477,792.5758056640625,805.8673706054688,808.0908203125,773.7416381835938,799.33642578125,801.2628173828125,-0.010841650866971007,-0.0024041944288076757,0.008437456438163331,0.008437456438163331,True,15.590850830078125,4.648560169996927,0.024818426987621933
HDFCBANK,2024-10-10,795.4147877416559,808.2510795642027,792.2603056670246,806.7709350585938,799.2523803710938,803.4830322265625,784.4126586914062,801.4641723632812,792.5758056640625,0.01791012202629351,0.011214531954797182,-0.0066955900714963275,0.0066955900714963275,True,13.596135139465332,8.564370256994152,0.02480529699823819
HDFCBANK,2024-10-11,807.7658537028776,807.7658537028776,797.4774117796152,801.238525390625,798.6826782226562,810.6668090820312,795.5443725585938,806.7430419921875,806.7709350585938,-0.00685747270700443,-3.457371255475905e-05,0.006822898994449671,0.006822898994449671,True,14.731847763061523,4.725020304002101,0.025858092994894832
HDFCBANK,2024-10-14,803.689357680797,821.1603374358971,802.6944587482099,819.2433471679688,800.7195434570312,804.7865600585938,796.1806030273438,801.5076904296875,801.238525390625,0.022471238222807523,0.00033593621691028265,-0.02213530200589724,0.02213530200589724,True,12.601194381713867,7.7452775389829185,0.02489211701322347
HDFCBANK,2024-10-15,822.1066552857113,824.0478752509669,813.1285129464045,817.3021240234375,823.8045654296875,831.1056518554688,820.003173828125,827.9918212890625,819.2433471679688,-0.002369531777391709,0.010678724644315064,0.013048256421706773,0.013048256421706773,False,13.91424560546875,7.310252290015342,0.02477393700974062
HDFCBANK,2024-10-16,815.3609038822862,828.8766360391955,815.3609038822862,824.9214477539062,815.5552978515625,818.7445068359375,806.4676513671875,811.852294921875,817.3021240234375,0.009322530196006505,-0.006668071624155252,-0.015990601820161758,0.015990601820161758,False,13.27955436706543,6.993440187012311,0.032752647006418556
HDFCBANK,2024-10-17,822.5676501021808,823.8780090897097,808.1298269832027,811.988037109375,824.0623779296875,825.5210571289062,815.3600463867188,816.413330078125,824.9214477539062,-0.015678354199355954,-0.010313851941838982,0.0053645022575169714,0.0053645022575169714,True,13.745759963989258,5.646957046003081,0.02481713698944077
HDFCBANK,2024-10-18,807.1107362982874,820.6507576909523,802.7429912839654,816.210205078125,814.9178466796875,818.764404296875,812.3932495117188,815.4453125,811.988037109375,0.005199790853792188,0.004257791042011749,-0.0009419998117804395,0.0009419998117804395,True,13.635120391845703,6.776622570003383,0.025343174987938255
HDFCBANK,2024-10-21,832.2980010606213,848.3858722296796,830.3810701774502,838.9466552734375,815.7588500976562,816.4246826171875,807.2359008789062,808.4678955078125,816.210205078125,0.027856120952489488,-0.009485680921584938,-0.037341801874074425,0.037341801874074425,False,12.98393440246582,6.652116718003526,0.02545248399837874
HDFCBANK,2024-10-22,839.6018778313584,844.4306385333365,830.2111793718472,832.0796508789062,848.84033203125,857.169189453125,831.0374755859375,831.6474609375,838.9466552734375,-0.008185269410595707,-0.008700427244159495,-0.0005151578335637879,0.0005151578335637879,True,12.36074447631836,6.2104578940197825,0.024928975995862857
HDFCBANK,2024-10-23,827.4693270680456,847.5851959404977,827.4693270680456,842.3924560546875,833.8285522460938,838.3960571289062,829.5927734375,833.74462890625,832.0796508789062,0.01239401199739481,0.002000983950977617,-0.010393028046417193,0.010393028046417193,True,12.998790740966797,6.219472840020899,0.025283935014158487
HDFCBANK,2024-10-24,843.5085346118838,858.3346247570413,843.5085346118838,849.1138305664062,831.8707885742188,848.82275390625,822.6515502929688,830.691162109375,842.3924560546875,0.007978911092340555,-0.013890549305385589,-0.021869460397726144,0.021869460397726144,False,11.654012680053711,6.408932649006601,0.025185606005834416
HDFCBANK,2024-10-25,851.7102142266036,853.0933215296461,838.9466699408074,846.0806884765625,851.1474609375,859.9215698242188,845.2576904296875,850.463623046875,849.1138305664062,-0.0035721265873392676,0.001589648445095239,0.005161775032434507,0.005161775032434507,False,14.237926483154297,5.719529544003308,0.024918256007367745
HDFCBANK,2024-10-28,845.4012471416386,849.7689918168825,839.043763962605,841.6158447265625,842.268798828125,848.2750854492188,839.06884765625,845.0142822265625,846.0806884765625,-0.005277089775018168,-0.0012604072690988275,0.004016682505919341,0.004016682505919341,True,13.08781623840332,6.8108090620080475,0.026330640976084396
HDFCBANK,2024-10-29,837.7092042477628,856.0779859182065,837.1996103215174,850.1815185546875,842.5541381835938,848.0983276367188,837.8038330078125,843.0406494140625,841.6158447265625,0.010177652763783162,0.0016929394763984193,-0.008484713287384742,0.008484713287384742,True,14.74783706665039,4.826120413985336,0.025387244997546077
HDFCBANK,2024-10-30,845.4012049253465,851.5888429062869,836.7627533024838,841.8099365234375,847.8692016601562,857.5667114257812,844.8770141601562,852.8535766601562,850.1815185546875,-0.009846817236725786,0.003142926595265516,0.012989743831991302,0.012989743831991302,False,13.925848960876465,5.417468717001611,0.02472728700377047
HDFCBANK,2024-10-31,838.6070472346083,843.8968836285101,834.4334360468695,842.3438720703125,845.1008911132812,853.8760375976562,833.1734619140625,838.1340942382812,841.8099365234375,0.0006342709009590484,-0.004366594079819237,-0.005000864980778286,0.005000864980778286,False,15.394147872924805,5.774772826989647,0.025319184991531074
HDFCBANK,2024-11-01,841.0334653437102,846.4203383571387,837.6848493922299,843.1203002929688,835.6146240234375,841.09423828125,831.6414184570312,836.4146728515625,842.3438720703125,0.0009217473390623059,-0.007038929605052169,-0.007960676944114476,0.007960676944114476,False,15.161788940429688,6.465883024997311,0.0248911369999405
HDFCBANK,2024-11-04,846.8571409139798,846.8571409139798,830.3082539054162,831.8612060546875,828.4696044921875,842.38525390625,814.8795776367188,826.610107421875,843.1203002929688,-0.013354077981954558,-0.019582250439654652,-0.006228172457700094,0.006228172457700094,True,15.170377731323242,5.562209114024881,0.025702493003336713
HDFCBANK,2024-11-05,826.4743572133567,855.447039991069,823.999313734677,853.0933227539062,808.7883911132812,821.8131103515625,803.1163940429688,813.8546142578125,831.8612060546875,0.02552362887544359,-0.02164614922034389,-0.04716977809578748,0.04716977809578748,False,13.664581298828125,5.583581154001877,0.025341165019199252
HDFCBANK,2024-11-06,859.7177486791857,859.7177486791857,847.0270119492034,851.83154296875,849.55078125,856.8302001953125,845.8233642578125,852.9682006835938,853.0933227539062,-0.0014790641908707547,-0.00014666867853166193,0.0013323955123390927,0.0013323955123390927,True,14.549657821655273,6.362004185008118,0.025898972991853952
HDFCBANK,2024-11-07,846.5174998307751,854.5977803501312,843.4600547619757,847.6094360351562,850.1094970703125,856.9080810546875,846.8703002929688,853.458984375,851.83154296875,-0.004956504567650931,0.001910520242744408,0.006867024810395339,0.006867024810395339,False,16.440196990966797,6.717246293002972,0.026233261014567688
HDFCBANK,2024-11-08,850.2542638856246,855.0102760445291,847.269626624747,851.4432373046875,847.0830078125,853.0301513671875,843.666259765625,847.4370727539062,847.6094360351562,0.004523075259124694,-0.00020335224446799445,-0.0047264275035926884,0.0047264275035926884,False,14.74825668334961,4.1297876949829515,0.03245348800555803
HDFCBANK,2024-11-11,851.4918803256005,865.2017460745226,849.8660612419557,857.1942138671875,852.0408325195312,873.3141479492188,850.2180786132812,863.464599609375,851.4432373046875,0.006754386329622139,0.014118806489957093,0.0073644201603349545,0.0073644201603349545,True,13.047101974487305,6.7532691579835955,0.025549064012011513
HDFCBANK,2024-11-12,859.9604454380074,861.4163604133538,829.2163860568731,833.8510131835938,859.8115844726562,862.8138427734375,852.8793334960938,856.3651733398438,857.1942138671875,-0.027232102487348933,-0.0009671560002762693,0.026264946487072664,0.026264946487072664,True,14.057144165039062,6.2367316849995404,0.025384934997418895
HDFCBANK,2024-11-13,833.1472753910937,839.2863948751228,811.9151837654287,815.9674682617188,827.15185546875,846.0862426757812,824.3074340820312,834.8341064453125,833.8510131835938,-0.021446930733581154,0.0011789795133369907,0.022625910246918145,0.022625910246918145,False,11.535914421081543,6.033636375999777,0.025350505020469427
HDFCBANK,2024-11-14,811.9637453515568,827.3721783747438,811.4784403744485,821.5,804.1710815429688,821.4928588867188,804.4880981445312,816.0128784179688,815.9674682617188,0.006780333718533383,5.565191998001917e-05,-0.006724681798553364,0.006724681798553364,True,14.778717041015625,5.908479856007034,0.025809062994085252
HDFCBANK,2024-11-18,825.0184258091194,834.190701332557,822.5919010273279,827.4934692382812,822.2977294921875,827.574462890625,810.888671875,814.30517578125,821.5,0.007295762919392879,-0.008758154861533779,-0.016053917780926658,0.016053917780926658,False,12.997102737426758,6.402108765003504,0.025935312994988635
HDFCBANK,2024-11-19,831.8127176211167,851.1035901563789,826.3287477699067,845.5225830078125,828.5975341796875,839.2236328125,824.2935791015625,834.8917236328125,827.4934692382812,0.021787620615456083,0.00894055925461435,-0.012847061360841733,0.012847061360841733,True,13.961040496826172,6.515894778014626,0.025756102986633778
HDFCBANK,2024-11-21,848.9925368361551,853.6514527573436,841.6158656563873,845.0130004882812,847.1061401367188,852.3653564453125,840.0709838867188,839.8446655273438,845.5225830078125,-0.0006026835116792398,-0.006715275966101886,-0.006112592454422646,0.006112592454422646,True,14.462120056152344,7.291152971010888,0.025856543012196198
HDFCBANK,2024-11-22,846.1534758192824,851.3705040721685,839.3592064666866,847.1483154296875,847.5216064453125,854.728515625,841.516845703125,848.8335571289062,845.0130004882812,0.0025269610528741954,0.0045212992444108365,0.001994338191536641,0.001994338191536641,True,13.885171890258789,9.745649568008957,0.03259949802304618
HDFCBANK,2024-11-25,866.293664684976,875.2718066744363,856.5147576427843,866.560546875,843.434326171875,852.3379516601562,833.980224609375,841.5853881835938,847.1483154296875,0.022914796726552302,-0.006566650897809012,-0.029481447624361314,0.029481447624361314,False,15.05233383178711,2.883530677994713,0.02573601299081929
HDFCBANK,2024-11-26,878.4019987795361,878.4019987795361,858.8927626136716,866.5363159179688,872.8327026367188,874.9396362304688,858.7058715820312,865.9441528320312,866.560546875,-2.79622204341427e-05,-0.0007113109928574488,-0.000683348772423306,0.000683348772423306,True,11.982587814331055,6.387823108991142,0.025153775000944734
HDFCBANK,2024-11-27,868.6473457001546,881.9689429401197,866.3421471774458,879.5181884765625,865.8350830078125,869.5340576171875,855.3714599609375,861.1599731445312,866.5363159179688,0.014981336985099524,-0.006204405602715046,-0.02118574258781457,0.02118574258781457,False,13.357892990112305,6.371354750008322,0.02520037500653416
HDFCBANK,2024-11-28,882.7697308653094,891.0684339141281,867.725276958314,870.224609375,878.96484375,882.4553833007812,868.829833984375,873.6026611328125,879.5181884765625,-0.010566670733279732,-0.006725872666711358,0.0038407980665683744,0.0038407980665683744,True,13.330731391906738,6.614207488979446,0.03199980000499636
HDFCBANK,2024-11-29,874.1798701470966,875.7813410106078,865.2502468100779,871.6320190429688,870.3680419921875,876.746826171875,856.1497192382812,859.156494140625,870.224609375,0.0016172947223126214,-0.012718687928538565,-0.014335982650851186,0.014335982650851186,False,13.149906158447266,7.071570423984667,0.02586948301177472
HDFCBANK,2024-12-02,875.2475527258944,877.5042327860683,861.4163604593637,875.8298950195312,874.3555908203125,880.2509765625,862.6590576171875,872.61865234375,871.6320190429688,0.004816110336529018,0.001131937881153735,-0.0036841724553752834,0.0036841724553752834,True,12.800979614257812,5.936281421978492,0.025805463024880737
HDFCBANK,2024-12-03,884.5652937811867,891.6993119709169,881.3622930133588,886.3124389648438,870.723876953125,873.0001220703125,858.450927734375,863.2752685546875,875.8298950195312,0.011968698493762578,-0.014334548907540748,-0.026303247401303326,0.026303247401303326,False,12.30854606628418,6.3324954450072255,0.03494715000852011
HDFCBANK,2024-12-04,891.9905313310416,905.0937654692016,888.6662041479593,902.7157592773438,890.6954345703125,895.431884765625,881.86962890625,889.7329711914062,886.3124389648438,0.01850737910398508,0.0038592849160026038,-0.014648094187982474,0.014648094187982474,True,14.02439022064209,6.722309844015399,0.025039157015271485
HDFCBANK,2024-12-05,902.6672600453907,912.349070670313,890.6316728815866,905.457763671875,901.8919677734375,903.5146484375,885.22802734375,890.5086059570312,902.7157592773438,0.0030375058442829476,-0.013522698806194281,-0.01656020465047723,0.01656020465047723,False,13.281013488769531,5.665989754983457,0.02497802599100396
HDFCBANK,2024-12-06,901.2113107944992,904.7054828102569,894.9023463139778,900.6531982421875,903.7786865234375,906.45068359375,891.961669921875,898.728759765625,905.457763671875,-0.0053062281008047175,-0.007431604406330426,-0.002125376305525709,0.002125376305525709,True,14.718347549438477,6.126364369003568,0.025867952994303778
HDFCBANK,2024-12-09,899.585600026442,912.3733745717748,897.3289199910699,907.5203247070312,909.1658935546875,916.2291870117188,902.5301513671875,911.5016479492188,900.6531982421875,0.007624606761233268,0.012045090971979294,0.004420484210746025,0.004420484210746025,True,14.04656982421875,6.249922785005765,0.025426404987229034
HDFCBANK,2024-12-10,911.2571214453396,911.2571214453396,901.9635786325839,906.5982055664062,907.88037109375,914.6611328125,900.9373168945312,910.3302001953125,907.5203247070312,-0.0010160864892173975,0.003096212185868502,0.0041122986750859,0.0041122986750859,False,15.253923416137695,5.247914383013267,0.02578380299382843
HDFCBANK,2024-12-11,903.492253077643,908.4423993938311,901.0900171351183,904.1716918945312,899.29052734375,901.880126953125,888.8309936523438,895.5913696289062,906.5982055664062,-0.0026765039429556465,-0.012140809313231951,-0.009464305370276305,0.009464305370276305,True,13.370704650878906,6.014104330010014,0.025466243998380378
HDFCBANK,2024-12-12,898.299517608064,906.8651623497835,897.183292457994,902.3032836914062,902.383056640625,906.4097290039062,889.3217163085938,893.013916015625,904.1716918945312,-0.0020664307673801227,-0.01234032869966003,-0.010273897932279908,0.010273897932279908,True,13.872725486755371,6.298911591991782,0.02545377501519397
HDFCBANK,2024-12-13,903.8804969466607,909.9468090067054,887.7441068669418,908.3695678710938,904.233154296875,908.2802124023438,901.712646484375,906.7186279296875,902.3032836914062,0.006723109944662697,0.004893414795319893,-0.0018296951493428039,0.0018296951493428039,True,13.211599349975586,6.85066426199046,0.024915666988817975
HDFCBANK,2024-12-16,905.1422772502634,907.4959944793276,900.3620351992098,905.1907958984375,897.5623168945312,904.73291015625,892.6326293945312,903.3750610351562,908.3695678710938,-0.0034994258780665665,-0.005498320301111483,-0.0019988944230449166,0.0019988944230449166,True,15.323982238769531,5.574514398002066,0.025038296007551253
HDFCBANK,2024-12-17,900.8958970749953,903.8077269850552,886.4095551207139,889.6853637695312,906.3330078125,911.2045288085938,899.8091430664062,907.9057006835938,905.1907958984375,-0.017129462870329452,0.0029992624731249064,0.02012872534345436,0.02012872534345436,False,14.17363166809082,4.866568533005193,0.02502532600192353
HDFCBANK,2024-12-18,888.0353630684574,891.0200007361838,877.0189630086124,878.7417602539062,892.0899047851562,899.1307373046875,884.7432250976562,889.0696411132812,889.6853637695312,-0.012300532256996743,-0.000692067871771239,0.011608464385225503,0.011608464385225503,True,15.144514083862305,5.089633244992001,0.02486198701080866
HDFCBANK,2024-12-19,873.3548187057529,874.0827761662058,863.3575480971324,870.3944702148438,881.9628295898438,891.2138061523438,875.3062133789062,876.4651489257812,878.7417602539062,-0.009499138901342994,-0.0025907626462035776,0.0069083762551394165,0.0069083762551394165,True,14.707342147827148,4.930114743998274,0.03443119101575576
HDFCBANK,2024-12-20,864.9105130352275,872.3599918831414,857.5581899695972,859.7177734375,867.0748291015625,884.1954345703125,853.52197265625,879.8138427734375,870.3944702148438,-0.012266503456425187,0.010821958182097274,0.02308846163852246,0.02308846163852246,False,14.603532791137695,4.931128470983822,0.025424894003663212
HDFCBANK,2024-12-23,864.8134464007626,876.4607655442072,864.4737566222769,874.0342407226562,858.4784545898438,871.9449462890625,858.1531372070312,870.5087890625,859.7177734375,0.01665251984719731,0.01255181172055237,-0.004100708126644939,0.004100708126644939,True,14.364303588867188,2.1573618609982077,0.024874906986951828
HDFCBANK,2024-12-24,874.5438823482602,877.7711131439431,868.4775699633949,872.6268920898438,868.5593872070312,878.5888671875,857.2244873046875,874.9346313476562,874.0342407226562,-0.0016101756284157662,0.001030154864705932,0.002640330493121698,0.002640330493121698,False,15.128541946411133,3.4337887940055225,0.02595459300209768
HDFCBANK,2024-12-26,872.8452779528201,879.3726061062491,864.2068257857081,869.0598754882812,874.4110107421875,876.8988037109375,870.9013061523438,873.4096069335938,872.6268920898438,-0.004087676685072006,0.000896963926788327,0.0049846406118603335,0.0049846406118603335,False,15.084456443786621,3.427072730002692,0.02479216700885445
HDFCBANK,2024-12-27,871.0254284954694,876.4365317952429,868.2591544798911,872.69970703125,871.8021240234375,876.9675903320312,867.775390625,873.484619140625,869.0598754882812,0.004188240241702231,0.0050914140407848285,0.0009031737990825971,0.0009031737990825971,True,15.470327377319336,5.492666714999359,0.02489382599014789
HDFCBANK,2024-12-30,869.7635560951499,880.8285332674382,859.4751142791366,862.82373046875,874.0877075195312,879.1339721679688,863.8860473632812,867.4457397460938,872.69970703125,-0.011316580586575534,-0.006020361004851482,0.005296219581724052,0.005296219581724052,True,14.023637771606445,5.791053925990127,0.025086266017751768
HDFCBANK,2024-12-31,859.1353716990042,864.7163785916373,856.8544029024364,860.3728637695312,862.5073852539062,866.9243774414062,851.1859130859375,853.7142333984375,862.82373046875,-0.002840518419547011,-0.010557772982627105,-0.007717254563080094,0.007717254563080094,True,14.22391128540039,6.080641980021028,0.024874886992620304
HDFCBANK,2025-01-01,860.6640693133434,870.637110073425,854.6705648241472,865.1774291992188,866.2981567382812,879.5062866210938,859.33203125,864.2352294921875,860.3728637695312,0.00558428285224777,0.004489176594591976,-0.0010951062576557945,0.0010951062576557945,True,16.43717384338379,6.901143963012146,0.025477265007793903
HDFCBANK,2025-01-02,862.4354683380634,875.2232427161829,860.4457297678027,870.5158081054688,867.8603515625,870.1468505859375,861.447509765625,862.809326171875,865.1774291992188,0.006170270659038155,-0.002737129919738651,-0.008907400578776807,0.008907400578776807,False,14.938858032226562,6.457901144982316,0.025038095976924524
HDFCBANK,2025-01-03,869.1811561312279,871.2437021466147,847.4880487953375,848.8953857421875,855.71826171875,862.6281127929688,853.279541015625,860.1099853515625,870.5158081054688,-0.024836335149771103,-0.011953628707275028,0.012882706442496075,0.012882706442496075,True,17.002750396728516,1.5885806730075274,0.024831796996295452
HDFCBANK,2025-01-06,844.4791507386858,852.7778537230372,827.8332261221516,830.1141357421875,852.6083374023438,857.4744262695312,843.2340087890625,847.4592895507812,848.8953857421875,-0.022124339836739237,-0.0016917234037627312,0.020432616432976506,0.020432616432976506,True,15.013866424560547,6.698054364998825,0.025362274987855926
HDFCBANK,2025-01-07,832.2979604198381,835.2097900189746,825.018386421997,831.521484375,834.3052368164062,843.319580078125,827.8982543945312,831.740966796875,830.1141357421875,0.00169536762743381,0.0019597679218328026,0.00026440029439899274,0.00026440029439899274,True,14.963536262512207,5.749971229990479,0.025016735977260396
HDFCBANK,2025-01-08,829.022239132803,830.6722879270967,816.9381331798057,822.2522583007812,835.03662109375,845.2005004882812,829.5927124023438,835.5764770507812,831.521484375,-0.01114730797507393,0.00487659399303329,0.01602390196810722,0.01602390196810722,False,14.386274337768555,5.746756662003463,0.025918553001247346
HDFCBANK,2025-01-09,817.3263871062876,819.6801043914131,804.6841687860751,809.3916625976562,829.0045776367188,842.2821655273438,822.0902099609375,831.6077880859375,822.2522583007812,-0.015640693684079335,0.01137793139600473,0.027018625080084065,0.027018625080084065,False,12.518074035644531,7.308834024006501,0.025306655996246263
HDFCBANK,2025-01-10,810.9445873725031,812.8372885629307,802.6944030605147,804.0289916992188,805.9588012695312,812.2161254882812,789.3439331054688,793.9839477539062,809.3916625976562,-0.006625557373826386,-0.019036166982867826,-0.012410609609041438,0.012410609609041438,True,13.361648559570312,7.755689338984666,0.025198155984980986
HDFCBANK,2025-01-13,795.9002084068898,799.1760171914914,788.2809435229427,791.4596557617188,804.9841918945312,811.935546875,801.8292236328125,803.33544921875,804.0289916992188,-0.015632938696571397,-0.0008625839212626291,0.014770354775308768,0.014770354775308768,True,13.775460243225098,5.935262375016464,0.025319245003629476
HDFCBANK,2025-01-14,795.8516298211142,803.7620652641559,794.4442335639691,799.1031494140625,787.8037719726562,794.2238159179688,782.823486328125,786.1678466796875,791.4596557617188,0.009657464656221141,-0.006686138760842197,-0.016343603417063337,0.016343603417063337,False,11.265316009521484,5.577270608016988,0.02506073599215597
HDFCBANK,2025-01-15,803.9076993782851,806.9165665577839,794.1045624787163,797.38037109375,802.6549072265625,806.6893920898438,801.6019897460938,801.3580322265625,799.1031494140625,-0.002155889789166413,0.0028217668947411595,0.0049776566839075725,0.0049776566839075725,False,14.230060577392578,5.7217386059928685,0.025407734006876126
HDFCBANK,2025-01-16,802.1363774101961,805.8732615482087,797.2833272891419,801.7481689453125,804.7000122070312,801.29345703125,804.1565551757812,795.7327880859375,797.38037109375,0.005477684189254976,-0.002066244752868126,-0.007543928942123102,0.007543928942123102,False,14.181161880493164,5.46786436700495,0.02548976501566358
HDFCBANK,2025-01-17,797.5987456720695,800.9958805790999,790.31917087129,794.3229370117188,805.1493530273438,807.4166259765625,799.100830078125,799.55908203125,801.7481689453125,-0.009261302016269684,-0.002730392159101792,0.006530909857167892,0.006530909857167892,True,13.383758544921875,6.178686382016167,0.025453854992520064
HDFCBANK,2025-01-20,789.1059123060181,806.0672979791628,789.1059123060181,801.35986328125,795.3391723632812,796.5751953125,771.8875122070312,780.6593017578125,794.3229370117188,0.00885902438623327,-0.01720161236349224,-0.02606063674972551,0.02606063674972551,False,12.233907699584961,6.056267642008606,0.02532998498645611
HDFCBANK,2025-01-21,804.7570137844167,806.1158914767867,792.5273515184188,797.06494140625,805.3069458007812,812.9019165039062,798.927001953125,804.2210083007812,801.35986328125,-0.005359542038222382,0.00357036226872656,0.008929904306948943,0.008929904306948943,False,12.299531936645508,5.813499601994408,0.03505429800134152
HDFCBANK,2025-01-22,797.0648841596673,811.3813805875693,788.8389294808721,808.5423583984375,801.8926391601562,809.8848266601562,794.1090698242188,799.8760986328125,797.06494140625,0.014399600830439313,0.0035268860547332773,-0.010872714775706036,0.010872714775706036,True,16.130027770996094,3.705396086006658,0.032958256982965395
HDFCBANK,2025-01-23,818.70954271768,818.70954271768,801.3598888041311,807.9843139648438,805.6429443359375,810.4225463867188,798.634521484375,802.47314453125,808.5423583984375,-0.000690185774186433,-0.007506364761407692,-0.006816178987221259,0.006816178987221259,True,16.88364601135254,1.8335418140050024,0.03154457197524607
HDFCBANK,2025-01-24,805.6062761215885,810.6049411699597,798.0840488445496,800.6561889648438,813.7786865234375,816.8333740234375,799.5468139648438,802.02880859375,807.9843139648438,-0.00906963770625732,-0.007370818056936784,0.0016988196493205364,0.0016988196493205364,True,16.41582679748535,3.467149050004082,0.0256588339980226
HDFCBANK,2025-01-27,796.433983923838,797.6472463633178,789.1058906376462,790.9500732421875,805.9073486328125,815.318115234375,800.1930541992188,816.7407836914062,800.6561889648438,-0.012122701174901477,0.02008926546531543,0.03221196664021691,0.03221196664021691,False,15.162205696105957,7.454868147993693,0.025290364981628954
HDFCBANK,2025-01-28,799.2972941154203,817.3991933860295,799.2972941154203,810.6534423828125,791.0013427734375,795.2383422851562,786.2119140625,788.888916015625,790.9500732421875,0.024911015002323494,-0.002605925830581948,-0.027516940832905443,0.027516940832905443,False,13.894623756408691,9.359061056980863,0.024884146987460554
HDFCBANK,2025-01-29,812.8857890816031,815.8704263644069,809.9011517987993,814.0020141601562,799.83544921875,837.308349609375,796.9652099609375,817.9169921875,810.6534423828125,0.004130706911576234,0.008960117141225257,0.004829410229649023,0.004829410229649023,True,14.542791366577148,6.641320447990438,0.025854373001493514
HDFCBANK,2025-01-30,815.7976693049923,823.9993352943973,811.696865930955,820.8933715820312,815.3555908203125,827.9290161132812,817.3646240234375,830.196044921875,814.0020141601562,0.008466020110509351,0.019894337458644846,0.011428317348135495,0.011428317348135495,True,15.485669136047363,3.579011730005732,0.031469031993765384
HDFCBANK,2025-01-31,818.830797136207,827.2993450265934,817.2292670650723,824.4118041992188,818.9736328125,827.9763793945312,807.3274536132812,808.0089721679688,820.8933715820312,0.004286101872654609,-0.015695582227971457,-0.019981684100626066,0.019981684100626066,False,15.121009826660156,6.321605176024605,0.025885142997140065
HDFCBANK,2025-02-01,823.8052362855973,831.3274637745085,813.3954677474759,820.62646484375,821.986572265625,835.1173706054688,812.725830078125,814.0235595703125,824.4118041992188,-0.004591563750285682,-0.012600795592679232,-0.00800923184239355,0.00800923184239355,True,14.730932235717773,5.1972570219950285,0.025369705021148548
HDFCBANK,2025-02-03,810.4592960980566,818.6124432523412,807.2805248629369,814.3417358398438,830.8844604492188,832.526611328125,813.0123291015625,812.701171875,820.62646484375,-0.007658452746954588,-0.009657613187333658,-0.00199916044037907,0.00199916044037907,True,13.441436767578125,6.334396577993175,0.025401954975677654
HDFCBANK,2025-02-04,819.5345205841194,837.5393832746403,815.3366797744094,835.161376953125,814.8857421875,820.0086669921875,798.6239013671875,814.8198852539062,814.3417358398438,0.0255662213994345,0.000587160639101196,-0.024979060760333304,0.024979060760333304,True,15.675851821899414,6.195455659006257,0.02529601499554701
HDFCBANK,2025-02-05,841.0335494558958,846.4689416589049,834.1907609306318,843.363037109375,842.1449584960938,862.0525512695312,837.6011352539062,842.1727294921875,835.161376953125,0.00982044953536008,0.008395206881622862,-0.0014252426537372173,0.0014252426537372173,True,13.421777725219727,5.964804126007948,0.024816716992063448
HDFCBANK,2025-02-06,842.2467875560731,848.7984047453597,836.6657803207547,846.299072265625,850.50048828125,857.7322387695312,843.3026733398438,847.6068115234375,843.363037109375,0.0034813419927831484,0.005031966338728844,0.0015506243459456957,0.0015506243459456957,True,13.523653030395508,6.784394490008708,0.025288955017458647
HDFCBANK,2025-02-07,849.2837426225924,857.5339275509261,837.1511177279839,840.9122314453125,847.071044921875,853.8953247070312,842.0370483398438,849.4237060546875,846.299072265625,-0.006365173963728216,0.003692115342508354,0.01005728930623657,0.01005728930623657,False,14.168954849243164,6.118201828998281,0.02490596700226888
HDFCBANK,2025-02-10,833.4141726008957,836.3987505008906,829.1434655582073,832.6619262695312,838.5166015625,846.9212036132812,826.7804565429688,833.51123046875,840.9122314453125,-0.009811137080978227,-0.00880115748089676,0.0010099796000814665,0.0010099796000814665,True,12.882426261901855,7.086657017993275,0.0261674219800625
HDFCBANK,2025-02-11,826.4743520691721,830.3567917735487,819.5344674010676,825.6978759765625,835.0797729492188,842.4041137695312,831.8319702148438,837.589111328125,832.6619262695312,-0.008363598806743686,0.005917389642959163,0.01428098844970285,0.01428098844970285,False,13.437406539916992,7.148013698024442,0.025520263996440917
HDFCBANK,2025-02-12,821.6212496887092,830.8420433946073,815.8946277958847,828.3184814453125,826.5848388671875,827.8646850585938,821.684326171875,821.9365234375,825.6978759765625,0.0031738067215573,-0.004555361771536477,-0.007729168493093777,0.007729168493093777,False,13.536277770996094,8.254165480000665,0.02509411599021405
HDFCBANK,2025-02-13,824.5331418355402,831.9340426083429,821.8882534526111,823.9022216796875,820.6922607421875,863.150146484375,818.6724853515625,844.0738525390625,828.3184814453125,-0.005331596317782476,0.019020909766807138,0.024352506084589613,0.024352506084589613,False,14.024627685546875,5.543438284017611,0.035044299002038315
HDFCBANK,2025-02-14,825.9405276867242,825.9405276867242,815.3123371576534,822.5191040039062,824.4730834960938,827.3172607421875,808.7420654296875,809.6295166015625,823.9022216796875,-0.001678740073016785,-0.017323299661733245,-0.01564455958871646,0.01564455958871646,True,13.493350982666016,7.195371920999605,0.024941946001490578
HDFCBANK,2025-02-17,817.8359099627821,834.7245465784594,815.918979031997,833.4384765625,821.8728637695312,835.9827880859375,820.3768920898438,833.447265625,822.5191040039062,0.01327552455066368,0.013286210092746794,1.0685542083114369e-05,1.0685542083114369e-05,True,12.152012825012207,5.8180501440074295,0.025559953995980322
HDFCBANK,2025-02-18,831.3516624481879,840.329803960056,828.003046468469,836.2047119140625,829.9473266601562,843.0516357421875,822.611328125,831.4500122070312,833.4384765625,0.0033190636493911118,-0.0023858561986124407,-0.005704919848003552,0.005704919848003552,False,13.792814254760742,7.557742032018723,0.025174235022859648
HDFCBANK,2025-02-19,833.268662828246,843.4115489066289,831.0605014404679,838.21875,833.8057861328125,847.690673828125,829.0117797851562,832.9208984375,836.2047119140625,0.002408546683894415,-0.003927044932628866,-0.006335591616523281,0.006335591616523281,False,13.534639358520508,8.241709806985455,0.02562816397403367
HDFCBANK,2025-02-20,830.3567961314325,832.152400807599,817.8844822121968,818.7579956054688,840.9200439453125,852.2598876953125,837.360595703125,844.2862548828125,838.21875,-0.02321679680218469,0.007238569744249339,0.03045536654643403,0.03045536654643403,False,13.721208572387695,5.088500900019426,0.025393665011506528
HDFCBANK,2025-02-21,815.7491363030065,822.5676355898997,813.9777613134116,821.378662109375,820.625732421875,825.150146484375,810.1424560546875,812.488525390625,818.7579956054688,0.003200782792928057,-0.007657293423079793,-0.01085807621600785,0.01085807621600785,False,14.669410705566406,6.361245828011306,0.025606294017052278
HDFCBANK,2025-02-24,815.8461269965818,817.3505604700815,806.1400281464854,813.9049072265625,814.4006958007812,832.378662109375,807.1443481445312,819.2560424804688,821.378662109375,-0.00909903705511319,-0.0025842156934722045,0.006514821361640987,0.006514821361640987,True,14.85537338256836,2.3350223650049884,0.033524364000186324
HDFCBANK,2025-02-25,810.9931388087847,819.1948048046805,810.9931388087847,816.4528198242188,813.3622436523438,823.9559936523438,810.03955078125,816.3627319335938,813.9049072265625,0.0031304794639197336,0.0030197934490977063,-0.00011068601482202732,0.00011068601482202732,True,14.395331382751465,4.612025445996551,0.02508257600129582
HDFCBANK,2025-02-27,816.5499767026564,830.235554429422,816.5499767026564,825.3582153320312,813.9237670898438,821.9346923828125,808.3402099609375,813.5028076171875,816.4528198242188,0.01090742207214107,-0.003613205975167535,-0.014520628047308606,0.014520628047308606,False,12.144108772277832,9.493579542991938,0.025547753990394995
HDFCBANK,2025-02-28,817.738902393146,843.0960879421323,817.738902393146,840.7423706054688,825.7273559570312,829.6527099609375,820.0681762695312,824.7710571289062,825.3582153320312,0.01863936771653584,-0.0007113980235706427,-0.019350765740106485,0.019350765740106485,False,14.099955558776855,3.3369909079920035,0.025291364989243448
HDFCBANK,2025-03-03,844.3336059197142,845.9108470636534,822.1551333662954,825.7706909179688,836.333984375,844.7197265625,832.925048828125,838.763427734375,840.7423706054688,-0.017807690216347725,-0.002353804138202997,0.015453886078144729,0.015453886078144729,True,14.335386276245117,4.781097423023311,0.025002176000270993
HDFCBANK,2025-03-04,824.04786119963,831.9583561196923,821.7426625301964,829.8715209960938,826.8526000976562,838.5908203125,822.5859375,834.0217895507812,825.7706909179688,0.004966063972997526,0.009991997443794183,0.005025933470796657,0.005025933470796657,True,13.838623046875,4.652364804991521,0.024925247009377927
HDFCBANK,2025-03-05,825.9647760106438,830.2597724194886,819.316121569752,820.1654052734375,822.5491333007812,826.1243896484375,814.3863525390625,818.496826171875,829.8715209960938,-0.011695925787411058,-0.013706573290484433,-0.0020106475030733754,0.0020106475030733754,True,15.72427749633789,4.50392010199721,0.02503478599828668
HDFCBANK,2025-03-06,818.7094845214233,824.9699304836942,811.5512362127743,820.7477416992188,816.4293212890625,826.7672119140625,808.56494140625,815.3942260742188,820.1654052734375,0.0007100231514728459,-0.005817337781551603,-0.006527360933024449,0.006527360933024449,False,14.931421279907227,4.085709350008983,0.03300816600676626
HDFCBANK,2025-03-07,816.2829306934012,825.5765323887408,814.1475770525966,819.8013916015625,810.40625,827.8743896484375,799.5775756835938,815.98681640625,820.7477416992188,-0.0011530340561120434,-0.005800716896414559,-0.004647682840302515,0.004647682840302515,True,16.065412521362305,2.32930906600086,0.030705274984939024
HDFCBANK,2025-03-10,819.6801059027778,824.969941998729,816.7925649870414,818.9521484375,817.2105102539062,818.162109375,806.572021484375,806.6452026367188,819.8013916015625,-0.001035913298955763,-0.016048019800432203,-0.015012106501476441,0.015012106501476441,True,15.868860244750977,2.457497505005449,0.025589783996110782
HDFCBANK,2025-03-11,816.4771337496867,822.1066598317914,810.4836289220838,817.9815673828125,816.1709594726562,824.1494750976562,811.8832397460938,817.8694458007812,818.9521484375,-0.001185149897389361,-0.0013220584850830008,-0.00013690858769363967,0.00013690858769363967,True,15.858283996582031,3.1209688969829585,0.0337504839990288
HDFCBANK,2025-03-12,820.9176003909492,833.9965449140485,820.9176003909492,830.4295654296875,813.779052734375,820.5668334960938,808.0830078125,815.779296875,817.9815673828125,0.015217944441832857,-0.0026923229026527013,-0.01791026734448556,0.01791026734448556,False,14.712661743164062,5.571257900010096,0.02617783099412918
HDFCBANK,2025-03-13,832.8076643515269,835.112863088808,825.0427843943695,828.2214965820312,829.4835205078125,837.0411987304688,825.8534545898438,833.8585205078125,830.4295654296875,-0.0026589477778452327,0.004129134150408967,0.0067880819282542,0.0067880819282542,False,13.015379905700684,7.671595124993473,0.02489993700874038
HDFCBANK,2025-03-17,827.4449541690359,836.6657483797172,827.4449541690359,830.0656127929688,829.5095825195312,840.2457275390625,825.2256469726562,834.6603393554688,828.2214965820312,0.0022265978588432464,0.007774300473979263,0.005547702615136017,0.005547702615136017,True,14.119136810302734,2.562754340004176,0.025451674999203533
HDFCBANK,2025-03-18,830.0656127929688,830.0656127929688,830.0656127929688,830.0656127929688,830.319580078125,840.5069580078125,821.6860961914062,827.2039184570312,830.0656127929688,0.0,-0.0034475519667759697,-0.0034475519667759697,0.0034475519667759697,False,13.72650146484375,5.4324347600049805,0.03574069601017982
HDFCBANK,2025-03-19,842.004146653194,849.7690263917825,840.6452690024086,846.42041015625,830.617431640625,840.22705078125,824.66748046875,825.87744140625,830.0656127929688,0.01970301758225032,-0.005045590760743085,-0.024748608342993406,0.024748608342993406,False,12.915081024169922,5.7118942020169925,0.026032002991996706
HDFCBANK,2025-03-20,851.2249302948321,860.9310298420936,848.9440205977578,858.3831787109375,842.0776977539062,843.4954223632812,825.6041870117188,830.5780029296875,846.42041015625,0.014133364946243631,-0.01871694850037699,-0.03285031344662062,0.03285031344662062,False,13.406499862670898,6.661900321021676,0.025674953998532146
HDFCBANK,2025-03-21,851.9771897387066,860.9795616616999,851.9771897387066,859.15966796875,855.1559448242188,861.1322021484375,849.3037719726562,856.1561279296875,858.3831787109375,0.0009045951470980357,-0.00259447160252422,-0.0034990667496222557,0.0034990667496222557,False,14.210760116577148,5.480123662011465,0.025554933992680162
HDFCBANK,2025-03-24,863.3575457763671,875.6843039218336,860.7611760226637,873.5489501953125,852.3615112304688,858.0537109375,847.0906372070312,852.9027709960938,859.15966796875,0.016748088583559858,-0.007282577623143072,-0.02403066620670293,0.02403066620670293,False,12.8891019821167,6.387306460994296,0.02520059500238858
HDFCBANK,2025-03-25,875.9269782864857,894.7567761384419,874.2769294910811,883.958740234375,862.7268676757812,873.8283081054688,857.6934204101562,865.8346557617188,873.5489501953125,0.011916664815102836,-0.008830981288305537,-0.020747646103408374,0.020747646103408374,False,12.444910049438477,7.821793502022047,0.025052835990209132
HDFCBANK,2025-03-26,885.681575218163,886.8948376499686,874.5195608455505,876.7277221679688,881.3926391601562,888.2658081054688,872.5841064453125,879.5979614257812,883.958740234375,-0.008180266495797077,-0.004933237955696351,0.003247028540100726,0.003247028540100726,True,12.885689735412598,10.803026292996947,0.030087127990555018
HDFCBANK,2025-03-27,873.548970937254,893.4464752752693,872.6268796196651,885.8514404296875,875.9932861328125,886.3079833984375,870.9600830078125,879.0595703125,876.7277221679688,0.01040655842290199,0.002659717590274282,-0.007746840832627708,0.007746840832627708,True,13.044401168823242,8.18389950398705,0.025623373978305608
HDFCBANK,2025-03-28,887.6228257936006,891.0199607200933,876.3880034384333,887.2345581054688,884.3074951171875,894.2904663085938,872.4785766601562,886.0318603515625,885.8514404296875,0.001561342695464107,0.0002036683733194431,-0.001357674322144664,0.001357674322144664,True,12.414291381835938,6.412638025009073,0.025531363993650302
HDFCBANK,2025-04-01,874.5195883202217,878.3535095734435,856.7331486628899,857.9464111328125,884.6318359375,893.0653076171875,880.021728515625,886.5436401367188,887.2345581054688,-0.03301060210638759,-0.0007787320302596555,0.03223187007612794,0.03223187007612794,True,14.299497604370117,4.970075655000983,0.025501984026050195
HDFCBANK,2025-04-02,859.3294691298255,873.16066049231,859.3294691298255,872.0444946289062,854.8001708984375,866.135009765625,852.0324096679688,864.2711181640625,857.9464111328125,0.016432359076459062,0.007371913850538758,-0.009060445225920304,0.009060445225920304,True,14.176937103271484,6.557306902017444,0.025433284987229854
HDFCBANK,2025-04-03,864.3766781830471,875.490173946712,862.3869396359797,871.0496215820312,881.63134765625,890.4517211914062,861.6210327148438,870.8695068359375,872.0444946289062,-0.0011408512444062418,-0.0013473943132554947,-0.0002065430688492529,0.0002065430688492529,True,13.61789321899414,7.009230568015482,0.032683947996702045
HDFCBANK,2025-04-04,879.8579280746396,893.9074835384829,878.9358367650708,881.9447631835938,864.3421630859375,871.4645385742188,859.2265625,865.6452026367188,871.0496215820312,0.012508060771296079,-0.006204490319962257,-0.018712551091258335,0.018712551091258335,False,14.763670921325684,5.811932117008837,0.02513769597862847
HDFCBANK,2025-04-07,855.4956105111871,863.7700245665659,843.5570610557007,853.0205078125,880.9412231445312,888.4219970703125,874.97216796875,881.2333374023438,881.9447631835938,-0.03279599423742211,-0.0008066557124075843,0.031989338525014524,0.031989338525014524,True,14.831655502319336,5.232175002020085,0.024941306008258834
HDFCBANK,2025-04-08,856.5633039940931,864.8134887917699,849.4293443655757,858.5773315429688,850.9570922851562,865.2830810546875,849.8850708007812,861.4956665039062,853.0205078125,0.006514290898725004,0.009935468858937622,0.003421177960212618,0.003421177960212618,True,14.676647186279297,7.132162697991589,0.02533488502376713
HDFCBANK,2025-04-09,856.5632934570312,861.4163432783175,850.982286162552,856.5632934570312,860.919189453125,867.7481689453125,856.9734497070312,862.67626953125,858.5773315429688,-0.0023457853031339957,0.0047741046003566805,0.007119889903490676,0.007119889903490676,False,14.413793563842773,6.49520784500055,0.02548761499929242
HDFCBANK,2025-04-11,861.2950087869681,882.9638878798253,861.2950087869681,876.8247680664062,860.41552734375,876.4598999023438,859.3568725585938,871.8016357421875,856.5632934570312,0.023654381134639878,0.017790094907820922,-0.005864286226818956,0.005864286226818956,True,13.214680671691895,5.932981274003396,0.024969516991404817
HDFCBANK,2025-04-15,905.0937456982635,910.8203678930464,900.240696123474,905.0452270507812,879.838623046875,898.2682495117188,876.9078369140625,886.9420166015625,876.8247680664062,0.032184833289560684,0.011538506784504998,-0.020646326505055684,0.020646326505055684,True,15.254935264587402,5.243350198987173,0.0333460450056009
HDFCBANK,2025-04-16,914.2175024102767,914.2175024102767,902.9098732067754,911.4027099609375,899.8424682617188,908.7979736328125,893.8795776367188,900.1919555664062,905.0452270507812,0.007024491948179223,-0.005362462934797277,-0.0123869548829765,0.0123869548829765,False,15.089004516601562,5.910342788993148,0.02545473398640752
HDFCBANK,2025-04-17,913.3439239431574,931.6398970227459,910.7717839889756,925.3309326171875,909.5044555664062,922.6817016601562,904.7933349609375,917.7601318359375,911.4027099609375,0.01528218262248415,0.006975425687808716,-0.008306756934675433,0.008306756934675433,True,14.064630508422852,7.539568909996888,0.025724752980750054
HDFCBANK,2025-04-21,933.7267676045618,946.6843866809207,926.9324979858176,935.231201171875,907.1064453125,914.7716064453125,896.00732421875,903.9321899414062,925.3309326171875,0.010699165245330964,-0.023125502370549177,-0.03382466761588014,0.03382466761588014,False,13.67123794555664,6.182691488007549,0.03438141100923531
HDFCBANK,2025-04-22,939.0651467003056,956.3419923313835,939.0651467003056,952.0227661132812,928.34423828125,943.263427734375,923.425048828125,937.3505859375,935.231201171875,0.017954453316319938,0.002266161311736972,-0.015688292004582965,0.015688292004582965,True,14.1062650680542,6.523695809009951,0.025176845025271177
HDFCBANK,2025-04-23,960.3700581866361,960.3700581866361,932.0282348743439,933.6782836914062,960.952880859375,971.7257690429688,956.0103759765625,962.6429443359375,952.0227661132812,-0.019268953511235875,0.011155382623898886,0.03042433613513476,0.03042433613513476,False,12.139822959899902,7.425409227987984,0.025544613978127018
HDFCBANK,2025-04-24,926.9325074354753,933.6782584739785,924.5545011964061,930.2326049804688,932.7330322265625,939.859375,915.16748046875,917.3822021484375,933.6782836914062,-0.0036904346723312513,-0.017453636683655408,-0.013763202011324157,0.013763202011324157,True,12.620665550231934,5.891591748979408,0.026007022010162473
HDFCBANK,2025-04-25,934.1150265036636,938.094503546439,918.099962552793,927.5148315429688,922.9610595703125,929.9133911132812,906.6967163085938,909.739501953125,930.2326049804688,-0.002921606298197925,-0.022030084645091562,-0.019108478346893637,0.019108478346893637,True,12.437202453613281,7.540631634998135,0.024957856978289783
HDFCBANK,2025-04-28,927.5148236825167,936.4929655182809,926.156005327847,931.882568359375,924.2969970703125,931.7887573242188,916.6929321289062,926.3048095703125,927.5148315429688,0.004709074904107242,-0.0013045850389727094,-0.006013659943079951,0.006013659943079951,False,13.488103866577148,6.143228064989671,0.025029165990417823
HDFCBANK,2025-04-29,931.2032697895866,936.0563198526106,922.1765492792948,926.3502197265625,928.4197998046875,932.337646484375,918.7659301757812,924.0266723632812,931.882568359375,-0.005936744414644939,-0.008430135150960534,-0.002493390736315595,0.002493390736315595,True,13.450486183166504,4.7780519840016495,0.032739907008362934
HDFCBANK,2025-04-30,928.3883766867898,939.9871769317172,927.0780770079656,934.2120361328125,932.3695678710938,940.2564086914062,927.70947265625,934.4647827148438,926.3502197265625,0.008486872717070904,0.008759713999610735,0.00027284128253983117,0.00027284128253983117,True,13.943830490112305,4.7601260019873735,0.025053616001969203
HDFCBANK,2025-05-02,936.5415627453439,942.4137410838799,931.7855503024763,932.7076416015625,948.7293701171875,955.5982055664062,934.6477661132812,940.5552368164062,934.2120361328125,-0.0016103352055679653,0.006789893983652301,0.008400229189220267,0.008400229189220267,False,12.865665435791016,7.065921956003876,0.02524904499296099
HDFCBANK,2025-05-05,941.0063068714467,947.3152712805899,937.754787372496,939.9386596679688,919.8145141601562,951.5433349609375,923.3632202148438,937.3131713867188,932.7076416015625,0.0077527166540522705,0.00493780642479571,-0.0028149102292565602,0.0028149102292565602,True,13.312426567077637,6.148048937000567,0.0251563859928865
HDFCBANK,2025-05-06,936.638567281111,941.5401354999643,933.8723527219415,937.4635620117188,952.6834106445312,965.4620361328125,949.7096557617188,958.549560546875,939.9386596679688,-0.0026332544478214386,0.019800122792566602,0.02243337724038804,0.02243337724038804,False,13.02086067199707,5.684955713019008,0.025920932996086776
HDFCBANK,2025-05-07,938.5797640346196,945.7137230326645,932.950238518458,944.2092895507812,940.5892333984375,938.9171142578125,927.1001586914062,927.6970825195312,937.4635620117188,0.007195722385824501,-0.010417983042700292,-0.017613705428524792,0.017613705428524792,False,13.467594146728516,4.765746111021144,0.02472519699949771
HDFCBANK,2025-05-08,948.6741890736062,948.6741890736062,931.348765916796,935.91064453125,935.8773193359375,939.3223876953125,924.69287109375,928.9954223632812,944.2092895507812,-0.008788988957606452,-0.01611281244091358,-0.007323823483307129,0.007323823483307129,True,13.580923080444336,6.452380636008456,0.02532500500092283
HDFCBANK,2025-05-09,926.9809824392288,931.3002083857921,915.6734125356725,917.0807495117188,938.7608642578125,952.4253540039062,929.0582885742188,945.301513671875,935.91064453125,-0.020119329905647333,0.010033937743413966,0.0301532676490613,0.0301532676490613,False,14.512673377990723,6.49335137300659,0.025384545006090775
HDFCBANK,2025-05-12,930.6208021509265,951.149226156264,928.0487213449755,949.8388671875,917.1943359375,930.5875244140625,911.9089965820312,921.3079223632812,917.0807495117188,0.03571999269772335,0.004609379112813319,-0.031110613584910032,0.031110613584910032,True,12.669897079467773,5.925329902995145,0.025770253007067367
HDFCBANK,2025-05-13,946.3447318748346,952.0227765695508,931.7855821536832,933.04736328125,941.1912231445312,945.6219482421875,933.9425048828125,939.3712158203125,949.8388671875,-0.017678265742030668,-0.011020449603396957,0.006657816138633711,0.006657816138633711,True,14.077733993530273,5.913586665992625,0.0249517560005188
HDFCBANK,2025-05-14,932.8047011833116,936.7356597192896,923.5353878045329,927.2236938476562,929.5846557617188,945.6464233398438,912.9752197265625,913.8887939453125,933.04736328125,-0.006241558213201136,-0.02053332991431701,-0.014291771701115875,0.014291771701115875,True,14.876222610473633,5.080476500996156,0.0250226559874136
HDFCBANK,2025-05-15,928.6310733577037,943.8211428321799,920.6235412383402,938.4827880859375,930.60107421875,939.0949096679688,921.3510131835938,922.0977783203125,927.2236938476562,0.012142802554537752,-0.00552824044656687,-0.01767104300110462,0.01767104300110462,False,13.166027069091797,5.893639230984263,0.02527835499495268
HDFCBANK,2025-05-16,938.4828285590543,943.3358785376587,935.8621697223413,938.9195556640625,935.5247192382812,939.3441162109375,927.71630859375,930.6878662109375,938.4827880859375,0.0004653975370350691,-0.00830587622272537,-0.008771273759760438,0.008771273759760438,False,13.735062599182129,5.863730862998636,0.025354315002914518
HDFCBANK,2025-05-19,940.0357230243618,943.9181627683963,937.1238932163359,940.8607177734375,944.0489501953125,953.0106811523438,939.6731567382812,947.04931640625,938.9195556640625,0.0020674424104438734,0.00865863395127352,0.006591191540829647,0.006591191540829647,True,13.671339988708496,6.096146602008957,0.02555904400651343
HDFCBANK,2025-05-20,935.7164876572758,938.8709699179398,928.3883945615378,929.3104858398438,944.9249877929688,958.2366943359375,939.5874633789062,951.7987060546875,940.8607177734375,-0.01227623995284612,0.01162551276147965,0.02390175271432577,0.02390175271432577,False,12.633975982666016,7.345452517009107,0.025341015018057078
HDFCBANK,2025-05-21,935.1826696209016,944.8402502940019,932.3193584728106,935.0856323242188,925.8587036132812,933.1905517578125,922.7099609375,929.1563110351562,929.3104858398438,0.0062144423982861225,-0.00016590236205950903,-0.0063803447603456315,0.0063803447603456315,False,13.165767669677734,6.01023870400968,0.03249967802548781
HDFCBANK,2025-05-22,929.4560915529987,933.8238364554871,924.603041661345,931.737060546875,934.7086181640625,939.1652221679688,912.494384765625,918.1163330078125,935.0856323242188,-0.003581032219499136,-0.01814732119691317,-0.014566288977414035,0.014566288977414035,True,12.59787368774414,6.336545340978773,0.025372914009494707
HDFCBANK,2025-05-23,931.834003427317,940.03566876142,929.1163076116359,938.3856201171875,918.7879028320312,945.0926513671875,909.614501953125,926.45458984375,931.737060546875,0.0071356607479047636,-0.005669486518036,-0.012805147265940764,0.012805147265940764,False,12.253050804138184,5.318632686976343,0.033911503007402644
HDFCBANK,2025-05-26,939.0651219212037,946.2961778607493,935.13416349166,941.5886840820312,927.9381103515625,938.3395385742188,924.6569213867188,931.953125,938.3856201171875,0.003413377076732852,-0.006854852609936837,-0.010268229686669688,0.010268229686669688,False,11.818252563476562,6.469216533005238,0.026130332000320777
HDFCBANK,2025-05-27,937.4150984573373,945.3741120704678,929.9899677215004,934.843017578125,942.1334228515625,946.8375244140625,937.3347778320312,942.1573486328125,941.5886840820312,-0.007164132936116049,0.0006039415727852013,0.007768074508901251,0.007768074508901251,False,12.878732681274414,6.806834877002984,0.02587636301177554
HDFCBANK,2025-05-28,931.8826007257043,938.8224856498367,930.6693382733266,933.484130859375,940.1478881835938,947.1911010742188,937.3480224609375,941.9012451171875,934.843017578125,-0.0014535988323156486,0.007550174100190723,0.009003772932506371,0.009003772932506371,False,14.398824691772461,6.005976419983199,0.03247339799418114
HDFCBANK,2025-05-29,935.6679454442282,941.8798725130029,925.6221566559584,935.42529296875,930.0797119140625,938.854736328125,927.0180053710938,934.01708984375,933.484130859375,0.0020794805666251082,0.0005709352379502719,-0.0015085453286748365,0.0015085453286748365,True,13.173912048339844,8.088655769999605,0.02591437299270183
HDFCBANK,2025-05-30,937.5607250510722,945.762391256773,934.4062426059052,943.8696899414062,930.4364013671875,940.2345581054688,923.8480834960938,932.0261840820312,935.42529296875,0.00902733445004074,-0.0036337577273873275,-0.012661092177428068,0.012661092177428068,False,15.929872512817383,4.381512201012811,0.025537654000800103
HDFCBANK,2025-06-02,936.6871049098005,939.5504160632175,925.9618769879231,937.65771484375,947.0445556640625,954.6311645507812,943.2285766601562,950.29248046875,943.8696899414062,-0.00658139059221393,0.006804742853584445,0.013386133445798375,0.013386133445798375,False,14.598677635192871,6.692048268014332,0.025272494996897876
HDFCBANK,2025-06-03,940.5210428582492,947.3153125176999,931.7855532960983,934.0179443359375,928.3008422851562,955.9654541015625,892.7413940429688,934.0136108398438,937.65771484375,-0.0038817688482614644,-0.0038863904666037955,-4.621618342331123e-06,4.621618342331123e-06,True,13.430100440979004,6.007195135985967,0.02540985497762449
HDFCBANK,2025-06-04,932.2708984103567,943.0932235303936,932.2223797589662,942.0740356445312,941.8890991210938,947.112060546875,932.0255126953125,931.647216796875,934.0179443359375,0.008625199716394551,-0.002538203418295165,-0.011163403134689717,0.011163403134689717,False,16.00464630126953,7.146875562990317,0.025908062991220504
HDFCBANK,2025-06-05,945.3740976135492,950.6639337246427,941.588695086737,946.1505737304688,944.022216796875,956.112060546875,929.5380249023438,934.4882202148438,942.0740356445312,0.004327195031066202,-0.008052249762405959,-0.012379444793472161,0.012379444793472161,False,14.926570892333984,4.614096639998024,0.025768993014935404
HDFCBANK,2025-06-06,943.432829986841,968.8143027617217,942.8019098505041,960.2728881835938,944.4955444335938,955.8087768554688,932.17138671875,934.6668090820312,946.1505737304688,0.01492607502994343,-0.012137354209023496,-0.027063429238966926,0.027063429238966926,False,13.889636993408203,6.472177372983424,0.02604652298032306
HDFCBANK,2025-06-09,968.1833931080394,968.1833931080394,958.9140802403333,960.3699951171875,963.4942626953125,971.390869140625,958.300537109375,965.1516723632812,960.2728881835938,0.00010112431037955557,0.0050806226435445604,0.004979498333165005,0.004979498333165005,True,15.672769546508789,3.954033084010007,0.025120125006651506
HDFCBANK,2025-06-10,962.2627345803987,962.2627345803987,951.7315810074685,953.7698974609375,964.700927734375,970.49658203125,958.3238525390625,963.595703125,960.3699951171875,-0.006872453002287555,0.0033588179807917556,0.010231270983079311,0.010231270983079311,False,14.251596450805664,7.169865896023111,0.025329735013656318
HDFCBANK,2025-06-11,954.8861016587219,954.8861016587219,944.8888305540286,946.5388793945312,954.8448486328125,958.810546875,947.3115844726562,952.4613037109375,953.7698974609375,-0.0075815121505262255,-0.0013720224904179203,0.006209489660108305,0.006209489660108305,True,14.749088287353516,6.607755364006152,0.024622978002298623
HDFCBANK,2025-06-12,946.3446634564742,951.68301796828,939.2107043054103,943.1416625976562,951.6907958984375,954.0216064453125,934.2352294921875,937.841552734375,946.5388793945312,-0.00358909377187769,-0.009188557226217305,-0.005599463454339615,0.005599463454339615,True,15.747868537902832,3.815278333990136,0.024916146998293698
HDFCBANK,2025-06-13,931.7855323379068,938.0944968797781,928.3883975845915,930.6207885742188,940.4857177734375,944.6898193359375,934.995849609375,938.5621948242188,943.1416625976562,-0.013275708750848492,-0.004855546048961998,0.008420162701886494,0.008420162701886494,True,14.439654350280762,5.500368475011783,0.025103655993007123
HDFCBANK,2025-06-16,933.7267280054107,940.957783641244,931.8340268436207,939.2592163085938,939.6240234375,953.155517578125,937.0785522460938,946.34326171875,930.6207885742188,0.009282435811056535,0.01689460770441123,0.007612171893354695,0.007612171893354695,True,15.580360412597656,5.832772928988561,0.03302297697518952
HDFCBANK,2025-06-17,940.0357266330969,942.268117646221,931.3487558242051,936.4444580078125,932.358642578125,941.0681762695312,930.240966796875,937.075439453125,939.2592163085938,-0.002996785394178619,-0.0023249991243644817,0.0006717862698141373,0.0006717862698141373,True,14.673351287841797,5.551373975002207,0.024956227018265054
HDFCBANK,2025-06-18,930.329645039179,939.6960548333931,930.329645039179,938.5313110351562,935.172607421875,941.8934326171875,926.0592651367188,929.7990112304688,936.4444580078125,0.002228485640016826,-0.007096466555508526,-0.009324952195525352,0.009324952195525352,False,14.602319717407227,7.204443855996942,0.031103783985599875
HDFCBANK,2025-06-19,938.5313155721643,944.7917616817875,934.5032605291775,939.2107543945312,927.119384765625,937.26171875,923.2232666015625,930.17919921875,938.5313110351562,0.0007239431986830633,-0.00889912964884918,-0.009623072847532242,0.009623072847532242,False,14.43503189086914,4.817994104989339,0.02511166501790285
HDFCBANK,2025-06-20,937.4150552584099,956.0022590492599,937.4150552584099,953.4786376953125,937.9375610351562,939.9544067382812,931.087158203125,931.7799072265625,939.2107543945312,0.01519135426635861,-0.007911799490370078,-0.023103153756728688,0.023103153756728688,False,15.425203323364258,4.946509342989884,0.025248465011827648
HDFCBANK,2025-06-23,945.5681762695312,950.1785732937573,942.3651754483343,945.5681762695312,953.033447265625,957.8753662109375,939.559814453125,942.204345703125,953.4786376953125,-0.00829642229311179,-0.011824378173211093,-0.0035279558800993035,0.0035279558800993035,True,16.25146484375,5.333160542999394,0.025215164991095662
HDFCBANK,2025-06-24,953.6242600004867,960.4185295373859,949.0623814631601,951.634521484375,945.816650390625,955.2919921875,942.7388305664062,953.0191650390625,945.5681762695312,0.006415555606764157,0.00787990644833987,0.0014643508415757124,0.0014643508415757124,True,13.97817325592041,5.673387447983259,0.024861596000846475
HDFCBANK,2025-06-25,954.1096083800328,961.8744882040819,953.0904797513926,961.0009155273438,959.885009765625,964.289306640625,952.1874389648438,955.6983032226562,951.634521484375,0.009842427771912788,0.004270317697116007,-0.005572110074796781,0.005572110074796781,True,14.318193435668945,6.387617128988495,0.0345829600119032
HDFCBANK,2025-06-26,961.5833031108746,983.7617170900772,960.9038642878594,981.1896362304688,956.3408203125,963.9482421875,948.4660034179688,953.7237548828125,961.0009155273438,0.021008014016351436,-0.007572480449238646,-0.028580494465590082,0.028580494465590082,False,14.330153465270996,4.877106291998643,0.024960957001894712
HDFCBANK,2025-06-27,987.6660313444861,991.0024333509556,978.0494242399598,988.5982666015625,970.356201171875,979.5899658203125,959.1295776367188,966.8575439453125,981.1896362304688,0.007550661052185797,-0.01460685249409812,-0.022157513546283918,0.022157513546283918,False,14.993624687194824,6.166303878999315,0.02539921400602907
HDFCBANK,2025-06-30,986.9301202198938,988.0586250503452,979.0798184930638,982.023681640625,961.5059204101562,974.0255126953125,961.8611450195312,971.1558227539062,988.5982666015625,-0.006650411176158043,-0.017643611603343146,-0.010993200427185103,0.010993200427185103,True,14.288883209228516,5.908219286997337,0.024841837002895772
HDFCBANK,2025-07-01,983.740927917604,989.138010315157,983.250284063281,987.2244873046875,975.1134643554688,981.9364013671875,965.0308227539062,977.5875854492188,982.023681640625,0.005296008397041644,-0.004517300625576619,-0.009813309022618264,0.009813309022618264,False,12.716181755065918,7.83179683398339,0.02501577598741278
HDFCBANK,2025-07-02,991.0515399227539,991.0515399227539,970.4444979040134,974.418701171875,978.0097045898438,984.1825561523438,971.59033203125,980.0733642578125,987.2244873046875,-0.012971503743565718,-0.007243664575621437,0.005727839167944281,0.005727839167944281,True,13.038650512695312,7.934621199005051,0.032570307987043634
HDFCBANK,2025-07-03,978.7854199779471,985.2128423794024,973.584607191008,974.9583740234375,974.078369140625,981.4252319335938,967.8187866210938,976.7125854492188,974.418701171875,0.0005538408190580371,0.0023541053497690805,0.0018002645307110435,0.0018002645307110435,True,13.283971786499023,9.504278423002688,0.02499445600551553
HDFCBANK,2025-07-04,974.9583893832662,983.0049605598704,971.4748300017685,976.037841796875,978.3634033203125,982.6357421875,972.578857421875,978.1069946289062,974.9583740234375,0.0011071937040581284,0.0032294923448629807,0.002122298640804852,0.002122298640804852,True,12.779470443725586,8.430096791009419,0.0257999129826203
HDFCBANK,2025-07-07,975.8906089947405,980.5026731224453,973.3392849545877,975.1055908203125,980.2257080078125,983.6301879882812,973.247802734375,977.5343627929688,976.037841796875,-0.0009551381479699968,0.0015332612446036632,0.00248839939257366,0.00248839939257366,False,15.694405555725098,7.44178983598249,0.025577054999303073
HDFCBANK,2025-07-08,970.0028875050783,983.740915249207,970.0028875050783,981.974609375,974.8111572265625,977.4893188476562,967.0828247070312,971.1729125976562,975.1055908203125,0.007044384340888563,-0.004033079350255662,-0.011077463691144224,0.011077463691144224,False,14.85371208190918,7.951018436986487,0.025516453984891996
HDFCBANK,2025-07-09,984.7221568062151,988.058558773539,980.3554147849677,986.7828369140625,979.3125,983.751708984375,973.902587890625,978.8475341796875,981.974609375,0.0048964886598471275,-0.0031844766305136932,-0.008080965290360821,0.008080965290360821,False,16.199825286865234,2.741671210009372,0.025046865979675204
HDFCBANK,2025-07-10,989.1379844829171,989.6286283244265,981.2876830187669,984.3296508789062,984.4083862304688,992.5797119140625,980.4361572265625,988.4454345703125,986.7828369140625,-0.002486044490627774,0.001684866815731609,0.0041709113063593825,0.0041709113063593825,False,14.01677131652832,4.4018126349837985,0.025411995011381805
HDFCBANK,2025-07-11,980.306453474884,983.642855752239,971.9164552660966,973.2902221679688,986.4854736328125,994.1729736328125,982.4992065429688,990.6110229492188,984.3296508789062,-0.011215174409386543,0.006381370371911355,0.0175965447812979,0.0175965447812979,False,14.165380477905273,4.4700685189745855,0.02545274401200004
HDFCBANK,2025-07-14,972.94677734375,975.7434233970494,966.8627814826074,972.94677734375,975.6492919921875,979.7421875,967.5050048828125,972.4445190429688,973.2902221679688,-0.00035286990087472477,-0.0008689115597156898,-0.000516041658840965,0.000516041658840965,True,13.933732986450195,5.939108280988876,0.02492127599543892
HDFCBANK,2025-07-15,968.0403470063502,983.0540373178538,968.0403470063502,979.079833984375,972.328125,981.7044677734375,962.881591796875,965.6387329101562,972.94677734375,0.006303589038414731,-0.007511247895332468,-0.013814836933747198,0.013814836933747198,False,12.133842468261719,6.096160051994957,0.02543362497817725
HDFCBANK,2025-07-16,990.1192370651518,992.4252390812768,977.6568719540081,979.4722900390625,979.90234375,980.9240112304688,970.0791625976562,972.638671875,979.079833984375,0.00040084173022989986,-0.00657879152015891,-0.00697963325038881,0.00697963325038881,False,14.182738304138184,6.496062912978232,0.03351313399616629
HDFCBANK,2025-07-17,983.2502269350301,983.6427659529008,972.7994894879338,974.8602294921875,980.1331176757812,985.2991943359375,975.208984375,980.6001586914062,979.4722900390625,-0.004708719780823065,0.0011515064426159205,0.005860226223438986,0.005860226223438986,False,15.304837226867676,2.668367654987378,0.033209026005351916
HDFCBANK,2025-07-18,974.8602232374529,979.8157138677898,958.2273856704023,960.38623046875,977.8212890625,984.8722534179688,969.06787109375,977.13818359375,974.8602294921875,-0.014847255622456895,0.002336698156974877,0.01718395377943177,0.01718395377943177,False,13.960758209228516,6.116204096993897,0.02578237300622277
HDFCBANK,2025-07-21,970.5916382285527,982.2689857931025,969.7575676423911,981.5330200195312,961.22607421875,970.7474975585938,949.2373657226562,954.9907836914062,960.38623046875,0.022019047004099405,-0.005617996808128241,-0.027637043812227646,0.027637043812227646,False,14.371094703674316,6.373067323991563,0.02514997500111349
HDFCBANK,2025-07-22,987.7151032772119,990.1192700741381,982.7596124670459,984.771240234375,979.3837280273438,986.6600341796875,974.1265869140625,983.8431396484375,981.5330200195312,0.003299145468156857,0.002353583202794626,-0.0009455622653622309,0.0009455622653622309,True,14.330523490905762,5.3290828979806975,0.02492632600478828
HDFCBANK,2025-07-23,986.6848008986999,995.9089294093236,982.7596500249109,993.2103881835938,988.4710693359375,989.489990234375,979.421142578125,982.6702880859375,984.771240234375,0.008569653138134129,-0.0021334418214096857,-0.010703094959543816,0.010703094959543816,False,13.880301475524902,6.752036453020992,0.024858487013261765
HDFCBANK,2025-07-24,999.7849522880986,999.7849522880986,985.4091233743482,988.2548217773438,997.4788818359375,1004.763916015625,991.0714111328125,998.8712768554688,993.2103881835938,-0.004989442785946747,0.005699586652761219,0.010689029438707965,0.010689029438707965,False,13.463866233825684,6.002958302007755,0.02558418398257345
HDFCBANK,2025-07-25,991.1076548914018,991.1076548914018,983.237817433207,985.9922485351562,988.7177124023438,997.6531372070312,982.310546875,988.0636596679688,988.2548217773438,-0.002289463397829253,-0.00019343402649045643,0.0020960293713387966,0.0020960293713387966,True,14.276006698608398,5.649744876020122,0.025397885008715093
HDFCBANK,2025-07-28,985.205265864704,994.2555908496133,983.9756037755068,987.9105224609375,988.016845703125,995.0672607421875,973.9764404296875,977.9011840820312,985.9922485351562,0.001945526375720643,-0.008206012233002364,-0.010151538608723008,0.010151538608723008,False,13.379096984863281,5.086164969019592,0.02535945500130765
HDFCBANK,2025-07-29,983.6804999207345,996.7640925817828,981.9097985152405,994.3539428710938,987.745361328125,993.5479125976562,983.8956909179688,990.4178466796875,987.9105224609375,0.006522271262082874,0.0025380074022332737,-0.0039842638598496,0.0039842638598496,True,13.779074668884277,7.207618804008234,0.025296965992311016
HDFCBANK,2025-07-30,997.5018784172968,999.764444634085,992.091365270063,996.4197998046875,992.3967895507812,996.8790283203125,987.2799072265625,992.8121948242188,994.3539428710938,0.002077587109102019,-0.0015505022712771295,-0.0036280893803791485,0.0036280893803791485,False,11.061595916748047,6.522045374993468,0.03140046200132929
HDFCBANK,2025-07-31,990.9108782036614,999.1742313953042,987.664582321978,992.6815795898438,998.6179809570312,1002.9873657226562,992.089599609375,996.3834838867188,996.4197998046875,-0.0037516518796359673,-3.644640338928275e-05,0.0037152054762466845,0.0037152054762466845,True,13.226266860961914,6.433007849002024,0.025695684016682208
HDFCBANK,2025-08-01,990.6157884442932,997.6494796779898,988.3040477115343,989.7304077148438,989.3273315429688,997.8727416992188,984.5634155273438,994.8286743164062,992.6815795898438,-0.0029729290194136226,0.0021629239130735527,0.005135852932487176,0.005135852932487176,False,15.142308235168457,5.870362418005243,0.025249325000913814
HDFCBANK,2025-08-04,988.6974801605747,992.8291567300697,977.8764539291843,979.7947387695312,993.6981811523438,998.2186889648438,989.2503662109375,994.6107177734375,989.7304077148438,-0.010038762947834089,0.0049309488933069546,0.014969711841141042,0.014969711841141042,False,14.40035629272461,5.95282753900392,0.025580364017514512
HDFCBANK,2025-08-05,977.0894619202779,980.975205994727,966.7603007320947,972.7118530273438,978.416748046875,984.22119140625,974.70263671875,980.9276733398438,979.7947387695312,-0.007228948535774437,0.0011562978708533262,0.008385246406627763,0.008385246406627763,False,14.629691123962402,5.219864687998779,0.02586941301706247
HDFCBANK,2025-08-06,969.5147509914575,977.8272785976125,968.9737116887809,976.499267578125,972.0125122070312,974.7732543945312,968.5372924804688,971.3928833007812,972.7118530273438,0.003893665466287664,-0.0013559716810867552,-0.00524963714737442,0.00524963714737442,False,13.361701965332031,6.745772995986044,0.025942542997654527
HDFCBANK,2025-08-07,973.9415460716062,984.5166400056098,972.3184281442016,981.4671020507812,975.845947265625,981.4240112304688,960.3582153320312,965.0277099609375,976.499267578125,0.005087391908626083,-0.011747635659408947,-0.01683502756803503,0.01683502756803503,False,13.15294075012207,7.0047345549974125,0.025245984987122938
HDFCBANK,2025-08-08,977.3846207407715,980.1882863803764,968.9737439061473,970.8920288085938,979.2310791015625,985.673583984375,975.1129760742188,981.1450805664062,981.4671020507812,-0.010774760784228857,-0.0003281021683784757,0.01044665861585038,0.01044665861585038,True,14.610193252563477,6.525581972004147,0.02644163099466823
HDFCBANK,2025-08-11,971.8757166821836,982.5491593344192,970.4984711596596,981.5654296875,968.4912719726562,972.0986328125,960.8256225585938,963.7095947265625,970.8920288085938,0.010993396342952625,-0.0073977681028497035,-0.018391164445802327,0.018391164445802327,False,14.744547843933105,7.2241085520072374,0.026425640971865505
HDFCBANK,2025-08-12,979.7455870293594,981.7622208654035,967.7440729221851,968.924560546875,977.1915283203125,980.6668701171875,971.77587890625,974.9154663085938,981.5654296875,-0.012878274599228154,-0.006774854918253786,0.006103419680974368,0.006103419680974368,True,12.575210571289062,5.820808954013046,0.0336542839941103
HDFCBANK,2025-08-13,980.7784409396806,980.7784409396806,968.5309950398891,974.0399169921875,973.0919799804688,978.0530395507812,968.7571411132812,971.3107299804688,968.924560546875,0.00527941663737507,0.0024626988836436983,-0.0028167177537313714,0.0028167177537313714,True,14.296440124511719,6.790668197994819,0.02646155099500902
HDFCBANK,2025-08-14,972.908633518138,981.7622004561191,969.5639286580633,979.35205078125,974.43798828125,977.7166137695312,964.74267578125,969.438720703125,974.0399169921875,0.005453712621415193,-0.004723827236229585,-0.010177539857644777,0.010177539857644777,False,14.320981979370117,7.0016018569876906,0.02664976002415642
HDFCBANK,2025-08-18,988.6483131467888,996.8132573563983,981.5654475516468,985.5003662109375,977.2727661132812,979.7703247070312,974.0012817382812,976.2316284179688,979.35205078125,0.006277942058509867,-0.003186211088027051,-0.009464153146536917,0.009464153146536917,False,13.763200759887695,7.474788102990715,0.025718682998558506
HDFCBANK,2025-08-19,982.8935135816985,986.7300232295675,977.1878335213248,979.35205078125,982.556396484375,988.8772583007812,974.3954467773438,975.3241577148438,985.5003662109375,-0.006238775388107271,-0.010325930709918807,-0.004087155321811535,0.004087155321811535,True,13.681093215942383,6.205691320996266,0.025922443019226193
HDFCBANK,2025-08-20,977.3354453835109,979.7947696044055,973.4005266300795,977.9256591796875,979.258544921875,986.527587890625,975.9651489257812,982.5531616210938,979.35205078125,-0.0014564646088448348,0.0032686007419805325,0.0047250653508253675,0.0047250653508253675,False,13.770112037658691,6.642503523005871,0.026175712002441287
HDFCBANK,2025-08-21,982.5000176251586,982.5000176251586,975.4663263982883,979.4012451171875,972.0286865234375,983.4472045898438,963.976318359375,973.6747436523438,977.9256591796875,0.0015088937729047466,-0.0043468698130996394,-0.005855763586004386,0.005855763586004386,False,15.120019912719727,6.306638212001417,0.03214131999993697
HDFCBANK,2025-08-22,978.7618310909676,981.7621945267439,962.6286407512459,966.317626953125,979.0973510742188,982.3187255859375,969.1580200195312,974.2908935546875,979.4012451171875,-0.013358792659587662,-0.0052178324134032885,0.008140960246184374,0.008140960246184374,True,14.916582107543945,5.949732000997756,0.02586123300716281
HDFCBANK,2025-08-25,964.1534314319724,972.6135426708398,962.5794879672083,966.0717163085938,967.82373046875,974.6548461914062,962.8877563476562,966.9486694335938,966.317626953125,-0.00025448220923654833,0.0006530383621982311,0.0009075205714347795,0.0009075205714347795,False,13.892358779907227,6.6107115219929256,0.033474245021352544
HDFCBANK,2025-08-26,963.5632270654481,969.6623631247153,952.2503356808104,957.5625,964.7844848632812,972.9229125976562,956.4046630859375,964.6036987304688,966.0717163085938,-0.0088080586202315,-0.0015195741199570208,0.007288484500274479,0.007288484500274479,True,15.539379119873047,6.407201144989813,0.0253470349998679
HDFCBANK,2025-08-28,951.2665723546679,956.3819785474136,939.4618165446824,942.2162475585938,965.6245727539062,973.9222412109375,955.7327880859375,963.1882934570312,957.5625,-0.016026371585568827,0.00587511881159846,0.021901490397167288,0.021901490397167288,False,16.867090225219727,2.453075341996737,0.025913082994520664
HDFCBANK,2025-08-29,938.4781016808785,947.6267755693488,934.6415319653455,936.1171264648438,941.2764892578125,963.0397338867188,941.5991821289062,955.3917236328125,942.2162475585938,-0.006473164848890714,0.013983494880668999,0.020456659729559713,0.020456659729559713,False,12.848377227783203,6.199069026013603,0.031184263003524393
HDFCBANK,2025-09-01,934.1496321868741,941.8719458039564,930.9525108908947,935.1333618164062,941.0206298828125,957.3662719726562,931.91455078125,946.409912109375,936.1171264648438,-0.0010508991029280627,0.010995189975212786,0.012046089078140849,0.012046089078140849,False,13.35147476196289,7.565942699991865,0.026760920009110123
HDFCBANK,2025-09-02,935.5269334024698,939.2650942089082,928.6408255856272,929.1326904296875,932.6692504882812,960.36279296875,938.454345703125,945.9113159179688,935.1333618164062,-0.006416915096540909,0.01152557971049965,0.01794249480704056,0.01794249480704056,False,11.225399017333984,7.94012525700964,0.02585689301486127
HDFCBANK,2025-09-03,929.6245191670979,940.740652202688,924.7058709175366,938.9207763671875,941.6148071289062,955.2962646484375,939.932861328125,946.7536010742188,929.1326904296875,0.010534648106045428,0.018964902242738082,0.008430254136692654,0.008430254136692654,True,12.441405296325684,5.743520154996077,0.02672947899554856
HDFCBANK,2025-09-04,944.5772033181551,949.9877162864987,940.6914592688354,945.610107421875,944.1771240234375,952.281494140625,940.5448608398438,944.7136840820312,938.9207763671875,0.007124489331857618,0.0061697513364836806,-0.0009547379953739376,0.0009547379953739376,True,15.032703399658203,4.468482664990006,0.025294734979979694
HDFCBANK,2025-09-05,951.7584261964354,951.7584261964354,938.5272505370174,947.7251586914062,947.36083984375,960.1752319335938,943.9642944335938,947.7122802734375,945.610107421875,0.0022367054380348747,0.002223086275266129,-1.3619162768745835e-05,1.3619162768745835e-05,True,14.059886932373047,7.825950836006086,0.025923552981112152
HDFCBANK,2025-09-08,953.2340258485783,957.3165278914954,944.823149393627,950.2828369140625,958.519287109375,961.2325439453125,945.1343994140625,948.0643310546875,947.7251586914062,0.0026987552237062317,0.0003578805101571538,-0.002340874713549078,0.002340874713549078,True,13.289219856262207,7.4203215170127805,0.025432364986045286
HDFCBANK,2025-09-09,958.1526998830964,958.5462157684692,947.0365666053971,949.4467163085938,951.4633178710938,960.7372436523438,945.4334716796875,947.2880249023438,950.2828369140625,-0.0008798649970191595,-0.0031514954236615154,-0.002271630426642356,0.002271630426642356,True,12.636531829833984,6.491750127985142,0.03309961600461975
HDFCBANK,2025-09-10,958.0543466125587,958.0543466125587,946.0528326679372,950.1845092773438,948.5056762695312,955.7532348632812,944.8704833984375,949.9698486328125,949.4467163085938,0.0007770767501503465,0.0005509865011200049,-0.00022609024903034157,0.00022609024903034157,True,13.824831008911133,6.256501611002022,0.02583407302154228
HDFCBANK,2025-09-11,944.6755555766032,953.4799478098324,944.2820997482355,952.0535278320312,949.547607421875,958.4174194335938,943.7796630859375,945.9547729492188,950.1845092773438,0.0019670059198386314,-0.004451489460022766,-0.006418495379861397,0.006418495379861397,False,13.984436988830566,6.035415059013758,0.025936852995073423
HDFCBANK,2025-09-12,954.1194397337725,954.9555859441327,946.5938836721522,951.5617065429688,949.05126953125,967.4374389648438,945.072265625,953.295166015625,952.0535278320312,-0.000516589954960254,0.0013041684603817881,0.001820758415342042,0.001820758415342042,False,12.79014778137207,6.302382688008947,0.025572234007995576
HDFCBANK,2025-09-15,953.824233432933,956.5294899386951,949.2991011128589,951.3157348632812,952.1459350585938,956.8635864257812,949.086181640625,953.3150024414062,951.5617065429688,-0.00025849262112608235,0.0018425456661210528,0.0021010382872471353,0.0021010382872471353,False,13.579792976379395,6.597123273008037,0.025858513021375984
HDFCBANK,2025-09-16,945.560981879392,953.5783427584718,945.560981879392,951.1190185546875,950.2346801757812,955.6536254882812,939.0471801757812,951.0927734375,951.3157348632812,-0.00020678340679608454,-0.00023437163668200338,-2.7588229885918835e-05,2.7588229885918835e-05,True,13.668521881103516,5.143748543021502,0.02658860999508761
HDFCBANK,2025-09-17,949.4467082101403,958.5462075924,948.6596764461077,950.7747192382812,952.0914306640625,956.5885620117188,940.5734252929688,946.8851928710938,951.1190185546875,-0.00036199393523793095,-0.004451415228798007,-0.004089421293560076,0.004089421293560076,True,13.90981674194336,5.3368111989984754,0.025987482018535957
HDFCBANK,2025-09-18,957.4640913046234,963.7108108355188,953.4799980850369,961.0055541992188,943.7062377929688,963.4557495117188,937.2710571289062,948.5368041992188,950.7747192382812,0.010760524816156233,-0.0023537805473576525,-0.013114305363513885,0.013114305363513885,False,13.786577224731445,5.811735758994473,0.03379443401354365
HDFCBANK,2025-09-19,959.0380500102757,960.8087513537787,946.4462625851606,951.168212890625,959.026611328125,962.6436767578125,938.0242309570312,946.24267578125,961.0055541992188,-0.010236508275741397,-0.015361907486861798,-0.005125399211120402,0.005125399211120402,True,15.055450439453125,4.3357153329998255,0.025281195004936308
HDFCBANK,2025-09-22,948.315388056543,955.3982535857159,946.298754270858,948.5121459960938,947.9771118164062,952.4901123046875,937.6065673828125,942.2202758789062,951.168212890625,-0.002792426048868258,-0.009407312913165733,-0.006614886864297475,0.006614886864297475,True,15.49356460571289,3.691975626978092,0.025970873015467077
HDFCBANK,2025-09-23,951.2665762064279,952.447063800625,939.9536851760515,941.6260375976562,947.7357177734375,955.62744140625,944.0523071289062,950.9816284179688,948.5121459960938,-0.007259905344918861,0.0026035327352415052,0.009863438080160367,0.009863438080160367,False,14.734846115112305,5.032568661001278,0.025577344000339508
HDFCBANK,2025-09-24,936.7074240016012,940.8882751893465,927.6570988338277,935.5761108398438,943.6629638671875,947.5389404296875,938.251220703125,940.619873046875,941.6260375976562,-0.006424978193304325,-0.0010685394313736788,0.005356438761930647,0.005356438761930647,True,14.915098190307617,3.959425684006419,0.02997370800585486
HDFCBANK,2025-09-25,937.0024763946197,942.4129893816753,931.9854792780051,934.3955688476562,934.1454467773438,933.5702514648438,932.7987670898438,928.7017822265625,935.5761108398438,-0.001261834262877615,-0.007347695749852285,-0.00608586148697467,0.00608586148697467,True,15.548079490661621,6.422188780008582,0.026050852000480518
HDFCBANK,2025-09-26,929.7228805294212,935.9695999150294,925.9847198182591,929.6737060546875,925.8367919921875,943.5151977539062,922.850341796875,939.9824829101562,934.3955688476562,-0.005053387398649578,0.0059791743976162735,0.011032561796265852,0.011032561796265852,False,13.33912467956543,5.479135177010903,0.03420650097541511
HDFCBANK,2025-09-29,930.6574059019287,941.232499440892,923.8204729543667,934.8382568359375,930.0481567382812,934.0431518554688,923.89013671875,925.5046997070312,929.6737060546875,0.005555229482790382,-0.004484375884253535,-0.010039605367043916,0.010039605367043916,False,13.626678466796875,6.056206812005257,0.03257824800675735
HDFCBANK,2025-09-30,942.4621986714628,944.3804835370663,930.9033750448373,935.5269165039062,932.1690673828125,940.7139282226562,912.908203125,930.3865966796875,934.8382568359375,0.0007366618374173026,-0.004761957615338862,-0.005498619452756165,0.005498619452756165,False,14.183525085449219,3.603692778007826,0.0258994729956612
HDFCBANK,2025-10-01,937.1992488555558,953.8242439027433,930.6082481971154,949.5450439453125,938.2722778320312,942.2625122070312,930.3488159179688,933.4853515625,935.5269165039062,0.014984205365028338,-0.0021822621085405463,-0.017166467473568883,0.017166467473568883,False,12.13844108581543,6.05000703499536,0.026187462004600093
HDFCBANK,2025-10-03,936.5106471136629,951.0206597658967,936.5106471136629,949.4467163085938,951.9923095703125,963.713623046875,930.9137573242188,956.0192260742188,949.5450439453125,-0.0001035523668368628,0.0068181937973225,0.006921746164159363,0.006921746164159363,False,13.563352584838867,2.6813609360251576,0.025833763007540256
HDFCBANK,2025-10-06,956.0868643620497,961.4973774003239,946.3479168763192,957.6116333007812,947.5596923828125,954.7998657226562,946.091064453125,950.8211059570312,949.4467163085938,0.008599657939660195,0.0014475690155431422,-0.007152088924117053,0.007152088924117053,True,14.196553230285645,4.753500105987769,0.034316992008825764
HDFCBANK,2025-10-07,958.1527020714059,973.7447933808842,955.201513050652,966.514404296875,954.6156616210938,964.2868041992188,947.3447265625,958.2423706054688,957.6116333007812,0.009296849251305443,0.0006586566858147059,-0.008638192565490737,0.008638192565490737,True,13.58318042755127,6.171132299990859,0.03470515998196788
HDFCBANK,2025-10-08,960.1201629857547,969.8591107869768,958.6937429483099,962.7762451171875,972.3419799804688,976.2584838867188,965.9521484375,970.0438232421875,966.514404296875,-0.0038676704279507926,0.0036516982360755403,0.007519368664026332,0.007519368664026332,False,15.115724563598633,6.4032899500161875,0.026600841025356203
HDFCBANK,2025-10-09,958.6445364195181,963.0713198098597,954.3653364923583,961.2022094726562,963.9881591796875,966.956787109375,958.301513671875,961.62158203125,962.7762451171875,-0.0016348924815232236,-0.0011993057491743123,0.0004355867323489113,0.0004355867323489113,True,14.008787155151367,6.075272389978636,0.025868122989777476
HDFCBANK,2025-10-10,963.0713193511867,970.1541847807785,962.1859386567031,964.9404296875,957.9921875,967.24853515625,950.448486328125,956.2606201171875,961.2022094726562,0.0038891090532289217,-0.005141050766185661,-0.009030159819414582,0.009030159819414582,False,13.698060989379883,7.840346532000694,0.02663052998832427
HDFCBANK,2025-10-13,958.4477997344204,965.0388004923793,956.1852335153851,961.1038818359375,969.9185791015625,975.8582763671875,965.6109008789062,971.4237670898438,964.9404296875,-0.003975942694001309,0.006718899118408176,0.010694841812409485,0.010694841812409485,False,14.188040733337402,7.852542686014203,0.026616229995852336
HDFCBANK,2025-10-14,954.2177737318785,964.4977607253469,951.2665847409552,961.25146484375,960.1436767578125,967.199462890625,952.666748046875,959.4259033203125,961.1038818359375,0.00015355572961642946,-0.0017458867322642179,-0.0018994424618806473,0.0018994424618806473,False,13.24189567565918,6.675758587982273,0.02586987300310284
HDFCBANK,2025-10-15,959.1364356766506,968.8753835018975,957.5132576917447,962.3335571289062,956.5872192382812,962.5776977539062,950.2695922851562,956.7764892578125,961.25146484375,0.0011257119752032237,-0.00465536412645665,-0.005781076101659874,0.005781076101659874,False,13.225044250488281,6.265852375014219,0.02656804001890123
HDFCBANK,2025-10-16,966.6619807603523,980.384961573746,965.5306676270898,978.1715698242188,960.13525390625,969.8422241210938,945.7290649414062,953.6619873046875,962.3335571289062,0.016457924155284312,-0.009010981441913054,-0.025468905597197368,0.025468905597197368,False,15.366571426391602,5.2290843130031135,0.026775000005727634
HDFCBANK,2025-10-17,977.7781081157631,992.5832274986775,969.9574453059425,986.2381591796875,975.1181030273438,981.1631469726562,969.7478637695312,977.354736328125,978.1715698242188,0.00824659968078846,-0.0008350615794737708,-0.009081661260262231,0.009081661260262231,False,16.28738021850586,5.098961370997131,0.025286674994276837
HDFCBANK,2025-10-20,980.7784494751901,1003.4042311581684,980.7784494751901,986.6316528320312,982.5573120117188,988.7274780273438,976.5406494140625,983.862548828125,986.2381591796875,0.00039898441231582635,-0.0024087593138136486,-0.002807743726129475,0.002807743726129475,False,14.401243209838867,6.156202766986098,0.026679470000090078
HDFCBANK,2025-10-21,989.6320299074079,993.5669485153896,987.664570603417,991.3043823242188,983.2857666015625,996.3845825195312,980.432861328125,989.4299926757812,986.6316528320312,0.004736042553241506,0.0028362558972415235,-0.0018997866559999823,0.0018997866559999823,True,14.093061447143555,6.374264429003233,0.026654729997972026
HDFCBANK,2025-10-23,999.4693402098319,1003.8961237048558,989.6320435542233,992.386474609375,986.9091186523438,995.7409057617188,984.325439453125,989.5103149414062,991.3043823242188,0.0010915842847573913,-0.0018098047530125084,-0.0029013890377699,0.0029013890377699,False,12.359579086303711,7.890051835012855,0.02598061301978305
HDFCBANK,2025-10-24,994.5506701933195,995.4852253636408,975.1711841959709,978.5650634765625,989.1267700195312,1002.3628540039062,980.2622680664062,982.361328125,992.386474609375,-0.013927448112644732,-0.01010205876528206,0.003825389347362672,0.003825389347362672,True,13.452251434326172,5.793206927017309,0.02588023300631903
HDFCBANK,2025-10-27,980.286584655995,992.6323796093756,979.9914777728962,986.6316528320312,965.1156005859375,969.412109375,961.4617919921875,965.2528076171875,978.5650634765625,0.008243283616533845,-0.013603853597716183,-0.02184713721425003,0.02184713721425003,False,13.794807434082031,6.657570926996414,0.034325232001719996
HDFCBANK,2025-10-28,981.4178939740924,991.5994716753507,978.8109864255694,987.2218627929688,988.781982421875,993.9017944335938,976.2514038085938,979.18701171875,986.6316528320312,0.0005982069997889883,-0.00754551213911709,-0.008143719138906078,0.008143719138906078,False,14.040151596069336,6.5627447629813105,0.02593795201391913
HDFCBANK,2025-10-29,988.5499498614066,996.0262711888014,983.729650556841,991.451904296875,983.8875732421875,993.3047485351562,980.2921142578125,987.1026611328125,987.2218627929688,0.004284793179051927,-0.00012074455059069928,-0.004405537729642627,0.004405537729642627,False,13.628130912780762,6.693742651026696,0.03331162498216145
HDFCBANK,2025-10-30,983.7296659041476,993.0750977302371,980.8768258561881,981.9097900390625,986.4290771484375,995.0728149414062,981.41650390625,988.017578125,991.451904296875,-0.009624384416891755,-0.003463936230280964,0.006160448186610792,0.006160448186610792,True,14.410391807556152,9.487622356013162,0.025084975000936538
HDFCBANK,2025-10-31,977.8272677237645,988.1072545286754,965.1863657946757,971.2362670898438,982.638916015625,990.6531372070312,974.3900756835938,978.7780151367188,981.9097900390625,-0.01087016654431578,-0.003189473141131591,0.00768069340318419,0.00768069340318419,True,13.892120361328125,7.3788190329796635,0.02554535400122404
HDFCBANK,2025-11-03,968.9737116887809,978.3683179002891,967.3013592642496,976.499267578125,970.9462280273438,978.6552734375,967.4702758789062,973.0556030273438,971.2362670898438,0.005418867341157884,0.0018732166406340582,-0.0035456507005238256,0.0035456507005238256,True,13.293651580810547,7.946398974017939,0.02549785398878157
HDFCBANK,2025-11-04,970.9411924643373,980.7784892471573,967.6948965344255,969.2196655273438,971.0602416992188,979.686279296875,968.7568969726562,971.78173828125,976.499267578125,-0.00745479519798907,-0.004831062811317033,0.0026237323866720366,0.0026237323866720366,True,14.004310607910156,5.097864224982914,0.03239847900113091
HDFCBANK,2025-11-06,965.0388182096445,974.9252895070431,958.1527104344483,968.6294555664062,968.6697998046875,975.6485595703125,963.0902099609375,968.8929443359375,969.2196655273438,-0.0006089537613915128,-0.00033709715457381264,0.0002718566068177002,0.0002718566068177002,True,13.083362579345703,6.8239234130014665,0.025712964008562267
HDFCBANK,2025-11-07,964.0550607577244,968.8753600783504,958.8904800750938,966.317626953125,965.4635620117188,981.798828125,959.369873046875,970.7289428710938,968.6294555664062,-0.0023867007140820507,0.0021674824078727036,0.004554183121954754,0.004554183121954754,False,14.071956634521484,5.988444204995176,0.0249654270010069
HDFCBANK,2025-11-10,966.3176552483678,974.8269410200376,964.2518469316628,968.4818725585938,964.18408203125,967.9889526367188,960.2322387695312,962.5083618164062,966.317626953125,0.002239683459250128,-0.003942042482169823,-0.0061817259414199514,0.0061817259414199514,False,12.94424057006836,7.59158715402009,0.025106996006798
HDFCBANK,2025-11-11,967.4981021987119,977.3353986115102,962.0875891716729,975.564697265625,965.2069091796875,978.3150024414062,961.333251953125,965.8072509765625,968.4818725585938,0.007313327082023143,-0.0027616640618840635,-0.010074991143907207,0.010074991143907207,False,13.44447135925293,5.042413123010192,0.032261959015158936
HDFCBANK,2025-11-12,982.549186657653,982.7459446009269,971.629811290036,973.4005126953125,968.8563842773438,986.2427368164062,965.2461547851562,968.1796264648438,975.564697265625,-0.002218391641659866,-0.007570047195722229,-0.005351655554062363,0.005351655554062363,True,12.081957817077637,6.207374584977515,0.02553707399056293
HDFCBANK,2025-11-13,967.990016129637,973.9907432290495,966.6127705451346,970.596923828125,967.4223022460938,978.251953125,958.9341430664062,973.724609375,973.4005126953125,-0.0028802007299384494,0.0003329530603904116,0.0032131537903288612,0.0032131537903288612,False,14.223016738891602,3.53808704399853,0.025056285987375304
HDFCBANK,2025-11-14,960.169315545859,975.5155341538173,960.169315545859,973.4988403320312,970.2343139648438,982.0632934570312,969.8236083984375,976.3424682617188,970.596923828125,0.002989826603262681,0.005919598849471711,0.00292977224620903,0.00292977224620903,True,12.466552734375,6.221075494016986,0.025522053998429328
HDFCBANK,2025-11-17,975.121999344663,981.7129998984626,969.5639028977658,980.3357543945312,969.49462890625,978.0262451171875,967.081787109375,973.5791015625,973.4988403320312,0.007023032569990668,8.244614902815427e-05,-0.0069405864209625134,0.0069405864209625134,True,15.651288986206055,6.002149504027329,0.025039076019311324
HDFCBANK,2025-11-18,981.4178963551165,982.7459073482096,973.8923406153428,976.302490234375,974.0572509765625,978.6082763671875,965.2783203125,969.0277709960938,980.3357543945312,-0.004114166133466436,-0.011534806669804127,-0.007420640536337691,0.007420640536337691,True,16.231521606445312,6.067683708999539,0.030821304011624306
HDFCBANK,2025-11-19,973.8923481205824,980.3357652840727,967.9899702531849,978.41748046875,977.4849243164062,988.0689086914062,972.212646484375,975.6785278320312,976.302490234375,0.002166326784506375,-0.0006391076624151181,-0.0028054344469214927,0.0028054344469214927,False,14.680683135986328,7.205507092003245,0.02678620899678208
HDFCBANK,2025-11-20,979.106143718625,995.1409255797437,976.3025381325072,992.4356689453125,972.2041625976562,985.9867553710938,969.8369140625,975.898681640625,978.41748046875,0.014327410084544408,-0.002574360003173971,-0.016901770087718378,0.016901770087718378,False,14.267265319824219,6.439414524997119,0.02584760301397182
HDFCBANK,2025-11-21,986.7792242744008,991.8946306513916,980.3358068377918,981.8114013671875,974.3582763671875,977.4641723632812,973.0934448242188,974.8084106445312,992.4356689453125,-0.010705245599864108,-0.01776161302174296,-0.007056367421878852,0.007056367421878852,True,14.62635612487793,3.515398059011204,0.02545872499467805
HDFCBANK,2025-11-24,983.7296398293618,994.9933562138265,977.4337461176169,982.8934936523438,987.0475463867188,1000.907958984375,969.2589721679688,991.3697509765625,981.8114013671875,0.0011021386425635513,0.009735423316601183,0.008633284674037631,0.008633284674037631,True,13.723553657531738,6.928611840005033,0.02526969599421136
HDFCBANK,2025-11-25,987.6645910314578,989.7303993265384,972.3184321597589,973.6956176757812,978.96435546875,987.6605834960938,974.5047607421875,981.2223510742188,982.8934936523438,-0.009357957943524502,-0.0017002275311795835,0.007657730412344918,0.007657730412344918,True,12.358219146728516,7.347984266991261,0.02512202601064928
HDFCBANK,2025-11-26,965.3338969506472,990.566586579224,965.3338969506472,987.5662231445312,973.6178588867188,982.5698852539062,969.2625732421875,976.8612670898438,973.6956176757812,0.01424531980729177,0.0032511694174190997,-0.01099415038987267,0.01099415038987267,True,15.334609985351562,2.0868040150089655,0.02516612599720247
HDFCBANK,2025-11-27,985.7954498771661,1000.2562876177888,984.7133712881919,993.0750732421875,985.9262084960938,999.9301147460938,982.3152465820312,992.4462890625,987.5662231445312,0.005578208294847712,0.004941507519799559,-0.0006367007750481529,0.0006367007750481529,True,14.68493366241455,4.145361047005281,0.02550926399999298
HDFCBANK,2025-11-28,990.615779865885,995.583602701878,987.8613487922537,991.2059936523438,994.6222534179688,1006.906494140625,992.6146240234375,1001.3040771484375,993.0750732421875,-0.0018821130851080438,0.00828638652602968,0.010168499611137723,0.010168499611137723,False,14.488672256469727,6.024029332009377,0.024983147013699636
HDFCBANK,2025-12-01,1000.9449320171519,1000.9449320171519,983.0410401436599,985.7954711914062,997.0720825195312,1008.4157104492188,992.4995727539062,998.2484741210938,991.2059936523438,-0.005458524762346413,0.007104961545682586,0.012563486308028999,0.012563486308028999,False,14.165756225585938,7.0320089729793835,0.026041281991638243
HDFCBANK,2025-12-02,971.9249162739843,978.2208101938114,968.9737272569581,973.6956176757812,984.5665893554688,1001.0519409179688,981.4427490234375,994.3189086914062,985.7954711914062,-0.012274202782653726,0.00864625345630651,0.020920456238960237,0.020920456238960237,False,14.300713539123535,4.980742323998129,0.0252043450018391
HDFCBANK,2025-12-03,969.957416921422,985.9921979107919,969.957416921422,984.2214965820312,976.5465087890625,981.814208984375,958.64697265625,964.6359252929688,973.6956176757812,0.010810235473150584,-0.009304439927991105,-0.020114675401141688,0.020114675401141688,False,15.569211959838867,5.541120972979115,0.026025821978691965
HDFCBANK,2025-12-04,983.7296507402166,988.3531921071142,976.8435431850351,980.9752197265625,974.9048461914062,991.0422973632812,969.2786865234375,986.3938598632812,984.2214965820312,-0.003298319399385507,0.0022071894271707177,0.005505508826556225,0.005505508826556225,False,14.64405632019043,5.785736374993576,0.025255725980969146
HDFCBANK,2025-12-05,975.8598190407668,991.5994935414243,974.0891176678615,986.9759521484375,977.82177734375,992.0812377929688,976.8446044921875,985.7367553710938,980.9752197265625,0.006117109077992456,0.004853879638120199,-0.001263229439872257,0.001263229439872257,True,14.26810073852539,6.696675289975246,0.02546535400324501
HDFCBANK,2025-12-08,983.7296369469886,990.1238795871441,981.2703128546212,986.7791748046875,985.1197509765625,993.8126831054688,981.8338623046875,986.294189453125,986.9759521484375,-0.00019937400026987225,-0.0006907591758729755,-0.0004913851756031032,0.0004913851756031032,True,14.237788200378418,7.170364733989118,0.03161361097590998
HDFCBANK,2025-12-09,978.7126738119038,986.4841021884776,977.82729309106,980.8768310546875,980.738525390625,984.964599609375,978.4146118164062,980.5626831054688,986.7791748046875,-0.005981423099213912,-0.0062997799892252244,-0.0003183568900113126,0.0003183568900113126,True,14.689371109008789,6.82092221401399,0.025081575993681327
HDFCBANK,2025-12-10,981.2703481612342,982.2540778335763,969.2688341502419,973.6956176757812,967.3429565429688,980.1044921875,967.28271484375,976.8822631835938,980.8768310546875,-0.007321218272822953,-0.004072445942880099,0.003248772329942854,0.003248772329942854,True,13.263825416564941,5.63276762899477,0.026043452002340928
HDFCBANK,2025-12-11,973.892376646044,986.3857555063869,972.4167821359742,984.0247802734375,970.3938598632812,978.1802368164062,967.1600952148438,972.3388671875,973.6956176757812,0.010608204874447354,-0.0013934030960515399,-0.012001607970498894,0.012001607970498894,False,12.375093460083008,6.9321300679876,0.03555660601705313
HDFCBANK,2025-12-12,986.6808557305643,988.3532081724247,981.9589653386773,985.2052612304688,979.4412231445312,984.8538818359375,976.8970336914062,980.0176391601562,984.0247802734375,0.0011996455584210206,-0.004072195328422277,-0.0052718408868432974,0.0052718408868432974,False,12.920124053955078,8.109804501989856,0.025066656002309173
HDFCBANK,2025-12-15,975.8597989154725,985.5003373398883,975.8597989154725,979.89306640625,976.2163696289062,980.1731567382812,975.0120239257812,977.2932739257812,985.2052612304688,-0.005391967575958844,-0.008030800906204916,-0.002638833330246072,0.002638833330246072,True,13.815340042114258,6.709122414002195,0.025465154001722112
HDFCBANK,2025-12-16,973.9906989646398,982.4508099496376,973.9906989646398,978.1223754882812,977.9361572265625,990.9368896484375,981.034912109375,985.779541015625,979.89306640625,-0.0018070246424569008,0.006007262232157228,0.007814286874614128,0.007814286874614128,False,14.647893905639648,5.76320330001181,0.03306774600059725
HDFCBANK,2025-12-17,979.7947462128429,979.7947462128429,964.8420432983647,967.989990234375,974.9390869140625,981.493896484375,971.1417236328125,979.0740966796875,978.1223754882812,-0.010359015914392242,0.0009730083016771273,0.011332024216069369,0.011332024216069369,False,13.5322265625,8.052385635994142,0.025640764011768624
HDFCBANK,2025-12-18,957.464054962666,971.334679033018,957.464054962666,963.7599487304688,965.7766723632812,973.7610473632812,965.260009765625,969.5616455078125,967.989990234375,-0.004369922774596098,0.0016236276090592242,0.005993550383655322,0.005993550383655322,False,14.085450172424316,5.881032268021954,0.025620913977036253
HDFCBANK,2025-12-19,970.9411706561548,971.9249003123414,962.7762265182249,969.465576171875,963.6395263671875,969.037353515625,961.2798461914062,962.6718139648438,963.7599487304688,0.005920174882679133,-0.0011290516555065048,-0.007049226538185638,0.007049226538185638,False,15.06724739074707,6.968460050993599,0.02565831399988383
HDFCBANK,2025-12-22,971.9249286743926,976.745228147207,967.8916609831689,971.6298217773438,958.6765747070312,968.5582885742188,959.1514892578125,964.6184692382812,969.465576171875,0.0022324109887580518,-0.0049997720937482925,-0.007232183082506344,0.007232183082506344,False,13.757078170776367,7.952163182024378,0.02572716400027275
HDFCBANK,2025-12-23,974.3842218605324,982.647574967353,971.6297908389565,980.3849487304688,964.4515380859375,976.7830810546875,952.38525390625,968.6676025390625,971.6298217773438,0.009010763931792228,-0.0030487117335104446,-0.012059475665302672,0.012059475665302672,False,13.346990585327148,6.63536011998076,0.025595863990020007
HDFCBANK,2025-12-24,976.8435431850351,983.1394369666097,976.8435431850351,980.9752197265625,983.4681396484375,987.564697265625,976.2857055664062,979.2538452148438,980.3849487304688,0.0006020808426915472,-0.0011537340685306332,-0.0017558149112221805,0.0017558149112221805,False,14.65974235534668,5.630248778994428,0.033204886014573276
HDFCBANK,2025-12-26,979.7947606844748,980.9752483081762,971.6298163538564,975.9581909179688,976.1881713867188,981.5601196289062,970.7935180664062,974.5364990234375,980.9752197265625,-0.0051143277706772235,-0.006563591590947356,-0.0014492638202701323,0.0014492638202701323,True,13.732379913330078,6.66831040699617,0.026294521027011797
HDFCBANK,2025-12-29,976.9418827381613,981.1719682293385,971.1379138798658,975.564697265625,963.8314819335938,978.5912475585938,965.9441528320312,971.5538330078125,975.9581909179688,-0.0004031869971536762,-0.004512855111153471,-0.004109668113999794,0.004109668113999794,True,14.508874893188477,5.5148921519867145,0.025588693999452516
HDFCBANK,2025-12-30,974.0891482066822,978.8110386964976,966.219310709625,974.7777709960938,964.8326416015625,976.4496459960938,959.5499877929688,973.3326416015625,975.564697265625,-0.0008066366810288412,-0.002287962725915204,-0.0014813260448863627,0.0014813260448863627,True,14.375012397766113,5.249418766994495,0.02610222200746648
HDFCBANK,2025-12-31,974.8761180311038,981.3687099365719,971.531413084593,975.0728759765625,973.4222412109375,979.371337890625,971.7315673828125,977.54296875,974.7777709960938,0.0003027407776925317,0.002836746832132399,0.002534006054439867,0.002534006054439867,True,12.999076843261719,5.637633500999073,0.026052772998809814
HDFCBANK,2026-01-01,977.3354223369146,981.3195154723957,973.4005036762727,975.023681640625,969.9098510742188,975.077392578125,963.4588623046875,970.6419067382812,975.0728759765625,-5.045195815567171e-05,-0.004544244176460668,-0.004493792218304996,0.004493792218304996,True,14.636091232299805,7.576127831998747,0.026151951984502375
HDFCBANK,2026-01-02,975.0236621058955,986.8775923251652,972.7118614138294,985.3035888671875,977.0153198242188,984.2658081054688,975.0962524414062,982.0584716796875,975.023681640625,0.010543238508079106,0.0072149940268377896,-0.003328244481241317,0.003328244481241317,True,13.11442756652832,8.202681883005425,0.02568237399100326
HDFCBANK,2026-01-05,989.3861276768052,990.0255759869466,960.4152765333309,961.5957641601562,972.82763671875,983.437744140625,970.4070434570312,974.0861206054688,985.3035888671875,-0.024061441544416123,-0.01138478372398458,0.012676657820431543,0.012676657820431543,True,14.769975662231445,6.465462277003098,0.02619810201576911
HDFCBANK,2026-01-06,947.0365425575541,950.9714611429873,940.445541918535,946.544677734375,957.781005859375,972.654296875,953.922119140625,969.7855224609375,961.5957641601562,-0.015652197094406555,0.008516841073997519,0.024169038168404072,0.024169038168404072,False,15.214729309082031,4.3254678010125645,0.026210122014163062
HDFCBANK,2026-01-07,940.4455758755977,940.8882662408619,930.6082790568153,933.608642578125,925.6213989257812,951.9205932617188,932.7627563476562,948.9154663085938,946.544677734375,-0.013666586966833262,0.0025046768842368946,0.016171263851070157,0.016171263851070157,False,12.532085418701172,6.311330145021202,0.02546348498435691
HDFCBANK,2026-01-08,929.3294156929511,937.4943598087852,926.083119844739,931.296875,928.86376953125,950.9306030273438,934.5139770507812,952.7570190429688,933.608642578125,-0.0024761634294013617,0.020510067700279886,0.022986231129681248,0.022986231129681248,False,13.466880798339844,7.168279220990371,0.02553262500441633
HDFCBANK,2026-01-09,929.6245460388378,935.1334082207486,918.1148967937476,923.72216796875,931.7828369140625,942.2330322265625,933.9808959960938,940.0631713867188,931.296875,-0.008133504186030904,0.009412998821368052,0.017546503007398954,0.017546503007398954,False,14.336921691894531,7.51608228799887,0.025396234006620944
HDFCBANK,2026-01-12,922.246544668881,926.6733280832916,914.4750564356341,921.7055053710938,926.2914428710938,936.82177734375,917.9963989257812,930.2527465820312,923.72216796875,-0.002183191729706843,0.0070698515633135514,0.009253043293020395,0.009253043293020395,False,12.949288368225098,3.4050201530044433,0.026156801992328838
HDFCBANK,2026-01-13,932.2806373194226,932.2806373194226,917.4262830054705,922.0989990234375,919.4960327148438,929.367919921875,920.6041259765625,925.7864379882812,921.7055053710938,0.00042691906476713837,0.00442758841452775,0.004000669349760612,0.004000669349760612,True,13.908674240112305,3.7226507810119074,0.02599502299563028
HDFCBANK,2026-01-14,914.8685971701506,924.7550683892156,905.2280583696796,910.3926391601562,922.0396118164062,924.2078857421875,911.6508178710938,914.3422241210938,922.0989990234375,-0.012695339519595015,-0.008412084722528359,0.004283254797066656,0.004283254797066656,True,14.280773162841797,6.279230485990411,0.02526762499473989
HDFCBANK,2026-01-15,910.3926391601562,910.3926391601562,910.3926391601562,910.3926391601562,910.6026000976562,915.3519287109375,898.1878051757812,902.3624877929688,910.3926391601562,0.0,-0.008820536350772094,-0.008820536350772094,0.008820536350772094,False,14.584795951843262,6.590048020996619,0.02586723299464211
HDFCBANK,2026-01-16,906.9987674975428,920.7218085803552,904.2443363942556,915.95068359375,917.3782348632812,920.7547607421875,912.2446899414062,913.6748657226562,910.3926391601562,0.006105106955523153,0.0036052867974941862,-0.0024998201580289665,0.0024998201580289665,True,14.426366806030273,5.514587513986044,0.025150095985736698
HDFCBANK,2026-01-19,920.6726328615482,920.9185652819042,904.5394420693568,912.8027954101562,918.970703125,925.9886474609375,915.9165649414062,921.4390869140625,915.95068359375,-0.003436744182823196,0.0059920292856583115,0.009428773468481508,0.009428773468481508,False,12.108749389648438,6.940382909000618,0.025661004008725286
HDFCBANK,2026-01-20,914.1799618930222,919.2953681382725,904.637772173591,916.049072265625,915.4071655273438,915.9421997070312,901.8629760742188,902.5802001953125,912.8027954101562,0.003556383560383464,-0.011199127857896576,-0.01475551141828004,0.01475551141828004,False,14.257707595825195,6.698785902000964,0.02570490402285941
HDFCBANK,2026-01-21,909.9499161549952,916.9836070913005,900.6044845836736,905.3755493164062,915.0437622070312,916.505859375,915.1756591796875,914.3828125,916.049072265625,-0.01165169342164212,-0.001818963433371436,0.009832729988270684,0.009832729988270684,True,15.84482192993164,4.393111438024789,0.025722163991304114
HDFCBANK,2026-01-22,912.9011151422527,913.1962220288154,898.3419283315923,903.75244140625,906.0277709960938,909.5286254882812,885.2113647460938,901.1912841796875,905.3755493164062,-0.001792745464997105,-0.004621579564279191,-0.0028288340992820857,0.0028288340992820857,True,14.663692474365234,5.186196404014481,0.02570672400179319
HDFCBANK,2026-01-23,905.0312717738813,911.0319985807623,894.4561781091321,901.1947021484375,907.4026489257812,909.474365234375,896.7218017578125,899.5225830078125,903.75244140625,-0.002830132612236849,-0.004680328599561831,-0.001850195987324982,0.001850195987324982,True,15.04075813293457,5.22082572398358,0.025260925001930445
HDFCBANK,2026-01-27,891.2590997657288,916.0490999795524,890.2753700750383,911.3272094726562,903.795166015625,908.0982666015625,890.255859375,899.7583618164062,901.1947021484375,0.011243416433832747,-0.0015938179936111827,-0.012837234427443929,0.012837234427443929,False,14.363214492797852,4.729564055975061,0.025562584021827206
HDFCBANK,2026-01-28,917.3279002643548,926.1322926560076,913.2946327089841,917.524658203125,908.7852172851562,915.1062622070312,900.4953002929688,906.443115234375,911.3272094726562,0.006800464932957431,-0.005359320107546721,-0.012159785040504151,0.012159785040504151,False,15.709894180297852,9.267551241006004,0.0317800999910105
HDFCBANK,2026-01-29,914.9669494914904,924.0172745375145,909.310503842987,920.2791137695312,920.482666015625,926.9631958007812,915.5689697265625,920.7623291015625,917.524658203125,0.003002050726135862,0.0035287017841876163,0.0005266510580517543,0.0005266510580517543,True,13.511554718017578,4.752298441017047,0.02526240498991683
HDFCBANK,2026-01-30,914.8685955943554,923.6238136980638,912.6552038308206,914.1307983398438,911.74951171875,921.6092529296875,902.1146240234375,916.6246948242188,920.2791137695312,-0.006680924664804731,-0.003970989768901448,0.0027099348959032828,0.0027099348959032828,True,14.175886154174805,5.299758677982027,0.025205824989825487
HDFCBANK,2026-02-02,900.1126164754811,914.6718030723491,894.5053455447564,912.9994506835938,922.5880737304688,925.8026123046875,918.8219604492188,922.007568359375,914.1307983398438,-0.0012376212007129009,0.008616677212753669,0.00985429841346657,0.00985429841346657,False,15.811908721923828,2.293469500989886,0.02560808401904069
HDFCBANK,2026-02-03,967.7440559401642,977.8272849855383,929.6245315003357,933.2643432617188,905.2710571289062,912.8566284179688,898.8482666015625,906.8833618164062,912.9994506835938,0.022195952651397528,-0.006698896546551234,-0.028894849197948762,0.028894849197948762,False,15.92781925201416,5.435084589989856,0.03507831899332814
HDFCBANK,2026-02-04,937.0024986247718,941.62604002273,932.5265406922532,937.5927124023438,915.3447875976562,921.18408203125,924.9310302734375,927.050537109375,933.2643432617188,0.004637881187550289,-0.006658141605010607,-0.011296022792560895,0.011296022792560895,False,14.525571823120117,7.861700491979718,0.025311155011877418
HDFCBANK,2026-02-05,940.4455315704454,940.4947060438036,931.2968579683982,934.248046875,908.4337768554688,935.875732421875,894.5551147460938,924.051513671875,937.5927124023438,-0.0035672904482948594,-0.01444251704535209,-0.010875226597057232,0.010875226597057232,True,13.477109909057617,7.2267809019831475,0.02532927499851212
HDFCBANK,2026-02-06,929.6245335781572,932.674071523322,922.3449100391202,925.7879638671875,927.6493530273438,943.2125244140625,920.6669311523438,927.698486328125,934.248046875,-0.009055499806620883,-0.0070105156428026385,0.0020449841638182443,0.0020449841638182443,True,12.441770553588867,6.942849176994059,0.02581164301955141
HDFCBANK,2026-02-09,929.6245151050697,934.5431633331389,920.1315000080592,922.0006103515625,924.5687255859375,939.0147705078125,918.859130859375,932.8001708984375,925.7879638671875,-0.00409095134463028,0.007574312158864882,0.01166526350349516,0.01166526350349516,False,15.68714714050293,7.515244561014697,0.02571375301340595
HDFCBANK,2026-02-10,914.868578036692,925.5912552799808,914.8194035624206,917.2295532226562,921.9109497070312,931.8213500976562,912.3036499023438,929.5762329101562,922.0006103515625,-0.005174678926825251,0.008216504928022917,0.013391183854848169,0.013391183854848169,False,15.261268615722656,5.365622921002796,0.02531528502004221
HDFCBANK,2026-02-11,916.098249190927,920.7709650928405,910.2450456843219,912.0157470703125,919.202392578125,926.158447265625,902.011962890625,924.8701171875,917.2295532226562,-0.005684298040796016,0.008330045557296837,0.014014343598092852,0.014014343598092852,False,14.270050048828125,9.62450872201589,0.025531964987749234
HDFCBANK,2026-02-12,911.9174149760892,913.4913584500406,903.5557126812706,905.6215209960938,913.7085571289062,919.6078491210938,904.1250610351562,908.562744140625,912.0157470703125,-0.007011091743491335,-0.0037861220497339594,0.0032249696937573756,0.0032249696937573756,True,14.329442977905273,7.9778394959867,0.0250463770062197
HDFCBANK,2026-02-13,898.1451529282086,913.097855324917,886.3403973585059,889.1932373046875,907.229736328125,912.7359008789062,900.6900024414062,904.0526733398438,905.6215209960938,-0.0181403415339962,-0.0017323436114066982,0.016407997922589502,0.016407997922589502,True,12.932929992675781,3.9351166450069286,0.03214589902199805
HDFCBANK,2026-02-16,889.1932346170704,914.3766890728148,887.4224732532938,910.7368774414062,903.4525146484375,906.3251953125,899.02001953125,898.87109375,889.1932373046875,0.024228299578640058,0.010883861954065136,-0.013344437624574922,0.013344437624574922,True,14.374841690063477,6.1712252799770795,0.03531706801732071
HDFCBANK,2026-02-17,907.9824677389611,912.9994649414832,903.6540332583628,910.6385498046875,906.2089233398438,912.63134765625,877.9741821289062,898.3289794921875,910.7368774414062,-0.00010796492286003436,-0.013624020566815175,-0.013516055643955142,0.013516055643955142,True,13.903083801269531,5.35577009699773,0.026188831980107352
HDFCBANK,2026-02-18,908.1792516728873,910.4418179261975,904.5886143276533,909.6548461914062,907.225830078125,912.2293090820312,898.7161865234375,901.8753662109375,910.6385498046875,-0.001080234977414731,-0.009623119508425726,-0.008542884531010996,0.008542884531010996,True,12.94875717163086,6.2572429979918525,0.02564358402742073
HDFCBANK,2026-02-19,913.8848827326366,914.0816406792112,897.6041683586819,900.702880859375,901.4747924804688,906.5599365234375,893.9378051757812,898.0761108398438,909.6548461914062,-0.009841057154273226,-0.012728712873944437,-0.002887655719671211,0.002887655719671211,True,14.372308731079102,6.6866073480050545,0.03223888901993632
HDFCBANK,2026-02-20,896.1777087970013,902.9162328649714,893.6200357305538,897.0138549804688,900.4613037109375,908.94873046875,891.2979736328125,898.4970703125,900.702880859375,-0.004095718973815751,-0.0024489880000943274,0.0016467309737214237,0.0016467309737214237,True,15.523784637451172,2.5630987089825794,0.02525167600833811
HDFCBANK,2026-02-23,901.5882362795462,910.5893867142319,900.3585742006053,908.5726928710938,892.8098754882812,906.4948120117188,878.2390747070312,903.56787109375,897.0138549804688,0.012885907866915475,0.007306482588748816,-0.00557942527816666,0.00557942527816666,True,14.406414031982422,2.4284441840136424,0.025560604000929743
HDFCBANK,2026-02-24,912.8519465614362,912.8519465614362,894.3578410316289,895.6858520507812,905.1054077148438,910.2797241210938,906.253662109375,910.8284301757812,908.5726928710938,-0.014183610096832236,0.002482726283088434,0.016666336379920668,0.016666336379920668,False,15.03805923461914,2.892594264005311,0.03287655700114556
HDFCBANK,2026-02-25,895.7350222932594,901.0963609031212,888.4062243801156,892.8330078125,893.9644775390625,902.8308715820312,889.3997802734375,896.5078125,895.6858520507812,-0.0031850946754928837,0.0009176883249152278,0.0041027830004081115,0.0041027830004081115,False,16.525468826293945,3.151372892985819,0.02535496500786394
HDFCBANK,2026-02-26,897.1614323550999,897.1614323550999,880.4380284625158,883.9794311523438,891.721923828125,896.7885131835938,883.5380249023438,886.3533325195312,892.8330078125,-0.009916273908654093,-0.007257432505597417,0.002658841403056676,0.002658841403056676,True,14.183730125427246,4.512668648996623,0.02561371400952339
HDFCBANK,2026-02-27,883.9794733683615,884.3238147843207,870.6007736322075,873.3060302734375,891.9828491210938,893.0360107421875,891.375244140625,890.2703857421875,883.9794311523438,-0.012074263837782456,0.007116630057379215,0.01919089389516167,0.01919089389516167,False,14.222009658813477,5.112998109019827,0.025753433001227677
HDFCBANK,2026-03-02,861.9439110956672,873.3059762779105,857.3695443137591,865.0918579101562,888.0528564453125,905.6458129882812,874.2593383789062,883.8675537109375,873.3060302734375,-0.00940583492903323,0.012093725534212929,0.021499560463246158,0.021499560463246158,False,12.86964225769043,3.4729365870007314,0.025722953985678032
HDFCBANK,2026-03-04,834.202743374385,864.993469417403,834.202743374385,854.5167846679688,856.5476684570312,870.5812377929688,853.7305908203125,865.802734375,865.0918579101562,-0.012224220058820354,0.0008217352392623926,0.013045955298082747,0.013045955298082747,False,12.460131645202637,6.940499096002895,0.0251833250222262
HDFCBANK,2026-03-05,859.6321193633155,867.0593261570968,849.4505416361635,863.4686889648438,845.348388671875,865.1260375976562,848.0578002929688,860.9642333984375,854.5167846679688,0.01047598415559895,0.0075451399506142785,-0.002930844204984671,0.002930844204984671,True,12.49200439453125,5.896111282025231,0.03182078097597696
HDFCBANK,2026-03-06,853.9264946975441,857.5171318697022,841.1871839599715,843.10546875,851.7208862304688,863.9415893554688,848.372802734375,858.05908203125,863.4686889648438,-0.02358304415097655,-0.006264971738672974,0.017318072412303577,0.017318072412303577,True,13.418432235717773,6.258623842004454,0.025773473986191675
HDFCBANK,2026-03-09,811.5769775858611,828.7430723323081,808.1339237415574,827.0215454101562,837.4358520507812,861.3466796875,846.372314453125,861.246826171875,843.10546875,-0.019077000370653508,0.021517304885676557,0.040594305256330065,0.040594305256330065,False,12.627625465393066,5.454888577020029,0.025162795005599037
HDFCBANK,2026-03-10,836.2193641547399,842.8595391904452,826.923107096334,835.629150390625,807.35009765625,829.3236694335938,812.94189453125,828.9080810546875,827.0215454101562,0.0104079573600466,0.002281120310590741,-0.008126837049455861,0.008126837049455861,True,12.702646255493164,6.151548153982731,0.02515693599707447
HDFCBANK,2026-03-11,831.2515482012323,835.0388833093358,814.1346283989498,820.38134765625,826.442626953125,840.7144775390625,821.91943359375,834.8853759765625,835.629150390625,-0.018247092896708103,-0.0008900771517063684,0.017357015745001734,0.017357015745001734,True,14.535348892211914,7.923786698986078,0.032933286973275244
HDFCBANK,2026-03-12,806.7566625998296,822.7915039414563,806.7566625998296,819.2008666992188,827.7819213867188,848.8980102539062,825.5328369140625,844.0326538085938,820.38134765625,-0.0014389417316760915,0.028829648821140606,0.030268590552816697,0.030268590552816697,False,13.727886199951172,4.975275114993565,0.035111958015477285
HDFCBANK,2026-03-13,806.6583423777922,810.3965031755142,798.7885048911796,803.7071533203125,794.974365234375,825.4735107421875,808.1473388671875,830.8875732421875,819.2008666992188,-0.018913204329647014,0.01426598410479916,0.03317918843444617,0.03317918843444617,False,13.999898910522461,6.448725599999307,0.03096131401252933
HDFCBANK,2026-03-16,803.7071599773169,830.7597265616207,802.3791489072894,826.9231567382812,791.1942138671875,804.2770385742188,775.8173217773438,788.99658203125,803.7071533203125,0.028886147550208695,-0.018303397236530124,-0.04718954478673882,0.04718954478673882,False,15.101680755615234,2.7617399049922824,0.02558998399763368
HDFCBANK,2026-03-17,833.907625869114,835.0881134427475,821.5125964091002,831.5958251953125,821.6832885742188,837.885498046875,820.987548828125,834.5932006835938,826.9231567382812,0.005650668286352194,0.009275401085109589,0.0036247327987573947,0.0036247327987573947,True,15.488533020019531,4.401298187003704,0.025601083994843066
HDFCBANK,2026-03-18,831.5958180920426,833.0222380629118,818.0695356894909,829.333251953125,793.6649169921875,832.3731079101562,774.970947265625,832.2115478515625,831.5958251953125,-0.0027207607032612284,0.0007404109515645879,0.0034611716548258163,0.0034611716548258163,False,15.294692993164062,5.125221911992412,0.025182845012750477
HDFCBANK,2026-03-19,757.4718247668609,802.3791069663046,757.4718247668609,785.2130126953125,804.4503784179688,820.2183837890625,804.5614013671875,821.1762084960938,829.333251953125,-0.05319965062766618,-0.009835664297579975,0.0433639863300862,0.0433639863300862,True,14.597612380981445,5.861134192993632,0.02520301501499489
HDFCBANK,2026-03-20,772.2277890336613,780.8354236248008,765.5384393026802,767.7518310546875,786.1202392578125,804.7058715820312,787.9346923828125,802.7692260742188,785.2130126953125,-0.022237509259669504,0.02235853595783265,0.044596045217502156,0.044596045217502156,False,14.056123733520508,6.025491787004285,0.032579997001448646
HDFCBANK,2026-03-23,750.7333447737776,756.1930326018271,728.9928823726722,732.04248046875,769.53857421875,788.5602416992188,768.3925170898438,782.8831787109375,767.7518310546875,-0.046511579838086896,0.019708644179283218,0.06622022401737011,0.06622022401737011,False,14.389284133911133,6.480725008994341,0.025756173999980092
HDFCBANK,2026-03-24,742.7158864237038,760.1770877270425,735.5346719806084,752.454833984375,739.781005859375,759.0277709960938,735.739013671875,751.5590209960938,732.04248046875,0.027884110635976102,0.026660393417123403,-0.001223717218852699,0.001223717218852699,True,13.163788795471191,7.061440672026947,0.03454289099317975
HDFCBANK,2026-03-25,755.7011518436857,781.8683373030494,755.7011518436857,769.5717163085938,738.6932983398438,750.2420043945312,726.5732421875,738.93603515625,752.454833984375,0.022748052841367206,-0.017966259524894918,-0.04071431236626212,0.04071431236626212,False,14.73088264465332,6.1165008259995375,0.02511116600362584
HDFCBANK,2026-03-27,760.6197661066401,762.2921184952538,742.2731843894259,743.8963623046875,767.0301513671875,797.6498413085938,765.8851928710938,790.62841796875,769.5717163085938,-0.03336317260600906,0.027361584650172664,0.06072475725618172,0.06072475725618172,False,16.521102905273438,2.8567017080204096,0.03150999199715443
HDFCBANK,2026-03-30,733.0753333889118,738.7809532430898,714.8271607333363,719.6473999023438,753.1769409179688,779.5432739257812,751.3020629882812,773.03857421875,743.8963623046875,-0.032597232129509705,0.03917509668117766,0.07177232881068737,0.07177232881068737,False,12.126730918884277,6.554991671000607,0.025327004987047985
HDFCBANK,2026-04-01,730.9111370884557,743.6012737142313,727.0745673991486,730.17333984375,743.8694458007812,777.34326171875,740.7108154296875,758.2100830078125,719.6473999023438,0.01462652396553454,0.05358552412014788,0.038959000154613344,0.038959000154613344,True,12.853653907775879,6.401171758014243,0.03242831799434498
HDFCBANK,2026-04-02,718.1226435138951,742.7158847301245,714.8271732077576,738.6826171875,739.5219116210938,764.0155029296875,733.0073852539062,751.6976928710938,730.17333984375,0.01165377709568375,0.029478415401950654,0.017824638306266904,0.017824638306266904,True,15.215883255004883,4.105201107013272,0.025203034980222583
HDFCBANK,2026-04-06,746.6508105088765,760.1770933079504,732.8785952952741,758.45556640625,739.8157348632812,757.9876708984375,738.4961547851562,750.946044921875,738.6826171875,0.02676785504176962,0.01660175486607149,-0.01016610017569813,0.01016610017569813,True,13.50417709350586,5.73525798501214,0.03312015600386076
HDFCBANK,2026-04-07,753.5368922732654,761.4067292682865,748.6182441513773,759.4392700195312,761.7838134765625,767.12890625,751.5760498046875,754.4122314453125,758.45556640625,0.001296982521919222,-0.005331010991317291,-0.006627993513236513,0.006627993513236513,False,15.06199836730957,6.927589723985875,0.033486534986877814
HDFCBANK,2026-04-08,786.9837533249241,804.4941298279846,783.0488345582994,802.82177734375,767.4464721679688,774.3726806640625,764.6690063476562,765.708984375,759.4392700195312,0.057124393005253786,0.008255715240150152,-0.04886867776510363,0.04886867776510363,True,14.047978401184082,6.728024701995309,0.02558452499215491
HDFCBANK,2026-04-09,801.7397031581198,805.674621946626,780.1959987742106,784.72119140625,794.7423706054688,801.1880493164062,776.8724365234375,783.9168090820312,802.82177734375,-0.02254620695191947,-0.02354815077920348,-0.0010019438272840103,0.0010019438272840103,True,14.323535919189453,4.578209112980403,0.025698433979414403
HDFCBANK,2026-04-10,790.9186649096054,799.0344347920734,787.9674758614352,797.1161499023438,783.4810180664062,791.8836059570312,772.6852416992188,780.0758666992188,784.72119140625,0.01579536608904561,-0.00591971359752201,-0.02171507968656762,0.02171507968656762,False,13.267534255981445,6.3363694610015955,0.033093495992943645
HDFCBANK,2026-04-13,778.6220116333144,785.5081191272287,774.5395096022282,781.7699584960938,795.0272216796875,799.226806640625,769.1083374023438,770.9105224609375,797.1161499023438,-0.019252139613693802,-0.03287554447945479,-0.013623404865760986,0.013623404865760986,True,14.442122459411621,6.632581459998619,0.025128955981926993
HDFCBANK,2026-04-15,791.8531825431569,801.5428954413671,790.9186273804953,796.72265625,770.5541381835938,781.868896484375,757.69775390625,774.2479248046875,781.7699584960938,0.019126723394016124,-0.00962179936649975,-0.02874852276051587,0.02874852276051587,False,14.760917663574219,6.132764234993374,0.02616704098181799
HDFCBANK,2026-04-16,804.6908427624061,806.7074765090769,779.3106301457999,782.5077514648438,775.380126953125,783.76318359375,741.5955200195312,755.47705078125,796.72265625,-0.017841722804849948,-0.05176908820803977,-0.03392736540318982,0.03392736540318982,True,13.500864028930664,6.062627138016978,0.025245704979170114
HDFCBANK,2026-04-17,777.2447773125524,790.8694690755784,775.3757269911107,786.8853759765625,778.7606201171875,806.1121826171875,782.9888916015625,800.8001098632812,782.5077514648438,0.005594352903883568,0.02337658427561191,0.01778223137172834,0.01778223137172834,True,13.891483306884766,5.757436701998813,0.02522386598866433
HDFCBANK,2026-04-20,784.130869340026,796.7718311959621,777.146412936798,782.5077514648438,787.0294799804688,801.8490600585938,785.9244384765625,797.778564453125,786.8853759765625,-0.005563230230687549,0.013843424733930949,0.0194066549646185,0.0194066549646185,False,14.39797306060791,6.275533799023833,0.025158065982395783
HDFCBANK,2026-04-21,782.2618278432276,801.6413139109341,782.2618278432276,798.5425415039062,792.5440063476562,799.2755737304688,783.892578125,787.6905517578125,782.5077514648438,0.020491541469136367,0.006623321345081399,-0.013868220124054968,0.013868220124054968,True,15.450616836547852,6.617240668012528,0.025468824984272942
HDFCBANK,2026-04-22,796.8210214869076,799.8213849297669,785.0162656130275,786.8853759765625,772.9476318359375,808.1346435546875,762.7410278320312,785.7691650390625,798.5425415039062,-0.014598051977781482,-0.01599586221265992,-0.001397810234878439,0.001397810234878439,True,16.22772216796875,3.5025833169929683,0.025381445011589676
HDFCBANK,2026-04-23,779.1138736217773,783.6882404572269,769.7684420568696,771.5883178710938,772.9365234375,806.5173950195312,774.8117065429688,787.93212890625,786.8853759765625,-0.019440008128864216,0.0013302482949164348,0.02077025642378065,0.02077025642378065,False,16.637598037719727,3.9627717320108786,0.026276630989741534
HDFCBANK,2026-04-24,764.6530532653331,774.7854567622786,764.3579463755373,772.0802001953125,767.9522094726562,777.2238159179688,757.0604248046875,762.5338134765625,771.5883178710938,0.0006374932238164431,-0.011734890465311516,-0.01237238368912796,0.01237238368912796,False,14.735208511352539,6.7554082889982965,0.02584658400155604
HDFCBANK,2026-04-27,774.6870798664892,780.0975928052393,772.227755803421,776.9496459960938,768.0687866210938,777.6067504882812,764.3607177734375,770.775146484375,772.0802001953125,0.006306917078756106,-0.0016903084816931734,-0.00799722556044928,0.00799722556044928,False,13.431517601013184,5.452323835983407,0.025200175994541496
HDFCBANK,2026-04-28,772.2277766082829,781.5732082997206,765.6367759332712,769.817626953125,774.4495849609375,787.7124633789062,772.7610473632812,784.863037109375,776.9496459960938,-0.009179512571661056,0.010185204606324045,0.019364717177985102,0.019364717177985102,False,12.814693450927734,7.429898610978853,0.025638774008257315
HDFCBANK,2026-04-29,772.7196209849993,777.1464043006358,764.7022005187322,766.3253784179688,786.3088989257812,798.7211303710938,788.5739135742188,794.8850708007812,769.817626953125,-0.004536462160496744,0.03256283432593137,0.03709929648642812,0.03709929648642812,False,13.399998664855957,5.788637724996079,0.03232663800008595
HDFCBANK,2026-04-30,757.4718126650201,766.1286213727735,749.847908057028,759.1441650390625,759.2379150390625,761.06396484375,751.573486328125,749.49658203125,766.3253784179688,-0.009370971627915312,-0.0219603798342954,-0.012589408206380086,0.012589408206380086,True,12.81668758392334,5.59725614200579,0.025132035982096568
HDFCBANK,2026-05-01,759.1441650390625,759.1441650390625,759.1441650390625,759.1441650390625,753.6038818359375,764.6719970703125,748.5786743164062,754.5223999023438,759.1441650390625,0.0,-0.006088125746815077,-0.006088125746815077,0.006088125746815077,False,15.621557235717773,6.611418059997959,0.025459274009335786
HDFCBANK,2026-05-04,760.0295232783589,773.8017387354295,760.0295232783589,766.7189331054688,755.6651000976562,771.5711059570312,755.802978515625,767.3877563476562,759.1441650390625,0.009978036340457788,0.010859059040741713,0.000881022700283925,0.000881022700283925,True,12.60342788696289,6.90780139900744,0.025181584991514683
HDFCBANK,2026-05-05,761.8002432312857,764.2595672860843,751.2743242683289,759.734375,768.0040283203125,778.872802734375,760.395263671875,774.9320678710938,766.7189331054688,-0.009109672141757277,0.010712054197434581,0.01982172633919186,0.01982172633919186,False,12.675060272216797,8.296471191977616,0.02524503497988917
HDFCBANK,2026-05-06,762.5380651832903,785.9508189360297,760.9148872376333,783.58984375,754.4326782226562,765.86328125,745.6685180664062,760.4544677734375,759.734375,0.03139974908993686,0.0009478217613063776,-0.030451927328630484,0.030451927328630484,True,13.964874267578125,5.362263523013098,0.025703843974042684
HDFCBANK,2026-05-07,781.0813276889071,788.5084744009563,775.7199891869062,783.0979614257812,780.4368286132812,788.6954956054688,774.9766845703125,781.5133056640625,783.58984375,-0.0006277293256696195,-0.0026500319044461835,-0.002022302578776564,0.002022302578776564,True,12.995885848999023,8.190033081016736,0.026193471014266834
HDFCBANK,2026-05-08,771.2440360478325,775.9167518274592,764.5546865191014,768.145263671875,781.6913452148438,803.6158447265625,782.819091796875,792.996826171875,783.0979614257812,-0.019094287675940277,0.01264064680754749,0.03173493448348777,0.03173493448348777,False,14.277118682861328,4.966786156001035,0.02610840299166739
HDFCBANK,2026-05-11,759.3901026416063,762.2428825536997,749.5036318326614,751.2251586914062,767.291748046875,773.9955444335938,755.4534301757812,758.5411376953125,768.145263671875,-0.02202722034578141,-0.012503007478888849,0.009524212866892562,0.009524212866892562,True,13.641026496887207,6.167311655008234,0.025786333018913865
HDFCBANK,2026-05-12,744.2898305325124,747.3394284783378,735.6330216051203,738.2399291992188,749.4205932617188,767.3388061523438,718.0957641601562,745.36572265625,751.2251586914062,-0.01728540284088338,-0.007799839991199272,0.009485562849684107,0.009485562849684107,True,14.195236206054688,5.306462633016054,0.025215555011527613
HDFCBANK,2026-05-13,739.7647228184694,747.5853858194506,735.1903557682459,737.4037475585938,741.1980590820312,750.889892578125,736.6539306640625,741.9054565429688,738.2399291992188,-0.001132669214373192,0.004965224988204118,0.00609789420257731,0.00609789420257731,False,13.067096710205078,7.078159709984902,0.025345424975967035
HDFCBANK,2026-05-14,738.7810009702333,765.6368096362314,734.846082190099,757.0291748046875,740.3701171875,753.2459716796875,735.097412109375,741.2982177734375,737.4037475585938,0.026614222277917463,0.0052813268548439225,-0.02133289542307354,0.02133289542307354,True,12.444892883300781,5.213640761008719,0.025205275014741346
HDFCBANK,2026-05-15,760.4230253238243,769.1782432932904,752.9467039429112,755.0125122070312,757.1180419921875,770.193603515625,754.619384765625,765.2388305664062,757.0291748046875,-0.002663916616128495,0.010844569846118321,0.013508486462246817,0.013508486462246817,False,11.744186401367188,6.024821589991916,0.025832532992353663
HDFCBANK,2026-05-18,746.6507839481793,761.5050772404568,739.1252283144738,756.143798828125,756.9330444335938,762.2357788085938,754.3243408203125,755.6739501953125,755.0125122070312,0.0014983680439769201,0.0008760622871636302,-0.00062230575681329,0.00062230575681329,True,14.038591384887695,5.439656203001505,0.025290924997534603
HDFCBANK,2026-05-19,754.2255287138954,758.2587962302428,747.8804605130283,750.044677734375,743.9910278320312,756.1727294921875,728.5923461914062,750.98193359375,756.143798828125,-0.008066086243387097,-0.006826565584978521,0.001239520658408576,0.001239520658408576,True,14.410043716430664,5.774606758001028,0.025621164008043706
HDFCBANK,2026-05-20,747.2410491475586,749.8479568451309,742.8635000569833,747.1427001953125,748.6075439453125,761.6809692382812,749.73779296875,757.6066284179688,750.044677734375,-0.003869072903534718,0.010082000323548435,0.013951073227083152,0.013951073227083152,False,12.486278533935547,4.959244925004896,0.02510602501570247
HDFCBANK,2026-05-21,754.5206547496631,755.7503168336749,742.8634822100684,746.7984008789062,743.5340576171875,746.7343139648438,737.797607421875,737.1444702148438,747.1427001953125,-0.00046082136159029035,-0.013381954983773632,-0.012921133622183341,0.012921133622183341,True,13.393843650817871,8.749988620984368,0.02620406201458536
HDFCBANK,2026-05-22,746.7984174780529,762.390509033052,746.7984174780529,754.3239135742188,746.15771484375,754.1463012695312,734.7493896484375,741.2112426757812,746.7984008789062,0.010077033756976089,-0.00748148120905117,-0.01755851496602726,0.01755851496602726,False,14.319355964660645,5.2434889180003665,0.025657744001364335
HDFCBANK,2026-05-25,763.3742255318324,775.0313981291084,762.5872538025895,774.0476684570312,758.365478515625,770.7186889648438,757.1302490234375,767.3001708984375,754.3239135742188,0.026147593265809753,0.017202500266408433,-0.00894509299940132,0.00894509299940132,True,14.87028980255127,4.147305909020361,0.025096386001678184
HDFCBANK,2026-05-26,771.2932224692265,777.9825721015808,764.1120080103449,766.22705078125,766.5381469726562,772.6085205078125,765.1517333984375,769.7218627929688,774.0476684570312,-0.010103534955890623,-0.005588552023786159,0.004514982932104464,0.004514982932104464,True,15.575822830200195,4.8296201810007915,0.02514743499341421
HDFCBANK,2026-05-27,756.9799611769273,761.3083956280444,744.584991677417,746.3065185546875,765.8153076171875,776.22998046875,762.6751708984375,766.5986938476562,766.22705078125,-0.025998210590779062,0.0004850299477515449,0.026483240538530607,0.026483240538530607,False,14.261808395385742,6.018986671988387,0.02568688298924826
HDFCBANK,2026-05-28,746.3065185546875,746.3065185546875,746.3065185546875,746.3065185546875,740.8052978515625,761.6610107421875,736.3721313476562,754.33056640625,746.3065185546875,0.0,0.010751678636148102,0.010751678636148102,0.010751678636148102,False,13.88790225982666,8.20716853599879,0.025912323006195948
HDFCBANK,2026-05-29,733.9115075895189,748.1264133157719,725.7465633447872,732.4359130859375,737.156982421875,756.0799560546875,733.5927734375,738.1004028320312,746.3065185546875,-0.018585668386780406,-0.010995637206209028,0.007590031180571378,0.007590031180571378,True,15.200077056884766,5.791318204981508,0.0251629060076084
HDFCBANK,2026-06-01,736.8135126590627,740.1089829912345,727.1729740345589,730.6160278320312,731.8880004882812,739.0009155273438,726.10693359375,730.41552734375,732.4359130859375,-0.002484702376537783,-0.002758447129763346,-0.00027374475322556333,0.00027374475322556333,True,14.288463592529297,5.885628730989993,0.025719233002746478
HDFCBANK,2026-06-02,725.0087855549667,741.3386744827858,721.2214502442791,736.0757446289062,730.7053833007812,738.0422973632812,723.2579956054688,727.0115356445312,730.6160278320312,0.007472758041013289,-0.004933497282006895,-0.012406255323020183,0.012406255323020183,False,14.324728965759277,5.912753179989522,0.025773822999326512
HDFCBANK,2026-06-03,732.3375535846441,744.5849997963322,730.5176176978582,741.3878784179688,738.22119140625,745.248291015625,727.3189697265625,731.5042724609375,736.0757446289062,0.0072168303708209005,-0.006210600201577712,-0.013427430572398612,0.013427430572398612,False,13.896656036376953,8.530123706004815,0.025742672994965687
HDFCBANK,2026-06-04,736.9610714527732,744.9784318589446,732.8785694984622,741.9288940429688,740.2676391601562,743.4426879882812,734.8750610351562,737.7020874023438,741.3878784179688,0.0007297335723298597,-0.004971474612573959,-0.005701208184903818,0.005701208184903818,False,14.768571853637695,6.864604320988292,0.025789623003220186
HDFCBANK,2026-06-05,741.6829610502508,746.355676758121,732.5342875674706,734.8952026367188,746.8562622070312,752.3488159179688,752.5338745117188,753.3972778320312,741.9288940429688,-0.00948027696821664,0.015457524138961906,0.024937801107178546,0.024937801107178546,False,14.579046249389648,6.474255413981155,0.025227236008504406
HDFCBANK,2026-06-08,725.9925096938186,729.4355636015806,722.5494557860566,726.6319580078125,735.7208251953125,742.15234375,732.4446411132812,735.9170532226562,734.8952026367188,-0.011244112901075808,0.001390471161427124,0.012634584062502932,0.012634584062502932,False,13.552549362182617,6.651146871008677,0.025228825019439682
HDFCBANK,2026-06-09,727.4189306755471,731.8457142768752,720.3852393810432,726.3367919921875,719.3232421875,724.2449951171875,716.1434936523438,718.3220825195312,726.6319580078125,-0.0004062111669768129,-0.011436154709000433,-0.01102994354202362,0.01102994354202362,True,14.137198448181152,5.568220771005144,0.034343261999310926
HDFCBANK,2026-06-10,724.5169081730804,743.6504624272108,724.418559222074,734.698486328125,730.08544921875,744.3341064453125,729.0342407226562,739.3628540039062,726.3367919921875,0.011512144817837395,0.017933914618301284,0.006421769800463889,0.006421769800463889,True,15.159761428833008,4.660138676001225,0.02520700599416159
HDFCBANK,2026-06-11,730.9111639255492,743.699649970007,728.0583237911012,732.485107421875,733.2362670898438,739.9761962890625,731.1189575195312,735.0574340820312,734.698486328125,-0.0030126357239580303,0.0004885647113555366,0.0035012004353135668,0.0035012004353135668,False,13.244247436523438,6.311562454007799,0.02578524299315177
HDFCBANK,2026-06-12,742.4207572291352,761.8494172504803,740.8467538097462,759.8819580078125,732.280029296875,739.4466552734375,727.648193359375,731.70361328125,732.485107421875,0.03740260424183379,-0.001066907890285472,-0.03846951213211926,0.03846951213211926,False,15.080804824829102,6.288030053023249,0.032863457017811015
HDFCBANK,2026-06-15,777.1464134002696,780.5894671305239,762.980682607529,764.7022094726562,760.8604736328125,775.786865234375,760.2877197265625,770.286376953125,759.8819580078125,0.006343421388081163,0.013692151571264875,0.0073487301831837125,0.0073487301831837125,True,15.538597106933594,3.864508200000273,0.025245666009141132
HDFCBANK,2026-06-16,767.8010209255166,774.8838866823837,766.7681167622869,772.1294555664062,766.1217041015625,785.1481323242188,758.9536743164062,760.2570190429688,764.7022094726562,0.009712599233722469,-0.005812969250805399,-0.01552556848452787,0.01552556848452787,False,14.26475715637207,7.339248331001727,0.025204226025380194
HDFCBANK,2026-06-17,774.8346784396643,781.376444549763,770.3586605239058,774.2935791015625,768.5226440429688,777.317138671875,768.2640380859375,777.88623046875,772.1294555664062,0.0028027988306296736,0.0074557120711329266,0.004652913240503253,0.004652913240503253,True,14.632843017578125,8.05084553200868,0.025644484005169943
HDFCBANK,2026-06-18,773.7033792240301,789.8857441736253,773.4082723338255,786.0,776.001708984375,784.5074462890625,769.5399780273438,771.45166015625,774.2935791015625,0.015118840210480414,-0.003670337740124449,-0.018789177950604863,0.018789177950604863,False,12.806720733642578,10.061732892005239,0.02612308200332336
HDFCBANK,2026-06-19,788.7000122070312,789.0499877929688,776.2000122070312,779.7999877929688,787.8422241210938,794.6336059570312,779.5629272460938,782.5767211914062,786.0,-0.007888056243042302,-0.004355316550373728,0.0035327396926685744,0.0035327396926685744,True,12.219202995300293,6.666041905002203,0.025313085003290325
HDFCBANK,2026-06-22,789.9000244140625,789.9000244140625,783.0999755859375,786.4000244140625,778.62841796875,786.895263671875,774.4751586914062,781.3580322265625,779.7999877929688,0.008463755737895718,0.0019980052038772273,-0.006465750534018491,0.006465750534018491,True,13.208717346191406,6.742523557972163,0.025596074003260583
HDFCBANK,2026-06-23,783.0499877929688,790.9000244140625,772.5499877929688,774.6500244140625,781.2518920898438,788.1502075195312,774.7214965820312,780.05322265625,786.4000244140625,-0.014941505131252747,-0.008070703917565909,0.006870801213686838,0.006870801213686838,True,13.517620086669922,6.759505013993476,0.025209056009771302
HDFCBANK,2026-06-24,773.0,794.9000244140625,772.6500244140625,793.2000122070312,772.0560913085938,777.14453125,768.5137329101562,771.9661865234375,774.6500244140625,0.02394628181545566,-0.0034645811734854435,-0.027410862988941104,0.027410862988941104,False,13.414274215698242,5.910603786993306,0.025164945982396603
HDFCBANK,2026-06-25,798.5,804.4500122070312,794.75,796.2999877929688,793.053955078125,800.0867919921875,789.5403442382812,794.4813232421875,793.2000122070312,0.0039081890295387224,0.001615369409275574,-0.0022928196202631488,0.0022928196202631488,True,14.263654708862305,4.884855843993137,0.02565528400009498
HDFCBANK,2026-06-26,796.2999877929688,796.2999877929688,796.2999877929688,796.2999877929688,795.26318359375,798.643310546875,783.9722900390625,789.5313720703125,796.2999877929688,0.0,-0.008500082665348518,-0.008500082665348518,0.008500082665348518,False,14.567863464355469,8.027758698997786,0.02558995399158448
HDFCBANK,2026-06-29,800.0,805.9000244140625,793.2999877929688,798.9000244140625,789.570068359375,795.36669921875,784.436279296875,789.6965942382812,796.2999877929688,0.0032651471316733683,-0.008292595323264436,-0.011557742454937804,0.011557742454937804,False,13.665263175964355,7.403529550007079,0.025749804015504196
HDFCBANK,2026-06-30,806.0999755859375,806.0999755859375,792.75,797.9500122070312,801.2874145507812,801.728271484375,790.4458618164062,793.3758544921875,798.9000244140625,-0.0011891503041673052,-0.006914719931228683,-0.005725569627061378,0.005725569627061378,True,15.61697769165039,5.337345447012922,0.02574481299961917
HDFCBANK,2026-07-01,793.5,802.25,793.5,796.1500244140625,801.6764526367188,810.0867919921875,785.8865356445312,785.3602905273438,797.9500122070312,-0.002255765104871928,-0.015777581912513397,-0.01352181680764147,0.01352181680764147,True,13.308354377746582,6.86446143098874,0.02929869998479262
HDFCBANK,2026-07-02,795.0,805.4500122070312,794.0,795.9000244140625,797.8267211914062,805.908935546875,795.393310546875,801.2814331054688,796.1500244140625,-0.0003140111691687643,0.006445278570684942,0.006759289739853706,0.006759289739853706,False,14.242162704467773,5.231905792024918,0.025195396010531113
HDFCBANK,2026-07-03,803.0,807.0,798.5499877929688,801.0499877929688,787.2879028320312,812.8529052734375,790.3944702148438,797.122802734375,795.9000244140625,0.006470615932820993,0.0015363466299837133,-0.004934269302837279,0.004934269302837279,True,13.742195129394531,7.538371884002117,0.025081736006541178
HDFCBANK,2026-07-06,805.0,831.5,805.0,829.8499755859375,803.8612060546875,817.1450805664062,800.058349609375,807.5166015625,801.0499877929688,0.035952797243425094,0.008072671953154746,-0.027880125290270348,0.027880125290270348,True,14.024334907531738,7.427353700011736,0.025795293011469766
HDFCBANK,2026-07-07,843.0,843.0,826.0999755859375,829.2999877929688,818.7521362304688,822.7470703125,810.9483642578125,814.4835205078125,829.8499755859375,-0.0006627556897623773,-0.018517148316206322,-0.017854392626443946,0.017854392626443946,True,13.201906204223633,8.24417779801297,0.02511748598772101
HDFCBANK,2026-07-08,825.9000244140625,834.3499755859375,806.9500122070312,810.2999877929688,823.2787475585938,825.6851196289062,808.7589111328125,810.625244140625,829.2999877929688,-0.022910889038555333,-0.02251868313906912,0.0003922058994862143,0.0003922058994862143,True,14.727676391601562,4.174342598009389,0.032213028986006975
HDFCBANK,2026-07-09,813.0,822.8499755859375,812.2999877929688,817.5499877929688,814.5702514648438,824.130126953125,810.8063354492188,816.1051635742188,810.2999877929688,0.008947303602641015,0.00716423036986793,-0.0017830732327730851,0.0017830732327730851,True,14.550872802734375,6.464501631009625,0.025879463006276637
HDFCBANK,2026-07-10,824.0,827.7000122070312,820.2999877929688,824.9500122070312,813.592041015625,816.06884765625,802.66455078125,806.3875122070312,817.5499877929688,0.009051464160667856,-0.013653569509641061,-0.02270503367030892,0.02270503367030892,False,14.458898544311523,6.563180541008478,0.025729943998157978
HDFCBANK,2026-07-13,817.0,821.9500122070312,811.0,817.9500122070312,824.33349609375,830.5081176757812,818.4776611328125,825.13330078125,824.9500122070312,-0.008485362623697089,0.0002221814310037873,0.008707544054700875,0.008707544054700875,False,14.7939453125,5.230188269983046,0.02567877300316468
HDFCBANK,2026-07-14,811.4000244140625,818.4000244140625,807.0,809.4000244140625,817.4979858398438,824.2056274414062,815.292236328125,819.3653564453125,817.9500122070312,-0.01045294659254148,0.00173035542167461,0.01218330201421609,0.01218330201421609,False,15.22152042388916,6.839566877024481,0.034734879998723045
HDFCBANK,2026-07-15,811.0,819.7000122070312,809.7000122070312,815.4500122070312,810.0634155273438,814.7378540039062,804.1727905273438,807.218017578125,809.4000244140625,0.007474657289945639,-0.002695832431580527,-0.010170489721526167,0.010170489721526167,False,14.046022415161133,7.079517634003423,0.03293839699472301
HDFCBANK,2026-07-16,814.5,818.0,806.5,808.2999877929688,813.2301025390625,818.3685913085938,808.8312377929688,812.1815185546875,815.4500122070312,-0.00876819462508906,-0.004008208478037186,0.004759986147051874,0.004759986147051874,True,14.320402145385742,6.506512122985441,0.025116136006545275
HDFCBANK,2026-07-17,810.0,823.7000122070312,808.5,819.5999755859375,806.1171264648438,817.0167846679688,785.8095703125,805.5759887695312,808.2999877929688,0.013979943045431587,-0.0033700347204943947,-0.01734997776592598,0.01734997776592598,False,13.660591125488281,5.861699230998056,0.02533122498425655
HDFCBANK,2026-07-20,790.0,790.0,774.5499877929688,777.5999755859375,815.6905517578125,819.869384765625,808.743896484375,811.0072631835938,819.5999755859375,-0.05124451104329758,-0.010484032037947247,0.040760479005350334,0.040760479005350334,True,14.761497497558594,6.2335089659900405,0.025671763985883445
HDFCBANK,2026-07-21,769.1500244140625,772.5,760.0999755859375,761.4500122070312,778.7108154296875,782.6707763671875,772.3908081054688,775.3944702148438,777.5999755859375,-0.020768986478860062,-0.0028362981485845038,0.01793268833027556,0.01793268833027556,True,12.724687576293945,7.020349336991785,0.025180734985042363
HDFCBANK,2026-07-22,760.25,761.3499755859375,750.3499755859375,753.1500244140625,763.6521606445312,772.5381469726562,760.9346313476562,767.337646484375,761.4500122070312,-0.01090023988431175,0.0077321349831996015,0.01863237486751135,0.01863237486751135,False,14.466704368591309,7.91500194199034,0.025932922988431528
HDFCBANK,2026-07-23,749.4000244140625,751.0,743.25,747.25,751.3146362304688,763.9540405273438,750.8179931640625,758.1277465820312,753.1500244140625,-0.007833797016275231,0.0066092040186035055,0.014443001034878736,0.014443001034878736,False,14.533203125,3.133571160986321,0.02569285299978219
HDFCBANK,2026-07-24,738.5,748.25,737.25,742.7999877929688,745.6056518554688,751.1914672851562,739.2536010742188,742.7380981445312,747.25,-0.0059551852887671465,-0.006038008505143861,-8.282321637671439e-05,8.282321637671439e-05,True,12.770071983337402,5.825434177007992,0.02514321598573588
HDFCBANK,2026-07-27,746.0999755859375,747.9500122070312,738.0999755859375,739.5499877929688,754.2994995117188,770.3419189453125,735.614013671875,744.9139404296875,742.7999877929688,-0.004375336636254538,0.0028459244365361316,0.00722126107279067,0.00722126107279067,False,12.105095863342285,5.582976106001297,0.025751323002623394
HDFCBANK,2026-07-28,732.0,740.25,732.0,735.4000244140625,738.0033569335938,745.0732421875,735.3450317382812,739.332275390625,739.5499877929688,-0.005611471093780884,-0.0002943849718576385,0.005317086121923245,0.005317086121923245,True,14.941795349121094,3.8428270209988113,0.02566989400656894
HDFCBANK,2026-07-29,743.0,751.25,740.7999877929688,748.2000122070312,739.7471923828125,748.145751953125,735.8518676757812,738.5384521484375,735.4000244140625,0.017405476431915094,0.004267647035877615,-0.013137829396037477,0.013137829396037477,True,13.35149097442627,4.657399486983195,0.03485913900658488
HDFCBANK,2026-07-30,752.7999877929688,757.9000244140625,745.5,753.9500122070312,756.40771484375,762.3291625976562,748.58251953125,751.0720825195312,748.2000122070312,0.007685110807521534,0.003838639756270522,-0.0038464710512510123,0.0038464710512510123,True,13.373320579528809,6.293830901006004,0.025242864998290315
HDFCBANK,2026-07-31,753.9500122070312,757.5499877929688,747.2000122070312,748.1500244140625,751.8321533203125,759.6746826171875,748.599365234375,756.8552856445312,753.9500122070312,-0.007692801510793132,0.003853403263427795,0.011546204774220926,0.011546204774220926,False,13.363710403442383,6.765588182024658,0.03310903598321602
HDFCBANK,2026-08-03,753.0499877929688,756.8499755859375,750.0499877929688,753.0,750.7924194335938,757.173583984375,748.3598022460938,752.2627563476562,748.1500244140625,0.006482624377023729,0.005497202164518764,-0.0009854222125049656,0.0009854222125049656,True,14.112464904785156,4.499707577022491,0.03375752398278564
HDFCBANK,2026-08-04,753.2000122070312,753.2000122070312,738.0,742.0,756.2874145507812,762.8731689453125,754.839599609375,761.0037231445312,753.0,-0.014608233731739707,0.010629114401767928,0.025237348133507635,0.025237348133507635,False,13.060015678405762,8.59347480800352,0.025811813975451514
HDFCBANK,2026-08-05,733.7999877929688,741.9500122070312,732.5999755859375,735.0,742.8056030273438,750.5695190429688,743.0472412109375,747.26904296875,742.0,-0.009433962264150943,0.00710113607648248,0.016535098340633422,0.016535098340633422,False,14.006901741027832,6.361985855008243,0.025485774996923283
HDFCBANK,2026-08-06,739.0,740.5,733.5499877929688,734.2999877929688,730.4421997070312,745.2740478515625,728.0477294921875,743.534423828125,735.0,-0.0009523975605867347,0.011611460990646258,0.012563858551232992,0.012563858551232992,False,14.24974536895752,5.238863576989388,0.03392998198978603
HDFCBANK,2026-08-07,733.0,736.0,728.2000122070312,731.0,735.9677124023438,741.733642578125,734.1294555664062,737.1817626953125,734.2999877929688,-0.004494059441410696,0.003924519883222779,0.008418579324633475,0.008418579324633475,False,13.886499404907227,7.1903874979761895,0.032861986983334646
HDFCBANK,2026-08-10,731.5,737.5499877929688,728.5,731.0,732.4599609375,735.8637084960938,728.09375,729.614501953125,731.0,0.0,-0.001895346165355677,-0.001895346165355677,0.001895346165355677,False,15.75804615020752,3.47046678699553,0.025587134005036205
HDFCBANK,2026-08-11,730.5,730.8499755859375,726.5499877929688,729.0,730.3854370117188,733.6444091796875,729.1323852539062,730.4246215820312,731.0,-0.0027359781121751026,-0.0007871113788902188,0.0019488667332848838,0.0019488667332848838,True,13.033169746398926,5.157587250985671,0.02484572702087462
HDFCBANK,2026-08-12,729.0,730.6500244140625,722.0,729.0,725.2782592773438,727.6541748046875,722.3678588867188,722.5181274414062,729.0,0.0,-0.008891457556370027,-0.008891457556370027,0.008891457556370027,False,12.502300262451172,5.092289275984513,0.025025215989444405
HDFCBANK,2026-08-13,726.9000244140625,729.0,724.5,725.0,728.88720703125,733.1443481445312,724.822998046875,728.0098266601562,729.0,-0.0054869684499314125,-0.0013582624689214677,0.004128705981009945,0.004128705981009945,True,13.15060806274414,6.214173788990593,0.0248942369944416
HDFCBANK,2026-08-14,725.0,729.5999755859375,723.5,727.0,726.023681640625,728.67724609375,721.4247436523438,721.272705078125,725.0,0.002758620689655172,-0.0051410964439655175,-0.00789971713362069,0.00789971713362069,False,14.00918960571289,5.312694648979232,0.025440855009946972
HDFCBANK,2026-08-17,727.0499877929688,732.0999755859375,724.5,729.0,724.9347534179688,745.3002319335938,723.7166748046875,731.3645629882812,727.0,0.002751031636863824,0.006003525430923315,0.0032524937940594913,0.0032524937940594913,True,15.562253952026367,3.401792764023412,0.02531188598368317
HDFCBANK,2026-08-18,726.2999877929688,729.0,723.0,723.0,730.3067626953125,733.822265625,727.2841186523438,729.0639038085938,729.0,-0.00823045267489712,8.765954539609054e-05,0.00831811222029321,0.00831811222029321,False,15.638687133789062,5.4661326840287074,0.025318714993773028
HDFCBANK,2026-08-19,724.0,725.4000244140625,715.0999755859375,720.0,727.3670654296875,732.3912963867188,726.8715209960938,729.5379638671875,723.0,-0.004149377593360996,0.009042826925570539,0.013192204518931536,0.013192204518931536,False,15.275552749633789,4.53444577701157,0.024995736981509253
HDFCBANK,2026-08-20,725.5,728.2999877929688,724.2999877929688,725.0499877929688,724.4614868164062,734.4503784179688,720.4915771484375,722.2622680664062,720.0,0.007013871934678819,0.0031420389811197915,-0.0038718329535590277,0.0038718329535590277,True,15.528520584106445,3.5063449929875787,0.030907493986887857
HDFCBANK,2026-08-21,728.2999877929688,732.7999877929688,726.5999755859375,726.9500122070312,724.0726318359375,724.9349975585938,719.869384765625,719.9774169921875,725.0499877929688,0.002620542646785113,-0.006996167003908253,-0.009616709650693367,0.009616709650693367,False,14.81911849975586,5.102617877011653,0.02501129699521698
HDFCBANK,2026-08-24,732.5,734.4000244140625,724.0999755859375,729.0,727.731689453125,730.533447265625,725.841552734375,727.385498046875,726.9500122070312,0.002819984536137438,0.0005990588520957698,-0.0022209256840416683,0.0022209256840416683,True,14.083433151245117,4.488688450015616,0.033857672999147326
HDFCBANK,2026-08-25,726.5999755859375,728.7000122070312,722.0,727.5,730.123779296875,732.2891235351562,727.2228393554688,728.6480102539062,729.0,-0.00205761316872428,-0.00048283915787894374,0.0015747740108453363,0.0015747740108453363,True,14.781840324401855,3.9331535219971556,0.024990706995595247
HDFCBANK,2026-08-26,728.0,731.0,724.1500244140625,727.2000122070312,726.6226196289062,728.5765380859375,723.0670166015625,723.9479370117188,727.5,-0.00041235435459621993,-0.00488256080863402,-0.0044702064540378,0.0044702064540378,True,14.351425170898438,5.068611984985182,0.025341055006720126
HDFCBANK,2026-08-27,728.1500244140625,728.1500244140625,710.0,711.0,729.0335083007812,730.9020385742188,726.3189086914062,727.7120971679688,727.2000122070312,-0.02227724413516534,0.0007041872281923329,0.02298143136335767,0.02298143136335767,False,14.937007904052734,5.169137057004264,0.025397674995474517
HDFCBANK,2026-08-28,710.8499755859375,720.2999877929688,707.0,720.2999877929688,717.1640625,724.840576171875,682.7199096679688,713.9112548828125,711.0,0.013080151607550985,0.004094591958948664,-0.008985559648602322,0.008985559648602322,True,15.39199447631836,5.346418992994586,0.02497879700968042
HDFCBANK,2026-08-31,723.0499877929688,739.75,704.1500244140625,709.0,718.5809936523438,722.7986450195312,716.3165283203125,719.9863891601562,720.2999877929688,-0.015687891134903965,-0.00043537225895752156,0.015252518875946443,0.015252518875946443,True,13.287793159484863,6.987087032001,0.025411933980649337
HDFCBANK,2026-09-01,705.0499877929688,715.4500122070312,698.5,711.9000244140625,719.6950073242188,724.2217407226562,717.0400390625,719.3262939453125,709.0,0.004090302417577574,0.01456458948563117,0.010474287068053596,0.010474287068053596,True,16.270126342773438,3.369710135011701,0.031864180986303836
HDFCBANK,2026-09-02,702.2999877929688,705.6500244140625,700.0,700.7999877929688,711.57861328125,715.8986206054688,706.6937866210938,711.1068115234375,711.9000244140625,-0.015592128445605495,-0.0011142195019277644,0.01447790894367773,0.01447790894367773,True,15.72361946105957,4.738274543022271,0.02483216699329205
HDFCBANK,2026-09-03,705.0,712.5999755859375,705.0,706.6500244140625,709.9393920898438,709.5855712890625,705.26904296875,703.1703491210938,700.7999877929688,0.008347655141258329,0.0033823649677705977,-0.004965290173487731,0.004965290173487731,True,14.039234161376953,6.698249754001154,0.02491649700095877
HDFCBANK,2026-09-04,708.3499755859375,716.5,708.3499755859375,712.0999755859375,709.736328125,714.5419311523438,706.2268676757812,709.2988891601562,706.6500244140625,0.007712376683767853,0.0037484817867092356,-0.003963894897058617,0.003963894897058617,True,13.123141288757324,7.2980478560202755,0.025277034990722314
