timestamps,actual_open,actual_high,actual_low,actual_close,pred_open,pred_high,pred_low,pred_close,close_error,absolute_error,percentage_error,open_error,high_error,low_error,horizon,rolling_mae,normalized_error
2021-01-01,917.461669921875,921.6151733398438,914.6926879882812,917.23095703125,886.7555,896.86035,879.01526,890.63513,-26.5958251953125,26.5958251953125,2.8995777989650193,-30.7061767578125,-24.75482177734375,-35.67742919921875,1,,0.028995777989650192
2021-01-04,920.7383422851562,922.4920043945312,908.231689453125,918.7769775390625,879.2982,885.8412,844.0168,851.50964,-67.267333984375,67.267333984375,7.321399602823099,-41.44012451171875,-36.65081787109375,-64.21490478515625,2,,0.07321399602823099
2021-01-05,908.6931762695312,915.4310913085938,902.6936645507812,907.3548583984375,853.9262,862.4841,845.07007,854.2335,-53.121337890625,53.121337890625,5.854527299758875,-54.7669677734375,-52.947021484375,-57.62359619140625,3,,0.05854527299758874
2021-01-06,907.2625122070312,907.3086547851562,879.2264404296875,883.4260864257812,863.05884,871.64874,834.8033,838.2508,-45.17529296875,45.17529296875,5.113647158815848,-44.20367431640625,-35.659912109375,-44.42315673828125,4,,0.051136471588158476
2021-01-07,886.3104248046875,897.6171875,879.2264404296875,881.9954223632812,837.7398,836.81177,824.19464,822.7909,-59.20452880859375,59.20452880859375,6.7125664496032105,-48.57061767578125,-60.805419921875,-55.03179931640625,5,,0.0671256644960321
2021-01-08,885.1566772460938,894.5712890625,882.433837890625,892.4022216796875,827.12054,861.28925,823.1448,846.01624,-46.385986328125,46.385986328125,5.197878848936176,-58.0361328125,-33.28204345703125,-59.2890625,6,,0.05197878848936176
2021-01-11,894.755859375,894.755859375,873.388427734375,875.58056640625,837.0158,836.901,811.49005,816.4408,-59.1397705078125,59.1397705078125,6.754349374215433,-57.74005126953125,-57.8548583984375,-61.89837646484375,7,,0.06754349374215433
2021-01-12,878.2341918945312,904.5396728515625,876.8035278320312,903.1782836914062,826.0672,827.29376,800.0259,804.8943,-98.28399658203125,98.28399658203125,10.882015030336188,-52.1669921875,-77.24591064453125,-76.77764892578125,8,,0.10882015030336188
2021-01-13,906.177978515625,911.4390869140625,885.3643798828125,894.755859375,814.3301,858.28723,786.1838,782.0131,-112.74273681640625,112.74273681640625,12.600391004442116,-91.847900390625,-53.15185546875,-99.18060302734375,9,,0.12600391004442116
2021-01-14,897.6171875,907.7240600585938,894.8712768554688,904.8165893554688,788.38995,801.15216,776.1917,788.4007,-116.4158935546875,116.4158935546875,12.866242167113057,-109.22723388671875,-106.5718994140625,-118.6795654296875,10,,0.12866242167113057
2021-01-15,904.8165893554688,910.9083862304688,886.102783203125,894.1328735351562,792.5601,816.7306,788.78625,811.0182,-83.11468505859375,83.11468505859375,9.295563055408204,-112.2564697265625,-94.17779541015625,-97.3165283203125,11,,0.09295563055408204
2021-01-18,899.5093383789062,921.6151733398438,887.625732421875,915.5925903320312,812.68604,816.8336,796.7132,803.00793,-112.58465576171875,112.58465576171875,12.296370345340057,-86.82330322265625,-104.78155517578125,-90.91253662109375,12,,0.12296370345340056
2021-01-19,920.5306396484375,937.30615234375,920.5306396484375,930.5682983398438,794.5482,814.17377,785.79205,801.4694,-129.098876953125,129.098876953125,13.873122175281546,-125.982421875,-123.13238525390625,-134.73858642578125,13,,0.13873122175281546
2021-01-20,932.8757934570312,949.7666625976562,923.645751953125,948.2437133789062,773.7194,823.2434,771.9223,806.23553,-142.0081787109375,142.0081787109375,14.97591565410071,-159.1563720703125,-126.52325439453125,-151.72344970703125,14,,0.1497591565410071
2021-01-21,960.8426513671875,978.379638671875,957.6121826171875,968.8727416992188,750.1443,800.6882,720.1928,784.145,-184.72772216796875,184.72772216796875,19.06625237943958,-210.6983642578125,-177.69146728515625,-237.41937255859375,15,,0.19066252379439577
2021-01-22,974.2261352539062,976.2337036132812,939.2213745117188,945.8900756835938,713.7895,777.9036,693.11456,720.40955,-225.48052978515625,225.48052978515625,23.837921084244563,-260.4366455078125,-198.330078125,-246.1068115234375,16,,0.23837921084244562
2021-01-25,939.1290893554688,939.1290893554688,891.61767578125,895.7711791992188,714.50073,736.8525,690.2082,719.1111,-176.66009521484375,176.66009521484375,19.721564984125784,-224.62835693359375,-202.276611328125,-201.40948486328125,17,,0.19721564984125783
2021-01-27,888.38720703125,888.38720703125,871.3117065429688,874.5421752929688,711.7548,729.31006,689.97327,704.7611,-169.78106689453125,169.78106689453125,19.413708302593314,-176.63238525390625,-159.0771484375,-181.33843994140625,18,,0.19413708302593313
2021-01-28,867.6889038085938,887.6026611328125,863.0046997070312,866.0275268554688,708.3225,720.03064,681.89496,687.2404,-178.787109375,178.787109375,20.644506534818007,-159.36639404296875,-167.572021484375,-181.1097412109375,19,,0.20644506534818005
2021-01-29,874.2191162109375,882.8953247070312,844.544677734375,850.0596313476562,685.84717,714.81445,677.63336,704.6607,-145.39892578125,145.39892578125,17.104556012234035,-188.3719482421875,-168.08087158203125,-166.91131591796875,20,111.59872741699219,0.17104556012234035
2021-02-01,858.11279296875,879.1571655273438,852.8516845703125,874.6806640625,636.20557,720.81866,631.7165,705.4394,-169.24127197265625,169.24127197265625,19.348921146445186,-221.9072265625,-158.3385009765625,-221.13519287109375,21,118.73099975585937,0.19348921146445186
2021-02-02,883.4260864257812,895.3096923828125,856.0591430664062,888.7564086914062,702.0891,747.00073,690.40436,731.2364,-157.52001953125,157.52001953125,17.723643733065227,-181.33697509765625,-148.3089599609375,-165.65478515625,22,123.24363403320312,0.17723643733065228
2021-02-03,889.91015625,900.84765625,876.8496704101562,890.9946899414062,724.413,738.13245,702.33826,718.27484,-172.7198486328125,172.7198486328125,19.385059258228683,-165.49713134765625,-162.7152099609375,-174.51141357421875,23,129.2235595703125,0.19385059258228682
2021-02-04,887.9256591796875,895.3096923828125,879.1571655273438,888.0641479492188,710.1262,714.2348,697.40265,701.1606,-186.903564453125,186.903564453125,21.046178351500405,-177.7994384765625,-181.07489013671875,-181.7545166015625,24,136.30997314453126,0.21046178351500405
2021-02-05,890.7177734375,897.4556884765625,886.0797119140625,887.810302734375,718.3556,725.53864,711.1034,715.7793,-172.031005859375,172.031005859375,19.377000394063366,-172.3621826171875,-171.91705322265625,-174.976318359375,25,141.9512969970703,0.19377000394063365
2021-02-08,892.1022338867188,908.6931762695312,890.2562866210938,900.5938720703125,710.74866,728.8876,702.27014,720.0549,-180.53900146484375,180.53900146484375,20.04666110483466,-181.35357666015625,-179.80560302734375,-187.98614501953125,26,148.65894775390626,0.2004666110483466
2021-02-09,905.4396362304688,918.2000732421875,900.9861450195312,902.7628784179688,673.21277,774.4472,650.30334,702.8001,-199.9627685546875,199.9627685546875,22.150087618257945,-232.22686767578125,-143.75286865234375,-250.68280029296875,27,155.70009765625,0.22150087618257944
2021-02-10,901.6553344726562,915.9617919921875,889.4486083984375,911.1390991210938,700.58527,717.1631,687.28687,705.70483,-205.43426513671875,205.43426513671875,22.546970636523607,-201.070068359375,-198.7987060546875,-202.1617431640625,28,161.05761108398437,0.22546970636523608
2021-02-11,913.7696533203125,952.6279907226562,910.1930541992188,948.7052001953125,683.9212,712.646,638.099,714.3729,-234.332275390625,234.332275390625,24.70022039959119,-229.84844970703125,-239.98199462890625,-272.09405517578125,29,167.1370880126953,0.24700220399591188
2021-02-12,948.6129150390625,958.9966430664062,930.1067504882812,942.1980590820312,703.02826,712.0627,686.7953,695.703,-246.49505615234375,246.49505615234375,26.161702815700984,-245.58465576171875,-246.9339599609375,-243.31146240234375,30,173.64104614257812,0.2616170281570098
2021-02-15,945.1747436523438,951.2896118164062,934.5371704101562,938.0445556640625,668.8873,700.51526,554.38947,692.2419,-245.80267333984375,245.80267333984375,26.203731140024004,-276.28741455078125,-250.77435302734375,-380.147705078125,31,181.77544555664062,0.26203731140024006
2021-02-16,941.3442993164062,959.6427612304688,939.1521606445312,950.4589233398438,681.1921,697.2074,665.6968,688.8687,-261.5902099609375,261.5902099609375,27.522516074837668,-260.1522216796875,-262.43536376953125,-273.45538330078125,32,189.22572326660156,0.27522516074837666
2021-02-17,950.6896362304688,967.2805786132812,946.3515625,961.4195556640625,696.4846,711.2533,692.9454,703.52966,-257.889892578125,257.889892578125,26.82386592396675,-254.20501708984375,-256.02728271484375,-253.40618896484375,33,195.66527404785157,0.2682386592396675
2021-02-18,962.2271728515625,973.0262451171875,950.2742919921875,954.2432250976562,708.2195,729.29913,688.17725,693.0403,-261.20294189453125,261.20294189453125,27.37278452962556,-254.0076904296875,-243.72711181640625,-262.0970458984375,34,201.62501220703126,0.2737278452962556
2021-02-19,949.30517578125,971.43408203125,947.5975952148438,960.05810546875,682.25146,747.0985,673.3032,682.3712,-277.6868896484375,277.6868896484375,28.923967004357138,-267.0537109375,-224.3355712890625,-274.29437255859375,35,206.2729705810547,0.2892396700435714
2021-02-22,959.919677734375,964.488525390625,920.6691284179688,926.73779296875,693.17426,697.12396,684.9316,682.41254,-244.32525634765625,244.32525634765625,26.364011287915073,-266.74542236328125,-267.36456298828125,-235.737548828125,36,207.2152069091797,0.26364011287915073
2021-02-23,945.1516723632812,947.4130249023438,929.2760620117188,933.8218383789062,682.3053,698.2706,673.6285,686.5328,-247.2890625,247.2890625,26.48139637955868,-262.84637451171875,-249.14239501953125,-255.6475830078125,37,210.7466552734375,0.2648139637955868
2021-02-24,936.8446655273438,953.112548828125,935.06787109375,951.1511840820312,718.14075,741.1652,710.28925,737.0066,-214.14459228515625,214.14459228515625,22.514253871410574,-218.70391845703125,-211.94732666015625,-224.77862548828125,38,212.96483154296874,0.22514253871410575
2021-02-25,958.0736694335938,993.1476440429688,956.6891479492188,989.6171875,720.38715,741.23425,705.6206,717.2918,-272.32537841796875,272.32537841796875,27.51825472089113,-237.6865234375,-251.91339111328125,-251.06854248046875,39,217.6417449951172,0.2751825472089113
2021-02-26,976.9951782226562,984.7944946289062,955.627685546875,962.5963745117188,717.4309,733.85974,711.71716,726.9855,-235.61090087890625,235.61090087890625,24.47660381002587,-259.56427001953125,-250.93475341796875,-243.9105224609375,40,222.15234375,0.2447660381002587
2021-03-01,973.85693359375,974.6876831054688,951.8433837890625,969.9342041015625,728.33997,747.0022,723.9204,739.6423,-230.29193115234375,230.29193115234375,23.743046711674655,-245.5169677734375,-227.68548583984375,-227.9229736328125,41,225.2048767089844,0.23743046711674654
2021-03-02,979.3026733398438,982.99462890625,964.1193237304688,971.9186401367188,748.91327,741.0563,730.0778,724.9078,-247.0108642578125,247.0108642578125,25.414767662349362,-230.389404296875,-241.9383544921875,-234.04150390625,42,229.6794189453125,0.25414767662349363
2021-03-03,978.8642578125,1024.4835205078125,972.4724731445312,1016.268798828125,734.74316,768.0891,732.9718,765.68097,-250.58782958984375,250.58782958984375,24.6576328899205,-244.12109375,-256.3944091796875,-239.50067138671875,43,233.57281799316405,0.246576328899205
2021-03-04,1006.0696411132812,1010.6615600585938,995.7781982421875,1004.1544189453125,748.3095,760.9801,738.1911,757.17035,-246.98406982421875,246.98406982421875,24.596223963604327,-257.7601318359375,-249.68145751953125,-257.58709716796875,44,236.57684326171875,0.24596223963604327
2021-03-05,994.99365234375,1020.8145751953125,993.6322021484375,1005.4696655273438,724.5,788.2317,731.39496,775.445,-230.024658203125,230.024658203125,22.877334452699056,-270.49365234375,-232.5828857421875,-262.23724365234375,45,239.47652587890624,0.22877334452699058
2021-03-08,1000.7623901367188,1030.021484375,1000.5316772460938,1011.1923217773438,782.31104,812.6933,777.8262,804.72015,-206.47216796875,206.47216796875,20.418684311787473,-218.45135498046875,-217.32818603515625,-222.70550537109375,46,240.77318420410157,0.20418684311787474
2021-03-09,1015.2996215820312,1021.6683349609375,990.6555786132812,1011.169189453125,805.9332,841.3326,791.05634,822.2621,-188.9071044921875,188.9071044921875,18.68204712550181,-209.36639404296875,-180.33575439453125,-199.5992431640625,47,240.22040100097655,0.1868204712550181
2021-03-10,1018.5301513671875,1022.268310546875,1001.5700073242188,1006.9695434570312,827.00916,817.00653,830.32544,816.4174,-190.5521240234375,190.5521240234375,18.923325463176592,-191.52099609375,-205.26177978515625,-171.24456787109375,48,239.4762939453125,0.18923325463176593
2021-03-12,1012.9921264648438,1018.2532348632812,980.1795043945312,986.5020751953125,812.4758,829.7476,806.6545,823.25964,-163.242431640625,163.242431640625,16.54760144405226,-200.51629638671875,-188.505615234375,-173.5250244140625,49,235.9218017578125,0.16547601444052257
2021-03-15,987.6327514648438,991.7169799804688,960.150390625,973.2570190429688,830.3367,835.88416,823.1772,833.3639,-139.89312744140625,139.89312744140625,14.373708558399828,-157.29608154296875,-155.83282470703125,-136.97320556640625,50,230.59170532226562,0.14373708558399828
2021-03-16,975.6106567382812,981.148681640625,967.0729370117188,969.4265747070312,836.60815,857.88654,831.79614,852.2953,-117.13128662109375,117.13128662109375,12.08253308472504,-139.00250244140625,-123.26214599609375,-135.27679443359375,51,224.15813598632812,0.12082533084725039
2021-03-17,968.249755859375,970.5341796875,939.1983032226562,948.543701171875,854.20337,874.1625,849.39105,870.6907,-77.85302734375,77.85302734375,8.207637375860148,-114.04638671875,-96.3717041015625,-89.8072509765625,52,214.97127685546874,0.08207637375860148
2021-03-18,956.6430053710938,962.1348876953125,923.461181640625,927.1993408203125,865.26685,871.1,845.0649,858.13275,-69.06658935546875,69.06658935546875,7.448947202050866,-91.37615966796875,-91.034912109375,-78.39630126953125,53,205.53011169433594,0.07448947202050867
2021-03-19,918.84619140625,967.2344360351562,915.0618896484375,960.8426513671875,852.8788,876.4192,847.5816,871.2186,-89.6240234375,89.6240234375,9.327648320978836,-65.9674072265625,-90.81524658203125,-67.48028564453125,54,196.95116577148437,0.09327648320978836
2021-03-22,955.7661743164062,957.150634765625,938.3214721679688,951.7972412109375,864.55316,870.13617,852.3016,862.59674,-89.20050048828125,89.20050048828125,9.371796494681437,-91.2130126953125,-87.01446533203125,-86.0198974609375,55,187.52684631347657,0.09371796494681436
2021-03-23,951.589599609375,973.626220703125,948.8436889648438,963.3809204101562,860.7413,864.58606,847.0024,853.33997,-110.04095458984375,110.04095458984375,11.422372216277044,-90.84832763671875,-109.0401611328125,-101.84130859375,56,180.81263122558593,0.11422372216277044
2021-03-24,959.8042602539062,959.8042602539062,941.644287109375,944.82861328125,852.34863,861.43414,849.10596,867.1853,-77.643310546875,77.643310546875,8.217713716060235,-107.45562744140625,-98.3701171875,-92.538330078125,57,172.3303436279297,0.08217713716060235
2021-03-25,947.920654296875,947.920654296875,916.0771484375,919.0538330078125,858.228,865.44214,842.89307,852.4626,-66.59124755859375,66.59124755859375,7.245630796256925,-89.692626953125,-82.478515625,-73.18408203125,58,164.95267639160156,0.07245630796256924
2021-03-26,928.5376586914062,929.3222045898438,910.8622436523438,920.5306396484375,846.5421,853.0334,837.30927,843.9554,-76.57525634765625,76.57525634765625,8.318599408804179,-81.99554443359375,-76.288818359375,-73.552978515625,59,155.16517028808593,0.0831859940880418
2021-03-30,926.691650390625,945.5670166015625,919.0999755859375,936.5216064453125,847.1173,862.65845,843.19,857.79456,-78.72705078125,78.72705078125,8.40632509057304,-79.5743408203125,-82.9085693359375,-75.90997314453125,60,147.32097778320312,0.0840632509057304
2021-03-31,931.3067016601562,946.0285034179688,922.5381469726562,924.4302978515625,856.40814,859.508,839.73047,846.15985,-78.27044677734375,78.27044677734375,8.466884627131918,-74.8985595703125,-86.5205078125,-82.80767822265625,61,139.71990356445312,0.08466884627131918
2021-04-01,931.3067016601562,936.8446655273438,924.453369140625,933.0834350585938,844.3351,884.677,829.3914,827.5009,-105.58251953125,105.58251953125,11.315442495731356,-86.97161865234375,-52.16766357421875,-95.06195068359375,62,132.648486328125,0.11315442495731355
2021-04-05,934.5140991210938,934.5371704101562,905.5088500976562,919.5845947265625,814.1189,851.06476,774.8412,807.7129,-111.8717041015625,111.8717041015625,12.165460876911213,-120.39520263671875,-83.472412109375,-130.66766357421875,63,125.71268005371094,0.12165460876911213
2021-04-06,924.845703125,925.2841186523438,908.6931762695312,915.754150390625,785.522,822.26654,772.0972,808.1034,-107.6507568359375,107.6507568359375,11.75542112367363,-139.32373046875,-103.017578125,-136.595947265625,64,118.74601440429687,0.11755421123673629
2021-04-07,922.9996948242188,944.64404296875,919.9076538085938,924.31494140625,802.4095,808.5173,775.42523,786.8059,-137.509033203125,137.509033203125,14.87685928715154,-120.5902099609375,-136.12677001953125,-144.482421875,65,114.12023315429687,0.1487685928715154
2021-04-08,928.076171875,933.1526489257812,919.7691650390625,925.4686889648438,784.54425,802.49725,770.529,787.8013,-137.66741943359375,137.66741943359375,14.875427021477913,-143.53192138671875,-130.6553955078125,-149.24017333984375,66,110.67999572753907,0.14875427021477913
2021-04-09,922.2843627929688,925.93017578125,913.7696533203125,914.7157592773438,799.0482,802.16907,779.8467,785.5201,-129.1956787109375,129.1956787109375,14.124133907237635,-123.23614501953125,-123.7611083984375,-133.9229736328125,67,107.69442443847656,0.14124133907237635
2021-04-12,904.0781860351562,905.185791015625,876.965087890625,881.9954223632812,786.5492,795.2341,776.7952,786.2537,-95.74169921875,95.74169921875,10.855124277426848,-117.52899169921875,-109.95172119140625,-100.16986083984375,68,102.95390319824219,0.10855124277426847
2021-04-13,887.9256591796875,895.5866088867188,885.0874633789062,891.525390625,785.7303,802.38837,780.2235,793.24994,-98.27545166015625,98.27545166015625,11.023292515680419,-102.19537353515625,-93.1982421875,-104.86395263671875,69,99.70555419921875,0.11023292515680419
2021-04-15,888.9871215820312,905.0011596679688,882.8491821289062,897.2941284179688,791.693,798.9459,784.6106,792.81354,-104.4805908203125,104.4805908203125,11.643962387731616,-97.29412841796875,-106.05523681640625,-98.23858642578125,70,97.93492736816407,0.11643962387731616
2021-04-16,893.7406005859375,899.8785400390625,889.0563354492188,891.663818359375,803.6832,819.5815,775.5163,771.7965,-119.8673095703125,119.8673095703125,13.443105697712781,-90.057373046875,-80.29705810546875,-113.5400390625,71,98.071728515625,0.13443105697712782
2021-04-19,878.6956787109375,884.4182739257812,872.2346801757812,877.6342163085938,776.5882,783.49414,758.967,767.1603,-110.47393798828125,110.47393798828125,12.587697235978823,-102.10748291015625,-100.92413330078125,-113.2677001953125,72,99.70277404785156,0.12587697235978823
2021-04-20,881.6954345703125,885.6181640625,872.4423828125,877.3804321289062,771.0704,789.98157,769.75995,786.27484,-91.1055908203125,91.1055908203125,10.383818408082197,-110.62506103515625,-95.6365966796875,-102.68243408203125,73,100.80472412109376,0.10383818408082197
2021-04-22,873.2730712890625,883.5183715820312,866.0967407226562,879.8032836914062,781.0228,781.99506,772.8601,773.9648,-105.8385009765625,105.8385009765625,12.029791538455509,-92.250244140625,-101.5233154296875,-93.23663330078125,74,101.61544799804688,0.12029791538455509
2021-04-23,879.6187133789062,885.572021484375,874.7037353515625,878.8572387695312,772.0589,785.50397,741.635,750.5453,-128.31195068359375,128.31195068359375,14.599862756235643,-107.559814453125,-100.06805419921875,-133.0687255859375,75,103.5710205078125,0.14599862756235643
2021-04-26,886.0797119140625,905.4627075195312,882.1569213867188,894.3174438476562,760.6957,760.13104,741.94214,741.6827,-152.634765625,152.634765625,17.067179744176027,-125.384033203125,-145.3316650390625,-140.21478271484375,76,105.70071105957031,0.17067179744176028
2021-04-27,895.3096923828125,921.7074584960938,894.5020751953125,917.7616577148438,740.9638,738.2407,727.2024,721.31165,-196.45001220703125,196.45001220703125,21.40534097885248,-154.34588623046875,-183.46673583984375,-167.2996826171875,77,111.64104614257812,0.21405340978852477
2021-04-28,922.0074462890625,926.691650390625,913.8389282226562,921.7536010742188,726.4219,749.36536,713.36945,721.0143,-200.73931884765625,200.73931884765625,21.77798042922893,-195.5855712890625,-177.3262939453125,-200.469482421875,78,118.34844970703125,0.2177798042922893
2021-04-29,933.5679931640625,943.5364379882812,926.36865234375,934.0987548828125,730.2148,737.0552,720.0844,727.4985,-206.60028076171875,206.60028076171875,22.117605840041808,-203.35321044921875,-206.48126220703125,-206.28424072265625,79,124.84970092773438,0.22117605840041807
2021-04-30,926.9224243164062,939.6136474609375,917.2540283203125,920.46142578125,692.5887,703.3088,710.9038,718.8436,-201.6177978515625,201.6177978515625,21.90399208532151,-234.333740234375,-236.30487060546875,-206.3502197265625,80,130.99423828125,0.21903992085321508
2021-05-03,907.3086547851562,913.3081665039062,896.7403564453125,904.1012573242188,721.22107,778.6292,639.6551,691.1692,-212.93206787109375,212.93206787109375,23.55179424274757,-186.08758544921875,-134.678955078125,-257.08526611328125,81,137.7273193359375,0.2355179424274757
2021-05-04,899.9246826171875,908.139404296875,881.9262084960938,884.5105590820312,706.50757,726.2704,708.1503,718.57947,-165.93109130859375,165.93109130859375,18.759650702282343,-193.4171142578125,-181.8690185546875,-173.77587890625,82,140.7447479248047,0.18759650702282343
2021-05-05,887.625732421875,894.617431640625,880.5647583007812,886.1258544921875,725.4563,727.1229,732.4187,726.26996,-159.85589599609375,159.85589599609375,18.039863658836865,-162.16943359375,-167.4945068359375,-148.14605712890625,83,143.14395751953126,0.18039863658836863
2021-05-06,886.9334716796875,893.002197265625,879.8955688476562,891.1561889648438,733.5502,734.50323,739.51953,735.0295,-156.126708984375,156.126708984375,17.519567379735072,-153.38330078125,-158.49896240234375,-140.37603759765625,84,145.56775512695313,0.1751956737973507
2021-05-07,894.2713012695312,902.5321655273438,888.8486938476562,891.5023193359375,736.56555,743.26227,715.20447,701.85913,-189.6431884765625,189.6431884765625,21.272315771183184,-157.70574951171875,-159.2698974609375,-173.64422607421875,85,148.174462890625,0.21272315771183184
2021-05-10,894.8482055664062,898.4478759765625,886.5181274414062,888.9409790039062,657.0825,776.51843,589.20593,709.23334,-179.7076416015625,179.7076416015625,20.2159249990851,-237.76568603515625,-121.929443359375,-297.31219482421875,86,150.27647399902344,0.202159249990851
2021-05-11,883.772216796875,894.6405029296875,881.4646606445312,892.1484375,696.66516,733.6912,656.072,645.5886,-246.559814453125,246.559814453125,27.636635798414993,-187.1070556640625,-160.94927978515625,-225.39263916015625,87,156.14468078613282,0.27636635798414994
2021-05-12,890.7408447265625,892.0330200195312,880.0802001953125,882.9183959960938,649.3993,673.5644,634.5143,651.96313,-230.95526123046875,230.95526123046875,26.15816617683097,-241.341552734375,-218.4686279296875,-245.56591796875,88,162.90535888671874,0.2615816617683097
2021-05-14,889.7947387695312,896.232666015625,879.6187133789062,894.0636596679688,642.9026,704.0415,629.47943,632.9058,-261.1578369140625,261.1578369140625,29.210206017214645,-246.89215087890625,-192.191162109375,-250.1392822265625,89,171.04947814941406,0.29210206017214646
2021-05-17,894.0636596679688,906.1318359375,890.8792724609375,904.7012329101562,623.48334,673.63,594.5757,598.5317,-306.1695556640625,306.1695556640625,33.84206238773497,-270.580322265625,-232.5018310546875,-296.3035888671875,90,181.13392639160156,0.33842062387734967
2021-05-18,914.231201171875,924.1995849609375,910.3084106445312,917.4385986328125,607.6237,670.43896,603.3569,658.5789,-258.85968017578125,258.85968017578125,28.215477369443548,-306.60748291015625,-253.7606201171875,-306.9515380859375,91,188.083544921875,0.2821547736944355
2021-05-19,913.7696533203125,930.5913696289062,910.0776977539062,921.6382446289062,663.07184,693.1822,659.0698,686.73596,-234.90228271484375,234.90228271484375,25.487471259336264,-250.69781494140625,-237.4091796875,-251.00787353515625,92,194.30496215820312,0.25487471259336264
2021-05-20,922.030517578125,928.030029296875,914.231201171875,916.2617797851562,699.1334,706.52185,692.47754,697.5155,-218.74627685546875,218.74627685546875,23.873775124261982,-222.8970947265625,-221.5081787109375,-221.753662109375,93,200.68699645996094,0.23873775124261984
2021-05-21,919.3076782226562,927.4300537109375,916.5386962890625,924.176513671875,684.6932,702.749,633.197,705.85254,-218.323974609375,218.323974609375,23.623622909647974,-234.614501953125,-224.6810302734375,-283.3416748046875,94,206.31127014160157,0.23623622909647973
2021-05-24,926.691650390625,927.5223999023438,914.6926879882812,916.3771362304688,701.2629,746.3523,698.9048,734.9896,-181.38751220703125,181.38751220703125,19.79398056057701,-225.42877197265625,-181.17010498046875,-215.78790283203125,95,208.96504821777344,0.19793980560577007
2021-05-25,921.3382568359375,921.6151733398438,904.5396728515625,905.993408203125,731.6719,741.22473,704.9841,725.0776,-180.91583251953125,180.91583251953125,19.968780223064236,-189.6663818359375,-180.39044189453125,-199.55560302734375,96,210.3791015625,0.19968780223064236
2021-05-26,911.462158203125,913.5389404296875,906.9856567382812,909.177734375,679.0805,702.6722,626.0443,718.3265,-190.85125732421875,190.85125732421875,20.99163344067334,-232.38165283203125,-210.86676025390625,-280.94134521484375,97,210.0991638183594,0.2099163344067334
2021-05-27,909.2931518554688,919.7691650390625,905.5780639648438,911.9698486328125,689.5785,690.45416,663.0317,669.8526,-242.11724853515625,242.11724853515625,26.54882164121198,-219.71466064453125,-229.31500244140625,-242.54638671875,98,212.16806030273438,0.2654882164121198
2021-05-28,918.3847045898438,971.4571533203125,918.3847045898438,966.7498779296875,679.10974,681.4961,579.72186,681.15784,-285.592041015625,285.592041015625,29.541461295782685,-239.27496337890625,-289.9610595703125,-338.662841796875,99,216.11764831542968,0.29541461295782684
2021-05-31,970.0726318359375,1011.4691772460938,962.250244140625,996.9780883789062,688.93823,697.7191,663.7888,682.93134,-314.0467529296875,314.0467529296875,31.499865101381502,-281.1343994140625,-313.75006103515625,-298.46142578125,100,221.73909606933594,0.314998651013815
2021-06-01,999.608642578125,1016.22265625,990.609375,1000.947021484375,702.12463,709.5331,698.96893,702.2815,-298.66552734375,298.66552734375,29.83829522773721,-297.4840087890625,-306.6895751953125,-291.64044189453125,101,226.02576904296876,0.2983829522773721
2021-06-02,995.4551391601562,1019.6838989257812,995.4551391601562,1015.8765258789062,668.9382,728.0295,701.21924,730.51733,-285.35919189453125,285.35919189453125,28.089948396794277,-326.5169677734375,-291.6544189453125,-294.23590087890625,102,231.99717407226564,0.2808994839679428
2021-06-03,1024.9910888671875,1038.3746337890625,1013.4998168945312,1019.7531127929688,732.5943,751.4522,683.09576,696.4706,-323.28253173828125,323.28253173828125,31.702039217399708,-292.39678955078125,-286.92242431640625,-330.404052734375,103,240.168505859375,0.3170203921739971
2021-06-04,1022.1298217773438,1022.8912963867188,1008.031005859375,1010.9154052734375,692.6472,708.00397,649.71106,651.4947,-359.42071533203125,359.42071533203125,35.553985373762636,-329.48260498046875,-314.8873291015625,-358.3199462890625,104,250.3332061767578,0.35553985373762637
2021-06-07,1016.22265625,1034.6826171875,1008.3771362304688,1027.9447021484375,645.64825,698.8705,639.63666,642.37427,-385.5704345703125,385.5704345703125,37.508869277156435,-370.57440185546875,-335.8121337890625,-368.740478515625,105,260.1295684814453,0.37508869277156437
2021-06-08,1027.5755615234375,1027.829345703125,1014.4458618164062,1022.0375366210938,610.728,681.45685,615.6158,634.1975,-387.84002685546875,387.84002685546875,37.94772823488332,-416.8475341796875,-346.37249755859375,-398.830078125,106,270.53618774414065,0.3794772823488332
2021-06-09,1024.068115234375,1024.9910888671875,995.8935546875,1003.7621459960938,611.3881,642.3689,612.8334,636.81244,-366.94970703125,366.94970703125,36.55743629055703,-412.67999267578125,-382.6221923828125,-383.0601806640625,107,276.55568237304686,0.36557436290557027
2021-06-10,1012.2537231445312,1029.1446533203125,1004.93896484375,1007.4541625976562,641.8138,680.03436,635.80084,671.0796,-336.37457275390625,336.37457275390625,33.38857342021257,-370.43994140625,-349.11029052734375,-369.13812255859375,108,281.82664794921874,0.33388573420212575
2021-06-11,1007.4080200195312,1028.2216796875,1006.1157836914062,1021.3683471679688,679.56287,685.9588,678.1571,676.5969,-344.77142333984375,344.77142333984375,33.755835913245164,-327.84515380859375,-342.26287841796875,-327.95867919921875,109,286.0073272705078,0.33755835913245164
2021-06-14,1022.22216796875,1042.1820068359375,1013.0151977539062,1036.02099609375,700.69965,705.4708,682.4856,691.01917,-345.0018310546875,345.0018310546875,33.300660156067735,-321.52252197265625,-336.711181640625,-330.52960205078125,110,287.9489410400391,0.33300660156067735
2021-06-15,1043.451171875,1049.865966796875,1033.8980712890625,1038.3746337890625,706.8006,720.8305,702.2219,717.28174,-321.0928955078125,321.0928955078125,30.922644396284426,-336.65057373046875,-329.03546142578125,-331.6761474609375,111,291.06060180664065,0.30922644396284427
2021-06-16,1036.02099609375,1037.01318359375,1017.9993896484375,1020.6530151367188,717.34314,716.78235,710.52216,713.70197,-306.9510498046875,306.9510498046875,30.073986482425735,-318.6778564453125,-320.2308349609375,-307.47723388671875,112,294.6630401611328,0.30073986482425735
2021-06-17,1015.2996215820312,1031.4521484375,1006.0234985351562,1022.5220947265625,723.78973,716.7638,732.2716,719.205,-303.31707763671875,303.31707763671875,29.663620884185416,-291.5098876953125,-314.6883544921875,-273.75189208984375,113,298.89158020019534,0.29663620884185415
2021-06-18,1027.06787109375,1031.4521484375,1008.0771484375,1027.1370849609375,717.45197,731.6579,715.39404,727.64,-299.4970703125,299.4970703125,29.158432179857474,-309.61590576171875,-299.79425048828125,-292.68310546875,114,302.9502349853516,0.29158432179857474
2021-06-21,1016.9149169921875,1037.2208251953125,1015.368896484375,1032.490478515625,735.8864,743.1734,735.01996,742.6501,-289.84039306640625,289.84039306640625,28.071967644980077,-281.02850341796875,-294.04742431640625,-280.34893798828125,115,308.3728790283203,0.2807196764498008
2021-06-22,1040.2205810546875,1043.451171875,1024.2296142578125,1027.1832275390625,738.85,738.33264,736.6407,734.5541,-292.629150390625,292.629150390625,28.488505511495678,-301.37060546875,-305.1185302734375,-287.58892822265625,116,313.958544921875,0.28488505511495676
2021-06-23,1038.3746337890625,1038.6514892578125,1016.0841674804688,1017.7686767578125,733.0299,740.3229,742.1851,741.89014,-275.8785400390625,275.8785400390625,27.10621247628653,-305.3447265625,-298.32861328125,-273.8990478515625,117,318.2099090576172,0.2710621247628653
2021-06-24,1018.4609375,1022.0375366210938,987.6096801757812,993.8399047851562,736.6,769.0358,724.3609,705.5126,-288.32733154296875,288.32733154296875,29.011446426605104,-281.8609619140625,-253.001708984375,-263.248779296875,118,320.5204132080078,0.29011446426605103
2021-06-25,993.8399047851562,993.8399047851562,960.4273071289062,971.2033081054688,672.1097,711.0115,676.4218,733.50433,-237.698974609375,237.698974609375,24.474687495974,-321.730224609375,-282.82843017578125,-284.0054931640625,119,318.1257598876953,0.24474687495973999
2021-06-28,979.3026733398438,981.37939453125,960.3811645507812,962.6886596679688,727.13324,759.20233,700.90533,724.0687,-238.61993408203125,238.61993408203125,24.786822996786025,-252.16943359375,-222.17706298828125,-259.475830078125,120,314.3544189453125,0.24786822996786026
2021-06-29,964.3038940429688,973.3031616210938,961.8118286132812,963.5193481445312,732.37354,729.9136,728.43243,720.5496,-242.9697265625,242.9697265625,25.21690166683126,-231.93035888671875,-243.38958740234375,-233.37939453125,121,311.56962890625,0.2521690166683126
2021-06-30,967.4190063476562,979.6026000976562,965.0192260742188,974.0646362304688,724.4395,721.49603,716.25073,709.13086,-264.93377685546875,264.93377685546875,27.19878815031573,-242.9794921875,-258.1065673828125,-248.76849365234375,122,310.54835815429686,0.2719878815031573
2021-07-01,977.4566650390625,979.8333740234375,966.8421630859375,968.20361328125,688.06445,767.45416,664.46014,700.3989,-267.8046875,267.8046875,27.659955388144823,-289.3922119140625,-212.37921142578125,-302.38201904296875,123,307.7744659423828,0.27659955388144825
2021-07-02,967.76513671875,984.3330078125,965.8960571289062,982.5562133789062,707.3305,703.9051,674.7648,671.41974,-311.136474609375,311.136474609375,31.66602280590235,-260.43463134765625,-280.42791748046875,-291.13128662109375,124,305.36025390625,0.3166602280590235
2021-07-05,985.9713134765625,993.8629760742188,983.6868896484375,992.3169555664062,667.06793,674.69055,660.2312,665.3402,-326.97674560546875,326.97674560546875,32.9508373077061,-318.90338134765625,-319.17242431640625,-323.4556884765625,125,302.4305694580078,0.329508373077061
2021-07-06,989.8941040039062,991.7169799804688,978.4719848632812,980.5948486328125,668.3375,679.2561,668.0623,677.15955,-303.435302734375,303.435302734375,30.94400334219964,-321.55657958984375,-312.46087646484375,-310.40966796875,126,298.2103332519531,0.3094400334219964
2021-07-07,981.956298828125,981.956298828125,968.2266845703125,973.7877197265625,677.98663,695.386,675.38,692.48425,-281.303466796875,281.303466796875,28.8875553776612,-303.96966552734375,-286.5703125,-292.8466796875,127,293.9280212402344,0.288875553776612
2021-07-08,976.9721069335938,976.9721069335938,960.3811645507812,965.7345581054688,695.9757,701.4207,696.309,696.85406,-268.8804931640625,268.8804931640625,27.842070153473564,-280.99639892578125,-275.5513916015625,-264.0721435546875,128,290.5533172607422,0.27842070153473564
2021-07-09,963.6116333007812,965.3192138671875,953.5048217773438,955.8584594726562,677.5903,752.94244,656.91614,682.9463,-272.91217041015625,272.91217041015625,28.551525354571943,-286.0213623046875,-212.37677001953125,-296.58868408203125,129,286.9603546142578,0.28551525354571944
2021-07-12,959.8042602539062,969.8419189453125,957.3814086914062,961.8118286132812,772.125,745.85443,711.1286,704.9168,-256.89501953125,256.89501953125,26.709488476725795,-187.67926025390625,-223.98748779296875,-246.2528076171875,130,282.5550140380859,0.26709488476725796
2021-07-13,969.149658203125,970.5572509765625,963.6347045898438,969.01123046875,715.44244,729.2103,702.92554,714.93475,-254.07647705078125,254.07647705078125,26.220178782435177,-253.70721435546875,-241.346923828125,-260.70916748046875,131,279.2041931152344,0.2622017878243518
2021-07-14,969.3111572265625,972.3109130859375,960.4965209960938,962.6886596679688,730.00635,731.1133,731.9173,730.2351,-232.45355224609375,232.45355224609375,24.146285500679625,-239.3048095703125,-241.1976318359375,-228.5792236328125,132,275.4793182373047,0.24146285500679623
2021-07-15,966.8421630859375,966.8421630859375,959.2274169921875,961.0042114257812,729.6888,728.67615,729.9205,722.53265,-238.4715576171875,238.4715576171875,24.8148296107238,-237.15338134765625,-238.166015625,-229.30694580078125,133,272.23704223632814,0.248148296107238
2021-07-16,963.4962768554688,975.956787109375,963.4270629882812,974.8722534179688,735.5777,732.34033,735.3707,727.847,-247.0252685546875,247.0252685546875,25.33924498195533,-227.9185791015625,-243.616455078125,-228.05633544921875,134,269.6134521484375,0.2533924498195533
2021-07-19,969.149658203125,980.2256469726562,965.5730590820312,968.6651000976562,736.9078,826.81213,738.5217,792.84546,-175.81964111328125,175.81964111328125,18.150714947359614,-232.24188232421875,-153.41351318359375,-227.05133056640625,135,263.91241455078125,0.18150714947359614
2021-07-20,968.9188842773438,972.8416748046875,961.7656860351562,966.288330078125,776.6417,762.85876,756.258,751.2236,-215.06475830078125,215.06475830078125,22.256789366730025,-192.27716064453125,-209.98291015625,-205.5076904296875,136,260.03419494628906,0.22256789366730026
2021-07-22,977.9181518554688,980.1795043945312,968.2958984375,978.7026977539062,748.0085,755.23096,718.2835,721.8867,-256.81597900390625,256.81597900390625,26.240448666718848,-229.90966796875,-224.94854736328125,-250.01239013671875,137,259.08106689453126,0.26240448666718846
2021-07-23,985.04833984375,985.04833984375,970.095703125,971.7802124023438,728.6745,724.5403,718.3259,711.46405,-260.316162109375,260.316162109375,26.787555332686374,-256.37384033203125,-260.508056640625,-251.769775390625,138,257.6805084228516,0.26787555332686375
2021-07-26,972.8416748046875,978.8411254882812,955.8123168945312,958.4659423828125,686.3316,680.31647,683.4027,678.2399,-280.22601318359375,280.22601318359375,29.236929638515118,-286.51007080078125,-298.524658203125,-272.40960693359375,139,259.8068603515625,0.2923692963851512
2021-07-27,958.44287109375,961.627197265625,942.3826904296875,948.3821411132812,689.9442,720.68976,711.9457,730.3468,-218.03533935546875,218.03533935546875,22.990240948603557,-268.4986572265625,-240.93743896484375,-230.43701171875,140,258.7776306152344,0.22990240948603557
2021-07-28,949.7666625976562,949.7666625976562,930.4990234375,940.2366943359375,715.3958,857.8788,712.6534,796.91406,-143.3226318359375,143.3226318359375,15.24325020490316,-234.370849609375,-91.88787841796875,-217.84564208984375,141,253.79527587890624,0.1524325020490316
2021-07-29,947.920654296875,957.3352661132812,943.0287475585938,947.5745239257812,782.96625,776.82385,774.52136,771.15063,-176.42388916015625,176.42388916015625,18.618471128712475,-164.95440673828125,-180.51141357421875,-168.50738525390625,142,249.36978149414062,0.18618471128712474
2021-07-30,949.7666625976562,954.3585815429688,937.352294921875,939.2906494140625,765.77405,758.2723,754.7549,749.01654,-190.27410888671875,190.27410888671875,20.257213143281408,-183.99261474609375,-196.0863037109375,-182.597412109375,143,245.49325256347657,0.20257213143281408
2021-08-02,948.0591430664062,959.6427612304688,941.9904174804688,956.4584350585938,747.72766,757.4552,727.3383,743.78485,-212.673583984375,212.673583984375,22.23552808871892,-200.33148193359375,-202.18756103515625,-214.652099609375,144,240.57010803222656,0.22235528088718917
2021-08-03,964.53466796875,964.9961547851562,952.6279907226562,963.4962768554688,729.4658,731.82227,722.0218,738.71277,-224.78350830078125,224.78350830078125,23.329982035260148,-235.06884765625,-233.17388916015625,-230.606201171875,145,235.4604461669922,0.2332998203526015
2021-08-04,966.5652465820312,975.6106567382812,963.150146484375,970.8803100585938,729.0853,745.83026,736.9435,750.888,-219.9923095703125,219.9923095703125,22.659055631382174,-237.47991943359375,-229.7803955078125,-226.2066650390625,146,231.28829650878907,0.22659055631382174
2021-08-05,975.7490844726562,994.4398193359375,971.1110229492188,984.9560546875,751.01843,754.0105,752.46826,756.55396,-228.402099609375,228.402099609375,23.189064986441537,-224.73065185546875,-240.4293212890625,-218.64276123046875,147,228.64322814941406,0.23189064986441535
2021-08-06,982.9715576171875,990.8170776367188,959.3427734375,964.0962524414062,761.5655,763.5849,764.3502,761.63525,-202.46099853515625,202.46099853515625,21.000081477597174,-221.40606689453125,-227.232177734375,-194.9925537109375,148,225.32225341796874,0.21000081477597174
2021-08-09,960.3811645507812,964.4423828125,953.6893920898438,958.6043701171875,747.13165,820.1298,659.43616,727.6075,-230.99688720703125,230.99688720703125,24.09720781669213,-213.24951171875,-144.31256103515625,-294.25323486328125,149,223.2264892578125,0.2409720781669213
2021-08-10,960.8426513671875,975.149169921875,957.0352783203125,963.6347045898438,748.40045,744.3686,754.48987,747.36426,-216.27044677734375,216.27044677734375,22.44319821061197,-212.44219970703125,-230.78057861328125,-202.54541015625,150,221.19526062011718,0.2244319821061197
2021-08-11,967.7420654296875,978.379638671875,961.48876953125,977.1336059570312,671.4542,830.42834,577.87524,731.09576,-246.037841796875,246.037841796875,25.179549684600072,-296.287841796875,-147.9512939453125,-383.613525390625,151,220.79332885742187,0.2517954968460007
2021-08-12,980.6409912109375,981.240966796875,971.4571533203125,973.9954223632812,720.65283,738.30853,705.1511,733.61957,-240.3758544921875,240.3758544921875,24.679361829950366,-259.9881591796875,-242.93243408203125,-266.3060302734375,152,221.18944396972657,0.24679361829950366
2021-08-13,977.1336059570312,992.1785278320312,973.2800903320312,990.2171020507812,739.77246,763.45856,712.91656,717.242,-272.97509765625,272.97509765625,27.567196839047426,-237.36114501953125,-228.719970703125,-260.363525390625,153,222.91462097167968,0.27567196839047425
2021-08-16,991.9246826171875,1016.6841430664062,982.140869140625,1003.0698852539062,722.4469,726.0274,699.087,731.46155,-271.60833740234375,271.60833740234375,27.077708282867224,-269.477783203125,-290.65673828125,-283.05389404296875,154,224.1437744140625,0.27077708282867224
2021-08-17,1000.9239501953125,1008.4694213867188,991.232421875,998.801025390625,717.49335,711.8913,695.2281,693.1671,-305.6339111328125,305.6339111328125,30.60007983204472,-283.43060302734375,-296.578125,-296.00433349609375,155,230.63448791503907,0.3060007983204472
2021-08-18,1003.3006591796875,1009.2078247070312,993.424560546875,1002.6776123046875,688.3843,701.65137,691.2265,712.85046,-289.8271484375,289.8271484375,28.905317609647508,-314.9163818359375,-307.55645751953125,-302.19805908203125,156,234.372607421875,0.2890531760964751
2021-08-20,988.994140625,1002.3776245117188,986.2251586914062,991.4170532226562,717.3461,714.30707,684.4961,669.8639,-321.55316162109375,321.55316162109375,32.433692821388064,-271.64801025390625,-288.070556640625,-301.72906494140625,157,237.60946655273438,0.32433692821388066
2021-08-23,1003.3006591796875,1003.3006591796875,984.0560913085938,997.9241943359375,661.2419,689.42236,659.7781,698.4124,-299.51177978515625,299.51177978515625,30.013480130568887,-342.05877685546875,-313.8782958984375,-324.27801513671875,158,239.56924743652343,0.30013480130568887
2021-08-24,999.1702270507812,1011.607666015625,994.8090209960938,1007.7772216796875,688.02216,685.3212,693.03076,689.7754,-318.0018310546875,318.0018310546875,31.55477462813318,-311.1480712890625,-326.28643798828125,-301.77825927734375,159,241.45803833007812,0.3155477462813318
2021-08-25,1008.561767578125,1024.5296630859375,1006.1157836914062,1016.49951171875,685.02765,681.344,685.3284,679.6657,-336.83380126953125,336.83380126953125,33.13664171859711,-323.53411865234375,-343.1856689453125,-320.787353515625,160,247.39796142578126,0.3313664171859711
2021-08-26,1018.9916381835938,1036.02099609375,1017.6071166992188,1029.352294921875,682.96564,686.4083,690.33044,689.3024,-340.04986572265625,340.04986572265625,33.035323999395665,-336.0260009765625,-349.6126708984375,-327.27667236328125,161,257.2343231201172,0.33035323999395666
2021-08-27,1032.3751220703125,1035.02880859375,1022.7067260742188,1027.9447021484375,681.97296,677.4089,689.0615,682.4017,-345.54302978515625,345.54302978515625,33.61494339753492,-350.40216064453125,-357.61993408203125,-333.64520263671875,162,265.6902801513672,0.33614943397534924
2021-08-30,1038.3746337890625,1050.304443359375,1032.2828369140625,1047.719970703125,703.2295,693.33844,717.24286,704.3489,-343.37109375,343.37109375,32.773174450379486,-335.1451416015625,-356.96600341796875,-315.03997802734375,163,273.3451293945312,0.3277317445037949
2021-08-31,1050.7889404296875,1053.9501953125,1034.7979736328125,1042.1358642578125,668.92365,720.1291,677.33936,673.43555,-368.7003173828125,368.7003173828125,35.37929458414649,-381.86529541015625,-333.82110595703125,-357.4586181640625,164,281.14646606445314,0.3537929458414649
2021-09-01,1048.9891357421875,1058.1729736328125,1044.3741455078125,1046.2662353515625,675.5818,678.22363,678.9339,675.71436,-370.5518798828125,370.5518798828125,35.41659544793597,-373.4073486328125,-379.9493408203125,-365.44024658203125,165,288.4348846435547,0.35416595447935967
2021-09-02,1040.68212890625,1065.04931640625,1040.68212890625,1058.865234375,665.94604,660.9733,661.39886,651.49,-407.375244140625,407.375244140625,38.47281324531163,-374.736083984375,-404.07598876953125,-379.28326416015625,166,297.8040313720703,0.38472813245311627
2021-09-03,1066.0645751953125,1105.2921142578125,1062.6033935546875,1102.2923583984375,638.34296,681.10236,640.3509,636.10974,-466.1826171875,466.1826171875,42.29210278340625,-427.72161865234375,-424.18975830078125,-422.25250244140625,167,309.69305725097655,0.4229210278340625
2021-09-06,1113.59912109375,1144.5196533203125,1113.1375732421875,1119.4140625,581.9095,665.1691,452.22342,647.17017,-472.243896484375,472.243896484375,42.18670394667969,-531.6896362304688,-479.35052490234375,-660.9141540527344,168,323.1822021484375,0.42186703946679693
2021-09-07,1121.444580078125,1134.3665771484375,1113.1375732421875,1126.4749755859375,570.5382,686.3546,510.01144,612.3906,-514.0843505859375,514.0843505859375,45.63655311726173,-550.9063720703125,-448.011962890625,-603.1261291503906,169,337.3365753173828,0.4563655311726173
2021-09-08,1131.59765625,1132.5206298828125,1110.6685791015625,1122.067626953125,588.58795,699.5446,578.79175,584.02576,-538.0418701171875,538.0418701171875,47.95093069195771,-543.0097045898438,-432.97601318359375,-531.8768310546875,170,353.425146484375,0.47950930691957705
2021-09-09,1120.4754638671875,1125.0673828125,1115.02978515625,1119.4140625,580.06506,650.97876,577.622,570.0386,-549.37548828125,549.37548828125,49.07705796140559,-540.410400390625,-474.088623046875,-537.4077758789062,171,368.59202880859374,0.4907705796140559
2021-09-13,1122.8291015625,1122.8291015625,1092.854736328125,1094.469970703125,518.4117,712.8847,529.216,542.5121,-551.9578857421875,551.9578857421875,50.43152398120077,-604.4174194335938,-409.94439697265625,-563.6387329101562,172,384.17113037109374,0.5043152398120077
2021-09-14,1096.0621337890625,1104.83056640625,1091.9085693359375,1093.039306640625,583.5735,585.55457,543.5951,539.5826,-553.4567260742188,553.4567260742188,50.634659038495776,-512.4886474609375,-519.2760009765625,-548.3134765625,173,398.19521179199216,0.5063465903849578
2021-09-15,1093.0623779296875,1105.63818359375,1093.0623779296875,1097.5850830078125,586.7983,618.6572,567.99884,574.67017,-522.9149169921875,522.9149169921875,47.64231266328767,-506.26409912109375,-486.98095703125,-525.0635375976562,174,410.7605407714844,0.47642312663287667
2021-09-16,1099.0849609375,1124.5596923828125,1092.3701171875,1120.6138916015625,576.7153,576.66974,588.62,578.5242,-542.0897216796875,542.0897216796875,48.374353177519694,-522.3696899414062,-547.8899536132812,-503.7501220703125,175,422.5833312988281,0.4837435317751969
2021-09-17,1128.82861328125,1133.3743896484375,1096.3389892578125,1103.2384033203125,566.338,626.5007,568.2911,556.7007,-546.5377197265625,546.5377197265625,49.5394030956228,-562.4906005859375,-506.87371826171875,-528.0479125976562,176,435.4188598632812,0.495394030956228
2021-09-20,1094.7237548828125,1116.068115234375,1093.754638671875,1104.9921875,556.13135,625.0083,562.0863,552.74243,-552.249755859375,552.249755859375,49.97770682060818,-538.5924072265625,-491.059814453125,-531.6683349609375,177,446.9536895751953,0.49977706820608175
2021-09-21,1109.9071044921875,1115.260498046875,1100.215576171875,1109.7686767578125,635.8051,696.8084,534.87366,574.8164,-534.9522705078125,534.9522705078125,48.20394391294903,-474.10198974609375,-418.45208740234375,-565.3419189453125,178,458.7257141113281,0.48203943912949027
2021-09-22,1111.2916259765625,1126.9825439453125,1106.7919921875,1121.6754150390625,570.47015,672.776,484.13092,554.79504,-566.88037109375,566.88037109375,50.53871766227561,-540.8214721679688,-454.20654296875,-622.6610717773438,179,471.1696411132813,0.5053871766227561
2021-09-23,1129.4747314453125,1152.3651123046875,1128.597900390625,1149.0885009765625,567.3954,619.19885,559.6318,546.13257,-602.9559326171875,602.9559326171875,52.472540809934166,-562.079345703125,-533.166259765625,-568.9661254882812,180,484.4757476806641,0.5247254080993417
2021-09-24,1155.387939453125,1156.2647705078125,1140.82763671875,1145.765625,547.8631,684.8683,465.4887,523.1679,-622.5977172851562,622.5977172851562,54.33901172285181,-607.5248413085938,-471.396484375,-675.3389282226562,181,498.60314025878904,0.543390117228518
2021-09-27,1147.7501220703125,1167.5484619140625,1142.3505859375,1165.033203125,450.12262,597.3598,483.02084,587.7174,-577.3157958984375,577.3157958984375,49.553591635833875,-697.6275024414062,-570.1886596679688,-659.3297424316406,182,510.1917785644531,0.49553591635833877
2021-09-28,1169.4405517578125,1183.700927734375,1159.65673828125,1175.9246826171875,567.7105,596.17334,549.43646,539.38495,-636.5397338867188,636.5397338867188,54.130995232620606,-601.7300415039062,-587.527587890625,-610.2202758789062,183,524.850210571289,0.541309952326206
2021-09-29,1186.0545654296875,1186.0545654296875,1163.002685546875,1166.6024169921875,539.816,613.1437,543.39624,532.3378,-634.2645874023438,634.2645874023438,54.36853020051572,-646.2385864257812,-572.910888671875,-619.6064453125,184,538.1284240722656,0.5436853020051572
2021-09-30,1165.287109375,1169.717529296875,1153.9111328125,1162.6334228515625,528.21136,626.7556,530.32605,512.48584,-650.1475830078125,650.1475830078125,55.92025570821897,-637.0757446289062,-542.9619140625,-623.5850830078125,185,552.1082092285156,0.5592025570821897
2021-10-01,1154.6495361328125,1172.1173095703125,1151.442138671875,1164.6871337890625,522.891,607.27795,530.11304,523.58954,-641.0975952148438,641.0975952148438,55.04461898957952,-631.758544921875,-564.83935546875,-621.3291015625,186,563.7943267822266,0.5504461898957952
2021-10-04,1178.2091064453125,1188.2928466796875,1170.84814453125,1179.662841796875,529.62604,663.0702,536.2948,539.688,-639.974853515625,639.974853515625,54.250657971120674,-648.5830688476562,-525.22265625,-634.5533447265625,187,572.4839385986328,0.5425065797112067
2021-10-05,1179.17822265625,1205.4376220703125,1175.6015625,1204.1453857421875,553.15015,574.4679,523.8253,514.3625,-689.7828979492188,689.7828979492188,57.28402119184835,-626.028076171875,-630.9697265625,-651.7762451171875,188,583.360888671875,0.5728402119184836
2021-10-06,1209.1064453125,1209.1064453125,1177.332275390625,1181.370361328125,520.1402,600.49945,529.68225,521.73303,-659.6373291015625,659.6373291015625,55.8366242030977,-688.9662475585938,-608.6069946289062,-647.6500244140625,189,590.6385375976563,0.558366242030977
2021-10-07,1197.592041015625,1199.32275390625,1184.9931640625,1187.1622314453125,526.08215,605.58777,532.4716,523.51733,-663.6448974609375,663.6448974609375,55.90178662043367,-671.5098876953125,-593.7349853515625,-652.5215454101562,190,596.9186889648438,0.5590178662043367
2021-10-08,1193.0924072265625,1238.8502197265625,1191.36181640625,1232.781494140625,526.9748,661.29926,534.45605,536.0622,-696.7192993164062,696.7192993164062,56.516041376991225,-666.1176147460938,-577.5509643554688,-656.90576171875,191,604.2858795166015,0.5651604137699122
2021-10-11,1246.6956787109375,1255.279541015625,1220.82861328125,1224.197509765625,514.65295,690.4634,528.9208,527.9618,-696.2357177734375,696.2357177734375,56.87282584872544,-732.042724609375,-564.816162109375,-691.9078369140625,192,611.4997711181641,0.5687282584872544
2021-10-12,1220.6671142578125,1238.2041015625,1218.9364013671875,1231.189208984375,552.16473,574.1201,523.7278,513.3929,-717.7963256835938,717.7963256835938,58.30105725794282,-668.5023803710938,-664.083984375,-695.2086181640625,193,619.7167510986328,0.5830105725794282
2021-10-13,1236.3580322265625,1255.048828125,1231.8814697265625,1243.718994140625,518.69336,600.9752,529.678,520.23676,-723.4822387695312,723.4822387695312,58.17087639394277,-717.6646728515625,-654.0736083984375,-702.2034912109375,194,629.7451171875,0.5817087639394277
2021-10-14,1246.2110595703125,1254.102783203125,1240.142333984375,1246.234130859375,498.8993,678.921,517.5418,519.1133,-727.120849609375,727.120849609375,58.34544501745983,-747.311767578125,-575.1817626953125,-722.6005249023438,195,638.9966735839844,0.5834544501745983
2021-10-18,1231.5584716796875,1266.8170166015625,1228.6510009765625,1249.5570068359375,544.65576,565.8417,518.3396,509.04364,-740.5133666992188,740.5133666992188,59.262071489984095,-686.9027099609375,-700.975341796875,-710.3114013671875,196,648.6954559326172,0.5926207148998409
2021-10-19,1257.033203125,1269.74755859375,1249.7415771484375,1260.748291015625,511.36047,542.7455,523.0362,554.50977,-706.238525390625,706.238525390625,56.01740890100261,-745.6727294921875,-727.0020751953125,-726.7053833007812,197,656.3948944091796,0.5601740890100261
2021-10-20,1265.7786865234375,1265.7786865234375,1242.1268310546875,1246.234130859375,548.9516,592.6793,542.8634,530.7763,-715.4578247070312,715.4578247070312,57.40958355984582,-716.8270874023438,-673.099365234375,-699.263427734375,198,665.4201721191406,0.5740958355984582
2021-10-21,1258.6947021484375,1258.9715576171875,1201.3763427734375,1210.2833251953125,548.4615,551.14954,530.5132,526.82983,-683.4534912109375,683.4534912109375,56.47053685554525,-710.2332153320312,-707.822021484375,-670.8631591796875,199,671.248828125,0.5647053685554525
2021-10-22,1209.1295166015625,1229.8509521484375,1205.206787109375,1212.544677734375,515.2595,565.2783,520.2055,528.88916,-683.655517578125,683.655517578125,56.38188267466787,-693.8699951171875,-664.5726318359375,-685.0012817382812,200,675.2838073730469,0.5638188267466787
2021-10-25,1236.819580078125,1236.819580078125,1186.0545654296875,1200.730224609375,579.9503,563.32996,501.391,469.46054,-731.2696838378906,731.2696838378906,60.90208015508141,-656.8692626953125,-673.4896240234375,-684.66357421875,201,680.7174057006836,0.6090208015508141
2021-10-26,1207.791259765625,1231.6968994140625,1201.353271484375,1228.0740966796875,444.36035,543.47687,451.1461,443.39838,-784.6757202148438,784.6757202148438,63.89481891494589,-763.430908203125,-688.2200317382812,-750.2071838378906,202,691.0854019165039,0.6389481891494588
2021-10-27,1223.8975830078125,1235.3427734375,1209.1064453125,1212.544677734375,442.37262,630.86536,447.00287,443.73297,-768.8117065429688,768.8117065429688,63.404814738825465,-781.5249633789062,-604.4774169921875,-762.1035766601562,203,697.6990005493165,0.6340481473882547
2021-10-28,1209.1295166015625,1217.4134521484375,1195.515380859375,1199.25341796875,413.0492,602.36334,414.2952,417.20428,-782.0491333007812,782.0491333007812,65.21133244926551,-796.080322265625,-615.0501098632812,-781.2201843261719,204,705.0882278442383,0.6521133244926551
2021-10-29,1198.122802734375,1198.122802734375,1154.5341796875,1170.47900390625,581.2846,566.6786,443.0795,434.50055,-735.9784545898438,735.9784545898438,62.8783986840991,-616.8381958007812,-631.4442138671875,-711.4546813964844,205,709.3797714233399,0.628783986840991
2021-11-01,1170.47900390625,1179.5936279296875,1151.0267333984375,1171.1943359375,438.56396,589.56116,433.6169,433.44577,-737.7485656738281,737.7485656738281,62.99113161978249,-731.9150390625,-590.032470703125,-717.4098205566406,206,714.2123199462891,0.6299113161978249
2021-11-02,1174.51708984375,1175.901611328125,1151.5574951171875,1154.1187744140625,436.92715,589.5397,431.5404,431.26212,-722.8566589355469,722.8566589355469,62.632778788520774,-737.5899353027344,-586.3619384765625,-720.01708984375,207,718.3564102172852,0.6263277878852077
2021-11-03,1156.5416259765625,1162.9796142578125,1135.7510986328125,1146.1810302734375,450.96426,577.00586,456.2849,456.3716,-689.8094177246094,689.8094177246094,60.18328688968493,-705.5773620605469,-585.9737548828125,-679.4661865234375,208,718.3577362060547,0.6018328688968493
2021-11-04,1150.4959716796875,1156.010986328125,1149.1346435546875,1153.2188720703125,476.53662,569.3586,483.48193,481.8116,-671.4072570800781,671.4072570800781,58.22028006485329,-673.9593505859375,-586.6524047851562,-665.6527099609375,209,718.9462326049804,0.5822028006485329
2021-11-08,1162.70263671875,1162.9796142578125,1133.628173828125,1154.6495361328125,467.86603,657.67236,485.059,493.5998,-661.0497436523438,661.0497436523438,57.25111585514958,-694.8366088867188,-505.3072509765625,-648.5691833496094,210,718.8164749145508,0.5725111585514958
2021-11-09,1156.05712890625,1167.0869140625,1147.773193359375,1163.76416015625,514.24756,595.5796,516.4699,504.43384,-659.330322265625,659.330322265625,56.6549774291985,-641.8095703125,-571.50732421875,-631.3032836914062,211,716.9470260620117,0.566549774291985
2021-11-10,1161.4566650390625,1180.5166015625,1155.43408203125,1176.7784423828125,504.95407,579.3644,498.83197,504.9152,-671.8632507324219,671.8632507324219,57.09343632876146,-656.5025939941406,-601.1522216796875,-656.6021118164062,212,715.728402709961,0.5709343632876146
2021-11-11,1172.232666015625,1186.2852783203125,1170.1558837890625,1178.9244384765625,481.53415,657.30334,479.30374,463.31702,-715.607421875,715.607421875,60.7000244052729,-690.6985168457031,-528.98193359375,-690.8521423339844,213,715.6189575195312,0.607000244052729
2021-11-12,1182.7779541015625,1199.32275390625,1180.0550537109375,1196.7152099609375,480.26004,575.6766,492.46173,477.94382,-718.7713928222656,718.7713928222656,60.0620253540295,-702.5179138183594,-623.6461791992188,-687.5933227539062,214,715.383415222168,0.600620253540295
2021-11-15,1199.8995361328125,1200.9149169921875,1186.0545654296875,1189.654296875,484.29388,580.44586,494.79694,490.95056,-698.7037353515625,698.7037353515625,58.73166155806161,-715.6056518554688,-620.4690551757812,-691.2576293945312,215,713.9625595092773,0.5873166155806161
2021-11-16,1187.0006103515625,1188.362060546875,1151.442138671875,1162.010498046875,490.98416,601.44653,498.51605,479.58142,-682.4290771484375,682.4290771484375,58.72830566466265,-696.0164489746094,-586.91552734375,-652.9260864257812,216,711.0583450317383,0.5872830566466265
2021-11-17,1153.2650146484375,1153.2650146484375,1135.7510986328125,1137.1356201171875,485.7975,601.6079,496.9399,478.84772,-658.2879028320312,658.2879028320312,57.89000812094791,-667.467529296875,-551.6571044921875,-638.8111877441406,217,708.6608139038086,0.5789000812094791
2021-11-18,1135.28955078125,1148.673095703125,1130.6976318359375,1141.427490234375,485.81308,602.99634,497.56567,479.09695,-662.3305358886719,662.3305358886719,58.02650992334802,-649.4764709472656,-545.6767578125,-633.1319580078125,218,706.0044494628906,0.5802650992334802
2021-11-22,1124.259765625,1130.213134765625,1084.986083984375,1090.8702392578125,485.6828,603.2501,497.51083,478.7391,-612.1311340332031,612.1311340332031,56.114019065152455,-638.5769653320312,-526.9630126953125,-587.4752502441406,219,702.4383316040039,0.5611401906515245
2021-11-23,1076.7021484375,1108.176513671875,1065.6031494140625,1101.0693359375,495.38794,589.1057,507.3108,496.83087,-604.2384643554688,604.2384643554688,54.87742185109469,-581.314208984375,-519.07080078125,-558.2923583984375,220,698.4674789428711,0.5487742185109469
2021-11-24,1098.36962890625,1112.16845703125,1081.5479736328125,1085.1707763671875,504.82565,593.72723,515.3266,502.46594,-582.704833984375,582.704833984375,53.697062865541646,-593.5439758300781,-518.4412231445312,-566.2213745117188,221,691.0392364501953,0.5369706286554164
2021-11-25,1095.13916015625,1154.672607421875,1087.8243408203125,1150.4959716796875,498.29645,610.93994,508.5951,486.98462,-663.5113525390625,663.5113525390625,57.671766687749205,-596.8427124023438,-543.732666015625,-579.229248046875,222,684.9810180664062,0.576717666877492
2021-11-26,1138.8892822265625,1143.4119873046875,1108.2918701171875,1113.41455078125,501.30844,594.8282,514.387,502.38724,-611.0273132324219,611.0273132324219,54.87868941569716,-637.5808410644531,-548.5838012695312,-593.9048461914062,223,677.0917984008789,0.5487868941569716
2021-11-29,1125.644287109375,1153.7496337890625,1107.1842041015625,1126.7518310546875,509.65372,599.5931,520.5797,506.49435,-620.2574768066406,620.2574768066406,55.04827768738155,-615.9905700683594,-554.1565551757812,-586.6044921875,224,669.0022155761719,0.5504827768738155
2021-11-30,1138.9815673828125,1142.62744140625,1102.453857421875,1110.0916748046875,501.57748,615.3772,511.64835,489.48633,-620.6053466796875,620.6053466796875,55.90577433966239,-637.4040832519531,-527.250244140625,-590.8055114746094,225,663.2335601806641,0.559057743396624
2021-12-01,1122.8291015625,1141.7506103515625,1119.1832275390625,1138.5201416015625,477.49603,673.8368,500.19116,502.66205,-635.8580932617188,635.8580932617188,55.84952518865882,-645.3330688476562,-467.913818359375,-618.9920654296875,226,658.1390365600586,0.5584952518865882
2021-12-02,1139.76611328125,1151.995849609375,1136.0279541015625,1145.8348388671875,509.8051,624.6523,516.90344,493.6538,-652.1810302734375,652.1810302734375,56.91754240237682,-629.9609985351562,-527.3435668945312,-619.12451171875,227,654.6052551269531,0.5691754240237682
2021-12-03,1153.01123046875,1153.057373046875,1107.599609375,1111.406982421875,505.7715,601.76636,520.0892,506.74487,-604.662109375,604.662109375,54.405102625626526,-647.2397155761719,-551.291015625,-587.5104370117188,228,650.3478897094726,0.5440510262562652
2021-12-06,1114.983642578125,1119.1370849609375,1087.8243408203125,1090.3394775390625,513.0332,605.0023,525.8244,510.58456,-579.7549133300781,579.7549133300781,53.17196389500699,-601.950439453125,-514.134765625,-561.9999389648438,229,645.7652725219726,0.5317196389500699
2021-12-07,1096.5928955078125,1109.445556640625,1089.1396484375,1099.223388671875,490.39246,681.3355,512.1408,511.096,-588.1273803710938,588.1273803710938,53.50389979253375,-606.200439453125,-428.11004638671875,-576.9988403320312,230,642.1191543579101,0.5350389979253375
2021-12-08,1118.7218017578125,1122.2752685546875,1110.507080078125,1115.9527587890625,501.6582,691.6778,520.32996,517.91003,-598.042724609375,598.042724609375,53.59032628391191,-617.0635986328125,-430.59747314453125,-590.1771240234375,231,639.0547744750977,0.535903262839119
2021-12-09,1123.7520751953125,1142.1658935546875,1119.1370849609375,1133.6512451171875,531.8262,677.51904,541.6855,535.0194,-598.6318359375,598.6318359375,52.80564358006049,-591.9259033203125,-464.6468505859375,-577.4515991210938,232,635.3932037353516,0.5280564358006049
2021-12-10,1126.1749267578125,1138.05859375,1121.6060791015625,1134.8050537109375,524.2859,640.84045,532.04553,505.9287,-628.8763427734375,628.8763427734375,55.41712567431231,-601.8890380859375,-497.2181396484375,-589.560546875,233,631.0566497802735,0.5541712567431231
2021-12-13,1141.5198974609375,1141.7967529296875,1109.445556640625,1112.0531005859375,516.32306,615.24225,531.7556,516.47253,-595.58056640625,595.58056640625,53.55684598985789,-625.1968383789062,-526.5545043945312,-577.68994140625,234,624.8971084594726,0.5355684598985789
2021-12-14,1098.36962890625,1110.36865234375,1095.32373046875,1098.4388427734375,522.5742,671.0747,535.93726,530.82544,-567.6134033203125,567.6134033203125,51.674556763410784,-575.79541015625,-439.2939453125,-559.386474609375,235,618.3425918579102,0.5167455676341078
2021-12-15,1100.215576171875,1109.9071044921875,1089.647216796875,1095.2314453125,534.52405,626.3004,544.44086,525.23126,-570.0001831054688,570.0001831054688,52.04381097210297,-565.6915283203125,-483.606689453125,-545.2063598632812,236,612.7211471557617,0.5204381097210297
2021-12-16,1110.2301025390625,1114.7528076171875,1093.131591796875,1109.3994140625,527.14514,621.3818,540.7763,522.59985,-586.799560546875,586.799560546875,52.89344424638542,-583.0849609375,-493.37103271484375,-552.3552856445312,237,609.1467300415039,0.5289344424638542
2021-12-17,1106.69970703125,1111.2916259765625,1070.6795654296875,1080.1173095703125,525.79626,619.8141,539.62836,521.74194,-558.3753662109375,558.3753662109375,51.695807600108544,-580.9034423828125,-491.4775390625,-531.0512084960938,238,603.9489715576171,0.5169580760010855
2021-12-20,1069.6873779296875,1069.6873779296875,1037.0362548828125,1050.9967041015625,524.97314,618.4981,538.6228,520.9515,-530.0452270507812,530.0452270507812,50.432625048418856,-544.7142333984375,-451.18927001953125,-498.4134521484375,239,599.8446762084961,0.5043262504841886
2021-12-21,1066.6876220703125,1082.6785888671875,1057.8499755859375,1066.6414794921875,513.7151,630.344,526.1833,501.22528,-565.4161987304688,565.4161987304688,53.00902033171025,-552.9725341796875,-452.3345947265625,-531.6666870117188,240,597.9035629272461,0.5300902033171025
2021-12-22,1072.94091796875,1094.6314697265625,1071.6026611328125,1091.9547119140625,512.8562,611.43414,529.12415,514.09607,-577.858642578125,577.858642578125,52.919652827470266,-560.084716796875,-483.19732666015625,-542.478515625,241,597.6612533569336,0.5291965282747026
2021-12-23,1095.6005859375,1098.36962890625,1088.23974609375,1091.5625,519.9125,614.2517,534.3498,517.1664,-574.3961181640625,574.3961181640625,52.6214594367306,-575.6881103515625,-484.117919921875,-553.8899536132812,242,593.2054916381836,0.526214594367306
2021-12-24,1093.754638671875,1103.9075927734375,1078.7789306640625,1095.046875,521.42554,615.2517,536.048,518.20374,-576.8431396484375,576.8431396484375,52.67748375140905,-572.3291015625,-488.6558837890625,-542.73095703125,243,591.4962829589844,0.5267748375140905
2021-12-27,1089.85498046875,1097.4466552734375,1083.6478271484375,1093.8699951171875,521.7199,615.66254,536.48975,518.4994,-575.37060546875,575.37060546875,52.5995418136604,-568.1350708007812,-481.78411865234375,-547.1580810546875,244,589.2519393920899,0.525995418136604
2021-12-28,1096.3389892578125,1109.837890625,1095.1622314453125,1106.8612060546875,511.6665,628.80426,524.6847,499.7074,-607.15380859375,607.15380859375,54.85365331014699,-584.6724853515625,-481.03363037109375,-570.4775390625,245,588.579362487793,0.5485365331014699
2021-12-29,1103.4461669921875,1116.3681640625,1099.3387451171875,1108.75341796875,486.01117,685.92596,510.89093,511.32953,-597.4238891601562,597.4238891601562,53.88248455230418,-617.4349975585938,-430.44219970703125,-588.4478149414062,246,586.6576522827148,0.5388248455230418
2021-12-30,1107.599609375,1109.884033203125,1082.4940185546875,1088.7242431640625,528.01697,621.8706,539.2506,520.78015,-567.944091796875,567.944091796875,52.16601865558809,-579.5826416015625,-488.013427734375,-543.243408203125,247,582.4458053588867,0.5216601865558809
2021-12-31,1095.13916015625,1100.16943359375,1089.1396484375,1092.90087890625,519.6744,642.70526,518.8683,538.3607,-554.5401611328125,554.5401611328125,50.740206347695825,-575.4647827148438,-457.46417236328125,-570.2713623046875,248,579.9397079467774,0.5074020634769583
2022-01-03,1091.4471435546875,1111.2685546875,1090.7779541015625,1109.3763427734375,528.003,622.00757,541.0259,521.9115,-587.46484375,587.46484375,52.954513369317,-563.4441528320312,-489.260986328125,-549.7520751953125,249,580.3252044677735,0.52954513369317
2022-01-04,1114.9375,1135.7510986328125,1109.445556640625,1134.4127197265625,525.684,621.83636,540.7862,522.4991,-611.9136352539062,611.9136352539062,53.94100617995549,-589.2534790039062,-513.9147338867188,-568.6593627929688,250,581.514517211914,0.5394100617995549
2022-01-05,1136.212646484375,1143.1351318359375,1122.8060302734375,1139.719970703125,525.0476,620.80597,539.891,521.7476,-617.9723510742188,617.9723510742188,54.22141990659113,-611.1650390625,-522.3291625976562,-582.9150390625,251,582.5109985351562,0.5422141990659113
2022-01-06,1131.2283935546875,1132.5206298828125,1111.7530517578125,1115.21435546875,524.0107,619.2129,538.807,520.67456,-594.539794921875,594.539794921875,53.311705682982925,-607.2177124023438,-513.3077392578125,-572.946044921875,252,582.306396484375,0.5331170568298292
2022-01-07,1121.883056640625,1134.3896484375,1112.929931640625,1124.213623046875,522.9811,618.0209,538.16986,520.03625,-604.1773681640625,604.1773681640625,53.7422208535958,-598.9019775390625,-516.3687744140625,-574.7600708007812,253,581.0714477539062,0.537422208535958
2022-01-10,1131.59765625,1133.9051513671875,1115.0067138671875,1125.1365966796875,522.9963,617.9525,538.3074,520.0224,-605.1141967773438,605.1141967773438,53.781398504239775,-608.6013793945312,-515.95263671875,-576.6993408203125,254,581.548129272461,0.5378139850423977
2022-01-11,1124.213623046875,1142.18896484375,1123.7520751953125,1133.2359619140625,523.10583,618.1581,538.3307,520.00073,-613.2352294921875,613.2352294921875,54.113640062782565,-601.1077880859375,-524.0308837890625,-585.42138671875,255,583.8292205810546,0.5411364006278256
2022-01-12,1140.5045166015625,1165.2640380859375,1137.5970458984375,1163.4871826171875,523.34985,618.3771,538.21246,519.8866,-643.6005859375,643.6005859375,55.316517066373095,-617.1546630859375,-546.886962890625,-599.3845825195312,256,587.5092407226563,0.5531651706637309
2022-01-13,1163.5565185546875,1172.671142578125,1157.626220703125,1170.04052734375,523.3552,618.4032,537.88385,519.65717,-650.3833618164062,650.3833618164062,55.586396079195644,-640.2012939453125,-554.2679443359375,-619.7423706054688,257,590.6884307861328,0.5558639607919564
2022-01-14,1169.902099609375,1184.8084716796875,1165.6793212890625,1171.748046875,513.0217,631.0448,525.7705,500.8645,-670.883544921875,670.883544921875,57.25493178427663,-656.88037109375,-553.763671875,-639.9088134765625,258,596.3138397216796,0.5725493178427663
2022-01-17,1171.28662109375,1183.7470703125,1170.8250732421875,1177.8629150390625,514.31305,669.8654,530.7176,526.9257,-650.9371948242188,650.9371948242188,55.264257539055905,-656.9735717773438,-513.8816528320312,-640.1074829101562,259,602.3584381103516,0.552642575390559
2022-01-18,1179.0167236328125,1182.5240478515625,1161.0181884765625,1163.810302734375,532.33704,626.29065,543.2318,523.4702,-640.340087890625,640.340087890625,55.0210018235914,-646.6796875,-556.2333984375,-617.786376953125,260,606.1046325683594,0.550210018235914
2022-01-19,1167.5946044921875,1173.132568359375,1157.903076171875,1163.718017578125,526.62756,622.4975,540.9078,522.0215,-641.696533203125,641.696533203125,55.14192643838183,-640.967041015625,-550.6350708007812,-616.9953002929688,261,609.2965270996094,0.5514192643838183
2022-01-20,1153.772705078125,1158.341552734375,1132.9820556640625,1143.3427734375,525.78064,621.51196,540.249,521.6799,-621.6629028320312,621.6629028320312,54.37239971027936,-627.9920654296875,-536.82958984375,-592.7330322265625,262,611.6598663330078,0.5437239971027936
2022-01-21,1131.59765625,1154.7879638671875,1131.59765625,1143.52734375,515.04034,633.5941,527.558,502.3723,-641.155029296875,641.155029296875,56.068185234147364,-616.5573120117188,-521.19384765625,-604.0396728515625,263,614.8754608154297,0.5606818523414736
2022-01-24,1142.2120361328125,1155.9417724609375,1086.8782958984375,1097.4005126953125,503.7008,627.77124,518.6731,496.11652,-601.2839965820312,601.2839965820312,54.79166353815752,-638.51123046875,-528.1705322265625,-568.2052001953125,264,616.1711303710938,0.5479166353815752
2022-01-25,1084.31689453125,1102.361572265625,1063.757080078125,1095.2545166015625,511.01385,612.0436,526.3954,511.4414,-583.8131103515625,583.8131103515625,53.30387608562997,-573.3030395507812,-490.3179931640625,-537.3616943359375,265,615.0040954589844,0.5330387608562998
2022-01-27,1078.0635986328125,1087.3397216796875,1066.5491943359375,1079.03271484375,519.0593,615.1629,532.6164,515.5084,-563.5242919921875,563.5242919921875,52.22494964610864,-559.0042724609375,-472.17681884765625,-533.9328002929688,266,613.309115600586,0.5222494964610864
2022-01-28,1091.4471435546875,1096.4774169921875,1074.5562744140625,1077.994384765625,521.1923,616.87805,534.9113,517.23584,-560.758544921875,560.758544921875,52.01868885836486,-570.2548217773438,-479.599365234375,-539.6449584960938,267,612.949838256836,0.5201868885836486
2022-01-31,1089.23193359375,1110.55322265625,1087.3858642578125,1101.41552734375,511.67722,631.42065,524.22394,499.49536,-601.920166015625,601.920166015625,54.64968951974532,-577.5547180175781,-479.132568359375,-563.1619262695312,268,615.3188385009765,0.5464968951974533
2022-02-01,1111.2916259765625,1117.1064453125,1083.186279296875,1097.7696533203125,513.0359,614.0729,528.26587,512.42194,-585.3477172851562,585.3477172851562,53.32154295891806,-598.2557373046875,-503.0335693359375,-554.92041015625,269,615.2129821777344,0.5332154295891806
2022-02-02,1110.830078125,1110.830078125,1096.1082763671875,1100.0079345703125,519.8101,616.3896,532.9221,515.25916,-584.748779296875,584.748779296875,53.15859649005994,-591.0199584960938,-494.44049072265625,-563.1861572265625,270,613.8547393798829,0.5315859649005994
2022-02-03,1103.9075927734375,1108.268798828125,1083.232421875,1085.793701171875,520.7813,616.6821,534.18463,516.29987,-569.4938354492188,569.4938354492188,52.44954311620851,-583.1262817382812,-491.586669921875,-549.0477905273438,271,611.4308135986328,0.5244954311620851
2022-02-04,1080.37109375,1083.809326171875,1071.187255859375,1075.89453125,521.4336,617.53577,535.23065,517.2793,-558.615234375,558.615234375,51.921003234953474,-558.9375,-466.2735595703125,-535.9566040039062,272,609.6345855712891,0.5192100323495348
2022-02-07,1080.8326416015625,1087.662841796875,1063.757080078125,1069.34130859375,522.28656,618.768,536.15857,518.00806,-551.333251953125,551.333251953125,51.558211351449835,-558.5460815429688,-468.89483642578125,-527.5985107421875,273,606.9923797607422,0.5155821135144983
2022-02-08,1075.5946044921875,1089.1396484375,1066.0645751953125,1087.316650390625,512.5449,632.7816,524.76263,499.9709,-587.3457641601562,587.3457641601562,54.01791317636392,-563.0496826171875,-456.3580322265625,-541.3019409179688,274,606.1039581298828,0.5401791317636392
2022-02-09,1094.2852783203125,1101.6923828125,1088.2166748046875,1099.98486328125,502.25992,628.254,516.9278,494.35776,-605.6271057128906,605.6271057128906,55.057767241115265,-592.0253601074219,-473.4383544921875,-571.2888793945312,275,605.723551940918,0.5505776724111526
2022-02-10,1105.6151123046875,1105.6151123046875,1091.4932861328125,1098.854248046875,511.6861,670.3574,527.2169,524.0868,-574.7674560546875,574.7674560546875,52.306068532409135,-593.9290161132812,-435.2576904296875,-564.2763671875,276,602.2818954467773,0.5230606853240913
2022-02-11,1095.2545166015625,1100.4464111328125,1081.8017578125,1096.708251953125,533.5325,681.4857,544.11115,535.2756,-561.4326782226562,561.4326782226562,51.19252793282099,-561.7220458984375,-418.960693359375,-537.6906127929688,277,597.8343612670899,0.5119252793282099
2022-02-14,1080.0250244140625,1086.80908203125,1067.4490966796875,1079.240478515625,541.1464,687.53436,551.62573,541.3297,-537.9107666015625,537.9107666015625,49.8416041011915,-538.8786010742188,-399.27471923828125,-515.8233642578125,278,591.1857223510742,0.498416041011915
2022-02-15,1085.078369140625,1118.6295166015625,1077.9251708984375,1115.883544921875,546.03125,692.3695,556.5968,545.63184,-570.251708984375,570.251708984375,51.10315602192157,-539.047119140625,-426.260009765625,-521.328369140625,279,587.151448059082,0.5110315602192157
2022-02-16,1121.444580078125,1122.8291015625,1105.7305908203125,1113.5760498046875,549.48486,695.993,559.6316,548.46545,-565.110595703125,565.110595703125,50.747373365495875,-571.959716796875,-426.83612060546875,-546.0989990234375,280,583.389973449707,0.5074737336549587
2022-02-17,1116.875732421875,1132.9359130859375,1112.214599609375,1127.6748046875,549.45667,647.23065,558.518,537.41345,-590.2613525390625,590.2613525390625,52.34322431302658,-567.4190673828125,-485.70526123046875,-553.6965942382812,281,580.8182144165039,0.5234322431302658
2022-02-18,1128.0902099609375,1133.628173828125,1116.8988037109375,1118.8602294921875,539.4526,638.75586,551.7269,532.1048,-586.7554321289062,586.7554321289062,52.44224583755332,-588.6376342773438,-494.872314453125,-565.171875,282,579.0728408813477,0.5244224583755333
2022-02-21,1113.1375732421875,1124.9058837890625,1100.4925537109375,1107.553466796875,536.022,634.86584,548.50433,529.51746,-578.0360107421875,578.0360107421875,52.190348192752225,-577.1156005859375,-490.0400390625,-551.9882202148438,283,575.9168899536132,0.5219034819275222
2022-02-22,1085.8629150390625,1105.70751953125,1083.2093505859375,1102.5230712890625,534.0928,632.5714,546.81647,527.9679,-574.55517578125,574.55517578125,52.112757614177085,-551.7701416015625,-473.1361083984375,-536.3928833007812,284,574.5804489135742,0.5211275761417709
2022-02-23,1108.1072998046875,1110.6224365234375,1092.8316650390625,1095.6236572265625,521.995,644.42053,533.64856,507.89075,-587.73291015625,587.73291015625,53.64368561044256,-586.1123046875,-466.201904296875,-559.18310546875,285,574.7764389038086,0.5364368561044256
2022-02-24,1063.757080078125,1079.863525390625,1035.3287353515625,1041.0281982421875,523.0254,680.6831,538.39764,533.59625,-507.43194580078125,507.43194580078125,48.74334303889153,-540.731689453125,-399.180419921875,-496.93109130859375,286,571.9718215942382,0.48743343038891535
2022-02-25,1052.2657470703125,1065.1185302734375,1050.489013671875,1054.0426025390625,539.91675,637.95905,549.5229,529.4038,-524.6387939453125,524.6387939453125,49.77396479815146,-512.3489990234375,-427.15948486328125,-500.96612548828125,287,570.1658340454102,0.4977396479815146
2022-02-28,1035.1441650390625,1092.5316162109375,1035.1441650390625,1088.931884765625,535.21985,686.38446,548.6819,540.18933,-548.7425537109375,548.7425537109375,50.392734512411266,-499.92431640625,-406.14715576171875,-486.4622802734375,288,567.5069534301758,0.5039273451241126
2022-03-02,1077.3482666015625,1108.0611572265625,1074.9254150390625,1106.930419921875,531.854,655.16583,540.2433,513.3961,-593.5343017578125,593.5343017578125,53.619838345367995,-545.4942626953125,-452.89532470703125,-534.68212890625,289,567.9162826538086,0.53619838345368
2022-03-03,1107.599609375,1114.452880859375,1093.7777099609375,1097.5850830078125,527.4001,685.0561,542.5385,536.96515,-560.6199340820312,560.6199340820312,51.0775832107442,-580.1995239257812,-429.39678955078125,-551.2391967773438,290,566.7098403930664,0.510775832107442
2022-03-04,1085.9090576171875,1091.1240234375,1070.8411865234375,1073.240966796875,542.65125,641.7169,552.56256,532.1437,-541.0972900390625,541.0972900390625,50.41712968281357,-543.2578125,-449.4071044921875,-518.2786254882812,291,565.2900131225585,0.5041712968281357
2022-03-07,1051.61962890625,1067.0338134765625,1025.45263671875,1033.552001953125,510.2444,709.2439,531.6022,529.4071,-504.1448974609375,504.1448974609375,48.77789375940874,-541.375244140625,-357.7899169921875,-493.8504638671875,292,562.5664962768554,0.4877789375940874
2022-03-08,1020.6068725585938,1036.5286865234375,1006.0696411132812,1031.682861328125,543.08093,643.42755,554.062,533.07806,-498.60479736328125,498.60479736328125,48.32927017139823,-477.52593994140625,-393.10113525390625,-452.00762939453125,293,559.9300735473632,0.48329270171398225
2022-03-09,1031.9136962890625,1092.3701171875,1031.059814453125,1086.416748046875,533.49426,659.3138,529.7009,550.44324,-535.9735107421875,535.9735107421875,49.334061878716746,-498.41943359375,-433.05633544921875,-501.35888671875,294,557.3614608764649,0.49334061878716745
2022-03-10,1107.599609375,1109.9071044921875,1089.1396484375,1104.02294921875,567.14166,561.5262,576.3377,566.6273,-537.3956298828125,537.3956298828125,48.67612854090531,-540.4579467773438,-548.3809204101562,-512.8019409179688,295,553.9498870849609,0.4867612854090531
2022-03-11,1096.546630859375,1112.6761474609375,1096.546630859375,1107.207275390625,570.2882,560.36945,568.9002,551.50024,-555.70703125,555.70703125,50.189972880547174,-526.2584228515625,-552.3067016601562,-527.6464233398438,296,552.9968658447266,0.5018997288054717
2022-03-14,1101.553955078125,1118.8602294921875,1095.6005859375,1116.298828125,510.3426,653.74384,504.7743,490.161,-626.1378173828125,626.1378173828125,56.09051999405121,-591.2113647460938,-465.11639404296875,-590.8262939453125,297,556.2321228027344,0.5609051999405121
2022-03-15,1120.49853515625,1120.49853515625,1080.3018798828125,1090.7318115234375,521.14703,523.8995,539.5801,529.6974,-561.034423828125,561.034423828125,51.43651426508977,-599.3515014648438,-596.5990600585938,-540.7218017578125,298,557.3883056640625,0.5143651426508977
2022-03-16,1099.2926025390625,1111.2454833984375,1097.03125,1109.1456298828125,544.213,536.4922,543.85443,532.1447,-577.0009155273438,577.0009155273438,52.022106023021266,-555.07958984375,-574.7532958984375,-553.1768188476562,299,557.7257659912109,0.5202210602302126
2022-03-17,1122.7137451171875,1152.5496826171875,1114.5682373046875,1145.30419921875,538.5273,521.6272,552.99097,531.33295,-613.9712524414062,613.9712524414062,53.60770115574678,-584.1864624023438,-630.9224853515625,-561.5772705078125,300,560.168798828125,0.5360770115574678
2022-03-21,1127.9056396484375,1146.3656005859375,1125.59814453125,1138.7047119140625,437.01956,561.24603,466.3649,566.0314,-572.67333984375,572.67333984375,50.291645749066625,-690.8860778808594,-585.1195678710938,-659.2332458496094,301,559.2893981933594,0.5029164574906663
2022-03-22,1135.335693359375,1169.8790283203125,1132.3360595703125,1168.1253662109375,546.43726,525.49023,553.21,533.4385,-634.6868896484375,634.6868896484375,54.333799094456715,-588.8984375,-644.3887939453125,-579.1260375976562,302,561.6859710693359,0.5433379909445671
2022-03-23,1164.3641357421875,1183.6778564453125,1164.3641357421875,1171.84033203125,535.09265,516.7977,538.4807,521.4702,-650.3701171875,650.3701171875,55.49989187180121,-629.271484375,-666.880126953125,-625.8834228515625,303,565.3026763916016,0.5549989187180121
2022-03-24,1158.3646240234375,1192.5848388671875,1158.3646240234375,1190.0465087890625,520.275,498.18958,541.5295,518.69604,-671.3504638671875,671.3504638671875,56.41380054552015,-638.089599609375,-694.395263671875,-616.8351440429688,304,570.1424407958984,0.5641380054552014
2022-03-25,1191.8233642578125,1207.2835693359375,1189.2850341796875,1197.984375,533.3585,518.59094,530.19684,516.46136,-681.5230102539062,681.5230102539062,56.889140165447174,-658.46484375,-688.692626953125,-659.0881958007812,305,574.8319458007812,0.5688914016544717
2022-03-28,1204.5145263671875,1213.629150390625,1193.6693115234375,1210.029541015625,480.90924,540.5785,501.30743,500.28326,-709.7462768554688,709.7462768554688,58.65528508169735,-723.6052856445312,-673.0506591796875,-692.3618774414062,306,584.9476623535156,0.5865528508169735
2022-03-29,1217.4365234375,1217.4365234375,1203.314697265625,1210.306396484375,485.13342,466.88974,482.7199,475.2657,-735.0407104492188,735.0407104492188,60.731787635289756,-732.3031005859375,-750.5467834472656,-720.5947875976562,307,595.4677581787109,0.6073178763528976
2022-03-30,1218.3134765625,1240.5115966796875,1207.791259765625,1233.5660400390625,489.85065,482.67767,499.66696,497.844,-735.7220458984375,735.7220458984375,59.64188555929603,-728.4628295898438,-757.8339233398438,-708.1242980957031,308,604.8167327880859,0.5964188555929603
2022-03-31,1229.8740234375,1232.066162109375,1213.0985107421875,1215.9366455078125,488.55457,472.41705,495.15326,487.18106,-728.7555847167969,728.7555847167969,59.93368054241396,-741.3194580078125,-759.6491088867188,-717.9452514648438,309,611.5777969360352,0.5993368054241396
2022-04-01,1216.5135498046875,1229.96630859375,1210.0526123046875,1225.67431640625,473.666,428.644,477.04764,432.78033,-792.8939819335938,792.8939819335938,64.69042969411369,-742.8475646972656,-801.3222961425781,-733.0049743652344,310,623.1914993286133,0.6469042969411369
2022-04-04,1225.48974609375,1234.5120849609375,1219.12109375,1229.297119140625,377.1408,573.40045,399.33215,408.41098,-820.8861389160156,820.8861389160156,66.77686997996703,-848.3489379882812,-661.1116333007812,-819.7889404296875,311,637.180941772461,0.6677686997996704
2022-04-05,1223.482177734375,1232.158447265625,1209.45263671875,1211.921630859375,513.5349,509.21588,464.88016,474.51962,-737.4020080566406,737.4020080566406,60.84568418287476,-709.947265625,-722.9425659179688,-744.5724792480469,312,648.8437973022461,0.6084568418287476
2022-04-06,1193.9462890625,1215.8212890625,1193.9462890625,1208.691162109375,553.7691,564.7447,492.891,476.6602,-732.0309753417969,732.0309753417969,60.563938770287386,-640.1771850585938,-651.0765991210938,-701.0552978515625,313,660.5151062011719,0.6056393877028738
2022-04-07,1197.63818359375,1202.6685791015625,1184.6700439453125,1187.369873046875,506.28168,492.11417,505.05035,497.0948,-690.2750854492188,690.2750854492188,58.13479869401807,-691.3565063476562,-710.5544128417969,-679.6196899414062,314,668.2301849365234,0.5813479869401807
2022-04-08,1181.4395751953125,1211.4371337890625,1181.4395751953125,1207.1220703125,509.92923,494.02283,522.1073,510.91833,-696.2037353515625,696.2037353515625,57.674675368277306,-671.5103454589844,-717.414306640625,-659.332275390625,315,676.1705902099609,0.5767467536827731
2022-04-11,1199.8995361328125,1217.6904296875,1192.0540771484375,1204.60693359375,499.43896,480.9813,500.78146,490.99744,-713.6094970703125,713.6094970703125,59.24002902269323,-700.4605712890625,-736.7091369628906,-691.2726135253906,316,684.0657135009766,0.5924002902269323
2022-04-12,1193.9000244140625,1201.0994873046875,1179.316650390625,1181.9241943359375,495.54352,472.85956,512.10034,496.57196,-685.3522338867188,685.3522338867188,57.98614134232043,-698.3565063476562,-728.2399291992188,-667.21630859375,317,687.0264343261719,0.5798614134232043
2022-04-13,1188.13134765625,1196.4844970703125,1174.747802734375,1177.5860595703125,507.79016,490.3047,522.0774,511.07556,-666.510498046875,666.510498046875,56.599727266648934,-680.3411865234375,-706.1798095703125,-652.67041015625,318,692.3002380371094,0.5659972726664894
2022-04-18,1168.9791259765625,1181.3472900390625,1163.810302734375,1173.986328125,529.5094,511.7185,523.97516,518.3186,-655.667724609375,655.667724609375,55.84968997522797,-639.4697265625,-669.6287841796875,-639.8351440429688,319,696.2335784912109,0.5584968997522797
2022-04-19,1180.5166015625,1231.2816162109375,1177.3092041015625,1218.728759765625,549.073,530.9815,534.03674,511.75995,-706.9688110351562,706.9688110351562,58.0087082847798,-631.443603515625,-700.3001098632812,-643.2724609375,320,700.8834564208985,0.580087082847798
2022-04-20,1226.251220703125,1261.7406005859375,1222.5592041015625,1254.564208984375,535.8524,521.50195,530.3622,524.2145,-730.3497314453125,730.3497314453125,58.21541266800229,-690.3988037109375,-740.2386474609375,-692.197021484375,321,708.7672760009766,0.5821541266800229
2022-04-21,1269.5399169921875,1287.123046875,1260.8175048828125,1283.938720703125,539.1481,523.3669,533.8494,526.64294,-757.2957763671875,757.2957763671875,58.982236780932084,-730.391845703125,-763.7561645507812,-726.9680786132812,322,714.8977203369141,0.5898223678093208
2022-04-22,1273.23193359375,1293.12255859375,1266.4478759765625,1273.185791015625,524.6296,491.05106,543.41614,503.99982,-769.1859741210938,769.1859741210938,60.41427571285659,-748.6023559570312,-802.0715026855469,-723.03173828125,323,720.8385131835937,0.6041427571285659
2022-04-25,1265.6171875,1273.0010986328125,1229.2740478515625,1243.7420654296875,454.69534,607.7386,491.13803,502.42865,-741.3134155273438,741.3134155273438,59.603468929165395,-810.9218444824219,-665.2625122070312,-738.1360168457031,324,724.3366607666015,0.5960346892916539
2022-04-26,1250.66455078125,1289.89208984375,1249.6031494140625,1280.9620361328125,576.24634,537.56177,549.8935,521.54297,-759.4190673828125,759.4190673828125,59.285056540432436,-674.418212890625,-752.330322265625,-699.7096557617188,325,728.2314636230469,0.5928505654043243
2022-04-27,1271.8243408203125,1305.12158203125,1271.455078125,1282.2081298828125,499.31274,576.8143,476.5249,493.28152,-788.9266052246094,788.9266052246094,61.52874770000978,-772.5115966796875,-728.3073120117188,-794.93017578125,326,732.1904800415039,0.6152874770000978
2022-04-28,1296.79150390625,1315.736083984375,1285.78466796875,1301.3603515625,581.01624,634.3647,476.26367,529.7851,-771.5752563476562,771.5752563476562,59.289900404699715,-715.7752685546875,-681.3713989257812,-809.52099609375,327,734.0172073364258,0.5928990040469971
2022-04-29,1318.11279296875,1318.11279296875,1281.7235107421875,1287.699951171875,492.33115,608.8212,491.13562,557.1906,-730.5093383789062,730.5093383789062,56.72977914723878,-825.7816467285156,-709.2915649414062,-790.587890625,328,733.7565719604493,0.5672977914723878
2022-05-02,1274.66259765625,1294.73779296875,1272.839599609375,1283.17724609375,673.082,635.89716,513.68604,497.5086,-785.6686401367188,785.6686401367188,61.22837998635436,-601.5806274414062,-658.8406372070312,-759.153564453125,329,736.6022247314453,0.6122837998635436
2022-05-04,1285.277099609375,1287.5845947265625,1235.112060546875,1243.1190185546875,511.78046,613.3736,520.8485,509.92255,-733.1964721679688,733.1964721679688,58.9803921607136,-773.4966430664062,-674.2109985351562,-714.2635498046875,330,733.6173492431641,0.589803921607136
2022-05-05,1256.894775390625,1259.89453125,1214.6676025390625,1218.77490234375,509.37775,628.8016,517.7655,494.51495,-724.2599487304688,724.2599487304688,59.425243114022905,-747.5170288085938,-631.0929565429688,-696.902099609375,331,728.7860397338867,0.5942524311402291
2022-05-06,1205.5299072265625,1227.1280517578125,1196.9228515625,1209.4295654296875,483.9121,688.9566,506.13416,512.6006,-696.8289794921875,696.8289794921875,57.61633413059629,-721.6177978515625,-538.1714477539062,-690.7886962890625,332,726.7573883056641,0.5761633413059629
2022-05-09,1188.3389892578125,1198.561279296875,1156.9801025390625,1162.195068359375,532.552,625.9125,538.934,520.2433,-641.9517822265625,641.9517822265625,55.23614750256861,-655.7869873046875,-572.6488037109375,-618.0460815429688,333,722.2534286499024,0.5523614750256861
2022-05-10,1151.442138671875,1166.0255126953125,1134.3665771484375,1142.050537109375,527.19977,621.86694,538.1686,519.37335,-622.6771850585938,622.6771850585938,54.52273474995613,-624.2423706054688,-544.1585693359375,-596.197998046875,334,718.8735336303711,0.5452273474995613
2022-05-11,1141.1275634765625,1146.8040771484375,1117.7294921875,1130.3515625,515.2976,635.874,526.0651,500.6789,-629.6726684570312,629.6726684570312,55.70591392507862,-625.8299560546875,-510.9300537109375,-591.6643676757812,335,715.5469802856445,0.5570591392507862
2022-05-12,1120.2908935546875,1123.682861328125,1093.754638671875,1107.32275390625,516.7769,617.7051,530.8844,514.2834,-593.0393676757812,593.0393676757812,53.55614391411577,-603.5139770507812,-505.977783203125,-562.8702392578125,336,709.518473815918,0.5355614391411577
2022-05-13,1119.5986328125,1143.5965576171875,1114.68359375,1119.87548828125,511.89178,633.5055,523.0631,498.06244,-621.8130493164062,621.8130493164062,55.52519506170687,-607.7068481445312,-510.091064453125,-591.6204833984375,337,706.3415145874023,0.5552519506170687
2022-05-16,1123.498291015625,1144.9810791015625,1115.2835693359375,1120.1524658203125,515.54913,616.1536,529.6978,512.8259,-607.3265380859375,607.3265380859375,54.218203023030334,-607.9491577148438,-528.8274536132812,-585.5857543945312,338,703.3823165893555,0.5421820302303033
2022-05-17,1123.7982177734375,1172.1634521484375,1122.3675537109375,1167.2022705078125,495.45667,694.54095,516.98706,518.5915,-648.6107788085938,648.6107788085938,55.56969817462777,-628.341552734375,-477.62249755859375,-605.3804931640625,339,703.0294692993164,0.5556969817462777
2022-05-18,1172.048095703125,1186.0545654296875,1157.5570068359375,1171.4481201171875,508.37158,705.2451,526.91785,526.13544,-645.3126831054688,645.3126831054688,55.086748787553134,-663.676513671875,-480.8094482421875,-630.63916015625,340,699.946662902832,0.5508674878755313
2022-05-19,1146.3656005859375,1159.518310546875,1138.0816650390625,1144.4503173828125,527.6835,650.15607,535.1184,506.87634,-637.573974609375,637.573974609375,55.71006140899255,-618.68212890625,-509.36224365234375,-602.9632568359375,341,695.3078750610351,0.5571006140899255
2022-05-20,1159.518310546875,1220.39013671875,1154.672607421875,1211.1832275390625,509.52942,638.6379,524.12646,498.7545,-712.4287414550781,712.4287414550781,58.82088896678527,-649.9888916015625,-581.7522583007812,-630.546142578125,342,693.0645233154297,0.5882088896678527
2022-05-23,1214.436767578125,1224.6129150390625,1196.6690673828125,1203.083984375,518.5867,676.05273,534.2267,529.89496,-673.1890258789062,673.1890258789062,55.955281145948156,-695.85009765625,-548.5601806640625,-662.4423828125,343,688.2646759033203,0.5595528114594815
2022-05-24,1203.130126953125,1217.4365234375,1198.838134765625,1207.21435546875,540.3943,686.1345,550.5431,540.52563,-666.688720703125,666.688720703125,55.22538045401688,-662.73583984375,-531.302001953125,-648.2950439453125,344,684.5334411621094,0.5522538045401688
2022-05-25,1216.0521240234375,1226.066650390625,1200.591796875,1205.4376220703125,531.66956,655.2366,538.8059,510.67963,-694.7579956054688,694.7579956054688,57.635333665149524,-684.382568359375,-570.830078125,-661.785888671875,345,681.3003875732422,0.5763533366514952
2022-05-26,1211.16015625,1216.0059814453125,1175.901611328125,1193.9462890625,526.3474,630.64496,541.55054,522.63525,-671.31103515625,671.31103515625,56.22623406982326,-684.812744140625,-585.3610229492188,-634.35107421875,346,675.4196090698242,0.5622623406982327
2022-05-27,1196.692138671875,1202.2762451171875,1172.2557373046875,1188.408203125,504.26727,704.6337,526.03705,525.9174,-662.4907836914062,662.4907836914062,55.746062838454144,-692.4248657226562,-497.64251708984375,-646.2186889648438,347,669.9653854370117,0.5574606283845415
2022-05-30,1206.822021484375,1234.050537109375,1197.222900390625,1229.8048095703125,541.6339,639.5501,551.0426,528.9904,-700.8143920898438,700.8143920898438,56.98582300509174,-665.1881103515625,-594.5004272460938,-646.1802978515625,348,668.4806381225586,0.5698582300509174
2022-05-31,1219.005615234375,1236.2657470703125,1207.1451416015625,1214.967529296875,506.1983,706.8631,528.6231,527.54425,-687.4232788085938,687.4232788085938,56.57955971929709,-712.8073120117188,-529.4026489257812,-678.5220336914062,349,663.5683700561524,0.5657955971929709
2022-06-01,1215.72900390625,1225.3743896484375,1207.3758544921875,1215.35986328125,557.86084,587.22156,526.317,514.54144,-700.8184204101562,700.8184204101562,57.663449450936646,-657.8681640625,-638.15283203125,-681.058837890625,350,661.9494674682617,0.5766344945093664
2022-06-02,1215.590576171875,1261.0252685546875,1215.590576171875,1257.2640380859375,524.06354,675.88354,540.80835,534.10785,-723.1561889648438,723.1561889648438,57.51824334892922,-691.5270385742188,-585.1417236328125,-674.7822265625,351,661.8942794799805,0.5751824334892922
2022-06-03,1266.3555908203125,1300.20654296875,1265.4324951171875,1282.73876953125,541.82324,637.9223,550.7254,529.7186,-753.0201416015625,753.0201416015625,58.70409154911081,-724.5323486328125,-662.2842407226562,-714.7070922851562,352,664.7038375854493,0.587040915491108
2022-06-06,1282.9696044921875,1298.6605224609375,1269.9552001953125,1277.223876953125,537.05457,686.8425,550.8496,541.8184,-735.4054565429688,735.4054565429688,57.578430047621055,-745.9150390625,-611.8179931640625,-719.1055908203125,353,669.3765213012696,0.5757843004762105
2022-06-07,1278.308349609375,1288.0921630859375,1270.0706787109375,1279.6236572265625,546.7982,643.9601,556.07434,533.9545,-745.6691284179688,745.6691284179688,58.27253381936694,-731.5101318359375,-644.132080078125,-713.996337890625,354,675.5261184692383,0.5827253381936695
2022-06-08,1279.6236572265625,1283.4310302734375,1253.572021484375,1257.148681640625,538.5526,638.1474,551.5727,530.4394,-726.7092895507812,726.7092895507812,57.80615293669155,-741.071044921875,-645.2836303710938,-701.9993286132812,355,680.3779495239257,0.5780615293669155
2022-06-09,1250.66455078125,1293.583984375,1250.66455078125,1291.6226806640625,536.30817,635.70886,549.58325,528.87726,-762.7454223632812,762.7454223632812,59.05326948665307,-714.3563842773438,-657.8751220703125,-701.081298828125,356,688.8632522583008,0.5905326948665307
2022-06-10,1279.2314453125,1287.5384521484375,1246.7418212890625,1252.6259765625,535.06824,633.92114,548.1715,527.8037,-724.822265625,724.822265625,57.864221179101094,-744.1632080078125,-653.6173095703125,-698.5703125,357,694.0137130737305,0.5786422117910109
2022-06-13,1222.974609375,1233.4967041015625,1207.4219970703125,1228.9278564453125,534.26874,632.8897,547.4292,527.28125,-701.6466064453125,701.6466064453125,57.09420636576935,-688.7058715820312,-600.6069946289062,-659.9927978515625,358,698.7297164916993,0.5709420636576935
2022-06-14,1222.9976806640625,1233.058349609375,1206.106689453125,1212.86767578125,533.87805,632.6247,547.1842,527.0117,-685.85595703125,685.85595703125,56.54829217783106,-689.11962890625,-600.4336547851562,-658.9224853515625,359,700.5919754028321,0.5654829217783106
2022-06-15,1207.9989013671875,1217.113525390625,1192.7001953125,1198.1920166015625,506.70544,706.37555,528.3779,527.80884,-670.3831787109375,670.3831787109375,55.949561457799426,-701.29345703125,-510.73797607421875,-664.322265625,360,701.8455001831055,0.5594956145779942
2022-06-16,1210.5140380859375,1227.151123046875,1178.6705322265625,1181.4395751953125,515.66614,714.7685,534.9837,533.02466,-648.4149169921875,648.4149169921875,54.88346002672149,-694.847900390625,-512.3826293945312,-643.6868286132812,361,702.387547302246,0.5488346002672149
2022-06-17,1181.4395751953125,1211.3677978515625,1179.6397705078125,1195.2845458984375,518.0481,717.74554,537.9786,535.2984,-659.9861450195312,659.9861450195312,55.21581846634282,-663.3914794921875,-493.62225341796875,-641.6611938476562,362,699.7654174804687,0.5521581846634281
2022-06-20,1202.20703125,1207.791259765625,1163.4871826171875,1173.6171875,575.13,692.31555,545.61743,546.79584,-626.8213500976562,626.8213500976562,53.409353303089404,-627.0770263671875,-515.4757080078125,-617.8697509765625,363,697.4470336914062,0.534093533030894
2022-06-21,1181.4395751953125,1196.8536376953125,1166.81005859375,1192.561767578125,551.11365,646.29297,560.30133,536.4751,-656.086669921875,656.086669921875,55.01490050735629,-630.325927734375,-550.5606689453125,-606.5087280273438,364,696.9169311523438,0.5501490050735629
2022-06-22,1180.562744140625,1180.655029296875,1154.2110595703125,1156.333984375,529.6538,654.5174,541.6065,513.3247,-643.00927734375,643.00927734375,55.60757411201551,-650.908935546875,-526.1376342773438,-612.6045532226562,365,694.3294952392578,0.5560757411201551
2022-06-23,1160.6951904296875,1165.287109375,1128.3670654296875,1137.573974609375,500.51767,707.0098,525.02155,526.94574,-610.6282348632812,610.6282348632812,53.6781122364338,-660.1775207519531,-458.27728271484375,-603.3455200195312,366,691.2953552246094,0.536781122364338
2022-06-24,1144.5196533203125,1158.8260498046875,1138.9815673828125,1153.772705078125,544.928,695.4729,557.1167,546.8806,-606.89208984375,606.89208984375,52.60066277981985,-599.5916748046875,-463.3531494140625,-581.8648681640625,367,688.5154205322266,0.5260066277981985
2022-06-27,1174.4940185546875,1174.4940185546875,1145.23486328125,1150.3575439453125,549.2077,648.5654,559.9746,536.9986,-613.3589477539062,613.3589477539062,53.31898338757407,-625.2863159179688,-525.9285888671875,-585.26025390625,368,684.1426483154297,0.5331898338757407
2022-06-28,1145.48876953125,1169.41748046875,1145.48876953125,1166.5330810546875,543.20825,693.8792,558.5145,547.3846,-619.1484985351562,619.1484985351562,53.07594860279238,-602.280517578125,-475.53826904296875,-586.9742431640625,369,680.7289093017578,0.5307594860279238
2022-06-29,1157.0723876953125,1198.51513671875,1154.2110595703125,1190.73876953125,551.24536,650.64465,562.2683,539.06067,-651.6781005859375,651.6781005859375,54.72888909483304,-605.8270263671875,-547.8704833984375,-591.9427490234375,370,678.2718933105468,0.5472888909483304
2022-06-30,1190.6695556640625,1207.2374267578125,1184.2086181640625,1197.89208984375,542.8204,644.0054,557.19165,535.04553,-662.8465576171875,662.8465576171875,55.33441311092117,-647.8491821289062,-563.2320556640625,-627.0169677734375,371,675.2564117431641,0.5533441311092117
2022-07-01,1188.31591796875,1196.20751953125,1091.4471435546875,1111.6146240234375,528.4171,654.26953,541.21924,513.05927,-598.5553588867188,598.5553588867188,53.845581548781304,-659.8988037109375,-541.93798828125,-550.2279052734375,372,667.5331726074219,0.5384558154878131
2022-07-04,1097.885009765625,1126.9825439453125,1091.9547119140625,1113.922119140625,499.81915,707.76483,524.5802,526.8971,-587.0250244140625,587.0250244140625,52.698928796471336,-598.0658569335938,-419.21771240234375,-567.37451171875,373,660.1141510009766,0.5269892879647133
2022-07-05,1118.214111328125,1137.5509033203125,1115.4912109375,1122.9444580078125,515.43207,717.7113,535.82043,534.65094,-588.2935180664062,588.2935180664062,52.38847868843691,-602.7820434570312,-419.839599609375,-579.6707763671875,374,652.2453704833985,0.5238847868843691
2022-07-06,1116.875732421875,1126.95947265625,1102.0616455078125,1113.068359375,519.40466,721.54803,540.1976,537.72864,-575.3397216796875,575.3397216796875,51.68952264555854,-597.4710693359375,-405.41143798828125,-561.8640747070312,375,644.6768920898437,0.5168952264555854
2022-07-07,1119.552490234375,1122.9444580078125,1096.0621337890625,1102.1077880859375,521.27966,723.775,542.68787,539.64233,-562.4654541015625,562.4654541015625,51.03543048891911,-598.2728271484375,-399.16943359375,-553.374267578125,376,634.6628936767578,0.5103543048891911
2022-07-08,1115.9066162109375,1115.9066162109375,1099.54638671875,1103.6307373046875,522.72675,725.30444,544.2131,540.9517,-562.6790161132812,562.6790161132812,50.984355282408046,-593.1798706054688,-390.6021728515625,-555.3333129882812,377,626.5557312011719,0.5098435528240804
2022-07-11,1096.75439453125,1120.8907470703125,1093.754638671875,1118.6295166015625,579.2915,697.9505,550.84436,551.6133,-567.0162353515625,567.0162353515625,50.68847432831727,-517.462890625,-422.94024658203125,-542.9102783203125,378,619.8242126464844,0.5068847432831727
2022-07-12,1109.445556640625,1125.921142578125,1109.445556640625,1117.0372314453125,623.4545,638.276,591.50995,577.90936,-539.1278686523438,539.1278686523438,48.26409124741319,-485.99102783203125,-487.6451416015625,-517.9356079101562,379,612.4878082275391,0.48264091247413193
2022-07-13,1120.1986083984375,1123.2906494140625,1095.13916015625,1097.2388916015625,570.25494,650.16534,554.5162,552.83984,-544.3990478515625,544.3990478515625,49.61536197982752,-549.9436645507812,-473.12530517578125,-540.6229858398438,380,606.1886016845704,0.49615361979827516
2022-07-14,1102.0616455078125,1123.267578125,1096.9620361328125,1106.2843017578125,586.3076,633.1884,526.6074,600.74927,-505.5350341796875,505.5350341796875,45.69666525832698,-515.7540283203125,-490.07916259765625,-570.3546142578125,381,599.0446075439453,0.4569666525832698
2022-07-15,1114.5220947265625,1114.5220947265625,1099.80029296875,1108.4302978515625,728.2634,674.1496,605.0873,594.90826,-513.5220336914062,513.5220336914062,46.32876191554406,-386.2586669921875,-440.37249755859375,-494.7130126953125,382,591.721401977539,0.4632876191554406
2022-07-18,1117.2911376953125,1119.1370849609375,1104.0460205078125,1117.8680419921875,682.73395,679.3133,583.265,554.9997,-562.8683471679688,562.8683471679688,50.35194906948619,-434.55718994140625,-439.82379150390625,-520.781005859375,383,588.5237518310547,0.5035194906948619
2022-07-19,1107.738037109375,1129.2901611328125,1107.738037109375,1124.7213134765625,571.3135,622.4788,570.6523,656.7705,-467.9508056640625,467.9508056640625,41.60593384841319,-536.424560546875,-506.81134033203125,-537.0857543945312,384,579.1169586181641,0.41605933848413185
2022-07-20,1172.2095947265625,1173.36328125,1147.4039306640625,1155.134033203125,642.4029,638.24316,623.44,633.90576,-521.228271484375,521.228271484375,45.12275255530623,-529.8067016601562,-535.1201171875,-523.9639282226562,385,573.0279083251953,0.4512275255530623
2022-07-21,1150.9805908203125,1153.7496337890625,1138.6585693359375,1147.427001953125,575.65796,647.9574,582.1881,606.6857,-540.7412719726562,540.7412719726562,47.12642033455883,-575.3226318359375,-505.792236328125,-556.470458984375,386,569.533560180664,0.47126420334558833
2022-07-22,1153.7496337890625,1161.2720947265625,1151.442138671875,1155.1802978515625,648.2001,663.03766,620.0672,637.2152,-517.965087890625,517.965087890625,44.83846277970213,-505.549560546875,-498.23443603515625,-531.3749389648438,387,565.0872100830078,0.44838462779702126
2022-07-25,1138.727783203125,1138.727783203125,1108.984130859375,1117.01416015625,584.7545,648.1775,587.32947,608.68695,-508.32720947265625,508.32720947265625,45.507678201818905,-553.9732666015625,-490.55029296875,-521.6546630859375,388,559.8356231689453,0.455076782018189
2022-07-26,1117.3372802734375,1127.8594970703125,1112.837646484375,1117.5218505859375,538.70557,619.3795,432.8218,643.4103,-474.111572265625,474.111572265625,42.42526193264494,-578.6317138671875,-508.47998046875,-680.0158386230469,389,552.5837768554687,0.4242526193264494
2022-07-27,1116.8065185546875,1120.06005859375,1108.5225830078125,1116.46044921875,625.6434,638.06665,581.26074,615.9238,-500.53662109375,500.53662109375,44.832454337634935,-491.16314697265625,-481.993408203125,-527.2618408203125,390,545.0267028808594,0.44832454337634936
2022-07-28,1124.213623046875,1138.95849609375,1117.2911376953125,1133.9512939453125,543.60425,609.0353,467.77127,644.4093,-489.5419921875,489.5419921875,43.1713420850957,-580.609375,-529.9232177734375,-649.5198669433594,391,536.361474609375,0.43171342085095704
2022-07-29,1142.0736083984375,1161.6412353515625,1137.1356201171875,1158.1107177734375,603.3459,600.2091,552.3732,580.50195,-577.6087646484375,577.6087646484375,49.875090160545064,-538.7277221679688,-561.43212890625,-584.7623901367188,392,535.3141448974609,0.4987509016054506
2022-08-01,1162.5872802734375,1194.2462158203125,1157.2569580078125,1188.2928466796875,605.1585,592.2562,557.1112,559.0549,-629.2379760742188,629.2379760742188,52.95310645287712,-557.4287719726562,-601.989990234375,-600.145751953125,393,537.4247924804688,0.5295310645287712
2022-08-02,1187.2083740234375,1203.499267578125,1182.1549072265625,1192.8155517578125,561.47565,592.0353,557.59955,590.57904,-602.2365112304688,602.2365112304688,50.488653534318274,-625.7327270507812,-611.4639892578125,-624.5553588867188,394,538.1219421386719,0.5048865353431827
2022-08-03,1199.8995361328125,1204.5145263671875,1184.8778076171875,1202.830078125,471.41367,669.0269,432.6308,592.47845,-610.3516235351562,610.3516235351562,50.74296316954319,-728.4858703613281,-535.4876098632812,-752.2470092773438,395,539.8725372314453,0.5074296316954319
2022-08-04,1204.5145263671875,1208.0911865234375,1169.902099609375,1186.931396484375,604.2345,633.3609,569.1612,612.47516,-574.4562377929688,574.4562377929688,48.39843646351223,-600.280029296875,-574.7302856445312,-600.7409057617188,396,540.4720764160156,0.48398436463512234
2022-08-05,1188.8236083984375,1190.11572265625,1166.18701171875,1169.4405517578125,591.49475,605.5463,578.6847,613.16187,-556.2786865234375,556.2786865234375,47.56793200708513,-597.328857421875,-584.5693969726562,-587.5023193359375,397,540.1520599365234,0.47567932007085134
2022-08-08,1168.0560302734375,1192.307861328125,1168.0560302734375,1184.7392578125,656.417,635.0856,616.08124,612.29175,-572.447509765625,572.447509765625,48.31843850794569,-511.6390380859375,-557.2222900390625,-551.9747924804688,398,540.4236236572266,0.48318438507945694
2022-08-10,1189.2388916015625,1195.2384033203125,1180.078125,1191.8233642578125,623.5053,600.7573,586.71466,584.63794,-607.1854248046875,607.1854248046875,50.945923952648954,-565.7335815429688,-594.4810791015625,-593.3634643554688,399,543.8265014648438,0.5094592395264895
2022-08-11,1201.3302001953125,1204.4683837890625,1190.7618408203125,1195.792236328125,569.704,587.9439,577.27545,607.44556,-588.3466796875,588.3466796875,49.20141323998845,-631.626220703125,-616.5244750976562,-613.4863891601562,400,546.0238830566407,0.49201413239988445
