Date,actual_open,actual_high,actual_low,actual_close,actual_volume,pred_open,pred_high,pred_low,pred_close,pred_volume,previous_actual_close,actual_return,predicted_return,return_error,squared_return_error
2022-06-24,683.0,687.9500122070312,677.0999755859375,686.4000244140625,2740927.0,677.4700317382812,684.0347900390625,670.1259155273438,676.5732421875,2888390.25,675.2999877929688,0.016437193575807862,0.0018854648564299303,0.014551728719377932,0.0002117528087223685
2022-06-27,698.0,698.7000122070312,684.9000244140625,687.75,2711512.0,685.2428588867188,693.0322875976562,679.6287841796875,686.3814086914062,2370040.75,686.4000244140625,0.001966747578556527,-2.7120807100988742e-05,0.0019938683856575157,3.975511139324508e-06
2022-06-28,681.0,683.7999877929688,670.25,678.0499877929688,4596840.0,687.9981689453125,693.4348754882812,682.0521240234375,687.5859375,1848343.0,687.75,-0.014103979944792844,-0.00023854961832059374,-0.01386543032647225,0.00019225015813825638
2022-06-29,675.0,684.4000244140625,667.0,677.7999877929688,3332554.0,682.2874755859375,700.0560913085938,679.2250366210938,695.3709106445312,3379038.75,678.0499877929688,-0.0003687043794716738,0.025545200447450123,-0.025913904826921796,0.0006715304633787608
2022-06-30,680.5499877929688,685.9000244140625,666.5999755859375,672.0499877929688,3502799.0,683.8139038085938,700.7916259765625,654.873046875,695.1887817382812,4059352.75,677.7999877929688,-0.008483328568244741,0.025654756946711377,-0.03413808551495612,0.0011654088826264567
2022-07-01,670.0,680.0,656.0,677.9000244140625,3151179.0,670.968505859375,686.668701171875,666.62158203125,681.92919921875,3238088.75,672.0499877929688,0.008704764120754493,0.014700113987390795,-0.005995349866636301,3.5944220023375916e-05
2022-07-04,679.8499755859375,684.2999877929688,673.0999755859375,682.0,1874921.0,674.2193603515625,679.322021484375,666.9408569335938,672.70556640625,2922935.0,677.9000244140625,0.006048053456674918,-0.007662572386396227,0.013710625843071145,0.00018798126100869034
2022-07-05,686.4500122070312,694.2000122070312,676.9500122070312,678.75,2472875.0,680.353759765625,682.8831787109375,670.5908813476562,674.43798828125,2806447.0,682.0,-0.004765395894428148,-0.01108799372250735,0.006322597828079202,3.997524329563184e-05
2022-07-06,678.0,696.2999877929688,677.1500244140625,694.3499755859375,2634839.0,685.0736083984375,689.1132202148438,671.0547485351562,677.0025634765625,2679343.5,678.75,0.022983389445211833,-0.0025744921155617106,0.025557881560773543,0.0006532053098745283
2022-07-07,701.0,707.0,695.0,703.5999755859375,2896584.0,695.6580810546875,704.124755859375,690.7501220703125,698.4066162109375,3113419.25,694.3499755859375,0.013321812234808883,0.005842357265983589,0.007479454968825294,5.5942246630685385e-05
2022-07-08,709.9000244140625,717.75,706.5499877929688,715.7000122070312,3880791.0,705.0210571289062,709.7916259765625,697.9472045898438,703.4320678710938,2666055.75,703.5999755859375,0.017197323821703137,-0.00023864087644964727,0.017435964698152784,0.0003040128649552301
2022-07-11,715.0,732.0,713.0499877929688,729.2000122070312,3814715.0,716.35693359375,719.7321166992188,702.66650390625,707.9683227539062,3771248.5,715.7000122070312,0.01886265162741796,-0.010802975158939132,0.02966562678635709,0.0008800494126274274
2022-07-12,729.0,742.9000244140625,726.3499755859375,731.9000244140625,5846548.0,730.8829345703125,736.4570922851562,722.9563598632812,728.5288696289062,3154761.5,729.2000122070312,0.0037027045554474114,-0.0009203820171281851,0.0046230865725755965,2.1372929457528776e-05
2022-07-13,737.0499877929688,739.0,724.3499755859375,726.75,2373553.0,735.48095703125,746.72021484375,718.65625,724.719970703125,3601132.0,731.9000244140625,-0.007036513515880083,-0.009810156403103898,0.002773642887223815,7.693094865847261e-06
2022-07-14,729.0,730.7999877929688,716.5499877929688,724.4500122070312,2859869.0,725.354248046875,731.6921997070312,718.8441162109375,725.3732299804688,2978748.75,726.75,-0.003164757885061875,-0.0018944203915118862,-0.001270337493549989,1.6137573475188681e-06
2022-07-15,737.7000122070312,738.4500122070312,726.0999755859375,730.9000244140625,4127381.0,721.374755859375,725.6553344726562,713.5449829101562,718.6444702148438,2726588.0,724.4500122070312,0.00890332265628846,-0.008013723368574421,0.01691704602486288,0.00028618644620732897
2022-07-18,736.9500122070312,742.5,732.5999755859375,739.75,2403691.0,738.0208740234375,745.1731567382812,721.523193359375,724.0333862304688,3381054.5,730.9000244140625,0.01210832574951981,-0.009394770767860439,0.02150309651738025,0.0004623831598357706
2022-07-19,736.9500122070312,751.7999877929688,734.0499877929688,749.0,2864129.0,742.842529296875,749.6558837890625,725.8556518554688,728.0680541992188,3167384.5,739.75,0.012504224400135211,-0.015791748294398444,0.028295972694533655,0.0008006620707297943
2022-07-20,756.9500122070312,756.9500122070312,741.9000244140625,743.5499877929688,2176017.0,742.9367065429688,746.4985961914062,735.1205444335938,739.4022827148438,2190135.75,749.0,-0.007276384789093759,-0.012814041769233953,0.005537656980140193,3.06656448296954e-05
2022-07-21,747.7000122070312,756.9000244140625,741.2000122070312,754.25,2639283.0,745.7163696289062,754.7488403320312,741.4197998046875,750.5638427734375,2734476.75,743.5499877929688,0.014390440969263452,0.009432929992087669,0.004957510977175783,2.4576915088818387e-05
2022-07-22,757.6500244140625,764.9500122070312,751.5499877929688,754.25,2854708.0,753.579833984375,756.356201171875,747.1198120117188,749.6385498046875,2191298.5,754.25,0.0,-0.006113954518147113,0.006113954518147113,3.73804398499715e-05
2022-07-25,757.0,757.25,746.0499877929688,749.9500122070312,1592179.0,760.1633911132812,773.3695068359375,754.0743408203125,765.73876953125,4192471.0,754.25,-0.005701011326441852,0.015232044456413574,-0.020933055782855425,0.000438192824408137
2022-07-26,749.9000244140625,753.5,745.0,749.0999755859375,1803260.0,748.0391845703125,751.7134399414062,740.9527587890625,745.4077758789062,1892893.0,749.9500122070312,-0.0011334577068572438,-0.0060567187868396655,0.004923261079982422,2.4238499661669682e-05
2022-07-27,748.7000122070312,762.2000122070312,747.0499877929688,760.6500244140625,2539587.0,746.6451416015625,748.7319946289062,734.0228881835938,738.0083618164062,2189694.0,749.0999755859375,0.01541856788753826,-0.014806586745454764,0.030225154632993023,0.0009135599725883396
2022-07-28,763.6500244140625,768.5999755859375,757.6500244140625,764.5,2696358.0,759.8501586914062,768.8091430664062,754.5209350585938,762.9798583984375,3199114.75,760.6500244140625,0.005061428334145024,0.00306295130427392,0.001998477029871104,3.99391043892243e-06
2022-07-29,769.0,775.6500244140625,758.8499755859375,763.7000122070312,3182798.0,765.2129516601562,767.1018676757812,758.156005859375,759.791259765625,1637437.25,764.5,-0.0010464196114698954,-0.006159241640778301,0.005112822029308406,2.6140949103381326e-05
2022-08-01,770.0,804.0,765.0499877929688,801.25,6459641.0,769.5869750976562,764.9157104492188,753.1410522460938,752.2520751953125,4027265.0,763.7000122070312,0.04916850490083435,-0.014990096672429232,0.06415860157326359,0.004116326155836781
2022-08-02,800.8499755859375,810.4000244140625,795.0,802.2999877929688,4393310.0,803.6068115234375,808.3517456054688,790.9800415039062,798.083251953125,3868628.75,801.25,0.0013104371831123007,-0.0039522596528861476,0.005262696835998448,2.7695977987628078e-05
2022-08-03,802.7999877929688,809.9000244140625,795.3499755859375,807.2000122070312,3326267.0,808.324951171875,814.3826293945312,787.0357666015625,787.9375610351562,3833162.0,802.2999877929688,0.006107471629835048,-0.017901566716112982,0.02400903834594803,0.0005764339222972029
2022-08-04,811.0499877929688,820.5,796.5,807.25,4641779.0,807.3839721679688,824.1521606445312,802.3003540039062,815.2539672851562,4612597.0,807.2000122070312,6.192739372257172e-05,0.009977644891387083,-0.009915717497664511,9.832145349349015e-05
2022-08-05,811.0999755859375,818.7000122070312,805.5,810.25,2807602.0,813.8195190429688,832.1453857421875,809.5393676757812,823.106689453125,4998835.5,807.25,0.003716320842366061,0.019642848501858268,-0.015926527659492207,0.0002536542832885703
2022-08-08,812.9000244140625,823.0,795.3499755859375,801.6500244140625,7519923.0,809.6348876953125,828.00048828125,798.420166015625,805.0532836914062,4940103.5,810.25,-0.01061397789069729,-0.006413719603324597,-0.0042002582873726935,1.764216968064299e-05
2022-08-10,803.0,808.0,778.2999877929688,790.5499877929688,5541103.0,801.0399780273438,809.0234375,785.4259033203125,795.8846435546875,6166368.0,801.6500244140625,-0.013846486974421146,-0.00719189257630104,-0.006654594398120106,4.4283626603491495e-05
2022-08-11,794.7000122070312,799.9000244140625,788.2999877929688,792.75,2140171.0,787.6474609375,800.75244140625,780.3878173828125,793.6358642578125,4443504.0,790.5499877929688,0.0027828881677338657,0.00390345520522839,-0.0011205670374945242,1.2556704855192546e-06
2022-08-12,793.5,799.7000122070312,785.5,788.3499755859375,2281608.0,796.115234375,805.6597290039062,790.1693725585938,799.6693115234375,2754594.75,792.75,-0.005550330386707714,0.00872823907087672,-0.014278569457584434,0.00020387754575506304
2022-08-16,792.2999877929688,826.0,791.1500244140625,824.1500244140625,6820860.0,798.804443359375,812.7771606445312,785.5205688476562,791.4663696289062,3547551.0,788.3499755859375,0.04541136543007673,0.003953059097455469,0.041458306332621264,0.0017187911639694644
2022-08-17,827.3499755859375,831.9500122070312,821.1500244140625,824.75,3694850.0,824.700439453125,839.7263793945312,814.0850219726562,829.6121826171875,6323648.5,824.1500244140625,0.0007279931664918582,0.006627626089082961,-0.005899632922591103,3.4805668621320836e-05
2022-08-18,824.75,836.4500122070312,820.4500122070312,833.0499877929688,3836669.0,827.48876953125,829.6676025390625,811.02685546875,816.2203369140625,2798643.0,824.75,0.010063640852341571,-0.01034211953432862,0.02040576038667019,0.00041639505695819837
2022-08-19,837.25,883.9000244140625,833.9500122070312,871.7999877929688,24506694.0,830.79150390625,845.6180419921875,822.14111328125,836.5306396484375,5883052.0,833.0499877929688,0.04651581605884414,0.004178202876744752,0.04233761318209939,0.0017924734899570757
2022-08-22,876.2000122070312,891.9000244140625,837.3499755859375,840.25,14693558.0,871.9825439453125,890.2337646484375,856.59716796875,874.4218139648438,14031262.0,871.7999877929688,-0.036189479507610534,0.0030073711959004434,-0.03919685070351098,0.001536393105073329
2022-08-23,835.7999877929688,857.2000122070312,806.0999755859375,832.5,13515300.0,828.2381591796875,839.4219360351562,817.2056884765625,827.9403076171875,6593478.5,840.25,-0.009223445403153785,-0.014650035564192199,0.005426590161038414,2.944788077587892e-05
2022-08-24,830.25,838.1500244140625,817.0999755859375,836.2999877929688,6558722.0,828.17578125,845.5279541015625,822.1337890625,837.7119140625,7071768.0,832.5,0.004564549901463932,0.006260557432432368,-0.0016960075309684353,2.8764415451016477e-06
2022-08-25,840.5,842.3499755859375,812.2999877929688,816.0,6287921.0,840.141845703125,853.3629760742188,823.300048828125,827.3912963867188,4834079.5,836.2999877929688,-0.024273571791554427,-0.010652506918911286,-0.01362106487264314,0.00018553340826475288
2022-08-26,821.0,845.0,817.6500244140625,837.7000122070312,8513113.0,821.1563110351562,834.4300537109375,814.2390747070312,827.4529418945312,4381929.5,816.0,0.026593152214499094,0.014035468008003926,0.012557684206495168,0.00015769543263005818
2022-08-29,815.0999755859375,844.5999755859375,815.0,836.4000244140625,6652807.0,837.3795776367188,860.1917114257812,832.4927978515625,852.5504760742188,5027994.0,837.7000122070312,-0.0015518536158830587,0.01772766342459753,-0.019279517040480587,0.00037169977731418136
2022-08-30,844.0,860.5999755859375,838.7000122070312,842.1500244140625,9490984.0,833.4158325195312,840.353759765625,818.780517578125,827.9551391601562,6209189.0,836.4000244140625,0.006874700899283326,-0.010096706130325983,0.01697140702960931,0.0002880286565646723
2022-09-01,841.7999877929688,846.5499877929688,831.3499755859375,837.7999877929688,3888408.0,854.5628051757812,870.1979370117188,846.9619140625,860.9746704101562,5152216.5,842.1500244140625,-0.005165393926242934,0.022353078964987505,-0.02751847289123044,0.0007572663502653846
2022-09-02,842.0,860.9000244140625,838.0499877929688,851.9500122070312,8840020.0,839.4691772460938,852.760009765625,831.797119140625,844.7798461914062,4503600.0,837.7999877929688,0.016889501814553842,0.00833117510161907,0.008558326712934772,7.32449561253329e-05
2022-09-05,854.9500122070312,864.9000244140625,848.2000122070312,850.9000244140625,5434684.0,851.5634765625,859.7354736328125,838.8099975585938,847.0247192382812,3825074.0,851.9500122070312,-0.00123245234805347,-0.00578119948139999,0.00454874713334652,2.0691100483128185e-05
2022-09-06,854.7000122070312,858.5499877929688,844.0499877929688,850.3499755859375,3380947.0,853.699462890625,866.284912109375,843.3914184570312,853.8207397460938,5421792.0,850.9000244140625,-0.0006464317926230256,0.0034325011731459742,-0.004078932965769,1.663769413923709e-05
2022-09-07,847.0,878.75,845.0999755859375,874.9000244140625,8930248.0,850.245849609375,856.7584228515625,834.6630859375,842.2925415039062,4709017.0,850.3499755859375,0.028870523352703792,-0.009475432837496411,0.0383459561902002,0.0014704123561407533
2022-09-08,880.5999755859375,888.4000244140625,867.0,885.0499877929688,7943521.0,868.4013671875,882.6341552734375,859.964599609375,872.65283203125,4898177.0,874.9000244140625,0.011601283684617325,-0.0025685133387869374,0.014169797023404263,0.0002007831476844763
2022-09-09,888.7999877929688,925.0,887.0,906.8499755859375,18369177.0,878.3897705078125,889.280517578125,867.3280639648438,877.8766479492188,4916564.5,885.0499877929688,0.02463136330562632,-0.008105010951571234,0.032736374257197554,0.0010716701995073068
2022-09-12,914.7000122070312,942.0,911.0,938.5,12571292.0,905.8609619140625,922.2222290039062,892.0545043945312,905.9727783203125,10152838.0,906.8499755859375,0.03490105890294881,-0.0009673014161556415,0.03586836031910445,0.0012865392719811069
2022-09-13,946.0,953.9000244140625,933.0,948.7999877929688,9651873.0,935.82568359375,952.684326171875,913.49609375,924.9419555664062,8647249.0,938.5,0.01097494703566193,-0.01444650445774509,0.02542145149340702,0.0006462501960316461
2022-09-14,941.0,958.7999877929688,939.0,947.8499755859375,8500355.0,941.8330078125,951.9054565429688,920.1229248046875,931.5989990234375,9317156.0,948.7999877929688,-0.001001277634120834,-0.018129204248350517,0.017127926614229683,0.0002933658701024375
2022-09-15,955.0,972.7000122070312,950.4000244140625,968.5499877929688,8703534.0,936.7337646484375,956.0408935546875,927.8748168945312,945.2718505859375,6950805.5,947.8499755859375,0.02183891200106336,-0.0027199715845392936,0.024558883585602653,0.0006031387629711834
2022-09-16,970.25,976.4500122070312,926.1500244140625,938.2000122070312,10712402.0,950.0516357421875,964.2108764648438,939.3784790039062,952.8457641601562,4831633.0,968.5499877929688,-0.031335476711012,-0.016214159135552353,-0.015121317575459647,0.00022865424521790483
2022-09-19,942.9000244140625,972.5999755859375,935.2999877929688,959.5999755859375,7922869.0,933.3895263671875,944.29345703125,913.5404052734375,925.6014404296875,6767753.5,938.2000122070312,0.02280959614204736,-0.013428449811790921,0.03623804595383828,0.0013131959745524952
2022-09-20,974.2000122070312,987.8499755859375,967.0,970.25,7539047.0,953.7662353515625,963.4723510742188,909.1727294921875,913.3903198242188,7854754.5,959.5999755859375,0.01109840004691498,-0.04815512394474886,0.05925352399166384,0.003510980105430682
2022-09-21,974.0,976.0999755859375,917.0999755859375,932.9000244140625,13178269.0,963.1395874023438,969.9036865234375,934.246337890625,943.10693359375,8209764.0,970.25,-0.038495208024671435,-0.027975332549600607,-0.010519875475070828,0.00011066778001099667
2022-09-22,933.9000244140625,953.5,928.0499877929688,946.6500244140625,8855564.0,916.0670776367188,927.5752563476562,884.759033203125,902.2767333984375,9831212.0,932.9000244140625,0.01473898557204567,-0.03282590868711677,0.04756489425916244,0.0022624191658853036
2022-09-23,950.0,950.8499755859375,910.1500244140625,913.7999877929688,6646619.0,937.8734130859375,954.0859985351562,929.2716674804688,943.0927734375,5534249.5,946.6500244140625,-0.03470135295398802,-0.003757725542514301,-0.030943627411473718,0.0009575080773801077
2022-09-26,909.0,909.9000244140625,855.25,863.4000244140625,9880236.0,914.3030395507812,926.7710571289062,901.9854125976562,914.2738037109375,5028400.0,913.7999877929688,-0.055154261383427494,0.0005185116265027379,-0.05567277300993023,0.003099457654615216
2022-09-27,861.0,875.0,833.7999877929688,844.2000122070312,11598728.0,866.8641357421875,903.0462036132812,860.2786254882812,874.9185791015625,6672470.5,863.4000244140625,-0.022237678554689833,0.013340924671987331,-0.03557860322667716,0.0012658370075613226
2022-09-28,835.9000244140625,847.0,823.3499755859375,827.0999755859375,7040943.0,850.7710571289062,863.6597290039062,836.2139892578125,848.502197265625,5509965.0,844.2000122070312,-0.02025590662618959,0.005096167965392917,-0.025352074591582507,0.0006427276860971634
2022-09-29,839.0,847.5,813.0499877929688,816.4000244140625,7476709.0,819.5540771484375,825.584228515625,804.78662109375,812.832763671875,3535507.0,827.0999755859375,-0.01293670836381644,-0.017249682426789148,0.004312974062972708,1.8601745267875306e-05
2022-09-30,822.5,830.4500122070312,801.0,820.6500244140625,10406215.0,822.0045776367188,853.7987670898438,817.1345825195312,849.755126953125,7415568.0,816.4000244140625,0.0052057813239902995,0.04085632231944358,-0.035650540995453284,0.0012709610732684951
2022-10-03,821.0,834.4000244140625,773.1500244140625,784.4000244140625,12903551.0,820.67529296875,838.3485717773438,813.5546264648438,829.7247314453125,6800411.5,820.6500244140625,-0.04417230112907411,0.011057950114275794,-0.055230251243349904,0.0030503806524035536
2022-10-04,804.0,826.2999877929688,790.0999755859375,823.0499877929688,10445528.0,783.2702026367188,812.9086303710938,771.2822875976562,807.8290405273438,6527878.5,784.4000244140625,0.049273281713341666,0.02986870905668626,0.019404572656655406,0.0003765374399874186
2022-10-06,832.9000244140625,835.0,822.2999877929688,824.0999755859375,6175752.0,830.2540283203125,851.7371826171875,823.8003540039062,844.8199462890625,5280160.0,823.0499877929688,0.0012757278519428539,0.026450347875553115,-0.02517462002361026,0.0006337614933331587
2022-10-07,821.0,826.0,806.3499755859375,816.9000244140625,6086925.0,830.2846069335938,835.5432739257812,812.7338256835938,820.5174560546875,6505007.0,824.0999755859375,-0.008736744794532791,-0.004347190434877524,-0.004389554359655268,1.926818747636857e-05
2022-10-10,807.5,813.9500122070312,799.0,808.0999755859375,4642360.0,821.3344116210938,823.1884765625,809.7958374023438,812.9884643554688,4703806.5,816.9000244140625,-0.01077249181677653,-0.004788297149824872,-0.005984194666951659,3.581058581197267e-05
2022-10-11,814.0,820.5999755859375,795.25,797.3499755859375,6193388.0,817.0503540039062,839.1531372070312,813.2967529296875,834.1633911132812,4709731.0,808.0999755859375,-0.013302809460185139,0.03225271168761723,-0.04555552114780237,0.002075305507047869
2022-10-12,801.0,806.5,786.3499755859375,803.9000244140625,5628537.0,800.5462646484375,805.1865234375,788.2326049804688,793.4419555664062,3239606.75,797.3499755859375,0.008214772720487762,-0.004901260599725288,0.01311603332021305,0.00017203033005693896
2022-10-13,807.0,811.75,777.0,784.75,7491563.0,804.880859375,809.9322509765625,789.8726196289062,796.7462158203125,5987728.0,803.9000244140625,-0.023821400463347908,-0.008898878438228897,-0.014922522025119012,0.000222681663590162
2022-10-14,804.0,806.5999755859375,778.25,780.0999755859375,4562526.0,783.1422729492188,796.65478515625,758.16162109375,789.3636474609375,6782113.5,784.75,-0.005925485076855641,0.005879130246495778,-0.01180461532335142,0.00013934894293230314
2022-10-17,782.0999755859375,789.9500122070312,771.6500244140625,786.2000122070312,4602870.0,784.5970458984375,793.7095947265625,777.16064453125,786.7339477539062,4284081.0,780.0999755859375,0.007819557508012887,0.00850400253247785,-0.0006844450244649636,4.6846499151484457e-07
2022-10-18,791.4500122070312,815.0,790.5,809.9500122070312,7372253.0,787.0430908203125,807.307373046875,781.4471435546875,798.3412475585938,6146792.0,786.2000122070312,0.030208597852000363,0.015442934575235379,0.014765663276764984,0.00021802481200280604
2022-10-19,814.0,823.4500122070312,801.1500244140625,805.0499877929688,5222275.0,816.1576538085938,839.2504272460938,806.65625,828.1766357421875,7638203.0,809.9500122070312,-0.006049786209287644,0.02250339312359606,-0.028553179332883705,0.0008152840500158171
2022-10-20,801.0,822.25,795.0499877929688,820.0499877929688,4481441.0,812.6907958984375,822.971923828125,790.8048095703125,796.3501586914062,4165964.5,805.0499877929688,0.01863238336432027,-0.01080657006829222,0.02943895343261249,0.0008666519792075268
2022-10-21,824.2000122070312,824.2000122070312,799.4000244140625,801.6500244140625,5266210.0,814.6876220703125,835.5034790039062,806.5536499023438,827.9381713867188,6589741.0,820.0499877929688,-0.02243761191732563,0.009619149699617413,-0.03205676161694304,0.0010276359653655126
2022-10-24,808.0,810.0,802.0,805.5,665021.0,799.6957397460938,807.6177368164062,788.0492553710938,801.4979248046875,3927295.5,801.6500244140625,0.004802564047511337,-0.00018973318124226868,0.004992297228753606,2.4923031620220936e-05
2022-10-25,806.7000122070312,812.75,797.0999755859375,800.3499755859375,4485050.0,811.407470703125,827.6140747070312,805.1002197265625,812.9374389648438,4774162.5,805.5,-0.006393574691573534,0.009233319633573878,-0.01562689432514741,0.00024419982624932434
2022-10-27,805.0,824.0,795.0,821.25,7110289.0,771.7971801757812,814.4522705078125,758.2643432617188,794.7078857421875,6283850.0,800.3499755859375,0.026113606611609663,-0.007049528351168344,0.03316313496277801,0.001099793520559429
2022-10-28,824.0,834.7999877929688,817.2999877929688,820.2999877929688,6898541.0,834.3368530273438,855.7785034179688,814.9007568359375,834.10546875,9009001.0,821.25,-0.0011567880755327664,0.015653538812785417,-0.016810326888318183,0.0002825870900921133
2022-10-31,824.0,831.0,819.5,823.5499877929688,4487537.0,816.677734375,855.3958740234375,806.8212890625,844.2861938476562,9928060.0,820.2999877929688,0.00396196519366554,0.0292407733897726,-0.02527880819610706,0.0006390181438155696
2022-11-01,827.7000122070312,844.9000244140625,823.5499877929688,841.7999877929688,7769108.0,828.3179321289062,846.4427490234375,822.6278076171875,838.5430908203125,6100231.0,823.5499877929688,0.022160160610175117,0.01820545595237477,0.003954704657800345,1.5639688930427745e-05
2022-11-02,850.0,850.0,829.0,833.4000244140625,11859603.0,854.1757202148438,865.442626953125,841.8914794921875,853.5044555664062,7944430.0,841.7999877929688,-0.009978573890134235,0.013904095917278703,-0.023882669807412937,0.0005703819171299135
2022-11-03,825.0,837.7999877929688,823.5,833.8499755859375,6632872.0,838.8496704101562,847.6699829101562,823.1033935546875,831.3211059570312,8848719.0,833.4000244140625,0.0005398981985766937,-0.0024945025151551503,0.003034400713731844,9.207587691496325e-06
2022-11-04,837.0,867.0,832.0,862.9000244140625,11128361.0,830.5131225585938,867.3786010742188,823.7073974609375,837.3922119140625,8109319.5,833.8499755859375,0.03483845976935096,0.004248049927249697,0.030590409842101263,0.0009357731743077258
2022-11-07,867.2000122070312,869.0,845.5499877929688,853.0,7995787.0,870.7322387695312,903.626220703125,861.5833129882812,890.4395751953125,10050665.0,862.9000244140625,-0.01147296805419018,0.0319151118345955,-0.04338807988878568,0.0018825254764356484
2022-11-09,859.5,901.0,859.0,890.7999877929688,20088415.0,855.4089965820312,888.659912109375,847.8407592773438,880.1376342773438,8967480.0,853.0,0.04431417091790002,0.03181434264635841,0.012499828271541613,0.000156245706818031
2022-11-10,894.0,898.0,876.2999877929688,893.4500122070312,9906420.0,887.32373046875,893.2664184570312,866.596923828125,875.5672607421875,9737359.0,890.7999877929688,0.002974881511424554,-0.017100053052898634,0.020074934564323188,0.00040300299776185785
2022-11-11,905.0,907.7999877929688,890.7999877929688,894.5,8777095.0,897.4579467773438,912.8713989257812,884.1787719726562,900.9879150390625,8177714.0,893.4500122070312,0.0011752059752900834,0.008436848988798928,-0.007261643013508845,5.273145925564182e-05
2022-11-14,895.0,907.5,885.0,895.0499877929688,7653024.0,896.6344604492188,914.5642700195312,890.6282348632812,903.94921875,6954274.5,894.5,0.0006148549949342996,0.010563687814421518,-0.009948832819487219,9.8979274470106e-05
2022-11-15,898.9000244140625,915.5,895.0,906.9000244140625,10675723.0,886.3591918945312,901.530029296875,877.9252319335938,895.1035766601562,7821133.0,895.0499877929688,0.013239524923422286,5.987248524474964e-05,0.013179652438177536,0.00017370323839115907
2022-11-16,915.0,916.0,874.4000244140625,887.3499755859375,11504802.0,901.9437255859375,916.3411865234375,892.5374755859375,906.3760375976562,8150363.0,906.9000244140625,-0.021557005515305927,-0.0005777779273352657,-0.02097922758797066,0.0004401279901878693
2022-11-17,886.0,897.7000122070312,880.5,890.8499755859375,5190475.0,892.9689331054688,908.5917358398438,882.9833984375,897.741943359375,8455936.0,887.3499755859375,0.003944328727443658,0.011711239149553743,-0.007766910422110085,6.032489750508226e-05
2022-11-18,892.0499877929688,894.9000244140625,879.5999755859375,888.9000244140625,5384458.0,892.009033203125,895.1941528320312,876.6868896484375,883.13671875,4615605.5,890.8499755859375,-0.0021888659429916135,-0.008658311777877348,0.006469445834885734,4.1853729410520374e-05
2022-11-21,885.0,888.0,869.0,871.5999755859375,6108453.0,893.8037109375,905.3707885742188,886.1806640625,897.1973876953125,5861720.0,888.9000244140625,-0.01946231111820329,0.009334416754819497,-0.028796727873022787,0.0008292515361929275
2022-11-22,871.5999755859375,885.75,870.5,882.4500122070312,5466001.0,876.248779296875,888.7701416015625,865.2838134765625,879.2278442382812,7680676.0,871.5999755859375,0.012448413176927575,0.008751570520886931,0.003696842656040644,1.3666645623521644e-05
2022-11-23,885.4500122070312,887.5,866.6500244140625,873.5999755859375,5319949.0,874.9116821289062,886.2432861328125,867.2222900390625,877.7034912109375,3812149.5,882.4500122070312,-0.01002893818195949,-0.005378798719966715,-0.004650139461992775,2.1623797015982454e-05
2022-11-24,873.9000244140625,882.5,868.2999877929688,876.6500244140625,5111180.0,873.6612548828125,885.0736694335938,863.3450927734375,876.1075439453125,7509678.5,873.5999755859375,0.0034913563568717,0.002870385106974238,0.0006209712498974618,3.856052931992159e-07
2022-11-25,877.0,881.0,872.0999755859375,879.5999755859375,5079099.0,875.48876953125,886.8955688476562,866.089111328125,879.5509643554688,6739182.0,876.6500244140625,0.0033650271941150223,0.003309119786251369,5.5907407863653447e-05,3.125638254032899e-09
2022-11-28,876.0,885.25,873.5,878.5999755859375,4168244.0,882.577392578125,894.8668212890625,866.5503540039062,871.7839965820312,4724153.0,879.5999755859375,-0.0011368804317369863,-0.00888583358440831,0.007748953152671323,6.0046274962294836e-05
2022-11-29,878.0,891.7999877929688,874.6500244140625,878.2000122070312,3663099.0,881.2886352539062,888.2539672851562,872.1566772460938,880.6300048828125,4283381.0,878.5999755859375,-0.0004552280787847307,0.0023105273768317947,-0.0027657554556165254,7.649403240272574e-06
2022-11-30,878.9000244140625,884.1500244140625,873.2999877929688,881.0,3797377.0,880.6126708984375,884.5970458984375,867.0746459960938,873.069580078125,3982176.25,878.2000122070312,0.0031883258415494886,-0.005841985945790218,0.009030311787339707,8.154653097656645e-05
2022-12-01,884.75,896.5,882.0,890.5499877929688,4491806.0,886.486083984375,892.2081909179688,873.9107055664062,880.6439819335938,4645500.5,881.0,0.010839940741167675,-0.00040410677231128567,0.01124404751347896,0.0001264286044853724
2022-12-02,894.0,903.5999755859375,884.25,888.2000122070312,6279538.0,897.3569946289062,904.4407958984375,885.7869873046875,893.4815063476562,4940733.0,890.5499877929688,-0.0026387913291217036,0.003291806855168833,-0.005930598184290536,3.517199482351021e-05
2022-12-05,891.5999755859375,896.5,878.5499877929688,893.1500244140625,3966501.0,890.5277709960938,900.41650390625,879.1226806640625,891.553466796875,6599291.5,888.2000122070312,0.005573082795542028,0.003775562422602352,0.001797520372939676,3.2310794911331922e-06
2022-12-06,893.7999877929688,902.2999877929688,886.0,896.4500122070312,4836193.0,895.469482421875,906.5900268554688,888.4485473632812,899.4869995117188,4284659.5,893.1500244140625,0.003694774341112206,0.007095084727578138,-0.0034003103864659323,1.1562110724308098e-05
2022-12-07,897.7999877929688,902.5,884.7999877929688,886.75,2867882.0,898.8662719726562,908.3506469726562,891.0389404296875,900.8597412109375,4400774.0,896.4500122070312,-0.010820471944832821,0.0049191019508714184,-0.01573957389570424,0.0002477341864183343
2022-12-08,888.0,898.5,887.3499755859375,892.9000244140625,2822061.0,898.1492309570312,904.340576171875,887.0968627929688,894.1089477539062,3267992.25,886.75,0.006935465930716145,0.008298785174971846,-0.0013633192442557007,1.858639361757935e-06
2022-12-09,896.0499877929688,912.0,882.2000122070312,890.75,6979639.0,901.6522827148438,911.2200927734375,883.74072265625,887.0938720703125,4089987.0,892.9000244140625,-0.002407911698147136,-0.006502578323435593,0.004094666625288457,1.676629477225116e-05
2022-12-12,892.0499877929688,894.8499755859375,878.5499877929688,881.2999877929688,3412185.0,890.2783813476562,894.08154296875,873.30126953125,879.3413696289062,4757507.0,890.75,-0.010609051032311245,-0.012807892642260787,0.0021988416099495423,4.8349044256454945e-06
2022-12-13,884.9500122070312,898.0,881.2999877929688,894.7999877929688,3821073.0,888.0090942382812,898.25634765625,879.9093627929688,890.163818359375,3985383.25,881.2999877929688,0.015318280026087372,0.010057676942222482,0.00526060308386489,2.767394480596879e-05
2022-12-14,897.2000122070312,908.5,891.6500244140625,900.5499877929688,4930906.0,892.8862915039062,900.669921875,883.4085083007812,892.0033569335938,3992862.75,894.7999877929688,0.006426017074701251,-0.00312542567895302,0.009551442753654271,9.123005867633468e-05
2022-12-15,900.25,906.9500122070312,880.3499755859375,883.9500122070312,3679459.0,902.2163696289062,914.5964965820312,894.1297607421875,906.1297607421875,6190207.0,900.5499877929688,-0.018433152863196467,0.006195961384546145,-0.02462911424774261,0.0006065932686283582
2022-12-16,882.9500122070312,890.9500122070312,854.4000244140625,860.4500122070312,7791763.0,888.6563110351562,893.3645629882812,874.8327026367188,879.4176635742188,2195409.75,883.9500122070312,-0.026585213728687718,-0.005127381153031685,-0.021457832575656033,0.00046043857884488524
2022-12-19,860.4500122070312,896.0,859.5999755859375,892.8499755859375,5205837.0,858.2547607421875,866.8875122070312,844.8893432617188,857.7357177734375,4010957.75,860.4500122070312,0.03765467246121745,-0.003154505659929807,0.04080917812114726,0.0016653890189235242
2022-12-20,894.0999755859375,895.2999877929688,871.2999877929688,884.25,4023275.0,891.9608764648438,901.5460815429688,882.5393676757812,891.60595703125,3673570.75,892.8499755859375,-0.00963204997602618,-0.001393311965844135,-0.008238738010182045,6.78768040004184e-05
2022-12-21,887.0,893.0,851.5499877929688,857.6500244140625,4660583.0,884.365966796875,891.125244140625,874.1947631835938,881.6115112304688,4035197.0,884.25,-0.030081962777424365,-0.0029838719474484243,-0.02709809082997594,0.0007343065266296262
2022-12-22,864.7000122070312,874.2999877929688,845.5499877929688,856.9000244140625,5517570.0,862.5818481445312,876.4959716796875,855.9207153320312,868.0298461914062,2525193.75,857.6500244140625,-0.0008744825729031236,0.012102631005502573,-0.012977113578405697,0.00016840547682684152
2022-12-23,853.0,853.9500122070312,790.2000122070312,794.0999755859375,9112806.0,859.929443359375,874.7057495117188,844.7417602539062,855.14794921875,3976791.25,856.9000244140625,-0.07328748633315407,-0.0020446669919406135,-0.07124281934121346,0.005075539307684778
2022-12-26,798.0,812.0,785.2999877929688,806.0499877929688,7205540.0,792.9641723632812,813.7579956054688,784.5291137695312,804.7438354492188,5933575.0,794.0999755859375,0.015048498393686272,0.01340367735866943,0.0016448210350168413,2.705436237233873e-06
2022-12-27,810.0999755859375,821.2000122070312,798.0999755859375,817.1500244140625,4872234.0,810.7607421875,827.6384887695312,804.4235229492188,820.2069702148438,5243806.0,806.0499877929688,0.013770903528559808,0.017563405044689562,-0.0037925015161297537,1.438306774984648e-05
2022-12-28,815.75,817.0,808.7999877929688,810.3499755859375,3624974.0,803.3928833007812,843.3226318359375,798.4551391601562,818.3069458007812,5462878.5,817.1500244140625,-0.008321665085919805,0.0014158004676660951,-0.0097374655535859,9.481823540727196e-05
2022-12-29,807.0,822.5,799.5499877929688,819.5499877929688,5308353.0,803.0910034179688,842.4475708007812,799.7972412109375,818.7723999023438,5269716.0,810.3499755859375,0.011353134428589318,0.0103935639787196,0.0009595704498697177,9.207754482631725e-07
2022-12-30,822.4500122070312,826.75,815.5999755859375,818.0999755859375,3252956.0,814.2669067382812,820.2775268554688,802.0671997070312,808.9273071289062,4019064.5,819.5499877929688,-0.0017692785414299417,-0.012961601881868345,0.011192323340438404,0.00012526810175692227
2023-01-02,823.0,826.75,816.2999877929688,822.2999877929688,2042294.0,820.8714599609375,832.4097290039062,815.193359375,825.0555419921875,3785365.0,818.0999755859375,0.005133861792408823,0.008502098293388105,-0.0033682365009792825,1.134501712652916e-05
2023-01-03,822.25,826.4000244140625,817.7999877929688,820.4500122070312,2166531.0,823.95751953125,830.5678100585938,813.9364013671875,820.866455078125,2883720.25,822.2999877929688,-0.0022497575257209856,-0.0017433208514222587,-0.000506436674298727,2.564781050747549e-07
2023-01-04,820.7999877929688,822.0,806.5,810.0,3260112.0,829.430419921875,844.3662719726562,815.5630493164062,824.9917602539062,3524610.25,820.4500122070312,-0.01273692735882892,0.005535679175209696,-0.018272606534038616,0.0003338881495477907
2023-01-05,814.0499877929688,821.5999755859375,797.0,819.5999755859375,3119740.0,816.0999755859375,821.2564697265625,806.0186157226562,811.5045776367188,2875191.75,810.0,0.011851821711033939,0.0018575032552083925,0.009994318455825546,9.988640139645512e-05
2023-01-06,819.9000244140625,824.4000244140625,803.5,806.0999755859375,2892006.0,823.2990112304688,832.8369140625,817.1658935546875,827.231689453125,2690758.25,819.5999755859375,-0.016471449978202823,0.009311510608247087,-0.02578296058644991,0.0006647610566024295
2023-01-09,810.4500122070312,820.25,809.0999755859375,816.6500244140625,2040072.0,816.24267578125,822.4884033203125,798.7498168945312,804.13916015625,3593718.25,806.0999755859375,0.013087767209590151,-0.0024324717641409643,0.015520238973731115,0.00024087781780172227
2023-01-10,817.0,820.6500244140625,781.0999755859375,796.4000244140625,4545808.0,819.9086303710938,823.72802734375,807.5765991210938,812.495849609375,2563797.25,816.6500244140625,-0.024796423675526258,-0.0050868483199618675,-0.01970957535556439,0.0003884673606966712
2023-01-11,800.0,803.0999755859375,789.0499877929688,796.4500122070312,3618663.0,795.5253295898438,807.8216552734375,784.36328125,792.5783081054688,4036205.75,796.4000244140625,6.276719165798639e-05,-0.0047987395673493305,0.004861506759007317,2.3634247967873825e-05
2023-01-12,796.7000122070312,799.4500122070312,786.0999755859375,792.9500122070312,2670641.0,800.9398803710938,806.925537109375,785.263671875,792.087646484375,3173159.0,796.4500122070312,-0.0043945005290428885,-0.005477262421740403,0.0010827618926975147,1.1723733162779043e-06
2023-01-13,795.5999755859375,800.25,786.0,794.6500244140625,4059998.0,784.196044921875,802.928955078125,768.8392333984375,798.427734375,2728998.75,792.9500122070312,0.0021439084190182367,0.0069080296155397125,-0.004764121196521476,2.269685077514522e-05
2023-01-16,797.0,797.5,784.4000244140625,787.0499877929688,3601251.0,790.8609619140625,804.6329956054688,784.2118530273438,798.6392822265625,3053678.0,794.6500244140625,-0.009564004766372092,0.0050201443276132185,-0.01458414909398531,0.00021269740479559255
2023-01-17,788.3499755859375,791.4500122070312,778.0999755859375,784.75,2948618.0,796.93310546875,807.8981323242188,783.1173095703125,792.5211181640625,3764059.0,787.0499877929688,-0.002922289344566731,0.006951439496792,-0.009873728841358731,9.749052123267923e-05
2023-01-18,784.0,795.8499755859375,776.5999755859375,786.5,5585785.0,788.52685546875,795.3496704101562,778.718994140625,786.1743774414062,3217280.5,784.75,0.0022300095571838874,0.0018150716042131254,0.00041493795297076197,1.7217350481556627e-07
2023-01-19,783.9500122070312,783.9500122070312,771.75,776.0499877929688,5086667.0,787.1287841796875,794.5823364257812,777.6583251953125,785.55126953125,3556728.5,786.5,-0.013286728807414216,-0.0012062688731723226,-0.012080459934241894,0.00014593751222282365
2023-01-20,776.0,786.5999755859375,772.4500122070312,774.4500122070312,3328697.0,778.6240234375,789.3717041015625,771.0128173828125,781.4935302734375,3563879.0,776.0499877929688,-0.0020616914001735376,0.007014422480631444,-0.009076113880804981,8.237584317734085e-05
2023-01-23,778.3499755859375,778.3499755859375,762.4000244140625,769.0499877929688,4283589.0,784.0560302734375,795.3013916015625,774.4600219726562,784.5333251953125,6859651.0,774.4500122070312,-0.006972721710822194,0.01301996620743262,-0.019992687918254815,0.000399707570196732
2023-01-24,769.1500244140625,774.0,758.0,761.2000122070312,3011438.0,777.346923828125,792.6885986328125,771.3634033203125,786.2181396484375,3787536.25,769.0499877929688,-0.010207367154982272,0.022323843869678894,-0.032531211024661166,0.0010582796907310362
2023-01-25,753.0,756.9000244140625,706.0,713.1500244140625,17085455.0,771.5532836914062,782.362548828125,763.9603271484375,773.1530151367188,4404094.0,761.2000122070312,-0.06312399766475585,0.015702841221758357,-0.0788268388865142,0.006213670528840468
2023-01-27,699.0,699.8499755859375,537.0,596.9500122070312,64194046.0,727.835205078125,741.8737182617188,722.7449951171875,733.766357421875,6684717.5,713.1500244140625,-0.16293908466525453,0.02890883026296076,-0.1918479149282153,0.03680562246230373
2023-01-30,620.0,656.5999755859375,566.9500122070312,597.0,58256575.0,637.777099609375,676.3485717773438,627.0985107421875,666.7999267578125,24397332.0,596.9500122070312,8.373865808963821e-05,0.1170113294621331,-0.11692759080404347,0.013672061491237831
2023-01-31,600.0,626.9000244140625,588.0999755859375,612.6500244140625,33272489.0,602.6058959960938,685.809326171875,598.5751953125,675.8630981445312,28014348.0,597.0,0.026214446254711143,0.13209899186688645,-0.10588454561217531,0.011211536999496834
2023-02-01,627.0,629.0,459.5,495.1499938964844,46557720.0,641.1094970703125,675.6509399414062,620.8350219726562,653.8309326171875,21387486.0,612.6500244140625,-0.19178980794125478,0.0672176716919426,-0.25900747963319737,0.06708487450594115
2023-02-02,510.0,534.0,424.04998779296875,462.45001220703125,115517458.0,537.8536376953125,577.456298828125,524.3018798828125,556.4524536132812,17861308.0,495.1499938964844,-0.06604055759372451,0.12380583756931784,-0.18984639516304236,0.03604165375640203
2023-02-03,459.0,507.0,395.1000061035156,498.8500061035156,89662866.0,518.1026611328125,570.3680419921875,480.75469970703125,535.280029296875,24790252.0,462.45001220703125,0.0787111967470091,0.1574873287217884,-0.07877613197477928,0.006205678968907843
2023-02-06,498.0,548.7000122070312,476.70001220703125,545.4500122070312,38363919.0,551.228271484375,595.6600952148438,484.5550842285156,552.18798828125,72973768.0,498.8500061035156,0.09341486525680365,0.10692188338204867,-0.013507018125245018,0.00018243953863569744
2023-02-07,550.0,598.4500122070312,543.0,553.1500244140625,46650736.0,559.179443359375,583.1624145507812,497.947021484375,541.4837646484375,27280192.0,545.4500122070312,0.014116806370349178,-0.00727151429064099,0.021388320660990168,0.0004574602606973389
2023-02-08,564.0,605.0,563.0,599.25,31111885.0,587.29443359375,616.874755859375,548.880126953125,585.4430541992188,22607488.0,553.1500244140625,0.08334081813477279,0.05838023747601451,0.02496058065875828,0.0006230305868223779
2023-02-09,587.25,589.0,546.2000122070312,582.2999877929688,22494005.0,608.4017333984375,646.4011840820312,570.906982421875,613.3431396484375,29894088.0,599.25,-0.02828537706638512,0.023517963535148123,-0.05180334060153324,0.0026835860974784628
2023-02-10,573.5999755859375,599.9000244140625,560.0,583.9500122070312,12527188.0,574.4569091796875,601.5147094726562,534.3569946289062,569.15478515625,23863732.0,582.2999877929688,0.002833632918860962,-0.02257462289590917,0.02540825581477013,0.0006455794635488002
2023-02-13,587.9000244140625,596.0999755859375,537.4000244140625,553.7000122070312,19528545.0,630.8164672851562,661.074951171875,518.4894409179688,599.333984375,43881720.0,583.9500122070312,-0.051802379257893216,0.026344673082247638,-0.07814705234014085,0.006106961789452714
2023-02-14,551.0,581.25,538.2999877929688,565.0999755859375,17976429.0,560.9202880859375,585.513671875,522.7548217773438,555.94287109375,18204310.0,553.7000122070312,0.020588699887266193,0.004050675162131201,0.016538024725134992,0.00027350626180917636
2023-02-15,567.7999877929688,578.8499755859375,561.9000244140625,569.0499877929688,9259895.0,563.4509887695312,612.08544921875,531.1602783203125,583.3128662109375,22974296.0,565.0999755859375,0.0069899351932116716,0.03222950170209349,-0.025239566508881817,0.0006370357175562686
2023-02-16,580.0,590.7999877929688,573.2999877929688,577.2000122070312,9909820.0,585.3641967773438,632.9627075195312,484.1302490234375,582.55908203125,32749834.0,569.0499877929688,0.014322159017474023,0.023739732058822405,-0.009417573041348382,8.86906819891318e-05
2023-02-17,579.0,586.0,569.0999755859375,578.6500244140625,8880620.0,584.0321044921875,609.42578125,553.7803955078125,585.2970581054688,7473119.0,577.2000122070312,0.0025121486077015476,0.014028145750512033,-0.011515997142810486,0.00013261819019321926
2023-02-20,567.2999877929688,581.6500244140625,560.0,579.7000122070312,9507162.0,581.2496337890625,606.043212890625,553.4046630859375,582.721923828125,11454167.0,578.6500244140625,0.0018145472196808843,0.007036894914479008,-0.005222347694798124,2.7272915445363278e-05
2023-02-21,585.0,593.7999877929688,579.2000122070312,583.2000122070312,7702230.0,575.6686401367188,591.5770263671875,543.0112915039062,566.0848999023438,10321555.0,579.7000122070312,0.006037605530962109,-0.023486479244414937,0.029524084775377046,0.0008716715818236508
2023-02-22,583.5,583.5499877929688,540.0,547.0999755859375,10994235.0,581.5353393554688,592.9801025390625,545.0887451171875,564.1695556640625,9375632.0,583.2000122070312,-0.061899924323524425,-0.0326310976417008,-0.029268826681823623,0.0008566642153306304
2023-02-23,539.5,558.1500244140625,533.6500244140625,551.8499755859375,10711597.0,561.52880859375,573.73291015625,526.945556640625,546.03515625,3355854.0,547.0999755859375,0.008682142591786457,-0.0019462975387580794,0.010628440130544536,0.00011296373960856956
2023-02-24,557.0,565.9000244140625,543.2000122070312,558.9000244140625,8631548.0,556.5176391601562,566.3726806640625,517.2582397460938,535.8704223632812,8224643.0,551.8499755859375,0.012775299701045517,-0.028956335833284497,0.041731635534330014,0.0017415294043701555
2023-02-27,559.0,571.9500122070312,553.0999755859375,562.0,8484384.0,564.6079711914062,688.1005859375,517.2306518554688,621.015380859375,58131300.0,558.9000244140625,0.005546565486711952,0.11113858245118657,-0.10559201696447462,0.011149674046625896
2023-02-28,563.0,614.4500122070312,551.9500122070312,592.4500122070312,25360275.0,568.994140625,591.7674560546875,547.1821899414062,573.641845703125,9218136.0,562.0,0.05418151638261781,0.020715027941503594,0.03346648844111422,0.0011200058485792315
2023-03-01,598.0,616.0,594.5999755859375,602.0999755859375,18661166.0,592.1008911132812,612.2158813476562,567.1310424804688,592.8912963867188,10870160.0,592.4500122070312,0.016288232222255505,0.0007448462665122779,0.015543385955743227,0.0002415968469691958
2023-03-02,603.9500122070312,625.0,585.5999755859375,622.9000244140625,21080489.0,589.8792724609375,651.0120849609375,570.6453857421875,622.585693359375,35336968.0,602.0999755859375,0.03454583901599273,0.03402378110628845,0.0005220579097042766,2.725444610847986e-07
2023-03-03,663.0,704.0,650.5499877929688,684.6500244140625,42832968.0,622.8525390625,642.8038940429688,602.6971435546875,625.3033447265625,11344089.0,622.9000244140625,0.09913308328745973,0.0038582761571741564,0.09527480713028558,0.009077288873713115
2023-03-06,690.0,722.75,681.0999755859375,690.75,37435406.0,699.7742919921875,711.6021728515625,662.48681640625,679.9242553710938,21609022.0,684.6500244140625,0.00890962589413169,-0.006902459467540645,0.015812085361672334,0.0002500220434848125
2023-03-08,700.0,715.0,682.0,712.0499877929688,20232587.0,707.0731201171875,729.3029174804688,684.9036254882812,704.1640625,38664600.0,690.75,0.03083603010201763,0.01941956207021356,0.011416468031804072,0.00013033574232120435
2023-03-09,713.9000244140625,716.5999755859375,686.0,697.25,17041388.0,704.7216796875,731.423583984375,664.123291015625,717.8638305664062,16569754.0,712.0499877929688,-0.020785040441952618,0.008164936272884171,-0.02894997671483679,0.0008381011517895923
2023-03-10,684.7999877929688,701.75,680.6500244140625,697.7999877929688,12138642.0,697.6971435546875,723.7926025390625,664.9217529296875,712.1983642578125,15963745.0,697.25,0.0007887956872982826,0.02143903084662968,-0.020650235159331398,0.00042643221213568665
2023-03-13,703.7000122070312,710.5499877929688,677.1500244140625,681.2000122070312,9693337.0,697.2159423828125,721.0184326171875,692.0048217773438,710.9349975585938,13278707.0,697.7999877929688,-0.023789016733062107,0.01882345943737973,-0.04261247617044184,0.0018158231253764734
2023-03-14,681.2000122070312,684.5499877929688,638.5999755859375,654.5,18147337.0,695.1787109375,712.0631713867188,680.7111206054688,698.9656982421875,8429385.0,681.2000122070312,-0.039195554504653396,0.026079984904282316,-0.06527553940893571,0.004260896045127519
2023-03-15,661.5499877929688,687.8499755859375,657.25,679.3499755859375,15514873.0,666.137451171875,689.1004638671875,649.4427490234375,674.37109375,8393327.0,654.5,0.03796787713665006,0.030360723834988557,0.007607153301661507,5.786878135497956e-05
2023-03-16,686.9000244140625,692.3499755859375,675.1500244140625,679.5999755859375,12992236.0,680.4398193359375,688.5225830078125,652.9346923828125,665.1490478515625,11431922.0,679.3499755859375,0.00036799883562865787,-0.020903699484388305,0.021271698320016963,0.00045248514941781246
2023-03-17,688.5,691.75,671.2999877929688,680.3499755859375,7625895.0,680.7974243164062,693.4862670898438,661.6888427734375,676.7601318359375,11660184.0,679.5999755859375,0.0011035903869085484,-0.004178699017096887,0.005282289404005436,2.7902581347668103e-05
2023-03-20,671.0,677.75,659.2999877929688,666.75,5250369.0,687.4158935546875,721.8724365234375,677.5039672851562,712.6400146484375,12600045.0,680.3499755859375,-0.019989676010827795,0.04746092484928921,-0.067450600860117,0.0045495835563908165
2023-03-21,671.5,674.4000244140625,661.2000122070312,664.7999877929688,5011027.0,671.8822021484375,682.6493530273438,652.478759765625,666.4996948242188,4121593.5,666.75,-0.002924652728955701,-0.0003754108373171805,-0.0025492418916385207,6.498634222084743e-06
2023-03-22,669.9000244140625,671.9000244140625,654.1500244140625,657.1500244140625,4457720.0,671.2579345703125,688.826416015625,658.0548706054688,677.7745361328125,4098461.0,664.7999877929688,-0.011507165342019565,0.0195164689802676,-0.031023634322287164,0.0009624658865629942
2023-03-23,655.0,667.3499755859375,652.0499877929688,654.9500122070312,4491324.0,668.07177734375,685.2374267578125,653.2957763671875,671.916259765625,5997134.5,657.1500244140625,-0.003347808149277376,0.02247011306851676,-0.025817921217794138,0.0006665650560082247
2023-03-24,658.2000122070312,660.6500244140625,633.9500122070312,638.0,6072701.0,662.520751953125,673.9120483398438,643.8889770507812,657.633544921875,5317449.0,654.9500122070312,-0.025879856311344485,0.004097309206546607,-0.02997716551789109,0.0008986304524870387
2023-03-27,638.0,644.8499755859375,625.5,629.0999755859375,5621870.0,652.917236328125,675.2482299804688,640.4454956054688,664.7955322265625,3937337.5,638.0,-0.013949881526743702,0.04199926681279398,-0.05594914833953768,0.003130307199919592
2023-03-28,622.5999755859375,627.7999877929688,571.5499877929688,593.4000244140625,19860622.0,634.78564453125,644.8727416992188,609.5093383789062,622.8596801757812,6197573.5,629.0999755859375,-0.05674765944574134,-0.009919401768127667,-0.04682825767761367,0.0021928857171209836
2023-03-29,593.3499755859375,642.5499877929688,590.0999755859375,636.6500244140625,17057169.0,601.2887573242188,622.480712890625,580.48583984375,603.528564453125,7473086.5,593.4000244140625,0.07288506609467382,0.017068654570858266,0.05581641152381556,0.00311547179539593
2023-03-31,643.9000244140625,655.4000244140625,627.3499755859375,631.9000244140625,9466910.0,636.9597778320312,659.2905883789062,620.4794921875,643.1277465820312,7401614.0,636.6500244140625,-0.007460928010442847,0.010174698687760886,-0.017635626698203732,0.0003110153290383963
2023-04-03,638.5499877929688,639.0,622.1500244140625,627.7999877929688,6072184.0,632.6913452148438,647.8416137695312,613.590576171875,630.3684692382812,6977039.5,631.9000244140625,-0.006488426115975443,-0.002423730205108665,-0.004064695910866778,1.6521752847817107e-05
2023-04-05,626.9000244140625,639.7999877929688,625.0499877929688,636.75,6622367.0,638.4996948242188,652.79248046875,619.5537719726562,635.2991333007812,6460728.5,627.7999877929688,0.014256152247621223,0.011945118913072594,0.002311033334548629,5.340875073394955e-06
2023-04-06,637.0,651.3499755859375,631.5499877929688,641.5999755859375,7094042.0,641.4830932617188,654.7444458007812,623.0452880859375,637.8345336914062,6242229.5,636.75,0.007616765741558673,0.0017032331235276033,0.00591353261803107,3.49698680245174e-05
2023-04-10,646.0,657.0,643.0,652.0,4254629.0,639.3765258789062,652.598388671875,621.3653564453125,636.039794921875,6171178.5,641.5999755859375,0.01620951497787182,-0.008666117324871658,0.024875632302743478,0.0006187970824612948
2023-04-11,655.0,660.25,647.4000244140625,653.9500122070312,3798770.0,649.8831176757812,664.984619140625,634.5659790039062,650.5127563476562,6078278.0,652.0,0.0029908162684528783,-0.0022810485465395436,0.005271864814992422,2.7792558627555083e-05
2023-04-12,656.0,662.0,650.0,657.75,4271203.0,650.3236694335938,659.161865234375,631.1461181640625,642.1560668945312,3514225.0,653.9500122070312,0.0058108230323967724,-0.018034934004659386,0.02384575703705616,0.0005686201286703133
2023-04-13,659.7000122070312,664.9000244140625,653.4000244140625,661.6500244140625,3306659.0,652.794189453125,660.885986328125,633.9766845703125,644.4410400390625,3312349.0,657.75,0.005929341564519186,-0.020234070636165002,0.02616341220068419,0.0006845241379829103
2023-04-17,663.0,666.7000122070312,658.0,664.7000122070312,2731225.0,656.4847412109375,669.1926879882812,643.6705322265625,657.6704711914062,3552046.0,661.6500244140625,0.004609669281989026,-0.006014589398950609,0.010624258680939636,0.00011287487251952121
2023-04-18,668.0,671.4000244140625,651.0499877929688,658.5499877929688,2964854.0,659.8450927734375,671.2865600585938,646.548095703125,659.1781616210938,2750025.0,664.7000122070312,-0.009252330827620003,-0.008307282209312872,-0.0009450486183071316,8.931168909642185e-07
2023-04-19,659.0,665.0,654.9000244140625,658.4000244140625,2683546.0,656.984130859375,663.9263305664062,636.9569702148438,646.5424194335938,2085124.0,658.5499877929688,-0.00022771753349937196,-0.018233343834105242,0.01800562630060587,0.00032420257847706985
2023-04-20,663.0,678.5,661.2000122070312,666.0999755859375,5009410.0,660.8775634765625,672.77490234375,642.6123046875,660.1018676757812,3247739.0,658.4000244140625,0.011694943630549792,0.002584816522801958,0.009110127107747834,8.299441591932192e-05
2023-04-21,668.0,670.5999755859375,658.6500244140625,661.5999755859375,1982614.0,668.9979248046875,677.7213134765625,650.9913330078125,661.5755004882812,5029907.0,666.0999755859375,-0.006755742628636985,-0.006792486508765072,3.674388012808727e-05,1.3501127268672465e-09
2023-04-24,665.0999755859375,672.75,656.0,671.2999877929688,3357178.0,671.7858276367188,685.555419921875,661.3265380859375,676.4113159179688,1513796.0,661.5999755859375,0.014661445835817188,0.022387153685901717,-0.007725707850084529,5.968656178485771e-05
2023-04-25,675.0,682.5,668.8499755859375,671.4500122070312,4814190.0,670.9263916015625,675.5394897460938,645.9185791015625,653.7354125976562,4269061.0,671.2999877929688,0.0002234834154484222,-0.026165016408028707,0.02638849982347713,0.0006963529229336525
2023-04-26,671.0,671.5999755859375,662.0999755859375,664.7000122070312,3373385.0,678.6061401367188,685.3399658203125,660.4299926757812,669.0794067382812,5238087.5,671.4500122070312,-0.010052870470302011,-0.0035305762538567764,-0.006522294216445235,4.254032184587496e-05
2023-04-27,667.9000244140625,668.2000122070312,657.2000122070312,659.75,3197568.0,671.4613037109375,680.4083251953125,658.4136962890625,668.890625,2951026.0,664.7000122070312,-0.007446986785204834,0.006304517400344878,-0.013751504185549712,0.00018910386736519126
2023-04-28,666.2000122070312,683.0,662.1500244140625,681.2999877929688,6162262.0,667.3384399414062,676.5401611328125,655.0472412109375,665.6195068359375,2834387.0,659.75,0.032663869333791284,0.00889656208554368,0.023767307248247604,0.0005648848938326031
2023-05-02,683.7999877929688,685.9000244140625,672.5999755859375,681.5,5563089.0,688.088134765625,694.8193969726562,671.0552978515625,680.9691772460938,5895005.5,681.2999877929688,0.0002935743587477724,-0.00048555783473103187,0.0007791321934788042,6.070469749150929e-07
2023-05-03,675.0,684.8499755859375,656.75,669.6500244140625,5645727.0,683.5930786132812,694.8907470703125,668.5369262695312,686.8536987304688,5134236.0,681.5,-0.01738807862940206,0.00785575749151679,-0.02524383612091885,0.0006372512620998073
2023-05-04,670.0,682.0,667.7000122070312,679.75,5124811.0,688.3986206054688,703.31005859375,683.2201538085938,697.1554565429688,5794340.5,669.6500244140625,0.015082468778784719,0.04107433902204849,-0.02599187024326377,0.0006755773187426606
2023-05-05,682.7999877929688,693.5999755859375,677.5,683.9000244140625,5193692.0,675.3231201171875,682.7252197265625,660.979248046875,670.0059204101562,3068977.0,679.75,0.006105221646285353,-0.014334798955268457,0.02044002060155381,0.00041779444219194417
2023-05-08,684.7000122070312,690.6500244140625,678.5999755859375,685.0999755859375,3671007.0,680.5308227539062,689.70263671875,669.1937866210938,680.6450805664062,3673443.0,683.9000244140625,0.0017545710323714214,-0.004759385482468681,0.006513956514840102,4.243162947722781e-05
2023-05-09,685.0999755859375,695.9000244140625,684.5,690.5,4029312.0,680.876220703125,690.087158203125,669.73388671875,681.2772827148438,3630468.0,685.0999755859375,0.007882096929640259,-0.005579759169928922,0.01346185609956918,0.00018122156964550795
2023-05-10,692.0,692.4000244140625,685.5499877929688,691.0,1794579.0,680.859375,689.2713012695312,667.4307250976562,677.4367065429688,5768495.5,690.5,0.0007241129616220032,-0.01891860022741676,0.019642713189038763,0.0003858361814268374
2023-05-11,694.0,714.0,692.25,708.7999877929688,5979387.0,693.3576049804688,705.2957763671875,690.2810668945312,699.9725952148438,4847954.5,691.0,0.02575975078577253,0.012984942423797108,0.01277480836197542,0.00016319572868519713
2023-05-12,712.0,712.0,695.0499877929688,700.0,4025355.0,701.89794921875,707.2245483398438,688.24365234375,696.1419067382812,2026132.0,708.7999877929688,-0.01241533287884189,-0.017858466806837447,0.005443133927995558,2.9627706958096355e-05
2023-05-15,699.7999877929688,701.7000122070312,687.5,694.0499877929688,2616737.0,694.3535766601562,701.8643798828125,677.2993774414062,693.2735595703125,4401976.5,700.0,-0.008500017438616059,-0.009609200613839297,0.0011091831752232384,1.230287316198305e-06
2023-05-16,694.0499877929688,698.7999877929688,685.2999877929688,687.0,1403759.0,693.7611694335938,701.0090942382812,677.1074829101562,691.76318359375,4100721.0,694.0499877929688,-0.01015775220368098,-0.0032948695907201175,-0.006862882612960863,4.7099157759280524e-05
2023-05-17,687.25,691.9500122070312,682.5499877929688,684.5999755859375,2295396.0,690.31201171875,698.8072509765625,678.2487182617188,689.9340209960938,79110.0,687.0,-0.0034934853188682835,0.0042707729200781586,-0.007764258238946442,6.028370600104771e-05
2023-05-18,689.7000122070312,689.7000122070312,661.2999877929688,664.9500122070312,4405410.0,688.4708862304688,696.0570068359375,677.9345092773438,687.2841186523438,1502995.0,684.5999755859375,-0.028702839730732066,0.003920746658088836,-0.0326235863888209,0.0010642983888688605
2023-05-19,664.0,694.1500244140625,659.5,688.0999755859375,6340270.0,675.5260009765625,686.0693359375,665.3417358398438,678.0960083007812,3184433.0,664.9500122070312,0.034814592005298906,0.019769901274408808,0.015044690730890098,0.00022634271918813042
2023-05-22,698.9000244140625,753.4000244140625,693.1500244140625,729.7000122070312,30204070.0,693.4138793945312,708.924072265625,685.9826049804688,702.2388916015625,4196951.5,688.0999755859375,0.0604563843875594,0.020547764158231896,0.03990862022932751,0.0015926979686086888
2023-05-23,744.2999877929688,785.6500244140625,730.0,734.0499877929688,39497528.0,731.4406127929688,748.8522338867188,718.1801147460938,737.3377075195312,13439780.0,729.7000122070312,0.005961320423691241,0.010466897608236714,-0.004505577184545473,2.030022576589671e-05
2023-05-24,739.0,739.0,708.75,718.25,12809164.0,750.4935302734375,763.022705078125,735.7294921875,749.5595703125,20191112.0,734.0499877929688,-0.021524403045729557,0.02112878247728478,-0.042653185523014336,0.0018192942352606798
2023-05-25,717.0,727.0,705.5999755859375,724.5,7458008.0,722.48193359375,730.3228759765625,712.0023193359375,718.1362915039062,9547014.0,718.25,0.00870170553428462,-0.0001583132559607181,0.008860018790245339,7.849993296350048e-05
2023-05-26,729.0999755859375,730.3499755859375,720.5999755859375,726.8499755859375,4507617.0,724.172607421875,743.4501953125,715.6636962890625,733.9812622070312,16169132.0,724.5,0.0032435825892858094,0.013086628305081005,-0.009843045715795196,9.688554896323416e-05
2023-05-29,731.0,740.0,728.0499877929688,737.5,4302323.0,724.1533203125,730.6212158203125,711.1793212890625,719.2377319335938,6809572.0,726.8499755859375,0.014652300710992217,-0.010472922759895864,0.02512522347088808,0.0006312768544620653
2023-05-30,740.0,742.3499755859375,727.6500244140625,734.0499877929688,4785799.0,731.2579956054688,735.621337890625,715.8479614257812,722.6121215820312,6487519.0,737.5,-0.004677982653601642,-0.020186953787076245,0.015508971133474603,0.00024052818561894851
2023-05-31,736.0,749.0,721.2999877929688,738.8499755859375,13649365.0,741.3667602539062,749.610107421875,733.2413330078125,741.6708374023438,2824885.0,734.0499877929688,0.006539047575493617,0.010381921852881115,-0.003842874277387498,1.4767682711806485e-05
2023-06-01,730.5,744.9500122070312,729.0,732.0499877929688,3771760.0,745.04736328125,755.1234130859375,733.45947265625,743.7736206054688,15829488.0,738.8499755859375,-0.009203475695557906,0.006663930679061902,-0.015867406374619808,0.0002517745850573253
2023-06-02,738.0,744.0,734.0,736.5999755859375,5554473.0,739.2678833007812,748.5696411132812,730.9107055664062,740.4129638671875,4782196.0,732.0499877929688,0.006215405872331603,0.011424050561672727,-0.005208644689341124,2.7129979499801496e-05
2023-06-05,738.0,744.0,735.0,738.7999877929688,5166097.0,747.3651123046875,766.6246337890625,731.9173583984375,740.915283203125,6089238.5,736.5999755859375,0.0029867122996865003,0.005858414010609714,-0.0028717017109232135,8.246670716519312e-06
2023-06-06,742.9000244140625,747.0,740.0,745.4000244140625,5492469.0,741.0407104492188,748.3400268554688,732.400390625,740.2764282226562,4420058.5,738.7999877929688,0.00893345523841993,0.0019984305009237424,0.006935024737496187,4.8094568109684056e-05
2023-06-07,750.0,751.0,741.9500122070312,743.75,2129238.0,748.8722534179688,753.20068359375,738.1137084960938,743.609130859375,4416014.5,745.4000244140625,-0.002213609283632012,-0.0024025939039850064,0.00018898462035299435,3.57151867299654e-08
2023-06-08,744.9500122070312,749.0,733.0,736.4000244140625,2141709.0,748.2017211914062,756.7398071289062,739.730712890625,747.5528564453125,6714076.5,743.75,-0.00988232011554624,0.005113084296218595,-0.014995404411764834,0.00022486215347237626
2023-06-09,738.0,742.0,733.0,734.9500122070312,1335172.0,739.7810668945312,746.5389404296875,731.9308471679688,739.3927612304688,1990689.0,736.4000244140625,-0.001969055077347348,0.004064009664838775,-0.006033064742186123,3.639787018340931e-05
2023-06-12,735.2000122070312,746.5499877929688,733.5499877929688,742.0999755859375,4571836.0,732.8170776367188,737.2681274414062,722.2764282226562,728.9827880859375,1339228.0,734.9500122070312,0.009728502973195496,-0.00811922446694624,0.017847727440141736,0.0003185413747775883
2023-06-13,741.0,742.4000244140625,735.0499877929688,737.8499755859375,3636359.0,750.6446533203125,762.3455200195312,734.7281494140625,739.4063110351562,4835147.5,742.0999755859375,-0.005726991159977213,-0.003629786604768981,-0.002097204555208232,4.398266946386158e-06
2023-06-14,736.3499755859375,742.75,735.7999877929688,739.3499755859375,3900945.0,744.8986206054688,753.3357543945312,739.28173828125,747.3148803710938,2335875.0,737.8499755859375,0.002032933590339736,0.012827681911407485,-0.010794748321067749,0.00011652659131519497
2023-06-15,737.2999877929688,748.7000122070312,737.0,739.5,6448934.0,739.5438232421875,744.0807495117188,733.2975463867188,737.865478515625,1859156.0,739.3499755859375,0.00020291393658822265,-0.002007840832260799,0.0022107547688490214,4.88743664798869e-06
2023-06-16,741.0,749.7000122070312,740.7999877929688,747.4000244140625,6800269.0,746.7899780273438,763.3013916015625,739.4653930664062,752.7943115234375,18548254.0,739.5,0.010682926861477426,0.017977432756507872,-0.007294505895030445,5.3209816252633916e-05
2023-06-19,749.9000244140625,749.9000244140625,731.0,735.6500244140625,5256363.0,747.573974609375,753.841796875,743.272216796875,748.8358154296875,2864315.0,747.4000244140625,-0.015721166197728786,0.0019210475899442692,-0.017642213787673056,0.00031124770732996127
2023-06-20,738.0,742.0,730.2000122070312,737.7999877929688,6753358.0,736.849853515625,742.3693237304688,731.1458129882812,736.4593505859375,4232064.5,735.6500244140625,0.002922535591049158,0.0011001510840968898,0.0018223845069522682,3.3210852911796616e-06
2023-06-21,739.9000244140625,753.25,733.2999877929688,749.4500122070312,9312613.0,733.5498046875,739.5906372070312,728.2482299804688,733.8032836914062,4404662.5,737.7999877929688,0.015790220394164,-0.005417056340049742,0.021207276734213742,0.0004497485864815235
2023-06-22,755.0,758.0,741.0,745.5999755859375,10061086.0,747.5038452148438,752.1187133789062,741.2172241210938,745.6319580078125,5293337.5,749.4500122070312,-0.005137149320680989,-0.005094474797558646,-4.2674523122343544e-05,1.8211149237194337e-09
2023-06-23,741.0,741.0,703.0,714.2999877929688,15398550.0,753.7898559570312,778.1451416015625,752.05908203125,772.89501953125,22451732.0,745.5999755859375,-0.041979598736402,0.036608160996602024,-0.07858775973300403,0.006176035979852369
2023-06-26,710.0,726.2999877929688,705.0999755859375,724.4000244140625,5696079.0,695.1315307617188,730.15283203125,674.7564086914062,706.41259765625,27378868.0,714.2999877929688,0.014139768715803358,-0.011042125537603753,0.02518189425340711,0.0006341277981897781
2023-06-27,724.3499755859375,730.4500122070312,716.0,720.25,6935089.0,723.6472778320312,735.5585327148438,719.7555541992188,730.14013671875,5515836.5,724.4000244140625,-0.0057289125817179265,0.007923953770336167,-0.013652866352054094,0.00018640075962705085
2023-06-28,722.9500122070312,759.0,721.7999877929688,756.5,17910387.0,722.2905883789062,726.6630249023438,712.3379516601562,717.9462890625,4998294.0,720.25,0.0503297466157584,-0.003198487938215866,0.05352823455397426,0.0028652718944652844
2023-06-30,752.7999877929688,759.9000244140625,738.0,739.25,6629272.0,746.5557861328125,748.6861572265625,733.7415771484375,736.7530517578125,9271617.0,756.5,-0.022802379378717763,-0.026103037993638445,0.003300658614920682,1.0894347292250113e-05
2023-07-03,744.5,747.4500122070312,732.7000122070312,737.4000244140625,2808490.0,742.3086547851562,745.3735961914062,730.8451538085938,734.165771484375,11581294.0,739.25,-0.0025025033289651777,-0.006877549564592522,0.0043750462356273445,1.9141029563876997e-05
2023-07-04,740.0499877929688,751.0,735.0,741.7000122070312,3263045.0,738.875,745.1405029296875,735.6829223632812,740.160400390625,3679308.0,737.4000244140625,0.005831282411992822,0.0037433901344876563,0.0020878922775051656,4.359294162465708e-06
2023-07-05,741.0,746.9000244140625,734.0499877929688,742.75,2212779.0,742.8862915039062,751.6840209960938,740.34521484375,746.9720458984375,5951646.0,741.7000122070312,0.0014156502301305718,0.0071080404538736985,-0.005692390223743127,3.240330645936632e-05
2023-07-06,742.4000244140625,745.9000244140625,738.2000122070312,740.0499877929688,1949877.0,739.9033203125,746.0894165039062,737.6639404296875,740.6675415039062,5475170.0,742.75,-0.0036351561185207215,-0.0028037138957842656,-0.000831442222736456,6.912961697489384e-07
2023-07-07,739.9500122070312,740.0,716.2000122070312,718.7000122070312,4248724.0,744.311767578125,750.6399536132812,740.7769775390625,744.169677734375,7563414.0,740.0499877929688,-0.02884936955354722,0.005566772528018404,-0.034416142081565626,0.0011844708357785123
2023-07-10,722.0,730.0,708.0,720.0999755859375,5135483.0,722.291748046875,727.5728149414062,715.8177490234375,720.228759765625,2444301.0,718.7000122070312,0.0019479106096118581,0.0021271010611216834,-0.00017919045150982527,3.210921791229504e-08
2023-07-11,723.9500122070312,732.4500122070312,719.0499877929688,729.9000244140625,2716491.0,718.070556640625,726.6732177734375,713.6214599609375,720.635009765625,5008596.5,720.0999755859375,0.013609289210363862,0.0007429998581129915,0.01286628935225087,0.00016554140169584413
2023-07-12,731.8499755859375,732.4500122070312,722.0,724.2000122070312,1349350.0,729.7442626953125,736.1890258789062,724.9955444335938,729.9749755859375,4954336.5,729.9000244140625,-0.007809305406732969,0.00010268690144954462,-0.007911992308182514,6.259962228473927e-05
2023-07-13,724.9500122070312,729.25,715.0,717.2000122070312,1378288.0,726.9617309570312,730.30322265625,722.395263671875,723.9965209960938,2383736.0,724.2000122070312,-0.00966583800332621,-0.0002809875828603259,-0.009384850420465884,8.80754174145187e-05
2023-07-14,718.6500244140625,727.4500122070312,714.7000122070312,726.0999755859375,2043145.0,720.1963500976562,725.3350830078125,716.3748779296875,719.5636596679688,2125932.0,717.2000122070312,0.012409318498919797,0.003295660095799402,0.009113658403120395,8.305876948876698e-05
2023-07-17,730.2000122070312,742.7999877929688,730.0999755859375,731.0499877929688,2683898.0,726.8402099609375,729.0977172851562,721.6285400390625,722.2051391601562,2073100.0,726.0999755859375,0.006817259845018908,-0.005364049795812509,0.012181309640831417,0.00014838430456581242
2023-07-18,731.0,747.5,725.5999755859375,728.1500244140625,4464508.0,738.0279541015625,739.7039794921875,734.087646484375,733.59033203125,2525491.0,731.0499877929688,-0.003966846901483745,0.0034749254916897065,-0.007441772393173451,5.5379976351798515e-05
2023-07-19,731.9000244140625,735.4500122070312,729.0,731.4000244140625,1039827.0,734.6135864257812,738.2281494140625,732.6258544921875,733.16845703125,2787408.0,728.1500244140625,0.004463365915032824,0.0068920311047517835,-0.0024286651897189593,5.8984146037526284e-06
2023-07-20,733.4500122070312,735.9500122070312,728.0999755859375,732.4500122070312,1423489.0,732.140625,733.210205078125,728.0079345703125,726.4646606445312,1831185.0,731.4000244140625,0.001435586215368101,-0.006747831015571859,0.00818341723093996,6.696831757564505e-05
2023-07-21,728.7999877929688,735.3499755859375,726.2999877929688,728.4500122070312,1491198.0,732.0084838867188,733.306396484375,726.1741333007812,725.7642211914062,3397402.0,732.4500122070312,-0.005461123535170809,-0.009127982666665924,0.003666859131495115,1.3445855890229108e-05
2023-07-24,730.0,740.25,728.4500122070312,735.2999877929688,1919024.0,731.14892578125,736.8299560546875,730.556396484375,732.8893432617188,2069686.0,728.4500122070312,0.00940349436632415,0.006094215087233401,0.003309279279090749,1.0951329347019386e-05
2023-07-25,737.6500244140625,752.0,733.1500244140625,749.25,3210148.0,732.3505249023438,738.1680297851562,731.0496215820312,733.0751342773438,3972717.0,735.2999877929688,0.018971865141603983,-0.003025776625269594,0.021997641766873577,0.00048389624330370085
2023-07-26,752.9500122070312,765.4000244140625,745.0,752.6500244140625,5868377.0,753.7023315429688,766.6517944335938,752.5084838867188,760.7510375976562,8117352.0,749.25,0.004537903789205933,0.015350066863738743,-0.01081216307453281,0.0001169028703502908
2023-07-27,753.9000244140625,758.8499755859375,741.9000244140625,748.75,2243079.0,756.5108032226562,758.0120239257812,751.2408447265625,750.2660522460938,4342840.5,752.6500244140625,-0.005181723626593415,-0.0031674378404819015,-0.0020142857861115138,4.057347228130879e-06
2023-07-28,750.0,760.7999877929688,743.0999755859375,755.7000122070312,3257195.0,753.448974609375,757.2190551757812,739.4664916992188,738.0067138671875,3446684.0,748.75,0.00928215319803849,-0.01434829533597659,0.02363044853401508,0.0005583980979187355
2023-07-31,758.6500244140625,780.0,754.4000244140625,777.8499755859375,5854918.0,755.7077026367188,765.01953125,752.4031982421875,760.0480346679688,3310472.5,755.7000122070312,0.029310524045403907,0.00575363555736752,0.023556888488036387,0.0005549269952377813
2023-08-01,778.9500122070312,781.0,761.5999755859375,765.3499755859375,2590545.0,772.1366577148438,779.362548828125,767.72216796875,772.9268188476562,4376367.5,777.8499755859375,-0.016069936867432633,-0.006329185437812357,-0.009740751429620276,9.488223841364945e-05
2023-08-02,767.0,773.9000244140625,751.5499877929688,761.4500122070312,3017482.0,769.938232421875,779.7838745117188,769.1200561523438,774.98046875,2301416.0,765.3499755859375,-0.005095660159811888,0.012583123370049965,-0.017678783529861852,0.0003125393870957147
2023-08-03,761.4500122070312,779.5,753.4000244140625,773.3499755859375,4135776.0,764.6614990234375,768.1070556640625,756.4580688476562,759.7579345703125,3958426.75,761.4500122070312,0.015628029664632503,-0.0022221782252184186,0.017850207889850922,0.0003186299217108961
2023-08-04,776.4500122070312,779.9000244140625,768.75,775.25,2758619.0,770.1864624023438,775.6610717773438,765.6317749023438,769.6222534179688,1725383.0,773.3499755859375,0.0024568752492981627,-0.004820226657593629,0.007277101906891792,5.295621216328815e-05
2023-08-07,777.0499877929688,794.6500244140625,771.2000122070312,791.4000244140625,4175164.0,772.5482788085938,778.547119140625,767.4923095703125,772.8294677734375,3346946.0,775.25,0.02083202117260563,-0.0031222602084005624,0.023954281381006193,0.0005738075964804199
2023-08-08,793.75,805.0,764.2999877929688,784.2000122070312,11993737.0,781.4153442382812,783.7008666992188,769.8426513671875,772.5758666992188,2685856.0,791.4000244140625,-0.009097816508613299,-0.023785894786622963,0.014688078278009664,0.00021573964350093933
2023-08-09,792.7000122070312,806.8499755859375,784.0,791.0999755859375,7007648.0,781.6400146484375,786.2950439453125,773.0237426757812,778.012451171875,5059465.0,784.2000122070312,0.0087987289868654,-0.0078902842882419,0.0166890132751073,0.0002785231640967077
2023-08-10,793.0,819.7999877929688,792.0,802.7999877929688,8064730.0,790.4759521484375,799.0664672851562,786.9472045898438,792.7403564453125,2609908.0,791.0999755859375,0.014789549447736361,0.0020735443180364133,0.012716005129699948,0.0001616967864585554
2023-08-11,806.9000244140625,810.4500122070312,794.25,801.0499877929688,9040236.0,805.470703125,816.4454956054688,801.9132080078125,810.0185546875,4275066.0,802.7999877929688,-0.00217987048655921,0.008991737673509803,-0.011171608160069013,0.00012480482888212055
2023-08-14,781.0,794.2000122070312,771.0999755859375,787.1500244140625,17841454.0,796.4400024414062,798.4451293945312,765.7388305664062,771.79248046875,15161108.0,801.0499877929688,-0.017352179752480934,-0.03652394703210504,0.019171767279624108,0.00036755666062406555
2023-08-16,786.0,786.0,772.4500122070312,776.0999755859375,11481440.0,786.212890625,800.1262817382812,774.8922119140625,780.7670288085938,7203274.0,787.1500244140625,-0.014038046732388065,-0.008108994991418705,-0.00592905174096936,3.51536545470918e-05
2023-08-17,778.0,813.5999755859375,776.8499755859375,809.6500244140625,14011644.0,778.981201171875,783.787841796875,764.8165283203125,771.4747314453125,10287208.0,776.0999755859375,0.04322902961412356,-0.0059595983586174794,0.04918862797274104,0.0024195211218407224
2023-08-18,807.0,849.5999755859375,804.2999877929688,835.9000244140625,22502392.0,811.5520629882812,814.7598266601562,795.6146240234375,799.5198364257812,8003063.5,809.6500244140625,0.03242141568389001,-0.012511810884724417,0.044933226568614426,0.0020189948498664373
2023-08-21,840.0999755859375,864.0999755859375,838.5,858.1500244140625,17432300.0,825.6148681640625,828.8505859375,801.5828857421875,807.9296264648438,9056412.0,835.9000244140625,0.02661801573172151,-0.033461415399317684,0.060079431131039196,0.0036095380450292818
2023-08-22,863.9000244140625,869.0,853.3499755859375,854.5,8037324.0,853.2470703125,857.6959228515625,841.5332641601562,844.3071899414062,7043974.0,858.1500244140625,-0.00425336399256615,-0.016131019144476566,0.011877655151910416,0.00014107869190770403
2023-08-23,858.5499877929688,862.4500122070312,820.0999755859375,825.7000122070312,4748732.0,855.901123046875,860.73486328125,847.1231689453125,850.0057373046875,6266846.0,854.5,-0.03370390613571528,-0.005259523341500927,-0.02844438279421435,0.0008090829125437974
2023-08-24,834.0,844.4000244140625,820.2000122070312,822.3499755859375,4692796.0,826.6651000976562,837.533935546875,818.9862060546875,826.7163696289062,5383312.0,825.7000122070312,-0.004057207910339478,0.0012309039685713952,-0.005288111878910873,2.796412724387828e-05
2023-08-25,823.0,830.4000244140625,803.5,806.5999755859375,4442243.0,826.40771484375,850.6502685546875,824.2648315429688,842.6155395507812,7428769.5,822.3499755859375,-0.019152429583010444,0.024643478526772178,-0.04379590810978262,0.0019180815671605233
2023-08-28,816.0,824.0,798.5,807.4500122070312,5067265.0,813.7457885742188,828.1609497070312,810.144775390625,819.9337158203125,4698563.0,806.5999755859375,0.001053851533377781,0.016530796724471664,-0.015476945191093883,0.00023953583244812405
2023-08-29,809.5,830.7999877929688,800.0499877929688,823.5499877929688,5935085.0,814.2171630859375,836.0189208984375,811.93212890625,829.048095703125,4016754.5,807.4500122070312,0.019939284590424267,0.026748508476777344,-0.006809223886353077,4.636552993448131e-05
2023-08-30,828.0,833.0,816.5999755859375,818.7000122070312,8592012.0,826.0104370117188,836.7703247070312,812.6256103515625,819.9224853515625,6635288.0,823.5499877929688,-0.005889108928208375,-0.0044047143405679945,-0.0014843945876403808,2.203427291816056e-06
2023-08-31,803.9000244140625,810.9000244140625,787.7000122070312,792.2000122070312,9998925.0,822.259521484375,841.9651489257812,817.9378662109375,833.4450073242188,7995265.0,818.7000122070312,-0.03236838842662526,0.01801025393591771,-0.05037864236254297,0.002538007606293009
2023-09-01,780.0,808.0,779.6500244140625,799.5,11900199.0,790.314453125,812.3817749023438,787.7858276367188,803.7244262695312,4562561.5,792.2000122070312,0.009214829185159035,0.01454735405821772,-0.005332524873058686,2.8435821521789555e-05
2023-09-04,807.5499877929688,811.75,795.5499877929688,801.0499877929688,12522148.0,796.40185546875,809.9223022460938,790.8451538085938,800.7767944335938,4036684.0,799.5,0.001938696426477593,0.0015969911614681642,0.00034170526500942877,1.1676248813516395e-07
2023-09-05,805.0,810.9000244140625,797.5,804.9500122070312,10483413.0,795.7120361328125,809.8615112304688,790.5341796875,802.0485229492188,5689718.5,801.0499877929688,0.004868640501209942,0.001246532889915164,0.003622107611294778,1.3119663547799563e-05
2023-09-06,806.0,808.5,800.4500122070312,807.0499877929688,6729598.0,804.8828735351562,823.5009765625,800.06494140625,815.1707153320312,9490058.0,804.9500122070312,0.002608827323549834,0.012697314081624222,-0.010088486758074389,0.00010177756506784229
2023-09-07,809.7000122070312,812.9500122070312,805.0499877929688,809.9000244140625,9787939.0,807.1912841796875,814.7855224609375,794.2742919921875,800.8104248046875,6275139.5,807.0499877929688,0.003531425146152012,-0.007731321581881834,0.011262746728033846,0.0001268494638598371
2023-09-08,810.9000244140625,828.7999877929688,810.1500244140625,825.0,11683222.0,807.0656127929688,813.16162109375,793.7797241210938,799.689453125,7262693.0,809.9000244140625,0.01864424636468165,-0.012607199631151422,0.03125144599583307,0.000976652876830471
2023-09-11,840.0,887.2000122070312,835.0,882.4500122070312,20638175.0,828.8654174804688,842.3629150390625,821.27587890625,831.5586547851562,9934044.0,825.0,0.06963637843276516,0.007949884588068112,0.06168649384469704,0.0038052235228518464
2023-09-12,889.5,889.5,853.0499877929688,858.75,8036897.0,868.7352905273438,880.3126831054688,855.1739501953125,865.5601196289062,12553327.0,882.4500122070312,-0.026857059186567223,-0.019139772615428874,-0.007717286571138349,5.9556512021072293e-05
2023-09-13,859.0,867.2000122070312,843.1500244140625,849.7000122070312,7180448.0,863.8535766601562,874.6697998046875,854.830322265625,863.7496948242188,5101767.5,858.75,-0.010538559293122307,0.005822060930676942,-0.01636062022379925,0.000267669894107389
2023-09-14,854.0499877929688,857.8499755859375,841.0,849.7999877929688,6234825.0,844.9581298828125,850.2448120117188,825.779541015625,832.2728881835938,9104391.0,849.7000122070312,0.00011765986171741183,-0.020509737287365493,0.020627397149082904,0.00042548951314599356
2023-09-15,846.0,854.5999755859375,841.5,845.6500244140625,4013431.0,848.3858642578125,851.893310546875,829.843994140625,835.59619140625,6071186.0,849.7999877929688,-0.0048834589768401715,-0.016714281702460032,0.01183082272561986,0.00013996836636504334
2023-09-18,848.0499877929688,848.0499877929688,828.1500244140625,831.25,2801202.0,842.0072631835938,848.0672607421875,830.5889892578125,836.6837158203125,4813438.0,845.6500244140625,-0.01702834978812906,-0.010602859734986203,-0.006425490053142857,4.12869224230378e-05
2023-09-20,832.0,837.5999755859375,815.0,818.0499877929688,3016411.0,829.4095458984375,835.0638427734375,818.4359130859375,823.8646850585938,2943065.5,831.25,-0.0158797139332707,-0.008884589403195475,-0.006995124530075225,4.893176719126014e-05
2023-09-21,821.1500244140625,842.4000244140625,820.0,831.0999755859375,6437320.0,825.4248046875,831.4840087890625,814.3067016601562,820.4277954101562,2691817.75,818.0499877929688,0.015952555452236616,0.002906677651328682,0.013045877800907935,0.00017019492759622244
2023-09-22,833.9000244140625,838.7000122070312,822.0999755859375,827.0499877929688,3156509.0,834.7034912109375,843.4432373046875,816.941650390625,821.1648559570312,4602856.5,831.0999755859375,-0.004873045255612496,-0.011954181110283235,0.007081135854670739,5.01424849923035e-05
2023-09-25,828.7000122070312,831.7000122070312,818.9500122070312,825.6500244140625,2395763.0,832.25732421875,844.3975219726562,825.0169677734375,835.6349487304688,3623064.0,827.0499877929688,-0.0016927191821163312,0.010380220136886109,-0.01207293931900244,0.00014575586380031512
2023-09-26,826.0999755859375,831.0,819.0,821.3499755859375,1569635.0,819.72802734375,827.6585083007812,809.3155517578125,816.4585571289062,3572564.25,825.6500244140625,-0.0052080769102824664,-0.011132401154689164,0.005924324244406698,3.5097617752864995e-05
2023-09-27,825.7999877929688,833.0,821.5,830.7000122070312,2463842.0,825.0473022460938,834.9177856445312,816.807373046875,826.1824951171875,2975264.0,821.3499755859375,0.011383742495911786,0.005883630212325297,0.005500112283586489,3.0251235132058984e-05
2023-09-28,833.25,841.3499755859375,819.1500244140625,823.0999755859375,5057959.0,826.8406982421875,834.6895141601562,818.8012084960938,825.6134643554688,2537931.25,830.7000122070312,-0.009148954507538387,-0.006123206665241798,-0.003025747842296589,9.155150005162464e-06
2023-09-29,826.5,832.5,822.2999877929688,825.1500244140625,1468496.0,821.6572875976562,825.3603515625,806.43994140625,811.1434936523438,3207777.75,823.0999755859375,0.0024906437722411745,-0.014526159990567722,0.017016803762808896,0.000289571610301947
2023-10-03,826.0,836.75,824.25,831.4000244140625,2453090.0,830.3026123046875,836.39794921875,810.7967529296875,813.8701171875,3199388.75,825.1500244140625,0.007574380191575525,-0.013670128937549708,0.021244509129125233,0.00045132916813748537
2023-10-04,830.9500122070312,845.4500122070312,819.3499755859375,824.5999755859375,4096647.0,829.2763671875,837.6342163085938,821.7446899414062,828.4935913085938,2333938.0,831.4000244140625,-0.00817903371234252,-0.003495829949628715,-0.004683203762713806,2.1932397483096746e-05
2023-10-05,830.8499755859375,832.0,820.25,825.2000122070312,2083505.0,823.6521606445312,830.4755249023438,813.4917602539062,820.2720947265625,3180981.5,824.5999755859375,0.0007276699476825854,-0.005248461056889697,0.005976131004572283,3.571414178381012e-05
2023-10-06,830.0,836.5,826.4000244140625,830.75,1877058.0,822.9783935546875,828.8563232421875,810.7935791015625,816.4386596679688,3780329.5,825.2000122070312,0.006725627376234611,-0.01061724722425772,0.01734287460049233,0.000300775299408402
2023-10-09,815.0,818.7999877929688,785.0,790.0499877929688,5994282.0,827.1242065429688,831.982666015625,815.4608154296875,820.8466796875,2941733.25,830.75,-0.04899188950590583,-0.011920939286789056,-0.03707095021911677,0.0013742553501482338
2023-10-10,800.5499877929688,823.7000122070312,800.5499877929688,819.5,7591327.0,798.5797729492188,813.533935546875,785.513671875,792.1444091796875,3400913.5,790.0499877929688,0.037276137791357744,0.0026509985685456705,0.034625139222812074,0.001198900266199119
2023-10-11,827.4000244140625,827.4000244140625,812.3499755859375,814.8499755859375,3281387.0,819.8719482421875,829.6234130859375,810.5311279296875,820.9799194335938,4216352.0,819.5,-0.005674221371644306,0.0018058809439827073,-0.007480102315627013,5.5951930652248604e-05
2023-10-12,818.5499877929688,823.25,812.5499877929688,814.9500122070312,2563606.0,817.711669921875,822.1904907226562,806.8352661132812,810.9979858398438,2171811.25,814.8499755859375,0.00012276691917656457,-0.004727237972025344,0.004850004891201909,2.352254744468244e-05
2023-10-13,812.0,824.7999877929688,805.8499755859375,813.75,3801000.0,818.53515625,825.9120483398438,811.321044921875,817.714599609375,2218460.75,814.9500122070312,-0.0014724979312306097,0.0033923398502158086,-0.004864837781446418,2.366664663978851e-05
2023-10-16,818.5,818.5,803.25,805.6500244140625,2664794.0,815.0924682617188,821.3665771484375,806.6925048828125,811.969970703125,2253696.25,813.75,-0.009953887048771093,-0.002187439996159779,-0.007766447052611314,6.0317699821014966e-05
2023-10-17,812.0,814.4000244140625,804.0,805.0999755859375,2162192.0,812.6637573242188,819.1517333984375,804.767822265625,810.1422119140625,2188788.0,805.6500244140625,-0.0006827391689400164,0.005575854730802021,-0.006258593899742038,3.916999760188825e-05
2023-10-18,808.9500122070312,809.0499877929688,795.4000244140625,798.5999755859375,2271927.0,811.004638671875,817.5486450195312,803.5587158203125,808.9032592773438,2183016.5,805.0999755859375,-0.008073531483179353,0.004723989326466338,-0.01279752080964569,0.00016377653887331449
2023-10-19,796.75,797.2999877929688,787.4500122070312,792.8499755859375,2862500.0,804.35009765625,810.0030517578125,792.6431884765625,797.8583374023438,3585355.5,798.5999755859375,-0.007200100395421627,-0.000928672935470054,-0.006271427459951573,3.9330802385434636e-05
2023-10-20,791.7999877929688,803.0,788.6500244140625,793.6500244140625,2434862.0,792.13330078125,798.4152221679688,784.087890625,790.1326904296875,2753331.25,792.8499755859375,0.0010090797159119091,-0.0034272374849250165,0.004436317200836926,1.9680910306441576e-05
2023-10-23,793.6500244140625,795.7999877929688,769.9000244140625,771.4500122070312,2002377.0,797.3927612304688,806.8230590820312,791.396728515625,799.477294921875,2939463.25,793.6500244140625,-0.02797204249243379,0.007342367956347795,-0.035314410448781586,0.0012471075853450141
2023-10-25,772.5,783.3499755859375,761.0499877929688,769.0999755859375,2581498.0,770.015380859375,798.23291015625,756.796142578125,768.783447265625,5740421.0,771.4500122070312,-0.0030462591015723017,-0.0034565621870658036,0.0004103030854935019,1.6834862196548793e-07
2023-10-26,764.0,771.7999877929688,754.5,770.3499755859375,3855358.0,767.0800170898438,771.4669189453125,755.8583984375,760.7591552734375,2123963.25,769.0999755859375,0.0016252763485626875,-0.01084491038521429,0.012470186733776978,0.00015550555717526733
2023-10-27,774.9000244140625,786.4000244140625,773.0499877929688,782.4000244140625,2995404.0,771.8213500976562,779.8382568359375,768.73583984375,774.4585571289062,2786232.75,770.3499755859375,0.01564230442009107,0.005333396083830211,0.010308908336260858,0.00010627359108542861
2023-10-30,785.9000244140625,794.4000244140625,779.7999877929688,785.0,3522068.0,785.1566162109375,793.6395263671875,768.0936889648438,774.6351318359375,2422828.5,782.4000244140625,0.0033230770766969897,-0.009924453394464128,0.013247530471161117,0.0001754970635843423
2023-10-31,789.7999877929688,791.0999755859375,782.5,784.75,2825760.0,788.0563354492188,797.3084716796875,781.8772583007812,790.2249145507812,2074277.5,785.0,-0.0003184713375796733,0.006655942102905987,-0.006974413440485661,4.864244283882703e-05
2023-11-01,784.75,790.5,767.2000122070312,769.0999755859375,2693768.0,788.9826049804688,803.9746704101562,786.5513916015625,798.6783447265625,3688627.0,784.75,-0.019942688007725362,0.0177487667748486,-0.03769145478257396,0.0014206457636268177
2023-11-02,776.9000244140625,783.5,772.0499877929688,774.2999877929688,1741799.0,774.9483032226562,782.6488037109375,769.905029296875,777.65380859375,1657792.0,769.0999755859375,0.006761165481860232,0.011121873981722263,-0.004360708499862032,1.901577862076897e-05
2023-11-03,780.0,798.7999877929688,777.2999877929688,795.4000244140625,4310765.0,779.4659423828125,789.6717529296875,773.799072265625,782.1180419921875,3816053.25,774.2999877929688,0.027250467459306593,0.010096931838398993,0.0171535356209076,0.0002942437842977459
2023-11-06,801.5,806.25,799.2999877929688,802.5,2270316.0,797.4601440429688,804.1458129882812,789.83203125,795.6448974609375,3242718.25,795.4000244140625,0.00892629540861245,0.0003078615028397902,0.00861843390577266,7.427740298817178e-05
2023-11-07,803.0,808.4000244140625,796.0,797.5499877929688,2394891.0,804.1830444335938,813.8225708007812,798.5067138671875,806.0292358398438,3389444.5,802.5,-0.006168239510319307,0.0043978016695871425,-0.010566041179906449,0.00011164122621547887
2023-11-08,802.0,823.7999877929688,800.0499877929688,818.7000122070312,5123208.0,802.737548828125,811.7013549804688,796.859619140625,803.671142578125,2962830.0,797.5499877929688,0.026518744577490594,0.007674948127195158,0.018843796450295436,0.00035508866466016684
2023-11-09,825.0,827.7000122070312,798.0999755859375,806.2000122070312,4982049.0,816.709716796875,822.166259765625,808.1253662109375,812.851806640625,2511922.0,818.7000122070312,-0.015268107748408144,-0.007143282617818492,-0.008124825130589652,6.601278340266116e-05
2023-11-10,808.0,818.7999877929688,806.2000122070312,808.5999755859375,3903183.0,803.4353637695312,828.6332397460938,795.1119995117188,819.087158203125,10404210.0,806.2000122070312,0.0029768833323831068,0.01598504812821111,-0.013008164795828003,0.000169212351355419
2023-11-13,810.0,828.0,807.5,809.8499755859375,1050882.0,815.1148071289062,861.5855102539062,810.1068725585938,842.9970703125,10218084.0,808.5999755859375,0.0015458818176370404,0.04253907465386364,-0.0409931928362266,0.0016804418589080599
2023-11-15,818.0,818.0,809.0499877929688,810.75,1694698.0,819.5447387695312,826.4232788085938,811.7872924804688,816.6582641601562,1618246.5,809.8499755859375,0.0011113470904426936,0.00840685161383492,-0.007295504523392227,5.322438625083644e-05
2023-11-16,814.4000244140625,818.4000244140625,808.0999755859375,813.5999755859375,1689762.0,812.3165283203125,818.8170776367188,804.3446655273438,809.8326416015625,2048386.5,810.75,0.0035152335318378025,-0.001131493553422791,0.0046467270852605935,2.159207260489441e-05
2023-11-17,811.7000122070312,821.9500122070312,809.0499877929688,810.0499877929688,3218979.0,813.2109375,822.2164916992188,807.4694213867188,815.1654052734375,2373691.0,813.5999755859375,-0.004363308627697737,0.0019240778447326967,-0.006287386472430434,3.9531228653701216e-05
2023-11-20,810.0499877929688,816.0,801.0999755859375,803.5999755859375,3227659.0,817.1055297851562,825.4595947265625,811.8516235351562,817.7081298828125,1899886.5,810.0499877929688,-0.007962486641848732,0.009453912974813905,-0.017416399616662637,0.00030333097560728646
2023-11-21,805.0,814.9000244140625,799.2999877929688,801.3499755859375,3643664.0,806.0392456054688,808.4952392578125,797.6459350585938,802.82421875,3048054.25,803.5999755859375,-0.0027999005330474613,-0.000965351990425134,-0.0018345485426223274,3.365568355237705e-06
2023-11-22,804.0,804.9500122070312,788.5499877929688,791.9000244140625,3212329.0,804.0289306640625,808.6653442382812,796.170654296875,799.8587036132812,2263145.5,801.3499755859375,-0.011792539414461567,-0.0018609496700437989,-0.009931589744417768,9.863647485142418e-05
2023-11-23,795.0,804.7000122070312,791.4500122070312,793.0999755859375,3776615.0,791.937255859375,799.971435546875,785.1560668945312,795.3135375976562,2629580.25,791.9000244140625,0.0015152811401450972,0.0043105355200858675,-0.0027952543799407703,7.81344704857806e-06
2023-11-24,795.9000244140625,802.9500122070312,785.0,795.5499877929688,4421350.0,789.355712890625,812.1737670898438,783.5285034179688,798.9481201171875,4454508.0,793.0999755859375,0.003089159352477777,0.007373779739344277,-0.0042846203868665,1.8357971859552037e-05
2023-11-28,806.0,854.4000244140625,806.0,837.7000122070312,15929818.0,798.165771484375,803.7921752929688,791.6356201171875,796.3802490234375,2966821.0,795.5499877929688,0.05298224506419258,0.001043631755651253,0.051938613308541326,0.002697619552414186
2023-11-29,850.0,850.0,833.2999877929688,835.5499877929688,8057644.0,840.078125,842.6226806640625,821.1749267578125,825.5662231445312,4980506.0,837.7000122070312,-0.0025665803780974272,-0.01448464711195585,0.011918066733858423,0.0001420403146727028
2023-11-30,839.0,839.0,823.0,825.5,5998210.0,842.7708740234375,866.7968139648438,837.90966796875,856.5687866210938,9896002.0,835.5499877929688,-0.012027991071503541,0.025155644946682765,-0.037183636018186306,0.001382622787532962
2023-12-01,839.2000122070312,839.2000122070312,825.5,827.7999877929688,2932775.0,832.5391845703125,842.4827270507812,826.474365234375,833.4716186523438,3091002.5,825.5,0.0027861754003255523,0.009656715508593372,-0.00687054010826782,4.7204321379316785e-05
2023-12-04,865.0,883.3499755859375,858.5,878.6500244140625,11064795.0,836.355712890625,846.0047607421875,829.7998046875,837.8921508789062,3762460.5,827.7999877929688,0.06142792627560567,0.0121915477588308,0.04923637851677487,0.00242422096944713
2023-12-05,884.0,1024.300048828125,880.0,1013.0999755859375,46564412.0,873.7724609375,878.15771484375,859.367431640625,864.1685180664062,4310634.0,878.6500244140625,0.15301877589036028,-0.016481540938115158,0.16950031682847544,0.028730357404953555
2023-12-06,1045.0,1082.5,1008.0999755859375,1017.9500122070312,41008947.0,976.404541015625,992.8817138671875,901.6671142578125,916.3151245117188,33701460.0,1013.0999755859375,0.00478732280917149,-0.09553336630794229,0.10032068911711378,0.010064240664932592
2023-12-07,1029.0,1058.75,1021.6500244140625,1039.6500244140625,14840081.0,972.5557861328125,980.9305419921875,899.18017578125,917.032958984375,38616188.0,1017.9500122070312,0.02131736524073835,-0.09913753328992714,0.12045489853066549,0.014509382580032919
2023-12-08,1048.0,1055.0,992.2999877929688,1022.9500122070312,12202462.0,1013.7931518554688,1030.35009765625,969.579833984375,981.4392700195312,16461357.0,1039.6500244140625,-0.01606310952230605,-0.05599072094221158,0.03992761141990553,0.0015942141536989705
2023-12-11,1026.800048828125,1048.0,1015.6500244140625,1031.9000244140625,7889666.0,988.9821166992188,1011.3060302734375,925.585693359375,932.3510131835938,13046840.0,1022.9500122070312,0.008749217557289413,-0.08856639908334196,0.09731561664063137,0.00947032924214633
2023-12-12,1037.050048828125,1048.449951171875,1023.25,1041.949951171875,4902289.0,1012.10888671875,1021.37451171875,938.3455810546875,953.589111328125,20589256.0,1031.9000244140625,0.009739244616763232,-0.07589001960766917,0.0856292642244324,0.0073323708916176586
2023-12-13,1045.0,1075.0,1028.800048828125,1063.5,8151639.0,1037.2366943359375,1049.1168212890625,988.7750244140625,1003.4085693359375,6360336.0,1041.949951171875,0.020682422225643204,-0.03698966710693752,0.05767208933258072,0.003326069887985171
2023-12-14,1080.0,1089.9000244140625,1063.0,1074.699951171875,8004131.0,1034.451416015625,1042.7445068359375,978.2974243164062,992.2401123046875,9034300.0,1063.5,0.01053121877938401,-0.06700506600405498,0.07753628478343899,0.006011875458018553
2023-12-15,1079.0,1086.5,1067.050048828125,1078.550048828125,11672787.0,1056.614501953125,1071.6715087890625,1011.1804809570312,1028.3524169921875,9472617.0,1074.699951171875,0.003582486118150152,-0.04312602241132435,0.0467085085294745,0.002181684769047992
2023-12-18,1079.0,1102.4000244140625,1072.75,1094.300048828125,5448342.0,1100.1094970703125,1105.424560546875,973.367919921875,1013.7929077148438,18207544.0,1078.550048828125,0.014602938470136717,-0.06004092363042557,0.07464386210056229,0.005571706149287758
2023-12-19,1095.0,1099.0,1068.5999755859375,1074.0,5993252.0,1064.412109375,1082.1312255859375,1039.6837158203125,1061.590576171875,7874622.0,1094.300048828125,-0.01855071545492859,-0.02989077144909047,0.01134005599416188,0.00012859686995072677
2023-12-20,1078.0,1083.8499755859375,1005.0,1012.1500244140625,8467564.0,1057.34765625,1082.9423828125,1041.42431640625,1068.05322265625,8021785.5,1074.0,-0.057588431644262084,-0.005537036632914383,-0.0520513950113477,0.0027093477226273525
2023-12-21,996.1500244140625,1028.0,989.25,1018.9500122070312,5352057.0,1032.77734375,1064.6724853515625,1019.1499633789062,1048.9208984375,6768711.0,1012.1500244140625,0.006718359560288878,0.036329470075075365,-0.029611110514786487,0.0008768178659188989
2023-12-22,1034.0,1050.949951171875,1019.0,1027.5,5252106.0,1016.9764404296875,1030.388671875,972.0250244140625,984.0460205078125,5062551.0,1018.9500122070312,0.008390978645212988,-0.034254861652748936,0.04264584029796192,0.0018186676947192732
2023-12-26,1034.0999755859375,1041.0,1026.0999755859375,1028.75,2176775.0,1042.577392578125,1062.285888671875,1026.282958984375,1045.385498046875,3874139.75,1027.5,0.0012165450121655041,0.01740681075121664,-0.016190265739051135,0.00026212470470109297
2023-12-27,1037.0,1037.050048828125,1018.0,1024.4000244140625,2803997.0,1027.436767578125,1040.84716796875,1006.9256591796875,1019.9428100585938,3993736.75,1028.75,-0.004228408832017028,-0.008561059481318356,0.004332650649301328,1.877186164889122e-05
2023-12-28,1029.550048828125,1031.199951171875,1014.6500244140625,1016.9500122070312,4865603.0,1035.078857421875,1056.52197265625,1022.348388671875,1041.9508056640625,3301010.5,1024.4000244140625,-0.007272561528190669,0.017132741928660877,-0.024405303456851546,0.00059561883682101
2023-12-29,1021.7999877929688,1034.9000244140625,1017.5999755859375,1024.3499755859375,2429250.0,1025.593017578125,1041.9896240234375,1011.9223022460938,1028.326904296875,3196644.0,1016.9500122070312,0.007276624504725104,0.011187267764669384,-0.00391064325994428,1.5293130706547623e-05
2024-01-01,1026.550048828125,1057.949951171875,1023.0,1047.8499755859375,3989711.0,1028.94775390625,1053.4395751953125,1015.7716674804688,1039.2442626953125,4018976.0,1024.3499755859375,0.022941378005654656,0.014540232795783758,0.008401145209870897,7.057924083733672e-05
2024-01-02,1047.8499755859375,1082.9000244140625,1031.0999755859375,1078.4000244140625,6344621.0,1037.310791015625,1049.908935546875,1017.4366455078125,1031.2667236328125,4065378.0,1047.8499755859375,0.02915498357581381,-0.015825979233193177,0.044980962809006986,0.0020232870152252697
2024-01-03,1105.0,1144.0,1062.75,1094.25,33060778.0,1071.689697265625,1079.3443603515625,1038.4609375,1049.70703125,4235631.5,1078.4000244140625,0.014697677324839953,-0.026607003444433897,0.04130468076927385,0.0017060766534516209
2024-01-04,1117.0,1131.0,1103.550048828125,1123.199951171875,9771995.0,1114.776611328125,1125.2318115234375,1072.2891845703125,1084.5364990234375,13560725.0,1094.25,0.026456432416609443,-0.008876857186714604,0.03533328960332405,0.0012484413541923671
2024-01-05,1129.0999755859375,1160.0,1125.4000244140625,1154.25,10622789.0,1109.883544921875,1122.633544921875,1072.7298583984375,1088.063232421875,12251952.0,1123.199951171875,0.027644275443325483,-0.03128269255473226,0.058926967998057744,0.0034723875574441216
2024-01-08,1160.0,1182.0,1152.0,1168.8499755859375,8760094.0,1141.79736328125,1167.23779296875,1119.25244140625,1146.38427734375,8691751.0,1154.25,0.012648885064706628,-0.006814574534329654,0.01946345959903628,0.0003788262595633176
2024-01-09,1182.0,1229.9000244140625,1178.5,1197.0999755859375,14701104.0,1142.5191650390625,1150.8773193359375,1091.9871826171875,1106.10986328125,7705703.0,1168.8499755859375,0.024169055558938224,-0.05367678796693842,0.07784584352587665,0.0060599753542552705
2024-01-10,1220.0,1220.0,1197.0,1214.3499755859375,7036728.0,1156.6658935546875,1173.4432373046875,1129.487548828125,1147.9136962890625,6273796.5,1197.0999755859375,0.014409824034585572,-0.04108786258457664,0.05549768661916221,0.0030799932200787365
2024-01-11,1221.0,1223.5999755859375,1200.0,1202.949951171875,3721202.0,1190.162353515625,1205.6904296875,1161.9453125,1180.442626953125,7274296.5,1214.3499755859375,-0.00938775858957952,-0.027922221200236685,0.018534462610657165,0.00034352630426584844
2024-01-12,1210.4000244140625,1218.75,1201.050048828125,1207.0999755859375,3912779.0,1197.52685546875,1212.5655517578125,1175.4058837890625,1191.67822265625,4748306.5,1202.949951171875,0.0034498728812613066,-0.00937007271553103,0.012819945596792337,0.00016435100510471523
2024-01-15,1214.0,1215.3499755859375,1189.0999755859375,1203.0999755859375,2825654.0,1182.545654296875,1198.0843505859375,1140.672119140625,1154.057861328125,12055576.0,1207.0999755859375,-0.0033137271815935065,-0.0439417739463257,0.040628046764732195,0.0016506381839172662
2024-01-16,1203.5999755859375,1212.0,1186.800048828125,1193.3499755859375,3173587.0,1206.4696044921875,1221.4051513671875,1187.93505859375,1203.9163818359375,4284157.0,1203.0999755859375,-0.008104064664494315,0.000678585542820187,-0.008782650207314502,7.713494466404146e-05
2024-01-17,1180.0,1204.699951171875,1159.449951171875,1166.8499755859375,5268593.0,1185.0677490234375,1195.8656005859375,1162.60986328125,1177.5648193359375,3818463.25,1193.3499755859375,-0.02220639421975812,-0.013227600094640635,-0.008978794125117484,8.061874394124425e-05
2024-01-18,1171.050048828125,1184.300048828125,1143.449951171875,1154.050048828125,5918594.0,1181.7724609375,1194.3031005859375,1160.75341796875,1173.9971923828125,4615418.0,1166.8499755859375,-0.010969642221044684,0.0061252234189626,-0.017094865640007284,0.00029223443124990167
2024-01-19,1162.25,1166.800048828125,1150.0,1152.449951171875,2732559.0,1136.572265625,1141.7825927734375,1106.74609375,1115.50146484375,4253500.5,1154.050048828125,-0.001386506293964307,-0.03340287019919019,0.032016363905225886,0.001025047557711851
2024-01-23,1199.1500244140625,1207.199951171875,1130.25,1137.0999755859375,7201014.0,1166.7501220703125,1181.4178466796875,1149.61181640625,1163.7161865234375,4345000.0,1152.449951171875,-0.01331942924751639,0.00977589989058214,-0.02309532913809853,0.000533394227997103
2024-01-24,1138.0,1146.75,1118.3499755859375,1120.5999755859375,18373913.0,1143.3267822265625,1162.9169921875,1128.772705078125,1145.9219970703125,4237937.0,1137.0999755859375,-0.014510597444607032,0.007758351661056873,-0.022268949105663904,0.0004959060942706492
2024-01-25,1122.1500244140625,1155.75,1111.5999755859375,1146.300048828125,4305042.0,1109.4271240234375,1129.65283203125,1083.84912109375,1101.232666015625,9553093.0,1120.5999755859375,0.022934208283156066,-0.017282982323987395,0.04021719060714346,0.0016174224203313083
2024-01-29,1155.0,1204.9000244140625,1151.0,1196.6500244140625,6768033.0,1143.564453125,1163.0118408203125,1128.9083251953125,1143.7291259765625,6294490.5,1146.300048828125,0.043923905994255996,-0.0022428009613981725,0.04616670695565417,0.002131364831129247
2024-01-30,1200.0,1217.199951171875,1181.0,1187.3499755859375,4683729.0,1213.1507568359375,1230.3582763671875,1188.754638671875,1204.39208984375,6199719.0,1196.6500244140625,-0.007771736630080128,0.006469782536024482,-0.01424151916610461,0.00020282086815852495
2024-01-31,1195.800048828125,1214.25,1191.6500244140625,1207.6500244140625,5510242.0,1197.9842529296875,1208.484375,1171.947265625,1181.24853515625,4449166.0,1187.3499755859375,0.017096937925237476,-0.005138704303822905,0.02223564222906038,0.0004944237853387733
2024-02-01,1213.5999755859375,1239.5,1200.300048828125,1218.8499755859375,7433628.0,1202.1240234375,1213.06005859375,1181.125,1190.059814453125,4573811.0,1207.6500244140625,0.009274169623197714,-0.014565651973113658,0.023839821596311372,0.0005683370937439541
2024-02-02,1233.050048828125,1287.5,1231.699951171875,1261.449951171875,10450227.0,1232.2196044921875,1247.31982421875,1206.2728271484375,1218.9417724609375,7656010.0,1218.8499755859375,0.03495095905093515,7.531433469143423e-05,0.034875644716243714,0.001216310594373658
2024-02-05,1269.5,1291.25,1248.8499755859375,1258.550048828125,5611298.0,1245.3741455078125,1251.510986328125,1174.438720703125,1184.413330078125,11454645.0,1261.449951171875,-0.002298864367195841,-0.061069898985832705,0.058771034618636864,0.0034540345101450125
2024-02-06,1266.0,1284.5999755859375,1248.8499755859375,1273.0999755859375,4408002.0,1249.2908935546875,1251.59521484375,1153.978271484375,1168.56396484375,13523898.0,1258.550048828125,0.011560864640512536,-0.07149980572339087,0.08306067036390341,0.006899074961301022
2024-02-07,1280.0,1286.3499755859375,1252.1500244140625,1255.6500244140625,3359763.0,1255.53955078125,1267.4017333984375,1230.275146484375,1239.08984375,4411364.0,1273.0999755859375,-0.01370666208978899,-0.02671442344524788,0.013007761355458891,0.00016920185548056972
2024-02-08,1264.050048828125,1264.5,1236.75,1245.199951171875,3354609.0,1263.1171875,1277.4267578125,1246.2325439453125,1259.416259765625,3135672.25,1255.6500244140625,-0.008322440997891811,0.0029994307954719357,-0.011321871793363747,0.00012818478090536562
2024-02-09,1252.5999755859375,1275.5,1232.0999755859375,1271.5,3538164.0,1237.8961181640625,1247.53369140625,1209.965087890625,1220.58154296875,5099267.0,1245.199951171875,0.02112114508466978,-0.019770646617803256,0.040891791702473035,0.0016721386286384426
2024-02-12,1278.0,1279.75,1243.9000244140625,1249.3499755859375,2204823.0,1273.3104248046875,1277.416259765625,1225.8494873046875,1236.32861328125,5048987.0,1271.5,-0.017420388843147894,-0.027661334422925732,0.010240945579777838,0.00010487696636797124
2024-02-13,1249.949951171875,1271.0,1226.6500244140625,1264.800048828125,2245009.0,1266.52783203125,1276.4305419921875,1236.9765625,1246.052734375,5063484.5,1249.3499755859375,0.012366489409776138,-0.0026391653862970488,0.015005654796073187,0.00022516967585891424
2024-02-14,1261.949951171875,1281.550048828125,1248.6500244140625,1267.8499755859375,3382943.0,1274.3707275390625,1288.648193359375,1257.886962890625,1272.622314453125,2601685.25,1264.800048828125,0.002411390449137185,0.0061845867512795305,-0.0037731963021423454,1.423701033450067e-05
2024-02-15,1275.0,1277.550048828125,1262.0999755859375,1267.050048828125,3382824.0,1278.0689697265625,1293.209228515625,1262.5462646484375,1278.266357421875,2678655.5,1267.8499755859375,-0.0006309317137012105,0.008215784230404255,-0.008846715944105465,7.826438299568986e-05
2024-02-16,1269.800048828125,1311.0,1265.550048828125,1306.8499755859375,5476230.0,1279.9429931640625,1294.66552734375,1264.098388671875,1279.9844970703125,2793800.5,1267.050048828125,0.031411487489876766,0.010208316754456881,0.021203170735419885,0.00044957444923536625
2024-02-19,1313.4000244140625,1327.0,1302.1500244140625,1307.0,2700240.0,1271.930908203125,1282.193115234375,1249.3912353515625,1261.62060546875,3502485.5,1306.8499755859375,0.00011479849781159679,-0.034609458592910425,0.03472425709072202,0.0012057740305025585
2024-02-20,1311.0,1312.9000244140625,1293.699951171875,1300.5,1856718.0,1283.709716796875,1293.6864013671875,1260.1353759765625,1272.03369140625,3186785.0,1307.0,-0.004973221117061999,-0.026753105274483602,0.021779884157421603,0.0004743633539107045
2024-02-21,1304.800048828125,1315.0,1281.449951171875,1291.0,2770510.0,1294.00341796875,1303.513427734375,1269.821533203125,1281.4359130859375,2992870.5,1300.5,-0.007304882737408702,-0.014659044147683598,0.007354161410274895,5.4083690048376435e-05
2024-02-22,1296.0,1317.0,1281.0,1310.949951171875,2556009.0,1275.147705078125,1287.8753662109375,1259.976806640625,1273.0831298828125,3007637.75,1291.0,0.015453099281080629,-0.013878288239494552,0.02933138752057518,0.0008603302938821534
2024-02-23,1312.050048828125,1332.0,1298.0,1320.699951171875,2924829.0,1277.3839111328125,1290.273193359375,1258.16064453125,1272.37841796875,4282679.5,1310.949951171875,0.007437354867197099,-0.02942258258497621,0.03685993745217331,0.0013586549889781285
2024-02-26,1320.0,1343.0,1316.75,1338.1500244140625,2802425.0,1301.0184326171875,1312.88671875,1285.103759765625,1295.3544921875,1682640.5,1320.699951171875,0.013212746185614632,-0.01919092899328545,0.03240367517890008,0.0010499981650996652
2024-02-27,1336.8499755859375,1339.199951171875,1314.25,1329.449951171875,2197456.0,1362.59130859375,1381.802001953125,1328.053955078125,1349.9498291015625,3968742.25,1338.1500244140625,-0.0065015678985598235,0.008817998335176824,-0.015319566233736648,0.00023468910958984406
2024-02-28,1334.5,1334.9000244140625,1295.1500244140625,1299.5,2121625.0,1300.8525390625,1308.931396484375,1277.0469970703125,1287.161376953125,2408554.5,1329.449951171875,-0.022528077228838095,-0.03180907576210279,0.009280998533264695,8.613693377446142e-05
2024-02-29,1300.0,1329.9000244140625,1293.050048828125,1320.5,2672239.0,1305.8779296875,1318.3516845703125,1290.774658203125,1304.4356689453125,2694719.5,1299.5,0.01616006156213934,0.0037981292384090537,0.012361932323730285,0.00015281737077648763
2024-03-01,1335.0,1349.0,1312.4000244140625,1322.0999755859375,3301090.0,1312.64013671875,1319.8492431640625,1262.34765625,1266.27294921875,3328988.25,1320.5,0.0012116437606493058,-0.04106554394642181,0.04227718770707112,0.0017873606004189253
2024-03-04,1345.25,1356.550048828125,1336.4000244140625,1342.5999755859375,2170214.0,1322.57177734375,1331.028076171875,1303.3955078125,1315.0111083984375,2832457.0,1322.0999755859375,0.01550563526099058,-0.005361823854779457,0.020867459115770037,0.00043545084994833403
2024-03-05,1344.050048828125,1354.949951171875,1334.0,1338.300048828125,1815438.0,1329.8411865234375,1339.255859375,1310.463134765625,1322.0963134765625,2483587.0,1342.5999755859375,-0.0032026864561321977,-0.01527160917787651,0.012068922721744313,0.00014565889566343617
2024-03-06,1342.699951171875,1344.5999755859375,1304.0,1324.800048828125,2758443.0,1318.625,1326.5025634765625,1298.5845947265625,1306.0902099609375,2128231.5,1338.300048828125,-0.010087423976275822,-0.024067725989692534,0.013980302013416712,0.00019544884438634337
2024-03-07,1329.800048828125,1335.3499755859375,1315.0,1325.449951171875,1640786.0,1318.260009765625,1326.17333984375,1300.6490478515625,1308.6458740234375,3120276.0,1324.800048828125,0.000490566364580669,-0.01219367014590389,0.012684236510484559,0.0001608898558539095
2024-03-11,1331.0,1342.3499755859375,1322.050048828125,1326.949951171875,2217673.0,1319.507568359375,1327.08447265625,1301.43896484375,1309.054443359375,2126429.25,1325.449951171875,0.0011316911654595252,-0.012369767563086165,0.01350145872854569,0.0001822893877986226
2024-03-12,1335.0,1346.949951171875,1293.449951171875,1301.300048828125,3139768.0,1321.231201171875,1329.3509521484375,1304.877685546875,1313.2584228515625,2987554.0,1326.949951171875,-0.019329969695614846,-0.010318044254963077,-0.009011925440651769,8.121480014786658e-05
2024-03-13,1307.0,1308.0,1188.0999755859375,1209.550048828125,8670336.0,1296.21533203125,1307.8529052734375,1276.092041015625,1287.1568603515625,3731899.5,1301.300048828125,-0.07050641401468072,-0.010868506836143599,-0.05963790717853712,0.0035566799726358092
2024-03-14,1210.0,1276.0,1195.699951171875,1267.8499755859375,7195603.0,1220.3272705078125,1258.12890625,1211.706298828125,1241.72705078125,4071691.0,1209.550048828125,0.04819968120731888,0.026602455999484853,0.021597225207834025,0.00046644013667790146
2024-03-15,1273.800048828125,1288.8499755859375,1256.6500244140625,1283.0,4024586.0,1267.466552734375,1293.9432373046875,1228.462890625,1238.4473876953125,3649906.75,1267.8499755859375,0.011949382581374346,-0.023190904647086952,0.0351402872284613,0.0012348397864987602
2024-03-18,1250.0,1270.050048828125,1227.25,1266.5999755859375,4858444.0,1276.1578369140625,1294.8729248046875,1260.8134765625,1280.2783203125,3508297.25,1283.0,-0.012782559948606775,-0.0021213403643803863,-0.010661219584226389,0.0001136616030230923
2024-03-19,1271.050048828125,1272.8499755859375,1237.25,1241.199951171875,2311324.0,1245.587158203125,1284.7093505859375,1220.7996826171875,1234.6513671875,5180987.0,1266.5999755859375,-0.020053706697974905,-0.02522391363828813,0.005170206940313227,2.6731039805663057e-05
2024-03-20,1248.0,1252.949951171875,1230.199951171875,1245.4000244140625,2772098.0,1259.857666015625,1271.184814453125,1241.687255859375,1255.3621826171875,2964058.25,1241.199951171875,0.0033838812499322746,0.01141011279604176,-0.008026231546109486,6.442039283176306e-05
2024-03-21,1260.0,1268.699951171875,1251.300048828125,1262.449951171875,3155563.0,1262.818359375,1274.35400390625,1247.129150390625,1259.9588623046875,2135908.0,1245.4000244140625,0.013690321522062066,0.011690089613957344,0.0020002319081047215,4.0009276862002555e-06
2024-03-22,1262.449951171875,1289.0999755859375,1255.050048828125,1281.5999755859375,3076926.0,1283.6629638671875,1297.7266845703125,1239.9385986328125,1243.479736328125,3086112.0,1262.449951171875,0.015168937506224722,-0.015026508437931185,0.030195445944155908,0.0009117649557664415
2024-03-26,1281.5999755859375,1314.0,1281.0,1304.199951171875,3610644.0,1278.092041015625,1286.2723388671875,1259.8568115234375,1270.372802734375,2123353.5,1281.5999755859375,0.017634188527200223,-0.008760278609110883,0.026394467136311106,0.000696667895409807
2024-03-27,1315.0,1343.0,1312.0999755859375,1322.800048828125,4938400.0,1306.9727783203125,1333.396728515625,1294.2130126953125,1322.171142578125,2900300.75,1304.199951171875,0.014261691728739256,0.01377947560119308,0.0004822161275461756,2.325323936656295e-07
2024-03-28,1334.0,1358.699951171875,1314.0,1341.8499755859375,4188741.0,1325.48193359375,1336.2139892578125,1306.2996826171875,1317.7225341796875,2439064.25,1322.800048828125,0.014401214132618856,-0.003838459677209527,0.018239673809828383,0.0003326857006889394
2024-04-01,1356.800048828125,1381.75,1350.25,1375.9000244140625,3251462.0,1341.9007568359375,1352.8809814453125,1318.148193359375,1332.3201904296875,4477826.0,1341.8499755859375,0.025375451389978654,-0.007101975131078797,0.03247742652105745,0.001054783233430686
2024-04-02,1397.800048828125,1424.949951171875,1388.199951171875,1404.1500244140625,5769001.0,1358.141357421875,1375.0360107421875,1343.434326171875,1362.1180419921875,2852694.0,1375.9000244140625,0.02053201504377511,-0.010016703377663028,0.030548718421438137,0.0009332241971923138
2024-04-03,1399.8499755859375,1402.0,1389.199951171875,1397.199951171875,2727582.0,1437.296875,1463.6080322265625,1396.608642578125,1422.4019775390625,5684087.0,1404.1500244140625,-0.004949665720433094,0.012998577650288112,-0.017948243370721206,0.00032213944009463775
2024-04-04,1408.5999755859375,1408.5999755859375,1362.25,1366.8499755859375,4197697.0,1395.7772216796875,1410.2752685546875,1373.5325927734375,1392.475341796875,4320673.0,1397.199951171875,-0.021721998745048654,-0.003381484068216145,-0.01834051467683251,0.00033637447861110866
2024-04-05,1367.0,1381.9000244140625,1357.3499755859375,1375.550048828125,1853120.0,1387.0333251953125,1404.272705078125,1344.409912109375,1352.91796875,3631845.0,1366.8499755859375,0.006365053515443808,-0.010192784200742433,0.01655783771618624,0.0002741619898355596
2024-04-08,1381.949951171875,1381.949951171875,1337.0,1348.6500244140625,14038860.0,1372.1904296875,1381.0782470703125,1348.91357421875,1361.2132568359375,3145754.25,1375.550048828125,-0.01955583109242698,-0.01042258840701682,-0.009133242685410159,8.341612195059817e-05
2024-04-09,1356.1500244140625,1364.9000244140625,1346.0999755859375,1356.5,1935801.0,1362.55859375,1383.013916015625,1340.9010009765625,1359.610107421875,5012510.0,1348.6500244140625,0.0058206172423034275,0.008126706565385167,-0.002306089323081739,5.318047966031594e-06
2024-04-10,1359.0,1359.9000244140625,1348.199951171875,1352.300048828125,3984001.0,1353.5262451171875,1371.74658203125,1336.99072265625,1356.22216796875,3274730.0,1356.5,-0.0030961674691301067,-0.0002048153566163169,-0.0028913521125137898,8.359917038537955e-06
2024-04-12,1350.0,1358.4000244140625,1341.0,1344.199951171875,2183230.0,1356.472900390625,1372.389404296875,1338.901611328125,1356.836669921875,3406821.0,1352.300048828125,-0.005989867162446205,0.0033547444575494634,-0.009344611619995669,8.732176632855808e-05
2024-04-15,1320.0,1335.0,1308.5999755859375,1315.550048828125,3372368.0,1352.4595947265625,1368.9307861328125,1336.713134765625,1354.65771484375,3193675.75,1344.199951171875,-0.021313720714520867,0.00777991671756717,-0.029093637432088038,0.0008464397390297942
2024-04-16,1302.0,1322.0,1294.4000244140625,1304.3499755859375,2696593.0,1333.6734619140625,1356.4434814453125,1320.201904296875,1341.62060546875,4161584.5,1315.550048828125,-0.008513604824205934,0.019817229047156548,-0.028330833871362482,0.0008026361478467396
2024-04-18,1315.949951171875,1336.5,1291.0,1295.550048828125,6219274.0,1302.5419921875,1321.514404296875,1287.7132568359375,1305.734130859375,3739069.75,1304.3499755859375,-0.006746599396269759,0.0010611839608580809,-0.00780778335712784,6.096148095184248e-05
2024-04-19,1280.0,1316.0,1270.0,1310.0,3899281.0,1316.54443359375,1332.206298828125,1301.2403564453125,1318.1385498046875,2627232.75,1295.550048828125,0.011153526013869985,0.01743545222123588,-0.0062819262073658955,3.946259687479046e-05
2024-04-22,1321.0999755859375,1331.0,1315.0,1321.0999755859375,8903130.0,1316.8779296875,1334.1466064453125,1303.0938720703125,1320.9822998046875,2202786.5,1310.0,0.008473263806059173,0.008383434965410386,8.982884064878682e-05,8.069220612305136e-09
2024-04-23,1321.0999755859375,1338.550048828125,1318.9000244140625,1322.0999755859375,3847872.0,1338.949951171875,1357.9591064453125,1322.136474609375,1340.76953125,4944562.5,1321.0999755859375,0.0007569449840891807,0.014888771499173448,-0.014131826515084267,0.00019970852065243874
2024-04-24,1331.0,1332.9000244140625,1318.050048828125,1320.5,2553035.0,1325.9954833984375,1340.268310546875,1310.8134765625,1326.04150390625,2532143.0,1322.0999755859375,-0.0012101774566847245,0.0029812634392989423,-0.004191440895983667,1.7568176784524365e-05
2024-04-25,1320.5,1336.949951171875,1316.800048828125,1330.550048828125,6097087.0,1330.5089111328125,1342.811767578125,1316.2047119140625,1329.6787109375,2302765.75,1320.5,0.007610790479458451,0.006950935961756999,0.0006598545177014525,4.3540798453101655e-07
2024-04-26,1340.0,1341.5999755859375,1321.0999755859375,1324.5999755859375,2565490.0,1333.699462890625,1345.6474609375,1318.494140625,1331.9947509765625,2594675.5,1330.550048828125,-0.004471889837911802,0.0010857931647967334,-0.0055576830027085355,3.0887840358595364e-05
2024-04-29,1334.300048828125,1335.75,1307.0,1317.25,2191564.0,1335.547607421875,1346.7457275390625,1322.0455322265625,1334.546875,2385658.0,1324.5999755859375,-0.0055488266053199675,0.0075093610126804045,-0.013058187618000372,0.00017051626386689823
2024-04-30,1323.550048828125,1334.6500244140625,1316.25,1324.9000244140625,2321071.0,1319.540771484375,1330.452392578125,1299.9334716796875,1310.7835693359375,5063293.5,1317.25,0.00580757214960137,-0.004909038272205346,0.010716610421806716,0.00011484573893277633
2024-05-02,1333.949951171875,1348.699951171875,1306.550048828125,1338.800048828125,7991511.0,1335.1102294921875,1345.376708984375,1323.0843505859375,1334.32666015625,2245559.75,1324.9000244140625,0.010491376072100156,0.0071149789180178225,0.0033763971540823334,1.140005774209528e-05
2024-05-03,1353.0,1354.0,1310.449951171875,1320.300048828125,3528822.0,1356.1409912109375,1371.7996826171875,1340.9056396484375,1358.4737548828125,3827126.0,1338.800048828125,-0.013818344282399253,0.014695029382399749,-0.028513373664799002,0.0008130124777484533
2024-05-06,1322.5,1322.5,1257.0,1289.949951171875,4000668.0,1345.994384765625,1356.231201171875,1331.0679931640625,1343.2596435546875,2416998.5,1320.300048828125,-0.02298727299388359,0.017389679525454005,-0.040376952519337594,0.0016302982947488426
2024-05-07,1291.0999755859375,1301.1500244140625,1265.0,1287.6500244140625,3474340.0,1308.37841796875,1327.7886962890625,1270.3719482421875,1275.94482421875,3031964.5,1289.949951171875,-0.0017829581339362521,-0.010857108789687375,0.009074150655751123,8.234021012326854e-05
2024-05-08,1293.3499755859375,1293.699951171875,1269.050048828125,1277.25,1627418.0,1301.84033203125,1314.4886474609375,1290.2532958984375,1304.360107421875,2290127.75,1287.6500244140625,-0.008076747731818656,0.012977193096716189,-0.021053940828534845,0.0004432684244114465
2024-05-09,1279.0,1285.800048828125,1240.0,1244.550048828125,2591646.0,1289.98828125,1315.606689453125,1280.4954833984375,1306.650634765625,3108819.25,1277.25,-0.025601840807888077,0.02301870014924634,-0.04862054095713442,0.0023639570029643855
2024-05-10,1250.0,1278.699951171875,1245.75,1266.75,2022402.0,1254.4708251953125,1262.88037109375,1239.051513671875,1250.078125,2617609.5,1244.550048828125,0.01783773275552769,0.004441827130279075,0.013395905625248616,0.00017945028752056752
2024-05-13,1267.0,1313.0,1261.6500244140625,1306.4000244140625,2495810.0,1273.2684326171875,1290.23681640625,1262.08349609375,1279.8402099609375,2805167.25,1266.75,0.03130059160375964,0.010333696436500839,0.020966895167258803,0.0004396106929548206
2024-05-14,1306.4000244140625,1339.9000244140625,1285.25,1331.25,2989543.0,1303.7340087890625,1324.8536376953125,1294.606689453125,1312.9549560546875,3072124.0,1306.4000244140625,0.01902172008691072,0.005017553213507497,0.014004166873403223,0.0001961166898181242
2024-05-15,1337.8499755859375,1353.949951171875,1333.0,1337.8499755859375,2189768.0,1337.9029541015625,1382.9935302734375,1328.00146484375,1368.104736328125,4642205.0,1331.25,0.004957728139671325,0.027684308978873196,-0.02272658083920187,0.0005164974766407776
2024-05-16,1352.199951171875,1366.75,1310.5,1345.050048828125,4822618.0,1352.7296142578125,1370.363037109375,1341.059814453125,1358.5697021484375,2342186.0,1337.8499755859375,0.005381824101042376,0.015487331868751175,-0.010105507767708799,0.00010212128724322288
2024-05-17,1330.0,1343.300048828125,1321.1500244140625,1335.699951171875,1945123.0,1346.953125,1361.114501953125,1328.6336669921875,1345.4110107421875,5679473.0,1345.050048828125,-0.006951486797384443,0.00026836318423772987,-0.007219849981622173,5.212623375712969e-05
2024-05-21,1344.0,1398.800048828125,1333.0,1385.5,4200578.0,1325.86669921875,1332.75830078125,1308.80712890625,1318.888427734375,2737992.5,1335.699951171875,0.03728385913650212,-0.01258630235237368,0.0498701614888758,0.0024870330069265505
2024-05-22,1394.3499755859375,1394.3499755859375,1364.199951171875,1378.199951171875,1878562.0,1374.1754150390625,1386.8946533203125,1358.68798828125,1372.3121337890625,2503288.0,1385.5,-0.005268891250902241,-0.009518488784509227,0.004249597533606986,1.8059079197638578e-05
2024-05-23,1384.0,1448.800048828125,1369.9000244140625,1443.3499755859375,7821034.0,1375.02783203125,1388.420166015625,1359.080078125,1376.3162841796875,2880537.0,1378.199951171875,0.04727182319130541,-0.001366758858600936,0.04863858204990634,0.0023657116638254715
2024-05-24,1435.0,1444.949951171875,1382.1500244140625,1416.0999755859375,19100263.0,1436.1041259765625,1452.8675537109375,1418.4862060546875,1439.2470703125,2753657.75,1443.3499755859375,-0.01887968993032174,-0.0028426267660910387,-0.016037063164230703,0.00025718739493352526
2024-05-27,1445.0,1457.050048828125,1423.5999755859375,1431.6500244140625,5517078.0,1410.9869384765625,1416.1824951171875,1381.609375,1392.1617431640625,2874632.75,1416.0999755859375,0.010980897603427353,-0.016904337853667517,0.02788523545709487,0.000777586356497621
2024-05-28,1438.0,1438.0,1398.0,1400.5,4070886.0,1435.716552734375,1480.615234375,1427.4486083984375,1469.958740234375,3590281.25,1431.6500244140625,-0.021758127952263617,0.026758436186938406,-0.04851656413920202,0.0023538569958733036
2024-05-29,1406.0,1427.8499755859375,1382.9000244140625,1410.0,3214475.0,1399.28955078125,1414.8480224609375,1382.57568359375,1400.5406494140625,5070923.5,1400.5,0.006783291681542236,2.902492971257331e-05,0.006754266751829663,4.562011935487162e-05
2024-05-30,1410.0,1413.6500244140625,1373.6500244140625,1383.5,3477661.0,1418.2161865234375,1430.3280029296875,1402.2401123046875,1418.4832763671875,3201428.5,1410.0,-0.01879432624113475,0.006016508061835069,-0.02481083430296982,0.0006155774988094239
2024-05-31,1391.0,1451.0,1391.0,1437.4000244140625,8238969.0,1382.8243408203125,1392.40234375,1362.3529052734375,1377.1259765625,3219368.75,1383.5,0.03895917919339542,-0.004607172705095808,0.04356635189849123,0.0018980270177431703
2024-06-03,1549.0,1621.4000244140625,1535.0,1583.949951171875,23398347.0,1428.138671875,1435.60595703125,1402.593017578125,1415.829833984375,2932750.25,1437.4000244140625,0.10195486591671066,-0.015006393532294715,0.11696125944900537,0.013679936211897548
2024-06-04,1558.0,1558.0,1188.0,1248.949951171875,52109624.0,1585.5484619140625,1583.4722900390625,1496.0767822265625,1508.4630126953125,14294941.0,1583.949951171875,-0.21149658153791562,-0.047657401309122216,-0.1638391802287934,0.026843276978043045
2024-06-05,1281.0,1368.0,1160.5999755859375,1354.5999755859375,20879925.0,1282.553466796875,1331.2864990234375,1220.70361328125,1286.9376220703125,35758168.0,1248.949951171875,0.08459107934223642,0.03041568708401332,0.0541753922582231,0.002934973126332339
2024-06-06,1384.0,1404.0,1344.800048828125,1352.949951171875,12153840.0,1333.5697021484375,1397.11767578125,1302.0804443359375,1374.273193359375,15034156.0,1354.5999755859375,-0.0012180898005322849,0.014523267479705781,-0.015741357280238066,0.000247790329024104
2024-06-07,1357.699951171875,1385.0,1355.050048828125,1378.8499755859375,5884018.0,1383.3839111328125,1441.27490234375,1366.9969482421875,1415.3892822265625,10313787.0,1352.949951171875,0.019143372148858084,0.046150510593983896,-0.02700713844512581,0.0007293855269941926
2024-06-10,1404.0,1415.3499755859375,1381.25,1384.050048828125,4843234.0,1389.840576171875,1427.5340576171875,1373.91796875,1412.05419921875,3990636.0,1378.8499755859375,0.003771311842666325,0.024081099627029756,-0.02030978778436343,0.00041248747984587805
2024-06-11,1391.0,1418.800048828125,1384.050048828125,1403.449951171875,4122878.0,1404.364013671875,1432.114013671875,1372.431396484375,1387.34716796875,4580577.0,1384.050048828125,0.014016763599102422,0.0023822253706913266,0.011634538228411095,0.0001353624797883592
2024-06-12,1411.75,1414.449951171875,1390.5999755859375,1393.949951171875,3258265.0,1415.0311279296875,1449.8524169921875,1399.2164306640625,1433.458740234375,4125772.5,1403.449951171875,-0.006769033688780679,0.021382158328797418,-0.028151192017578097,0.0007924896120105528
2024-06-13,1403.5999755859375,1411.0,1388.050048828125,1404.449951171875,2839159.0,1399.3568115234375,1417.963134765625,1381.775634765625,1402.0692138671875,2840421.25,1393.949951171875,0.007532551646616037,0.005824644341417606,0.0017079073051984306,2.9169473631501653e-06
2024-06-14,1409.0,1442.0,1395.449951171875,1430.699951171875,5651491.0,1408.4464111328125,1442.6046142578125,1388.9969482421875,1424.1507568359375,6713765.0,1404.449951171875,0.01869059127247419,0.014027417386873964,0.004663173885600225,2.17451906873439e-05
2024-06-18,1447.0,1458.5999755859375,1434.050048828125,1445.0,5651898.0,1439.117431640625,1463.6014404296875,1415.035888671875,1442.51904296875,7562608.0,1430.699951171875,0.00999514176009586,0.00826105556737744,0.0017340861927184203,3.0070549237766666e-06
2024-06-19,1446.0,1452.0,1420.449951171875,1448.4000244140625,4484742.0,1453.243896484375,1471.3868408203125,1425.4569091796875,1447.92919921875,7086704.0,1445.0,0.002352958072015632,0.0020271274870242717,0.0003258305849913601,1.0616557011581193e-07
2024-06-20,1459.300048828125,1476.800048828125,1444.0999755859375,1469.4000244140625,4905603.0,1448.0328369140625,1462.33544921875,1425.541748046875,1444.0142822265625,3443261.5,1448.4000244140625,0.01449875700498926,-0.003027990964909133,0.017526747969898393,0.00030718689440033747
2024-06-21,1479.949951171875,1498.9000244140625,1470.0,1485.5,25891893.0,1487.8848876953125,1506.710205078125,1456.3267822265625,1476.967041015625,9436675.0,1469.4000244140625,0.01095683634029987,0.00514973218717607,0.005807104153123799,3.372245864522767e-05
2024-06-24,1474.8499755859375,1479.6500244140625,1450.199951171875,1460.25,3009931.0,1501.688720703125,1512.5872802734375,1426.986083984375,1454.2725830078125,12561062.0,1485.5,-0.016997643890945824,-0.021021485689793007,0.004023841798847183,1.6191302822149736e-05
2024-06-25,1466.1500244140625,1468.9000244140625,1437.0,1456.1500244140625,3343186.0,1461.9354248046875,1476.6893310546875,1440.666015625,1459.15966796875,3541495.75,1460.25,-0.002807721681860942,-0.0007466749058380184,-0.0020610467760229234,4.247913812954487e-06
2024-06-26,1458.9000244140625,1474.5,1451.050048828125,1467.800048828125,3217949.0,1466.865478515625,1482.4234619140625,1440.5892333984375,1459.8385009765625,5218554.0,1456.1500244140625,0.008000566025983646,0.0025330333417974416,0.005467532684186205,2.9893913652644406e-05
2024-06-27,1475.5999755859375,1494.0,1459.0,1485.5,7803408.0,1465.7164306640625,1475.802490234375,1439.716796875,1453.8402099609375,4563422.0,1467.800048828125,0.012058829938046634,-0.009510722443654918,0.02156955238170155,0.0004652455899469671
2024-06-28,1480.0,1494.0,1445.0,1478.0999755859375,11534763.0,1480.782470703125,1486.7838134765625,1453.529052734375,1466.1490478515625,3528622.75,1485.5,-0.004981504149486726,-0.013026558161183144,0.008045054011696418,6.472289405111262e-05
2024-07-01,1483.0,1491.4000244140625,1471.5999755859375,1474.5,3372730.0,1479.4036865234375,1493.09423828125,1458.2548828125,1475.865234375,4427170.0,1478.0999755859375,-0.002435542686826997,-0.0015119012569171364,-0.0009236414299098605,8.531134910459318e-07
2024-07-02,1479.5,1489.5999755859375,1455.050048828125,1474.8499755859375,5368562.0,1476.8284912109375,1492.9014892578125,1454.085205078125,1473.3238525390625,5512296.0,1474.5,0.00023735204200581173,-0.0007976585018226734,0.0010350105438284851,1.0712468258361364e-06
2024-07-03,1479.800048828125,1514.0,1470.800048828125,1510.6500244140625,4435563.0,1487.0391845703125,1517.0738525390625,1469.375,1499.3211669921875,6898629.0,1474.8499755859375,0.024273688456957876,0.016592325871333413,0.007681362585624463,5.900333117183133e-05
2024-07-04,1514.6500244140625,1520.0,1494.3499755859375,1503.6500244140625,2980840.0,1506.669677734375,1521.8272705078125,1485.175537109375,1503.39990234375,4767103.0,1510.6500244140625,-0.004633766846636189,-0.004799339326211349,0.00016557247957516008,2.74142459926668e-08
2024-07-05,1508.0,1509.5,1493.9000244140625,1500.449951171875,2111633.0,1504.3507080078125,1519.60888671875,1481.6876220703125,1497.87646484375,5503163.5,1503.6500244140625,-0.002128203498307002,-0.003839696389831393,0.001711492891524391,2.929207917738521e-06
2024-07-08,1496.0,1501.050048828125,1469.0,1475.300048828125,2177821.0,1501.14697265625,1514.362060546875,1476.1102294921875,1492.3275146484375,6458891.0,1500.449951171875,-0.016761573636033367,-0.005413333858349412,-0.011348239777683955,0.00012878254605180837
2024-07-09,1480.0,1503.949951171875,1475.0,1478.0,2256634.0,1477.220947265625,1484.2198486328125,1453.8916015625,1465.9656982421875,2912391.0,1475.300048828125,0.0018301030858229872,-0.006327086204160337,0.008157189289983324,6.653973711261864e-05
2024-07-10,1492.0,1494.449951171875,1460.0,1487.800048828125,2082079.0,1484.9478759765625,1491.436279296875,1465.0517578125,1474.423095703125,2112103.75,1478.0,0.006630614904008736,-0.00242009762982065,0.009050712533829386,8.191539737001634e-05
2024-07-11,1495.0,1498.5,1477.9000244140625,1483.8499755859375,1765496.0,1494.5093994140625,1507.2249755859375,1476.9964599609375,1494.504150390625,2847533.5,1487.800048828125,-0.0026549758788479982,0.004506050102485615,-0.007161025981333613,5.128029310533504e-05
2024-07-12,1490.0,1497.0,1481.1500244140625,1486.699951171875,2018935.0,1495.265380859375,1506.9302978515625,1476.7774658203125,1490.20068359375,3986991.5,1483.8499755859375,0.0019206628923602587,0.004279885508846615,-0.002359222616486356,5.565931354140728e-06
2024-07-15,1494.0,1505.0,1485.300048828125,1495.050048828125,1913095.0,1477.9029541015625,1497.561279296875,1454.295654296875,1485.1380615234375,3819091.75,1486.699951171875,0.005616531869573338,-0.001050574897245693,0.006667106766819031,4.445031264016411e-05
2024-07-16,1496.0,1510.5999755859375,1493.25,1499.050048828125,2170314.0,1504.5196533203125,1508.804931640625,1486.111572265625,1495.21875,2311759.0,1495.050048828125,0.0026754957154346837,0.00011283981563514622,0.0025626558997995375,6.567205260777377e-06
2024-07-18,1490.0,1504.25,1472.199951171875,1493.9000244140625,3263419.0,1492.6031494140625,1499.3096923828125,1478.734130859375,1488.658447265625,2450294.5,1499.050048828125,-0.0034355253302505995,-0.0069321244948583605,0.003496599164607761,1.2226205717935692e-05
2024-07-19,1492.550048828125,1502.199951171875,1465.5,1469.300048828125,2568243.0,1488.696533203125,1495.5972900390625,1467.220703125,1477.79443359375,5211102.0,1493.9000244140625,-0.0164669490487398,-0.010780902709088158,-0.00568604633965164,3.233112297666582e-05
2024-07-22,1470.0,1475.0,1442.550048828125,1467.3499755859375,1721261.0,1480.6962890625,1487.594482421875,1468.0975341796875,1475.7459716796875,2165432.5,1469.300048828125,-0.0013272123986811657,0.004387070467127163,-0.005714282865808329,3.265302867047065e-05
2024-07-23,1468.0,1517.0,1419.0,1507.3499755859375,5987213.0,1473.3734130859375,1481.5775146484375,1462.7462158203125,1471.20654296875,1951740.0,1467.3499755859375,0.027260027032083745,0.0026282532776629175,0.024631773754420827,0.0006067242782889747
2024-07-24,1508.0,1513.550048828125,1480.0,1484.800048828125,2201442.0,1497.99462890625,1510.2117919921875,1482.82470703125,1497.5579833984375,3116509.5,1507.3499755859375,-0.014959980842568998,-0.006496163695291601,-0.008463817147277397,7.16362007025469e-05
2024-07-25,1471.0,1499.449951171875,1466.8499755859375,1487.0,2211808.0,1482.93115234375,1493.669677734375,1463.24755859375,1478.279296875,3195701.0,1484.800048828125,0.0014816481004369386,-0.0043916700826293065,0.005873318183066245,3.449586647953658e-05
2024-07-26,1495.9000244140625,1547.9000244140625,1490.0,1542.75,4500728.0,1475.1214599609375,1482.109130859375,1460.022705078125,1466.161865234375,2091873.25,1487.0,0.03749159381304645,-0.014013540528328816,0.05150513434137527,0.0026527788635231143
2024-07-29,1547.9000244140625,1559.0,1540.0,1548.699951171875,1928637.0,1541.006591796875,1558.5235595703125,1519.729248046875,1535.987060546875,3570396.5,1542.75,0.003856717661238074,-0.004383691105574461,0.008240408766812535,6.790433664416088e-05
2024-07-30,1554.5999755859375,1556.9000244140625,1536.0,1546.25,2800881.0,1547.52197265625,1552.5333251953125,1531.8807373046875,1539.2244873046875,2011185.0,1548.699951171875,-0.001581940497913159,-0.006118334193797592,0.004536393695884433,2.0578867764060026e-05
2024-07-31,1557.0,1577.9000244140625,1547.0,1569.9000244140625,2622023.0,1544.482421875,1549.7200927734375,1522.2664794921875,1531.32177734375,2446496.25,1546.25,0.015295084503839984,-0.00965446897736455,0.024949553481204534,0.0006224802189114853
2024-08-01,1580.949951171875,1604.949951171875,1568.5,1590.1500244140625,7160588.0,1556.78857421875,1567.072265625,1540.857666015625,1553.1866455078125,2272784.25,1569.9000244140625,0.01289891055805148,-0.010646142204175035,0.023545052762226515,0.0005543695095760304
2024-08-02,1579.949951171875,1599.699951171875,1550.199951171875,1588.0,4313297.0,1595.612548828125,1604.207763671875,1567.04638671875,1577.449951171875,4329643.5,1590.1500244140625,-0.0013520890362874738,-0.007986713861710792,0.006634624825423319,4.40182465741234e-05
2024-08-05,1540.0,1563.449951171875,1471.550048828125,1493.8499755859375,7147230.0,1572.28466796875,1588.60595703125,1560.46728515625,1578.3392333984375,3021558.5,1588.0,-0.05928842847233151,-0.006083606172268552,-0.05320482230006296,0.0028307531159812768
2024-08-06,1524.9000244140625,1539.75,1488.0999755859375,1494.0999755859375,3159971.0,1489.48486328125,1510.643798828125,1475.440673828125,1497.72900390625,2949074.0,1493.8499755859375,0.0001673528159358284,0.002596665249996688,-0.0024293124340608596,5.901558902282699e-06
2024-08-07,1520.0,1547.8499755859375,1514.199951171875,1543.800048828125,2258441.0,1513.4510498046875,1537.1793212890625,1503.2823486328125,1526.5491943359375,2798840.75,1494.0999755859375,0.033264221975973784,0.021718237922649264,0.01154598405332452,0.00013330974775962412
2024-08-08,1538.0,1556.0,1513.800048828125,1519.0,2468123.0,1548.94482421875,1564.475830078125,1538.90185546875,1553.7479248046875,2024901.5,1543.800048828125,-0.016064288148552874,0.0064437593353581235,-0.022508047483910998,0.0005066122015379922
2024-08-09,1541.5,1543.5,1519.0,1533.800048828125,1503033.0,1545.574462890625,1557.7099609375,1509.408935546875,1514.543212890625,2902298.0,1519.0,0.009743284284480014,-0.002934027063446365,0.012677311347926379,0.00016071422301226293
2024-08-12,1500.0,1524.25,1457.3499755859375,1501.4000244140625,9230512.0,1545.7159423828125,1557.7705078125,1511.08544921875,1516.4217529296875,2874049.0,1533.800048828125,-0.021124020982276837,-0.011330222548705193,-0.009793798433571643,9.591848775743038e-05
2024-08-13,1505.8499755859375,1517.449951171875,1479.5,1483.449951171875,2485446.0,1470.7362060546875,1476.969482421875,1443.6199951171875,1454.5679931640625,4158706.25,1501.4000244140625,-0.011955556780540721,-0.03119224090080641,0.01923668412026569,0.0003700500159428822
2024-08-14,1488.0,1488.0,1452.0,1461.949951171875,2648057.0,1498.72021484375,1510.355712890625,1486.630859375,1496.3092041015625,1906975.75,1483.449951171875,-0.014493242581602228,0.00866847777340185,-0.02316172035500408,0.0005364652898034103
2024-08-16,1471.199951171875,1497.199951171875,1457.050048828125,1493.449951171875,1985315.0,1465.960205078125,1479.7156982421875,1454.98095703125,1468.9462890625,1880793.5,1461.949951171875,0.021546565239630944,0.004785620660280987,0.016760944579349957,0.0002809292631920407
2024-08-19,1500.949951171875,1507.0,1490.0,1496.449951171875,1343387.0,1500.1783447265625,1524.8609619140625,1478.1771240234375,1489.5352783203125,2935649.25,1493.449951171875,0.0020087717018208995,-0.0026212280153685708,0.00462999971718947,2.1436897381174574e-05
2024-08-20,1504.949951171875,1510.0,1486.300048828125,1492.550048828125,990643.0,1506.403076171875,1517.437744140625,1495.2239990234375,1506.28955078125,1933536.75,1496.449951171875,-0.002606102757192752,0.0065752948180255455,-0.009181397575218297,8.429806143422443e-05
2024-08-21,1499.0999755859375,1517.0,1492.550048828125,1503.5,1551436.0,1507.486328125,1521.689208984375,1480.1279296875,1486.5452880859375,2461922.0,1492.550048828125,0.007336404685707176,-0.004023155368828135,0.011359560054535311,0.0001290396046325943
2024-08-22,1507.0,1509.5,1490.4000244140625,1492.300048828125,1442064.0,1504.99560546875,1510.4730224609375,1491.7906494140625,1498.693115234375,1792130.25,1503.5,-0.0074492525253575526,-0.003197129874043858,-0.0042521226513136945,1.8080547041815004e-05
2024-08-23,1493.0,1503.0,1486.0999755859375,1491.300048828125,1181075.0,1495.649169921875,1499.71484375,1480.9520263671875,1486.80224609375,1478161.25,1492.300048828125,-0.0006701065250150906,-0.0036841134855502,0.0030140069605351094,9.084237958154088e-06
2024-08-26,1495.5,1497.0,1480.0,1482.550048828125,1087057.0,1492.4053955078125,1497.64111328125,1476.52978515625,1484.20361328125,2069757.25,1491.300048828125,-0.005867363852683938,-0.004758556504072642,-0.001108807348611296,1.229453736334412e-06
2024-08-27,1484.9000244140625,1496.9000244140625,1475.5999755859375,1478.3499755859375,910064.0,1480.98828125,1486.778076171875,1466.394775390625,1473.66650390625,1396385.75,1482.550048828125,-0.002833006039497543,-0.005992070843677033,0.00315906480417949,9.9796904370056e-06
2024-08-28,1479.4000244140625,1486.4000244140625,1467.0,1469.800048828125,1225101.0,1482.1431884765625,1488.153564453125,1472.3275146484375,1478.851318359375,1406775.25,1478.3499755859375,-0.005783425372211881,0.0003391231993215005,-0.006122548571533382,3.748560101078545e-05
2024-08-29,1472.050048828125,1483.0,1452.5999755859375,1476.050048828125,3359850.0,1480.5399169921875,1492.9539794921875,1472.9168701171875,1485.089599609375,1461098.5,1469.800048828125,0.004252279080398047,0.010402469909727152,-0.006150190829329105,3.7824847237163824e-05
2024-08-30,1480.949951171875,1487.0,1466.0,1481.9000244140625,1996592.0,1468.443115234375,1471.6837158203125,1457.03466796875,1463.9197998046875,2147831.5,1476.050048828125,0.003963263705442754,-0.008218047235639458,0.012181310941082213,0.00014838433624332924
2024-09-02,1490.0,1499.5,1478.800048828125,1494.5,2054244.0,1489.257080078125,1506.7431640625,1481.4947509765625,1498.3001708984375,1791840.0,1481.9000244140625,0.008502581401143683,0.011066972274907272,-0.002564390873763589,6.576100553441984e-06
2024-09-03,1494.5,1498.0999755859375,1476.5999755859375,1479.550048828125,882478.0,1493.8482666015625,1496.816162109375,1478.7166748046875,1483.5634765625,1390751.75,1494.5,-0.010003312928655084,-0.007317847733355642,-0.0026854651952994413,7.2117233151646665e-06
2024-09-04,1472.0,1475.1500244140625,1461.050048828125,1472.0999755859375,1122071.0,1483.3504638671875,1490.0299072265625,1470.528076171875,1478.831787109375,1821044.25,1479.550048828125,-0.005035364128498587,-0.00048545956206003105,-0.004549904566438556,2.0701631563698427e-05
2024-09-05,1476.75,1476.800048828125,1463.0,1465.550048828125,959956.0,1467.177978515625,1475.303466796875,1453.9697265625,1464.6279296875,1673307.5,1472.0999755859375,-0.004449376310332043,-0.005075773400147865,0.0006263970898158222,3.923733141297312e-07
2024-09-06,1465.5999755859375,1468.75,1427.550048828125,1442.4000244140625,3340767.0,1468.5677490234375,1469.121826171875,1452.1876220703125,1461.5335693359375,1807095.75,1465.550048828125,-0.015796133630900933,-0.0027405952429936375,-0.013055538387907295,0.000170447082598121
2024-09-09,1431.0,1441.5999755859375,1411.0,1435.9000244140625,1621371.0,1447.6162109375,1464.17626953125,1438.6131591796875,1456.076416015625,1912948.75,1442.4000244140625,-0.004506378182183135,0.009481691188349961,-0.013988069370533096,0.00019566608471484616
2024-09-10,1439.0,1464.0,1435.0,1453.4000244140625,1542798.0,1438.02392578125,1443.58203125,1424.0174560546875,1431.902099609375,1764388.75,1435.9000244140625,0.01218747802942688,-0.0027842640411673836,0.014971742070594263,0.0002241530606284022
2024-09-11,1454.949951171875,1457.8499755859375,1425.0999755859375,1430.5999755859375,1637596.0,1461.2493896484375,1471.07568359375,1452.263671875,1462.6712646484375,1194496.25,1453.4000244140625,-0.01568738712338802,0.0063790010173645495,-0.02206638814075257,0.0004869254855783456
2024-09-12,1444.0,1475.0,1440.199951171875,1472.5999755859375,4003674.0,1444.655029296875,1457.1719970703125,1432.592041015625,1442.7791748046875,3004854.75,1430.5999755859375,0.02935831169911629,0.008513350640707129,0.02084496105840916,0.0004345124015265944
2024-09-13,1472.949951171875,1475.6500244140625,1450.0,1452.0999755859375,1683544.0,1478.7451171875,1490.2008056640625,1466.1802978515625,1480.255126953125,2180798.5,1472.5999755859375,-0.013920956362805326,0.0051983916162579025,-0.019119347979063228,0.00036554946714450917
2024-09-16,1455.0999755859375,1461.1500244140625,1438.800048828125,1440.699951171875,1673805.0,1463.5125732421875,1467.746337890625,1455.4931640625,1456.3160400390625,1321331.75,1452.0999755859375,-0.007850715932601338,0.002903425744789967,-0.010754141677391305,0.00011565156321740466
2024-09-17,1442.800048828125,1445.0,1420.0999755859375,1426.5999755859375,1321316.0,1440.8272705078125,1451.1258544921875,1427.1549072265625,1447.2591552734375,1388667.0,1440.699951171875,-0.009786892527113955,0.004552789840956972,-0.014339682368070927,0.00020562649041716425
2024-09-18,1430.0,1439.25,1415.050048828125,1428.800048828125,1421406.0,1433.321533203125,1438.4381103515625,1410.7630615234375,1420.7601318359375,1840899.5,1426.5999755859375,0.0015421795036019148,-0.004093539779854161,0.005635719283456075,3.176133184191866e-05
2024-09-19,1433.0,1438.0,1394.449951171875,1408.199951171875,2072872.0,1436.82470703125,1444.210693359375,1422.831298828125,1434.187744140625,671340.5,1428.800048828125,-0.014417761024816511,0.003770783264543498,-0.01818854428936001,0.0003308231433660106
2024-09-20,1418.949951171875,1453.050048828125,1409.199951171875,1438.699951171875,4407151.0,1414.589599609375,1425.4417724609375,1396.338134765625,1410.0472412109375,1982996.25,1408.199951171875,0.02165885602724149,0.001311809475298853,0.020347046551942638,0.0004140023033869208
2024-09-23,1448.0,1458.949951171875,1443.8499755859375,1456.1500244140625,1139915.0,1437.5440673828125,1446.0013427734375,1410.4224853515625,1435.1109619140625,2140812.25,1438.699951171875,0.012129056672292027,-0.002494605810536843,0.01462366248282887,0.0002138515044116966
2024-09-24,1456.1500244140625,1465.8499755859375,1447.0,1456.6500244140625,1537307.0,1455.1597900390625,1463.5985107421875,1441.0455322265625,1452.4520263671875,1631277.75,1456.1500244140625,0.00034337121286753813,-0.0025395721490737433,0.0028829433619412814,8.311362428161298e-06
2024-09-25,1459.0,1464.0,1438.199951171875,1452.550048828125,1227806.0,1456.102783203125,1464.83984375,1443.0430908203125,1454.6484375,1607574.75,1456.6500244140625,-0.002814660705880101,-0.0013741028253286824,-0.0014405578805514185,2.075207007218795e-06
2024-09-26,1456.8499755859375,1475.75,1448.0,1472.5999755859375,2066994.0,1452.2174072265625,1458.453857421875,1438.7332763671875,1447.6783447265625,1375985.0,1452.550048828125,0.01380326053067038,-0.0033538975854862096,0.01715715811615659,0.00029436807462279794
2024-09-27,1485.0,1485.0,1452.449951171875,1456.699951171875,2694100.0,1477.1646728515625,1496.8822021484375,1468.3135986328125,1488.9312744140625,2173151.75,1472.5999755859375,-0.010797246148083084,0.011090112113866457,-0.02188735826194954,0.0004790564516869308
2024-09-30,1456.699951171875,1468.75,1444.0,1448.199951171875,2042408.0,1474.9742431640625,1487.9730224609375,1467.1964111328125,1480.47021484375,1279749.25,1456.699951171875,-0.005835106943720247,0.016317885953625932,-0.02215299289734618,0.0004907550943098703
2024-10-01,1448.199951171875,1472.8499755859375,1448.0,1467.5,1687795.0,1453.2593994140625,1458.40087890625,1440.085205078125,1451.1053466796875,1242988.25,1448.199951171875,0.013326922717065148,0.002006211576972783,0.011320711140092365,0.0001281585007174114
2024-10-03,1452.75,1469.0,1414.199951171875,1425.199951171875,3967953.0,1467.9017333984375,1470.286376953125,1454.4293212890625,1458.45458984375,878189.5,1467.5,-0.028824564789182272,-0.006163822934412311,-0.02266074185476996,0.0005135092214085231
2024-10-04,1424.800048828125,1446.4000244140625,1404.199951171875,1413.699951171875,2611371.0,1450.20703125,1472.2783203125,1445.30712890625,1462.7130126953125,2666936.5,1425.199951171875,-0.008069043217791338,0.026321262144720414,-0.03439030536251175,0.0011826931029268045
2024-10-07,1410.0,1423.9000244140625,1337.0,1355.199951171875,4531821.0,1436.9866943359375,1445.0025634765625,1428.02294921875,1436.483642578125,1389682.25,1413.699951171875,-0.04138077528509987,0.01611635579909554,-0.05749713108419541,0.00330592008291315
2024-10-08,1342.0,1424.3499755859375,1342.0,1418.550048828125,3031170.0,1373.876220703125,1406.1893310546875,1356.0123291015625,1390.9981689453125,2176338.25,1355.199951171875,0.046745941513257616,0.026415450902637527,0.02033049061062009,0.0004133288484685116
2024-10-09,1424.75,1432.949951171875,1404.3499755859375,1408.1500244140625,1507508.0,1437.8604736328125,1457.8560791015625,1427.0838623046875,1442.5606689453125,2425722.0,1418.550048828125,-0.007331446939538022,0.016926170590190193,-0.024257617529728215,0.0005884320082185776
2024-10-10,1417.0,1430.050048828125,1406.8499755859375,1417.199951171875,1628495.0,1431.8397216796875,1445.1240234375,1420.9444580078125,1434.0079345703125,1856170.25,1408.1500244140625,0.006426820012717105,0.01836303640090442,-0.011936216388187315,0.00014247326166563144
2024-10-11,1415.199951171875,1426.8499755859375,1405.199951171875,1408.25,1158809.0,1435.699462890625,1447.862060546875,1425.080322265625,1436.9156494140625,1872466.0,1417.199951171875,-0.00631523530922673,0.013911726588675677,-0.020226961897902407,0.0004091299876191957
2024-10-14,1418.0,1426.0,1407.1500244140625,1410.300048828125,762384.0,1424.711181640625,1445.5281982421875,1408.3447265625,1431.635986328125,2340014.0,1408.25,0.0014557421112195712,0.016606416707349636,-0.015150674596130065,0.0002295429407178209
2024-10-15,1415.949951171875,1424.699951171875,1407.0,1420.300048828125,1018477.0,1417.4517822265625,1431.408935546875,1400.619140625,1418.46240234375,1195051.75,1410.300048828125,0.007090689678632245,0.005787671582658804,0.0013030180959734405,1.6978561584342504e-06
2024-10-16,1418.0,1418.4000244140625,1392.0,1403.800048828125,1450465.0,1423.8831787109375,1434.6240234375,1407.7576904296875,1421.1524658203125,669173.25,1420.300048828125,-0.011617263558931779,0.0006001668400215099,-0.012217430398953288,0.00014926560555326792
2024-10-17,1403.800048828125,1408.0,1387.550048828125,1394.699951171875,1418861.0,1410.5064697265625,1423.4573974609375,1390.088134765625,1406.9541015625,1630202.0,1403.800048828125,-0.006482474241147562,0.002246796284846919,-0.008729270525994481,7.620016391599597e-05
2024-10-18,1389.0,1410.550048828125,1376.0,1405.5999755859375,1290065.0,1409.4197998046875,1428.4339599609375,1391.14404296875,1412.895263671875,1638459.25,1394.699951171875,0.007815318560027151,0.013046040823842864,-0.0052307222638157125,2.7360455401177372e-05
2024-10-21,1409.9000244140625,1412.9000244140625,1371.300048828125,1375.5,1644382.0,1409.46826171875,1426.95458984375,1390.995849609375,1412.486083984375,1865386.25,1405.5999755859375,-0.021414325632290954,0.004899052730537257,-0.02631337836282821,0.0006923938808653558
2024-10-22,1374.699951171875,1387.0999755859375,1353.9000244140625,1362.8499755859375,2467299.0,1392.649658203125,1419.2366943359375,1371.98583984375,1403.9056396484375,2061213.75,1375.5,-0.009196673510768805,0.020651137512495366,-0.02984781102326417,0.0008908918228804901
2024-10-23,1362.800048828125,1370.800048828125,1335.199951171875,1340.449951171875,1916219.0,1380.8436279296875,1404.08154296875,1359.1854248046875,1387.845458984375,1850901.75,1362.8499755859375,-0.016436163051939734,0.018340597898672595,-0.03477676095061233,0.0012094231022160345
2024-10-24,1345.0,1359.0,1336.199951171875,1354.4000244140625,1115993.0,1354.5501708984375,1367.640380859375,1321.9010009765625,1340.9244384765625,1655839.75,1340.449951171875,0.010407007908047383,0.0003539761438109412,0.010053031764236442,0.00010106344765274687
2024-10-25,1360.0,1368.0,1304.1500244140625,1318.699951171875,2078274.0,1355.8668212890625,1368.39794921875,1330.2818603515625,1348.107666015625,830387.5,1354.4000244140625,-0.02635858874680097,-0.004645864061586735,-0.021712724685214235,0.0004714424132559116
2024-10-28,1326.8499755859375,1364.0999755859375,1303.1500244140625,1352.199951171875,2126411.0,1342.3623046875,1374.5706787109375,1315.5318603515625,1352.6884765625,3039496.5,1318.699951171875,0.025403807720042693,0.025774267573469345,-0.00037045985342665233,1.3724050300089672e-07
2024-10-29,1364.699951171875,1377.449951171875,1322.0,1372.699951171875,3790528.0,1348.561767578125,1376.6337890625,1307.0699462890625,1354.6009521484375,4079903.5,1352.199951171875,0.015160479766497481,0.0017756256938787907,0.01338485407261869,0.00017915431854529715
2024-10-30,1379.949951171875,1414.9000244140625,1358.050048828125,1396.199951171875,2526884.0,1384.063232421875,1446.90185546875,1364.3077392578125,1439.160888671875,5423985.5,1372.699951171875,0.017119546030389232,0.0484162161171946,-0.03129667008680537,0.000979481558522338
2024-10-31,1407.949951171875,1408.0,1372.0999755859375,1375.949951171875,1891761.0,1394.1324462890625,1416.881591796875,1370.839111328125,1402.7039794921875,3075229.25,1396.199951171875,-0.014503653279033246,0.004658378848139577,-0.019162032127172823,0.00036718347524280343
2024-11-01,1386.5,1397.949951171875,1378.4000244140625,1394.4000244140625,243881.0,1408.6397705078125,1429.9940185546875,1393.98486328125,1417.4051513671875,1752150.0,1375.949951171875,0.013408971181309237,0.030128421575221997,-0.01671945039391276,0.00027954002147450956
2024-11-04,1394.199951171875,1395.0,1336.0,1349.25,1700308.0,1392.0367431640625,1409.1566162109375,1374.3367919921875,1396.7552490234375,546692.25,1394.4000244140625,-0.03237953501401791,0.0016890595009597664,-0.03406859451497768,0.0011606691322259672
2024-11-05,1350.0,1353.050048828125,1295.9000244140625,1329.3499755859375,4852958.0,1360.124755859375,1379.5098876953125,1332.796142578125,1359.0819091796875,1501409.5,1349.25,-0.014748952687835826,0.007286943990874484,-0.02203589667871031,0.00048558074243479604
2024-11-06,1330.0,1382.0,1315.199951171875,1370.0,3645515.0,1322.3671875,1349.6146240234375,1281.251708984375,1323.8662109375,4069454.0,1329.3499755859375,0.03057887325430997,-0.004125147439838384,0.03470402069414835,0.001204369052339877
2024-11-07,1372.949951171875,1372.949951171875,1350.0,1353.0999755859375,1292794.0,1378.69140625,1389.8634033203125,1339.3526611328125,1360.3314208984375,1877523.0,1370.0,-0.012335784243841186,-0.007057357008439791,-0.005278427235401395,2.7861794079427213e-05
2024-11-08,1353.0999755859375,1367.300048828125,1338.5999755859375,1362.0999755859375,1400491.0,1371.9969482421875,1440.4964599609375,1331.0811767578125,1427.8790283203125,5309659.0,1353.0999755859375,0.0066513932173435375,0.055264987128532894,-0.04861359391118936,0.002363281512962027
2024-11-11,1355.0999755859375,1357.949951171875,1339.050048828125,1347.9000244140625,1269498.0,1361.781005859375,1383.9833984375,1333.9771728515625,1361.7969970703125,3757837.5,1362.0999755859375,-0.010425043261429123,-0.00022243485871487056,-0.010202608402714253,0.00010409321821913548
2024-11-12,1348.050048828125,1354.800048828125,1320.0,1326.0,1038042.0,1356.6705322265625,1370.9862060546875,1328.4700927734375,1351.2791748046875,1362162.25,1347.9000244140625,-0.01624751392343249,0.0025069740555081488,-0.018754487978940637,0.0003517308193522289
2024-11-13,1322.0,1329.25,1284.8499755859375,1287.9000244140625,1437072.0,1338.4537353515625,1355.875,1310.2255859375,1334.921630859375,1368851.75,1326.0,-0.0287330132623963,0.006728228400735281,-0.03546124166313158,0.0012574996602910192
2024-11-14,1289.949951171875,1296.6500244140625,1260.6500244140625,1264.550048828125,2963013.0,1319.7220458984375,1341.20947265625,1285.970947265625,1314.701416015625,1965088.375,1287.9000244140625,-0.01813027031858372,0.020810149152498125,-0.038940419471081844,0.00151635626858381
2024-11-18,1264.0,1288.9000244140625,1261.300048828125,1279.300048828125,1445637.0,1293.4814453125,1310.51318359375,1262.3267822265625,1288.026611328125,1927618.0,1264.550048828125,0.01166422793124644,0.01856515091811195,-0.00690092298686551,4.7622738070648787e-05
2024-11-19,1285.0,1321.449951171875,1282.0,1289.6500244140625,2631778.0,1296.4483642578125,1315.260986328125,1262.1668701171875,1290.085205078125,1561344.75,1279.300048828125,0.008090342523959348,0.008430513435749187,-0.0003401709117898388,1.1571624922793031e-07
2024-11-21,1160.699951171875,1160.699951171875,995.6500244140625,1114.6500244140625,46926687.0,1307.1507568359375,1327.6170654296875,1280.5321044921875,1305.829345703125,1331220.0,1289.6500244140625,-0.1356957288311681,0.012545513110359785,-0.14824124194152788,0.021975465812366604
2024-11-22,1072.5999755859375,1155.9000244140625,1054.0,1136.75,27086168.0,1137.7781982421875,1153.0250244140625,1076.9661865234375,1126.792724609375,9138342.0,1114.6500244140625,0.019826829140881852,0.010893733395552108,0.008933095745329744,7.980019959522838e-05
2024-11-25,1185.0,1191.4000244140625,1139.699951171875,1166.800048828125,10532688.0,1132.8065185546875,1184.4158935546875,1101.255615234375,1167.41357421875,21246916.0,1136.75,0.026435055050032963,0.026974773889377524,-0.0005397188393445607,2.912964255434397e-07
2024-11-26,1172.050048828125,1174.449951171875,1119.3499755859375,1128.8499755859375,5802555.0,1172.1376953125,1204.2982177734375,1113.58642578125,1161.8148193359375,9607994.0,1166.800048828125,-0.032524915713110114,-0.004272565378442006,-0.028252350334668108,0.0007981952994328211
2024-11-27,1102.0,1231.699951171875,1102.0,1199.949951171875,24434211.0,1153.9737548828125,1230.092041015625,1108.893798828125,1199.957275390625,2486105.75,1128.8499755859375,0.06298443293940159,0.06299092115210336,-6.4882127017718005e-06,4.2096904063432925e-11
2024-11-28,1196.6500244140625,1226.9000244140625,1163.1500244140625,1167.5999755859375,15602469.0,1205.71533203125,1266.008544921875,1156.6329345703125,1231.8487548828125,25887688.0,1199.949951171875,-0.02695943739515505,0.026583445151012297,-0.05354288254616735,0.002866840271352672
2024-11-29,1175.0,1215.5999755859375,1168.9000244140625,1190.050048828125,9412850.0,1222.8646240234375,1271.948486328125,1138.5224609375,1228.71240234375,13624833.0,1167.5999755859375,0.01922753829360202,0.05234020900620906,-0.03311267071260704,0.001096448961721544
2024-12-02,1201.9000244140625,1220.9000244140625,1189.4000244140625,1215.800048828125,6941125.0,1186.83642578125,1208.50146484375,1143.602294921875,1174.705810546875,3366661.0,1190.050048828125,0.021637745425376664,-0.012893775599068236,0.0345315210244449,0.0011924259442616801
2024-12-03,1226.949951171875,1309.5,1220.0,1288.6500244140625,16753958.0,1204.7490234375,1222.1180419921875,1162.3499755859375,1189.408203125,4118854.25,1215.800048828125,0.05991937215017851,-0.021707389902281493,0.08162676205246,0.006662928283168924
2024-12-04,1301.0,1301.0,1262.0,1269.550048828125,4874025.0,1270.8316650390625,1334.5234375,1236.7926025390625,1301.15283203125,14326208.0,1288.6500244140625,-0.014821693418755832,0.009702252264242484,-0.024523945682998316,0.0006014239118626517
2024-12-05,1274.0,1284.800048828125,1254.199951171875,1277.050048828125,4369917.0,1267.1375732421875,1291.5614013671875,1173.001708984375,1255.0281982421875,5085070.5,1269.550048828125,0.005907604829697766,-0.011438580621017769,0.017346185450715534,0.00030089014969061526
2024-12-06,1279.0,1282.5,1256.0999755859375,1259.050048828125,2232531.0,1272.669677734375,1304.1630859375,1250.7552490234375,1286.3966064453125,3612188.0,1277.050048828125,-0.014094983995746713,0.007318865557198961,-0.021413849552945674,0.00045855295267619166
2024-12-09,1257.800048828125,1277.550048828125,1249.0,1266.8499755859375,2849557.0,1262.4415283203125,1295.41552734375,1239.807373046875,1273.0267333984375,4913953.0,1259.050048828125,0.006195088721907771,0.011100976155254072,-0.004905887433346301,2.4067731508665157e-05
2024-12-10,1272.9000244140625,1272.9000244140625,1244.4000244140625,1248.75,2406907.0,1254.487548828125,1278.7276611328125,1229.8226318359375,1256.7919921875,3381323.5,1266.8499755859375,-0.014287386774085808,-0.007939364243809144,-0.006348022530276665,4.029739004490015e-05
2024-12-11,1254.0999755859375,1258.3499755859375,1230.75,1233.800048828125,2595435.0,1258.06689453125,1285.2279052734375,1234.2144775390625,1264.4498291015625,2000622.75,1248.75,-0.01197193287037035,0.012572435716966979,-0.02454436858733733,0.0006024260293510714
2024-12-12,1233.800048828125,1268.0,1223.449951171875,1244.0,5457302.0,1240.4873046875,1262.9268798828125,1217.3756103515625,1242.4127197265625,1311956.5,1233.800048828125,0.008267102259853942,0.006980605088010794,0.0012864971718431484,1.6550749731604194e-06
2024-12-13,1241.949951171875,1262.0,1230.0,1259.949951171875,2818291.0,1246.29833984375,1269.3074951171875,1221.223876953125,1247.166015625,2395947.0,1244.0,0.012821504157455754,0.0025450286374597564,0.010276475519995998,0.00010560594911307702
2024-12-16,1258.0,1261.8499755859375,1240.949951171875,1243.1500244140625,1337624.0,1259.2899169921875,1284.497314453125,1233.5897216796875,1260.3192138671875,3643311.0,1259.949951171875,-0.013333804840570784,0.00029307727260841077,-0.013626882113179195,0.0001856919161264831
2024-12-17,1235.0999755859375,1259.5,1229.050048828125,1231.9000244140625,2684726.0,1246.764892578125,1268.0709228515625,1223.419677734375,1246.9781494140625,1875980.5,1243.1500244140625,-0.00904959158513674,0.003079374914386701,-0.012128966499523441,0.00014711182834656192
2024-12-18,1236.0,1238.9000244140625,1207.25,1210.050048828125,1931870.0,1247.0550537109375,1276.186279296875,1224.965087890625,1255.449462890625,5222784.5,1231.9000244140625,-0.01773680911836184,0.019116355231637794,-0.036853164349999634,0.001358155722608084
2024-12-19,1187.5,1209.0,1185.0,1205.0,1541271.0,1217.953125,1235.7325439453125,1186.0882568359375,1204.24951171875,2638935.0,1210.050048828125,-0.004173421448985248,-0.004793634044304662,0.0006202125953194138,3.846636633928429e-07
2024-12-20,1205.0,1215.9000244140625,1176.199951171875,1182.449951171875,3045185.0,1205.1778564453125,1233.9716796875,1188.413818359375,1216.171142578125,992751.25,1205.0,-0.018713733467323634,0.00927065774118252,-0.027984391208506154,0.0007831261513107165
2024-12-23,1189.949951171875,1199.0,1174.25,1191.800048828125,1540796.0,1190.3099365234375,1211.62060546875,1164.670166015625,1185.025390625,2850795.5,1182.449951171875,0.007907394005964852,0.0021780536677875606,0.005729340338177291,3.2825340710665476e-05
2024-12-24,1198.0,1203.0999755859375,1180.0,1182.199951171875,1380778.0,1188.39990234375,1216.6514892578125,1168.4696044921875,1196.0511474609375,2969782.5,1191.800048828125,-0.008055124402528424,0.003566956249911657,-0.011622080652440081,0.00013507275869182206
2024-12-26,1187.0,1249.0,1182.550048828125,1243.949951171875,3827047.0,1201.21533203125,1240.51953125,1173.697998046875,1213.4127197265625,5521098.5,1182.199951171875,0.05223312684016723,0.026402275286635968,0.025830851553531264,0.0006672328919805685
2024-12-27,1248.449951171875,1250.949951171875,1225.75,1230.699951171875,2595142.0,1182.726806640625,1265.32177734375,1112.8140869140625,1245.7144775390625,6113765.0,1243.949951171875,-0.010651553937132019,0.0014184866244217886,-0.012070040561553808,0.00014568587915755416
2024-12-30,1233.75,1258.800048828125,1212.0,1218.5,8312636.0,1223.51318359375,1250.330322265625,1207.989501953125,1236.0859375,2923108.5,1230.699951171875,-0.00991301832770708,0.0043763602354875974,-0.014289378563194677,0.00020418633972228757
2024-12-31,1222.0,1236.800048828125,1208.1500244140625,1231.0999755859375,1717204.0,1220.1490478515625,1244.1837158203125,1198.0250244140625,1222.809814453125,4929717.5,1218.5,0.01034056264746619,0.003536983547907324,0.006803579099558865,4.628868856395422e-05
2025-01-01,1223.0,1231.800048828125,1206.3499755859375,1218.699951171875,1937930.0,1222.7552490234375,1246.224609375,1205.9256591796875,1230.9720458984375,2082925.625,1231.0999755859375,-0.010072313102078234,-0.00010391494601336149,-0.009968398156064873,9.936896179783756e-05
2025-01-02,1223.800048828125,1228.4000244140625,1208.0999755859375,1226.0,3772207.0,1213.610595703125,1236.7392578125,1194.9410400390625,1218.383544921875,1852752.875,1218.699951171875,0.00599002963863704,-0.0002596260463419986,0.0062496556849790386,3.9058196180790814e-05
2025-01-03,1234.5,1237.5999755859375,1197.0,1199.550048828125,3040564.0,1219.7264404296875,1242.0107421875,1203.16015625,1227.2447509765625,2245918.75,1226.0,-0.021574185295167192,0.0010152944343901904,-0.022589479729557382,0.0005102845944520839
2025-01-06,1199.550048828125,1200.9000244140625,1158.050048828125,1163.050048828125,2298522.0,1213.109619140625,1234.487548828125,1193.6663818359375,1215.8568115234375,2127956.0,1199.550048828125,-0.03042807595702901,0.013594066134416938,-0.04402214209144595,0.001937948994319457
2025-01-07,1163.050048828125,1182.1500244140625,1162.050048828125,1174.0,2010913.0,1163.105224609375,1183.9886474609375,1136.9075927734375,1156.44091796875,3048251.5,1163.050048828125,0.009414858099105805,-0.005682585083964575,0.01509744318307038,0.0002279327906660383
2025-01-08,1183.550048828125,1183.550048828125,1141.0999755859375,1152.300048828125,2900996.0,1166.8697509765625,1181.4906005859375,1136.240966796875,1151.200927734375,2830857.75,1174.0,-0.018483774422380694,-0.019419993411946335,0.0009362189895656403,8.765059964233086e-07
2025-01-09,1156.699951171875,1156.699951171875,1129.949951171875,1132.3499755859375,1884725.0,1155.7333984375,1190.7877197265625,1140.12939453125,1172.943359375,3075766.25,1152.300048828125,-0.017313262515675887,0.017914874314089557,-0.035228136829765444,0.0012410216244966765
2025-01-10,1134.9000244140625,1137.4000244140625,1106.300048828125,1112.199951171875,1902237.0,1131.1990966796875,1152.2200927734375,1110.8856201171875,1131.886962890625,1330119.5,1132.3499755859375,-0.017794873359392116,-0.00040889539920985207,-0.017385977960182264,0.0003022722296319434
2025-01-13,1100.9000244140625,1106.449951171875,1058.949951171875,1066.6500244140625,2273302.0,1111.452880859375,1126.651123046875,1080.9356689453125,1099.419189453125,2206470.5,1112.199951171875,-0.04095480017762865,-0.011491424455902455,-0.029463375721726193,0.0008680905089196044
2025-01-14,1078.8499755859375,1131.4000244140625,1075.050048828125,1117.0999755859375,6277854.0,1073.986328125,1089.6796875,1045.367919921875,1067.56640625,1003872.25,1066.6500244140625,0.047297567165564436,0.0008591213752990878,0.04643844579026535,0.0021565292474154136
2025-01-15,1125.0,1141.949951171875,1118.5,1128.9000244140625,3135942.0,1117.498291015625,1163.59521484375,1100.2772216796875,1145.4599609375,3141334.75,1117.0999755859375,0.010563109019795291,0.02538715063232111,-0.014824041612525818,0.00021975220972989706
2025-01-16,1179.949951171875,1190.0,1145.4000244140625,1150.75,3997547.0,1135.826416015625,1157.4024658203125,1113.545166015625,1135.54345703125,2058715.75,1128.9000244140625,0.019355102412437653,0.005884872418738363,0.01347022999369929,0.00018144709608315597
2025-01-17,1163.0,1173.6500244140625,1145.5,1163.5,2464355.0,1172.0380859375,1201.457275390625,1148.4989013671875,1180.3232421875,1912241.0,1150.75,0.011079730610471517,0.025699102487508174,-0.014619371877036658,0.00021372603407909032
2025-01-20,1172.0,1172.0,1146.5,1148.699951171875,1312101.0,1173.953125,1219.94580078125,1155.001220703125,1202.45947265625,3408366.75,1163.5,-0.012720282619789414,0.03348472080468423,-0.046205003424473645,0.0021349023414556213
2025-01-21,1150.0,1154.25,1104.0,1106.199951171875,3134022.0,1159.84814453125,1173.6571044921875,1136.1663818359375,1150.738037109375,1753206.375,1148.699951171875,-0.036998347528998,0.0017742543955197032,-0.0387726019245177,0.0015033146599971138
2025-01-22,1115.5,1118.050048828125,1080.449951171875,1102.25,1906032.0,1118.6572265625,1138.947021484375,1099.94873046875,1118.283203125,1871044.875,1106.199951171875,-0.0035707388774430804,0.010923207816384783,-0.014493946693827864,0.00021007449076352366
2025-01-23,1102.25,1114.25,1089.6500244140625,1104.0,1968815.0,1109.6510009765625,1130.0240478515625,1090.77734375,1109.7083740234375,1666251.5,1102.25,0.0015876616012702183,0.006766499454241348,-0.00517883785297113,2.682036150736662e-05
2025-01-24,1104.1500244140625,1115.0,1088.25,1094.1500244140625,2400140.0,1107.3809814453125,1118.42578125,1082.1123046875,1092.9609375,1278446.75,1104.0,-0.008922079335088262,-0.009999150815217406,0.0010770714801291437,1.1600829733075842e-06
2025-01-27,1085.0999755859375,1093.5999755859375,1067.550048828125,1082.0,2371555.0,1099.047607421875,1142.0869140625,1082.0584716796875,1123.72119140625,2824886.5,1094.1500244140625,-0.011104532415990298,0.027026610914735683,-0.03813114333072598,0.0014539840917083685
2025-01-28,1087.0,1096.6500244140625,1061.25,1080.699951171875,2404643.0,1101.82421875,1140.9471435546875,1077.0516357421875,1119.11474609375,3407523.5,1082.0,-0.0012015238707254738,0.03430198345078561,-0.035503507321511085,0.0012604990321285912
2025-01-29,1085.0,1102.8499755859375,1074.5,1096.949951171875,4603700.0,1084.8758544921875,1129.8707275390625,1066.900390625,1110.744140625,2834400.25,1080.699951171875,0.015036551063390968,0.027800676238160404,-0.012764125174769436,0.0001629228914771829
2025-01-30,1103.9000244140625,1118.5,1010.75,1077.050048828125,14097862.0,1093.2723388671875,1114.231201171875,1072.8951416015625,1094.4481201171875,2108959.0,1096.949951171875,-0.018141121500111157,-0.0022807157719590965,-0.01586040572815206,0.0002515524698615987
2025-01-31,1085.0,1109.25,1074.0,1099.3499755859375,4659891.0,1091.345947265625,1117.2568359375,1067.778564453125,1095.5452880859375,3864980.5,1077.050048828125,0.020704633718809706,0.017172126103086827,0.0035325076157228796,1.2478610055140144e-05
2025-02-01,1105.9000244140625,1117.5,1063.0,1084.0999755859375,4919797.0,1103.615478515625,1126.919921875,1079.15966796875,1106.287109375,2424720.25,1099.3499755859375,-0.013871833664135913,0.006310214165752948,-0.02018204782988886,0.00040731505460792165
2025-02-03,1084.0,1094.0,1055.0,1084.8499755859375,3961203.0,1105.50634765625,1127.0777587890625,1080.622314453125,1106.189453125,2452302.0,1084.0999755859375,0.0006918181135413537,0.020375867573581896,-0.019684049460040542,0.00038746180314532235
2025-02-04,1100.0,1127.9000244140625,1091.75,1125.0999755859375,4071098.0,1081.5057373046875,1095.75537109375,1053.2467041015625,1072.3564453125,3761605.25,1084.8499755859375,0.03710190432392335,-0.011516366829145808,0.04861827115306916,0.0023637362899133567
2025-02-05,1126.0,1154.9000244140625,1123.550048828125,1144.3499755859375,2979646.0,1119.9267578125,1137.908935546875,1088.51611328125,1112.17626953125,5285150.0,1125.0999755859375,0.017109590629912574,-0.011486717922962408,0.028596308552874983,0.0008177488628512309
2025-02-06,1155.5999755859375,1169.4000244140625,1140.0999755859375,1164.050048828125,6263278.0,1153.2200927734375,1176.777099609375,1138.421142578125,1161.316162109375,1542289.0,1144.3499755859375,0.017215077259996825,0.014826047000831455,0.00238903025916537,5.707465579207755e-06
2025-02-07,1160.0,1175.6500244140625,1132.800048828125,1146.0999755859375,4079540.0,1158.3072509765625,1185.175048828125,1124.8939208984375,1165.7677001953125,5079706.0,1164.050048828125,-0.015420362088604533,0.0014755820584491097,-0.016895944147053643,0.0002854729286203563
2025-02-10,1150.0,1158.8499755859375,1127.25,1144.199951171875,2415627.0,1163.491455078125,1192.9625244140625,1147.217041015625,1177.0596923828125,2957314.0,1146.0999755859375,-0.0016578173410143338,0.02701310309429772,-0.028670920435312053,0.0008220216786079943
2025-02-11,1144.199951171875,1160.0,1114.050048828125,1140.0999755859375,4901591.0,1158.16015625,1182.953125,1088.361083984375,1164.2767333984375,2620982.0,1144.199951171875,-0.0035832684503598333,0.017546567980535333,-0.021129836430895166,0.00044646998759638457
2025-02-12,1140.0,1144.199951171875,1098.949951171875,1128.949951171875,2862155.0,1146.3394775390625,1163.377197265625,1126.5303955078125,1146.3526611328125,2439682.25,1140.0999755859375,-0.00977986549673604,0.00548433091901579,-0.01526419641575183,0.000232995692218651
2025-02-13,1133.800048828125,1151.6500244140625,1106.050048828125,1111.550048828125,3763868.0,1133.6494140625,1149.5,1114.3094482421875,1134.9713134765625,3277280.25,1128.949951171875,-0.015412465650659235,0.0053335954339137626,-0.020746061084572998,0.00043039905052483414
2025-02-14,1120.0,1120.0,1042.1500244140625,1062.699951171875,4565339.0,1128.263916015625,1144.7982177734375,1110.7086181640625,1131.383056640625,3355493.25,1111.550048828125,-0.043947726607318494,0.01784265839708188,-0.06179038500440037,0.0038180516789920265
2025-02-17,1058.949951171875,1089.300048828125,1040.0,1082.9000244140625,2518527.0,1070.734130859375,1094.5731201171875,1043.489501953125,1069.4012451171875,6420406.0,1062.699951171875,0.019008256488496356,0.006305913478139136,0.01270234301035722,0.00016134951795277093
2025-02-18,1082.9000244140625,1087.9000244140625,1061.949951171875,1085.1500244140625,1715308.0,1083.6478271484375,1113.445556640625,1056.387939453125,1090.916259765625,3677226.75,1082.9000244140625,0.002077754131751375,0.007402562721244621,-0.005324808589493246,2.8353586514741055e-05
2025-02-19,1061.5999755859375,1091.699951171875,1054.550048828125,1082.8499755859375,1792268.0,1069.9141845703125,1081.227783203125,1040.7677001953125,1056.6298828125,1994508.5,1085.1500244140625,-0.0021195675956113824,-0.026282210717326615,0.024162643121715233,0.0005838333226273725
2025-02-20,1074.199951171875,1126.0,1074.0,1111.699951171875,3714173.0,1067.1121826171875,1139.1043701171875,1043.556396484375,1126.7266845703125,3725600.75,1082.8499755859375,0.02664263400876621,0.040519656437756346,-0.013877022428990138,0.00019257175149469535
2025-02-21,1111.699951171875,1119.0999755859375,1080.0,1083.25,2360177.0,1005.2792358398438,1151.63671875,939.553955078125,1104.7607421875,5055718.0,1111.699951171875,-0.0255913937406268,-0.006241980110784584,-0.019349413629842216,0.00037439980781872373
2025-02-24,1083.25,1083.25,1065.699951171875,1070.4000244140625,1669749.0,1102.18505859375,1151.8291015625,1016.65283203125,1136.8746337890625,6641384.5,1083.25,-0.011862428419974647,0.04950346991835919,-0.061365898338333835,0.0037657734788707235
2025-02-25,1074.5999755859375,1091.4000244140625,1067.75,1080.3499755859375,1665355.0,1054.95458984375,1154.409912109375,998.3355102539062,1130.0028076171875,18705686.0,1070.4000244140625,0.00929554460475801,0.055682718463829994,-0.046387173859071984,0.0021517698986317714
2025-02-27,1083.0,1087.949951171875,1069.0999755859375,1078.949951171875,1819078.0,1096.44140625,1128.4716796875,1082.26904296875,1115.8306884765625,1900541.75,1080.3499755859375,-0.0012958989639474394,0.03284186947973189,-0.03413776844367933,0.0011653872343142682
2025-02-28,1074.0,1082.9000244140625,1059.199951171875,1069.4000244140625,2849138.0,1089.3536376953125,1112.393310546875,1073.48193359375,1098.7232666015625,1881922.5,1078.949951171875,-0.008851130441629884,0.018326443602144193,-0.027177574043774078,0.0007386205309048224
2025-03-03,1074.949951171875,1081.0,1040.5999755859375,1053.050048828125,2274285.0,1083.20751953125,1108.5421142578125,1060.47216796875,1085.36279296875,5138107.0,1069.4000244140625,-0.015288923894401285,0.014926845137705813,-0.030215769032107098,0.0009129926982016423
2025-03-04,1047.949951171875,1063.0,1036.5,1057.949951171875,1788886.0,1062.8612060546875,1097.3270263671875,1046.4859619140625,1083.5443115234375,1220884.75,1053.050048828125,0.004653057420397788,0.028958037397412983,-0.024304979977015195,0.0005907320516831096
2025-03-05,1056.800048828125,1118.6500244140625,1055.0,1112.699951171875,3785743.0,1053.542724609375,1097.7435302734375,1035.142578125,1083.982421875,3016484.5,1057.949951171875,0.051751030319869384,0.0246065238476445,0.027144506472224883,0.0007368242316206586
2025-03-06,1118.199951171875,1148.75,1101.8499755859375,1136.199951171875,4020627.0,1122.625244140625,1161.495361328125,1106.6944580078125,1143.38916015625,4863386.0,1112.699951171875,0.021119799614667256,0.02758084868436783,-0.006461049069700575,4.174515508107867e-05
2025-03-07,1136.199951171875,1156.949951171875,1134.0999755859375,1144.5,2211623.0,1142.2027587890625,1182.466552734375,1129.34375,1169.5859375,3929494.5,1136.199951171875,0.007305095216352031,0.029383900513013428,-0.022078805296661397,0.00048747364332788336
2025-03-10,1146.0,1168.6500244140625,1136.949951171875,1142.9000244140625,2430740.0,1150.710693359375,1244.050048828125,1126.43798828125,1224.6800537109375,9123868.0,1144.5,-0.0013979690571755965,0.0700568402891546,-0.0714548093463302,0.005105789778720397
2025-03-11,1137.300048828125,1145.9000244140625,1124.4000244140625,1135.0,2399428.0,1159.3299560546875,1203.7020263671875,1148.326171875,1193.1961669921875,3853121.75,1142.9000244140625,-0.006912262004817649,0.04400747353550072,-0.05091973554031837,0.0025928194674959613
2025-03-12,1139.0,1155.1500244140625,1105.0,1128.300048828125,2842848.0,1112.7999267578125,1169.880859375,1063.658447265625,1155.9063720703125,5449112.0,1135.0,-0.005903040680066085,0.018419711075165157,-0.024322751755231242,0.0005915962529466044
2025-03-13,1135.0,1139.449951171875,1115.050048828125,1119.199951171875,1358839.0,1105.2039794921875,1163.3511962890625,1056.8463134765625,1148.976806640625,5558881.5,1128.300048828125,-0.008065317080949819,0.01832558443472143,-0.02639090151567125,0.0006964796828098591
2025-03-17,1114.800048828125,1148.550048828125,1111.199951171875,1137.1500244140625,1489537.0,1122.9339599609375,1134.8426513671875,1103.7408447265625,1118.708251953125,1791964.5,1119.199951171875,0.01603830774241244,-0.00043933098659909575,0.016477638729011534,0.00027151257808382084
2025-03-18,1137.1500244140625,1137.1500244140625,1137.1500244140625,1137.1500244140625,0.0,1154.281005859375,1175.913330078125,1145.8419189453125,1166.6514892578125,2074767.75,1137.1500244140625,0.0,0.025943335716807514,-0.025943335716807514,0.0006730566681149804
2025-03-19,1160.0,1184.5,1158.800048828125,1173.5,2416781.0,1133.74951171875,1142.1041259765625,1110.728515625,1122.8970947265625,1513747.25,1137.1500244140625,0.03196585745549929,-0.01253390439387636,0.04449976184937565,0.0019802288046511488
2025-03-20,1185.0,1186.949951171875,1161.199951171875,1177.449951171875,1919013.0,1178.255615234375,1193.6292724609375,1163.058837890625,1178.3236083984375,2805366.75,1173.5,0.0033659575388793606,0.004110446014859326,-0.0007444884759799653,5.542630908669713e-07
2025-03-21,1182.0,1202.550048828125,1172.050048828125,1188.800048828125,3127446.0,1179.6046142578125,1193.170166015625,1162.750732421875,1178.3455810546875,2408803.0,1177.449951171875,0.009639558475460941,0.0007606521890133333,0.008878906286447608,7.883497684351885e-05
2025-03-24,1196.0,1210.8499755859375,1186.050048828125,1200.800048828125,2135192.0,1188.506591796875,1206.4527587890625,1173.4884033203125,1193.130615234375,5606364.0,1188.800048828125,0.010094212236809064,0.003642804700856983,0.006451407535952081,4.1620659194939294e-05
2025-03-25,1205.0,1209.0999755859375,1174.550048828125,1182.449951171875,2090037.0,1198.450927734375,1215.7158203125,1185.0760498046875,1203.983154296875,1920873.5,1200.800048828125,-0.01528155971858769,0.002650820569050083,-0.017932380287637772,0.00032157026278045974
2025-03-26,1183.0,1202.199951171875,1173.050048828125,1181.5999755859375,1676081.0,1179.958251953125,1187.6707763671875,1155.606201171875,1167.683837890625,2018681.0,1182.449951171875,-0.0007188258455210761,-0.012487727930146963,0.011768902084625887,0.00013850705627751155
2025-03-27,1182.0,1212.0,1175.0,1196.75,2004036.0,1190.9296875,1204.79736328125,1181.6593017578125,1194.7119140625,2146629.25,1181.5999755859375,0.012821618760232134,0.011096766035443073,0.001724852724789061,2.9751169222122485e-06
2025-03-28,1197.699951171875,1205.0,1175.199951171875,1182.949951171875,1670913.0,1198.14453125,1210.17578125,1188.11865234375,1198.9349365234375,2179666.25,1196.75,-0.011531271216315031,0.0018257251083664272,-0.013356996324681458,0.000178409350817554
2025-04-01,1179.0,1202.0,1168.050048828125,1174.75,1584541.0,1189.5867919921875,1207.1309814453125,1175.5386962890625,1194.652587890625,2510727.75,1182.949951171875,-0.006931781994455322,0.0098927572609111,-0.016824539255366422,0.00028306512115536573
2025-04-02,1182.4000244140625,1198.949951171875,1167.3499755859375,1195.449951171875,1232853.0,1172.31689453125,1183.5302734375,1149.7984619140625,1170.57861328125,1622761.5,1174.75,0.01762072881198118,-0.0035508718610343104,0.02117160067301549,0.00044823667505762994
2025-04-03,1170.25,1205.800048828125,1170.25,1199.9000244140625,1300511.0,1185.5850830078125,1194.390380859375,1168.56787109375,1181.3402099609375,1532234.25,1195.449951171875,0.0037225090333770083,-0.011802870707473767,0.015525379740850775,0.0002410374160976197
2025-04-04,1196.0,1200.0999755859375,1143.0,1148.3499755859375,1785093.0,1185.5638427734375,1198.138916015625,1169.2989501953125,1188.2083740234375,1342978.25,1199.9000244140625,-0.04296195331215036,-0.009743853781763456,-0.0332180995303869,0.0011034421364106905
2025-04-07,1049.949951171875,1119.0,1041.5,1110.6500244140625,2192949.0,1161.220703125,1181.6552734375,1136.536376953125,1149.09619140625,1398927.5,1148.3499755859375,-0.032829670373475506,0.0006498156800427424,-0.03347948605351825,0.0011208759864077228
2025-04-08,1135.0,1155.6500244140625,1111.050048828125,1131.3499755859375,2423486.0,1090.654296875,1112.788818359375,1070.1634521484375,1111.0020751953125,1728967.0,1110.6500244140625,0.018637690286636976,0.00031697724171553254,0.018320713044921444,0.00033564852647435475
2025-04-09,1133.8499755859375,1135.5999755859375,1112.0,1131.800048828125,1537177.0,1136.9014892578125,1151.710693359375,1122.636962890625,1138.6822509765625,1335788.25,1131.3499755859375,0.0003978196419320845,0.0064809966401666586,-0.006083176998234574,3.7005042391850205e-05
2025-04-11,1163.0,1170.300048828125,1148.0,1164.550048828125,3536245.0,1130.049072265625,1146.8974609375,1118.2847900390625,1135.971435546875,1400418.75,1131.800048828125,0.028936206562201194,0.003685621610521217,0.025250584951679977,0.0006375920404020073
2025-04-15,1200.0,1225.9000244140625,1179.0,1210.800048828125,3176522.0,1190.337646484375,1213.463134765625,1163.6629638671875,1165.780029296875,2404239.0,1164.550048828125,0.03971490967394731,0.0010561851506405429,0.038658724523306764,0.0014944969817689197
2025-04-16,1210.0,1235.5,1201.5999755859375,1232.9000244140625,1909731.0,1213.9942626953125,1229.8155517578125,1196.4151611328125,1214.1151123046875,2219484.0,1210.800048828125,0.018252374211024325,0.0027379115814960553,0.01551446262952827,0.00024069855068302922
2025-04-17,1232.9000244140625,1282.5,1218.5999755859375,1259.4000244140625,4280765.0,1222.1370849609375,1230.824462890625,1207.1187744140625,1217.3812255859375,1545421.5,1232.9000244140625,0.021494038020312356,-0.012587232152501793,0.03408127017281415,0.0011615329765923513
2025-04-21,1259.4000244140625,1260.0,1209.4000244140625,1243.0999755859375,6049182.0,1256.7685546875,1270.2171630859375,1238.0526123046875,1254.3822021484375,2614863.25,1259.4000244140625,-0.012942709633270488,-0.003984295830039786,-0.008958413803230703,8.025317786991439e-05
2025-04-22,1249.5999755859375,1255.5999755859375,1227.0,1233.199951171875,2932537.0,1233.6248779296875,1249.3701171875,1209.992919921875,1230.48828125,3278364.25,1243.0999755859375,-0.007963980861150022,-0.010145358043300523,0.0021813771821505012,4.758406410806861e-06
2025-04-23,1240.0999755859375,1242.800048828125,1216.800048828125,1239.0999755859375,2580999.0,1235.359375,1250.411376953125,1221.291259765625,1238.2147216796875,2408295.5,1233.199951171875,0.004784320992273772,0.004066469920832372,0.0007178510714413999,5.153101607695658e-07
2025-04-24,1238.0,1248.0,1231.5999755859375,1236.4000244140625,2133285.0,1230.538330078125,1240.54150390625,1215.1859130859375,1226.830078125,2217476.0,1239.0999755859375,-0.002178961524551881,-0.009902265920984643,0.007723304396432762,5.964943079995763e-05
2025-04-25,1236.300048828125,1243.4000244140625,1181.199951171875,1193.0,3628854.0,1241.3729248046875,1251.64208984375,1223.35205078125,1235.3505859375,2748170.5,1236.4000244140625,-0.03510192782035093,-0.0008487855514721643,-0.03425314226887877,0.0011732777552920493
2025-04-28,1188.0999755859375,1214.699951171875,1184.0999755859375,1209.9000244140625,2646406.0,1183.3497314453125,1204.63037109375,1167.5472412109375,1199.49560546875,1776762.25,1193.0,0.014165988611955171,0.005444765690486131,0.00872122292146904,7.6059729245957e-05
2025-04-29,1212.0,1223.9000244140625,1202.5,1216.4000244140625,2381980.0,1206.8880615234375,1228.9205322265625,1194.93017578125,1217.6046142578125,2328108.0,1209.9000244140625,0.005372344713479915,0.006367955771784617,-0.0009956110583047018,9.912413794186083e-07
2025-04-30,1215.0999755859375,1226.5,1203.9000244140625,1216.5,1824334.0,1217.9454345703125,1233.10009765625,1201.5341796875,1217.9105224609375,2910664.25,1216.4000244140625,8.218972700668736e-05,0.001241777389475729,-0.0011595876624690415,1.3446435469504159e-06
2025-05-02,1255.0,1295.0,1242.699951171875,1263.0999755859375,10694521.0,1213.3389892578125,1233.6788330078125,1203.587890625,1213.5010986328125,1448461.75,1216.5,0.03830659727573993,-0.0024651881357891092,0.04077178541152904,0.0016623384856437721
2025-05-05,1290.0,1377.0,1285.699951171875,1347.0999755859375,14191797.0,1274.3756103515625,1280.20703125,1253.4107666015625,1262.427734375,3163905.25,1263.0999755859375,0.06650304934178575,-0.0005322153621495351,0.06703526470393528,0.004493726713926671
2025-05-06,1350.0,1356.300048828125,1315.0,1320.800048828125,3604276.0,1318.064697265625,1327.708984375,1263.498046875,1269.376220703125,3640521.75,1347.0999755859375,-0.01952336666502652,-0.05769709471563578,0.03817372805060926,0.001457233513281872
2025-05-07,1298.800048828125,1341.300048828125,1298.699951171875,1338.199951171875,3269847.0,1326.62060546875,1333.4228515625,1293.87353515625,1299.9736328125,4177779.75,1320.800048828125,0.01317375961576328,-0.01576803092497092,0.028941790540734202,0.0008376272397037318
2025-05-08,1340.0,1366.9000244140625,1316.4000244140625,1333.0999755859375,5077662.0,1324.389892578125,1341.5869140625,1315.6328125,1326.0875244140625,2215202.0,1338.199951171875,-0.003811071418341805,-0.009051283216088502,0.005240211797746697,2.7459819685243667e-05
2025-05-09,1300.0,1324.9000244140625,1292.5999755859375,1306.300048828125,2979366.0,1334.295654296875,1348.995849609375,1283.8018798828125,1288.03662109375,5509007.5,1333.0999755859375,-0.020103463542584743,-0.0338034320887155,0.013699968546130759,0.00018768913816497214
2025-05-12,1360.0,1375.0,1345.5,1362.0999755859375,3662785.0,1295.0052490234375,1307.881591796875,1274.6802978515625,1285.469482421875,3408916.5,1306.300048828125,0.04271601061935981,-0.01594623411745022,0.05866224473681003,0.0034412589575613965
2025-05-13,1360.5999755859375,1391.9000244140625,1347.0999755859375,1369.199951171875,3356599.0,1350.718994140625,1351.4808349609375,1283.1959228515625,1293.453125,4680440.0,1362.0999755859375,0.005212521630714617,-0.05039780619363676,0.05561032782435138,0.0030925085607318293
2025-05-14,1380.0,1381.9000244140625,1362.0,1371.800048828125,1557379.0,1358.9375,1373.463623046875,1344.1953125,1354.575927734375,2740696.0,1369.199951171875,0.0018989904681376846,-0.010680706952248653,0.012579697420386338,0.0001582487871884747
2025-05-15,1375.5999755859375,1409.9000244140625,1371.9000244140625,1406.199951171875,3706424.0,1355.910888671875,1367.1427001953125,1340.9788818359375,1349.7696533203125,2056424.0,1371.800048828125,0.02507646968895827,-0.016059480043489005,0.041135949732447274,0.001692166360390429
2025-05-16,1410.9000244140625,1424.9000244140625,1401.0,1407.4000244140625,2777119.0,1385.349365234375,1398.009765625,1354.1903076171875,1366.49609375,6277104.0,1406.199951171875,0.0008534157899717787,-0.02823485905314338,0.02908827484311516,0.0008461277333486061
2025-05-19,1407.5,1410.5999755859375,1392.0,1398.300048828125,1317210.0,1417.8851318359375,1433.5120849609375,1363.386474609375,1380.8082275390625,4201966.5,1407.4000244140625,-0.006465806045247158,-0.018894270579589367,0.01242846453434221,0.00015446673068140212
2025-05-20,1399.0,1407.300048828125,1381.4000244140625,1384.5999755859375,2970441.0,1403.1552734375,1402.1502685546875,1304.228759765625,1315.25634765625,5993299.0,1398.300048828125,-0.009797663422574487,-0.0593890426031749,0.049591379180600415,0.0024593048890340884
2025-05-21,1380.0,1391.0,1370.199951171875,1384.5999755859375,1993690.0,1378.6097412109375,1391.4586181640625,1352.0875244140625,1363.177978515625,4207304.0,1384.5999755859375,0.0,-0.015471614508188236,0.015471614508188236,0.00023937085548998073
2025-05-22,1380.0999755859375,1408.0,1358.5999755859375,1371.4000244140625,3186493.0,1406.2445068359375,1410.9857177734375,1356.4376220703125,1366.5380859375,4890161.0,1384.5999755859375,-0.009533404163385883,-0.013044843252141503,0.003511439088755619,1.2330204474040893e-05
2025-05-23,1383.0999755859375,1398.5,1375.0,1395.4000244140625,1715309.0,1365.33837890625,1379.162353515625,1354.531005859375,1363.80029296875,2127476.0,1371.4000244140625,0.017500364279382286,-0.005541586196601944,0.02304195047598423,0.0005309314817377098
2025-05-26,1395.800048828125,1410.5999755859375,1394.800048828125,1400.199951171875,1024835.0,1384.0367431640625,1430.571044921875,1381.9437255859375,1422.2681884765625,4453146.0,1395.4000244140625,0.0034398213227981866,0.019254811231483426,-0.01581498990868524,0.00025011390581181596
2025-05-27,1397.0,1419.0,1385.4000244140625,1404.199951171875,2571237.0,1385.7105712890625,1406.55126953125,1380.7322998046875,1395.13671875,1700499.5,1400.199951171875,0.0028567348517989366,-0.0036160781305822898,0.006472812982381226,4.189730790488295e-05
2025-05-28,1405.0,1427.800048828125,1403.0,1411.0,2035398.0,1407.9525146484375,1420.9105224609375,1392.0257568359375,1400.52099609375,2680446.75,1404.199951171875,0.004842649953412881,-0.0026199652514263816,0.0074626152048392624,5.569062569549815e-05
2025-05-29,1421.0,1441.0,1410.5,1438.5999755859375,1662886.0,1417.873291015625,1454.1668701171875,1413.5870361328125,1442.4326171875,3101320.5,1411.0,0.019560578019799824,0.022276837127923388,-0.0027162591081235643,7.378063542464221e-06
2025-05-30,1442.0,1457.5,1428.800048828125,1432.800048828125,2575127.0,1423.1109619140625,1438.99462890625,1410.853271484375,1421.8050537109375,3008249.5,1438.5999755859375,-0.0040316466399564765,-0.011674490588086894,0.007642843948130418,5.8413063615473754e-05
2025-06-02,1432.800048828125,1482.0,1425.300048828125,1468.0,3164701.0,1424.6435546875,1435.276123046875,1406.1571044921875,1412.6397705078125,2067346.375,1432.800048828125,0.02456724593265114,-0.01407054552852749,0.03863779146117863,0.001492878928997528
2025-06-03,1470.0,1472.0,1426.699951171875,1432.300048828125,3677200.0,1470.702392578125,1483.5540771484375,1457.408203125,1464.767333984375,2229042.0,1468.0,-0.024318767828252708,-0.0022020885665020584,-0.02211667926175065,0.0004891475015671512
2025-06-04,1432.300048828125,1441.0999755859375,1423.0999755859375,1436.199951171875,1446972.0,1448.2513427734375,1465.3863525390625,1434.48583984375,1445.2943115234375,2953652.25,1432.300048828125,0.002722824974376481,0.009072304860943126,-0.006349479886566645,4.031589482991437e-05
2025-06-05,1443.800048828125,1467.699951171875,1438.0,1456.699951171875,2019939.0,1424.6761474609375,1434.1971435546875,1399.39306640625,1407.7994384765625,2433737.0,1436.199951171875,0.014273778510626611,-0.01977476233176234,0.03404854084238895,0.0011593031334958285
2025-06-06,1456.699951171875,1478.9000244140625,1453.699951171875,1471.699951171875,1269864.0,1445.9747314453125,1457.8187255859375,1430.008544921875,1439.86181640625,2259572.25,1456.699951171875,0.01029724754774164,-0.01155909612825834,0.02185634367599998,0.00047769975888342425
2025-06-09,1482.0,1484.0,1463.0999755859375,1467.0999755859375,1493331.0,1452.5670166015625,1459.1082763671875,1419.4769287109375,1425.6533203125,2006736.25,1471.699951171875,-0.0031256205330948417,-0.03128805625270914,0.028162435719614298,0.0007931227856614073
2025-06-10,1472.0,1494.0,1469.800048828125,1473.800048828125,2125187.0,1449.53515625,1462.12109375,1423.823486328125,1429.898681640625,1655648.375,1467.0999755859375,0.004566882525856242,-0.025357027172231317,0.02992390969808756,0.0008954403716192987
2025-06-11,1473.800048828125,1476.0,1448.800048828125,1456.4000244140625,2192673.0,1451.6982421875,1469.701171875,1445.6806640625,1454.7391357421875,1351430.75,1473.800048828125,-0.011806231400180778,-0.012933174416090987,0.001126943015910209,1.2700005611087975e-06
2025-06-12,1459.800048828125,1465.5999755859375,1440.0999755859375,1445.800048828125,2192452.0,1449.0684814453125,1469.0987548828125,1445.8375244140625,1456.8125,1374063.75,1456.4000244140625,-0.0072782033838554305,0.00028321586035628954,-0.00756141924421172,5.717506098673534e-05
2025-06-13,1405.0,1423.800048828125,1397.0999755859375,1405.0,3380550.0,1461.420166015625,1486.478271484375,1458.9307861328125,1476.9237060546875,1724403.0,1445.800048828125,-0.028219703589853262,0.021526944373663204,-0.049746647963516466,0.002474728983606037
2025-06-16,1389.0,1411.199951171875,1375.0,1400.5999755859375,2823300.0,1408.3585205078125,1428.4827880859375,1401.507568359375,1416.6051025390625,2223373.0,1405.0,-0.003131689974421703,0.00825985945840757,-0.011391549432829273,0.00012976739848059293
2025-06-17,1400.5,1414.800048828125,1384.0,1392.300048828125,1571621.0,1393.06201171875,1409.9598388671875,1386.0557861328125,1399.5162353515625,1274608.625,1400.5999755859375,-0.00592597951055962,-0.0007737685658045779,-0.005152210944755042,2.6545277619253647e-05
2025-06-18,1387.0,1395.199951171875,1365.199951171875,1372.5999755859375,1732093.0,1396.6356201171875,1419.81787109375,1392.552734375,1409.92578125,1333064.375,1392.300048828125,-0.014149301552326077,0.012659435325532264,-0.02680873687785834,0.0007187083729862418
2025-06-19,1370.5,1372.5999755859375,1331.5999755859375,1338.0,2950283.0,1373.8187255859375,1382.754638671875,1355.2227783203125,1362.829833984375,1434963.875,1372.5999755859375,-0.025207617806613625,-0.007117981768425818,-0.018089636038187806,0.000327234931994103
2025-06-20,1338.0,1356.699951171875,1334.5999755859375,1349.300048828125,4541583.0,1342.569580078125,1359.9833984375,1333.4107666015625,1347.2181396484375,1606068.125,1338.0,0.008445477450018668,0.006889491516022028,0.0015559859339966398,2.4210922267953952e-06
2025-06-23,1341.0,1364.9000244140625,1335.699951171875,1354.800048828125,3921155.0,1357.9945068359375,1389.2823486328125,1351.8668212890625,1377.28955078125,1912636.125,1349.300048828125,0.004076187505348994,0.020743719662230875,-0.01666753215688188,0.00027780662820069157
2025-06-24,1395.0999755859375,1418.699951171875,1385.0999755859375,1389.5,7635176.0,1354.44775390625,1375.9654541015625,1345.4385986328125,1363.9219970703125,2717330.5,1354.800048828125,0.02561259958758466,0.006733058690157057,0.018879540897427605,0.0003564370644976415
2025-06-25,1399.699951171875,1404.0,1385.5,1393.0999755859375,1915989.0,1412.445068359375,1445.589599609375,1403.153076171875,1431.412841796875,4310224.0,1389.5,0.002590842451196451,0.030163973945214195,-0.027573131494017744,0.0007602775803863932
2025-06-26,1399.0,1433.0,1395.199951171875,1429.300048828125,2877806.0,1371.0743408203125,1377.195068359375,1349.2650146484375,1355.7716064453125,2015587.625,1393.0999755859375,0.02598526586504435,-0.026795183256625,0.05278044912166935,0.002785775809485127
2025-06-27,1434.9000244140625,1456.800048828125,1427.0,1440.199951171875,2888390.0,1428.2725830078125,1438.9937744140625,1390.8695068359375,1391.0572509765625,2447872.0,1429.300048828125,0.007626042098499042,-0.026756311862521476,0.03438235396102052,0.0011821462639009033
2025-06-30,1440.800048828125,1453.5,1432.699951171875,1450.199951171875,1586196.0,1443.2557373046875,1465.2952880859375,1437.7943115234375,1454.263916015625,1915432.625,1440.199951171875,0.006943480307622041,0.009765286293966557,-0.0028218059863445166,7.96258902456975e-06
2025-07-01,1450.300048828125,1459.800048828125,1442.0,1447.0,2134736.0,1461.2744140625,1479.846435546875,1454.7677001953125,1468.3299560546875,1733174.75,1450.199951171875,-0.0022065585985499014,0.012501727688076336,-0.014708286286626238,0.00021633368548935745
2025-07-02,1458.0,1458.0,1440.0,1443.9000244140625,1219600.0,1454.0369873046875,1469.990966796875,1447.9144287109375,1456.662109375,2653467.75,1447.0,-0.00214234663851931,0.006677338890808571,-0.00881968552932788,7.778685283623562e-05
2025-07-03,1444.0,1451.0999755859375,1426.699951171875,1431.0999755859375,978007.0,1452.773193359375,1469.9825439453125,1447.1732177734375,1457.015625,2562906.25,1443.9000244140625,-0.008864913506265282,0.00908345478507755,-0.01794836829134283,0.00032214392432168077
2025-07-04,1432.0,1439.9000244140625,1416.5999755859375,1424.4000244140625,608462.0,1434.604736328125,1445.675537109375,1425.9227294921875,1433.0089111328125,1598937.875,1431.0999755859375,-0.004681679327911303,0.0013338939133817895,-0.006015573241293093,3.618712142136149e-05
2025-07-07,1424.4000244140625,1437.800048828125,1417.0,1435.5999755859375,764520.0,1435.8072509765625,1449.7679443359375,1431.573974609375,1440.4046630859375,1119004.0,1424.4000244140625,0.007862925428186562,0.011236056162283958,-0.003373130734097396,1.1378010949312437e-05
2025-07-08,1438.0,1449.9000244140625,1430.0,1448.5,824935.0,1420.9151611328125,1430.63671875,1404.8284912109375,1411.8575439453125,2058108.25,1435.5999755859375,0.00898580707261254,-0.01653833382863812,0.025524140901250658,0.0006514817687468967
2025-07-09,1448.4000244140625,1455.800048828125,1438.300048828125,1443.0,1008636.0,1438.107177734375,1449.818603515625,1425.39013671875,1436.55322265625,1548058.25,1448.5,-0.0037970314118053183,-0.00824768888073868,0.004450657468933361,1.980835190577231e-05
2025-07-10,1444.0,1450.199951171875,1437.199951171875,1443.0999755859375,1035509.0,1452.382080078125,1465.949462890625,1446.7884521484375,1455.3089599609375,1007017.625,1443.0,6.928315033793986e-05,0.008530117783047464,-0.008460834632709524,7.158572268205691e-05
2025-07-11,1444.0,1453.9000244140625,1428.300048828125,1431.699951171875,819864.0,1453.5733642578125,1459.2916259765625,1435.4571533203125,1440.6197509765625,1623778.0,1443.0999755859375,-0.007899677504625946,-0.0017186782976473802,-0.006180999206978566,3.8204751196669656e-05
2025-07-14,1432.0,1446.5,1426.0999755859375,1433.0,718442.0,1435.57470703125,1445.49560546875,1428.307861328125,1435.033935546875,798772.875,1431.699951171875,0.0009080455908800911,0.00232868931249941,-0.001420643721619319,2.018228583776389e-06
2025-07-15,1434.4000244140625,1449.300048828125,1429.0,1445.0999755859375,735108.0,1443.48046875,1460.5447998046875,1440.36279296875,1452.352783203125,942518.625,1433.0,0.008443807108120982,0.013505082486479303,-0.005061275378358321,2.5616508455576166e-05
2025-07-16,1447.5,1474.0,1442.9000244140625,1456.699951171875,2488981.0,1435.739990234375,1445.7904052734375,1428.97802734375,1435.6588134765625,760783.0,1445.0999755859375,0.008027109391676612,-0.006533224184400721,0.014560333576077333,0.00021200331384664496
2025-07-17,1455.0,1464.0,1448.9000244140625,1452.5,1168071.0,1450.3800048828125,1457.080322265625,1434.0537109375,1438.95068359375,1247673.375,1456.699951171875,-0.002883195793681681,-0.012184573469537274,0.009301377675855593,8.651562666890479e-05
2025-07-18,1452.4000244140625,1456.5,1429.0999755859375,1443.0999755859375,1147990.0,1449.5947265625,1458.9869384765625,1442.651123046875,1448.3092041015625,844948.875,1452.5,-0.00647161749677283,-0.0028852295342082224,-0.003586387962564608,1.2862178618028318e-05
2025-07-21,1442.0999755859375,1453.0999755859375,1430.0,1450.5,815780.0,1433.961181640625,1442.56201171875,1421.3411865234375,1429.0120849609375,1475743.625,1443.0999755859375,0.005127866772402845,-0.00976224160719008,0.014890108379592926,0.00022171532755602347
2025-07-22,1454.5,1454.5,1417.0999755859375,1420.699951171875,976668.0,1437.32373046875,1442.096435546875,1417.61083984375,1421.2445068359375,1691558.5,1450.5,-0.02054467344234745,-0.020169247269260615,-0.0003754261730868347,1.4094481143862595e-07
2025-07-23,1430.0,1438.5,1419.0,1420.800048828125,740816.0,1435.3916015625,1444.072265625,1426.804931640625,1433.48095703125,1040651.125,1420.699951171875,7.045657752535739e-05,0.008996273878120853,-0.008925817300595495,7.967021448360986e-05
2025-07-24,1423.199951171875,1426.0,1405.0,1411.5999755859375,598011.0,1428.9444580078125,1431.58740234375,1406.840087890625,1410.8619384765625,1321856.125,1420.800048828125,-0.006475276552654785,-0.0069947283291266205,0.0005194517764718354,2.6983014807974565e-07
2025-07-25,1411.699951171875,1416.699951171875,1390.0,1396.300048828125,744410.0,1412.5635986328125,1419.4803466796875,1397.2918701171875,1403.7843017578125,1287736.0,1411.5999755859375,-0.010838712824050356,-0.005536748344644016,-0.00530196447940634,2.8110827340886545e-05
2025-07-28,1396.300048828125,1404.0999755859375,1373.5,1376.0,790020.0,1385.3231201171875,1397.6337890625,1373.49609375,1382.8370361328125,970773.5,1396.300048828125,-0.014538457436252483,-0.00964191951909732,-0.004896537917155164,2.397608357413823e-05
2025-07-29,1376.0,1398.699951171875,1373.5999755859375,1395.9000244140625,782760.0,1388.860107421875,1412.9573974609375,1385.106201171875,1405.37255859375,1055981.0,1376.0,0.014462227045103582,0.021346336187318293,-0.006884109142214712,4.7390958681924175e-05
2025-07-30,1398.800048828125,1403.0999755859375,1391.5,1394.0,627316.0,1392.958740234375,1404.2427978515625,1384.66796875,1394.1693115234375,945588.125,1395.9000244140625,-0.0013611464867335776,-0.0012398544740706008,-0.00012129201266297684,1.4711752335835736e-08
2025-07-31,1382.0999755859375,1395.800048828125,1370.300048828125,1373.0999755859375,1412892.0,1396.2601318359375,1405.6915283203125,1386.6201171875,1394.462646484375,843443.0,1394.0,-0.014992843912526865,0.00033188413513274284,-0.015324728047659608,0.00023484728973472506
2025-08-01,1371.0,1375.9000244140625,1342.800048828125,1347.0999755859375,1239941.0,1377.6976318359375,1384.480712890625,1370.886474609375,1370.8900146484375,1039963.5,1373.0999755859375,-0.018935256326769068,-0.0016094683393734766,-0.01732578798739559,0.00030018292938418134
2025-08-04,1349.800048828125,1397.0,1345.199951171875,1388.9000244140625,1368323.0,1349.447265625,1370.446044921875,1346.32763671875,1362.2509765625,585308.125,1347.0999755859375,0.031029655991155147,0.011247124379148099,0.019782531612007048,0.0003913485569800582
2025-08-05,1392.0,1394.199951171875,1346.0,1358.0999755859375,3000067.0,1385.6339111328125,1390.8197021484375,1372.49169921875,1375.88720703125,595179.75,1388.9000244140625,-0.022175857359581164,-0.00936915339770572,-0.012806703961875443,0.00016401166636711618
2025-08-06,1374.0,1386.9000244140625,1358.0999755859375,1367.0999755859375,2293293.0,1367.24169921875,1389.5595703125,1363.623779296875,1382.8310546875,1480221.875,1358.0999755859375,0.0066269053543845935,0.01821005783531704,-0.011583152480932446,0.00013416942139653148
2025-08-07,1351.0,1357.9000244140625,1315.0,1345.4000244140625,2857406.0,1366.85498046875,1373.224365234375,1350.843505859375,1358.8309326171875,893259.625,1367.0999755859375,-0.01587298043990848,-0.006048601504221263,-0.009824378935687217,9.65184214719747e-05
2025-08-08,1345.4000244140625,1356.9000244140625,1317.699951171875,1325.0,1561061.0,1339.2738037109375,1347.83935546875,1301.4251708984375,1319.4539794921875,2878057.75,1345.4000244140625,-0.015162794740506191,-0.019285004051620147,0.004122209311113956,1.6992609604634593e-05
2025-08-11,1325.0,1348.300048828125,1313.699951171875,1339.4000244140625,2053173.0,1333.2015380859375,1348.7586669921875,1327.53759765625,1339.4302978515625,763656.875,1325.0,0.010867942954009502,0.010890790831368014,-2.284787735851168e-05,5.220254997895907e-10
2025-08-12,1342.0,1349.5999755859375,1328.199951171875,1330.5,1260241.0,1345.779541015625,1363.7261962890625,1340.543701171875,1356.0726318359375,1473105.25,1339.4000244140625,-0.006644784419767347,0.01244781776763726,-0.019092602187404606,0.0003645274582864871
2025-08-13,1335.199951171875,1339.300048828125,1316.5999755859375,1319.5999755859375,1205658.0,1313.1427001953125,1368.7357177734375,1299.823486328125,1328.3780517578125,1762543.0,1330.5,-0.008192427218385978,-0.0015948502383972274,-0.006597576979988751,4.352802200687748e-05
2025-08-14,1324.800048828125,1329.0,1290.5,1300.300048828125,2298528.0,1329.816162109375,1338.132080078125,1315.4794921875,1325.5975341796875,1301802.875,1319.5999755859375,-0.01462558890185095,0.004544982346704751,-0.0191705712485557,0.0003675108019959505
2025-08-18,1321.9000244140625,1332.0,1295.0,1327.199951171875,10225114.0,1312.197998046875,1328.870361328125,1306.488037109375,1319.2120361328125,1119391.0,1300.300048828125,0.02068745776637715,0.014544325612947384,0.0061431321534297645,3.7738072654502616e-05
2025-08-19,1332.0,1371.699951171875,1325.0,1369.4000244140625,3150673.0,1335.16015625,1350.858154296875,1335.0045166015625,1342.9017333984375,1996125.375,1327.199951171875,0.031796319164211884,0.01183075859270355,0.019965560571508334,0.0003986236089345682
2025-08-20,1369.4000244140625,1374.5999755859375,1358.0,1370.5999755859375,1594619.0,1354.79638671875,1363.66259765625,1338.878662109375,1348.8956298828125,1233094.0,1369.4000244140625,0.0008762605159062797,-0.014973268705777532,0.01584952922168381,0.00025120757654900904
2025-08-21,1371.0999755859375,1377.800048828125,1355.300048828125,1361.800048828125,1227167.0,1370.64208984375,1384.541748046875,1335.704833984375,1344.8787841796875,1398280.5,1370.5999755859375,-0.00642049242270748,-0.018766373751943233,0.012345881329235753,0.00015242078579557196
2025-08-22,1364.0,1364.0,1338.199951171875,1341.199951171875,1210284.0,1367.4700927734375,1378.312744140625,1357.47021484375,1367.5224609375,1378970.25,1361.800048828125,-0.015127108912925236,0.0042020942166212105,-0.019329203129546446,0.00037361809362326814
2025-08-25,1341.300048828125,1348.9000244140625,1332.5,1340.4000244140625,1214246.0,1347.7974853515625,1356.0787353515625,1338.89892578125,1345.0411376953125,1033243.5,1341.199951171875,-0.0005964261757641642,0.0028639924420525986,-0.003460418617816763,1.1974497010532875e-05
2025-08-26,1335.199951171875,1339.9000244140625,1310.0,1315.4000244140625,1652272.0,1340.2305908203125,1357.830322265625,1334.102783203125,1348.5772705078125,1668962.25,1340.4000244140625,-0.01865114857106065,0.0061006012718662905,-0.02475174984292694,0.0006126491202868338
2025-08-28,1316.9000244140625,1338.800048828125,1311.199951171875,1315.4000244140625,1785681.0,1310.5084228515625,1326.22314453125,1300.236328125,1316.68994140625,1073056.5,1315.4000244140625,0.0,0.0009806271615071527,-0.0009806271615071527,9.616296298855753e-07
2025-08-29,1318.0,1322.9000244140625,1303.0,1312.800048828125,1592903.0,1321.59423828125,1335.885498046875,1313.5870361328125,1327.18115234375,925216.875,1315.4000244140625,-0.001976566472313701,0.008956308127586743,-0.010932874599900444,0.00011952774701714829
2025-09-01,1318.300048828125,1338.5,1316.0999755859375,1335.300048828125,983914.0,1314.8123779296875,1329.615234375,1309.861328125,1320.3603515625,968992.0,1312.800048828125,0.017138939033468636,0.005758914117289793,0.011380024916178844,0.0001295049670928513
2025-09-02,1340.9000244140625,1348.800048828125,1328.199951171875,1336.199951171875,1495993.0,1336.5604248046875,1346.2198486328125,1327.2716064453125,1334.928955078125,710073.375,1335.300048828125,0.0006739326824256597,-0.00027791038450541983,0.0009518430669310796,9.060052240647636e-07
2025-09-03,1338.0,1344.800048828125,1327.5999755859375,1332.4000244140625,1774676.0,1335.716796875,1350.0223388671875,1328.65771484375,1341.175537109375,1068695.25,1336.199951171875,-0.002843830935991165,0.0037236836696006304,-0.0065675146055917955,4.3132248094661554e-05
2025-09-04,1338.0,1348.0,1326.0,1328.199951171875,1350147.0,1334.3548583984375,1348.190673828125,1330.6373291015625,1340.009521484375,1625963.75,1332.4000244140625,-0.003152261456940808,0.005711120482498444,-0.008863381939439252,7.855953940437791e-05
2025-09-05,1330.0,1335.699951171875,1312.800048828125,1321.800048828125,1135666.0,1337.310546875,1344.319091796875,1308.756103515625,1311.0885009765625,1252929.625,1328.199951171875,-0.00481847807485869,-0.012883188393596146,0.008064710318737456,6.50395525251504e-05
2025-09-08,1321.9000244140625,1363.4000244140625,1321.9000244140625,1348.300048828125,1445628.0,1312.919189453125,1328.440673828125,1285.4307861328125,1322.3724365234375,1187522.375,1321.800048828125,0.020048418082216246,0.0004330365215374776,0.01961538156067877,0.00038476319377101664
2025-09-09,1354.699951171875,1385.0,1348.300048828125,1380.9000244140625,3515252.0,1354.67431640625,1363.6124267578125,1348.28662109375,1353.0289306640625,1442158.25,1348.300048828125,0.02417857628520581,0.003507291896968745,0.020671284388237066,0.00042730199825937343
2025-09-10,1400.0,1404.9000244140625,1385.0,1389.0999755859375,2553605.0,1381.9239501953125,1389.3306884765625,1364.23388671875,1373.47802734375,1490926.625,1380.9000244140625,0.005938120810269565,-0.005374753377574759,0.011312874187844324,0.00012798112238999437
2025-09-11,1404.9000244140625,1423.0999755859375,1388.0,1393.0999755859375,4041646.0,1410.2274169921875,1418.2142333984375,1372.407470703125,1373.7706298828125,1596743.0,1389.0999755859375,0.0028795623571389317,-0.011035451711572386,0.013915014068711318,0.0001936276165324339
2025-09-12,1395.5,1406.5,1391.0999755859375,1393.0999755859375,1466190.0,1408.0418701171875,1421.419677734375,1383.423583984375,1387.3907470703125,1797231.0,1393.0999755859375,0.0,-0.0040982188038756195,0.0040982188038756195,1.6795397364439714e-05
2025-09-15,1393.0999755859375,1409.0,1392.199951171875,1395.199951171875,1254831.0,1395.139892578125,1401.6632080078125,1377.6412353515625,1384.4990234375,1746853.75,1393.0999755859375,0.001507411975263384,-0.006173966189913949,0.007681378165177333,5.900357051646309e-05
2025-09-16,1400.0,1412.5999755859375,1396.5999755859375,1408.199951171875,1636246.0,1397.94140625,1408.9951171875,1389.66796875,1398.4720458984375,1114288.875,1395.199951171875,0.00931766087655106,0.0023452514629276333,0.006972409413623426,4.861449303118457e-05
2025-09-17,1410.0,1413.0999755859375,1396.199951171875,1406.0999755859375,1062568.0,1403.619873046875,1400.241455078125,1378.0078125,1378.2322998046875,1928284.625,1408.199951171875,-0.00149124815988666,-0.02128082119463859,0.01978957303475193,0.00039162720089778064
2025-09-18,1410.0,1415.0,1401.0,1412.800048828125,1416920.0,1401.686767578125,1408.9444580078125,1388.1832275390625,1394.9949951171875,1288317.75,1406.0999755859375,0.004765004877690604,-0.00789771756031954,0.012662722438010143,0.00016034453954208555
2025-09-19,1447.800048828125,1460.0,1425.0,1427.800048828125,8069167.0,1421.383544921875,1437.75439453125,1404.24951171875,1409.867431640625,1545888.75,1412.800048828125,0.01061721367609092,-0.0020757482206575917,0.012692961896748511,0.00016111128171230956
2025-09-22,1433.0,1461.699951171875,1425.0,1444.199951171875,5490489.0,1433.978759765625,1442.72216796875,1421.7755126953125,1429.650390625,1789896.75,1427.800048828125,0.011486133760262973,0.0012959390205888877,0.010190194739674086,0.0001038400688324814
2025-09-23,1453.0,1455.0,1423.0999755859375,1441.5999755859375,2550337.0,1435.77587890625,1443.466552734375,1420.32373046875,1427.900146484375,2750481.0,1444.199951171875,-0.0018002878229069763,-0.011286390554350656,0.00948610273144368,8.998614503150323e-05
2025-09-24,1445.0,1452.4000244140625,1429.0999755859375,1431.5999755859375,2603193.0,1449.7744140625,1460.4708251953125,1426.5318603515625,1427.0753173828125,1849704.875,1441.5999755859375,-0.006936737076410848,-0.010075373507981267,0.0031386364315704185,9.85103864958109e-06
2025-09-25,1431.699951171875,1439.9000244140625,1404.0999755859375,1407.199951171875,1970560.0,1441.842041015625,1449.7177734375,1432.1917724609375,1438.1748046875,1364378.875,1431.5999755859375,-0.01704388434630688,0.004592644044207672,-0.021636528390514553,0.0004681393607935423
2025-09-26,1407.199951171875,1416.699951171875,1390.300048828125,1392.0,1899079.0,1418.5390625,1435.6480712890625,1412.8277587890625,1427.03955078125,1643926.75,1407.199951171875,-0.010801557489550029,0.01409863580001769,-0.024900193289567718,0.0006200196258578332
2025-09-29,1393.5999755859375,1401.300048828125,1377.5999755859375,1383.199951171875,1978395.0,1393.6029052734375,1409.81103515625,1387.462158203125,1400.6634521484375,1499219.0,1392.0,-0.006321874158135787,0.006223744359509675,-0.012545618517645463,0.00015739254399028873
2025-09-30,1389.699951171875,1408.0,1387.199951171875,1403.5,1999250.0,1379.04736328125,1392.87451171875,1369.4671630859375,1386.9486083984375,1345042.625,1383.199951171875,0.014676149179246645,0.002710134007297027,0.011966015171949618,0.00014318551909532843
2025-10-01,1406.0,1426.9000244140625,1392.699951171875,1422.699951171875,1602493.0,1408.6046142578125,1423.9730224609375,1399.86181640625,1412.241455078125,1974142.25,1403.5,0.013680050710277891,0.006228325670199597,0.007451725040078294,5.552820607292985e-05
2025-10-03,1413.0,1431.0,1412.5,1419.0999755859375,1576970.0,1414.6876220703125,1420.1402587890625,1404.256103515625,1406.66748046875,697554.375,1422.699951171875,-0.002530382870240655,-0.011269045655001975,0.00873866278476132,7.636422726577246e-05
2025-10-06,1419.0999755859375,1419.0999755859375,1395.0,1400.5,1338654.0,1422.2823486328125,1433.4951171875,1414.3656005859375,1424.1343994140625,1506898.0,1419.0999755859375,-0.013106881760221123,0.003547617443969253,-0.016654499204190376,0.0002773723437423779
2025-10-07,1400.800048828125,1415.0,1397.300048828125,1399.5,1608151.0,1396.6932373046875,1403.2645263671875,1386.33056640625,1392.026611328125,528285.25,1400.5,-0.000714030703320212,-0.006050259672884639,0.005336228969564427,2.8475339615618628e-05
2025-10-08,1399.4000244140625,1411.0999755859375,1386.0,1394.300048828125,1704405.0,1405.24755859375,1424.093017578125,1399.8349609375,1416.2083740234375,1532970.75,1399.5,-0.0037155778291354524,0.011938816737004254,-0.015654394566139707,0.0002450600692323844
2025-10-09,1394.5,1399.800048828125,1388.4000244140625,1395.5999755859375,1250770.0,1388.460205078125,1397.3831787109375,1377.2740478515625,1387.5574951171875,1056299.125,1394.300048828125,0.0009323149338660297,-0.004835798231954791,0.005768113165820821,3.327112949371549e-05
2025-10-10,1400.5,1418.0,1395.699951171875,1409.4000244140625,1359246.0,1394.239990234375,1406.8511962890625,1376.36376953125,1386.782958984375,1102094.0,1395.5999755859375,0.009888255280551261,-0.006317724817858861,0.016205980098410122,0.00026263379095006496
2025-10-13,1400.800048828125,1441.9000244140625,1396.0,1437.800048828125,2245061.0,1411.1007080078125,1416.7125244140625,1400.5267333984375,1403.228271484375,1358451.5,1409.4000244140625,0.02015043559110863,-0.004378993062848391,0.02452942865395702,0.0006016928700895677
2025-10-14,1440.0,1442.199951171875,1422.0,1429.0,2640234.0,1434.36376953125,1444.715087890625,1424.1356201171875,1434.03515625,1597460.0,1437.800048828125,-0.006120495569114426,-0.0026185091461038423,-0.0035019864230105835,1.2263908906950462e-05
2025-10-15,1430.0,1456.300048828125,1430.0,1450.699951171875,2675240.0,1430.983642578125,1440.501708984375,1424.309326171875,1431.6075439453125,865575.0,1429.0,0.01518541019725328,0.0018247333417162892,0.01336067685553699,0.0001785076860380818
2025-10-16,1454.0,1490.5,1453.0,1479.5,6512312.0,1445.7447509765625,1455.472900390625,1436.5008544921875,1444.2003173828125,1330015.75,1450.699951171875,0.01985251933376042,-0.004480343287950106,0.024332862621710527,0.0005920882033670373
2025-10-17,1479.5,1489.0,1462.5,1479.4000244140625,3290072.0,1469.8477783203125,1476.2747802734375,1457.8900146484375,1464.4248046875,1847429.0,1479.5,-6.75739005998599e-05,-0.01018938513856027,0.01012181123796041,0.00010245106273690164
2025-10-20,1488.0,1489.0,1459.0999755859375,1467.0,2660484.0,1476.189453125,1483.322509765625,1462.8856201171875,1469.3895263671875,1703183.5,1479.4000244140625,-0.008381792760192575,-0.006766593133483156,-0.0016151996267094182,2.608869834122244e-06
2025-10-21,1477.0,1481.5,1470.0,1473.5,394024.0,1459.8603515625,1469.045166015625,1449.322509765625,1458.2503662109375,1728699.0,1467.0,0.004430811179277461,-0.005964303878024935,0.010395115057302395,0.00010805841705455498
2025-10-23,1478.800048828125,1483.5,1450.300048828125,1453.0999755859375,2999137.0,1467.8280029296875,1474.357666015625,1456.37158203125,1463.420166015625,1255107.125,1473.5,-0.013844604285078055,-0.006840742439345071,-0.007003861845732984,4.905408075411424e-05
2025-10-24,1463.0,1463.5,1422.300048828125,1429.0,1907383.0,1456.8494873046875,1464.47900390625,1444.9530029296875,1451.7900390625,1277792.0,1453.0999755859375,-0.016585215051166502,-0.0009014772179796182,-0.015683737833186884,0.0002459796324201376
2025-10-27,1429.0,1429.800048828125,1410.0,1420.5999755859375,2280976.0,1434.7216796875,1436.6297607421875,1419.042236328125,1422.6065673828125,1852655.375,1429.0,-0.005878253613759599,-0.004474060613847142,-0.001404192999912457,1.9717579810031453e-06
2025-10-28,1425.9000244140625,1435.0,1410.0,1417.9000244140625,2068057.0,1408.9107666015625,1411.8328857421875,1402.362060546875,1406.7054443359375,1317457.375,1420.5999755859375,-0.001900571039191612,-0.009780748619447999,0.007880177580256387,6.20971986963754e-05
2025-10-29,1424.0999755859375,1464.800048828125,1421.5999755859375,1454.800048828125,3578596.0,1421.083251953125,1446.9638671875,1414.5789794921875,1426.1011962890625,2104022.75,1417.9000244140625,0.026024419055434622,0.005784026894554151,0.02024039216088047,0.00040967347482623166
2025-10-30,1458.0,1463.0,1449.5999755859375,1457.9000244140625,1380931.0,1464.69677734375,1467.3818359375,1444.385986328125,1449.990478515625,1870467.75,1454.800048828125,0.002130860243257926,-0.003306000928700925,0.005436861171958851,2.9559459403153773e-05
2025-10-31,1457.9000244140625,1461.699951171875,1443.0,1451.5,1141853.0,1456.01318359375,1470.7427978515625,1446.7545166015625,1459.19970703125,2275965.0,1457.9000244140625,-0.004389892521357686,0.0008914758182474447,-0.00528136833960513,2.789285153858345e-05
2025-11-03,1451.5,1457.4000244140625,1435.300048828125,1444.699951171875,1059573.0,1444.1273193359375,1450.307373046875,1428.4822998046875,1435.634521484375,1278218.375,1451.5,-0.004684842458232863,-0.010930402008697881,0.0062455595504650185,3.9007014098404804e-05
2025-11-04,1449.5999755859375,1466.300048828125,1432.0,1444.4000244140625,3554714.0,1445.1722412109375,1458.0010986328125,1436.438232421875,1447.2567138671875,1658673.25,1444.699951171875,-0.00020760487848647813,0.0017697534309726315,-0.0019773583094591096,3.909945883986988e-06
2025-11-06,1452.0999755859375,1466.300048828125,1434.300048828125,1436.800048828125,2745063.0,1451.361083984375,1462.7034912109375,1442.3739013671875,1452.943603515625,1615813.75,1444.4000244140625,-0.005261683368511738,0.00591496743087383,-0.011176650799385568,0.00012491752309140604
2025-11-07,1435.0,1464.0,1425.0,1448.300048828125,2184538.0,1442.4017333984375,1456.741455078125,1433.903564453125,1446.926513671875,2278134.75,1436.800048828125,0.008003897278107353,0.0070479290782383686,0.000955968199868984,9.138751991607457e-07
2025-11-10,1452.199951171875,1463.9000244140625,1441.0,1444.9000244140625,1161695.0,1448.8857421875,1456.22265625,1432.3143310546875,1441.72412109375,2453810.5,1448.300048828125,-0.002347596699187826,-0.004540445703703377,0.0021928490045155513,4.808586756604844e-06
2025-11-11,1453.0,1476.0,1437.800048828125,1474.4000244140625,2258827.0,1450.0103759765625,1459.927978515625,1438.35693359375,1443.3984375,1090452.5,1444.9000244140625,0.020416637484633515,-0.0010392323957993943,0.02145586988043291,0.0004603543523260681
2025-11-12,1477.0,1515.0,1475.5,1506.9000244140625,4641466.0,1469.6031494140625,1484.3934326171875,1459.659912109375,1473.14794921875,2156248.25,1474.4000244140625,0.02204286452919435,-0.0008492099664811903,0.02289207449567554,0.0005240470747155585
2025-11-13,1515.0,1515.0,1487.800048828125,1499.0,2304918.0,1500.136474609375,1504.7884521484375,1473.8587646484375,1481.341552734375,2096659.25,1506.9000244140625,-0.0052425670489548715,-0.016960960425775773,0.011718393376820901,0.00013732074333391996
2025-11-14,1500.0,1523.5999755859375,1497.0,1512.699951171875,2345593.0,1499.6617431640625,1507.1534423828125,1482.7425537109375,1492.2735595703125,2276985.25,1499.0,0.009139393710390298,-0.0044872851432204985,0.013626678853610796,0.00018568637657944364
2025-11-17,1518.9000244140625,1519.0,1503.0,1507.5999755859375,1750560.0,1515.076171875,1524.0877685546875,1500.928955078125,1510.25390625,2171139.25,1512.699951171875,-0.003371438983644226,-0.0016170060162823408,-0.0017544329673618853,3.07803503696623e-06
2025-11-18,1518.9000244140625,1518.9000244140625,1490.199951171875,1495.0,1818617.0,1496.1236572265625,1498.74169921875,1468.0751953125,1474.4212646484375,1626503.0,1507.5999755859375,-0.00835763849162996,-0.022007635629341826,0.013649997137711867,0.00018632242185954217
2025-11-19,1499.0,1499.5,1478.0,1484.199951171875,1746304.0,1491.6943359375,1498.90380859375,1476.68603515625,1485.216552734375,2198490.0,1495.0,-0.007224112928511661,-0.006544111883361237,-0.0006800010451504246,4.624014214056698e-07
2025-11-20,1500.0,1505.0,1487.5999755859375,1491.0999755859375,1459401.0,1480.3262939453125,1488.5283203125,1469.556640625,1476.41015625,1200959.5,1484.199951171875,0.004648985743878065,-0.005248480783013432,0.009897466526891496,9.795984365093762e-05
2025-11-21,1492.0,1492.300048828125,1467.0999755859375,1479.800048828125,1165365.0,1492.3575439453125,1496.1785888671875,1473.044677734375,1478.9549560546875,1656108.0,1491.0999755859375,-0.0075782489053908275,-0.008145006860775794,0.0005667579553849666,3.2121457999214784e-07
2025-11-24,1482.0,1490.199951171875,1471.300048828125,1485.9000244140625,2485518.0,1473.1302490234375,1480.916259765625,1445.543212890625,1450.453369140625,1273236.875,1479.800048828125,0.004122162038559196,-0.01983151690712548,0.023953678945684675,0.0005737787350329373
2025-11-25,1490.0,1492.4000244140625,1474.5,1483.9000244140625,1355333.0,1480.124755859375,1493.9129638671875,1472.534423828125,1483.56494140625,1439584.875,1485.9000244140625,-0.0013459855758388706,-0.0015714940234510255,0.00022550844761215494,5.085405994444403e-08
2025-11-26,1484.300048828125,1523.0,1484.300048828125,1506.199951171875,3986754.0,1486.0814208984375,1501.2259521484375,1480.5078125,1498.333251953125,2773337.0,1483.9000244140625,0.01502791723897845,0.009726549835971321,0.005301367403007129,2.810449634166655e-05
2025-11-27,1511.800048828125,1513.9000244140625,1501.0,1509.0999755859375,861910.0,1520.546875,1523.7412109375,1504.02734375,1507.746826171875,1838479.5,1506.199951171875,0.0019253913876482454,0.0010270050791041374,0.000898386308544108,8.070979593795092e-07
2025-11-28,1510.0,1534.300048828125,1503.0999755859375,1516.9000244140625,2612938.0,1509.9088134765625,1515.497314453125,1493.7308349609375,1500.21826171875,1841139.125,1509.0999755859375,0.005168676001797934,-0.005885437685292483,0.011054113687090417,0.00012219342940711969
2025-12-01,1530.0,1549.0,1523.0,1530.5,4059126.0,1513.1661376953125,1521.9520263671875,1503.8538818359375,1512.6634521484375,1187905.25,1516.9000244140625,0.00896563739669709,-0.0027929146268300675,0.011758552023527158,0.00013826354568999462
2025-12-02,1528.0999755859375,1530.0,1510.0,1518.0999755859375,1974536.0,1525.7401123046875,1534.743408203125,1514.5484619140625,1522.966064453125,1313048.25,1530.5,-0.008101943426372049,-0.004922532209653663,-0.0031794112167183863,1.010865568499469e-05
2025-12-03,1514.0,1524.0,1488.5999755859375,1497.699951171875,1958074.0,1505.591796875,1509.2236328125,1486.41162109375,1493.65478515625,1461069.5,1518.0999755859375,-0.013437866242102192,-0.016102490496551436,0.0026646242544492438,7.1002224173991885e-06
2025-12-04,1497.699951171875,1509.0999755859375,1490.199951171875,1505.5999755859375,1591805.0,1497.09716796875,1505.89306640625,1486.216552734375,1495.841796875,1507901.0,1497.699951171875,0.005274771096761555,-0.0012406719352705542,0.006515443032032109,4.245099790365576e-05
2025-12-05,1504.5999755859375,1514.0,1493.300048828125,1509.4000244140625,1141428.0,1496.9757080078125,1511.1298828125,1476.7330322265625,1482.9307861328125,1881160.125,1505.5999755859375,0.00252394320519711,-0.015056581974440264,0.017580525179637374,0.0003090748655918637
2025-12-08,1509.4000244140625,1510.9000244140625,1472.5999755859375,1480.5,1070689.0,1500.9515380859375,1506.6240234375,1487.9993896484375,1495.94873046875,1400523.0,1509.4000244140625,-0.01914669666530666,-0.00891168260748787,-0.010235014057818792,0.0001047555127637483
2025-12-09,1476.9000244140625,1499.199951171875,1460.9000244140625,1497.199951171875,1327921.0,1485.8642578125,1494.4078369140625,1474.6337890625,1484.32373046875,1266195.5,1480.5,0.01127994000126642,0.002582729124451122,0.008697210876815298,7.564147703579432e-05
2025-12-10,1500.0,1521.0,1493.5999755859375,1498.0999755859375,1677388.0,1494.5035400390625,1503.619384765625,1484.9268798828125,1494.3111572265625,1120377.375,1497.199951171875,0.0006011384206618953,-0.0019294643598214423,0.0025306027804833375,6.403950432589999e-06
2025-12-11,1496.0,1515.0,1495.0,1504.0,1451645.0,1500.2943115234375,1505.626953125,1482.2127685546875,1490.52783203125,1747918.25,1498.0999755859375,0.003938338235240257,-0.0050544981497151475,0.008992836384955405,8.08711062465778e-05
2025-12-12,1512.0,1527.4000244140625,1509.5,1522.800048828125,1152570.0,1499.20458984375,1502.73388671875,1478.906494140625,1485.2452392578125,1482056.75,1504.0,0.012500032465508681,-0.012469920706241644,0.024969953171750325,0.0006234985613994042
2025-12-15,1522.800048828125,1522.800048828125,1508.0999755859375,1512.5999755859375,850425.0,1514.56396484375,1521.977294921875,1503.471435546875,1512.1588134765625,1208686.5,1522.800048828125,-0.006698235431524258,-0.006987939985785729,0.0002897045542614718,8.392872875983805e-08
2025-12-16,1512.5999755859375,1512.5999755859375,1494.199951171875,1499.0,1122212.0,1515.3385009765625,1519.902587890625,1487.4178466796875,1490.5341796875,1206784.125,1512.5999755859375,-0.008991125086240559,-0.014587991706062176,0.005596866619821617,3.132491596007345e-05
2025-12-17,1494.0999755859375,1500.0,1479.300048828125,1486.300048828125,964352.0,1489.9378662109375,1494.25634765625,1471.817138671875,1478.8092041015625,1097909.0,1499.0,-0.008472282302785183,-0.01346951027247334,0.004997227969688156,2.497228738103361e-05
2025-12-18,1486.4000244140625,1498.0,1476.0,1495.699951171875,683681.0,1485.81201171875,1490.62890625,1464.9339599609375,1471.66162109375,1286250.375,1486.300048828125,0.006324363880066741,-0.009848904833123506,0.016173268713190248,0.0002615746208690585
2025-12-19,1495.0,1503.699951171875,1490.699951171875,1496.4000244140625,1276175.0,1499.6002197265625,1508.971435546875,1491.3428955078125,1500.3934326171875,960148.9375,1495.699951171875,0.00046805727421395105,0.0031379832844382616,-0.0026699260102243105,7.128504900072305e-06
2025-12-22,1497.5,1515.0,1497.5,1508.699951171875,1116833.0,1494.702880859375,1499.0291748046875,1481.0289306640625,1486.433837890625,917464.6875,1496.4000244140625,0.008219678265929398,-0.006660108500960438,0.014879786766889835,0.00022140805422810985
2025-12-23,1508.699951171875,1513.800048828125,1491.199951171875,1493.5999755859375,928446.0,1512.2012939453125,1517.8121337890625,1487.736328125,1490.4488525390625,1200402.25,1508.699951171875,-0.010008600831602488,-0.012097235516337124,0.002088634684734636,4.362394846276552e-06
2025-12-24,1503.0,1507.199951171875,1492.0,1494.300048828125,1318023.0,1498.38232421875,1503.0633544921875,1487.38671875,1492.48193359375,641724.375,1493.5999755859375,0.00046871535460013547,-0.0007485551757249187,0.0012172705303250542,1.4817475439978386e-06
2025-12-26,1499.5999755859375,1501.4000244140625,1485.0,1487.0999755859375,876540.0,1501.199951171875,1512.373046875,1492.800537109375,1504.6552734375,1180387.125,1494.300048828125,-0.00481835843332401,0.006929816148701695,-0.011748174582025706,0.00013801960600975485
2025-12-29,1487.0999755859375,1487.0999755859375,1451.0,1454.4000244140625,1568472.0,1493.2255859375,1502.541015625,1486.4822998046875,1495.1572265625,743565.625,1487.0999755859375,-0.021989073840843032,0.0054180963679915095,-0.02740717020883454,0.0007511529788560276
2025-12-30,1450.0,1470.5,1447.300048828125,1461.199951171875,3463973.0,1453.9769287109375,1462.4622802734375,1444.0252685546875,1451.92236328125,1195478.25,1454.4000244140625,0.004675417109231583,-0.0017035623564505276,0.006378979465682111,4.0691379023594025e-05
2025-12-31,1468.5,1475.0,1461.300048828125,1469.800048828125,707055.0,1459.1751708984375,1471.323486328125,1447.397216796875,1459.2672119140625,1905273.625,1461.199951171875,0.005885640530820524,-0.001322706900080628,0.007208347430901152,5.196027268457924e-05
2026-01-01,1472.800048828125,1490.9000244140625,1470.4000244140625,1481.0999755859375,981252.0,1472.4669189453125,1485.9581298828125,1465.07275390625,1477.3653564453125,995674.6875,1469.800048828125,0.007688070745964337,0.005147167890774851,0.0025409028551894863,6.456187319510084e-06
2026-01-02,1480.0999755859375,1495.0,1478.300048828125,1489.5,1251176.0,1483.3328857421875,1497.00048828125,1476.2314453125,1489.1348876953125,1260110.5,1481.0999755859375,0.005671476978277079,0.005424962691121804,0.000246514287155275,6.076929377167339e-08
2026-01-05,1488.0,1496.800048828125,1479.0999755859375,1493.0,790039.0,1496.6231689453125,1511.96728515625,1483.473876953125,1489.1597900390625,1378095.25,1489.5,0.0023497818059752262,-0.00022840547897784447,0.0025781872849530707,6.647049676293686e-06
2026-01-06,1490.0,1493.0,1470.699951171875,1473.199951171875,1675609.0,1490.577392578125,1497.6090087890625,1480.6346435546875,1487.95947265625,888176.875,1493.0,-0.013261921519172826,-0.0033761067272271017,-0.009885814791945724,9.772933410065288e-05
2026-01-07,1473.199951171875,1480.4000244140625,1459.0,1465.300048828125,2124534.0,1479.517578125,1492.0804443359375,1471.36572265625,1483.4857177734375,1018456.5,1473.199951171875,-0.005362410131405371,0.0069819216280726515,-0.012344331759478022,0.00015238252658805775
2026-01-08,1468.0,1489.0,1460.300048828125,1465.199951171875,1974347.0,1471.294921875,1488.443603515625,1463.4122314453125,1480.322265625,1357594.5,1465.300048828125,-6.831205412849428e-05,0.010251973177022089,-0.010320285231150583,0.00010650828725230485
2026-01-09,1463.0,1463.0,1431.0,1435.9000244140625,2280396.0,1475.50146484375,1475.6683349609375,1457.285400390625,1459.865966796875,2490956.75,1465.199951171875,-0.019997220675838978,-0.003640448097704252,-0.016356772578134726,0.00026754400917282015
2026-01-12,1435.9000244140625,1447.0999755859375,1403.9000244140625,1443.5,1539180.0,1443.7723388671875,1464.1353759765625,1437.4342041015625,1455.5181884765625,1307164.0,1435.9000244140625,0.005292830598731202,0.013662625342252044,-0.008369794743520842,7.005346404866912e-05
2026-01-13,1443.5,1449.0,1420.0,1428.5999755859375,919873.0,1452.51611328125,1472.0709228515625,1444.572021484375,1463.3028564453125,1127120.375,1443.5,-0.010322150615907466,0.013718639726576054,-0.02404079034248352,0.0005779596002912489
2026-01-14,1429.0,1438.9000244140625,1423.0,1430.0,1278819.0,1440.7398681640625,1455.81787109375,1433.783203125,1447.46435546875,1189452.875,1428.5999755859375,0.0009799975066415723,0.013204802047595887,-0.012224804540954315,0.00014944584606453723
2026-01-15,1430.0,1430.0,1430.0,1430.0,0.0,1435.0587158203125,1444.791748046875,1425.8466796875,1435.5697021484375,849248.75,1430.0,0.0,0.0038948966072989144,-0.0038948966072989144,1.5170219581548594e-05
2026-01-16,1430.0,1448.0,1416.0999755859375,1421.9000244140625,1556318.0,1426.004150390625,1457.5750732421875,1415.383544921875,1427.1763916015625,1504162.25,1430.0,-0.005664318591564688,-0.001974551327578622,-0.0036897672639860657,1.3614382462383218e-05
2026-01-19,1421.0,1421.0,1395.5999755859375,1403.0,1130162.0,1429.9827880859375,1450.3486328125,1423.8990478515625,1442.7044677734375,944262.4375,1421.9000244140625,-0.013292090927314537,0.01463143892127583,-0.027923529848590367,0.0007797235192051171
2026-01-20,1409.0,1412.9000244140625,1359.5999755859375,1367.5999755859375,1799611.0,1409.4013671875,1420.920166015625,1391.8033447265625,1396.4197998046875,1030477.5625,1403.0,-0.02523166387317355,-0.004690092797799306,-0.020541571075374243,0.00042195614224465174
2026-01-21,1371.699951171875,1390.4000244140625,1345.0,1378.5999755859375,2141532.0,1374.078125,1390.053466796875,1362.4560546875,1373.4593505859375,1736731.75,1367.5999755859375,0.008043287654554865,0.0042844216909916355,0.0037588659635632293,1.4129073332034125e-05
2026-01-22,1400.0,1421.699951171875,1388.5,1414.199951171875,1689638.0,1376.577392578125,1386.6806640625,1357.2408447265625,1365.978515625,962525.375,1378.5999755859375,0.025823281746981452,-0.00915527359963364,0.03497855534661509,0.0012234993341362153
2026-01-23,1417.0,1417.0,1292.0,1308.4000244140625,6380222.0,1425.4764404296875,1439.4049072265625,1401.6998291015625,1411.4927978515625,1119269.5,1414.199951171875,-0.0748125656984654,-0.0019142648944862062,-0.07289830080397919,0.005314162260107433
2026-01-27,1334.300048828125,1368.300048828125,1322.0,1363.9000244140625,3838632.0,1340.7440185546875,1369.685791015625,1333.541015625,1356.35498046875,2213194.0,1308.4000244140625,0.042418219936104284,0.03665160131448575,0.0057666186216185356,3.3253890327197656e-05
2026-01-28,1373.9000244140625,1384.300048828125,1363.699951171875,1381.9000244140625,2938285.0,1363.47314453125,1423.5826416015625,1350.968505859375,1402.045166015625,4748747.0,1363.9000244140625,0.01319744825705449,0.027967696252479968,-0.014770247995425478,0.00021816022584637037
2026-01-29,1384.9000244140625,1429.0,1371.5999755859375,1417.800048828125,3918681.0,1376.853759765625,1382.9761962890625,1355.732666015625,1362.5174560546875,1960782.125,1381.9000244140625,0.025978742151976153,-0.014026027944816999,0.04000477009679315,0.0016003816304972756
2026-01-30,1417.800048828125,1428.5,1407.0,1419.800048828125,2227414.0,1406.9765625,1424.8302001953125,1373.905517578125,1416.84033203125,2671103.0,1417.800048828125,0.0014106361483434693,-0.0006769056029221066,0.002087541751265576,4.357830563276948e-06
2026-02-02,1348.0,1406.0,1348.0,1403.0999755859375,2796673.0,1425.1529541015625,1433.3548583984375,1405.7100830078125,1416.7425537109375,2405440.75,1419.800048828125,-0.011762271212746755,-0.0021534688069007046,-0.00960880240584605,9.232908367459285e-05
2026-02-03,1477.199951171875,1537.0,1477.199951171875,1530.800048828125,11977119.0,1396.7327880859375,1404.2384033203125,1372.73974609375,1382.1409912109375,2548249.5,1403.0999755859375,0.09101281124950455,-0.014937627210953042,0.1059504384604576,0.011225495409963213
2026-02-04,1529.9000244140625,1572.300048828125,1508.5,1567.9000244140625,6632728.0,1533.7705078125,1534.5079345703125,1468.9271240234375,1489.441162109375,4612280.0,1530.800048828125,0.02423567703328633,-0.027017824274575553,0.05125350130786188,0.0026269213963149994
2026-02-05,1568.0,1577.699951171875,1548.5999755859375,1570.199951171875,3285127.0,1533.3587646484375,1543.4129638671875,1511.9742431640625,1526.4462890625,4210778.0,1567.9000244140625,0.0014668835525224466,-0.026439016969244666,0.027905900521767113,0.000778739283930762
2026-02-06,1563.0,1575.5,1527.0,1550.699951171875,4429173.0,1570.907958984375,1578.9019775390625,1554.849609375,1563.78515625,2749544.25,1570.199951171875,-0.012418800539031216,-0.004085336340182377,-0.008333464198848839,6.944662555349531e-05
2026-02-09,1575.9000244140625,1583.9000244140625,1554.5,1561.699951171875,1761025.0,1542.929443359375,1554.1329345703125,1532.09130859375,1544.9351806640625,1888801.5,1550.699951171875,0.007093570868875743,-0.0037175280127248467,0.01081109888160059,0.0001168798590277455
2026-02-10,1565.0,1568.0,1525.0,1554.699951171875,1643366.0,1570.292236328125,1578.975341796875,1556.107177734375,1566.8759765625,1605496.0,1561.699951171875,-0.004482295075150189,0.0033143533024644345,-0.007796648377614623,6.078772592416074e-05
2026-02-11,1554.699951171875,1559.4000244140625,1539.199951171875,1553.4000244140625,1359416.0,1539.731689453125,1542.6337890625,1516.777587890625,1525.267333984375,1814417.375,1554.699951171875,-0.00083612709760017,-0.018931381045786178,0.018095253948186008,0.0003274382154493413
2026-02-12,1542.0999755859375,1551.0,1532.5,1543.699951171875,1107584.0,1547.837890625,1557.1126708984375,1532.8531494140625,1546.1661376953125,2508987.75,1553.4000244140625,-0.006244414245999752,-0.0046568086809954945,-0.0015876055650042575,2.520491430032488e-06
2026-02-13,1543.0,1543.0,1507.0,1519.0,1838361.0,1529.2850341796875,1529.7816162109375,1505.7733154296875,1512.55712890625,1239986.75,1543.699951171875,-0.016000487110933936,-0.02017414215889779,0.0041736550479638534,1.7419396459394157e-05
2026-02-16,1517.5,1545.5,1495.300048828125,1540.0999755859375,1644108.0,1520.3961181640625,1535.281982421875,1512.066650390625,1526.9205322265625,1222591.25,1519.0,0.013890701504896352,0.005214306929929302,0.00867639457496705,7.527982282051766e-05
2026-02-17,1545.0,1576.5,1535.699951171875,1566.300048828125,3168457.0,1536.7310791015625,1542.2303466796875,1519.48291015625,1529.3516845703125,1128697.5,1540.0999755859375,0.01701193017175373,-0.006978956682039961,0.02399088685379369,0.0005755626520315309
2026-02-18,1565.0,1565.0,1540.0,1550.800048828125,1326139.0,1558.8447265625,1567.0723876953125,1545.5489501953125,1557.1009521484375,1682778.5,1566.300048828125,-0.00989593278222578,-0.005873138219315011,-0.00402279456291077,1.618287609538445e-05
2026-02-19,1550.0,1550.800048828125,1506.699951171875,1513.300048828125,984392.0,1552.528076171875,1564.214111328125,1544.03857421875,1557.943603515625,1028397.75,1550.800048828125,-0.02418106707459622,0.004606367334652806,-0.028787434409249024,0.0008287163798668147
2026-02-20,1513.300048828125,1529.199951171875,1505.199951171875,1511.5,1126987.0,1522.3865966796875,1531.880859375,1509.4638671875,1522.2152099609375,1276364.25,1513.300048828125,-0.0011894857398034864,0.005891205210570183,-0.007080690950373669,5.013618433470358e-05
2026-02-23,1511.0,1564.5,1510.800048828125,1555.800048828125,3113728.0,1512.6859130859375,1520.5599365234375,1490.9273681640625,1503.7608642578125,2176297.0,1511.5,0.0293086661118922,-0.005120169197609936,0.03442883530950214,0.001185344700768821
2026-02-24,1553.699951171875,1564.0,1536.4000244140625,1555.4000244140625,1360612.0,1555.4482421875,1569.3065185546875,1543.8641357421875,1561.6976318359375,1906412.0,1555.800048828125,-0.0002571181395474298,0.0037907075605601026,-0.004047825700107532,1.6384892898451036e-05
2026-02-25,1567.0,1584.0,1518.5,1528.699951171875,2153982.0,1573.2843017578125,1580.052734375,1558.1451416015625,1566.8109130859375,1661048.75,1555.4000244140625,-0.017166049134045624,0.0073363048044015056,-0.02450235393844713,0.0006003653485249356
2026-02-26,1537.5999755859375,1554.5999755859375,1526.0,1550.5999755859375,1353287.0,1532.2919921875,1544.8485107421875,1523.7418212890625,1537.6395263671875,734295.75,1528.699951171875,0.014325914249735172,0.005847828534605304,0.008478085715129868,7.187793739308913e-05
2026-02-27,1545.0,1545.0999755859375,1516.199951171875,1521.0,1596106.0,1549.299072265625,1563.8514404296875,1536.55517578125,1552.6075439453125,1927791.25,1550.5999755859375,-0.019089369309935877,0.0012947042377040585,-0.020384073547639936,0.0004155104543955942
2026-03-02,1462.0,1497.300048828125,1430.0,1470.300048828125,4207514.0,1530.6884765625,1542.9232177734375,1518.379150390625,1531.8143310546875,1682153.625,1521.0,-0.03333330123068701,0.007110013842661189,-0.040443315073348196,0.0016356617341221134
2026-03-04,1435.0,1450.5,1409.0,1434.4000244140625,3386838.0,1467.65576171875,1527.2286376953125,1459.3250732421875,1483.554443359375,2047222.75,1470.300048828125,-0.02441680148393921,0.009014754873887254,-0.033431556357826464,0.001117668960506527
2026-03-05,1447.199951171875,1505.5,1447.199951171875,1499.300048828125,3236481.0,1415.881591796875,1434.5836181640625,1404.3028564453125,1424.10888671875,2078928.625,1434.4000244140625,0.045245415023311475,-0.007174524205349475,0.05241993922866095,0.002747850028736507
2026-03-06,1489.0,1497.800048828125,1470.0,1477.5,2576061.0,1506.1573486328125,1546.5230712890625,1502.018798828125,1539.3388671875,3199314.5,1499.300048828125,-0.014540150815818498,0.02670500704023193,-0.04124515785605043,0.0017011630465705184
2026-03-09,1405.0,1436.0999755859375,1405.0,1421.300048828125,4874245.0,1479.33251953125,1495.4986572265625,1467.298828125,1484.6502685546875,2607379.25,1477.5,-0.03803719199450084,0.0048394372620559345,-0.042876629256556775,0.0018384053364042204
2026-03-10,1450.0,1470.300048828125,1416.5,1424.0999755859375,2706284.0,1433.6488037109375,1460.3602294921875,1433.9727783203125,1455.8551025390625,3681708.5,1421.300048828125,0.0019699758401621192,0.024312286303957098,-0.02234231046379498,0.0004991788368606026
2026-03-11,1425.0,1454.9000244140625,1405.699951171875,1410.800048828125,2212011.0,1405.9937744140625,1430.0908203125,1406.5228271484375,1426.142333984375,3187193.5,1424.0999755859375,-0.009339180525117508,0.001434139760867037,-0.010773320285984544,0.0001160644299844061
2026-03-12,1402.5,1418.5999755859375,1375.300048828125,1391.5,2699173.0,1413.7061767578125,1430.2454833984375,1399.3699951171875,1411.637451171875,2422094.5,1410.800048828125,-0.013680215594092493,0.0005935655761037939,-0.014273781170196287,0.00020374082889465007
2026-03-13,1388.699951171875,1390.0,1354.0,1363.199951171875,2688559.0,1391.5269775390625,1404.54638671875,1357.5675048828125,1374.978759765625,3237941.5,1391.5,-0.020337800092076863,-0.011872971781800246,-0.008464828310276618,7.16533183224605e-05
2026-03-16,1356.5999755859375,1383.0999755859375,1347.0,1373.9000244140625,3322087.0,1365.471923828125,1378.18115234375,1325.1068115234375,1349.804931640625,3188798.75,1363.199951171875,0.007849232413036145,-0.009826159045659422,0.017675391458695566,0.00031241946321812817
2026-03-17,1379.0,1379.0,1351.199951171875,1365.5,2605905.0,1381.291259765625,1406.0091552734375,1361.9403076171875,1384.134765625,3061719.0,1373.9000244140625,-0.006113999756019339,0.0074494075471776,-0.01356340730319694,0.00018396601767241608
2026-03-18,1367.0999755859375,1411.0999755859375,1367.0999755859375,1401.9000244140625,1956685.0,1373.669677734375,1398.947998046875,1362.2347412109375,1383.5802001953125,2798941.75,1365.5,0.026656920112825055,0.013240717828863158,0.013416202283961898,0.00017999448372418443
2026-03-19,1377.0,1379.5999755859375,1350.5,1356.0,2160622.0,1405.56494140625,1416.531005859375,1382.663330078125,1393.5880126953125,2602404.25,1401.9000244140625,-0.03274129653663915,-0.005929104482485514,-0.02681219205415364,0.0007188936427488195
2026-03-20,1364.9000244140625,1393.5,1358.0,1365.4000244140625,4213342.0,1360.2376708984375,1377.39599609375,1309.93994140625,1353.40234375,3653960.5,1356.0,0.0069321713968013565,-0.001915675700589925,0.008847847097391282,7.828439825881533e-05
2026-03-23,1350.0,1350.0,1293.5,1303.5999755859375,3361416.0,1402.653564453125,1420.5675048828125,1392.3048095703125,1409.841796875,1941081.125,1365.4000244140625,-0.04526149679442504,0.032548536448143706,-0.07781003324256874,0.006054401273209653
2026-03-24,1343.0,1361.0,1313.5999755859375,1344.199951171875,3132212.0,1316.897705078125,1352.143798828125,1307.390869140625,1338.3961181640625,2116863.0,1303.5999755859375,0.031144504714867516,0.026692346754981333,0.004452157959886183,1.9821710499777897e-05
2026-03-25,1359.699951171875,1392.699951171875,1354.800048828125,1375.9000244140625,1856531.0,1343.4593505859375,1388.72705078125,1326.7403564453125,1379.739013671875,1043719.125,1344.199951171875,0.023582855522760182,0.02643882144841392,-0.002855965925653736,8.156541368495202e-06
2026-03-27,1375.0,1375.0,1330.0999755859375,1337.800048828125,2667313.0,1381.8533935546875,1392.7738037109375,1363.3310546875,1372.8306884765625,1282727.25,1375.9000244140625,-0.02769094767780289,-0.0022307841289610497,-0.02546016354884184,0.0006482199279337747
2026-03-30,1325.0,1337.300048828125,1307.0999755859375,1312.5999755859375,2856500.0,1348.71337890625,1373.39794921875,1332.3228759765625,1353.7484130859375,3159391.75,1337.800048828125,-0.018836950457777335,0.011921336280248163,-0.030758286738025498,0.0009460722030585952
2026-04-01,1351.199951171875,1405.4000244140625,1348.699951171875,1385.4000244140625,3684039.0,1303.5726318359375,1355.4110107421875,1295.146728515625,1344.175048828125,1780772.875,1312.5999755859375,0.05546247918801561,0.02405536631835803,0.03140711286965758,0.000986406738807411
2026-04-02,1354.4000244140625,1384.199951171875,1332.5999755859375,1377.5999755859375,3210456.0,1400.405029296875,1419.60498046875,1380.398681640625,1401.900634765625,2395083.0,1385.4000244140625,-0.005630178064580216,0.011910358063218052,-0.017540536127798267,0.00030767040765059624
2026-04-06,1379.800048828125,1391.800048828125,1348.0999755859375,1387.0999755859375,2519628.0,1372.714599609375,1382.6451416015625,1348.5810546875,1357.798828125,942675.0,1377.5999755859375,0.0068960512255811235,-0.014373655496411786,0.02126970672199291,0.0004524004240395903
2026-04-07,1375.0,1390.0,1368.4000244140625,1381.0,1812944.0,1386.7388916015625,1410.0938720703125,1368.538330078125,1397.013427734375,2562863.0,1387.0999755859375,-0.004397646668085842,0.007146890867941957,-0.011544537536027799,0.0001332763469207548
2026-04-08,1464.9000244140625,1505.699951171875,1449.0,1453.300048828125,7636467.0,1384.962646484375,1403.4635009765625,1372.6500244140625,1389.9215087890625,2104544.0,1381.0,0.052353402482349765,0.006460180151384831,0.04589322233096493,0.0021061878559193786
2026-04-09,1437.0,1456.199951171875,1415.199951171875,1447.4000244140625,3159307.0,1467.61669921875,1481.89208984375,1448.4798583984375,1465.4771728515625,3172810.5,1453.300048828125,-0.004059742803160349,0.008378946958170541,-0.01243868976133089,0.00015472100297863792
2026-04-10,1442.0,1478.0999755859375,1438.300048828125,1475.300048828125,4026881.0,1436.119873046875,1444.32666015625,1403.484130859375,1427.2109375,2021289.25,1447.4000244140625,0.01927595961272499,-0.013948519119471148,0.03322447873219614,0.0011038659870261536
2026-04-13,1426.800048828125,1477.9000244140625,1421.0,1465.300048828125,3629785.0,1475.8338623046875,1493.20703125,1460.0987548828125,1481.087890625,3062137.25,1475.300048828125,-0.006778282158902749,0.003923162479031017,-0.010701444637933766,0.00011452091733876134
2026-04-15,1484.300048828125,1515.0,1480.9000244140625,1511.800048828125,4415637.0,1478.509765625,1497.25390625,1467.8638916015625,1488.3841552734375,1990236.25,1465.300048828125,0.03173411482323263,0.015753842678005725,0.015980272145226904,0.0002553690978355149
2026-04-16,1524.9000244140625,1555.800048828125,1510.0,1549.800048828125,7476052.0,1505.0689697265625,1512.0545654296875,1482.9034423828125,1494.4383544921875,1869937.75,1511.800048828125,0.025135599135253317,-0.011484120766761086,0.0366197199020144,0.0013410038857019897
2026-04-17,1559.0,1578.5,1549.199951171875,1573.4000244140625,6024587.0,1538.031982421875,1544.913818359375,1512.7197265625,1528.468017578125,3332351.5,1549.800048828125,0.015227755092524609,-0.01376437642141648,0.02899213151394109,0.000840543689721656
2026-04-20,1572.4000244140625,1600.5,1566.0999755859375,1578.4000244140625,2998603.0,1579.23583984375,1589.052734375,1544.1431884765625,1548.8863525390625,3707800.0,1573.4000244140625,0.0031778313985104667,-0.015580063235431152,0.01875789463394162,0.00035185861109805576
2026-04-21,1578.5,1611.9000244140625,1578.4000244140625,1594.0999755859375,4276868.0,1575.6104736328125,1582.638671875,1549.87158203125,1560.74365234375,3560273.25,1578.4000244140625,0.009946750461881981,-0.011186246703757452,0.021132997165639433,0.00044660356920292433
2026-04-22,1588.9000244140625,1603.4000244140625,1582.0,1588.5999755859375,1918773.0,1595.6661376953125,1601.553466796875,1570.8427734375,1582.9757080078125,2709035.0,1594.0999755859375,-0.0034502227490332826,-0.006978400193523693,0.00352817744449041,1.2448036079810882e-05
2026-04-23,1575.0,1611.0,1566.199951171875,1602.9000244140625,2406876.0,1589.7093505859375,1596.3494873046875,1576.6827392578125,1584.596923828125,1153219.625,1588.5999755859375,0.009001667536127522,-0.0025198613995546237,0.011521528935682146,0.00013274562901576098
2026-04-24,1612.0,1618.800048828125,1556.5,1585.0999755859375,2290223.0,1578.1123046875,1582.21533203125,1543.500244140625,1557.6629638671875,3181625.25,1602.9000244140625,-0.011104902711965292,-0.028222010018005506,0.017117107306040213,0.00029299536252649526
2026-04-27,1600.0,1649.9000244140625,1593.0,1628.5,3787783.0,1567.23486328125,1580.078857421875,1550.3590087890625,1567.3603515625,2048732.875,1585.0999755859375,0.02737999185068407,-0.01119148589784058,0.03857147774852465,0.0014877588957049324
2026-04-28,1628.4000244140625,1648.0,1624.5,1637.5999755859375,2500914.0,1635.8671875,1646.333984375,1623.77685546875,1634.5562744140625,2131896.0,1628.5,0.005587949392654279,0.0037189281019727183,0.0018690212906815606,3.4932405850209666e-06
2026-04-29,1645.0,1672.0,1644.9000244140625,1661.0999755859375,2345365.0,1634.21044921875,1642.270263671875,1611.851806640625,1621.3675537109375,2684485.75,1637.5999755859375,0.014350268899821828,-0.00991232420432342,0.024262593104145247,0.0005886734241373165
2026-04-30,1650.0,1677.0,1596.800048828125,1657.300048828125,6313698.0,1680.406494140625,1678.796630859375,1602.6099853515625,1609.60791015625,3746621.5,1661.0999755859375,-0.002287596661045055,-0.030998775622475216,0.02871117896143016,0.0008243317973552699
2026-05-01,1657.300048828125,1657.300048828125,1657.300048828125,1657.300048828125,0.0,1618.7257080078125,1634.77294921875,1605.95751953125,1627.1068115234375,3437658.25,1657.300048828125,0.0,-0.018218328857250166,0.018218328857250166,0.0003319075063509141
2026-05-04,1702.0,1748.5999755859375,1687.300048828125,1742.5999755859375,7171346.0,1634.6226806640625,1664.5390625,1601.694091796875,1603.807861328125,4034025.5,1657.300048828125,0.051469211515517754,-0.03227670664574245,0.0837459181612602,0.007013378808672492
2026-05-05,1749.800048828125,1757.4000244140625,1718.699951171875,1725.0,4357699.0,1693.6173095703125,1701.4671630859375,1656.236083984375,1673.4644775390625,4356571.0,1742.5999755859375,-0.010099836929023054,-0.039673762777156396,0.029573925848133342,0.0008746170900708894
2026-05-06,1750.0,1762.4000244140625,1718.5999755859375,1748.300048828125,3001204.0,1711.1563720703125,1717.2547607421875,1681.3758544921875,1693.9498291015625,3818484.5,1725.0,0.013507274682970971,-0.018000099071557973,0.031507373754528945,0.0009927146009075793
2026-05-07,1748.300048828125,1755.9000244140625,1708.0,1732.800048828125,3280485.0,1726.4150390625,1733.6298828125,1689.526123046875,1705.1895751953125,4025560.5,1748.300048828125,-0.008865755057542613,-0.024658509654397864,0.015792754596855252,0.0002494110977564927
2026-05-08,1740.4000244140625,1792.0,1727.699951171875,1760.4000244140625,4984856.0,1713.8564453125,1722.0606689453125,1691.9969482421875,1708.038330078125,2056362.0,1732.800048828125,0.015927963301133996,-0.014290003492754999,0.030217966793888995,0.000913125517156578
2026-05-11,1757.0999755859375,1785.5999755859375,1733.0999755859375,1767.300048828125,4111229.0,1753.0926513671875,1780.75,1723.17333984375,1736.4761962890625,3026847.5,1760.4000244140625,0.003919577549630571,-0.013589995338112337,0.017509572887742908,0.00030658514271118153
2026-05-12,1752.0,1765.9000244140625,1683.199951171875,1688.199951171875,3441070.0,1751.288330078125,1748.2235107421875,1661.672607421875,1672.788330078125,5848032.0,1767.300048828125,-0.04475759377062216,-0.05347802644642574,0.00872043267580358,7.604594605322279e-05
2026-05-13,1688.199951171875,1752.300048828125,1688.0,1737.800048828125,3018421.0,1686.9940185546875,1703.669189453125,1666.799072265625,1684.419921875,2975627.75,1688.199951171875,0.02938046386141635,-0.0022390886187687586,0.03161955248018511,0.0009997960990471802
2026-05-14,1761.0,1782.5,1745.4000244140625,1773.4000244140625,3051398.0,1737.626708984375,1756.07861328125,1720.297607421875,1739.2353515625,3149223.25,1737.800048828125,0.020485656914294603,0.00082593088620464,0.019659726028089963,0.00038650482749955794
2026-05-15,1796.800048828125,1823.9000244140625,1766.199951171875,1795.0999755859375,5622212.0,1769.05224609375,1775.376220703125,1724.9776611328125,1736.5115966796875,2942694.0,1773.4000244140625,0.012236354388821313,-0.020800962685541324,0.03303731707436264,0.001091464319471973
2026-05-18,1785.5,1793.0,1745.0,1787.699951171875,2562978.0,1777.57177734375,1784.3656005859375,1693.350830078125,1700.736572265625,2309275.75,1795.0999755859375,-0.00412234667411604,-0.05256721330493663,0.04844486663082059,0.0023469051028779946
2026-05-19,1790.800048828125,1805.0,1758.800048828125,1762.800048828125,2274987.0,1778.8779296875,1791.70751953125,1751.2705078125,1768.353515625,2730192.0,1787.699951171875,-0.013928457248895465,-0.010821970171332684,-0.0031064870775627806,9.650261963064545e-06
2026-05-20,1749.0,1777.800048828125,1744.300048828125,1772.5999755859375,1283223.0,1749.8326416015625,1760.5042724609375,1728.231201171875,1742.4769287109375,1387638.0,1762.800048828125,0.005559295714977708,-0.011528885610536443,0.01708818132551415,0.0002920059410136506
2026-05-21,1781.4000244140625,1800.800048828125,1776.800048828125,1793.300048828125,1628329.0,1765.4671630859375,1791.0390625,1756.047607421875,1782.1265869140625,1767207.25,1772.5999755859375,0.01167780296022225,0.005374371803754441,0.006303431156467809,3.97332443443291e-05
2026-05-22,1793.300048828125,1802.300048828125,1780.5,1786.9000244140625,1487044.0,1773.705810546875,1782.06689453125,1741.45458984375,1756.0413818359375,2469752.25,1793.300048828125,-0.003568853086378221,-0.020776593976303714,0.017207740889925494,0.00029610634653481384
2026-05-25,1809.0,1813.300048828125,1793.0,1802.9000244140625,1516143.0,1775.43310546875,1799.1561279296875,1767.869384765625,1791.673583984375,1640389.75,1786.9000244140625,0.008954054385469368,0.0026714195003034735,0.006282634885165894,3.9471501100303466e-05
2026-05-26,1805.0,1820.5,1800.0,1811.199951171875,2104926.0,1798.1888427734375,1815.0472412109375,1786.1981201171875,1805.090087890625,1609027.875,1802.9000244140625,0.004603653361483495,0.0012147448260610982,0.003388908535422397,1.1484701061458776e-05
2026-05-27,1810.0,1842.800048828125,1809.9000244140625,1824.5,2102406.0,1811.828369140625,1826.51611328125,1797.898193359375,1815.127685546875,1653732.5,1811.199951171875,0.007343225036815948,0.0021685813167444667,0.005174643720071481,2.677693762967522e-05
2026-05-28,1824.5,1824.5,1824.5,1824.5,0.0,1827.956787109375,1844.627197265625,1815.81884765625,1832.876708984375,1898753.25,1824.5,0.0,0.004591235398396787,-0.004591235398396787,2.1079442483491704e-05
2026-05-29,1836.4000244140625,1840.699951171875,1796.4000244140625,1804.5999755859375,3554087.0,1829.779296875,1836.6849365234375,1794.6785888671875,1803.95751953125,2399148.0,1824.5,-0.01090711121625787,-0.011259238404357386,0.0003521271880995158,1.239935565988718e-07
2026-06-01,1809.0999755859375,1814.9000244140625,1777.0,1783.5,1224826.0,1822.9676513671875,1828.204833984375,1788.6243896484375,1798.0185546875,2365889.5,1804.5999755859375,-0.011692328422583831,-0.003647024818506095,-0.008045303604077736,6.472691008178621e-05
2026-06-02,1745.199951171875,1817.800048828125,1745.199951171875,1814.5,2256569.0,1794.00048828125,1805.19384765625,1776.507080078125,1790.769775390625,1579865.875,1783.5,0.01738155312587608,0.004076128618236696,0.013305424507639385,0.00017703432132849077
2026-06-03,1829.4000244140625,1840.0,1781.9000244140625,1803.800048828125,2967709.0,1786.7994384765625,1801.5439453125,1774.32275390625,1789.591796875,1730105.125,1814.5,-0.005896914396183561,-0.01372730952052903,0.007830395124345468,6.131508780337329e-05
2026-06-04,1794.300048828125,1826.4000244140625,1786.199951171875,1790.9000244140625,1369988.0,1794.29931640625,1809.221923828125,1777.1563720703125,1795.154541015625,1840722.0,1803.800048828125,-0.007151582251282984,-0.004792941334111123,-0.0023586409171718614,5.56318697615732e-06
2026-06-05,1801.5,1827.9000244140625,1796.699951171875,1824.199951171875,1640762.0,1786.3175048828125,1790.29296875,1746.35205078125,1756.138916015625,2017533.5,1790.9000244140625,0.018593961864904918,-0.019409854221097866,0.038003816086002784,0.001444290037098724
2026-06-08,1805.5999755859375,1832.800048828125,1791.5999755859375,1805.0,2574439.0,1809.049072265625,1814.462890625,1774.209716796875,1787.4603271484375,2562192.0,1824.199951171875,-0.010525135229578764,-0.02014012992371572,0.009614994694136958,9.244812296828186e-05
2026-06-09,1828.0,1832.5999755859375,1792.4000244140625,1826.4000244140625,1776339.0,1808.862548828125,1824.1444091796875,1791.85546875,1808.5032958984375,1736777.5,1805.0,0.011855969204466854,0.0019408841542589705,0.009915085050207884,9.830891155285587e-05
2026-06-10,1826.0,1857.800048828125,1812.199951171875,1821.199951171875,2933100.0,1806.5648193359375,1819.8470458984375,1786.2518310546875,1801.333984375,2102155.5,1826.4000244140625,-0.0028471710319077914,-0.013724288055188882,0.010877117023281091,0.0001183116747381513
2026-06-11,1814.5999755859375,1820.4000244140625,1781.699951171875,1787.0999755859375,2229041.0,1810.777587890625,1835.506103515625,1801.9736328125,1822.941162109375,2043361.0,1821.199951171875,-0.01872390539215396,0.0009560789502436329,-0.019679984342397594,0.00038730178371701446
2026-06-12,1804.0,1818.0,1777.9000244140625,1812.9000244140625,2325897.0,1771.281982421875,1785.74267578125,1750.263671875,1764.98388671875,2185541.0,1787.0999755859375,0.014436824565265738,-0.012375406619283491,0.02681223118454923,0.0007188957410937142
2026-06-15,1839.0,1840.300048828125,1798.9000244140625,1804.800048828125,1421741.0,1792.4051513671875,1807.310546875,1777.5911865234375,1793.177490234375,2040428.125,1812.9000244140625,-0.004467965953365516,-0.010878997139437963,0.006411031186072447,4.110132086879348e-05
2026-06-16,1804.800048828125,1828.0,1797.0999755859375,1822.0,2215994.0,1827.570556640625,1839.438232421875,1805.616943359375,1820.501220703125,1719648.5,1804.800048828125,0.00953011453154784,0.008699673897501814,0.0008304406340460257,6.896316466747652e-07
2026-06-17,1824.0,1833.0,1806.300048828125,1828.5999755859375,2697924.0,1809.038330078125,1826.1197509765625,1796.0899658203125,1812.270751953125,1326852.125,1822.0,0.0036223795751577637,-0.005339872693125636,0.0089622522682834,8.032196572035094e-05
2026-06-18,1833.0,1849.5,1820.0,1842.0999755859375,1643528.0,1834.6876220703125,1878.20556640625,1831.0068359375,1870.7060546875,1816635.25,1828.5999755859375,0.0073826972439252625,0.02302640252856314,-0.015643705284637877,0.000244725515032607
2026-06-19,1842.0999755859375,1849.0,1830.0,1835.300048828125,4382841.0,1839.249755859375,1863.607177734375,1830.697509765625,1851.9989013671875,1419564.5,1842.0999755859375,-0.0036913994071627876,0.005373717991663973,-0.00906511739882676,8.217635345451165e-05
2026-06-22,1835.300048828125,1836.800048828125,1808.0999755859375,1827.199951171875,1524494.0,1817.89306640625,1822.0662841796875,1774.3612060546875,1784.749267578125,2281758.0,1835.300048828125,-0.004413500485341393,-0.027543605898271317,0.023130105412929924,0.0005350017764132502
2026-06-23,1832.5999755859375,1842.0,1779.0999755859375,1784.0,3309685.0,1833.06396484375,1844.426513671875,1813.23974609375,1826.031005859375,1665490.25,1827.199951171875,-0.023642705957915955,-0.0006397467949527114,-0.023002959162963244,0.0005291361302529546
2026-06-24,1786.0,1818.0,1775.0,1813.300048828125,2141905.0,1808.6419677734375,1829.2801513671875,1792.41357421875,1815.9906005859375,1995204.125,1784.0,0.016423794186168683,0.01793195100108602,-0.0015081568149173386,2.2745369783816113e-06
2026-06-25,1813.300048828125,1831.4000244140625,1790.9000244140625,1796.0,1850390.0,1814.24658203125,1822.62158203125,1790.43701171875,1804.52734375,1993059.25,1813.300048828125,-0.009540643226312984,-0.0048379776329872115,-0.004702665593325772,2.2115063682650036e-05
2026-06-26,1796.0,1796.0,1796.0,1796.0,0.0,1807.4486083984375,1823.345703125,1791.8692626953125,1809.1044921875,1699750.125,1796.0,0.0,0.0072964878549555134,-0.0072964878549555134,5.323873501751331e-05
2026-06-29,1809.5,1809.5,1770.5,1776.0999755859375,1693498.0,1803.8016357421875,1821.1295166015625,1789.6600341796875,1807.1795654296875,1472327.125,1796.0,-0.011080191767295355,0.006224702355059897,-0.017304894122355252,0.00029945936058592534
2026-06-30,1786.9000244140625,1816.300048828125,1782.5999755859375,1810.199951171875,2230098.0,1793.154541015625,1806.4735107421875,1778.554443359375,1793.717529296875,1157004.125,1776.0999755859375,0.019199355922905115,0.00991923537700945,0.009280120545895665,8.612063734635485e-05
2026-07-01,1829.5,1881.699951171875,1815.4000244140625,1848.199951171875,4123193.0,1804.84765625,1815.6199951171875,1787.45849609375,1800.8505859375,1207102.0,1810.199951171875,0.020992156129161277,-0.005164824597593487,0.026156980726754764,0.0006841876407398202
2026-07-02,1858.5,1888.0,1845.5,1883.199951171875,3089068.0,1856.4163818359375,1863.3037109375,1825.6688232421875,1837.3365478515625,1722159.75,1848.199951171875,0.018937344943553258,-0.005877829026791348,0.024815173970344606,0.0006157928591784685
2026-07-03,1885.0,1891.0999755859375,1865.0,1874.199951171875,1645113.0,1867.9449462890625,1883.4881591796875,1847.263671875,1866.5546875,2074721.25,1883.199951171875,-0.00477909952918143,-0.008838819086373184,0.004059719557191754,1.6481322883045215e-05
2026-07-06,1872.800048828125,1883.5,1859.300048828125,1864.4000244140625,1042695.0,1871.076171875,1901.572265625,1864.58837890625,1891.36376953125,1572304.125,1874.199951171875,-0.005228858720055407,0.00915794408629833,-0.014386802806353738,0.0002069800949889078
2026-07-07,1872.0,1880.5,1828.699951171875,1833.9000244140625,1818238.0,1849.60791015625,1866.115478515625,1835.447021484375,1853.2490234375,1951430.75,1864.4000244140625,-0.01635915018268974,-0.005981013103701804,-0.010378137078987937,0.00010770572923026427
2026-07-08,1824.9000244140625,1850.4000244140625,1783.199951171875,1791.699951171875,1413919.0,1830.3985595703125,1845.5699462890625,1816.7608642578125,1833.8582763671875,1201272.0,1833.9000244140625,-0.02301110893745184,-2.276462528993939e-05,-0.0229883443121619,0.0005284639742145064
2026-07-09,1795.300048828125,1821.0,1795.300048828125,1800.0999755859375,1106782.0,1797.63232421875,1810.830322265625,1782.343505859375,1797.0653076171875,1088687.625,1791.699951171875,0.004688298623086062,0.0029945619197027096,0.0016937367033833528,2.868744020387908e-06
2026-07-10,1800.0999755859375,1852.9000244140625,1800.0999755859375,1828.0999755859375,1489787.0,1816.369873046875,1838.7340087890625,1802.0050048828125,1818.236572265625,1640252.625,1800.0999755859375,0.015554691616995298,0.01007532744051276,0.005479364176482537,3.0023431778520155e-05
2026-07-13,1811.0,1825.9000244140625,1807.0999755859375,1810.300048828125,1156618.0,1844.82470703125,1854.7830810546875,1830.518310546875,1844.16845703125,742672.25,1828.0999755859375,-0.009736845356122958,0.008789717006676412,-0.01852656236279937,0.00034323351298269416
2026-07-14,1819.300048828125,1840.9000244140625,1808.5999755859375,1821.9000244140625,1636778.0,1805.0860595703125,1824.534912109375,1789.4676513671875,1809.1597900390625,1691209.25,1810.300048828125,0.006407764057370757,-0.0006298728157250189,0.007037636873095776,4.952833275755729e-05
2026-07-15,1826.0,1838.0,1817.199951171875,1829.0999755859375,917984.0,1833.26171875,1856.7371826171875,1819.431884765625,1843.732177734375,1694611.375,1821.9000244140625,0.003951891473403135,0.011983178565099228,-0.008031287091696093,6.450157234924429e-05
2026-07-16,1828.5,1859.699951171875,1817.5,1826.4000244140625,1952268.0,1830.2689208984375,1847.20556640625,1816.0223388671875,1832.9674072265625,1730070.75,1829.0999755859375,-0.001476109129032177,0.0021143905156886245,-0.0035904996447208015,1.2891687698740202e-05
2026-07-17,1825.5999755859375,1841.5,1817.0999755859375,1837.4000244140625,962152.0,1826.6121826171875,1843.0006103515625,1814.679443359375,1829.527099609375,1128884.25,1826.4000244140625,0.006022776967235854,0.0017121524055583315,0.004310624561677523,1.8581484111737538e-05
2026-07-20,1836.0999755859375,1853.699951171875,1828.0,1844.0,754950.0,1831.7340087890625,1844.2310791015625,1814.119140625,1825.932373046875,1304182.875,1837.4000244140625,0.0035920188844245082,-0.006241238279532824,0.009833257163957332,9.66929464525182e-05
2026-07-21,1840.0,1857.4000244140625,1833.0,1846.5,1372166.0,1836.6578369140625,1851.143798828125,1823.2412109375,1837.0428466796875,958809.375,1844.0,0.0013557483731019282,-0.00377285971817376,0.005128608091275688,2.630262095389846e-05
2026-07-22,1837.0999755859375,1847.199951171875,1811.9000244140625,1819.4000244140625,1436881.0,1857.5948486328125,1890.15771484375,1848.9805908203125,1877.949951171875,1531134.5,1846.5,-0.014676401617079615,0.017032196681221246,-0.03170859829830086,0.0010054352060430082
2026-07-23,1818.300048828125,1825.5,1769.0,1778.5,2592430.0,1826.998046875,1846.3880615234375,1814.4053955078125,1829.433349609375,1662257.125,1819.4000244140625,-0.022479951558335487,0.005514633978607186,-0.027994585536942673,0.0007836968193852
2026-07-24,1764.9000244140625,1784.9000244140625,1755.199951171875,1768.300048828125,1685770.0,1778.0909423828125,1785.3785400390625,1753.851806640625,1761.44482421875,923814.625,1778.5,-0.005735142632485202,-0.009589640585465298,0.003854497952980096,1.485715446952775e-05
2026-07-27,1784.0,1785.0,1752.0999755859375,1770.4000244140625,2266975.0,1768.4273681640625,1804.3568115234375,1762.91943359375,1792.197265625,2007331.0,1768.300048828125,0.0011875674534584935,0.013514231825482392,-0.012326664372023899,0.00015194665454052334
2026-07-28,1770.4000244140625,1783.0,1758.9000244140625,1774.699951171875,1776549.0,1792.1044921875,1831.38720703125,1786.779541015625,1824.05517578125,1846622.0,1770.4000244140625,0.0024287882391074156,0.03030679542887227,-0.027878007189764853,0.0007771832848725808
2026-07-29,1785.0,1792.0,1705.0999755859375,1719.699951171875,5088460.0,1765.35205078125,1810.067626953125,1757.27734375,1805.69140625,1198449.5,1774.699951171875,-0.0309911542870569,0.017462926652846766,-0.048454080939903665,0.002347797959730736
2026-07-30,1726.699951171875,1727.699951171875,1658.4000244140625,1664.0999755859375,5395211.0,1750.57861328125,1762.1517333984375,1708.2086181640625,1720.1959228515625,2833272.5,1719.699951171875,-0.03233120728302019,0.00028840593927426106,-0.03261961322229445,0.0010640391667720872
2026-07-31,1674.0,1708.0999755859375,1650.0,1696.5,4703646.0,1680.8575439453125,1688.0150146484375,1661.8768310546875,1662.6395263671875,1809861.125,1664.0999755859375,0.01946999873168931,-0.0008776210805698792,0.020347619812259188,0.0004140256320242426
2026-08-03,1713.4000244140625,1715.9000244140625,1692.800048828125,1701.0,1664693.0,1675.9151611328125,1695.4180908203125,1658.826904296875,1677.9512939453125,2275443.75,1696.5,0.0026525198938991412,-0.01093351373692164,0.013586033630820782,0.00018458030981779333
2026-08-04,1703.0999755859375,1713.9000244140625,1690.0,1706.699951171875,1099071.0,1691.09326171875,1706.476806640625,1676.9365234375,1690.5181884765625,1133873.375,1701.0,0.00335094131209579,-0.006162146692203163,0.009513088004298953,9.049884337753663e-05
2026-08-05,1708.199951171875,1710.699951171875,1688.0999755859375,1700.0,2333361.0,1703.072509765625,1712.10009765625,1686.77490234375,1693.7608642578125,1373718.375,1706.699951171875,-0.003925676078724072,-0.007581348382401987,0.003655672303677915,1.3363939991877793e-05
2026-08-06,1704.0,1706.0,1685.800048828125,1695.0,1254956.0,1707.4884033203125,1717.3763427734375,1692.4459228515625,1699.599365234375,1517551.0,1700.0,-0.002941176470588225,-0.00023566750919112867,-0.002705508961397096,7.319778740199994e-06
2026-08-07,1695.0,1702.300048828125,1676.699951171875,1693.5,2387389.0,1695.8992919921875,1706.6153564453125,1681.506591796875,1694.78173828125,732547.125,1695.0,-0.0008849557522123686,-0.0001287679756637461,-0.0007561877765486225,5.718199534015493e-07
2026-08-10,1690.0,1690.0,1673.0999755859375,1681.0,2177216.0,1704.6236572265625,1714.49853515625,1688.9935302734375,1702.6510009765625,810930.25,1693.5,-0.007381163271331537,0.005403602584329814,-0.01278476585566135,0.0001634502379840843
2026-08-11,1700.0,1703.4000244140625,1661.800048828125,1668.199951171875,2263466.0,1657.105224609375,1730.980224609375,1641.3577880859375,1679.270751953125,2142433.5,1681.0,-0.007614544216612118,-0.0010287019910023565,-0.0065858422256097615,4.3373317820624534e-05
2026-08-12,1669.800048828125,1672.699951171875,1640.4000244140625,1665.0,1494540.0,1674.25830078125,1689.8519287109375,1659.51171875,1673.8519287109375,1108526.5,1668.199951171875,-0.0019182060097934217,0.0033880695986665543,-0.005306275608459976,2.815656083293729e-05
2026-08-13,1665.0,1669.9000244140625,1641.0999755859375,1658.0,1992956.0,1666.413818359375,1689.0230712890625,1663.22216796875,1676.6058349609375,2149687.75,1665.0,-0.004204204204204198,0.006970471448010551,-0.01117467565221475,0.00012487337593220115
2026-08-14,1658.0,1700.0,1657.199951171875,1700.0,1978204.0,1651.47607421875,1663.1551513671875,1630.384033203125,1642.3087158203125,1624059.0,1658.0,0.02533172496984326,-0.009463983220559413,0.034795708190402674,0.0012107413084716558
2026-08-17,1700.0,1704.0,1678.0999755859375,1691.0,1594217.0,1700.40673828125,1706.0994873046875,1681.1318359375,1691.6337890625,827667.0,1700.0,-0.0052941176470587825,-0.004921300551470553,-0.0003728170955882293,1.389925867628429e-07
2026-08-18,1691.5999755859375,1693.699951171875,1667.0,1682.4000244140625,1298165.0,1701.9527587890625,1709.290283203125,1685.593505859375,1697.6025390625,1136510.25,1691.0,-0.0050857336404124265,0.0039045174822589512,-0.008990251122671378,8.082461524869396e-05
2026-08-19,1684.0,1684.0,1667.0,1681.9000244140625,1217074.0,1669.443603515625,1683.1131591796875,1654.015869140625,1666.8294677734375,932836.25,1682.4000244140625,-0.00029719447975762314,-0.009254966960695277,0.008957772480937654,8.024168782024392e-05
2026-08-20,1690.0,1698.5,1680.4000244140625,1696.0,1661649.0,1662.139404296875,1684.109619140625,1657.3511962890625,1674.7607421875,1049857.375,1681.9000244140625,0.00838336130641859,-0.004244772057155788,0.012628133363574379,0.00015946975224822034
2026-08-21,1697.199951171875,1702.0,1684.9000244140625,1700.0,1113535.0,1698.890625,1716.67041015625,1692.6993408203125,1707.416748046875,1056211.625,1696.0,0.002358490566037652,0.006731573140846159,-0.004373082574808507,1.91238512060938e-05
2026-08-24,1700.0,1700.0,1672.0999755859375,1672.0999755859375,1061245.0,1686.2237548828125,1694.5980224609375,1664.5703125,1674.3419189453125,849908.625,1700.0,-0.016411779067095567,-0.015092988855698541,-0.0013187902113970251,1.7392076216766102e-06
2026-08-25,1674.0,1702.699951171875,1671.0,1702.699951171875,1300541.0,1669.97314453125,1689.205078125,1663.7703857421875,1679.5999755859375,965655.125,1672.0999755859375,0.018300326555064084,0.004485377734289919,0.013814948820774164,0.00019085281092060948
2026-08-26,1711.9000244140625,1719.699951171875,1690.5,1691.5,1937255.0,1694.3809814453125,1716.8414306640625,1688.4293212890625,1709.47607421875,1548167.75,1702.699951171875,-0.006577759730460264,0.003979634252183617,-0.010557393982643881,0.00011145856770476523
2026-08-27,1703.0,1719.0,1691.199951171875,1714.0,2044450.0,1701.5064697265625,1715.4383544921875,1688.0960693359375,1702.034912109375,1280463.625,1691.5,0.013301803133313639,0.006228147862474165,0.007073655270839474,5.003659889067507e-05
2026-08-28,1712.0,1723.9000244140625,1699.199951171875,1707.5,3268356.0,1706.870849609375,1718.0091552734375,1691.877197265625,1703.0367431640625,1024715.75,1714.0,-0.0037922987164527022,-0.006396299204164291,0.0026040004877115885,6.780818540002191e-06
2026-08-31,1710.0,1711.4000244140625,1593.0999755859375,1593.0999755859375,9621819.0,1700.4600830078125,1705.7244873046875,1671.6978759765625,1681.5137939453125,1553274.75,1707.5,-0.0669985501692899,-0.015218861525439276,-0.05177968864385063,0.002681136156054114
2026-09-01,1625.0,1655.5999755859375,1625.0,1647.5,3770354.0,1627.6331787109375,1648.63818359375,1607.2049560546875,1627.747314453125,2942761.0,1593.0999755859375,0.034147275907184804,0.02174837699965715,0.012398898907527656,0.0001537326941190905
2026-09-02,1637.0999755859375,1676.699951171875,1632.0999755859375,1672.699951171875,2338937.0,1642.315673828125,1650.9837646484375,1614.92724609375,1623.88623046875,1974807.0,1647.5,0.015295873245447567,-0.014333092279969706,0.029628965525417272,0.0008778755981063652
2026-09-03,1694.9000244140625,1710.800048828125,1681.800048828125,1706.5,3370497.0,1662.0283203125,1675.1346435546875,1645.7359619140625,1659.697998046875,934871.5,1672.699951171875,0.020206880979726893,-0.007773033720656852,0.027979914700383746,0.0007828756266407504
2026-09-04,1699.9000244140625,1716.9000244140625,1692.4000244140625,1707.300048828125,1281663.0,1714.3638916015625,1723.959716796875,1704.83837890625,1711.815673828125,1963153.25,1706.5,0.00046882439386175534,0.0031149568286696905,-0.002646132434807935,7.002016862542571e-06
