Date,actual_open,actual_high,actual_low,actual_close,actual_volume,pred_open,pred_high,pred_low,pred_close,pred_volume,previous_actual_close,actual_return,predicted_return,return_error,squared_return_error
2022-06-24,984.0,984.5499877929688,960.0,966.7000122070312,1922313.0,969.3939819335938,986.4600219726562,963.1351318359375,976.9951171875,2179597.5,971.25,-0.004684672116312738,0.0059151785714286476,-0.010599850687741386,0.00011235683460241152
2022-06-27,986.1500244140625,1006.7999877929688,984.2000122070312,992.3499755859375,3626024.0,966.8336791992188,976.9280395507812,958.804931640625,966.3302612304688,1739630.375,966.7000122070312,0.02653352959036992,-0.0003824878161720058,0.026916017406541926,0.0007244719930292679
2022-06-28,989.9000244140625,1007.0,983.25,1001.9500122070312,2702471.0,1007.2183837890625,1028.4620361328125,1003.2459106445312,1020.8201904296875,2407666.5,992.3499755859375,0.00967404328843302,0.028689691685576557,-0.019015648397143536,0.00036159488396378755
2022-06-29,985.0999755859375,1000.25,985.0,987.5499877929688,3150015.0,1008.66748046875,1022.2393798828125,1000.2647094726562,1011.2498168945312,2691189.0,1001.9500122070312,-0.01437199884088336,0.009281705248962435,-0.023653704089845795,0.0005594977171699877
2022-06-30,990.0,996.5499877929688,969.9500122070312,973.25,3741119.0,990.88671875,1011.78662109375,985.38525390625,1004.3352661132812,2463320.25,987.5499877929688,-0.014480267297584781,0.016996889805877213,-0.031477157103461995,0.000990811419316028
2022-07-01,964.5,981.4500122070312,964.2000122070312,975.3499755859375,2827579.0,976.9187622070312,990.499267578125,969.8651123046875,980.4053955078125,2391277.5,973.25,0.0021576938977010407,0.007352063198368786,-0.005194369300667745,2.6981472431719516e-05
2022-07-04,975.3499755859375,989.5,973.4500122070312,984.5999755859375,2738846.0,981.6090087890625,998.3765258789062,971.7471313476562,984.6859130859375,3413080.75,975.3499755859375,0.009483775292497443,0.009571884691329968,-8.810939883252544e-05,7.763266162629036e-09
2022-07-05,987.4000244140625,1002.6500244140625,978.4500122070312,982.1500244140625,2476050.0,984.3382568359375,994.57861328125,975.5901489257812,983.1165161132812,2321664.5,984.5999755859375,-0.002488270599861675,-0.00150666210587036,-0.000981608493991315,9.635552354758975e-07
2022-07-06,982.0,999.0,980.0499877929688,986.5999755859375,2998254.0,983.8128662109375,994.1267700195312,976.1163940429688,983.7330932617188,2249380.5,982.1500244140625,0.004530826310908953,0.0016118401550726524,0.0029189861558363006,8.520480177963983e-06
2022-07-07,997.0,1000.9000244140625,984.9500122070312,989.8499755859375,2985141.0,991.9102783203125,1003.7158203125,981.1912231445312,989.2977905273438,3362607.0,986.5999755859375,0.0032941415775626925,0.002734456728324952,0.0005596848492377404,3.132471304662722e-07
2022-07-08,999.0,999.0,979.1500244140625,983.5499877929688,3141642.0,990.4612426757812,1007.9781494140625,986.7333984375,1000.6416625976562,2404385.0,989.8499755859375,-0.006364588521850956,0.010902346090710058,-0.017266934612561013,0.00029814703091445753
2022-07-11,975.0,979.1500244140625,940.0,943.5499877929688,5787815.0,984.7509155273438,997.1743774414062,976.9878540039062,985.7011108398438,2797563.25,983.5499877929688,-0.04066900563921283,0.002187100883100035,-0.042856106522312865,0.0018366458662518272
2022-07-12,935.0,948.5499877929688,924.4000244140625,927.7999877929688,5305354.0,962.0851440429688,991.9600830078125,948.326416015625,973.4458618164062,4421122.0,943.5499877929688,-0.016692279374450947,0.03168446230746724,-0.04837674168191819,0.0023403091357590408
2022-07-13,930.0,936.0,905.0,917.75,12874342.0,952.7084350585938,983.1231689453125,939.135986328125,964.829833984375,4507188.0,927.7999877929688,-0.01083206286397509,0.03991145363074655,-0.05074351649472164,0.0025749044662500874
2022-07-14,926.1500244140625,927.5499877929688,892.2999877929688,903.0,4916497.0,933.1865844726562,952.7027587890625,924.4091186523438,935.9171752929688,4041438.5,917.75,-0.0160719150095342,0.019795342187925558,-0.035867257197459756,0.0012864601388687287
2022-07-15,896.0,905.0,877.3499755859375,883.1500244140625,5591590.0,915.85986328125,950.586181640625,893.4039306640625,929.7841796875,5814222.0,903.0,-0.021982254247992827,0.029661328557585742,-0.05164358280557857,0.0026670596449966505
2022-07-18,895.0,907.5,888.8499755859375,900.2999877929688,5156225.0,895.7573852539062,941.9701538085938,870.4553833007812,921.0742797851562,5949447.5,883.1500244140625,0.019419082720724123,0.04294203059809121,-0.023522947877367084,0.0005533290768413286
2022-07-19,890.0,897.5,885.0,889.7000122070312,4636293.0,902.5767211914062,938.4459838867188,875.056884765625,917.4885864257812,5881044.0,900.2999877929688,-0.011773826202000404,0.01909207915791411,-0.030865905359914514,0.0009527041136871995
2022-07-20,904.5999755859375,918.7999877929688,895.0999755859375,917.4000244140625,4827089.0,893.36083984375,922.4129028320312,871.3232421875,904.3062133789062,5464906.0,889.7000122070312,0.0311341034359629,0.016416995584435545,0.014717107851527356,0.00021659326351348813
2022-07-21,921.0,926.9500122070312,913.5499877929688,924.4500122070312,3498709.0,926.62841796875,939.458740234375,918.09375,927.9266357421875,2676087.75,917.4000244140625,0.007684747771258715,0.011474396171777146,-0.0037896484005184305,1.43614349995519e-05
2022-07-22,929.4000244140625,931.9000244140625,909.0,920.25,3514659.0,930.16845703125,949.4415283203125,916.285400390625,931.0020141601562,4406734.5,924.4500122070312,-0.004543255072282593,0.00708745942626221,-0.011630714498544803,0.00013527351974666028
2022-07-25,920.25,932.0,914.0,930.6500244140625,2120224.0,936.0816650390625,950.1212158203125,926.8760986328125,937.411376953125,3562115.75,920.25,0.01130130335676438,0.01864860304604732,-0.007347299689282938,5.3982812724137154e-05
2022-07-26,928.5,929.6500244140625,911.0999755859375,913.5,2780103.0,929.711669921875,935.6461181640625,919.8958740234375,923.6817016601562,2025386.875,930.6500244140625,-0.01842800619369256,-0.007487586709400751,-0.010940419484291808,0.00011969277849227183
2022-07-27,912.0999755859375,929.3499755859375,911.0999755859375,928.4500122070312,1742497.0,919.272705078125,933.957763671875,913.9112548828125,925.8486328125,2409732.0,913.5,0.016365640073378485,0.01351793411330049,0.0028477059600779953,8.109429235063737e-06
2022-07-28,935.9000244140625,949.0,932.7000122070312,946.0999755859375,2843497.0,921.427734375,927.532958984375,912.9442138671875,916.9028930664062,1915250.375,928.4500122070312,0.019010138560879852,-0.012436985286021107,0.03144712384690096,0.000988921598242327
2022-07-29,957.0,965.7000122070312,947.1500244140625,948.4000244140625,3617725.0,949.5372314453125,971.8795166015625,937.4838256835938,943.2149047851562,3028797.0,946.0999755859375,0.0024310843330277443,-0.003049435445756643,0.005480519778784387,3.003609704564687e-05
2022-08-01,954.0,956.5,945.2000122070312,952.1500244140625,2489519.0,956.2680053710938,966.3467407226562,948.1732177734375,956.851806640625,2773507.5,948.4000244140625,0.003954027734569987,0.008911621688099558,-0.004957593953529571,2.4577737808072964e-05
2022-08-02,952.1500244140625,953.8499755859375,941.0499877929688,951.0499877929688,2545241.0,958.6416625976562,967.8935546875,952.1383666992188,959.965576171875,2386671.0,952.1500244140625,-0.0011553185872895666,0.008208319652800666,-0.009363638240090233,8.767772109128012e-05
2022-08-03,951.0,961.7999877929688,950.0499877929688,957.2000122070312,4119614.0,955.8035278320312,965.4623413085938,950.7052001953125,959.185546875,2404862.0,951.0499877929688,0.0064665627390778635,0.008554291768522848,-0.0020877290294449846,4.3586125003872975e-06
2022-08-04,965.0,969.9500122070312,945.7999877929688,958.0999755859375,3513266.0,964.4339599609375,977.6702880859375,959.6209106445312,970.910400390625,2782025.0,957.2000122070312,0.0009402041030392994,0.014323430849088048,-0.013383226746048749,0.0001791107581361546
2022-08-05,962.9000244140625,964.9500122070312,955.0,957.75,2565683.0,963.7381591796875,977.3687744140625,959.0316162109375,970.6615600585938,2814867.5,958.0999755859375,-0.00036528086301590434,0.013110932880437742,-0.013476213743453647,0.00018160833685924895
2022-08-08,957.75,968.0,950.0499877929688,966.0499877929688,1746911.0,962.2975463867188,977.2755737304688,959.9547729492188,972.58740234375,2410395.25,957.75,0.008666131864232485,0.015491936667971773,-0.006825804803739288,4.6591611218750344e-05
2022-08-10,966.0499877929688,967.0,948.0999755859375,952.0499877929688,3271939.0,959.6185302734375,967.0430908203125,951.8720092773438,958.8826904296875,1968881.5,966.0499877929688,-0.014492003702607836,-0.007419178566168805,-0.0070728251364390315,5.00248554106438e-05
2022-08-11,965.0,968.5,958.75,962.3499755859375,3594584.0,948.7489013671875,962.09716796875,943.7477416992188,955.2543334960938,3126898.0,952.0499877929688,0.010818746835810744,0.0033657326235077,0.007453014212303044,5.554742084879116e-05
2022-08-12,964.0,964.0,954.0,956.4000244140625,3022304.0,961.83642578125,967.9266967773438,954.0184326171875,959.2213134765625,2478465.5,962.3499755859375,-0.006182731150642273,-0.0032510647776242685,-0.002931666373018005,8.594667722684544e-06
2022-08-16,969.0,969.0,952.6500244140625,958.2000122070312,2784861.0,961.0865478515625,965.5230712890625,953.2891845703125,956.830810546875,2161776.5,956.4000244140625,0.0018820449048728705,0.00045042463594291426,0.0014316202689299562,2.04953659441108e-06
2022-08-17,963.0,982.9000244140625,955.0,980.5999755859375,4649125.0,958.4085083007812,965.3388671875,952.5127563476562,958.0536499023438,2430401.75,958.2000122070312,0.023377127002234266,-0.00015274713298152331,0.02352987413521579,0.000553654976819097
2022-08-18,983.4500122070312,983.4500122070312,968.0999755859375,973.5,2829269.0,973.8805541992188,982.1988525390625,968.5059814453125,976.3025512695312,2519946.5,980.5999755859375,-0.00724044030461557,-0.00438244383377473,-0.00285799647084084,8.168143827338698e-06
2022-08-19,974.5,987.0499877929688,966.7999877929688,970.0499877929688,2880969.0,974.8408203125,981.8013916015625,967.8485717773438,973.96728515625,2748052.75,973.5,-0.003543926252728591,0.0004800052966100754,-0.004023931549338666,1.619202511376308e-05
2022-08-22,965.0,970.0,955.2000122070312,959.4500122070312,3616799.0,976.3404541015625,984.2366943359375,971.1035766601562,978.1005859375,2442274.0,970.0499877929688,-0.010927246759782183,0.008299158028801878,-0.01922640478858406,0.0003696546410944881
2022-08-23,949.9500122070312,951.0,939.0,946.9000244140625,3753715.0,962.0830078125,968.16943359375,954.1542358398438,959.5557250976562,2190964.5,959.4500122070312,-0.013080397762568086,0.00011018071736934587,-0.013190578479937431,0.0001739913606353885
2022-08-24,949.9000244140625,953.7999877929688,944.1500244140625,949.1500244140625,1494361.0,950.3089599609375,961.4285278320312,945.8682861328125,955.1851196289062,2521063.25,946.9000244140625,0.0023761748252064674,0.008749704299533034,-0.006373529474326567,4.062187796010948e-05
2022-08-25,953.9000244140625,953.9000244140625,942.6500244140625,943.7999877929688,3316314.0,955.3701782226562,962.3998413085938,948.1768798828125,954.4923095703125,2032423.0,949.1500244140625,-0.005636660679007477,0.005628493935453394,-0.01126515461446087,0.00012690370848770905
2022-08-26,948.5499877929688,956.0,943.75,945.6500244140625,2195046.0,948.0548706054688,956.7431030273438,942.2567138671875,949.6505126953125,2457458.25,943.7999877929688,0.001960199878175528,0.006198903346062767,-0.004238703467887239,1.796660708867931e-05
2022-08-29,912.5999755859375,922.0,900.0999755859375,917.5,4974880.0,947.3290405273438,957.775146484375,941.5098876953125,950.382080078125,2094766.75,945.6500244140625,-0.029767909572576468,0.005004024260449436,-0.0347719338330259,0.0012090873824883316
2022-08-30,926.9000244140625,945.25,923.7000122070312,938.9500122070312,2998417.0,918.4591674804688,927.169189453125,911.1278076171875,918.4217529296875,2411326.5,917.5,0.023378759898671664,0.0010046353457084933,0.02237412455296317,0.0005006014495115094
2022-09-01,917.2999877929688,931.0,916.25,926.0499877929688,2953921.0,940.6685180664062,946.8494873046875,933.469970703125,938.7395629882812,2152675.0,938.9500122070312,-0.013738776555037857,-0.00022413250547315133,-0.013514644049564706,0.00018264560378643472
2022-09-02,931.2000122070312,937.0,919.0,924.4500122070312,1750283.0,919.873046875,936.019775390625,917.9555053710938,931.7857666015625,2420895.75,926.0499877929688,-0.0017277421381438618,0.006193811224233903,-0.007921553362377765,6.275100767299846e-05
2022-09-05,926.0,942.2999877929688,922.5,936.0,2279812.0,926.8458251953125,935.04052734375,923.916748046875,930.8079833984375,1632053.875,924.4500122070312,0.012493901931370344,0.006877571645250269,0.005616330286120075,3.15431658827896e-05
2022-09-06,936.0,942.9000244140625,927.0499877929688,937.7999877929688,2108615.0,940.9497680664062,946.6541748046875,935.2361450195312,940.24755859375,1973214.375,936.0,0.001923063881376974,0.004537989950587518,-0.0026149260692105436,6.837838347436905e-06
2022-09-07,927.0,932.5499877929688,923.0999755859375,931.7000122070312,2709547.0,940.886962890625,947.0225219726562,934.6889038085938,940.4486694335938,1912174.5,937.7999877929688,-0.006504559250734565,0.0028243566593111336,-0.009328915910045699,8.702867205670377e-05
2022-09-08,936.4000244140625,940.9000244140625,928.0,931.0499877929688,3214686.0,933.7575073242188,941.1356811523438,928.584228515625,935.8118286132812,2017559.25,931.7000122070312,-0.0006976756526199113,0.004413240691614639,-0.005110916344234551,2.6121465877763863e-05
2022-09-09,939.0,953.0,934.2999877929688,948.5,2206526.0,935.0894775390625,940.989990234375,928.2413940429688,933.9120483398438,2092926.0,931.0499877929688,0.018742293578023705,0.0030740138385689786,0.015668279739454727,0.0002454949899938075
2022-09-12,955.1500244140625,963.5,953.5,955.5499877929688,2517615.0,945.1893920898438,955.6920166015625,940.1260375976562,950.9005737304688,2012213.0,948.5,0.007432775743773101,0.0025309158992816716,0.00490185984449143,2.4028229935037544e-05
2022-09-13,955.0,959.7999877929688,950.4500122070312,955.4000244140625,2442828.0,955.6549072265625,961.6412353515625,949.1215209960938,955.0140380859375,1993385.125,955.5499877929688,-0.0001569393342284453,-0.0005608808684819389,0.00040394153425349355,1.631687630950663e-07
2022-09-14,933.2999877929688,938.4500122070312,926.5499877929688,932.0,6761712.0,955.0057983398438,961.8128662109375,949.2955932617188,956.0677490234375,2004246.875,955.4000244140625,-0.02449238414915622,0.0006988953237514473,-0.02519127947290767,0.0006346005614821392
2022-09-15,936.5,936.7000122070312,916.2999877929688,919.9000244140625,2995215.0,934.2913208007812,939.6511840820312,923.0294799804688,926.8738403320312,3259940.0,932.0,-0.012982806422679682,-0.005500171317563085,-0.007482635105116597,5.598982811632327e-05
2022-09-16,915.0999755859375,918.0,893.4000244140625,896.9000244140625,5095937.0,929.4719848632812,946.6211547851562,926.8211669921875,941.6572875976562,3120880.25,919.9000244140625,-0.02500271702313528,0.02365176932944668,-0.04865448635258196,0.0023672590422335843
2022-09-19,897.9500122070312,907.1500244140625,887.5,897.7999877929688,2686561.0,900.810546875,911.6117553710938,895.64111328125,904.493896484375,2459362.5,896.9000244140625,0.0010034154915918858,0.008466798822169164,-0.007463383330577278,5.570209073913878e-05
2022-09-20,902.2999877929688,920.8499755859375,902.0,914.0,1836721.0,895.9419555664062,908.7214965820312,892.7622680664062,902.7547607421875,3084089.0,897.7999877929688,0.01804412166105629,0.005518793736452254,0.012525327924604035,0.0001568838396188656
2022-09-21,909.0,913.75,898.8499755859375,900.9500122070312,1819649.0,911.7754516601562,924.0650634765625,908.1773071289062,918.5591430664062,2150032.5,914.0,-0.014277885987930783,0.0049881215168559034,-0.019266007504786686,0.0003711790451744969
2022-09-22,897.5999755859375,904.9000244140625,889.75,897.6500244140625,2315711.0,897.7276611328125,905.3045654296875,892.9901733398438,899.224853515625,2032326.375,900.9500122070312,-0.0036627867786858115,-0.0019148217637293685,-0.001747965014956443,3.0553816935116778e-06
2022-09-23,896.5,912.5999755859375,892.0,895.8499755859375,2569608.0,891.9979858398438,900.3792114257812,887.9251708984375,895.286865234375,2063857.0,897.6500244140625,-0.002005290234688095,-0.0026326063782263764,0.0006273161435382812,3.935255439437415e-07
2022-09-26,891.25,917.4000244140625,882.0,906.7000122070312,4182702.0,892.0213623046875,899.330810546875,887.4063720703125,893.7349243164062,2137899.5,895.8499755859375,0.012111443787222509,-0.0023609436034731646,0.014472387390695673,0.00020944999678636713
2022-09-27,911.25,921.4500122070312,907.5999755859375,918.75,3545337.0,905.2492065429688,922.088134765625,904.6412963867188,918.9708251953125,2320244.75,906.7000122070312,0.01328993893320618,0.01353348717665992,-0.0002435482434537395,5.931574688940196e-08
2022-09-28,913.0,926.9500122070312,911.8499755859375,920.7999877929688,4154139.0,916.2184448242188,928.6488647460938,913.2938842773438,925.7463989257812,2112199.0,918.75,0.0022312792304421958,0.0076151280824829914,-0.005383848852040796,2.8985828461620992e-05
2022-09-29,927.0,931.0,916.5999755859375,923.0499877929688,2928360.0,942.6071166992188,950.9360961914062,941.5049438476562,947.4039306640625,2505103.5,920.7999877929688,0.0024435273999003915,0.02889220593373354,-0.026448678533833148,0.0006995325961860464
2022-09-30,921.9000244140625,935.5499877929688,910.0499877929688,932.3499755859375,3229901.0,923.5670776367188,933.8702392578125,921.86865234375,930.339599609375,2351648.0,923.0499877929688,0.010075280771310258,0.007897309910415373,0.0021779708608948845,4.743557070907204e-06
2022-10-03,932.3499755859375,932.8499755859375,916.0,930.25,1598950.0,932.1936645507812,944.2976684570312,929.7308959960938,940.6988525390625,2489277.75,932.3499755859375,-0.0022523469093435056,0.00895465991499389,-0.011207006824337395,0.00012559700196074496
2022-10-04,942.5,951.0,937.0499877929688,946.0,2331351.0,926.0697631835938,930.7192993164062,919.7212524414062,924.216552734375,1947629.25,930.25,0.016930932545014876,-0.00648583420115556,0.023416766746170437,0.0005483449648445536
2022-10-06,955.5,967.9500122070312,955.5,964.5499877929688,3713623.0,938.1808471679688,942.0020751953125,933.22900390625,937.6173095703125,1681493.0,946.0,0.01960886658876193,-0.008861194957386354,0.028470061546148284,0.0008105444044414713
2022-10-07,965.0,972.9500122070312,955.0,957.7000122070312,2174327.0,963.1310424804688,973.3984985351562,958.3944702148438,968.6520385742188,2542514.25,964.5499877929688,-0.007101732074675793,0.004252813055999338,-0.011354545130675131,0.00012892569512453834
2022-10-10,942.2000122070312,967.1500244140625,942.2000122070312,963.25,2758812.0,952.9180908203125,956.2132568359375,945.8828125,949.8372802734375,1683390.5,957.7000122070312,0.005795121355568034,-0.008210015488539057,0.014005136844107091,0.00019614385802216593
2022-10-11,968.0999755859375,972.0,936.0,938.5999755859375,3134969.0,961.5734252929688,969.227294921875,955.946533203125,962.9752197265625,2264489.5,963.25,-0.025590474346288583,-0.00028526371496240266,-0.02530521063132618,0.0006403536850957836
2022-10-12,943.2999877929688,963.9000244140625,943.2999877929688,952.0,3502390.0,940.5313110351562,949.7000122070312,935.81689453125,943.9876708984375,2085296.125,938.5999755859375,0.014276608526116119,0.005740140051821996,0.008536468474294123,7.287129401261743e-05
2022-10-13,972.0499877929688,989.0499877929688,969.2999877929688,982.0999755859375,9698562.0,956.4431762695312,962.5492553710938,949.8251953125,956.5086669921875,2041552.75,952.0,0.03161762141379998,0.004735994739692773,0.026881626674107206,0.000722621852646072
2022-10-14,1005.0,1023.0,994.0,1002.5499877929688,7424383.0,988.4789428710938,1002.1526489257812,978.0812377929688,993.9415893554688,4409898.0,982.0999755859375,0.02082273975705018,0.01205744228072736,0.00876529747632282,7.683043984843119e-05
2022-10-17,1005.7000122070312,1006.7999877929688,991.0999755859375,994.5999755859375,2136170.0,1010.5216674804688,1020.3355102539062,998.81884765625,1009.6529541015625,3447748.25,1002.5499877929688,-0.007929791335923864,0.007084899900333452,-0.015014691236257316,0.00022544095292014225
2022-10-18,1000.0,1013.6500244140625,999.0999755859375,1009.2000122070312,2487826.0,997.7385864257812,1007.150634765625,988.8324584960938,997.64453125,2852370.75,994.5999755859375,0.014679305227704775,0.003061085601041569,0.011618219626663207,0.00013498302729338213
2022-10-19,1006.5,1006.5,994.0,995.6500244140625,2517099.0,1009.8349609375,1020.3507080078125,1001.50439453125,1011.9695434570312,2582437.25,1009.2000122070312,-0.013426464158810436,0.0027442838054898555,-0.01617074796430029,0.000261493089724922
2022-10-20,990.0,1019.2999877929688,988.0,1017.4000244140625,3931399.0,991.7028198242188,997.6779174804688,982.5818481445312,988.010498046875,2140900.0,995.6500244140625,0.021845025326846068,-0.007672903309256074,0.029517928636102142,0.0008713081109660188
2022-10-21,1022.5,1029.9000244140625,1011.5999755859375,1027.199951171875,2071897.0,1005.6489868164062,1013.7769165039062,996.8192138671875,1004.9317626953125,2345151.5,1017.4000244140625,0.009632324083593824,-0.012255024001921688,0.021887348085515512,0.00047905600621651954
2022-10-24,1035.0,1038.8499755859375,1030.0,1031.5999755859375,398105.0,1021.78369140625,1041.316162109375,1016.23828125,1033.7239990234375,2659064.0,1027.199951171875,0.004283513067774969,0.0063512929922937555,-0.0020677799245187867,4.2757138162429194e-06
2022-10-25,1036.0,1037.25,1020.9000244140625,1026.5,3068136.0,1036.7525634765625,1050.648681640625,1028.614990234375,1041.51318359375,2014688.625,1031.5999755859375,-0.004943753108408888,0.009609546570783722,-0.01455329967919261,0.00021179853155238774
2022-10-27,1031.0,1037.449951171875,1019.5999755859375,1032.050048828125,3313674.0,1031.6787109375,1041.908447265625,1023.9810791015625,1033.050048828125,1921638.5,1026.5,0.005406769438017545,0.006380953558816405,-0.00097418412079886,9.490347012166478e-07
2022-10-28,1031.949951171875,1039.75,1025.5,1030.0,2423629.0,1029.744140625,1046.0760498046875,1025.990966796875,1039.1292724609375,2122938.5,1032.050048828125,-0.0019863850890301515,0.006859380163637185,-0.008845765252667337,7.824756290529684e-05
2022-10-31,1039.0,1052.5,1036.4000244140625,1041.1500244140625,2418565.0,1028.511962890625,1038.165283203125,1022.2730712890625,1030.091552734375,1901607.125,1030.0,0.010825266421419899,8.888614987867527e-05,0.010736380271541224,0.0001152698613351396
2022-11-01,1049.0,1061.8499755859375,1045.0,1060.050048828125,2275488.0,1039.4412841796875,1052.164306640625,1032.63916015625,1043.164306640625,2451920.5,1041.1500244140625,0.018153026913387382,0.0019346704887186483,0.016218356424668734,0.0002630350851175936
2022-11-02,1064.949951171875,1066.3499755859375,1042.5,1045.199951171875,2799322.0,1053.3251953125,1061.81005859375,1044.4066162109375,1051.686279296875,1937713.875,1060.050048828125,-0.014008864649991404,-0.007889976082257721,-0.006118888567733682,3.7440797304341954e-05
2022-11-03,1034.0,1049.199951171875,1033.0999755859375,1045.1500244140625,2396164.0,1049.2757568359375,1059.02880859375,1040.3470458984375,1049.16259765625,2518135.75,1045.199951171875,-4.776766183023362e-05,0.0037912807783162528,-0.0038390484401464864,1.473829292579117e-05
2022-11-04,1045.1500244140625,1049.0,1033.449951171875,1045.3499755859375,1709158.0,1037.468017578125,1041.0889892578125,1017.24853515625,1022.9044189453125,2557805.5,1045.1500244140625,0.00019131336861155646,-0.021284605031915316,0.021475918400526872,0.0004612150711460887
2022-11-07,1048.0999755859375,1055.699951171875,1038.6500244140625,1047.1500244140625,2213508.0,1036.0531005859375,1040.4656982421875,1026.6654052734375,1031.4288330078125,1649178.125,1045.3499755859375,0.0017219580716172356,-0.013317207541256204,0.01503916561287344,0.00022617650233143494
2022-11-09,1060.9000244140625,1061.449951171875,1049.199951171875,1053.449951171875,2307691.0,1042.7503662109375,1053.8424072265625,1036.250244140625,1046.369873046875,2052795.5,1047.1500244140625,0.006016259954095604,-0.000745023491379837,0.006761283445475441,4.5714953830060254e-05
2022-11-10,1050.0,1062.4000244140625,1047.050048828125,1052.449951171875,2321667.0,1044.4410400390625,1054.814208984375,1037.3802490234375,1046.8505859375,2353211.75,1053.449951171875,-0.0009492619928337387,-0.006264526593820374,0.0053152646009866356,2.8252037778501617e-05
2022-11-11,1071.0,1098.699951171875,1069.0999755859375,1090.6500244140625,3923101.0,1045.8734130859375,1056.28515625,1040.89111328125,1049.7037353515625,1917841.125,1052.449951171875,0.03629633238108165,-0.0026093552641193174,0.03890568764520097,0.0015136525311459435
2022-11-14,1095.0,1102.949951171875,1090.050048828125,1099.0,2170007.0,1077.5694580078125,1083.060302734375,1061.839599609375,1068.4324951171875,2242366.5,1090.6500244140625,0.0076559624068439636,-0.02037090615645576,0.028026868563299723,0.0007855053614644783
2022-11-15,1093.5,1106.0999755859375,1088.9000244140625,1103.9000244140625,2172420.0,1093.75146484375,1096.934326171875,1074.384033203125,1079.17626953125,2277416.5,1099.0,0.004458620940912095,-0.01803797130914464,0.022496592250056735,0.0005060966628653127
2022-11-16,1107.5,1112.449951171875,1099.3499755859375,1105.199951171875,2213697.0,1083.7935791015625,1093.20654296875,1076.4642333984375,1085.739990234375,2160149.0,1103.9000244140625,0.0011775765278223549,-0.01645079606672406,0.017628372594546415,0.0003107595203321551
2022-11-17,1095.0999755859375,1100.5999755859375,1089.0999755859375,1092.550048828125,2460883.0,1089.5447998046875,1099.1549072265625,1082.183349609375,1091.7567138671875,2160544.25,1105.199951171875,-0.011445804291193573,-0.012163624591580269,0.0007178203003866956,5.15265983647246e-07
2022-11-18,1098.050048828125,1106.0,1084.0,1103.1500244140625,2623894.0,1084.766845703125,1094.496337890625,1078.066650390625,1086.0054931640625,1924805.625,1092.550048828125,0.009702050352116132,-0.00599016554992815,0.015692215902044282,0.00024624563991637144
2022-11-21,1098.9000244140625,1106.3499755859375,1092.5999755859375,1095.5,1733741.0,1095.299560546875,1104.2449951171875,1087.15869140625,1096.9039306640625,2279661.75,1103.1500244140625,-0.006934709010341322,-0.005662052859326749,-0.0012726561510145729,1.6196536787152272e-06
2022-11-22,1091.0999755859375,1105.9000244140625,1088.0,1103.4000244140625,2529146.0,1095.791015625,1105.2545166015625,1088.8070068359375,1098.0499267578125,2138180.0,1095.5,0.0072113413181766894,0.0023276373873231115,0.004883703930853578,2.385056408423469e-05
2022-11-23,1108.949951171875,1111.5,1099.75,1103.4000244140625,2217599.0,1103.772216796875,1112.408935546875,1096.612548828125,1105.3115234375,2209483.5,1103.4000244140625,0.0,0.001732371742924732,-0.001732371742924732,3.001111855684074e-06
2022-11-24,1106.0,1135.0,1103.5,1129.5999755859375,3295202.0,1106.6689453125,1114.4124755859375,1099.7630615234375,1107.73486328125,2149459.75,1103.4000244140625,0.023744744056706013,0.003928619513570819,0.019816124543135194,0.000392678791909045
2022-11-25,1135.199951171875,1137.550048828125,1120.6500244140625,1128.199951171875,1977441.0,1133.91162109375,1138.9298095703125,1119.27197265625,1126.0997314453125,2506251.75,1129.5999755859375,-0.0012393984103410416,-0.003098658123473652,0.0018592597131326105,3.4568466808779573e-06
2022-11-28,1125.0,1132.75,1117.0,1118.800048828125,2368293.0,1112.037353515625,1120.8809814453125,1104.312255859375,1112.0474853515625,1880712.5,1128.199951171875,-0.008331769855145055,-0.014317024037746817,0.0059852541826017625,3.582326763035189e-05
2022-11-29,1118.800048828125,1138.75,1118.050048828125,1128.949951171875,1785948.0,1121.622314453125,1129.85498046875,1114.1739501953125,1122.6068115234375,2167226.5,1118.800048828125,0.009072132553427537,0.003402540694648515,0.005669591858779022,3.214427184513336e-05
2022-11-30,1127.0,1129.9000244140625,1117.0,1120.800048828125,6053488.0,1118.990234375,1128.6700439453125,1112.6864013671875,1121.7896728515625,2126879.0,1128.949951171875,-0.007219011201772263,-0.006342423163117172,-0.0008765880386550906,7.684065895131786e-07
2022-12-01,1130.0,1150.6500244140625,1128.4000244140625,1136.4000244140625,3919684.0,1130.701904296875,1140.2076416015625,1123.3236083984375,1131.9244384765625,2495073.75,1120.800048828125,0.01391860716124027,0.009925400752853974,0.003993206408386296,1.5945697419977384e-05
2022-12-02,1136.4000244140625,1140.4000244140625,1123.8499755859375,1135.550048828125,2944923.0,1138.87744140625,1148.1175537109375,1130.0555419921875,1138.408935546875,2486256.5,1136.4000244140625,-0.0007479545650095343,0.0017677851897692776,-0.002515739754778812,6.328946513774557e-06
2022-12-05,1133.25,1141.949951171875,1127.199951171875,1130.8499755859375,2646466.0,1123.141845703125,1130.08642578125,1112.893310546875,1119.3370361328125,2033253.0,1135.550048828125,-0.004139027819194729,-0.014277673372515953,0.010138645553321224,0.00010279213365588023
2022-12-06,1121.5999755859375,1125.0,1107.0,1120.949951171875,2807894.0,1127.9136962890625,1134.28466796875,1111.711669921875,1117.9202880859375,3469766.0,1130.8499755859375,-0.008754498499177976,-0.011433601078074562,0.002679102578896586,7.177590628250338e-06
2022-12-07,1114.0,1116.5999755859375,1102.0,1105.9000244140625,2399879.0,1111.28662109375,1120.3330078125,1104.2474365234375,1112.738037109375,2434044.0,1120.949951171875,-0.013426047025631105,-0.007325852553822787,-0.006100194471808318,3.721237259388076e-05
2022-12-08,1113.75,1113.75,1098.800048828125,1101.3499755859375,1752350.0,1105.105224609375,1115.041748046875,1099.0380859375,1108.4554443359375,2379824.25,1105.9000244140625,-0.004114340110025538,0.0023107151328882747,-0.006425055242913813,4.128133487449428e-05
2022-12-09,1075.0,1075.0,1020.7000122070312,1027.5,12415478.0,1102.37451171875,1111.169921875,1097.255126953125,1105.4388427734375,1863286.0,1101.3499755859375,-0.06705404932401071,0.0037125957035815116,-0.07076664502759222,0.005007918048461243
2022-12-12,1025.0,1039.1500244140625,1012.4500122070312,1028.4000244140625,4275785.0,1047.224609375,1060.32080078125,1037.643310546875,1049.84326171875,4468822.0,1027.5,0.0008759361694039569,0.02174526687956213,-0.020869330710158174,0.0004355289642899511
2022-12-13,1032.0999755859375,1046.9000244140625,1031.0999755859375,1044.699951171875,2284909.0,1028.4276123046875,1041.443603515625,1019.8890380859375,1031.9036865234375,2821586.0,1028.4000244140625,0.015849792270375973,0.0034069058986760936,0.01244288637169988,0.00015482542125903458
2022-12-14,1045.0,1057.300048828125,1045.0,1056.199951171875,2425507.0,1049.6402587890625,1062.501953125,1043.5013427734375,1056.0572509765625,2396164.0,1044.699951171875,0.011007945379053696,0.010871350948133518,0.0001365944309201783,1.8658038558407363e-08
2022-12-15,1051.550048828125,1051.800048828125,1037.0999755859375,1042.3499755859375,1906369.0,1059.921630859375,1068.5767822265625,1052.4622802734375,1061.4720458984375,2083542.125,1056.199951171875,-0.013113024262660367,0.004991568803532909,-0.018104593066193275,0.00032777629009245364
2022-12-16,1030.0,1046.449951171875,1022.3499755859375,1029.6500244140625,5159215.0,1044.5115966796875,1050.4576416015625,1035.1851806640625,1041.8997802734375,1909063.375,1042.3499755859375,-0.012183960732321197,-0.00043190418098004724,-0.01175205655134115,0.00013811083318592045
2022-12-19,1029.6500244140625,1037.5,1023.3499755859375,1033.25,3328172.0,1035.4847412109375,1044.1016845703125,1027.87841796875,1037.198486328125,2401769.25,1029.6500244140625,0.0034963099116964713,0.007331094775001823,-0.0038347848633053516,1.4705574947835844e-05
2022-12-20,1027.0,1033.3499755859375,1011.5,1029.699951171875,2629849.0,1028.8370361328125,1037.427734375,1021.7977905273438,1031.146728515625,2416038.25,1033.25,-0.0034358082052987626,-0.002035588177473957,-0.0014002200278248056,1.9606161263216995e-06
2022-12-21,1035.0,1053.25,1035.0,1040.3499755859375,2878658.0,1022.4384155273438,1030.9979248046875,1015.697265625,1023.9473876953125,2660637.0,1029.699951171875,0.010342842496925408,-0.005586640525733433,0.01592948302265884,0.00025374842936917626
2022-12-22,1046.0,1054.6500244140625,1033.5999755859375,1039.0999755859375,2623451.0,1047.291015625,1054.3155517578125,1038.5311279296875,1045.9835205078125,2773545.0,1040.3499755859375,-0.0012015187478578992,0.005415047872425971,-0.00661656662028387,4.3778953840654715e-05
2022-12-23,1029.5,1044.0999755859375,1027.0999755859375,1030.5999755859375,2177675.0,1041.781982421875,1053.7862548828125,1037.499755859375,1049.4271240234375,2464642.5,1039.0999755859375,-0.008180156096343816,0.009938551323395606,-0.01811870741973942,0.00032828755856212035
2022-12-26,1031.0,1041.75,1029.0,1031.699951171875,1680715.0,1031.946044921875,1040.263427734375,1026.0684814453125,1032.407470703125,2023054.375,1030.5999755859375,0.001067315750043596,0.001753828022516668,-0.0006865122724730721,4.712991002561416e-07
2022-12-27,1039.0,1040.75,1030.3499755859375,1036.3499755859375,554319.0,1038.3494873046875,1050.5198974609375,1034.206787109375,1045.854736328125,2044864.75,1031.699951171875,0.0045071480412310905,0.013719866071692621,-0.00921271803046153,8.487417350879098e-05
2022-12-28,1030.0,1038.300048828125,1026.5,1035.449951171875,1397806.0,1042.6309814453125,1048.0546875,1035.063232421875,1040.7293701171875,1698791.5,1036.3499755859375,-0.0008684560575722422,0.004225787267253978,-0.00509424332482622,2.5951315052536498e-05
2022-12-29,1030.0,1046.0,1028.0999755859375,1044.449951171875,1277244.0,1035.16064453125,1041.1319580078125,1027.01025390625,1032.176025390625,1626060.75,1035.449951171875,0.008691873508530401,-0.003161838751882473,0.011853712260412874,0.00014051049435266248
2022-12-30,1050.0,1055.25,1034.300048828125,1039.300048828125,1860560.0,1044.1737060546875,1046.8621826171875,1034.310302734375,1037.185546875,1150901.125,1044.449951171875,-0.0049307315663826845,-0.0069552440389549774,0.002024512472572293,4.098650751600779e-06
2023-01-02,1039.0999755859375,1042.5,1031.5,1039.449951171875,701880.0,1046.4774169921875,1056.67431640625,1042.111328125,1051.78564453125,1726722.875,1039.300048828125,0.00014423394275708823,0.012013465906408172,-0.011869231963651083,0.00014087866740695657
2023-01-03,1039.0,1045.800048828125,1033.5,1041.3499755859375,2484372.0,1038.77978515625,1045.4017333984375,1033.3489990234375,1039.860595703125,1836058.125,1039.449951171875,0.0018279133227341315,0.00039505945503881534,0.0014328538676953162,2.0530702061694265e-06
2023-01-04,1036.199951171875,1042.0,1031.5,1036.5999755859375,1219170.0,1048.526611328125,1064.9012451171875,1046.1881103515625,1061.626953125,2204140.0,1041.3499755859375,-0.004561386768485165,0.01947181832664202,-0.024033205095127186,0.0005775949471444474
2023-01-05,1041.800048828125,1049.800048828125,1033.0999755859375,1044.0999755859375,2294943.0,1035.8934326171875,1040.5921630859375,1030.457763671875,1034.4412841796875,1249586.625,1036.5999755859375,0.0072351921441640155,-0.0020824729472233017,0.009317665091387317,8.681888275525782e-05
2023-01-06,1044.0,1047.9000244140625,1025.25,1032.800048828125,1887689.0,1042.8038330078125,1047.61279296875,1033.902587890625,1038.47314453125,1673899.875,1044.0999755859375,-0.010822648234879106,-0.005389168840397529,-0.005433479394481577,2.952269833025589e-05
2023-01-09,1044.949951171875,1071.0,1040.050048828125,1067.449951171875,4562242.0,1029.8741455078125,1038.477294921875,1025.8541259765625,1034.37841796875,1971487.0,1032.800048828125,0.03354947783267992,0.0015282427052709657,0.032021235127408954,0.001025359499084809
2023-01-10,1061.0,1072.5999755859375,1056.300048828125,1063.8499755859375,2297082.0,1065.68115234375,1075.35693359375,1059.8458251953125,1070.12548828125,2354151.0,1067.449951171875,-0.0033725005860792967,0.0025064754618591145,-0.005878976047938411,3.456235937223354e-05
2023-01-11,1069.0,1079.5999755859375,1050.550048828125,1054.800048828125,3594167.0,1061.5382080078125,1074.2196044921875,1058.40380859375,1070.7353515625,2248263.25,1063.8499755859375,-0.00850676971894282,0.006472130596017811,-0.01497890031496063,0.00022436745464552766
2023-01-12,1061.0,1074.5,1061.0,1071.6500244140625,4748542.0,1058.8294677734375,1067.8890380859375,1053.4346923828125,1063.0765380859375,2275098.0,1054.800048828125,0.0159745684546162,0.007846500639630882,0.008128067814985318,6.60654864050002e-05
2023-01-13,1043.9000244140625,1084.0,1041.0,1077.800048828125,8253765.0,1071.2376708984375,1080.9100341796875,1064.7156982421875,1073.6588134765625,2784554.75,1071.6500244140625,0.005738836629453736,0.001874482355933571,0.0038643542735201653,1.4933233951273563e-05
2023-01-16,1087.0,1100.449951171875,1078.550048828125,1093.699951171875,4508538.0,1070.3150634765625,1078.5361328125,1063.84326171875,1072.3297119140625,2507023.5,1077.800048828125,0.01475218187365801,-0.005075465453921901,0.01982764732757991,0.00039313559854688683
2023-01-17,1097.9000244140625,1113.949951171875,1095.0,1111.050048828125,4390338.0,1089.960205078125,1097.321044921875,1080.719482421875,1089.2816162109375,3097571.25,1093.699951171875,0.015863672333220613,-0.004039805392880735,0.01990347772610135,0.0003961484255934125
2023-01-18,1118.949951171875,1125.8499755859375,1114.0999755859375,1115.1500244140625,6905092.0,1105.346923828125,1117.3223876953125,1098.341064453125,1108.9599609375,3307571.25,1111.050048828125,0.0036901808251230683,-0.0018811824839299884,0.005571363309053057,3.1040089121462625e-05
2023-01-19,1102.3499755859375,1113.3499755859375,1098.75,1111.4000244140625,2298287.0,1105.9608154296875,1113.197021484375,1096.4906005859375,1104.280029296875,3294287.0,1115.1500244140625,-0.0033627762344984324,-0.009747562999784631,0.006384786765286199,4.07655020381738e-05
2023-01-20,1111.050048828125,1121.4000244140625,1107.050048828125,1107.800048828125,4747128.0,1107.296142578125,1119.684814453125,1102.733154296875,1114.7344970703125,2362336.0,1111.4000244140625,-0.0032391357808683185,0.003000245260933898,-0.006239381041802217,3.8929875784800915e-05
2023-01-23,1111.0,1122.9000244140625,1108.1500244140625,1121.199951171875,1696834.0,1112.94287109375,1129.71484375,1110.730712890625,1124.4091796875,2807014.5,1107.800048828125,0.012095957531257584,0.014992895944484497,-0.0028969384132269127,8.392252170029663e-06
2023-01-24,1125.9000244140625,1143.699951171875,1121.199951171875,1137.8499755859375,4861107.0,1114.216796875,1122.09423828125,1108.7869873046875,1115.980712890625,1706100.125,1121.199951171875,0.014850182963939584,-0.004655046832453769,0.019505229796393353,0.0003804539894101111
2023-01-25,1134.8499755859375,1134.8499755859375,1116.75,1122.75,2692236.0,1129.394287109375,1136.349365234375,1120.5523681640625,1128.513427734375,2462960.25,1137.8499755859375,-0.013270620828692015,-0.00820542958376791,-0.0050651912449241054,2.565616234765581e-05
2023-01-27,1122.75,1134.300048828125,1105.0,1115.5999755859375,3864525.0,1122.8079833984375,1128.1175537109375,1112.8160400390625,1119.3944091796875,2790366.75,1122.75,-0.0063683138847139276,-0.002988724845524371,-0.0033795890391895567,1.1421622073810191e-05
2023-01-30,1115.5999755859375,1139.949951171875,1105.800048828125,1134.75,3508427.0,1108.55712890625,1113.0526123046875,1091.951171875,1098.269287109375,3091141.75,1115.5999755859375,0.0171656730307872,-0.015534859139325508,0.032700532170112706,0.001069324804208576
2023-01-31,1136.0,1137.699951171875,1113.0,1122.199951171875,4582858.0,1132.2723388671875,1140.44482421875,1124.5537109375,1133.4080810546875,2382261.5,1134.75,-0.011059747810641118,-0.0011825679183190552,-0.009877179892322063,9.755868262529128e-05
2023-02-01,1137.0,1137.0,1114.449951171875,1132.0999755859375,2393911.0,1117.69091796875,1128.53125,1111.8326416015625,1122.0594482421875,3072316.75,1122.199951171875,0.008821979009822734,-0.00012520311513186666,0.0089471821249546,8.005206797710711e-05
2023-02-02,1137.800048828125,1155.5,1135.0,1149.5999755859375,3048359.0,1131.7349853515625,1140.9381103515625,1124.8656005859375,1134.6910400390625,2307545.5,1132.0999755859375,0.01545799874339071,0.0022887240605971026,0.013169274682793608,0.0001734297956708687
2023-02-03,1154.0,1156.6500244140625,1138.5999755859375,1146.1500244140625,1814055.0,1141.812744140625,1147.57177734375,1131.33349609375,1138.6787109375,2849905.75,1149.5999755859375,-0.00300100143105575,-0.009500056437345528,0.006499055006289778,4.2237715974780225e-05
2023-02-06,1135.199951171875,1149.8499755859375,1128.0,1145.699951171875,2070175.0,1154.275634765625,1162.302001953125,1147.2027587890625,1154.5296630859375,2367906.75,1146.1500244140625,-0.0003926826616067469,0.007311118521468263,-0.00770380118307501,5.9348552668347917e-05
2023-02-07,1147.8499755859375,1153.0,1125.9000244140625,1128.25,1931191.0,1150.2415771484375,1156.1597900390625,1140.0875244140625,1147.3458251953125,2626729.5,1145.699951171875,-0.0152308212582416,0.001436566373031578,-0.01666738763127318,0.00027780181045111815
2023-02-08,1133.9000244140625,1149.0,1132.699951171875,1145.0,2848255.0,1142.8028564453125,1152.7308349609375,1136.617919921875,1146.2457275390625,2565711.5,1128.25,0.014846000443164087,0.015950124120596154,-0.0011041236774320673,1.2190890950661118e-06
2023-02-09,1144.0,1152.0,1138.0,1146.3499755859375,1501083.0,1139.476806640625,1143.305908203125,1125.1212158203125,1130.67919921875,2551395.5,1145.0,0.0011790179789847866,-0.012507249590611336,0.013686267569596122,0.00018731391998657855
2023-02-10,1125.800048828125,1130.0,1100.0,1115.6500244140625,3185163.0,1147.5220947265625,1155.948486328125,1139.85888671875,1148.7681884765625,2517843.25,1146.3499755859375,-0.026780609609367567,0.002109489197999137,-0.028890098807366704,0.0008346378090994111
2023-02-13,1121.25,1121.25,1105.0,1113.0,2009185.0,1112.72900390625,1123.0263671875,1105.1650390625,1114.84814453125,2485184.75,1115.6500244140625,-0.002375318743397359,-0.0007187557614527496,-0.0016565629819446093,2.744200913149216e-06
2023-02-14,1121.0,1142.4000244140625,1118.0,1125.449951171875,3938046.0,1115.917724609375,1123.0843505859375,1107.5888671875,1116.730224609375,2083989.5,1113.0,0.011185939956761093,0.0033515045906333807,0.007834435366127712,6.137837750603265e-05
2023-02-15,1125.0,1134.5999755859375,1119.5999755859375,1132.9000244140625,1648954.0,1133.7159423828125,1146.303466796875,1128.57421875,1140.45654296875,1730045.625,1125.449951171875,0.006619639757796447,0.013333859743162702,-0.006714219985366254,4.5080750011891625e-05
2023-02-16,1138.5999755859375,1152.1500244140625,1124.0,1128.1500244140625,2369355.0,1128.7889404296875,1133.7078857421875,1118.910888671875,1125.3642578125,1742897.25,1132.9000244140625,-0.004192779501842381,-0.006651748997410389,0.0024589694955680086,6.046530980133987e-06
2023-02-17,1121.699951171875,1121.699951171875,1107.550048828125,1109.550048828125,1958807.0,1126.904541015625,1132.813720703125,1118.6051025390625,1125.1964111328125,1816100.125,1128.1500244140625,-0.016487147261817325,-0.002618103281772366,-0.01386904398004496,0.00019235038092042133
2023-02-20,1109.550048828125,1134.699951171875,1107.5999755859375,1115.699951171875,1706036.0,1111.7503662109375,1117.2996826171875,1101.9134521484375,1109.0731201171875,2058288.75,1109.550048828125,0.005542699358397796,-0.0004298397457971337,0.005972539104194929,3.567122335113757e-05
2023-02-21,1121.0,1122.050048828125,1103.0999755859375,1105.199951171875,1313278.0,1112.308837890625,1116.89599609375,1101.202392578125,1107.5589599609375,1996578.75,1115.699951171875,-0.009411132436611958,-0.00729675680489783,-0.002114375631714127,4.470584311986514e-06
2023-02-22,1095.0,1105.550048828125,1090.050048828125,1092.5999755859375,2212194.0,1102.643310546875,1107.599609375,1091.902099609375,1098.0802001953125,1538840.625,1105.199951171875,-0.011400629879305901,-0.006442047856601185,-0.004958582022704716,2.4587535675890395e-05
2023-02-23,1104.800048828125,1111.949951171875,1092.5,1094.3499755859375,2139983.0,1090.8033447265625,1098.612548828125,1083.576904296875,1092.073974609375,1931061.75,1092.5999755859375,0.0016016840921688758,-0.0004814213695002456,0.0020831054616691214,4.339328364435723e-06
2023-02-24,1097.0,1104.5,1082.0,1094.8499755859375,1684570.0,1094.790771484375,1101.3165283203125,1087.3951416015625,1093.197509765625,1685689.75,1094.3499755859375,0.00045689222931843965,-0.001053105355711681,0.0015099975850301206,2.2800927067967963e-06
2023-02-27,1090.0,1090.0,1076.0,1083.949951171875,1834553.0,1092.8619384765625,1098.4915771484375,1084.5897216796875,1091.1861572265625,1863160.375,1094.8499755859375,-0.009955724215300887,-0.0033464113267337448,-0.006609312888567143,4.368301685897975e-05
2023-02-28,1083.5,1096.9000244140625,1068.0999755859375,1077.5999755859375,20793703.0,1080.347412109375,1090.118408203125,1075.924560546875,1085.45068359375,1882881.875,1083.949951171875,-0.005858181532341411,0.0013845034267980783,-0.007242684959139489,5.2456485417345385e-05
2023-03-01,1077.3499755859375,1104.0,1077.3499755859375,1101.0999755859375,1655100.0,1081.554931640625,1092.8505859375,1076.3868408203125,1087.4058837890625,2092917.75,1077.5999755859375,0.02180772135524789,0.009099766541654786,0.012707954813593103,0.0001614921155443241
2023-03-02,1090.300048828125,1117.0,1090.300048828125,1105.949951171875,4074162.0,1098.9322509765625,1111.0904541015625,1093.4620361328125,1104.83154296875,1605184.0,1101.0999755859375,0.004404664148100368,0.003388945114476849,0.001015719033623519,1.031685155265095e-06
2023-03-03,1115.0,1129.699951171875,1111.050048828125,1119.0,3253621.0,1103.84033203125,1113.110107421875,1095.750732421875,1105.030517578125,2660865.0,1105.949951171875,0.011799854789357411,-0.0008313519004867764,0.012631206689844188,0.00015954738244156456
2023-03-06,1129.0,1148.0,1123.300048828125,1126.699951171875,4091674.0,1125.1441650390625,1137.7286376953125,1119.4085693359375,1131.7620849609375,2430762.25,1119.0,0.006881100242962512,0.011404901663036204,-0.004523801420073692,2.0464779288260752e-05
2023-03-08,1112.0,1124.0,1107.300048828125,1120.6500244140625,3209393.0,1133.968017578125,1142.988525390625,1126.1400146484375,1135.16064453125,1969687.375,1126.699951171875,-0.0053695988461879285,0.007509269305084443,-0.012878868151272371,0.00016586524485785782
2023-03-09,1121.949951171875,1126.699951171875,1114.050048828125,1116.6500244140625,1834324.0,1119.1650390625,1127.0308837890625,1110.5533447265625,1118.412109375,2585281.25,1120.6500244140625,-0.003569356991797168,-0.001996979422931422,-0.001572377568865746,2.472371219072154e-06
2023-03-10,1105.0,1118.1500244140625,1105.0,1116.300048828125,1193681.0,1122.43017578125,1129.3702392578125,1114.6466064453125,1122.2281494140625,2056625.25,1116.6500244140625,-0.00031341564347442397,0.004995410270041356,-0.00530882591351578,2.8183632580016656e-05
2023-03-13,1120.949951171875,1133.5999755859375,1095.0,1098.5999755859375,3028387.0,1106.4793701171875,1111.8408203125,1094.43994140625,1100.0965576171875,2139252.0,1116.300048828125,-0.015856017618890883,-0.014515354745301412,-0.001340662873589471,1.7973769406211779e-06
2023-03-14,1098.550048828125,1103.4000244140625,1066.0,1084.050048828125,3683544.0,1099.541259765625,1109.088623046875,1093.353515625,1102.4388427734375,1957976.375,1098.5999755859375,-0.013244062516979627,0.0034943266637637027,-0.01673838918074333,0.00028017367236602537
2023-03-15,1095.050048828125,1097.9000244140625,1075.5,1079.6500244140625,1528510.0,1082.313232421875,1097.9981689453125,1078.1473388671875,1092.6646728515625,2074810.75,1084.050048828125,-0.004058875712259824,0.007946703229016139,-0.012005578941275963,0.00014413392571520887
2023-03-16,1083.949951171875,1087.550048828125,1069.6500244140625,1072.4000244140625,1812907.0,1078.2506103515625,1088.0103759765625,1070.4207763671875,1076.150634765625,3162882.0,1079.6500244140625,-0.006715139013621196,-0.0032412259244255504,-0.003473913089195646,1.2068072151284837e-05
2023-03-17,1088.199951171875,1117.0999755859375,1084.050048828125,1108.449951171875,5350523.0,1073.835693359375,1088.3321533203125,1070.661865234375,1083.7315673828125,1867927.625,1072.4000244140625,0.03361611892680583,0.010566526212959948,0.02304959271384588,0.000531283724274177
2023-03-20,1105.0,1108.300048828125,1086.25,1090.8499755859375,2066169.0,1102.3323974609375,1107.802734375,1090.20263671875,1097.8380126953125,2035482.25,1108.449951171875,-0.015878006550796853,-0.009573673998851562,-0.006304332551945291,3.974460892551702e-05
2023-03-21,1099.0,1102.4000244140625,1077.0999755859375,1083.9000244140625,2421127.0,1091.887939453125,1101.1258544921875,1085.968994140625,1095.0091552734375,1947247.0,1090.8499755859375,-0.006371133819883856,0.003812787991553046,-0.010183921811436902,0.00010371226346146028
2023-03-22,1091.949951171875,1105.75,1079.050048828125,1081.449951171875,1382329.0,1084.4979248046875,1097.648193359375,1080.64892578125,1092.3045654296875,2022081.0,1083.9000244140625,-0.002260423643326348,0.007753981756913664,-0.010014405400240012,0.00010028831552035631
2023-03-23,1077.0,1080.4000244140625,1061.0,1065.9000244140625,2178855.0,1088.270263671875,1097.361328125,1083.126220703125,1091.5203857421875,1833972.75,1081.449951171875,-0.01437877614304972,0.009311974686762037,-0.023690750829811758,0.0005612516748802265
2023-03-24,1073.0,1090.0,1047.050048828125,1051.75,2688253.0,1066.242919921875,1074.353515625,1060.7301025390625,1068.0025634765625,1657327.25,1065.9000244140625,-0.013275189126523368,0.001972548094888893,-0.01524773722141226,0.00023249349037324089
2023-03-27,1053.300048828125,1065.5,1044.800048828125,1051.5,1459887.0,1051.625,1058.74755859375,1037.7032470703125,1041.93798828125,1376411.875,1051.75,-0.00023769907297366277,-0.009329224358212485,0.009091525285238822,8.265583201213684e-05
2023-03-28,1056.800048828125,1063.800048828125,1039.3499755859375,1041.0999755859375,2965015.0,1050.0687255859375,1057.620849609375,1043.6458740234375,1049.809814453125,1458591.75,1051.5,-0.009890655648181146,-0.0016074042290774582,-0.008283251419103688,6.861225407208325e-05
2023-03-29,1046.0,1070.0,1042.0999755859375,1067.5,2478745.0,1046.4139404296875,1059.0111083984375,1042.77197265625,1052.5880126953125,1184920.25,1041.0999755859375,0.025357818685188604,0.011034518661773518,0.014323300023415086,0.00020515692356076263
2023-03-31,1083.4000244140625,1096.9000244140625,1069.4000244140625,1085.25,3131614.0,1072.1527099609375,1082.814208984375,1067.67333984375,1077.118408203125,1880807.875,1067.5,0.016627634660421498,0.009010218457260022,0.007617416203161476,5.802502961218699e-05
2023-04-03,1089.949951171875,1099.25,1088.0,1098.1500244140625,1540702.0,1089.951416015625,1099.0032958984375,1084.906982421875,1092.9432373046875,2036597.0,1085.25,0.011886684555689975,0.007088907905724584,0.004797776649965391,2.3018660782953127e-05
2023-04-05,1085.3499755859375,1113.0,1066.1500244140625,1111.199951171875,3342291.0,1096.7945556640625,1108.577880859375,1092.8900146484375,1103.1318359375,1895931.5,1098.1500244140625,0.011883555495776132,0.004536549116861854,0.007347006378914278,5.3978502731807095e-05
2023-04-06,1109.050048828125,1109.050048828125,1085.449951171875,1091.8499755859375,2378264.0,1106.26806640625,1109.548095703125,1092.0782470703125,1098.358642578125,1803969.0,1111.199951171875,-0.017413585705732704,-0.01155625374191882,-0.005857331963813883,3.43083377343158e-05
2023-04-10,1091.8499755859375,1105.0,1091.5,1103.0999755859375,711625.0,1092.626953125,1100.67919921875,1089.0721435546875,1094.8499755859375,1663565.375,1091.8499755859375,0.010303613364063713,0.0027476302304170197,0.007555983133646693,5.70928811159533e-05
2023-04-11,1104.0,1109.9000244140625,1085.0,1087.0,2318905.0,1099.3448486328125,1105.2999267578125,1091.1678466796875,1096.43212890625,1172830.0,1103.0999755859375,-0.014595209810775,-0.006044644027977331,-0.00855056578279767,7.311217520595033e-05
2023-04-12,1092.0,1097.449951171875,1080.0999755859375,1094.5,2715967.0,1091.069580078125,1100.3814697265625,1086.8504638671875,1094.34716796875,1333736.75,1087.0,0.006899724011039554,0.006759124166283437,0.00014059984475611742,1.976831634544432e-08
2023-04-13,1089.0,1089.0,1063.0,1071.8499755859375,3071057.0,1093.1341552734375,1101.9019775390625,1087.6812744140625,1095.972900390625,1827688.125,1094.5,-0.020694403302021436,0.0013457290001142042,-0.02204013230213564,0.00048576743189564285
2023-04-17,1055.0,1055.0,1016.25,1042.199951171875,9509446.0,1083.6689453125,1092.396728515625,1080.6170654296875,1086.7847900390625,1668340.875,1071.8499755859375,-0.027662476176158912,0.013933679892991213,-0.041596156069150125,0.0017302401997290949
2023-04-18,1049.550048828125,1066.4000244140625,1045.199951171875,1063.8499755859375,3686404.0,1036.74755859375,1046.9459228515625,1024.7117919921875,1034.0811767578125,4263134.0,1042.199951171875,0.02077338843637322,-0.007790035304581999,0.02856342374095522,0.0008158691758053642
2023-04-19,1073.949951171875,1073.949951171875,1036.449951171875,1038.699951171875,4322881.0,1059.3670654296875,1067.1322021484375,1051.8631591796875,1059.074462890625,1771975.25,1063.8499755859375,-0.023640574320839325,-0.004488896747572246,-0.01915167757326708,0.0003667867538703812
2023-04-20,1040.0,1047.199951171875,1031.8499755859375,1037.5,3057560.0,1047.30078125,1060.6090087890625,1033.9566650390625,1044.9425048828125,4164523.25,1038.699951171875,-0.0011552433121049255,0.006009968233746887,-0.007165211545851813,5.134025649680813e-05
2023-04-21,1054.0,1074.0,1037.75,1048.949951171875,7708194.0,1040.2877197265625,1052.7735595703125,1032.5093994140625,1042.2220458984375,3704755.75,1037.5,0.011036097515060295,0.004551369540662709,0.006484727974397586,4.205169690193462e-05
2023-04-24,1057.0,1058.9000244140625,1046.0,1054.050048828125,2033625.0,1069.403564453125,1080.644775390625,1064.1644287109375,1073.978515625,2588476.25,1048.949951171875,0.004862098187384589,0.023860589749933547,-0.018998491562548958,0.00036094268165224393
2023-04-25,1050.449951171875,1058.800048828125,1044.4000244140625,1053.449951171875,1237595.0,1054.53076171875,1060.51025390625,1041.3017578125,1046.5799560546875,1444845.875,1054.050048828125,-0.0005693255808082442,-0.007087038022286163,0.006517712441477919,4.248057546979605e-05
2023-04-26,1055.0,1067.0,1048.0,1065.550048828125,1647101.0,1053.8836669921875,1058.1636962890625,1042.641357421875,1046.2982177734375,1323186.25,1053.449951171875,0.011486162814654532,-0.006788868698016315,0.018275031512670847,0.0003339767767891125
2023-04-27,1065.550048828125,1075.0,1061.0,1071.25,1654910.0,1061.8426513671875,1069.1121826171875,1055.9693603515625,1063.1904296875,1477031.25,1065.550048828125,0.005349304031418978,-0.0022144611069372377,0.0075637651383562154,5.721054306821282e-05
2023-04-28,1059.949951171875,1068.75,1053.75,1064.0999755859375,2629188.0,1067.2354736328125,1072.819580078125,1059.9703369140625,1066.1077880859375,1469119.375,1071.25,-0.006674468531213562,-0.004800197819428198,-0.001874270711785364,3.5128907010564153e-06
2023-05-02,1064.0999755859375,1074.800048828125,1064.0,1067.550048828125,1905168.0,1063.355712890625,1070.7484130859375,1058.614990234375,1064.79443359375,1186514.0,1064.0999755859375,0.003242245391733789,0.0006526247756279968,0.002589620616105792,6.7061349353601426e-06
2023-05-03,1062.0,1064.0,1055.0,1058.949951171875,1649820.0,1075.5003662109375,1081.1151123046875,1072.74267578125,1076.7928466796875,1556773.25,1067.550048828125,-0.008055919875316842,0.008657952722411988,-0.01671387259772883,0.0002793535372131107
2023-05-04,1056.050048828125,1067.949951171875,1048.300048828125,1066.800048828125,1403672.0,1057.47509765625,1063.94384765625,1046.0303955078125,1051.555908203125,1276183.875,1058.949951171875,0.007413096008515474,-0.0069824291134510386,0.014395525121966513,0.000207231143537169
2023-05-05,1066.800048828125,1069.949951171875,1052.0999755859375,1055.550048828125,1641673.0,1062.8934326171875,1070.20166015625,1057.465087890625,1064.698974609375,1480479.625,1066.800048828125,-0.01054555632272236,-0.001969510801070995,-0.008576045521651365,7.354855678943644e-05
2023-05-08,1058.0,1077.5,1055.0,1075.75,1389075.0,1057.1036376953125,1063.9683837890625,1045.9183349609375,1051.429931640625,1227317.0,1055.550048828125,0.019136895682304367,-0.0039032892775422434,0.02304018495984661,0.000530850122983942
2023-05-09,1071.0,1082.5999755859375,1066.050048828125,1079.0,2981949.0,1074.487548828125,1085.2626953125,1070.1925048828125,1080.5831298828125,1670938.875,1075.75,0.0030211480362538623,0.004492800262897889,-0.0014716522266440268,2.1657602761863222e-06
2023-05-10,1084.1500244140625,1088.800048828125,1072.0999755859375,1078.300048828125,2091411.0,1087.1416015625,1121.22119140625,1080.2435302734375,1107.0687255859375,5684406.0,1079.0,-0.0006487035883919745,0.026013647438311027,-0.026662351026703,0.0007108809622711306
2023-05-11,1082.1500244140625,1092.5999755859375,1080.050048828125,1088.0999755859375,2653108.0,1081.3046875,1090.4078369140625,1076.4649658203125,1085.261962890625,1883387.5,1078.300048828125,0.00908831152188383,0.006456379251828848,0.002631932270054982,6.92706747415677e-06
2023-05-12,1086.0,1103.4000244140625,1077.449951171875,1095.5,1585037.0,1092.40771484375,1114.337158203125,1089.230712890625,1107.9879150390625,2301058.5,1088.0999755859375,0.006800868100449664,0.018277676591634373,-0.011476808491184709,0.00013171713314332945
2023-05-15,1098.949951171875,1105.949951171875,1092.800048828125,1099.75,1523466.0,1094.7171630859375,1105.6776123046875,1090.120361328125,1100.279541015625,1881922.0,1095.5,0.0038795070743953275,0.004362885454701093,-0.00048337838030576563,2.3365465854702538e-07
2023-05-16,1100.199951171875,1105.300048828125,1088.0999755859375,1090.699951171875,1166324.0,1104.4920654296875,1116.3992919921875,1093.9705810546875,1099.1285400390625,1957751.625,1099.75,-0.008229187386337822,-0.0005650920308593044,-0.007664095355478517,5.873835761786738e-05
2023-05-17,1090.5,1093.949951171875,1062.699951171875,1074.550048828125,3602382.0,1091.8800048828125,1099.784912109375,1086.5650634765625,1093.93408203125,1646261.875,1090.699951171875,-0.014806915803377563,0.002965188414925768,-0.01777210421830333,0.00031584768834623506
2023-05-18,1081.949951171875,1085.0,1073.0,1079.9000244140625,1515743.0,1082.1143798828125,1090.7677001953125,1077.9073486328125,1084.7159423828125,1675626.625,1074.550048828125,0.004978805400243536,0.009460604990688015,-0.00448179959044448,2.0086527568908306e-05
2023-05-19,1088.5999755859375,1104.0,1082.449951171875,1095.3499755859375,1984436.0,1082.460205078125,1092.6192626953125,1077.6241455078125,1086.9765625,1727305.25,1079.9000244140625,0.014306834727833229,0.006552956686686873,0.007753878041146356,6.012262467697165e-05
2023-05-22,1095.3499755859375,1121.9000244140625,1088.949951171875,1119.8499755859375,1864932.0,1096.5841064453125,1105.22119140625,1089.843505859375,1097.4752197265625,1699608.25,1095.3499755859375,0.022367280363423836,0.0019402421034320216,0.020427038259991814,0.0004172638920751694
2023-05-23,1120.0,1131.3499755859375,1104.0,1107.3499755859375,2138096.0,1116.1572265625,1123.8118896484375,1108.5323486328125,1115.3948974609375,1375374.375,1119.8499755859375,-0.011162209467799111,-0.0039782812181328175,-0.007183928249666294,5.160882509635342e-05
2023-05-24,1099.050048828125,1115.0,1098.0,1111.949951171875,1302744.0,1116.134033203125,1129.8365478515625,1111.456298828125,1124.1536865234375,1718991.25,1107.3499755859375,0.0041540395424704,0.015174706558880313,-0.011020667016409913,0.00012145510148658538
2023-05-25,1109.199951171875,1118.25,1103.050048828125,1116.0,1124803.0,1108.7252197265625,1120.47119140625,1103.964599609375,1114.6383056640625,1766046.25,1111.949951171875,0.0036422941732734415,0.0024176937904032414,0.0012246003828702001,1.4996460977258408e-06
2023-05-26,1115.0,1140.3499755859375,1114.0,1139.199951171875,1635167.0,1109.8448486328125,1117.2315673828125,1104.251708984375,1111.233154296875,1206480.25,1116.0,0.02078848671314959,-0.004271367117495539,0.02505985383064513,0.0006279962740132994
2023-05-29,1146.0,1147.949951171875,1124.4000244140625,1126.199951171875,1288914.0,1127.7364501953125,1139.3173828125,1122.2266845703125,1132.9884033203125,1698696.375,1139.199951171875,-0.011411517343050348,-0.005452552771945562,-0.005958964571104786,3.550925875968204e-05
2023-05-30,1129.0,1144.0,1128.050048828125,1135.8499755859375,1983735.0,1126.49609375,1136.99267578125,1120.2540283203125,1130.5177001953125,1407075.125,1126.199951171875,0.008568659947126633,0.0038339097945658818,0.004734750152560752,2.241785900717406e-05
2023-05-31,1134.800048828125,1153.3499755859375,1132.0999755859375,1145.0999755859375,5967930.0,1132.8563232421875,1149.9229736328125,1128.9591064453125,1144.2496337890625,1415971.125,1135.8499755859375,0.008143681118827573,0.0073950419365831355,0.0007486391822444372,5.604606251916196e-07
2023-06-01,1148.0,1155.1500244140625,1137.6500244140625,1141.9000244140625,1445692.0,1140.500244140625,1149.865966796875,1134.0262451171875,1142.861328125,2131905.5,1145.0999755859375,-0.0027944731814684154,-0.001954979921986344,-0.0008394932594820714,7.047489327158325e-07
2023-06-02,1148.0,1151.0999755859375,1131.5999755859375,1137.050048828125,1336554.0,1145.85302734375,1169.9676513671875,1140.3739013671875,1154.256591796875,5326901.0,1141.9000244140625,-0.0042472856486942545,0.010821058865598143,-0.015068344514292398,0.0002270550064014058
2023-06-05,1144.0,1148.5,1136.0,1138.300048828125,1435758.0,1139.24609375,1150.9769287109375,1134.51025390625,1144.62744140625,1726166.25,1137.050048828125,0.001099335953846703,0.006664080078035761,-0.005564744124189058,3.0966377167696646e-05
2023-06-06,1130.0,1132.300048828125,1113.75,1128.5999755859375,1943605.0,1138.3057861328125,1147.3856201171875,1131.011962890625,1137.72021484375,1460205.625,1138.300048828125,-0.008521543377050467,-0.0005093858908044036,-0.008012157486246063,6.419466758440883e-05
2023-06-07,1133.800048828125,1133.800048828125,1116.199951171875,1129.050048828125,2459039.0,1121.7601318359375,1131.0343017578125,1113.6282958984375,1121.8948974609375,1938206.5,1128.5999755859375,0.0003987889880592288,-0.005941058187174719,0.006339847175233948,4.019366220532187e-05
2023-06-08,1129.050048828125,1131.25,1118.300048828125,1126.75,1385218.0,1128.2646484375,1137.930908203125,1123.0140380859375,1131.1197509765625,1375595.0,1129.050048828125,-0.0020371540043883085,0.001833135874344638,-0.0038702898787329465,1.4979143745422686e-05
2023-06-09,1129.0999755859375,1131.0,1105.949951171875,1109.75,1824218.0,1127.616943359375,1140.149658203125,1123.4783935546875,1133.4688720703125,1560627.125,1126.75,-0.015087641446638544,0.0059630548660416505,-0.021050696312680195,0.00044313181524868755
2023-06-12,1112.949951171875,1140.949951171875,1111.5,1139.6500244140625,1670970.0,1118.2698974609375,1132.0841064453125,1114.0390625,1125.90576171875,1389215.5,1109.75,0.026943027180952983,0.014558019120297416,0.012385008060655567,0.00015338842466250337
2023-06-13,1144.949951171875,1144.949951171875,1129.300048828125,1131.300048828125,2014656.0,1136.183349609375,1145.45068359375,1122.298095703125,1126.67236328125,1849438.125,1139.6500244140625,-0.007326789283605306,-0.01138740916491865,0.004060619881313343,1.6488633820517188e-05
2023-06-14,1138.0,1138.4000244140625,1126.050048828125,1135.8499755859375,836964.0,1136.4571533203125,1143.5897216796875,1130.3720703125,1137.2177734375,1036436.375,1131.300048828125,0.004021856767818299,0.005230906350180975,-0.0012090495823626757,1.4618008926113604e-06
2023-06-15,1140.0,1147.0,1136.550048828125,1143.5999755859375,2109652.0,1130.625732421875,1136.01220703125,1122.5316162109375,1128.65673828125,1111429.625,1135.8499755859375,0.006823084180639372,-0.006332911440154576,0.013155995620793948,0.00017308022077434953
2023-06-16,1150.0,1154.25,1132.449951171875,1148.199951171875,2909817.0,1141.0152587890625,1146.384033203125,1131.52587890625,1139.1439208984375,1426328.75,1143.5999755859375,0.004022364186900829,-0.003896515199921069,0.007918879386821898,6.270865074303275e-05
2023-06-19,1148.199951171875,1153.9000244140625,1135.449951171875,1137.550048828125,1278608.0,1145.2445068359375,1151.27978515625,1137.75439453125,1144.0572509765625,1073009.0,1148.199951171875,-0.009275302905979443,-0.0036079954463370534,-0.00566730745964239,3.211837384211828e-05
2023-06-20,1133.0,1170.75,1132.5,1168.6500244140625,3504867.0,1140.445068359375,1145.4716796875,1130.526611328125,1136.368408203125,1186145.5,1137.550048828125,0.027339434970774068,-0.001038759240718501,0.02837819421149257,0.0008053219067051903
2023-06-21,1175.0,1175.699951171875,1161.6500244140625,1170.449951171875,2019683.0,1167.38330078125,1175.1651611328125,1159.903076171875,1167.7725830078125,1956998.25,1168.6500244140625,0.0015401760323541236,-0.0007508162306246735,0.002290992262978797,5.24864554902871e-06
2023-06-22,1170.1500244140625,1170.449951171875,1158.8499755859375,1163.4000244140625,972005.0,1165.3809814453125,1174.292236328125,1158.496337890625,1168.2669677734375,1470307.625,1170.449951171875,-0.006023262037606947,-0.0018650805156187333,-0.0041581815219882134,1.7290473569804216e-05
2023-06-23,1161.9000244140625,1170.550048828125,1151.0,1165.1500244140625,1699790.0,1157.3447265625,1165.589599609375,1150.9625244140625,1159.935546875,1605042.875,1163.4000244140625,0.0015042117614543216,-0.002977890206601441,0.004482101968055763,2.0089238052049342e-05
2023-06-26,1167.25,1175.949951171875,1163.050048828125,1167.5,1190307.0,1167.3873291015625,1177.1240234375,1162.17041015625,1171.835693359375,1735070.625,1165.1500244140625,0.0020168866984484612,0.005738032704135865,-0.0037211460056874035,1.3846927595643318e-05
2023-06-27,1167.0,1174.449951171875,1160.199951171875,1170.0,1504039.0,1165.52001953125,1175.961669921875,1160.2147216796875,1171.0809326171875,1330848.625,1167.5,0.0021413276231263545,0.0030671799718950954,-0.0009258523487687409,8.572025717205943e-07
2023-06-28,1173.449951171875,1173.949951171875,1166.5,1170.25,1424076.0,1164.8778076171875,1175.54638671875,1160.12646484375,1171.267822265625,1281518.875,1170.0,0.00021367521367521292,0.0010836087740384581,-0.0008699335603632452,7.56784399446272e-07
2023-06-30,1170.3499755859375,1194.0,1165.0,1187.949951171875,3036648.0,1169.2713623046875,1179.0150146484375,1164.9844970703125,1175.32177734375,1297433.625,1170.25,0.015124931571779632,0.004333926377910746,0.010791005193868886,0.00011644579309410527
2023-07-03,1190.0,1195.0,1174.5,1181.5999755859375,1749952.0,1186.620361328125,1191.7701416015625,1178.87255859375,1185.6622314453125,1863298.125,1187.949951171875,-0.005345322485744042,-0.001925771135649068,-0.0034195513500949737,1.1693331435936357e-05
2023-07-04,1182.0,1193.0,1178.550048828125,1190.5999755859375,1094468.0,1189.3145751953125,1194.1561279296875,1181.8037109375,1188.2249755859375,1747400.25,1181.5999755859375,0.007616790949523278,0.005606804448954783,0.0020099865005684947,4.040045732467583e-06
2023-07-05,1194.0,1202.5999755859375,1187.5999755859375,1194.800048828125,1653610.0,1183.7196044921875,1191.2379150390625,1177.9547119140625,1187.173583984375,1337137.25,1190.5999755859375,0.0035276947155324923,-0.002877869705881886,0.006405564421414378,4.103125555688972e-05
2023-07-06,1194.800048828125,1198.0,1174.949951171875,1180.6500244140625,2334220.0,1192.7374267578125,1198.978759765625,1186.0845947265625,1194.1029052734375,1386954.125,1194.800048828125,-0.011843006223460573,-0.000583481357714466,-0.011259524865746107,0.00012677690020235487
2023-07-07,1178.1500244140625,1182.949951171875,1153.800048828125,1157.5999755859375,2159585.0,1181.914306640625,1193.224609375,1178.34619140625,1189.943359375,1484633.375,1180.6500244140625,-0.01952318498410599,0.007871371506174896,-0.027394556490280886,0.0007504617252991906
2023-07-10,1160.0,1161.9000244140625,1120.0,1124.5,3960400.0,1159.5247802734375,1175.779296875,1156.283935546875,1170.5211181640625,1568765.75,1157.5999755859375,-0.02859362153077394,0.011162010064473815,-0.039755631595247753,0.0015805102435370614
2023-07-11,1131.75,1131.75,1112.0,1114.9000244140625,4982603.0,1134.4342041015625,1152.216552734375,1128.5472412109375,1144.240234375,2089634.0,1124.5,-0.00853710590123391,0.01755467707870162,-0.02609178297993553,0.0006807811390720533
2023-07-12,1119.699951171875,1124.5,1102.449951171875,1110.550048828125,3824027.0,1123.781005859375,1136.38330078125,1117.475830078125,1130.510009765625,1654084.375,1114.9000244140625,-0.0039016732358793105,0.014001242272612124,-0.017902915508491435,0.0003205143837041831
2023-07-13,1100.0,1124.4000244140625,1087.050048828125,1108.800048828125,12294227.0,1114.555419921875,1138.2767333984375,1109.1107177734375,1134.056640625,3728264.0,1110.550048828125,-0.0015757957075834828,0.021166620830533223,-0.022742416538116705,0.0005172175099932042
2023-07-14,1114.199951171875,1157.0999755859375,1111.550048828125,1150.949951171875,6605038.0,1115.0548095703125,1146.1746826171875,1108.317138671875,1138.070068359375,5648354.0,1108.800048828125,0.03801397951623264,0.026397924100188375,0.011616055416044269,0.00013493274342861138
2023-07-17,1151.949951171875,1172.0,1143.6500244140625,1153.75,3159479.0,1158.1629638671875,1173.5960693359375,1151.9031982421875,1167.4063720703125,2528313.75,1150.949951171875,0.0024328154541159996,0.014298120332410624,-0.011865304878294625,0.00014078545985488222
2023-07-18,1158.949951171875,1170.0,1146.4000244140625,1167.199951171875,2431478.0,1160.289794921875,1168.16162109375,1150.741455078125,1158.396240234375,1597586.875,1153.75,0.011657595815276256,0.004027077126218748,0.007630518689057508,5.822481546405592e-05
2023-07-19,1165.0,1174.9000244140625,1157.0,1169.050048828125,2242397.0,1170.8348388671875,1186.82568359375,1165.2147216796875,1181.2132568359375,1692969.25,1167.199951171875,0.0015850734524041066,0.01200591693821873,-0.010420843485814624,0.00010859397895584508
2023-07-20,1160.0,1162.800048828125,1148.0,1155.800048828125,1990001.0,1168.4327392578125,1176.2279052734375,1159.30078125,1168.7125244140625,1680227.0,1169.050048828125,-0.011333988663087657,-0.0002887168213207003,-0.011045271841766957,0.00012199803005853003
2023-07-21,1110.0,1139.9000244140625,1095.0,1115.449951171875,5259150.0,1154.484619140625,1162.3250732421875,1146.421630859375,1154.7437744140625,1334573.75,1155.800048828125,-0.03491096725351528,-0.0009138902659966419,-0.03399707698751864,0.0011558012436952694
2023-07-24,1120.0,1127.699951171875,1111.0,1112.9000244140625,2672505.0,1114.3792724609375,1124.6251220703125,1102.24853515625,1113.390380859375,3200215.5,1115.449951171875,-0.0022860073238907264,-0.0018464031580585072,-0.0004396041658322192,1.9325182261704125e-07
2023-07-25,1118.5,1119.0,1105.0999755859375,1111.550048828125,2506726.0,1123.9820556640625,1141.15283203125,1117.7325439453125,1135.3917236328125,1821708.5,1112.9000244140625,-0.0012130250303914458,0.020209990767671826,-0.021423015798063272,0.00045894560588406855
2023-07-26,1110.199951171875,1120.8499755859375,1110.0999755859375,1115.0,1969964.0,1122.1590576171875,1141.611328125,1115.7725830078125,1134.74560546875,2401731.25,1111.550048828125,0.0031037299449647726,0.02086775729539081,-0.017764027350426037,0.0003155606677066843
2023-07-27,1115.0,1122.699951171875,1108.949951171875,1117.3499755859375,1769815.0,1120.765869140625,1130.504150390625,1114.2384033203125,1124.0045166015625,1648007.5,1115.0,0.002107601422365546,0.008075799642657033,-0.005968198220291487,3.561938999669048e-05
2023-07-28,1114.050048828125,1118.5,1097.449951171875,1103.550048828125,2031899.0,1119.55517578125,1128.6500244140625,1112.7279052734375,1122.1409912109375,1582265.625,1117.3499755859375,-0.012350585814060455,0.004287837946644668,-0.016638423760705123,0.0002768371452407968
2023-07-31,1108.0,1119.5,1096.0,1116.699951171875,2526624.0,1116.98876953125,1135.9630126953125,1110.2669677734375,1130.6446533203125,1870311.25,1103.550048828125,0.011915999965487867,0.02455222082673969,-0.012636220861251823,0.00015967407765433576
2023-08-01,1120.0,1142.0,1111.9000244140625,1138.5,2710536.0,1116.3038330078125,1125.420166015625,1109.2735595703125,1118.7261962890625,1679845.875,1116.699951171875,0.019521849898218147,0.0018144937814863482,0.0177073561167318,0.00031355046064475905
2023-08-02,1137.0,1137.0,1121.5,1130.9000244140625,2701150.0,1136.4193115234375,1143.7139892578125,1125.1268310546875,1133.46484375,2173792.75,1138.5,-0.006675428709650877,-0.004422622968818568,-0.0022528057408323088,5.075133705927008e-06
2023-08-03,1126.0,1135.550048828125,1115.050048828125,1125.5,1608187.0,1134.2110595703125,1143.1312255859375,1126.288330078125,1135.4300537109375,1774346.875,1130.9000244140625,-0.0047749794831425385,0.004005685028808825,-0.008780664511951364,7.710006927144207e-05
2023-08-04,1130.449951171875,1152.3499755859375,1126.0,1144.3499755859375,3315303.0,1125.739501953125,1135.40673828125,1119.0084228515625,1128.9359130859375,1669873.875,1125.5,0.016748090258496218,0.0030527881705353366,0.013695302087960881,0.00018756129928050567
2023-08-07,1154.550048828125,1155.75,1143.1500244140625,1150.800048828125,1655404.0,1145.43896484375,1155.7423095703125,1136.806884765625,1148.2103271484375,2517610.5,1144.3499755859375,0.0056364515924289815,0.003373401183954572,0.0022630504084744096,5.121397151296192e-06
2023-08-08,1154.9000244140625,1156.9000244140625,1137.0,1141.3499755859375,1667697.0,1156.58154296875,1169.6929931640625,1150.5255126953125,1163.565673828125,1910176.125,1150.800048828125,-0.00821174212827902,0.011092826258566335,-0.019304568386845355,0.0003726663606023891
2023-08-09,1140.949951171875,1146.0,1125.0,1144.1500244140625,1559337.0,1147.00341796875,1153.887451171875,1138.970458984375,1146.5076904296875,1298218.25,1141.3499755859375,0.0024532780374288965,0.004518959963268232,-0.0020656819258393355,4.267041818739306e-06
2023-08-10,1140.0,1144.800048828125,1128.6500244140625,1134.300048828125,1676669.0,1145.4346923828125,1156.4254150390625,1133.64501953125,1139.996337890625,1707692.25,1144.1500244140625,-0.008608989534376721,-0.0036303687757771597,-0.004978620758599561,2.478666465795847e-05
2023-08-11,1160.0,1186.949951171875,1154.300048828125,1171.449951171875,7391806.0,1134.13623046875,1142.7232666015625,1126.9869384765625,1136.178955078125,1594308.125,1134.300048828125,0.03275138917796094,0.001656445533914086,0.031094943644046857,0.0009668955202264501
2023-08-14,1170.6500244140625,1177.0,1154.0,1171.0,1720940.0,1175.2598876953125,1198.19287109375,1165.6641845703125,1185.0511474609375,5583048.5,1171.449951171875,-0.0003840976487513581,0.011610565415497653,-0.011994663064249012,0.0001438719420248595
2023-08-16,1175.75,1186.25,1170.0999755859375,1177.1500244140625,2567226.0,1170.019287109375,1180.356689453125,1162.4462890625,1173.888671875,1944581.0,1171.0,0.005251942283571731,0.002466841908625117,0.002785100374946614,7.75678409852777e-06
2023-08-17,1176.8499755859375,1180.949951171875,1163.949951171875,1176.699951171875,2331256.0,1181.08984375,1195.1143798828125,1173.453125,1189.1739501953125,2096191.25,1177.1500244140625,-0.00038234144574011975,0.010214437864226378,-0.010596779309966498,0.00011229173174413404
2023-08-18,1173.0,1177.8499755859375,1158.6500244140625,1173.699951171875,3406088.0,1173.889892578125,1181.7542724609375,1165.0325927734375,1174.807861328125,1747086.0,1176.699951171875,-0.0025495029527385915,-0.0016079628811623836,-0.0009415400715762079,8.864977063837306e-07
2023-08-21,1172.949951171875,1188.9000244140625,1168.949951171875,1179.25,1661946.0,1169.5657958984375,1177.5216064453125,1160.3525390625,1169.356689453125,1561309.625,1173.699951171875,0.004728677736233644,-0.00370048726202421,0.008429164998257854,7.105082256785533e-05
2023-08-22,1182.0,1187.0,1176.1500244140625,1179.5,1805887.0,1175.821533203125,1181.4971923828125,1163.8856201171875,1171.6142578125,1364160.25,1179.25,0.0002119991520033171,-0.006475083474666077,0.006687082626669394,4.471707405590364e-05
2023-08-23,1192.949951171875,1195.0,1178.6500244140625,1182.5,2347850.0,1176.15966796875,1181.6273193359375,1165.9091796875,1173.117919921875,1376314.75,1179.5,0.0025434506146673197,-0.0054108351658541665,0.007954285780521486,6.327066227820631e-05
2023-08-24,1188.949951171875,1189.0,1169.0,1171.25,2464221.0,1189.536376953125,1197.045654296875,1181.245849609375,1190.6895751953125,1535166.375,1182.5,-0.009513742071881603,0.006925644985465107,-0.01643938705734671,0.0002702534468212585
2023-08-25,1165.0,1170.800048828125,1150.0,1153.949951171875,2105159.0,1176.7652587890625,1181.4259033203125,1168.700927734375,1175.3443603515625,1185205.5,1171.25,-0.0147705859791889,0.0034957185498931675,-0.018266304529082067,0.000333657881149164
2023-08-28,1155.0,1159.699951171875,1139.300048828125,1146.449951171875,2571967.0,1160.6529541015625,1170.1441650390625,1154.2237548828125,1164.006103515625,1500375.75,1153.949951171875,-0.006499415327660851,0.008714548090701602,-0.015213963418362453,0.00023146468289527092
2023-08-29,1153.9000244140625,1163.300048828125,1148.300048828125,1157.550048828125,1794652.0,1147.8701171875,1161.136474609375,1141.8909912109375,1155.128173828125,1555548.5,1146.449951171875,0.00968214761133157,0.007569648066519941,0.00211249954481163,4.4626543268293445e-06
2023-08-30,1166.0,1175.1500244140625,1161.6500244140625,1170.5,1497356.0,1159.9945068359375,1165.814697265625,1151.4136962890625,1159.0072021484375,1468929.25,1157.550048828125,0.011187379055432878,0.0012588253283627449,0.009928553727070133,9.857617911131822e-05
2023-08-31,1179.5,1188.0999755859375,1165.9000244140625,1172.1500244140625,4483967.0,1170.8316650390625,1178.2138671875,1164.100341796875,1172.5206298828125,1202254.0,1170.5,0.0014096748518261926,0.0017262963543891452,-0.00031662150256295263,1.0024917588522182e-07
2023-09-01,1173.0,1188.0,1171.0999755859375,1185.800048828125,1669640.0,1166.6561279296875,1169.67724609375,1153.5162353515625,1159.82470703125,1777079.875,1172.1500244140625,0.011645287829845863,-0.010515136395593871,0.022160424225439734,0.0004910844018514562
2023-09-04,1186.0,1235.0,1185.0,1232.5,4517935.0,1179.5455322265625,1185.7125244140625,1171.89990234375,1179.6016845703125,1326278.625,1185.800048828125,0.03938265242780736,-0.005227158038944357,0.04460981046675172,0.0019900351898795112
2023-09-05,1236.75,1241.699951171875,1225.199951171875,1235.550048828125,2842400.0,1221.592041015625,1227.5078125,1205.2789306640625,1214.0460205078125,3630221.0,1232.5,0.002474684647565839,-0.014972802833417842,0.01744748748098368,0.00030441481939908225
2023-09-06,1239.8499755859375,1242.4000244140625,1222.699951171875,1235.8499755859375,1767709.0,1225.06494140625,1231.6455078125,1214.974609375,1224.484130859375,1765582.75,1235.550048828125,0.00024274755854447605,-0.008956268488877206,0.009199016047421682,8.462189624072163e-05
2023-09-07,1238.0,1257.0,1230.300048828125,1254.0,2582004.0,1234.5989990234375,1241.1094970703125,1225.337158203125,1234.53759765625,1923762.125,1235.8499755859375,0.014686268376108647,-0.0010619233366616632,0.01574819171277031,0.0002480055422221675
2023-09-08,1259.0,1269.550048828125,1254.300048828125,1262.050048828125,2280777.0,1255.7899169921875,1258.9254150390625,1240.5284423828125,1248.5172119140625,2024968.0,1254.0,0.006419496673145897,-0.004372239302980474,0.010791735976126371,0.0001164615653784202
2023-09-11,1276.550048828125,1284.300048828125,1270.4000244140625,1281.550048828125,2691836.0,1248.7197265625,1254.52392578125,1237.7781982421875,1247.407470703125,1733936.5,1262.050048828125,0.015451051262274973,-0.011602216678012423,0.027053267940287395,0.0007318793062489819
2023-09-12,1285.0,1291.75,1265.5,1282.4000244140625,2140769.0,1270.2261962890625,1286.7713623046875,1239.0665283203125,1247.390380859375,4384924.0,1281.550048828125,0.0006632402587123387,-0.026654962090623235,0.027318202349335574,0.0007462841795992437
2023-09-13,1282.0,1282.4000244140625,1266.0999755859375,1275.25,2275523.0,1273.4156494140625,1278.172607421875,1258.3006591796875,1268.6912841796875,2369323.75,1282.4000244140625,-0.0055755024001418185,-0.010689909523854402,0.005114407123712583,2.615716022708202e-05
2023-09-14,1280.8499755859375,1290.699951171875,1275.5999755859375,1283.5999755859375,2655172.0,1274.7117919921875,1280.1640625,1263.8011474609375,1273.632568359375,1982354.0,1275.25,0.006547716593560127,-0.0012683251445795296,0.007816041738139656,6.109050845234118e-05
2023-09-15,1294.0,1310.0,1291.050048828125,1304.5999755859375,4286280.0,1286.719970703125,1290.1260986328125,1273.7501220703125,1281.687255859375,2025167.375,1283.5999755859375,0.016360237145076173,-0.0014901213485061238,0.017850358493582297,0.0003186352983494056
2023-09-18,1302.0,1311.300048828125,1289.699951171875,1305.0,2761885.0,1292.2381591796875,1296.27490234375,1268.3165283203125,1277.08935546875,2653104.5,1304.5999755859375,0.0003066261088060518,-0.02108739892075473,0.02139402502956078,0.0004577043069654732
2023-09-20,1281.5,1304.0,1281.5,1293.4000244140625,2220756.0,1299.0181884765625,1301.500244140625,1276.916259765625,1284.5738525390625,3480381.25,1305.0,-0.008888870180794983,-0.01565222027658042,0.0067633500957854364,4.5742904518160875e-05
2023-09-21,1284.0,1285.0,1259.300048828125,1278.0,3112700.0,1295.69921875,1303.190673828125,1287.174560546875,1296.3939208984375,2042348.25,1293.4000244140625,-0.011906621403566908,0.0023147490550969874,-0.014221370458663896,0.00020224737772255814
2023-09-22,1272.449951171875,1283.5999755859375,1265.0999755859375,1273.699951171875,1321467.0,1272.5826416015625,1287.719482421875,1266.819091796875,1283.647216796875,1900324.75,1278.0,-0.0033646704445422504,0.004418792485817669,-0.007783462930359919,6.058229518828702e-05
2023-09-25,1270.0,1280.0,1256.5999755859375,1263.449951171875,1246703.0,1275.3314208984375,1288.3861083984375,1269.5357666015625,1284.365478515625,1665295.625,1273.699951171875,-0.008047421208244088,0.008373657652995137,-0.016421078861239224,0.00026965183096703773
2023-09-26,1264.0,1268.949951171875,1257.0999755859375,1261.449951171875,903152.0,1269.4803466796875,1278.931640625,1262.049560546875,1274.2296142578125,1499003.25,1263.449951171875,-0.001582967333328078,0.008531927264660677,-0.010114894597988755,0.0001023110927284221
2023-09-27,1258.5,1267.6500244140625,1253.300048828125,1261.0999755859375,1670373.0,1271.5655517578125,1285.7938232421875,1266.774169921875,1282.14794921875,1524131.0,1261.449951171875,-0.0002774391370916618,0.016408100874431675,-0.016685540011523337,0.0002784072454761462
2023-09-28,1261.0999755859375,1266.0,1238.550048828125,1241.9000244140625,1807072.0,1268.1009521484375,1284.71484375,1264.206787109375,1281.4029541015625,1562168.25,1261.0999755859375,-0.015224765318827549,0.016099420274900744,-0.03132418559372829,0.0009812046031103352
2023-09-29,1235.0999755859375,1249.699951171875,1227.25,1234.800048828125,2338327.0,1247.338623046875,1258.899169921875,1242.2698974609375,1254.7825927734375,1245084.75,1241.9000244140625,-0.005717026690040816,0.010373273295854135,-0.01609029998589495,0.0002588977536360911
2023-10-03,1232.5,1256.699951171875,1222.699951171875,1238.699951171875,2162636.0,1238.41943359375,1249.691650390625,1232.2791748046875,1243.9906005859375,1542400.0,1234.800048828125,0.003158327008045747,0.007442947355351004,-0.004284620347305257,1.835797152054222e-05
2023-10-04,1234.0,1244.800048828125,1225.0,1239.550048828125,2253785.0,1244.2037353515625,1255.0247802734375,1238.5635986328125,1250.19482421875,1330485.375,1238.699951171875,0.0006862821423749832,0.009279788084273655,-0.008593505941898671,7.384834437344777e-05
2023-10-05,1249.0,1253.949951171875,1227.800048828125,1235.449951171875,2995200.0,1233.1766357421875,1239.4063720703125,1224.4666748046875,1232.7093505859375,1455583.375,1239.550048828125,-0.0033077306238068482,-0.005518694665580193,0.0022109640417733445,4.888361994014724e-06
2023-10-06,1252.0,1256.0,1230.0999755859375,1237.699951171875,2497711.0,1238.171630859375,1250.482421875,1231.7275390625,1244.95068359375,1411437.75,1235.449951171875,0.0018211988254690503,0.0076900989901396155,-0.005868900164670565,3.4443989142870186e-05
2023-10-09,1236.0,1266.6500244140625,1231.1500244140625,1249.5999755859375,3430211.0,1239.4739990234375,1252.521728515625,1232.65087890625,1246.7176513671875,1422945.75,1237.699951171875,0.009614627844814372,0.007285853236702833,0.002328774608111539,5.423191175385053e-06
2023-10-10,1255.550048828125,1264.75,1248.199951171875,1261.800048828125,1532394.0,1251.2564697265625,1260.3848876953125,1242.3773193359375,1252.73486328125,1478794.5,1249.5999755859375,0.009763183002998055,0.00250871299340627,0.007254470009591785,5.262733512006663e-05
2023-10-11,1266.0,1274.449951171875,1241.0,1245.5999755859375,2186131.0,1261.5018310546875,1268.5335693359375,1250.7552490234375,1259.5712890625,1336401.875,1261.800048828125,-0.012838859260809965,-0.0017663335547457581,-0.011072525706064207,0.00012260082551145265
2023-10-12,1245.0,1248.550048828125,1215.1500244140625,1223.75,3921609.0,1255.4161376953125,1264.75732421875,1248.0213623046875,1258.224609375,1366178.625,1245.5999755859375,-0.01754172769284068,0.010135383780112805,-0.027677111472953486,0.0007660224994862935
2023-10-13,1211.0,1266.5,1208.550048828125,1255.9000244140625,5740821.0,1223.849365234375,1234.658935546875,1214.7611083984375,1226.74853515625,1830068.125,1223.75,0.026271725772471832,0.002450284090909083,0.02382144168156275,0.0005674610837880951
2023-10-16,1263.0,1279.300048828125,1260.300048828125,1270.6500244140625,2527113.0,1249.99169921875,1255.9986572265625,1233.8536376953125,1243.448974609375,1995035.5,1255.9000244140625,0.011744565421822895,-0.009914045356035794,0.02165861077785869,0.0004690954208267766
2023-10-17,1278.9000244140625,1279.0,1271.0,1277.1500244140625,1687345.0,1277.3958740234375,1286.670166015625,1266.8741455078125,1276.861328125,2050607.5,1270.6500244140625,0.0051154919726990045,0.004888288349737868,0.00022720362296113628,5.162148628666617e-08
2023-10-18,1278.0,1281.5,1267.4000244140625,1269.449951171875,1743126.0,1278.5582275390625,1284.391845703125,1266.2659912109375,1273.977294921875,1333910.625,1277.1500244140625,-0.00602910628743103,-0.002484226153182778,-0.0035448801342482517,1.2566175166187903e-05
2023-10-19,1266.800048828125,1274.75,1264.9000244140625,1267.3499755859375,2279726.0,1277.528564453125,1284.644775390625,1266.8526611328125,1276.0411376953125,1691927.25,1269.449951171875,-0.0016542405504045288,0.005192159420978282,-0.0068463999713828105,4.687319256815055e-05
2023-10-20,1252.0,1261.3499755859375,1245.449951171875,1258.5999755859375,1625449.0,1271.879638671875,1281.974365234375,1263.596435546875,1274.6031494140625,1784398.5,1267.3499755859375,-0.006904170251752717,0.00572310251142083,-0.012627272763173547,0.00015944801743558452
2023-10-23,1248.0,1260.5,1232.300048828125,1236.6500244140625,1646367.0,1253.981689453125,1260.4219970703125,1242.2972412109375,1251.4300537109375,1725362.0,1258.5999755859375,-0.017439974255248347,-0.005696744012458788,-0.01174323024278956,0.00013790345653516735
2023-10-25,1231.199951171875,1252.9000244140625,1225.300048828125,1229.0,1420065.0,1233.6383056640625,1243.3770751953125,1225.217529296875,1235.629150390625,1672203.0,1236.6500244140625,-0.006186086817640435,-0.0008255157104138933,-0.005360571107226542,2.873572259563199e-05
2023-10-26,1215.0,1238.199951171875,1212.050048828125,1231.800048828125,4617424.0,1232.144287109375,1240.3369140625,1224.0872802734375,1232.9520263671875,1390945.25,1229.0,0.002278314750305155,0.0032156439114625623,-0.0009373291611574075,8.785859563560492e-07
2023-10-27,1237.0,1270.0,1233.449951171875,1268.699951171875,2675348.0,1227.82373046875,1234.3978271484375,1216.3720703125,1225.100341796875,1743340.75,1231.800048828125,0.029956081247808575,-0.005438956620941626,0.0353950378687502,0.0012528087057302607
2023-10-30,1270.0,1274.800048828125,1256.0,1264.75,1158770.0,1265.0205078125,1274.328857421875,1244.1527099609375,1249.2015380859375,2044769.375,1268.699951171875,-0.0031133848221768234,-0.015368813617378296,0.012255428795201473,0.00015019553495425342
2023-10-31,1272.0,1279.8499755859375,1256.699951171875,1276.0,2525870.0,1267.3651123046875,1273.3040771484375,1254.443115234375,1262.2886962890625,1453330.75,1264.75,0.008895038545166933,-0.001946079233791309,0.010841117778958242,0.0001175298346972445
2023-11-01,1280.0,1285.949951171875,1255.300048828125,1258.949951171875,1572719.0,1269.7652587890625,1277.2628173828125,1258.1524658203125,1267.1695556640625,1593621.75,1276.0,-0.013362107232072873,-0.006920410921581133,-0.00644169631049174,4.14954513566029e-05
2023-11-02,1266.0,1275.0,1265.0,1273.4000244140625,1368604.0,1262.6673583984375,1267.7462158203125,1248.11865234375,1256.219482421875,1637783.625,1258.949951171875,0.011477877439636686,-0.002168846146312964,0.01364672358594965,0.00018623306463131446
2023-11-03,1282.5999755859375,1287.300048828125,1263.0,1266.25,2052536.0,1267.8916015625,1272.5777587890625,1254.111328125,1261.3980712890625,1321304.125,1273.4000244140625,-0.005614908337505664,-0.009425123994734164,0.0038102156572284995,1.4517743354589207e-05
2023-11-06,1276.25,1279.5,1265.1500244140625,1269.699951171875,1175823.0,1271.1263427734375,1277.614013671875,1260.9110107421875,1268.8470458984375,1151251.125,1266.25,0.002724541892892507,0.002050974056021726,0.0006735678368707809,4.536936308667829e-07
2023-11-07,1269.0,1277.699951171875,1267.0999755859375,1273.949951171875,1385282.0,1264.9619140625,1271.8551025390625,1256.4163818359375,1264.368408203125,1080020.875,1269.699951171875,0.0033472475099942667,-0.004199057394488559,0.007546304904482826,5.694671771142155e-05
2023-11-08,1280.0,1280.800048828125,1265.9000244140625,1267.6500244140625,937671.0,1267.4583740234375,1274.066650390625,1258.5401611328125,1266.281005859375,1091406.375,1273.949951171875,-0.004945191725952314,-0.00601981679535013,0.0010746250693978165,1.154819039778262e-06
2023-11-09,1267.6500244140625,1275.800048828125,1261.800048828125,1267.5,1483749.0,1263.495849609375,1268.7508544921875,1251.2630615234375,1258.7703857421875,1506028.75,1267.6500244140625,-0.00011834844884084372,-0.007004802982573555,0.006886454533732711,4.742325604516781e-05
2023-11-10,1262.300048828125,1271.0,1250.6500244140625,1255.449951171875,1469902.0,1263.0870361328125,1268.4442138671875,1251.3680419921875,1259.1363525390625,1560153.5,1267.5,-0.009506941876232688,-0.006598538430719891,-0.002908403445512797,8.458810601870711e-06
2023-11-13,1260.0,1263.5999755859375,1253.300048828125,1261.0,730991.0,1260.232177734375,1267.313232421875,1251.8590087890625,1259.8812255859375,1316422.75,1255.449951171875,0.00442076470108943,0.0035296304802323597,0.0008911342208570705,7.941201995825381e-07
2023-11-15,1275.0,1283.0,1268.4000244140625,1276.6500244140625,2410620.0,1260.6722412109375,1267.3861083984375,1253.6124267578125,1260.8880615234375,964824.0,1261.0,0.012410804452071877,-8.876960869352857e-05,0.012499574060765406,0.00015623935170055937
2023-11-16,1283.800048828125,1317.949951171875,1278.0,1311.050048828125,3936945.0,1280.384765625,1287.8504638671875,1271.5101318359375,1279.6097412109375,1231635.875,1276.6500244140625,0.026945540090245856,0.0023183462501663588,0.024627193840079498,0.0006064986764368496
2023-11-17,1313.4000244140625,1325.75,1306.4000244140625,1309.1500244140625,2882039.0,1307.684326171875,1315.8619384765625,1296.4735107421875,1305.8536376953125,1552310.0,1311.050048828125,-0.0014492386585552852,-0.003963549017413359,0.002514310358858074,6.321756580661017e-06
2023-11-20,1314.949951171875,1331.699951171875,1314.0,1325.4000244140625,2831858.0,1303.515380859375,1309.939208984375,1292.9052734375,1299.91455078125,1352986.0,1309.1500244140625,0.01241263392045,-0.007054557125296679,0.01946719104574668,0.00037897152721159965
2023-11-21,1335.5999755859375,1336.0,1321.800048828125,1326.5999755859375,1514256.0,1321.10107421875,1335.3857421875,1315.4908447265625,1328.42626953125,1771742.75,1325.4000244140625,0.000905350195995025,0.0022832692481089545,-0.0013779190521139295,1.89866091417855e-06
2023-11-22,1326.5999755859375,1335.75,1320.4000244140625,1329.699951171875,1535630.0,1315.64599609375,1321.55126953125,1304.9354248046875,1311.078125,1247541.5,1326.5999755859375,0.0023367824837841056,-0.011700475555249223,0.014037258039033329,0.0001970446132544058
2023-11-23,1333.949951171875,1335.25,1325.699951171875,1329.0,1307344.0,1321.8231201171875,1327.7681884765625,1309.5361328125,1316.7490234375,1596441.75,1329.699951171875,-0.0005263978322764817,-0.009739736940624244,0.009213339108347762,8.488561752541033e-05
2023-11-24,1328.9000244140625,1332.6500244140625,1305.6500244140625,1309.1500244140625,1795933.0,1322.2840576171875,1327.8031005859375,1312.4881591796875,1317.8997802734375,1170131.125,1329.0,-0.014936023766694895,-0.008352309801777702,-0.006583713964917193,4.334528957184566e-05
2023-11-28,1309.1500244140625,1319.9000244140625,1295.300048828125,1316.6500244140625,2152951.0,1311.8221435546875,1317.1463623046875,1302.6583251953125,1308.433837890625,1074377.125,1309.1500244140625,0.005728907963284735,-0.000547062223642425,0.00627597018692716,3.938780178719853e-05
2023-11-29,1324.0,1338.800048828125,1321.5,1333.949951171875,1835524.0,1312.984619140625,1322.5137939453125,1306.926025390625,1315.5980224609375,1307322.625,1316.6500244140625,0.013139350956615337,-0.0007989989242533913,0.013938349880868728,0.0001942775974015133
2023-11-30,1337.0,1346.800048828125,1329.699951171875,1340.9000244140625,4104385.0,1332.5662841796875,1342.205078125,1325.6085205078125,1333.661865234375,1323500.875,1333.949951171875,0.005210145430180502,-0.00021596457741679398,0.005426110007597296,2.9442669814547523e-05
2023-12-01,1346.0,1349.0,1328.0,1336.699951171875,1854324.0,1335.5286865234375,1340.76611328125,1324.72802734375,1330.5457763671875,1373657.375,1340.9000244140625,-0.003132279189884235,-0.007721864313783966,0.004589585123899731,2.106429160952171e-05
2023-12-04,1350.0,1350.0,1331.0,1337.949951171875,1547057.0,1330.118896484375,1336.576171875,1322.11083984375,1328.5802001953125,1298111.375,1336.699951171875,0.0009351388087537327,-0.0060744754044794735,0.007009614213233206,4.913469141836098e-05
2023-12-05,1347.0,1347.0,1308.300048828125,1317.550048828125,3932040.0,1337.798583984375,1342.806396484375,1326.7127685546875,1332.621337890625,1219226.875,1337.949951171875,-0.015247134114308447,-0.003982670111526088,-0.01126446400278236,0.00012688814926997956
2023-12-06,1325.0,1339.949951171875,1319.550048828125,1329.550048828125,2077245.0,1310.9437255859375,1318.4049072265625,1298.670166015625,1307.687255859375,1820332.375,1317.550048828125,0.009107813407675192,-0.007485706503158829,0.01659351991083402,0.00027534490303124506
2023-12-07,1331.0,1337.0,1325.3499755859375,1328.0,1985003.0,1328.797607421875,1336.4180908203125,1320.830322265625,1328.4881591796875,1305490.0,1329.550048828125,-0.0011658446626294783,-0.0007986834714296398,-0.0003671611911998385,1.3480734032328435e-07
2023-12-08,1333.0,1369.949951171875,1329.0,1364.0999755859375,4509751.0,1330.6146240234375,1338.0198974609375,1323.051513671875,1330.1632080078125,1348059.5,1328.0,0.027183716555675863,0.0016289216926299588,0.025554794863045904,0.0006530475404923574
2023-12-11,1370.0999755859375,1383.0,1366.050048828125,1375.300048828125,2824656.0,1366.49072265625,1377.9228515625,1358.420654296875,1369.12353515625,1886285.25,1364.0999755859375,0.008210595588770353,0.003682691635673363,0.00452790395309699,2.050191420847135e-05
2023-12-12,1377.0,1387.0,1370.0,1375.300048828125,2730422.0,1370.073974609375,1375.35791015625,1355.888916015625,1361.636962890625,2025412.625,1375.300048828125,0.0,-0.009934621866073634,0.009934621866073634,9.869671162186837e-05
2023-12-13,1379.3499755859375,1382.800048828125,1357.050048828125,1369.199951171875,1896931.0,1375.8701171875,1381.1422119140625,1356.760498046875,1363.4659423828125,2950134.75,1375.300048828125,-0.004435466763378471,-0.008604745164806915,0.0041692784014284445,1.7382882388617727e-05
2023-12-14,1391.0,1419.25,1382.0,1414.5999755859375,5145574.0,1362.004150390625,1372.2105712890625,1356.0673828125,1364.4130859375,1892608.625,1369.199951171875,0.03315806750884365,-0.003496103859979005,0.03665417136882265,0.0013435282787350182
2023-12-15,1422.0,1497.0,1422.0,1491.300048828125,7374290.0,1418.11279296875,1430.2696533203125,1394.8961181640625,1402.90478515625,4288232.0,1414.5999755859375,0.054220326994151025,-0.00826748948927647,0.062487816483427494,0.003904727208866513
2023-12-18,1489.8499755859375,1509.9000244140625,1481.0,1504.300048828125,3075527.0,1450.0029296875,1458.6292724609375,1409.2576904296875,1423.31689453125,4468019.0,1491.300048828125,0.00871722629541627,-0.04558650309861967,0.05430372939403594,0.002948895026100683
2023-12-19,1501.5,1504.6500244140625,1477.699951171875,1488.300048828125,2590417.0,1489.138916015625,1496.07763671875,1467.075439453125,1478.11181640625,2484370.25,1504.300048828125,-0.010636175949382043,-0.017408915490148447,0.006772739540766404,4.5870000887060715e-05
2023-12-20,1485.0,1503.050048828125,1435.0,1439.949951171875,4368383.0,1479.0439453125,1485.071044921875,1459.62158203125,1470.181640625,2213758.5,1488.300048828125,-0.0324867943761209,-0.012173894785121653,-0.020312899590999245,0.0004126138897940173
2023-12-21,1421.1500244140625,1447.050048828125,1420.0999755859375,1422.050048828125,2841508.0,1438.6595458984375,1459.266845703125,1432.1729736328125,1451.588134765625,2170812.75,1439.949951171875,-0.012430919789387485,0.008082352851415786,-0.02051327264080327,0.000420794354435928
2023-12-22,1431.0,1467.3499755859375,1423.0,1462.699951171875,2303438.0,1427.1197509765625,1454.42626953125,1424.940185546875,1448.4417724609375,2041061.0,1422.050048828125,0.028585423120127462,0.0185589274122675,0.010026495707859961,0.00010053061617973423
2023-12-26,1462.699951171875,1467.3499755859375,1442.1500244140625,1458.1500244140625,1363265.0,1445.432861328125,1465.145751953125,1438.0455322265625,1456.2333984375,1934921.75,1462.699951171875,-0.003110635748751589,-0.004420970089726306,0.001310334340974717,1.716976085137646e-06
2023-12-27,1465.449951171875,1476.0,1457.550048828125,1472.050048828125,1402329.0,1452.685302734375,1468.393798828125,1437.478515625,1452.410888671875,3681267.0,1458.1500244140625,0.009532643542387254,-0.0039359020993012805,0.013468545641688534,0.0001814017217022472
2023-12-28,1470.5999755859375,1482.699951171875,1468.449951171875,1472.449951171875,1928616.0,1460.7325439453125,1475.00732421875,1450.9755859375,1465.54248046875,1698509.5,1472.050048828125,0.0002716635511601506,-0.00442075210999493,0.0046924156611550805,2.201876473705347e-05
2023-12-29,1473.949951171875,1481.8499755859375,1457.550048828125,1466.0999755859375,1481617.0,1478.7747802734375,1492.344482421875,1464.4881591796875,1478.7696533203125,2679251.0,1472.449951171875,-0.004312523886386588,0.004291963977049118,-0.008604487863435706,7.403721139201236e-05
2024-01-01,1460.0,1495.75,1455.050048828125,1483.75,1222315.0,1459.97509765625,1479.5047607421875,1449.8409423828125,1466.994140625,3552122.5,1466.0999755859375,0.012038759094180174,0.0006098936320526605,0.011428865462127513,0.00013061896575141115
2024-01-02,1484.050048828125,1488.800048828125,1461.3499755859375,1469.550048828125,1440888.0,1465.8604736328125,1485.641357421875,1454.9246826171875,1471.9871826171875,3467445.0,1483.75,-0.009570312499999956,-0.00792776234730408,-0.0016425501526958763,2.6979710041212465e-06
2024-01-03,1460.0,1465.0,1435.5,1437.75,1651716.0,1472.0294189453125,1498.869384765625,1463.3594970703125,1486.111328125,3643803.5,1469.550048828125,-0.021639309837377496,0.011269625903576053,-0.03290893574095355,0.0010829980516022099
2024-01-04,1437.0,1444.800048828125,1417.1500244140625,1419.949951171875,3392241.0,1443.158935546875,1462.3548583984375,1435.193115234375,1451.255126953125,2225469.75,1437.75,-0.012380489534428829,0.009393237317423031,-0.02177372685185186,0.00047409518101905473
2024-01-05,1425.0,1438.8499755859375,1421.9000244140625,1432.800048828125,1776925.0,1425.378173828125,1448.992431640625,1417.5140380859375,1438.9326171875,2711263.0,1419.949951171875,0.009049683508665085,0.013368545842026958,-0.0043188623333618725,1.865257185453196e-05
2024-01-08,1435.0,1452.5999755859375,1430.550048828125,1447.9000244140625,2025264.0,1432.954833984375,1449.0927734375,1423.27392578125,1437.4451904296875,2073504.75,1432.800048828125,0.010538787738238575,0.0032420026823434256,0.00729678505589515,5.324307215193478e-05
2024-01-09,1460.5999755859375,1480.949951171875,1452.3499755859375,1460.4000244140625,3119270.0,1452.2677001953125,1468.578369140625,1443.9781494140625,1457.908447265625,1810480.5,1447.9000244140625,0.008633192754491814,0.006912371491679892,0.0017208212628119224,2.961225818545619e-06
2024-01-10,1474.9000244140625,1508.0,1466.050048828125,1492.0999755859375,4368914.0,1456.9681396484375,1469.3157958984375,1443.203857421875,1455.9248046875,1837737.75,1460.4000244140625,0.021706348015567478,-0.003064379383558302,0.02477072739912578,0.0006135889358818006
2024-01-11,1500.0,1500.0,1474.0,1484.800048828125,2271368.0,1483.5728759765625,1496.8214111328125,1469.24951171875,1479.873291015625,2122034.75,1492.0999755859375,-0.0048923844764127145,-0.008194279720104669,0.0033018952436919546,1.0902512200315552e-05
2024-01-12,1505.0,1555.0,1498.5,1540.800048828125,5862043.0,1485.8028564453125,1496.67529296875,1468.828857421875,1479.9552001953125,2400910.5,1484.800048828125,0.037715516001092464,-0.00326296368095913,0.040978479682051594,0.0016792357970523153
2024-01-15,1610.0,1619.5999755859375,1575.5,1588.199951171875,9712071.0,1546.80078125,1557.60693359375,1521.378173828125,1532.39453125,3878920.5,1540.800048828125,0.03076317552027641,-0.005455294205447325,0.036218469725723734,0.0013117775492731667
2024-01-16,1587.0,1587.0,1538.0,1555.449951171875,4459799.0,1562.7635498046875,1571.813232421875,1531.681640625,1541.14697265625,3922172.5,1588.199951171875,-0.020620829244979544,-0.029626608715676128,0.009005779470696584,8.110406387482005e-05
2024-01-17,1520.0,1585.0,1516.550048828125,1575.9000244140625,3846289.0,1547.590576171875,1564.8516845703125,1528.16455078125,1542.6024169921875,4088824.25,1555.449951171875,0.013147368211224197,-0.008259689853735375,0.021407058064959572,0.00045826213499655064
2024-01-18,1577.0,1584.199951171875,1537.050048828125,1567.550048828125,3205598.0,1567.7415771484375,1583.037353515625,1543.31982421875,1559.3765869140625,3615686.5,1575.9000244140625,-0.005298543979045944,-0.010485079791875518,0.0051865358128295735,2.6900153737763724e-05
2024-01-19,1570.0,1590.0,1558.050048828125,1567.949951171875,2374099.0,1564.08642578125,1579.5155029296875,1545.8514404296875,1562.3531494140625,2783060.75,1567.550048828125,0.0002551129669186025,-0.0033153004702769495,0.003570413437195552,1.2747852112506556e-05
2024-01-23,1558.9000244140625,1567.9000244140625,1517.050048828125,1523.6500244140625,3196630.0,1563.9720458984375,1572.956298828125,1531.77783203125,1544.4168701171875,2582605.5,1567.949951171875,-0.028253406127346725,-0.01500882157437422,-0.013244584552972505,0.00017541901998083788
2024-01-24,1530.0999755859375,1581.199951171875,1523.699951171875,1576.4000244140625,2136023.0,1534.6927490234375,1543.5797119140625,1499.2171630859375,1513.7403564453125,3128973.0,1523.6500244140625,0.03462081131149897,-0.006503900377359262,0.04112471168885823,0.0016912419114917126
2024-01-25,1570.0,1570.0,1536.75,1550.25,2641656.0,1550.1539306640625,1563.2413330078125,1526.7364501953125,1542.30419921875,1979498.5,1576.4000244140625,-0.01658844456297337,-0.021628916941932697,0.005040472378959326,2.540636180305189e-05
2024-01-29,1565.0,1588.5999755859375,1550.25,1574.550048828125,2521598.0,1554.15771484375,1567.4588623046875,1530.913818359375,1544.9786376953125,2442805.75,1550.25,0.015674922643525324,-0.003400330465852308,0.019075253109377632,0.000363865281186821
2024-01-30,1580.0,1592.449951171875,1555.0,1559.300048828125,1939386.0,1564.385009765625,1575.6436767578125,1537.2353515625,1550.5068359375,2387990.0,1574.550048828125,-0.0096853066127367,-0.01526989434760706,0.005584587734870361,3.1187620168464466e-05
2024-01-31,1559.300048828125,1581.300048828125,1546.3499755859375,1576.0,7025931.0,1551.751220703125,1565.569580078125,1532.8428955078125,1548.516357421875,1899084.625,1559.300048828125,0.010709902295216178,-0.006915725690096908,0.017625627985313086,0.00031066276187665184
2024-02-01,1576.0,1597.0,1566.3499755859375,1577.4000244140625,2845408.0,1586.74072265625,1617.76171875,1567.634765625,1597.63232421875,4342624.0,1576.0,0.0008883403642527821,0.013726094047430193,-0.01283775368317741,0.0001648079196299352
2024-02-02,1584.800048828125,1613.9000244140625,1575.0,1583.75,2337374.0,1564.85888671875,1584.500732421875,1551.6788330078125,1569.0009765625,2203890.5,1577.4000244140625,0.0040255962264843514,-0.005324615013038603,0.009350211239522954,8.742645022370138e-05
2024-02-05,1584.949951171875,1588.5,1551.449951171875,1555.3499755859375,1452864.0,1592.207275390625,1607.1109619140625,1568.5076904296875,1585.5673828125,2262558.25,1583.75,-0.017932138540844522,0.0011475187450671331,-0.019079657285911655,0.0003640333221478417
2024-02-06,1566.0,1627.0,1558.050048828125,1623.75,4988311.0,1567.376220703125,1582.1060791015625,1549.2137451171875,1563.069580078125,2313195.75,1555.3499755859375,0.043977256236683804,0.004963258824933758,0.039013997411750045,0.0015220919940440393
2024-02-07,1628.0,1629.9000244140625,1598.949951171875,1615.3499755859375,3320199.0,1592.4991455078125,1606.719482421875,1564.3175048828125,1578.716796875,2630963.0,1623.75,-0.005173225197267151,-0.027734074287913746,0.022560849090646595,0.0005089919116909293
2024-02-08,1626.0,1647.699951171875,1617.300048828125,1633.800048828125,3496692.0,1596.2265625,1612.67919921875,1571.604736328125,1590.226318359375,2699798.5,1615.3499755859375,0.011421718835570083,-0.015553073703083675,0.026974792538653758,0.0007276394325034104
2024-02-09,1640.0,1646.75,1614.6500244140625,1630.5999755859375,3341297.0,1623.509765625,1642.614990234375,1601.74658203125,1620.6556396484375,2957202.5,1633.800048828125,-0.0019586688374032546,-0.008045298559707814,0.0060866297223045596,3.704706137644128e-05
2024-02-12,1639.0,1685.0,1639.0,1666.949951171875,4885445.0,1620.0938720703125,1629.739990234375,1586.109130859375,1602.42822265625,3020650.0,1630.5999755859375,0.022292393064016647,-0.017276924660546644,0.03956931772456329,0.0015657309051874387
2024-02-13,1675.0,1675.0,1648.5999755859375,1665.5999755859375,3129897.0,1653.2021484375,1667.906982421875,1614.4342041015625,1630.88818359375,3298634.0,1666.949951171875,-0.0008098477011793115,-0.021633383505469617,0.020823535804290305,0.0004336196433925603
2024-02-14,1649.75,1676.9000244140625,1625.449951171875,1671.5,1386643.0,1644.9644775390625,1663.64599609375,1627.4161376953125,1644.5440673828125,2317482.75,1665.5999755859375,0.0035422817606531876,-0.01264163575393773,0.016183917514590918,0.00026191918611908265
2024-02-15,1678.0,1696.5,1650.0999755859375,1662.550048828125,2555162.0,1654.907958984375,1682.2578125,1643.4381103515625,1670.6563720703125,1930617.0,1671.5,-0.005354442818950034,-0.0005047130898518937,-0.00484972972909814,2.351987844529832e-05
2024-02-16,1675.0,1677.0,1650.050048828125,1667.449951171875,1776881.0,1665.97412109375,1679.178466796875,1632.46630859375,1647.835693359375,2985087.25,1662.550048828125,0.002947220955666241,-0.008850473691978,0.011797694647644241,0.00013918559899905357
2024-02-19,1670.0,1682.949951171875,1659.6500244140625,1675.25,762624.0,1665.429443359375,1684.689453125,1649.2315673828125,1668.46923828125,1574984.5,1667.449951171875,0.004677830853419662,0.0006112849795933961,0.004066545873826266,1.653679534393343e-05
2024-02-20,1661.0,1672.75,1645.0,1663.050048828125,2240414.0,1651.1551513671875,1660.911376953125,1627.796142578125,1641.9578857421875,1365192.625,1675.25,-0.0072824660032084765,-0.019872923001231113,0.012590456998022637,0.0001585196074190572
2024-02-21,1655.550048828125,1664.800048828125,1632.050048828125,1636.300048828125,2890991.0,1650.47265625,1663.8380126953125,1629.4610595703125,1647.543701171875,1881203.0,1663.050048828125,-0.016084903769943315,-0.009324041490619384,-0.0067608622793239315,4.5709258759985185e-05
2024-02-22,1644.0,1691.4000244140625,1639.0,1686.4000244140625,3820901.0,1649.947998046875,1665.2203369140625,1630.107666015625,1649.2783203125,1953433.75,1636.300048828125,0.030617841527180722,0.007931474116663173,0.02268636741051755,0.0005146712662849927
2024-02-23,1697.0,1697.3499755859375,1663.449951171875,1665.75,2191549.0,1674.870361328125,1695.3477783203125,1659.6905517578125,1680.4268798828125,1698588.25,1686.4000244140625,-0.012245033275089856,-0.003541949979113279,-0.008703083295976577,7.574365885670652e-05
2024-02-26,1665.75,1668.8499755859375,1639.5,1649.800048828125,1844253.0,1662.10986328125,1673.7518310546875,1643.1207275390625,1657.3082275390625,1491807.75,1665.75,-0.009575237083520927,-0.005067850794499451,-0.0045073862890214755,2.031653115845879e-05
2024-02-27,1649.0,1673.4000244140625,1648.0,1658.800048828125,2049420.0,1660.2918701171875,1671.921875,1643.17431640625,1657.117431640625,1454340.0,1649.800048828125,0.005455206530265766,0.004435314944800428,0.0010198915854653379,1.0401788461030006e-06
2024-02-28,1664.699951171875,1672.0,1644.199951171875,1651.9000244140625,936575.0,1660.49658203125,1672.20654296875,1639.05322265625,1654.6978759765625,2157055.5,1658.800048828125,-0.004159648065441668,-0.002472976085611145,-0.001686671979830523,2.844862367545416e-06
2024-02-29,1642.1500244140625,1677.75,1636.6500244140625,1663.8499755859375,3532888.0,1651.2464599609375,1664.87255859375,1636.0513916015625,1651.5247802734375,1321065.875,1651.9000244140625,0.007234064407810381,-0.00022715911076887085,0.007461223518579252,5.5669856394200155e-05
2024-03-01,1675.449951171875,1679.199951171875,1639.0999755859375,1644.0999755859375,2371138.0,1660.766845703125,1676.0238037109375,1642.807861328125,1659.6845703125,1496356.625,1663.8499755859375,-0.011870060576251729,-0.0025034740719159787,-0.00936658650433575,8.773294274320461e-05
2024-03-04,1649.0,1654.0,1635.0,1637.949951171875,1788071.0,1638.64697265625,1650.6849365234375,1621.2218017578125,1635.628662109375,1315178.75,1644.0999755859375,-0.003740663284099055,-0.005152553739040999,0.0014118904549419442,1.9934346567561702e-06
2024-03-05,1624.0,1629.949951171875,1607.050048828125,1619.3499755859375,3339546.0,1633.4833984375,1644.904541015625,1613.65380859375,1629.2061767578125,1877397.75,1637.949951171875,-0.011355643420380535,-0.005338242727017883,-0.006017400693362651,3.620911110448131e-05
2024-03-06,1613.0,1650.0,1603.8499755859375,1644.199951171875,2366177.0,1600.1884765625,1617.3553466796875,1583.652099609375,1604.1435546875,1928307.25,1619.3499755859375,0.015345648538356293,-0.009390447480591924,0.024736096018948217,0.0006118744462586259
2024-03-07,1650.0,1654.550048828125,1630.0999755859375,1637.6500244140625,3181239.0,1625.9512939453125,1636.099853515625,1604.126708984375,1618.154052734375,2194423.75,1644.199951171875,-0.003983655852284995,-0.01584107724789574,0.011857421395610745,0.00014059844215308747
2024-03-11,1655.0,1659.800048828125,1632.050048828125,1638.6500244140625,2970902.0,1638.3973388671875,1655.719970703125,1621.4580078125,1640.7376708984375,1826694.25,1637.6500244140625,0.0006106310781253121,0.0018854129016239174,-0.0012747818234986052,1.6250686975224291e-06
2024-03-12,1635.9000244140625,1665.0,1633.050048828125,1635.5999755859375,2414182.0,1646.5787353515625,1661.66064453125,1628.6982421875,1645.6204833984375,1800974.5,1638.6500244140625,-0.0018613180256202844,0.004253781393539047,-0.006115099419159331,3.739444090620279e-05
2024-03-13,1638.75,1651.25,1610.3499755859375,1631.5,2564135.0,1645.716796875,1655.4718017578125,1624.8516845703125,1639.0899658203125,1986406.625,1635.5999755859375,-0.0025067104714701083,0.002133767599944214,-0.004640478071414322,2.1534036731277187e-05
2024-03-14,1634.0,1683.0,1610.0,1679.25,3513306.0,1630.59765625,1647.22314453125,1616.3763427734375,1636.1036376953125,2030730.25,1631.5,0.02926754520380026,0.0028217209287848544,0.026445824275015406,0.0006993816215849941
2024-03-15,1677.0,1677.0,1642.8499755859375,1647.300048828125,3931561.0,1658.912109375,1670.563232421875,1636.735107421875,1654.0445556640625,2466891.75,1679.25,-0.01902632197223464,-0.015009941542913463,-0.004016380429321176,1.6131311753034153e-05
2024-03-18,1649.9000244140625,1663.300048828125,1634.25,1643.4000244140625,1183544.0,1642.985107421875,1659.0543212890625,1625.9033203125,1645.3392333984375,2147852.75,1647.300048828125,-0.0023675252221578846,-0.0011903207500554291,-0.0011772044721024555,1.385810369138021e-06
2024-03-19,1641.550048828125,1641.550048828125,1594.0999755859375,1599.1500244140625,1915379.0,1651.493408203125,1661.07958984375,1630.6109619140625,1645.1376953125,1896746.5,1643.4000244140625,-0.02692588495961412,0.0010573633154575823,-0.027983248275071704,0.0007830621840243035
2024-03-20,1604.75,1619.0999755859375,1578.0999755859375,1587.0999755859375,1815178.0,1601.9935302734375,1624.1168212890625,1589.7685546875,1613.4586181640625,1891582.5,1599.1500244140625,-0.00753528352196986,0.00894762438267338,-0.01648290790464324,0.00027168625299295063
2024-03-21,1608.0,1619.949951171875,1583.3499755859375,1595.800048828125,2684744.0,1595.4356689453125,1607.726806640625,1575.834716796875,1591.734130859375,1802539.75,1587.0999755859375,0.005481742408177892,0.0029198886930399404,0.0025618537151379517,6.563094457766126e-06
2024-03-22,1560.0,1571.449951171875,1508.199951171875,1557.8499755859375,7468824.0,1608.8226318359375,1624.2470703125,1592.5223388671875,1612.4764404296875,1981702.0,1595.800048828125,-0.023781220755104027,0.010450176144441548,-0.034231396899545574,0.0011717885336942184
2024-03-26,1562.25,1592.550048828125,1555.550048828125,1562.25,4496344.0,1577.4571533203125,1596.19482421875,1559.151123046875,1577.779052734375,2832158.25,1557.8499755859375,0.0028244211464634184,0.01279268059232841,-0.009968259445864991,9.936619638007661e-05
2024-03-27,1569.0,1576.8499755859375,1540.0,1546.199951171875,2589697.0,1594.00146484375,1610.710693359375,1577.2259521484375,1595.0001220703125,2889955.5,1562.25,-0.010273675038006136,0.020963432274163862,-0.031237107312169998,0.0009757568732320244
2024-03-28,1549.0,1561.050048828125,1531.0,1543.550048828125,5301493.0,1552.423095703125,1565.465576171875,1533.777587890625,1548.8004150390625,2301063.0,1546.199951171875,-0.0017138160829339721,0.0016818419022821551,-0.0033956579852161273,1.1530493152562048e-05
2024-04-01,1549.0,1569.0,1548.0,1556.699951171875,1014857.0,1537.20849609375,1554.5728759765625,1520.2408447265625,1538.4635009765625,2853341.0,1543.550048828125,0.008519258804554841,-0.00329535660694924,0.011814615411504081,0.00013958513732174974
2024-04-02,1559.0,1565.0,1525.0999755859375,1528.300048828125,2031775.0,1553.29638671875,1562.663330078125,1535.1265869140625,1547.39453125,1823966.125,1556.699951171875,-0.018243658530579854,-0.005977658003310071,-0.012266000527269783,0.0001504547689349826
2024-04-03,1525.3499755859375,1558.449951171875,1518.0,1535.8499755859375,3343884.0,1538.122802734375,1555.2603759765625,1527.1483154296875,1542.0938720703125,1652827.75,1528.300048828125,0.004940081473923774,0.00902559890171073,-0.0040855174277869555,1.669145265275094e-05
2024-04-04,1540.800048828125,1552.5,1518.699951171875,1539.6500244140625,3388449.0,1530.36279296875,1544.0244140625,1513.15087890625,1528.603515625,2694707.75,1535.8499755859375,0.0024742317860018126,-0.004718208207916241,0.007192439993918054,5.1731193066111936e-05
2024-04-05,1542.449951171875,1547.699951171875,1523.800048828125,1545.25,2773570.0,1533.7589111328125,1545.86474609375,1515.602294921875,1530.3160400390625,2741020.25,1539.6500244140625,0.0036371743559506786,-0.006062406538493881,0.00969958089444456,9.408186952787392e-05
2024-04-08,1554.0,1554.0,1537.6500244140625,1540.050048828125,1820136.0,1547.7042236328125,1559.6177978515625,1533.2220458984375,1548.1600341796875,2045273.625,1545.25,-0.003365119671169703,0.001883212541457624,-0.005248332212627327,2.7544991014101652e-05
2024-04-09,1540.0,1561.800048828125,1534.550048828125,1540.5,2432095.0,1540.913330078125,1551.97119140625,1525.3843994140625,1537.9696044921875,2164851.25,1540.050048828125,0.00029216659044117854,-0.001350893977452583,0.0016430605678937615,2.6996480297673704e-06
2024-04-10,1541.050048828125,1552.1500244140625,1536.199951171875,1539.1500244140625,1829986.0,1558.5401611328125,1567.3441162109375,1539.2220458984375,1552.268310546875,3266294.5,1540.5,-0.0008763230028805413,0.0076392798097209,-0.008515602812601442,7.251549126198558e-05
2024-04-12,1537.0,1542.949951171875,1516.199951171875,1521.5,4319991.0,1539.302734375,1550.7396240234375,1525.34814453125,1537.562744140625,2123799.0,1539.1500244140625,-0.011467384032808448,-0.001031270667745221,-0.010436113365063227,0.0001089124621684513
2024-04-15,1507.0999755859375,1530.5,1494.0,1505.050048828125,3295684.0,1523.4423828125,1534.6810302734375,1497.67236328125,1514.1019287109375,1703768.75,1521.5,-0.0108116668891719,-0.004862353788407825,-0.005949313100764075,3.539432637092306e-05
2024-04-16,1486.3499755859375,1501.5999755859375,1467.300048828125,1477.300048828125,2446933.0,1487.8570556640625,1506.829345703125,1469.7454833984375,1491.93017578125,2665345.25,1505.050048828125,-0.0184379250521316,-0.008717233727270735,-0.009720691324860864,9.449183983322526e-05
2024-04-18,1477.050048828125,1480.9000244140625,1452.0999755859375,1466.8499755859375,5180223.0,1475.6043701171875,1490.94580078125,1459.6925048828125,1476.509765625,2617075.25,1477.300048828125,-0.007073764906781799,-0.0005349510437990812,-0.0065388138629827175,4.275608673473497e-05
2024-04-19,1442.0,1455.5,1435.0,1447.5,5219506.0,1460.6514892578125,1473.598388671875,1437.3677978515625,1447.9991455078125,3407025.75,1466.8499755859375,-0.013191516452258911,-0.012851232499489273,-0.00034028395276963774,1.1579316851252905e-07
2024-04-22,1452.199951171875,1473.300048828125,1450.5,1465.9000244140625,1939632.0,1435.679443359375,1455.8133544921875,1419.085205078125,1439.0982666015625,3162946.5,1447.5,0.012711588541666652,-0.005804306320164043,0.018515894861830695,0.00034283836253436834
2024-04-23,1474.9000244140625,1501.449951171875,1471.0999755859375,1486.6500244140625,2783858.0,1455.066650390625,1466.6612548828125,1440.896728515625,1451.188232421875,1894170.5,1465.9000244140625,0.014155126307671573,-0.01003601319814973,0.024191139505821302,0.0005852112305901081
2024-04-24,1490.0,1496.949951171875,1476.300048828125,1479.25,1321471.0,1497.7581787109375,1518.9744873046875,1491.3558349609375,1511.742919921875,2101368.5,1486.6500244140625,-0.004977650618866458,0.01687881821257986,-0.02185646883144632,0.0004777052297799844
2024-04-25,1479.949951171875,1515.050048828125,1479.949951171875,1504.1500244140625,4558032.0,1479.5780029296875,1490.75732421875,1463.2281494140625,1475.753662109375,1524135.5,1479.25,0.016832870991422944,-0.0023635882309447354,0.01919645922236768,0.0003685040466760251
2024-04-26,1516.8499755859375,1531.449951171875,1464.949951171875,1473.8499755859375,4328477.0,1504.69189453125,1516.3135986328125,1490.840087890625,1503.6888427734375,1559954.375,1504.1500244140625,-0.02014429966181619,-0.00030660614509159245,-0.019837693516724597,0.0003935340840634971
2024-04-29,1415.0,1436.0,1381.0,1387.4000244140625,11493223.0,1479.3712158203125,1496.926025390625,1469.7952880859375,1485.1011962890625,2458424.5,1473.8499755859375,-0.05865586905309428,0.007633898218610824,-0.0662897672717051,0.0043943332449368246
2024-04-30,1376.4000244140625,1397.9000244140625,1362.449951171875,1366.5999755859375,7606726.0,1393.9095458984375,1415.0045166015625,1383.5687255859375,1398.4349365234375,3088675.25,1387.4000244140625,-0.014992106430810725,0.00795366290557431,-0.022945769336385036,0.0005265083304385878
2024-05-02,1358.0,1377.9000244140625,1358.0,1360.699951171875,6555505.0,1379.132568359375,1407.9013671875,1359.4385986328125,1380.39404296875,4463032.0,1366.5999755859375,-0.004317301711887489,0.010093712592741833,-0.014411014304629322,0.00020767733328823094
2024-05-03,1370.0,1370.0,1333.550048828125,1348.050048828125,5964228.0,1368.72119140625,1388.9693603515625,1346.8927001953125,1361.753662109375,4445130.0,1360.699951171875,-0.009296614093985633,0.0007743888993252401,-0.010071002993310874,0.00010142510129127658
2024-05-06,1358.0,1365.0,1348.5,1358.800048828125,2504082.0,1354.466796875,1371.517578125,1340.814208984375,1355.415771484375,3845905.75,1348.050048828125,0.007974481369846131,0.005463983078857648,0.002510498290988483,6.302601669056095e-06
2024-05-07,1347.949951171875,1348.9000244140625,1326.1500244140625,1330.949951171875,5096525.0,1352.8753662109375,1367.3828125,1343.24072265625,1351.631103515625,2995217.0,1358.800048828125,-0.020496097038169014,-0.0052759383683292915,-0.015220158669839723,0.0002316532299350973
2024-05-08,1330.949951171875,1334.0,1307.300048828125,1313.6500244140625,6832455.0,1311.7740478515625,1338.1043701171875,1305.7545166015625,1325.8656005859375,4471197.0,1330.949951171875,-0.012998179790742914,-0.003820091492892641,-0.009178088297850273,8.423730480313613e-05
2024-05-09,1315.0,1339.0,1314.5,1320.050048828125,5653762.0,1331.7191162109375,1362.2344970703125,1318.7330322265625,1340.9476318359375,4595817.0,1313.6500244140625,0.004871940239119077,0.020779969485442473,-0.015908029246323396,0.0002530653945018805
2024-05-10,1320.0999755859375,1322.9000244140625,1303.5999755859375,1316.199951171875,3357203.0,1336.012939453125,1352.8677978515625,1327.823486328125,1339.467041015625,2872488.25,1320.050048828125,-0.0029166300623737484,0.014709284852295834,-0.017625914914669583,0.0003106728765791716
2024-05-13,1316.199951171875,1321.9000244140625,1301.6500244140625,1312.9000244140625,2316566.0,1318.4144287109375,1342.3427734375,1314.52783203125,1331.8226318359375,2707978.25,1316.199951171875,-0.002507162194372081,0.011869534450410058,-0.014376696644782139,0.00020668940641609002
2024-05-14,1322.0,1326.949951171875,1308.699951171875,1321.050048828125,3200462.0,1319.298095703125,1347.7119140625,1308.523681640625,1330.171630859375,4114080.0,1312.9000244140625,0.006207650439872481,0.01315530971447787,-0.006947659274605389,4.826996939601028e-05
2024-05-15,1319.25,1340.300048828125,1318.25,1332.9000244140625,2975965.0,1327.5240478515625,1344.268310546875,1321.2322998046875,1333.109375,2575942.0,1321.050048828125,0.00897011857836083,0.009128591443278378,-0.00015847286491754708,2.5113648915175126e-08
2024-05-16,1345.0,1357.800048828125,1328.5,1348.1500244140625,5055915.0,1337.2530517578125,1346.4337158203125,1327.2733154296875,1333.277587890625,2068500.875,1332.9000244140625,0.011441218186415636,0.0002832646632506819,0.011157953523164954,0.0001244999268251092
2024-05-17,1351.0,1351.0,1330.199951171875,1333.199951171875,2487831.0,1357.416748046875,1377.37353515625,1348.66015625,1364.23876953125,3674914.0,1348.1500244140625,-0.011089324608872908,0.011933942681327414,-0.023023267290200322,0.0005300708367160081
2024-05-21,1314.0,1349.8499755859375,1314.0,1341.9000244140625,4966721.0,1345.94482421875,1374.4254150390625,1342.2191162109375,1363.90283203125,3458099.5,1333.199951171875,0.006525707741393383,0.023029464434338953,-0.01650375669294557,0.0002723739849799457
2024-05-22,1348.949951171875,1352.9000244140625,1340.0,1343.050048828125,2390777.0,1339.5699462890625,1357.1947021484375,1322.72216796875,1337.019287109375,4285881.5,1341.9000244140625,0.0008570119928008602,-0.003637184004686711,0.004494195997487571,2.0197797663833304e-05
2024-05-23,1346.6500244140625,1358.449951171875,1338.0,1353.550048828125,3326149.0,1342.666015625,1351.83642578125,1332.2628173828125,1337.79296875,1958712.25,1343.050048828125,0.007818025850311106,-0.00391428456647025,0.011732310416781355,0.0001376471077157163
2024-05-24,1360.0,1360.0,1340.8499755859375,1345.199951171875,1769966.0,1347.97998046875,1362.1761474609375,1331.79296875,1342.873291015625,4070429.0,1353.550048828125,-0.006169035022738467,-0.00788796677429382,0.0017189317515553526,2.9547263665051527e-06
2024-05-27,1351.0,1359.5999755859375,1338.0,1353.300048828125,1942325.0,1353.309326171875,1367.4334716796875,1335.0654296875,1345.626220703125,3910499.25,1345.199951171875,0.006021482270493372,0.00031688191103396157,0.005704600359459411,3.254246526114444e-05
2024-05-28,1357.8499755859375,1363.300048828125,1345.5999755859375,1358.4000244140625,2147233.0,1349.227294921875,1364.6678466796875,1333.1351318359375,1345.718017578125,3868004.0,1353.300048828125,0.0037685475518558498,-0.005602623938841589,0.009371171490697439,8.781885510806046e-05
2024-05-29,1366.0,1366.5999755859375,1346.949951171875,1353.0999755859375,3845920.0,1354.9495849609375,1367.171142578125,1336.6317138671875,1347.7706298828125,3821109.25,1358.4000244140625,-0.003901684874020206,-0.007824936940673988,0.003923252066653782,1.539190677850317e-05
2024-05-30,1346.0,1351.550048828125,1325.0999755859375,1331.8499755859375,4150461.0,1350.630859375,1363.30126953125,1339.2657470703125,1350.5557861328125,3740384.25,1353.0999755859375,-0.015704678429838914,-0.00188026716357248,-0.013824411266266434,0.00019111434685887432
2024-05-31,1331.8499755859375,1340.9000244140625,1315.75,1324.0999755859375,10319045.0,1338.0421142578125,1348.24951171875,1330.71923828125,1337.62060546875,2178226.75,1331.8499755859375,-0.00581897371480633,0.004332792723349854,-0.010151766438156185,0.0001030583618148743
2024-06-03,1350.550048828125,1354.75,1309.8499755859375,1314.449951171875,5384064.0,1338.6793212890625,1353.8583984375,1332.3565673828125,1342.5242919921875,2280860.0,1324.0999755859375,-0.007287987759226566,0.013914596137725166,-0.021202583896951732,0.00044954956390727693
2024-06-04,1325.0,1325.0,1235.0,1303.550048828125,5447244.0,1326.286376953125,1340.28857421875,1317.61279296875,1325.1337890625,4212717.0,1314.449951171875,-0.008292367719312854,0.008127991393738432,-0.016420359113051286,0.0002696281934015664
2024-06-05,1320.0,1356.9000244140625,1316.0999755859375,1343.699951171875,3005139.0,1300.400390625,1323.6343994140625,1293.419677734375,1311.0570068359375,4249577.5,1303.550048828125,0.030800430240361054,0.0057588567577908645,0.02504157348257019,0.0006270804024829625
2024-06-06,1354.0,1399.800048828125,1350.9000244140625,1397.5,5936709.0,1347.1427001953125,1352.595947265625,1329.786376953125,1334.2969970703125,2170048.0,1343.699951171875,0.040038736907897166,-0.006997807876201745,0.04703654478409891,0.002212436545226542
2024-06-07,1407.0,1438.6500244140625,1398.0,1431.5,5884025.0,1394.87646484375,1422.2718505859375,1377.371826171875,1410.1622314453125,3972371.0,1397.5,0.024329159212880036,0.00906063073009844,0.015268528482781596,0.00023312796202951287
2024-06-10,1440.0,1442.0,1397.5,1418.75,3293739.0,1435.4012451171875,1458.143310546875,1366.2496337890625,1443.0703125,4293498.0,1431.5,-0.00890674118057977,0.008082649318896351,-0.01698939049947612,0.00028863938954368945
2024-06-11,1425.0,1437.949951171875,1415.4000244140625,1428.800048828125,2269082.0,1421.12548828125,1433.177001953125,1408.8271484375,1420.7591552734375,2398131.0,1418.75,0.007083734856828228,0.0014161446861233884,0.005667590170704839,3.212157834307011e-05
2024-06-12,1472.0,1472.0,1434.5,1438.75,5990861.0,1434.7288818359375,1441.5474853515625,1417.2076416015625,1424.1326904296875,2555435.25,1428.800048828125,0.006963851366071694,-0.0032666281067568192,0.010230479472828513,0.00010466271024396558
2024-06-13,1447.75,1457.699951171875,1437.0999755859375,1444.1500244140625,4232861.0,1464.4383544921875,1492.74267578125,1453.8673095703125,1480.1715087890625,4995764.5,1438.75,0.003753275005430101,0.028789927915942704,-0.025036652910512602,0.0006268339889614791
2024-06-14,1444.1500244140625,1446.0,1424.4000244140625,1431.050048828125,3065114.0,1444.906982421875,1451.6903076171875,1427.22265625,1434.395751953125,2822360.25,1444.1500244140625,-0.009071062815134145,-0.0067543345885376915,-0.002316728226596454,5.3672296759087505e-06
2024-06-18,1431.050048828125,1439.75,1427.050048828125,1437.199951171875,2223029.0,1434.6845703125,1444.673828125,1422.46435546875,1432.6038818359375,2408767.25,1431.050048828125,0.004297475373964854,0.001085799206732796,0.003211676167232058,1.0314863803166404e-05
2024-06-19,1440.050048828125,1451.9000244140625,1430.300048828125,1445.8499755859375,3117522.0,1435.9429931640625,1443.2823486328125,1421.60595703125,1428.1138916015625,2563353.0,1437.199951171875,0.006018664561607823,-0.006322056692879663,0.012340721254487486,0.00015229340108095918
2024-06-20,1448.949951171875,1448.949951171875,1429.550048828125,1443.449951171875,3163919.0,1439.1988525390625,1445.9398193359375,1423.0740966796875,1430.3275146484375,2673456.25,1445.8499755859375,-0.0016599401421920623,-0.010735872462292906,0.009075932320100843,8.237254747905108e-05
2024-06-21,1462.0,1481.949951171875,1439.199951171875,1447.8499755859375,6489262.0,1435.3221435546875,1456.0899658203125,1410.189453125,1450.2139892578125,3625039.0,1443.449951171875,0.0030482694675282307,0.004686021902211568,-0.0016377524346833372,2.682233037311199e-06
2024-06-24,1437.8499755859375,1443.949951171875,1426.5999755859375,1440.8499755859375,1988692.0,1457.4227294921875,1468.69189453125,1443.5523681640625,1455.3623046875,3056794.25,1447.8499755859375,-0.004834755063049312,0.005188610165581808,-0.01002336522863112,0.00010046785050653139
2024-06-25,1440.949951171875,1450.0999755859375,1426.449951171875,1447.949951171875,2079037.0,1434.7518310546875,1445.8648681640625,1423.1405029296875,1432.80908203125,2592840.5,1440.8499755859375,0.004927630014395001,-0.0055806598125648366,0.010508289826959838,0.00011042415508738762
2024-06-26,1447.949951171875,1453.300048828125,1438.199951171875,1443.699951171875,1917424.0,1437.9940185546875,1446.982421875,1427.2464599609375,1437.40478515625,1367356.5,1447.949951171875,-0.002935184324955653,-0.00728282493955712,0.004347640614601467,1.890197891373222e-05
2024-06-27,1435.0,1460.550048828125,1423.5,1454.9000244140625,6613193.0,1435.5672607421875,1443.38134765625,1419.864501953125,1427.5032958984375,2958890.5,1443.699951171875,0.007757895422172867,-0.011218851438133282,0.01897674686030615,0.00036011692140013924
2024-06-28,1468.0,1468.699951171875,1442.0,1459.5999755859375,4943575.0,1444.46435546875,1453.1976318359375,1430.115478515625,1438.7547607421875,2743881.25,1454.9000244140625,0.0032304289593836355,-0.011097163654511077,0.014327592613894713,0.00020527991010973033
2024-07-01,1465.0,1478.5999755859375,1455.0,1468.8499755859375,3723295.0,1453.3118896484375,1459.2255859375,1435.4163818359375,1442.4561767578125,2835653.25,1459.5999755859375,0.006337352805371621,-0.011745546118718475,0.018082898924090096,0.00032699123349885876
2024-07-02,1475.0,1492.449951171875,1473.0,1480.800048828125,3811366.0,1463.671142578125,1472.8475341796875,1446.4613037109375,1459.1221923828125,2199770.25,1468.8499755859375,0.008135666297315769,-0.00662272074399195,0.014758387041307719,0.0002178099880610396
2024-07-03,1489.0,1489.0,1471.199951171875,1481.0,2070876.0,1478.985595703125,1484.774658203125,1461.1890869140625,1469.270751953125,3018444.5,1480.800048828125,0.00013502914997420845,-0.007785856628059973,0.007920885778034181,6.274043150866415e-05
2024-07-04,1485.0,1534.550048828125,1485.0,1522.3499755859375,6822557.0,1474.66015625,1486.908203125,1462.3240966796875,1478.1688232421875,2298050.0,1481.0,0.027920307620484364,-0.0019116656028443924,0.029831973223328756,0.0008899466263974039
2024-07-05,1523.0,1529.25,1505.550048828125,1519.4000244140625,3061687.0,1508.74072265625,1519.882568359375,1493.34765625,1506.619140625,3206509.25,1522.3499755859375,-0.0019377614997757586,-0.010333257932285123,0.008395496432509364,7.048436034827746e-05
2024-07-08,1528.0,1540.0,1506.199951171875,1533.4000244140625,2939620.0,1511.9901123046875,1522.7271728515625,1502.0814208984375,1510.935546875,2311614.75,1519.4000244140625,0.009214163337531112,-0.005570934186556076,0.014785097524087187,0.00021859910879676908
2024-07-09,1533.4000244140625,1546.300048828125,1525.0,1531.0999755859375,2658608.0,1520.572509765625,1530.3609619140625,1505.2813720703125,1516.6624755859375,2966006.75,1533.4000244140625,-0.0014999666046072724,-0.010915317961156745,0.009415351356549473,8.8648841167278e-05
2024-07-10,1531.0999755859375,1532.5999755859375,1487.8499755859375,1509.949951171875,3507096.0,1532.808349609375,1542.180908203125,1518.1773681640625,1529.9068603515625,2510600.5,1531.0999755859375,-0.013813614232453086,-0.0007792536433934849,-0.013034360589059601,0.00016989455596563017
2024-07-11,1515.0,1534.0,1508.050048828125,1511.9000244140625,3304053.0,1514.251953125,1527.567138671875,1506.7689208984375,1518.8470458984375,2783263.0,1509.949951171875,0.0012914820393046256,0.005892311013128149,-0.004600828973823523,2.116762724637401e-05
2024-07-12,1530.0,1566.0,1510.5,1560.199951171875,6430647.0,1512.011962890625,1520.173828125,1498.9423828125,1509.211181640625,1846223.75,1511.9000244140625,0.03194650835231716,-0.0017784527614380652,0.033724961113755225,0.0011373730021243022
2024-07-15,1580.0,1636.4000244140625,1567.4000244140625,1569.5999755859375,10337489.0,1540.927978515625,1549.510498046875,1524.6134033203125,1532.282958984375,2440070.5,1560.199951171875,0.006024884443178058,-0.01789321437071667,0.023918098813894728,0.0005720754508712324
2024-07-16,1565.0,1583.0,1555.0,1569.550048828125,3540650.0,1587.483154296875,1602.1405029296875,1567.1304931640625,1583.0146484375,4930946.0,1569.5999755859375,-3.1808587276471734e-05,0.008546555211658147,-0.008578363798934618,7.358832546687197e-05
2024-07-18,1558.050048828125,1599.25,1557.0,1594.550048828125,4399468.0,1559.49658203125,1570.013671875,1543.292724609375,1554.151123046875,3193955.75,1569.550048828125,0.015928131771691945,-0.00981104475945016,0.025739176531142105,0.0006625052085012965
2024-07-19,1610.5,1616.449951171875,1588.5999755859375,1594.550048828125,5633838.0,1595.74609375,1616.4713134765625,1582.569091796875,1603.6231689453125,3018643.5,1594.550048828125,0.0,0.005690081740523434,-0.005690081740523434,3.237703021383819e-05
2024-07-22,1588.5999755859375,1594.5,1570.9000244140625,1577.0999755859375,2704495.0,1596.5447998046875,1608.8741455078125,1579.571044921875,1593.993896484375,3008351.0,1594.550048828125,-0.010943571984467937,-0.00034878324713527586,-0.010594788737332661,0.000112249548388711
2024-07-23,1574.0,1600.800048828125,1551.0999755859375,1598.3499755859375,2907674.0,1576.5311279296875,1586.8046875,1561.256103515625,1572.6563720703125,2715072.5,1577.0999755859375,0.013474098236609944,-0.0028175788373683286,0.016291677073978272,0.00026541874188278926
2024-07-24,1594.0,1598.0,1576.8499755859375,1583.699951171875,2484299.0,1583.0203857421875,1596.896484375,1569.766357421875,1582.955810546875,3163186.0,1598.3499755859375,-0.009165717544864949,-0.009631285559609126,0.00046556801474417764,2.167535763528348e-07
2024-07-25,1570.0,1594.0,1562.8499755859375,1587.5999755859375,2934731.0,1587.197021484375,1595.267333984375,1568.654541015625,1578.4813232421875,2583596.25,1583.699951171875,0.0024626031030541284,-0.003295212534309866,0.005757815637363994,3.315244091387334e-05
2024-07-26,1602.800048828125,1640.0,1594.0,1635.3499755859375,2814159.0,1590.783447265625,1605.6458740234375,1579.41259765625,1595.1649169921875,2715225.5,1587.5999755859375,0.030076846015556713,0.004765017335968347,0.025311828679588366,0.0006406886711048321
2024-07-29,1640.199951171875,1645.0,1620.0,1632.3499755859375,1639491.0,1629.6834716796875,1639.7392578125,1605.9478759765625,1617.4622802734375,3020071.5,1635.3499755859375,-0.001834469712775122,-0.010938145094043783,0.009103675381268661,8.28769054475171e-05
2024-07-30,1629.0,1633.0,1618.0,1630.25,1783877.0,1610.7523193359375,1622.5550537109375,1598.5233154296875,1611.150634765625,1708138.5,1632.3499755859375,-0.0012864738673358245,-0.01298700715984813,0.011700533292512305,0.00013690247932918883
2024-07-31,1621.0,1645.0,1619.199951171875,1642.5999755859375,1984986.0,1610.215576171875,1619.4752197265625,1589.7738037109375,1600.100341796875,2700981.75,1630.25,0.007575510250536821,-0.01849388633836835,0.02606939658890517,0.0006796134385096205
2024-08-01,1640.050048828125,1655.5,1636.0999755859375,1640.550048828125,1785188.0,1624.599853515625,1634.076171875,1607.0802001953125,1618.612060546875,2036478.625,1642.5999755859375,-0.0012479768588096185,-0.014603625590890235,0.013355648732080616,0.00017837335305472658
2024-08-02,1620.050048828125,1639.0,1601.1500244140625,1609.300048828125,1692851.0,1643.2012939453125,1658.982421875,1629.5582275390625,1644.2462158203125,2168499.5,1640.550048828125,-0.019048489268780555,0.0022530047131616993,-0.021301493981942254,0.00045375364586272207
2024-08-05,1575.0,1595.699951171875,1537.0,1562.4000244140625,3279717.0,1607.0185546875,1616.80419921875,1588.1265869140625,1599.118408203125,2209895.75,1609.300048828125,-0.029143119984501697,-0.006326750957606819,-0.022816369026894878,0.000520586695571448
2024-08-06,1563.0,1605.0,1563.0,1582.75,2138704.0,1554.4737548828125,1577.019287109375,1545.4798583984375,1568.0364990234375,2390336.5,1562.4000244140625,0.013024817759823781,0.003607574578404771,0.00941724318141901,8.868446913798285e-05
2024-08-07,1605.0,1615.0,1590.0,1594.5999755859375,1897787.0,1577.335693359375,1586.011962890625,1564.2655029296875,1572.58349609375,1536491.75,1582.75,0.007486953458182066,-0.0064233163204865384,0.013910269778668605,0.0001934956053153411
2024-08-08,1597.0,1602.0,1554.550048828125,1557.8499755859375,2373805.0,1599.820068359375,1615.500244140625,1587.608642578125,1603.29931640625,1970951.5,1594.5999755859375,-0.02304653239850718,0.0054555004098229,-0.02850203280833008,0.0008123658742071242
2024-08-09,1584.9000244140625,1602.0,1575.8499755859375,1589.949951171875,2021762.0,1558.551025390625,1574.9508056640625,1547.7158203125,1564.0606689453125,2295678.5,1557.8499755859375,0.020605306087875475,0.003986708256062288,0.016618597831813187,0.00027617779389554594
2024-08-12,1590.0,1600.5,1573.8499755859375,1585.25,1273739.0,1586.2073974609375,1593.84619140625,1569.348876953125,1576.4632568359375,1498206.625,1589.949951171875,-0.002956037181177207,-0.008482464700223513,0.005526427519046306,3.054140112327231e-05
2024-08-13,1578.0,1608.4000244140625,1577.6500244140625,1592.6500244140625,1973825.0,1577.8275146484375,1589.9617919921875,1564.926513671875,1576.671142578125,1778292.5,1585.25,0.004668048833977201,-0.005411674765415597,0.010079723599392798,0.0001016008278401561
2024-08-14,1600.0999755859375,1629.75,1598.25,1626.1500244140625,3932148.0,1592.009765625,1608.41552734375,1580.2266845703125,1595.3526611328125,1877140.5,1592.6500244140625,0.021034125191643938,0.0016969432564095666,0.01933718193523437,0.00037392660519635447
2024-08-16,1635.0,1674.0,1632.699951171875,1668.25,3101056.0,1619.080810546875,1640.95947265625,1607.5789794921875,1626.93505859375,2287256.0,1626.1500244140625,0.025889355197167063,0.00048275630655325585,0.025406598890613807,0.0006454952671885387
2024-08-19,1665.0,1685.0,1659.050048828125,1678.5,1631947.0,1661.1356201171875,1675.734619140625,1643.223876953125,1655.4173583984375,1834790.25,1668.25,0.0061441630451071205,-0.007692277297504879,0.013836440342612,0.00019144708135466088
2024-08-20,1680.0,1695.050048828125,1669.199951171875,1686.75,2786109.0,1675.45703125,1689.1396484375,1656.610595703125,1668.4554443359375,1648533.25,1678.5,0.004915102770330693,-0.005984245257112053,0.010899348027442746,0.00011879578742332007
2024-08-21,1686.0,1688.8499755859375,1673.75,1677.25,1410370.0,1687.3175048828125,1700.7564697265625,1668.994873046875,1680.409912109375,1748882.875,1686.75,-0.0056321327997628234,-0.0037587596802282075,-0.001873373119534616,3.5095268449948584e-06
2024-08-22,1687.0,1687.0,1673.0,1676.1500244140625,1749127.0,1687.358154296875,1700.525390625,1670.2147216796875,1682.0498046875,1595285.0,1677.25,-0.0006558208889179129,0.002861710947980267,-0.00351753183689818,1.2373030223592285e-05
2024-08-23,1676.050048828125,1685.949951171875,1657.1500244140625,1661.449951171875,2158185.0,1670.4359130859375,1683.289306640625,1652.4659423828125,1663.447509765625,1846801.625,1676.1500244140625,-0.008770141710510826,-0.007578387652309337,-0.0011917540582014885,1.4202777352397169e-06
2024-08-26,1671.0,1734.0,1667.0999755859375,1719.449951171875,2672708.0,1665.0943603515625,1683.9228515625,1655.7899169921875,1671.1605224609375,1626072.625,1661.449951171875,0.03490926702853181,0.005844636657404756,0.029064630371127054,0.0008447527386102412
2024-08-27,1725.8499755859375,1756.8499755859375,1705.0999755859375,1711.5999755859375,3556487.0,1706.531005859375,1719.5960693359375,1682.40234375,1695.60302734375,2195113.0,1719.449951171875,-0.00456539928980626,-0.013868925822395961,0.009303526532589701,8.655560594260054e-05
2024-08-28,1712.550048828125,1737.75,1693.050048828125,1719.449951171875,2516461.0,1709.09130859375,1726.1005859375,1690.4534912109375,1705.294921875,2415741.5,1711.5999755859375,0.004586337752926273,-0.003683719210605285,0.008270056963531558,6.83938421800568e-05
2024-08-29,1714.0,1756.0,1697.25,1751.8499755859375,5112407.0,1702.77294921875,1727.0704345703125,1694.37646484375,1711.4031982421875,2432296.0,1719.449951171875,0.018843249489163938,-0.004679841320303191,0.02352309080946713,0.0005533358012304369
2024-08-30,1751.8499755859375,1766.300048828125,1742.199951171875,1753.25,4792561.0,1730.9271240234375,1755.2364501953125,1716.90576171875,1734.9461669921875,2133687.5,1751.8499755859375,0.0007991691261086675,-0.009649118833989334,0.010448287960098002,0.00010916672129712885
2024-09-02,1764.199951171875,1812.0,1760.0,1806.6500244140625,4445349.0,1746.9637451171875,1766.642822265625,1728.42578125,1743.08642578125,2875497.0,1753.25,0.030457735299622035,-0.005796990856266948,0.03625472615588898,0.0013144051686385008
2024-09-03,1806.0,1817.1500244140625,1787.050048828125,1790.449951171875,2553290.0,1787.651611328125,1810.4019775390625,1762.8970947265625,1780.4725341796875,5101623.5,1806.6500244140625,-0.008966912807278016,-0.014489519209933799,0.005522606402655783,3.0499181478654648e-05
2024-09-04,1765.0999755859375,1795.6500244140625,1765.0,1785.25,2644961.0,1794.7388916015625,1819.2081298828125,1779.490966796875,1798.7987060546875,2503130.0,1790.449951171875,-0.0029042706100058657,0.004662936753606628,-0.007567207363612494,5.726262728391115e-05
2024-09-05,1792.0,1797.699951171875,1767.300048828125,1790.550048828125,2878565.0,1768.373291015625,1803.1884765625,1762.0335693359375,1789.5009765625,2439334.25,1785.25,0.0029687992315501344,0.002381165978154298,0.0005876332533958362,3.45312840496575e-07
2024-09-06,1788.0,1795.75,1740.050048828125,1756.0999755859375,3351716.0,1772.4923095703125,1797.80859375,1759.3511962890625,1778.132568359375,2048764.125,1790.550048828125,-0.01923993873543739,-0.006935008868854009,-0.01230492986658338,0.0001514112990215357
2024-09-09,1758.3499755859375,1766.300048828125,1741.1500244140625,1746.75,1418238.0,1743.9801025390625,1763.126220703125,1724.6456298828125,1741.442626953125,2368625.5,1756.0999755859375,-0.005324284332284601,-0.008346534272869022,0.0030222499405844205,9.133994703362534e-06
2024-09-10,1749.449951171875,1789.300048828125,1747.1500244140625,1779.0999755859375,2307528.0,1746.781982421875,1764.5064697265625,1732.592529296875,1748.0128173828125,1802818.875,1746.75,0.01852009479658645,0.0007229525592171715,0.01779714223736928,0.0003167382718171536
2024-09-11,1778.199951171875,1796.8499755859375,1773.699951171875,1778.75,2303930.0,1760.6085205078125,1778.7115478515625,1741.9971923828125,1756.88720703125,1815533.875,1779.0999755859375,-0.00019671496303752534,-0.012485396469848142,0.012288681506810617,0.00015101169317582926
2024-09-12,1800.0,1814.199951171875,1777.0999755859375,1807.5999755859375,3349489.0,1764.30029296875,1791.09814453125,1755.1595458984375,1773.8756103515625,1866911.875,1778.75,0.016219241369465953,-0.00274034555077296,0.018959586920238913,0.00035946593618609447
2024-09-13,1805.0,1820.0,1795.6500244140625,1812.800048828125,1599349.0,1799.707275390625,1830.10986328125,1790.806640625,1815.5772705078125,2388124.75,1807.5999755859375,0.0028767832000562432,0.004413197073256825,-0.0015364138732005816,2.360567589763213e-06
2024-09-16,1819.0,1824.25,1808.199951171875,1811.8499755859375,836199.0,1806.3134765625,1836.278076171875,1798.546875,1822.811767578125,2216459.0,1812.800048828125,-0.0005240915802058321,0.0055227926303687,-0.006046884210574532,3.656480865609559e-05
2024-09-17,1811.949951171875,1828.0,1807.199951171875,1813.75,830317.0,1799.9498291015625,1819.64306640625,1785.535400390625,1803.5794677734375,1906800.25,1811.8499755859375,0.0010486654191377287,-0.0045646758417873246,0.005613341260925053,3.1509600111603666e-05
2024-09-18,1808.0999755859375,1808.0999755859375,1740.0999755859375,1756.5,2629136.0,1803.0484619140625,1822.8626708984375,1788.2979736328125,1805.642822265625,1897221.875,1813.75,-0.031564438318401056,-0.004469842996209561,-0.027094595322191495,0.0007341170956733212
2024-09-19,1776.0,1776.0,1721.5,1736.5,4167373.0,1766.8251953125,1789.1068115234375,1756.5994873046875,1773.922607421875,1765855.0,1756.5,-0.011386279533162513,0.009918933915101125,-0.021305213448263638,0.00045391212007607376
2024-09-20,1748.0,1766.0999755859375,1721.4000244140625,1760.050048828125,4644317.0,1740.23486328125,1768.517822265625,1729.917724609375,1753.6016845703125,2330570.75,1736.5,0.013561790283976416,0.009848364278901567,0.003713426005074849,1.3789532695166154e-05
2024-09-23,1764.0,1764.0,1732.5,1752.800048828125,1541597.0,1747.6558837890625,1772.8975830078125,1734.273193359375,1756.53515625,2424013.5,1760.050048828125,-0.00411920104478114,-0.0019970412662215775,-0.0021221597785595625,4.503562125735971e-06
2024-09-24,1750.0,1783.5,1738.3499755859375,1775.5999755859375,1907389.0,1741.7841796875,1753.0106201171875,1719.29248046875,1731.8834228515625,1934910.125,1752.800048828125,0.0130077168659688,-0.011933264145301048,0.024940981011269847,0.000622052533804523
2024-09-25,1778.800048828125,1784.050048828125,1755.0,1782.4000244140625,2240579.0,1765.681884765625,1784.8109130859375,1751.392333984375,1769.255615234375,1682748.25,1775.5999755859375,0.003829718924095449,-0.003573079769540355,0.007402798693635804,5.480142849849596e-05
2024-09-26,1782.25,1808.4000244140625,1778.9000244140625,1783.8499755859375,4303250.0,1768.765380859375,1785.3101806640625,1748.672607421875,1764.7120361328125,2091334.875,1782.4000244140625,0.0008134824685899211,-0.009923691673570656,0.010737174142160577,0.00011528690855908172
2024-09-27,1810.0,1828.550048828125,1796.550048828125,1808.4000244140625,4099016.0,1775.0960693359375,1787.8133544921875,1748.403076171875,1764.3798828125,2545211.5,1783.8499755859375,0.013762395472781241,-0.010914646993810173,0.024677042466591415,0.0006089564248979561
2024-09-30,1808.0,1820.699951171875,1789.1500244140625,1796.0999755859375,2117894.0,1791.2589111328125,1809.2840576171875,1769.3856201171875,1786.8121337890625,2384690.0,1808.4000244140625,-0.006801619476924259,-0.011937563776573512,0.005135944299649253,2.637792384909966e-05
2024-10-01,1790.0,1822.449951171875,1790.0,1816.5,1642542.0,1799.5125732421875,1817.7744140625,1784.7957763671875,1801.79345703125,1798777.75,1796.0999755859375,0.011357955955323407,0.003169913436168903,0.008188042519154504,6.704404029548203e-05
2024-10-03,1778.0,1809.300048828125,1770.0,1778.550048828125,3552386.0,1800.904052734375,1822.1719970703125,1785.8719482421875,1807.0350341796875,2210985.5,1816.5,-0.020891798057734667,-0.005210550960810578,-0.01568124709692409,0.0002459015105147902
2024-10-04,1778.0,1807.9000244140625,1767.25,1776.5999755859375,2982759.0,1769.3485107421875,1794.4254150390625,1757.7313232421875,1780.621826171875,2329658.0,1778.550048828125,-0.001096439902533164,0.0011648687340088948,-0.0022613086365420587,5.113516749699704e-06
2024-10-07,1784.949951171875,1804.199951171875,1767.9000244140625,1776.949951171875,3419048.0,1776.367431640625,1799.23095703125,1763.73583984375,1783.8341064453125,2312204.0,1776.5999755859375,0.0001969917768471774,0.00407189629561322,-0.0038749045187660425,1.5014885029553496e-05
2024-10-08,1774.0,1794.0,1743.0,1789.449951171875,2353030.0,1775.6595458984375,1792.6748046875,1758.2115478515625,1775.6915283203125,2610104.5,1776.949951171875,0.007034525644212142,-0.0007081926256463644,0.007742718269858506,5.99496862064007e-05
2024-10-09,1793.050048828125,1825.0,1790.1500244140625,1809.699951171875,2499596.0,1783.49853515625,1797.55322265625,1763.108642578125,1779.070068359375,2481684.5,1789.449951171875,0.011316326554279277,-0.005800599679081531,0.017116926233360807,0.0002929891636783154
2024-10-10,1820.0,1839.949951171875,1797.0,1808.6500244140625,3753869.0,1803.109375,1818.013427734375,1781.855712890625,1796.028076171875,2075004.25,1809.699951171875,-0.0005801662077365988,-0.00755477447581665,0.006974608268080051,4.864516049317061e-05
2024-10-11,1804.0,1852.800048828125,1800.6500244140625,1839.6500244140625,2977110.0,1816.82080078125,1829.5777587890625,1786.041259765625,1801.691650390625,2549777.25,1808.6500244140625,0.01713985546211072,-0.0038472750004201473,0.020987130462530867,0.0004404596450512911
2024-10-14,1846.050048828125,1865.5,1832.4000244140625,1855.9000244140625,1751092.0,1823.676513671875,1847.4500732421875,1809.9322509765625,1831.3834228515625,2952727.75,1839.6500244140625,0.008833201850539929,-0.0044935729365876975,0.013326774787127627,0.0001776029262268206
2024-10-15,1830.0,1882.75,1829.949951171875,1870.0999755859375,5696544.0,1845.3912353515625,1876.936767578125,1836.45263671875,1860.84912109375,1882192.875,1855.9000244140625,0.007651247904023384,0.0026666828032668732,0.004984565100756511,2.4845889243679763e-05
2024-10-16,1869.0,1885.0,1854.050048828125,1865.25,2144442.0,1860.8243408203125,1898.0194091796875,1854.7940673828125,1882.5748291015625,2232424.75,1870.0999755859375,-0.0025934311797517484,0.006670688026567451,-0.009264119206319199,8.582390466889227e-05
2024-10-17,1869.9000244140625,1877.050048828125,1851.449951171875,1867.800048828125,2399099.0,1855.6746826171875,1879.0,1840.990478515625,1862.796875,2346548.0,1865.25,0.0013671351444175528,-0.0013151722289237444,0.002682307373341297,7.194772845081089e-06
2024-10-18,1867.0,1873.9000244140625,1843.0,1857.699951171875,2366406.0,1851.930908203125,1871.98095703125,1838.642333984375,1855.72119140625,1766919.0,1867.800048828125,-0.005407483345225783,-0.006466889980784263,0.0010594066355584797,1.1223424194653373e-06
2024-10-21,1875.300048828125,1888.5,1840.0,1843.5999755859375,1284980.0,1841.9627685546875,1862.7489013671875,1825.22412109375,1843.9295654296875,2166565.25,1857.699951171875,-0.0075900177405091585,-0.007412599506987583,-0.0001774182335215757,3.147722958591637e-08
2024-10-22,1829.800048828125,1852.0,1819.5,1822.75,2089660.0,1848.889892578125,1870.15478515625,1836.900146484375,1856.254638671875,1623321.25,1843.5999755859375,-0.011309381569779453,0.006864104607028798,-0.01817348617680825,0.0003302755998186406
2024-10-23,1793.5,1865.0,1793.5,1845.75,2522186.0,1837.711669921875,1866.1185302734375,1829.057861328125,1853.354248046875,1733982.875,1822.75,0.012618296529968376,0.016790151170964274,-0.004171854640995898,1.740437114559901e-05
2024-10-24,1845.0,1862.949951171875,1837.699951171875,1844.9000244140625,1621637.0,1834.847412109375,1860.2296142578125,1822.1199951171875,1844.007080078125,2162933.5,1845.75,-0.0004605041776716279,-0.0009442881873898967,0.00048378400971826885,2.3404696805908605e-07
2024-10-25,1860.0,1871.550048828125,1840.199951171875,1852.3499755859375,4078295.0,1855.099853515625,1872.078369140625,1835.32080078125,1850.2054443359375,1933269.0,1844.9000244140625,0.0040381327298433245,0.0028757221809674327,0.0011624105488758918,1.351198284137952e-06
2024-10-28,1845.0999755859375,1876.800048828125,1845.0999755859375,1871.75,2418907.0,1866.6607666015625,1890.486083984375,1852.271240234375,1872.2593994140625,1869156.875,1852.3499755859375,0.010473196031935528,0.010748197743694288,-0.00027500171175876,7.56259414702481e-08
2024-10-29,1871.75,1875.9000244140625,1851.199951171875,1871.75,1719955.0,1844.1187744140625,1858.2086181640625,1817.310791015625,1831.0885009765625,2610412.75,1871.75,0.0,-0.021723787377287307,0.021723787377287307,0.0004719229380135873
2024-10-30,1861.0,1869.449951171875,1835.300048828125,1838.800048828125,1732047.0,1867.443603515625,1889.8641357421875,1853.9854736328125,1873.3883056640625,1674627.25,1871.75,-0.017603820580673113,0.0008752801731335413,-0.018479100753806654,0.00034147716466933765
2024-10-31,1840.0,1843.9000244140625,1756.550048828125,1766.050048828125,3616088.0,1839.657958984375,1859.727294921875,1825.173828125,1843.8792724609375,2178924.5,1838.800048828125,-0.03956384493592102,0.002762249019978791,-0.04232609395589981,0.0017914982295636588
2024-11-01,1777.0,1781.300048828125,1751.0,1757.4000244140625,242223.0,1761.4434814453125,1789.1278076171875,1749.2242431640625,1772.305908203125,2579760.5,1766.050048828125,-0.004897949760711673,0.0035422888378227047,-0.008440238598534378,7.123762760018956e-05
2024-11-04,1763.0,1782.0999755859375,1745.0,1762.949951171875,2843690.0,1756.32568359375,1784.3897705078125,1741.48291015625,1766.8927001953125,2812058.5,1757.4000244140625,0.003158032707813785,0.005401545265378616,-0.0022435125575648307,5.0333485959510875e-06
2024-11-05,1769.0,1783.3499755859375,1761.5,1773.550048828125,1818350.0,1774.7528076171875,1801.9940185546875,1762.369873046875,1789.5797119140625,2198453.25,1762.949951171875,0.0060127048128642,0.015105227873591032,-0.009092523060726831,8.267397560984923e-05
2024-11-06,1791.0999755859375,1853.0,1783.0,1838.4000244140625,3477029.0,1770.63916015625,1787.879638671875,1753.2662353515625,1770.23046875,2000107.75,1773.550048828125,0.03656506656171743,-0.0018717149145683898,0.03843678147628582,0.0014773861702557488
2024-11-07,1850.050048828125,1862.550048828125,1814.199951171875,1831.949951171875,2173869.0,1829.005859375,1855.3878173828125,1815.2994384765625,1839.0980224609375,2806567.0,1838.4000244140625,-0.0035085254332736238,0.00037967691340590193,-0.0038882023466795257,1.511811748872417e-05
2024-11-08,1838.949951171875,1854.1500244140625,1828.050048828125,1837.5,1521324.0,1829.6639404296875,1848.00439453125,1814.483642578125,1830.1402587890625,1483632.0,1831.949951171875,0.0030295854013777657,-0.0009878503403736305,0.004017435741751396,1.613978993910159e-05
2024-11-11,1846.699951171875,1874.0,1834.0,1867.300048828125,1679869.0,1832.713134765625,1854.6591796875,1819.01416015625,1838.951416015625,2104064.5,1837.5,0.016217713647959098,0.000789886267006823,0.015427827380952275,0.00023801785769646074
2024-11-12,1891.0,1892.949951171875,1864.449951171875,1872.8499755859375,2711052.0,1862.028076171875,1892.4766845703125,1850.52001953125,1875.9178466796875,2447472.0,1867.300048828125,0.0029721665574289347,0.004615111458370569,-0.0016429449009416341,2.699267947530116e-06
2024-11-13,1866.0,1879.5999755859375,1859.0999755859375,1864.75,1254074.0,1850.150146484375,1862.097900390625,1827.0589599609375,1847.2506103515625,3903781.75,1872.8499755859375,-0.004324946307246669,-0.013668668376048632,0.009343722068801963,8.730514209901683e-05
2024-11-14,1872.0,1897.0,1846.3499755859375,1858.949951171875,2462563.0,1854.5272216796875,1868.6888427734375,1834.799560546875,1847.112060546875,1615772.875,1864.75,-0.003110362691044366,-0.009458608099276011,0.006348245408231645,4.030021976313417e-05
2024-11-18,1858.949951171875,1865.050048828125,1815.0,1835.0,2483933.0,1866.34521484375,1883.460205078125,1848.778564453125,1864.447509765625,2139606.0,1858.949951171875,-0.012883591167571318,0.00295734621057675,-0.015840937378148068,0.0002509352970184086
2024-11-19,1837.0,1865.0,1817.300048828125,1820.550048828125,2354204.0,1837.5277099609375,1854.3582763671875,1818.1759033203125,1831.96044921875,2354982.5,1835.0,-0.007874632791212588,-0.001656430943460463,-0.006218201847752125,3.866603421938794e-05
2024-11-21,1835.0,1839.550048828125,1820.199951171875,1836.3499755859375,1841245.0,1820.808349609375,1834.0975341796875,1801.228271484375,1814.93408203125,2070360.5,1820.550048828125,0.00867865553489322,-0.003084763750653252,0.011763419285546473,0.0001383780332875667
2024-11-22,1846.3499755859375,1902.0,1836.5,1898.4000244140625,2765950.0,1829.1192626953125,1838.8790283203125,1804.7117919921875,1815.8939208984375,2008354.0,1836.3499755859375,0.0337898819141631,-0.011139518588210828,0.04492940050237393,0.0020186510295027186
2024-11-25,1919.0,1919.949951171875,1878.5,1891.699951171875,6531524.0,1894.1094970703125,1914.4051513671875,1876.0380859375,1892.520263671875,1698037.0,1898.4000244140625,-0.003529326356943918,-0.0030972190616159745,-0.0004321072953279437,1.8671671467563073e-07
2024-11-26,1890.0999755859375,1914.949951171875,1889.1500244140625,1899.550048828125,2079873.0,1904.4661865234375,1916.2938232421875,1876.459716796875,1890.087890625,2425620.0,1891.699951171875,0.004149758343751531,-0.0008521756031533156,0.005001933946904846,2.5019343209199093e-05
2024-11-27,1896.75,1917.0,1887.0999755859375,1891.050048828125,1631975.0,1893.095703125,1902.9130859375,1866.4786376953125,1876.9881591796875,1818513.875,1899.550048828125,-0.004474743903296385,-0.01187749154719897,0.007402747643902585,5.4800672679305274e-05
2024-11-28,1885.0999755859375,1900.5,1835.0,1840.9000244140625,3631255.0,1910.5235595703125,1930.3525390625,1896.0908203125,1912.8875732421875,1544995.875,1891.050048828125,-0.026519670616407143,0.011547829962297973,-0.038067500578705116,0.0014491346003097144
2024-11-29,1842.0,1872.300048828125,1833.949951171875,1848.050048828125,2482280.0,1836.3216552734375,1854.9404296875,1814.1597900390625,1830.1090087890625,2403923.0,1840.9000244140625,0.0038839830078976068,-0.005861815134928228,0.009745798142825834,9.498058144070749e-05
2024-12-02,1848.050048828125,1878.550048828125,1835.449951171875,1871.5,2014744.0,1839.126953125,1854.6688232421875,1822.2196044921875,1836.669189453125,1864947.0,1848.050048828125,0.012689023864231874,-0.006158306904197053,0.018847330768428927,0.00035522187709456773
2024-12-03,1884.0,1896.300048828125,1872.050048828125,1890.75,2954648.0,1868.024658203125,1882.6993408203125,1849.073974609375,1862.3204345703125,1795591.625,1871.5,0.010285866951643019,-0.004904924087463236,0.015190791039106255,0.00023076013239379088
2024-12-04,1882.0,1911.0,1877.5999755859375,1897.6500244140625,3730643.0,1891.2608642578125,1911.62060546875,1874.3250732421875,1892.7242431640625,2028319.75,1890.75,0.003649358410187764,0.0010441587539666841,0.00260519965622108,6.787065248774433e-06
2024-12-05,1885.0,1938.0999755859375,1884.0,1924.0,3881814.0,1883.2166748046875,1895.705078125,1858.254638671875,1872.558837890625,2221765.0,1897.6500244140625,0.013885582297543886,-0.013222241298779469,0.027107823596323355,0.0007348341001293852
2024-12-06,1926.0,1939.3499755859375,1915.300048828125,1922.699951171875,2250408.0,1909.242431640625,1928.685302734375,1889.21337890625,1906.8260498046875,2139470.0,1924.0,-0.0006757010541190711,-0.008926169540183215,0.008250468486064144,6.807023023953758e-05
2024-12-09,1915.0,1926.050048828125,1901.0,1909.9000244140625,1379520.0,1913.47998046875,1926.41357421875,1892.3779296875,1904.1617431640625,1548898.75,1922.699951171875,-0.006657266907408532,-0.009641758193478678,0.0029844912860701456,8.90718823662863e-06
2024-12-10,1916.449951171875,1942.800048828125,1912.199951171875,1936.3499755859375,2695207.0,1902.1534423828125,1924.289306640625,1889.5172119140625,1907.65771484375,1868112.375,1909.9000244140625,0.013848866869348164,-0.0011740455215714096,0.015022912390919574,0.00022568789670524486
2024-12-11,1926.25,1934.800048828125,1916.0,1930.9000244140625,1387117.0,1937.1126708984375,1956.5977783203125,1917.8980712890625,1934.3897705078125,2526175.0,1936.3499755859375,-0.002814548630459157,-0.0010123196234357312,-0.001802229007023426,3.248029393756644e-06
2024-12-12,1924.949951171875,1949.0,1921.5,1936.199951171875,2306173.0,1919.8035888671875,1943.899658203125,1909.5706787109375,1928.995361328125,1534268.5,1930.9000244140625,0.002744796048889553,-0.000986412067872533,0.003731208116762086,1.392191401059127e-05
2024-12-13,1939.0,1975.0,1912.3499755859375,1968.800048828125,2569918.0,1932.1357421875,1954.8563232421875,1920.29833984375,1937.0584716796875,1545432.125,1936.199951171875,0.01683715446667522,0.00044340488041694215,0.016393749586258277,0.00026875502549694345
2024-12-16,1970.8499755859375,1980.0,1950.25,1954.4000244140625,1371189.0,1950.2510986328125,1982.0006103515625,1944.4427490234375,1968.1407470703125,1708897.75,1968.800048828125,-0.007314112178447796,-0.00033487491947437054,-0.006979237258973425,4.870975271704289e-05
2024-12-17,1945.300048828125,1963.199951171875,1938.0,1950.5999755859375,1987909.0,1953.345458984375,1981.59619140625,1945.598388671875,1966.9627685546875,1553955.5,1954.4000244140625,-0.0019443557002943868,0.006427928767751334,-0.008372284468045721,7.009514721387962e-05
2024-12-18,1949.0,1971.949951171875,1946.75,1960.3499755859375,3460812.0,1941.939208984375,1966.765869140625,1930.201416015625,1952.0013427734375,1909455.25,1950.5999755859375,0.004998462074250476,0.0007184287937249678,0.004280033280525508,1.8318684882405942e-05
2024-12-19,1910.0,1946.199951171875,1910.0,1934.25,1916115.0,1951.38818359375,1973.521240234375,1935.921875,1954.483642578125,2454098.5,1960.3499755859375,-0.013313936751592759,-0.002992492708379313,-0.010321444043213446,0.00010653220713718633
2024-12-20,1954.5999755859375,1957.6500244140625,1896.4000244140625,1911.3499755859375,3786921.0,1918.3526611328125,1938.6875,1907.4306640625,1925.3028564453125,1412617.5,1934.25,-0.011839226787676127,-0.004625639681885785,-0.007213587105790342,5.2035838932824684e-05
2024-12-23,1918.5,1939.4000244140625,1899.1500244140625,1903.0,2058339.0,1918.380859375,1938.06103515625,1906.98583984375,1923.9307861328125,1502934.625,1911.3499755859375,-0.004368627249113688,0.006582159577038338,-0.010950786826152026,0.00011991973211182477
2024-12-24,1908.5999755859375,1923.6500244140625,1889.25,1896.949951171875,1310301.0,1912.719970703125,1930.592041015625,1897.8243408203125,1913.2174072265625,1714380.125,1903.0,-0.003179216409944785,0.00536910521627032,-0.008548321626215105,7.307380262521686e-05
2024-12-26,1905.5999755859375,1908.9000244140625,1886.300048828125,1900.75,1065107.0,1903.1019287109375,1922.950927734375,1890.9027099609375,1906.9586181640625,1591232.125,1896.949951171875,0.002003241480239115,0.005276189277426457,-0.003272947797187342,1.0712187283113476e-05
2024-12-27,1900.0,1902.9000244140625,1882.699951171875,1892.0,1328546.0,1898.0780029296875,1916.559326171875,1885.5748291015625,1901.1378173828125,1484066.75,1900.75,-0.004603446008154655,0.0002040338723201529,-0.0048074798804748076,2.311186280117007e-05
2024-12-30,1888.0,1968.949951171875,1865.6500244140625,1928.949951171875,6262203.0,1893.66259765625,1914.502197265625,1884.364501953125,1902.2386474609375,1203497.25,1892.0,0.019529572500990966,0.005411547283793672,0.014118025217197294,0.0001993186360334187
2024-12-31,1915.199951171875,1927.800048828125,1878.550048828125,1917.4000244140625,1968650.0,1934.0615234375,1954.4815673828125,1920.531494140625,1939.612548828125,2246602.0,1928.949951171875,-0.005987675704491768,0.005527669419194803,-0.011515345123686571,0.0001326031733176121
2025-01-01,1917.4000244140625,1936.949951171875,1907.9000244140625,1911.949951171875,880695.0,1905.04052734375,1920.6058349609375,1887.57177734375,1904.0323486328125,1900010.0,1917.4000244140625,-0.0028424288999646663,-0.0069717719886516205,0.004129343088686954,1.7051474344086714e-05
2025-01-02,1911.949951171875,1976.300048828125,1910.050048828125,1972.199951171875,3487645.0,1907.067138671875,1920.456787109375,1888.2880859375,1901.9974365234375,1707173.875,1911.949951171875,0.03151233114814089,-0.005205426346195585,0.03671775749433648,0.0013481937154129027
2025-01-03,1980.0,1992.0999755859375,1941.0,1946.6500244140625,2853344.0,1959.7105712890625,1972.8284912109375,1908.36376953125,1913.9732666015625,1965814.5,1972.199951171875,-0.012955038733588276,-0.02952372275220594,0.016568684018617663,0.00027452129010879637
2025-01-06,1951.25,1973.4000244140625,1930.0,1953.050048828125,1789037.0,1941.2916259765625,1951.7325439453125,1905.6141357421875,1917.855712890625,2128093.25,1946.6500244140625,0.003287711881332589,-0.014791724841297316,0.018079436722629905,0.00032686603220757876
2025-01-07,1960.0,1981.0,1908.9000244140625,1915.9000244140625,2494547.0,1934.231689453125,1950.1092529296875,1914.914306640625,1930.0322265625,1653134.375,1953.050048828125,-0.01902154245169163,-0.011785577271527847,-0.007235965180163784,5.2359192088542695e-05
2025-01-08,1906.300048828125,1938.5,1894.550048828125,1932.25,2372138.0,1918.6614990234375,1939.01220703125,1899.9307861328125,1916.2913818359375,2121102.75,1915.9000244140625,0.008533835470323048,0.00020426818565066895,0.008329567284672379,6.938169114988439e-05
2025-01-09,1926.800048828125,1944.449951171875,1920.0,1934.800048828125,2742139.0,1930.572265625,1954.7696533203125,1901.830810546875,1910.4903564453125,2004480.25,1932.25,0.0013197302772027797,-0.011261298255757501,0.012581028532960281,0.0001582822789471607
2025-01-10,1936.0,2002.3499755859375,1935.25,1995.0999755859375,4802079.0,1929.429443359375,1947.205810546875,1915.770263671875,1930.86474609375,1513525.75,1934.800048828125,0.031165973349202236,-0.0020339583600685884,0.033199931709270825,0.0011022354655002464
2025-01-13,1994.9000244140625,2012.199951171875,1965.4000244140625,1989.4000244140625,5694121.0,1981.41552734375,1999.3623046875,1960.0465087890625,1977.04248046875,2093010.5,1995.0999755859375,-0.0028569752100773282,-0.009050922429029717,0.006193947218952389,3.836498215116804e-05
2025-01-14,1936.0999755859375,1939.0,1797.75,1813.550048828125,15819311.0,1984.89013671875,1999.9361572265625,1959.6871337890625,1972.6646728515625,1986960.25,1989.4000244140625,-0.08839347211616255,-0.008412260660059623,-0.07998121145610293,0.0063969941859858504
2025-01-15,1836.0,1843.550048828125,1812.550048828125,1825.699951171875,3350594.0,1861.664306640625,1905.0546875,1828.8648681640625,1869.73876953125,8876703.0,1813.550048828125,0.0066995131188141155,0.030982724044165577,-0.02428321092535146,0.0005896743328451086
2025-01-16,1833.0,1837.949951171875,1785.300048828125,1792.25,5362008.0,1838.1875,1854.908935546875,1819.7550048828125,1832.4384765625,2381181.5,1825.699951171875,-0.018321713351859503,0.0036909270804874605,-0.022012640432346964,0.0004845563388037963
2025-01-17,1773.0,1793.0999755859375,1750.050048828125,1788.9000244140625,2424374.0,1799.5877685546875,1830.48876953125,1785.16796875,1817.5928955078125,2793311.75,1792.25,-0.0018691452564862931,0.014140268103117526,-0.01600941335960382,0.00025630131611866126
2025-01-20,1790.0999755859375,1799.0,1762.5999755859375,1796.199951171875,3401004.0,1773.055908203125,1787.0794677734375,1752.498046875,1764.58984375,2050369.125,1788.9000244140625,0.004080678997253395,-0.013589457394090565,0.01767013639134396,0.0003122337200886982
2025-01-21,1791.4000244140625,1820.75,1791.4000244140625,1802.4000244140625,4005357.0,1790.0626220703125,1807.562255859375,1775.517333984375,1791.949462890625,1847326.625,1796.199951171875,0.0034517723030458303,-0.002366378129827318,0.005818150432873148,3.3850874459542e-05
2025-01-22,1808.199951171875,1831.449951171875,1804.050048828125,1827.699951171875,3009261.0,1790.6038818359375,1823.9453125,1754.7464599609375,1816.561279296875,3111039.75,1802.4000244140625,0.014036798943140916,0.007856887866729778,0.006179911076411138,3.819130091234906e-05
2025-01-23,1817.050048828125,1828.949951171875,1804.199951171875,1807.0,3750930.0,1827.637451171875,1848.0684814453125,1813.7864990234375,1832.78173828125,2826533.75,1827.699951171875,-0.011325683495588379,0.0027804274471401325,-0.014106110942728511,0.00019898236592856506
2025-01-24,1800.0,1829.4000244140625,1791.0999755859375,1792.8499755859375,3171259.0,1813.097412109375,1826.4532470703125,1792.885986328125,1804.781494140625,2221548.5,1807.0,-0.007830672060908928,-0.0012277287544963933,-0.006602943306412534,4.359886030769809e-05
2025-01-27,1775.0,1779.75,1707.300048828125,1711.949951171875,4174844.0,1791.9146728515625,1811.3209228515625,1781.0494384765625,1797.23486328125,1924174.0,1792.8499755859375,-0.04512369998366583,0.0024457638703871964,-0.04756946385405303,0.0022628538913620575
2025-01-28,1711.949951171875,1730.5,1691.0,1693.25,5079829.0,1721.0311279296875,1752.26806640625,1709.039306640625,1731.9432373046875,3512167.5,1711.949951171875,-0.010923188005043216,0.011678662754788238,-0.022601850759831454,0.0005108436577696937
2025-01-29,1696.0,1724.0999755859375,1696.0,1719.0,3733620.0,1696.4473876953125,1724.43359375,1683.6165771484375,1704.494873046875,3595728.5,1693.25,0.015207441311088088,0.006640999880038301,0.008566441431049787,7.338391879160633e-05
2025-01-30,1722.0,1732.949951171875,1697.8499755859375,1713.0999755859375,2543744.0,1710.7940673828125,1738.367431640625,1692.03271484375,1713.9600830078125,3874460.5,1719.0,-0.003432242242037531,-0.002931888884344147,-0.0005003533576933838,2.503534825550433e-07
2025-01-31,1709.050048828125,1738.199951171875,1709.050048828125,1725.449951171875,2033832.0,1710.9649658203125,1734.5130615234375,1703.0555419921875,1719.3896484375,2715174.75,1713.0999755859375,0.007209138848836449,0.0036715153471478246,0.003537623501688625,1.2514780039699688e-05
2025-02-01,1726.0,1731.949951171875,1688.0,1694.0,569018.0,1729.4559326171875,1747.2908935546875,1714.4593505859375,1727.181884765625,2742792.25,1725.449951171875,-0.018227101371740773,0.0010037576532275772,-0.01923085902496835,0.0003698259388382066
2025-02-03,1665.0,1700.5999755859375,1661.5,1692.0,2659929.0,1709.80078125,1727.88525390625,1699.350341796875,1712.8509521484375,1111319.625,1694.0,-0.0011806375442738881,0.011128070925878086,-0.012308708470151974,0.00015150430420319096
2025-02-04,1695.0999755859375,1735.9000244140625,1692.050048828125,1732.550048828125,3647768.0,1703.9599609375,1726.939208984375,1694.66552734375,1712.57861328125,1608333.125,1692.0,0.02396574989841893,0.01216230099364668,0.011803448904772251,0.00013932140604756927
2025-02-05,1730.0,1746.800048828125,1710.0,1712.8499755859375,2681942.0,1732.7613525390625,1756.03662109375,1720.5184326171875,1740.147216796875,2634228.75,1732.550048828125,-0.011370565170981561,0.0043849630629075875,-0.01575552823388915,0.00024823666992887815
2025-02-06,1723.8499755859375,1728.449951171875,1712.8499755859375,1723.5,2057798.0,1729.35107421875,1745.71044921875,1708.3509521484375,1720.251708984375,1639594.125,1712.8499755859375,0.006217721671986753,0.004321296963504029,0.0018964247084827246,3.596426674943787e-06
2025-02-07,1723.1500244140625,1731.0,1700.6500244140625,1725.6500244140625,2428098.0,1729.075439453125,1747.6058349609375,1709.890625,1723.4317626953125,1592384.5,1723.5,0.0012474757261748959,-3.959228586447594e-05,0.0012870680120393718,1.6565440676149807e-06
2025-02-10,1723.949951171875,1740.0,1712.0999755859375,1733.8499755859375,1823071.0,1719.935546875,1734.0986328125,1704.82421875,1716.155517578125,1390742.125,1725.6500244140625,0.004751804280047622,-0.005501988642894862,0.010253792922942484,0.00010514026930658537
2025-02-11,1742.800048828125,1749.0,1715.0,1723.199951171875,1702553.0,1735.7095947265625,1749.490478515625,1718.90087890625,1730.0296630859375,1678501.375,1733.8499755859375,-0.006142414028908916,-0.002203369699681712,-0.003939044329227204,1.551607022761699e-05
2025-02-12,1723.9000244140625,1742.4000244140625,1699.1500244140625,1717.300048828125,2214307.0,1730.7823486328125,1745.41650390625,1716.669189453125,1728.220703125,1599054.875,1723.199951171875,-0.0034238060068059184,0.0029136212252736104,-0.006337427232079529,4.01629839219032e-05
2025-02-13,1712.0,1729.949951171875,1700.25,1703.0999755859375,1838463.0,1714.5699462890625,1722.40869140625,1678.45166015625,1688.0389404296875,2313417.5,1717.300048828125,-0.008268836451659989,-0.01703901913844652,0.008770182686786532,7.691610435961023e-05
2025-02-14,1711.0,1723.4000244140625,1699.949951171875,1711.25,1460459.0,1705.1239013671875,1724.1976318359375,1695.3919677734375,1709.3822021484375,1733505.0,1703.0999755859375,0.004785405748866101,0.0036887009879373878,0.0010967047609287128,1.202761332643705e-06
2025-02-17,1711.25,1720.1500244140625,1694.0999755859375,1709.9000244140625,1127023.0,1717.651611328125,1728.5675048828125,1703.07470703125,1711.8358154296875,1172046.5,1711.25,-0.0007888827383126795,0.00034233188002197323,-0.0011312146183346528,1.2796465127340141e-06
2025-02-18,1706.0,1728.5,1701.25,1725.5,1511900.0,1713.577880859375,1726.5885009765625,1698.9031982421875,1708.7281494140625,1567416.125,1709.9000244140625,0.009123326137902898,-0.0006853470865360034,0.009808673224438902,9.621007042382464e-05
2025-02-19,1723.199951171875,1731.5999755859375,1703.449951171875,1712.300048828125,1294110.0,1722.0770263671875,1735.70849609375,1708.8536376953125,1720.3607177734375,1397041.625,1725.5,-0.007649928236380776,-0.0029784307311286895,-0.004671497505252087,2.1822888941576472e-05
2025-02-20,1705.199951171875,1714.550048828125,1683.550048828125,1687.550048828125,1681532.0,1721.7318115234375,1729.9683837890625,1705.520751953125,1712.998046875,1076331.75,1712.300048828125,-0.014454242419100871,0.0004076376960642225,-0.014861880115165094,0.0002208754805575396
2025-02-21,1690.0,1704.1500244140625,1685.1500244140625,1700.699951171875,1222563.0,1701.50390625,1722.7691650390625,1691.218994140625,1709.493896484375,1395525.625,1687.550048828125,0.00779230361368044,0.013003375912606696,-0.005211072298926256,2.7155274504636575e-05
2025-02-24,1685.0,1690.0,1637.5999755859375,1644.050048828125,4455420.0,1704.6920166015625,1722.6549072265625,1693.636474609375,1709.0084228515625,1271716.375,1700.699951171875,-0.03330975714129647,0.004885324818150627,-0.0381950819594471,0.0014588642858888812
2025-02-25,1636.0,1651.949951171875,1631.25,1636.0999755859375,1951519.0,1650.24755859375,1673.3284912109375,1640.00390625,1657.3160400390625,1654746.125,1644.050048828125,-0.00483566376087774,0.00806909206954698,-0.012904755830424719,0.00016653272304288077
2025-02-27,1620.0,1660.0,1615.199951171875,1629.199951171875,2266866.0,1658.8277587890625,1707.36572265625,1638.6949462890625,1683.3575439453125,3547100.25,1636.0999755859375,-0.004217361113028173,0.028884279117754152,-0.033101640230782325,0.001095718585968147
2025-02-28,1612.0,1614.949951171875,1562.449951171875,1575.050048828125,4910121.0,1647.322509765625,1685.146484375,1638.7283935546875,1671.9708251953125,1510939.5,1629.199951171875,-0.033237112672879876,0.02625268555444804,-0.05948979822732792,0.0035390360931281876
2025-03-03,1575.050048828125,1603.4000244140625,1568.449951171875,1572.4000244140625,1784684.0,1616.45361328125,1724.20703125,1608.91796875,1703.60986328125,5873367.0,1575.050048828125,-0.0016825017186178348,0.08162268529103356,-0.0833051870096514,0.006939754182712992
2025-03-04,1560.0,1560.0,1523.0,1535.5,3246644.0,1598.91650390625,1625.32080078125,1592.76904296875,1610.6607666015625,1186838.5,1572.4000244140625,-0.02346732627901915,0.02433270261602627,-0.04780002889504542,0.0022848427623671772
2025-03-05,1532.0,1581.4000244140625,1531.050048828125,1572.949951171875,3112003.0,1559.328857421875,1584.966796875,1541.155029296875,1556.2674560546875,1207341.5,1535.5,0.024389417891159226,0.013524881833075542,0.010864536058083685,0.00011803814375740057
2025-03-06,1580.0,1594.699951171875,1575.1500244140625,1585.449951171875,2011489.0,1565.919677734375,1620.1966552734375,1560.0528564453125,1601.498779296875,4039076.0,1572.949951171875,0.007946851704141888,0.01814986427491272,-0.01020301257077083,0.0001041014655193076
2025-03-07,1582.6500244140625,1587.0,1555.5999755859375,1557.949951171875,2091986.0,1594.0565185546875,1637.1927490234375,1592.376220703125,1623.996337890625,2537868.25,1585.449951171875,-0.017345233748737088,0.024312585011124987,-0.041657818759862075,0.0017353738638295167
2025-03-10,1557.0,1572.449951171875,1547.0,1549.300048828125,1855766.0,1560.3150634765625,1584.306640625,1555.93310546875,1572.2977294921875,1117793.75,1557.949951171875,-0.005552105404441066,0.00920939617445371,-0.014761501578894776,0.00021790192886371294
2025-03-11,1529.949951171875,1573.949951171875,1522.5999755859375,1567.8499755859375,1846190.0,1550.6983642578125,1584.761962890625,1545.3857421875,1569.53173828125,2508725.0,1549.300048828125,0.011973101512417372,0.013058599893821743,-0.0010854983814043706,1.1783067360315084e-06
2025-03-12,1556.0,1565.0,1507.0999755859375,1540.5999755859375,3113860.0,1562.341796875,1597.1826171875,1562.20849609375,1587.4605712890625,1067701.75,1567.8499755859375,-0.017380489475605665,0.012507954210220884,-0.02988844368582655,0.0008933190659608249
2025-03-13,1540.5999755859375,1547.949951171875,1529.1500244140625,1534.75,1983351.0,1536.65673828125,1601.3702392578125,1536.366455078125,1585.0926513671875,3270834.25,1540.5999755859375,-0.003797206074673931,0.028880096382143616,-0.03267730245681755,0.0010678060958543342
2025-03-17,1528.0,1547.550048828125,1519.050048828125,1545.1500244140625,2029100.0,1540.822265625,1600.810546875,1504.635986328125,1571.43505859375,4544399.5,1534.75,0.006776363846921374,0.02390295396237163,-0.017126590115450258,0.00029332008898263844
2025-03-18,1545.1500244140625,1545.1500244140625,1545.1500244140625,1545.1500244140625,0.0,1546.9521484375,1597.39208984375,1470.3167724609375,1558.080322265625,5020159.0,1545.1500244140625,0.0,0.008368312233283604,-0.008368312233283604,7.002864963372401e-05
2025-03-19,1558.5,1561.3499755859375,1525.0999755859375,1544.449951171875,4522829.0,1555.2825927734375,1562.809326171875,1543.0555419921875,1547.3280029296875,868702.125,1545.1500244140625,-0.0004530778443038175,0.0014095579595585495,-0.001862635803862367,3.469412137830006e-06
2025-03-20,1547.8499755859375,1582.0999755859375,1547.050048828125,1562.0,4608677.0,1555.04736328125,1600.51171875,1517.00537109375,1571.4771728515625,4754555.0,1544.449951171875,0.011363300451923797,0.01749957754162268,-0.006136277089698883,3.765389652156339e-05
2025-03-21,1535.0999755859375,1592.050048828125,1521.5,1566.699951171875,8109210.0,1580.71337890625,1613.805419921875,1562.7657470703125,1588.8233642578125,3800265.0,1562.0,0.003008931608114551,0.017172448308458765,-0.014163516700344214,0.00020060520532092947
2025-03-24,1591.0,1610.9000244140625,1560.0,1604.1500244140625,2487843.0,1563.2939453125,1604.78662109375,1550.257080078125,1579.559326171875,4433704.5,1566.699951171875,0.02390379422312172,0.008207937320979353,0.01569585690214237,0.0002463599238925302
2025-03-25,1622.0,1658.949951171875,1618.949951171875,1624.9000244140625,4906013.0,1598.52685546875,1624.8323974609375,1576.191650390625,1595.6827392578125,3724238.0,1604.1500244140625,0.012935199129881392,-0.005278362389666613,0.018213561519548005,0.0003317338232263598
2025-03-26,1624.9000244140625,1644.949951171875,1622.0,1633.4000244140625,3096513.0,1635.8692626953125,1664.8797607421875,1623.886474609375,1644.2601318359375,3709739.0,1624.9000244140625,0.00523109106547337,0.011914645289550219,-0.006683554224076849,4.466989706617549e-05
2025-03-27,1625.6500244140625,1645.0,1613.550048828125,1630.1500244140625,3383080.0,1637.2640380859375,1655.1656494140625,1625.4024658203125,1638.4771728515625,2688040.75,1633.4000244140625,-0.0019897146757823503,0.0031083313099136145,-0.005098045985695965,2.599007287227074e-05
2025-03-28,1616.0999755859375,1625.550048828125,1581.5999755859375,1592.5,2211077.0,1633.4625244140625,1652.5792236328125,1618.9158935546875,1633.8016357421875,3194486.25,1630.1500244140625,-0.023096048737965336,0.002240046175773003,-0.02533609491373834,0.0006419177054779577
2025-04-01,1577.0,1585.0,1526.0999755859375,1530.3499755859375,4126827.0,1588.164794921875,1609.17529296875,1580.7401123046875,1596.0341796875,1742098.25,1592.5,-0.03902670292876764,0.002219265109890012,-0.041245968038657654,0.0017012298794459688
2025-04-02,1515.0,1538.550048828125,1506.4000244140625,1527.550048828125,3167863.0,1549.012451171875,1570.5137939453125,1538.440673828125,1553.9468994140625,2508131.75,1530.3499755859375,-0.0018295989822462166,0.015419298986880658,-0.017248897969126875,0.0002975244811493492
2025-04-03,1500.0,1500.0,1465.0,1470.0999755859375,3966161.0,1537.57861328125,1572.2412109375,1529.9764404296875,1559.883544921875,1847281.875,1527.550048828125,-0.037609290305257725,0.021166898013295743,-0.05877618831855347,0.003454640313258061
2025-04-04,1449.0,1456.199951171875,1419.0999755859375,1422.0999755859375,4421312.0,1487.080322265625,1539.45703125,1454.95458984375,1512.5743408203125,4786053.0,1470.0999755859375,-0.03265084062114121,0.028892161036494057,-0.061543001657635266,0.0037875410530316973
2025-04-07,1345.0,1383.75,1302.75,1374.0999755859375,6484139.0,1427.816162109375,1495.4801025390625,1362.05078125,1473.2398681640625,5021203.0,1422.0999755859375,-0.03375290121935548,0.035960827969956366,-0.06971372918931185,0.004860004037480711
2025-04-08,1380.0,1424.25,1372.0,1403.3499755859375,3938359.0,1396.80126953125,1477.865966796875,1359.9420166015625,1450.3543701171875,5267726.0,1374.0999755859375,0.02128666073771468,0.0554940658511649,-0.03420740511345022,0.0011701465645957
2025-04-09,1380.6500244140625,1388.699951171875,1357.050048828125,1380.0,3306801.0,1417.5435791015625,1449.6474609375,1411.3819580078125,1437.5556640625,3183707.0,1403.3499755859375,-0.016638740151891374,0.02437431080745256,-0.04101305095934393,0.0016820703489937422
2025-04-11,1360.0,1425.0,1360.0,1390.550048828125,4859622.0,1388.0560302734375,1432.550537109375,1383.2791748046875,1420.593017578125,3711808.75,1380.0,0.007644962918931242,0.029415230129075987,-0.021770267210144745,0.00047394453440110346
2025-04-15,1420.0,1428.800048828125,1406.0,1426.5,3265147.0,1397.266845703125,1439.704345703125,1394.172607421875,1428.416015625,2853372.0,1390.550048828125,0.02585304369459518,0.027230926947783285,-0.0013778832531881058,1.8985622594162376e-06
2025-04-16,1415.0,1436.0999755859375,1405.5,1431.699951171875,2553111.0,1424.5194091796875,1466.390869140625,1422.033935546875,1454.7379150390625,2983953.0,1426.5,0.0036452514348930265,0.01979524363060814,-0.016149992195715113,0.000260822247921659
2025-04-17,1420.0,1442.0999755859375,1384.0,1438.0,3549969.0,1422.12548828125,1458.356201171875,1416.5826416015625,1443.157958984375,3513820.0,1431.699951171875,0.004400397459655148,0.008003078999284208,-0.00360268153962906,1.2979314275984015e-05
2025-04-21,1435.0,1499.0,1430.0,1482.0,2840104.0,1421.1346435546875,1460.0166015625,1419.1328125,1452.21044921875,3029574.25,1438.0,0.030598052851182223,0.009882092641689821,0.0207159602094924,0.0004291510074012724
2025-04-22,1490.0,1499.9000244140625,1464.5,1479.9000244140625,2608145.0,1476.268310546875,1504.911376953125,1456.1656494140625,1481.22412109375,3820433.0,1482.0,-0.001416987574856643,-0.000523535024460231,-0.0008934525503964119,7.98257459809853e-07
2025-04-23,1555.0,1600.0,1543.699951171875,1594.0,13293318.0,1482.01171875,1498.0777587890625,1469.7945556640625,1484.355712890625,1904781.625,1479.9000244140625,0.0770997862717877,0.0030108037050182723,0.07408898256676943,0.005489177337779066
2025-04-24,1595.0,1603.300048828125,1576.0999755859375,1586.699951171875,3193118.0,1542.42529296875,1631.422119140625,1527.0682373046875,1603.445068359375,5232672.0,1594.0,-0.004579704409112262,0.005925387929344383,-0.010505092338456645,0.00011035696503950051
2025-04-25,1590.0,1618.0,1568.0999755859375,1578.199951171875,3800415.0,1570.484619140625,1581.6685791015625,1546.9232177734375,1560.012939453125,1975860.75,1586.699951171875,-0.005357030479343106,-0.01681919237410956,0.011462161894766454,0.0001313811553018361
2025-04-28,1565.0,1569.4000244140625,1537.0999755859375,1549.300048828125,2618810.0,1582.1217041015625,1605.3291015625,1570.3817138671875,1591.1114501953125,2072198.25,1578.199951171875,-0.018311939702121194,0.00818115538138886,-0.026493095083510054,0.0007018840871039047
2025-04-29,1555.0,1580.800048828125,1548.0999755859375,1569.0,2231069.0,1543.683349609375,1554.142578125,1512.00390625,1523.3719482421875,2508065.75,1549.300048828125,0.01271538795004612,-0.01673536420885624,0.02945075215890236,0.000867346802725092
2025-04-30,1571.0,1587.9000244140625,1554.0,1567.5,3682256.0,1564.382568359375,1590.483154296875,1557.80908203125,1579.2493896484375,1947738.125,1569.0,-0.0009560229445506607,0.006532434447697577,-0.007488457392248238,5.607699411551728e-05
2025-05-02,1567.0,1581.0,1557.0999755859375,1572.4000244140625,1370848.0,1575.286376953125,1597.015869140625,1564.55322265625,1582.48193359375,2435769.5,1567.5,0.0031260123853669164,0.009557852372408249,-0.006431839987041332,4.136856561890385e-05
2025-05-05,1580.0,1597.699951171875,1563.300048828125,1568.5999755859375,1012225.0,1582.20361328125,1602.797607421875,1573.0841064453125,1589.61083984375,1874524.875,1572.4000244140625,-0.0024167188814061547,0.01094557056885126,-0.013362289450257414,0.00017855077935246058
2025-05-06,1576.800048828125,1583.800048828125,1565.0999755859375,1579.0999755859375,2055057.0,1569.048828125,1581.4364013671875,1553.9969482421875,1566.5679931640625,1338201.0,1568.5999755859375,0.006693867246859941,-0.0012954114838080732,0.007989278730668015,6.382857463630432e-05
2025-05-07,1552.0,1578.4000244140625,1545.0,1563.300048828125,5469936.0,1564.4381103515625,1577.0361328125,1551.0341796875,1563.8370361328125,1455025.875,1579.0999755859375,-0.010005653221512922,-0.009665594128998478,-0.0003400590925144442,1.1564018640174732e-07
2025-05-08,1561.9000244140625,1598.0,1555.800048828125,1580.699951171875,2789018.0,1547.7513427734375,1571.0986328125,1535.6566162109375,1558.936279296875,1979131.0,1563.300048828125,0.01113023847008332,-0.002791383224558297,0.013921621694641617,0.00019381155060871612
2025-05-09,1566.0,1577.699951171875,1557.300048828125,1569.4000244140625,2035161.0,1567.6009521484375,1591.856201171875,1560.89892578125,1581.192138671875,1991604.0,1580.699951171875,-0.0071486854601565675,0.0003113731354487115,-0.007460058595605279,5.565247424986421e-05
2025-05-12,1598.800048828125,1675.0,1594.0,1670.300048828125,4028207.0,1566.7987060546875,1592.9278564453125,1563.5615234375,1585.2845458984375,1892111.125,1569.4000244140625,0.06429210070372826,0.010121397500491014,0.05417070320323725,0.0029344650855332183
2025-05-13,1685.0,1688.0999755859375,1615.199951171875,1619.5999755859375,3118470.0,1660.811767578125,1676.5853271484375,1632.695556640625,1647.191162109375,3455785.25,1670.300048828125,-0.030353871615916184,-0.013835170953244602,-0.01651870066267158,0.00027286747158294656
2025-05-14,1630.0,1642.300048828125,1617.0,1637.699951171875,1569126.0,1621.9403076171875,1639.776611328125,1609.0186767578125,1625.1519775390625,1990332.625,1619.5999755859375,0.011175584007643291,0.0034280081728923495,0.007747575834750942,6.002493131521675e-05
2025-05-15,1650.0,1702.5999755859375,1625.0,1696.0,4961582.0,1622.4742431640625,1636.33642578125,1609.429443359375,1622.582763671875,1439297.75,1637.699951171875,0.03559873637805744,-0.009230743085253623,0.04482947946331106,0.002009682228951428
2025-05-16,1691.9000244140625,1693.5,1658.0,1659.9000244140625,2586263.0,1685.509521484375,1708.8184814453125,1672.353271484375,1694.4945068359375,2679618.0,1696.0,-0.02128536296340655,-0.0008876728561689751,-0.020397690107237576,0.00041606576171089767
2025-05-19,1661.0,1664.0,1638.0999755859375,1649.5999755859375,1642018.0,1660.4676513671875,1675.8626708984375,1649.2879638671875,1664.2054443359375,1735631.875,1659.9000244140625,-0.0062052224089585994,0.0025937826727815416,-0.008799005081740141,7.742249042848883e-05
2025-05-20,1660.800048828125,1666.0,1636.4000244140625,1638.300048828125,2421580.0,1639.0750732421875,1653.2021484375,1627.6348876953125,1640.39990234375,1045205.375,1649.5999755859375,-0.006850101191228974,-0.005577154084837832,-0.0012729471063911424,1.6203943356695824e-06
2025-05-21,1645.0,1657.5,1628.4000244140625,1652.0,1420835.0,1638.284423828125,1652.2730712890625,1626.9046630859375,1639.9298095703125,1139691.125,1638.300048828125,0.008362296748800402,0.0009947877028710916,0.00736750904592931,5.4280189541850214e-05
2025-05-22,1638.4000244140625,1640.699951171875,1614.0,1633.0,2202093.0,1631.08984375,1642.8587646484375,1617.94677734375,1629.02880859375,1389521.875,1652.0,-0.01150121065375298,-0.013905079543734877,0.002403868889981897,5.778585640222799e-06
2025-05-23,1633.0,1670.800048828125,1622.5,1648.199951171875,1459454.0,1615.402587890625,1632.00927734375,1609.616455078125,1624.372802734375,1084634.875,1633.0,0.009307992144442778,-0.005283035680113235,0.014591027824556013,0.00021289809297696778
2025-05-26,1652.4000244140625,1675.800048828125,1645.5999755859375,1673.5999755859375,1078813.0,1651.234375,1669.04833984375,1647.39599609375,1661.616455078125,1663553.25,1648.199951171875,0.01541076639154304,0.00814009483297884,0.007270671558564201,5.2862664912514394e-05
2025-05-27,1673.800048828125,1675.5,1641.5,1652.0999755859375,2740015.0,1670.688232421875,1694.8353271484375,1669.095703125,1689.6595458984375,1811598.125,1673.5999755859375,-0.012846558504801986,0.009595823701465722,-0.022442382206267708,0.0005036605190922015
2025-05-28,1664.0,1666.800048828125,1647.0,1657.300048828125,1775441.0,1640.6090087890625,1654.4931640625,1632.203369140625,1644.8092041015625,1037675.875,1652.0999755859375,0.0031475536099703216,-0.004413032862487176,0.007560586472457498,5.716246780750731e-05
2025-05-29,1670.0,1675.5,1655.5999755859375,1664.699951171875,2374051.0,1650.5380859375,1660.163818359375,1634.165283203125,1644.023681640625,1416974.625,1657.300048828125,0.004465034770850584,-0.008010841004251312,0.012475875775101897,0.00015564747635577435
2025-05-30,1664.699951171875,1664.699951171875,1627.300048828125,1636.5999755859375,4408910.0,1677.0042724609375,1693.9136962890625,1668.962646484375,1680.388671875,1732989.5,1664.699951171875,-0.016879904132967805,0.009424353435032451,-0.026304257568000255,0.0006919139662036987
2025-06-02,1625.0999755859375,1635.199951171875,1605.699951171875,1631.5,1883100.0,1634.0389404296875,1650.123291015625,1621.1004638671875,1636.7801513671875,1964885.625,1636.5999755859375,-0.0031162016754348043,0.0001100915214089504,-0.0032262931968437547,1.0408967792000295e-05
2025-06-03,1646.9000244140625,1651.699951171875,1617.0,1630.4000244140625,2380133.0,1630.4886474609375,1646.1043701171875,1621.3486328125,1635.8531494140625,1102994.5,1631.5,-0.0006742112080524443,0.002668188424187923,-0.003342399632240367,1.117163530160054e-05
2025-06-04,1631.0,1644.5999755859375,1622.199951171875,1626.0999755859375,1659720.0,1634.9122314453125,1648.9632568359375,1624.445068359375,1637.4940185546875,1130341.625,1630.4000244140625,-0.0026374195067068174,0.004351075830714812,-0.00698849533742163,4.883906708116386e-05
2025-06-05,1634.9000244140625,1653.9000244140625,1624.5999755859375,1632.4000244140625,1409322.0,1627.253173828125,1641.99072265625,1617.411865234375,1630.591796875,1031044.25,1626.0999755859375,0.0038743305594448607,0.0027623278743633684,0.0011120026850814924,1.2365499716284487e-06
2025-06-06,1631.199951171875,1639.800048828125,1622.0,1637.699951171875,1261281.0,1636.54248046875,1646.6173095703125,1620.700927734375,1630.196533203125,1356822.375,1632.4000244140625,0.0032467083304013045,-0.001349847572887919,0.004596555903289223,2.1128326172063007e-05
2025-06-09,1648.0,1658.0,1639.0,1648.300048828125,1299786.0,1625.9901123046875,1637.2108154296875,1612.81884765625,1623.037109375,1294516.0,1637.699951171875,0.006472551732486176,-0.00895331393664811,0.015425865669134287,0.00023795733164217578
2025-06-10,1653.300048828125,1684.9000244140625,1649.0,1668.0999755859375,3055223.0,1641.9183349609375,1652.443115234375,1626.0838623046875,1636.3824462890625,895873.5,1648.300048828125,0.012012331596962245,-0.00723023854032856,0.019242570137290804,0.00037027650548855586
2025-06-11,1676.0,1725.4000244140625,1666.0,1721.9000244140625,5085821.0,1661.254638671875,1668.320556640625,1637.5401611328125,1646.0809326171875,1383333.875,1668.0999755859375,0.03225229279751485,-0.013200073911046939,0.04545236670856179,0.0020659176394095756
2025-06-12,1725.0,1726.0,1695.0,1701.199951171875,3607962.0,1710.3489990234375,1719.3651123046875,1684.2235107421875,1695.86865234375,2486101.0,1721.9000244140625,-0.012021646407276987,-0.015117818515143266,0.0030961721078662796,9.58628172152912e-06
2025-06-13,1666.0,1711.0,1664.5999755859375,1695.300048828125,1988422.0,1703.13134765625,1717.7828369140625,1689.784912109375,1702.027587890625,1784033.875,1701.199951171875,-0.0034680828315836187,0.000486501729664246,-0.003954584561247865,1.5638739052059966e-05
2025-06-16,1692.0,1729.4000244140625,1683.4000244140625,1723.0,2116100.0,1676.3447265625,1689.665283203125,1663.84765625,1678.203857421875,1519771.75,1695.300048828125,0.016339261708287367,-0.01008446346596148,0.026423725174248847,0.0006982132520842322
2025-06-17,1728.0,1738.800048828125,1720.0,1729.5999755859375,1777245.0,1716.317626953125,1737.893310546875,1703.816650390625,1724.172607421875,2464869.0,1723.0,0.0038305139790699716,0.0006805614752611877,0.003149952503808784,9.922200776251226e-06
2025-06-18,1727.9000244140625,1745.0,1710.0,1715.9000244140625,1794428.0,1741.818115234375,1768.56298828125,1714.1571044921875,1726.94140625,2161988.0,1729.5999755859375,-0.007920878448922197,-0.0015371007015867466,-0.006383777747335451,4.075261832737528e-05
2025-06-19,1719.699951171875,1719.699951171875,1697.199951171875,1713.9000244140625,2514527.0,1718.2718505859375,1732.10693359375,1701.7574462890625,1711.69775390625,1551913.375,1715.9000244140625,-0.0011655690725238532,-0.0024490182691426776,0.0012834491966188244,1.6472418403015059e-06
2025-06-20,1713.9000244140625,1742.5999755859375,1709.0999755859375,1739.9000244140625,2719770.0,1711.587158203125,1725.5802001953125,1697.7890625,1712.431640625,1999402.75,1713.9000244140625,0.015170079718558105,-0.000856749966827608,0.016026829685385713,0.0002568592697643607
2025-06-23,1729.199951171875,1729.800048828125,1699.199951171875,1703.199951171875,2221446.0,1725.6019287109375,1745.8406982421875,1715.2105712890625,1733.987548828125,2522871.0,1739.9000244140625,-0.021093208073576952,-0.003398169724107336,-0.017695038349469616,0.0003131143821892004
2025-06-24,1719.9000244140625,1732.5999755859375,1689.199951171875,1691.800048828125,3601071.0,1695.6336669921875,1713.5838623046875,1687.351806640625,1703.836181640625,1997423.5,1703.199951171875,-0.006693226086524007,0.00037355007455941447,-0.007066776161083421,4.993932531085694e-05
2025-06-25,1702.0,1720.699951171875,1701.0,1717.0999755859375,1307518.0,1695.013671875,1714.4151611328125,1686.5194091796875,1704.6500244140625,2133898.0,1691.800048828125,0.014954442621831765,0.00759544580628102,0.007358996815550745,5.4154834131286e-05
2025-06-26,1710.0,1726.9000244140625,1702.699951171875,1724.0999755859375,2971055.0,1713.7789306640625,1724.63671875,1694.5224609375,1702.2774658203125,1491931.0,1717.0999755859375,0.004076640905903872,-0.00863229280552924,0.012708933711433112,0.00016151699608160102
2025-06-27,1735.0,1752.5,1710.800048828125,1723.300048828125,6478283.0,1713.349609375,1724.8729248046875,1696.285888671875,1705.648193359375,1642164.5,1724.0999755859375,-0.0004639677333911907,-0.010702269292876543,0.010238301559485352,0.0001048228188229602
2025-06-30,1725.0,1734.800048828125,1713.300048828125,1728.5999755859375,1855229.0,1713.2972412109375,1725.20361328125,1696.9068603515625,1707.3150634765625,1798006.5,1723.300048828125,0.0030754521021552073,-0.0092757992796626,0.012351251381817807,0.00015255341069685629
2025-07-01,1728.5999755859375,1745.0,1714.0,1718.300048828125,1639826.0,1721.4306640625,1728.69970703125,1702.3876953125,1711.9002685546875,1574519.375,1728.5999755859375,-0.005958536910380952,-0.009660827992080345,0.0037022910816993937,1.3706959253630867e-05
2025-07-02,1722.0,1738.5,1711.0,1718.5999755859375,2069447.0,1719.4591064453125,1730.397705078125,1707.2799072265625,1717.9228515625,1566853.5,1718.300048828125,0.0001745485359305743,-0.00021951769476014071,0.000394066230690715,1.552881941707878e-07
2025-07-03,1716.0,1730.5,1706.5,1711.9000244140625,1839063.0,1725.1483154296875,1738.1259765625,1712.43115234375,1724.2962646484375,2366710.75,1718.5999755859375,-0.0038984936966444117,0.0033144938574538596,-0.007212987554098271,5.202718945557656e-05
2025-07-04,1715.0,1729.0,1706.199951171875,1725.9000244140625,768500.0,1715.0697021484375,1721.1549072265625,1695.0313720703125,1703.6517333984375,1823639.75,1711.9000244140625,0.008178047666534738,-0.004818208363802201,0.012996256030336939,0.00016890267080606926
2025-07-07,1725.5,1725.5,1703.300048828125,1710.4000244140625,1366412.0,1724.6943359375,1735.862060546875,1712.19970703125,1722.7015380859375,1384534.25,1725.9000244140625,-0.008980821473284495,-0.001853228045008537,-0.007127593428275958,5.080258807880262e-05
2025-07-08,1700.0,1718.9000244140625,1687.5,1708.0999755859375,2139193.0,1706.208984375,1715.1658935546875,1691.227783203125,1698.2677001953125,1359879.125,1710.4000244140625,-0.0013447432152094985,-0.007093267098675526,0.005748523883466028,3.304552683877934e-05
2025-07-09,1710.0,1714.300048828125,1671.0,1674.0,2894808.0,1698.8564453125,1710.3992919921875,1687.03125,1696.287841796875,1456897.375,1708.0999755859375,-0.019963688351579134,-0.006915364415370662,-0.013048323936208472,0.00017025875754423097
2025-07-10,1675.0,1679.9000244140625,1649.0,1663.699951171875,2740853.0,1676.18017578125,1695.336669921875,1669.5299072265625,1686.8370361328125,1865623.75,1674.0,-0.006152956289202538,0.007668480366076702,-0.01382143665527924,0.0001910321112158966
2025-07-11,1643.199951171875,1655.5,1630.0,1638.300048828125,2548153.0,1657.3623046875,1681.0748291015625,1653.4683837890625,1673.6268310546875,1895601.5,1663.699951171875,-0.015267117322362633,0.005966748917567877,-0.02123386623993051,0.0004508770754952607
2025-07-14,1640.0,1642.4000244140625,1607.0,1619.800048828125,3334703.0,1643.6986083984375,1668.03759765625,1640.4112548828125,1658.6068115234375,1668426.0,1638.300048828125,-0.011292192790467781,0.012395020503013443,-0.023687213293481224,0.0005610840736108736
2025-07-15,1590.0,1621.4000244140625,1550.0,1566.4000244140625,14685607.0,1633.7535400390625,1658.3038330078125,1629.5042724609375,1648.9886474609375,1746155.5,1619.800048828125,-0.03296704704552622,0.018019877610158996,-0.05098692465568522,0.002599666485844521
2025-07-16,1566.4000244140625,1574.0,1560.0,1562.800048828125,5218099.0,1569.837646484375,1603.795166015625,1547.2039794921875,1590.8251953125,3942404.0,1566.4000244140625,-0.0022982479123008215,0.01559318853277869,-0.01789143644507951,0.0003201034980683194
2025-07-17,1563.5999755859375,1566.800048828125,1542.4000244140625,1543.9000244140625,4966082.0,1550.250732421875,1589.4083251953125,1541.2833251953125,1577.4920654296875,3400746.75,1562.800048828125,-0.012093693257966609,0.009401085322834124,-0.021494778580800733,0.00046202550623764997
2025-07-18,1544.0,1550.0,1530.0,1548.800048828125,3902458.0,1540.6302490234375,1555.6224365234375,1521.950927734375,1535.2913818359375,3131507.0,1543.9000244140625,0.0031737964483302683,-0.005575906756910776,0.008749703205241044,7.655730617980539e-05
2025-07-21,1548.800048828125,1550.699951171875,1526.0,1530.4000244140625,3368842.0,1546.4306640625,1570.8065185546875,1536.0645751953125,1558.408203125,2883710.0,1548.800048828125,-0.011880180677928398,0.006203611824615374,-0.018083792502543772,0.00032702355127505833
2025-07-22,1533.0999755859375,1539.800048828125,1518.300048828125,1520.0999755859375,3218227.0,1525.78125,1542.40380859375,1507.374267578125,1524.1607666015625,3567555.5,1530.4000244140625,-0.006730298395067336,-0.004076880366549185,-0.002653418028518151,7.04062723406515e-06
2025-07-23,1524.0999755859375,1536.0,1518.0,1529.800048828125,3471536.0,1519.8258056640625,1536.38720703125,1503.57666015625,1517.7318115234375,2994505.75,1520.0999755859375,0.006381207419234647,-0.0015579002042857004,0.007939107623520347,6.30294298578389e-05
2025-07-24,1530.0,1537.9000244140625,1501.5999755859375,1507.199951171875,4654421.0,1532.3201904296875,1550.3719482421875,1521.0269775390625,1537.1446533203125,2783439.5,1529.800048828125,-0.014773236328213257,0.0048010225243577676,-0.019574258852571025,0.00038315160962745516
2025-07-25,1501.0999755859375,1512.199951171875,1486.5999755859375,1490.0999755859375,2733655.0,1507.0079345703125,1523.501708984375,1494.0736083984375,1507.9375,1979692.75,1507.199951171875,-0.011345525570540249,0.0004893503529850296,-0.011834875923525279,0.00014006428812523831
2025-07-28,1490.0999755859375,1494.199951171875,1463.5,1466.0999755859375,4404841.0,1491.3651123046875,1518.380615234375,1480.5364990234375,1502.3126220703125,3026395.25,1490.0999755859375,-0.016106301854385774,0.008195857113260319,-0.024302158967646093,0.0005905949304887413
2025-07-29,1466.0999755859375,1477.5,1461.0,1472.4000244140625,6223556.0,1477.3443603515625,1501.2789306640625,1468.70263671875,1488.1597900390625,2019534.5,1466.0999755859375,0.004297148170681275,0.015046596289798542,-0.010749448119117266,0.00011555063486559373
2025-07-30,1480.5,1484.300048828125,1468.800048828125,1476.5,1642426.0,1485.873779296875,1508.114013671875,1472.366943359375,1493.4376220703125,3894891.5,1472.4000244140625,0.0027845527831806827,0.01428796339814098,-0.011503410614960297,0.00013232845577638123
2025-07-31,1465.0,1482.699951171875,1459.5,1467.9000244140625,2306285.0,1475.9462890625,1501.406494140625,1468.3231201171875,1490.064208984375,2706216.5,1476.5,-0.005824568632534666,0.009186731448950214,-0.01501130008148488,0.00022533913013638796
2025-08-01,1465.0,1466.9000244140625,1450.0,1452.0999755859375,2152783.0,1476.3216552734375,1495.0594482421875,1466.676513671875,1482.353515625,1806137.75,1467.9000244140625,-0.010763709084637307,0.009846373029871014,-0.02061008211450832,0.0004247754847667758
2025-08-04,1452.0999755859375,1475.4000244140625,1440.5999755859375,1474.4000244140625,2384774.0,1459.5791015625,1483.1689453125,1452.4061279296875,1472.279296875,1731459.375,1452.0999755859375,0.015357102956445434,0.013896647357851455,0.0014604555985939793,2.1329305554644984e-06
2025-08-05,1479.9000244140625,1485.4000244140625,1471.199951171875,1482.699951171875,2614394.0,1461.135986328125,1480.577880859375,1452.5145263671875,1469.4339599609375,1705175.875,1474.4000244140625,0.005629358803836748,-0.003368193414876375,0.008997552218713123,8.095594592846944e-05
2025-08-06,1480.9000244140625,1483.699951171875,1456.4000244140625,1463.199951171875,1735697.0,1480.7666015625,1496.640380859375,1463.2413330078125,1479.7080078125,3481212.5,1482.699951171875,-0.013151683174055462,-0.0020179021096009553,-0.011133781064454507,0.00012396108079120572
2025-08-07,1458.0,1479.199951171875,1451.0,1475.5,1495363.0,1465.3017578125,1482.72119140625,1455.9876708984375,1471.2615966796875,1625332.375,1463.199951171875,0.008406266565464282,0.005509599355409955,0.0028966672100543267,8.390680925803917e-06
2025-08-08,1474.800048828125,1482.199951171875,1459.0,1475.699951171875,2815614.0,1466.4219970703125,1482.2205810546875,1455.8946533203125,1470.32861328125,1548340.5,1475.5,0.00013551417951540579,-0.0035048368137919894,0.003640350993307395,1.3252155354474139e-05
2025-08-11,1475.0,1531.0,1465.5999755859375,1488.0,2374556.0,1468.703125,1481.525634765625,1455.470703125,1468.24609375,1727552.25,1475.699951171875,0.008335060808504657,-0.005051065710177549,0.013386126518682206,0.000179188383174167
2025-08-12,1490.0,1509.9000244140625,1489.0,1499.0999755859375,3422656.0,1493.6546630859375,1508.135986328125,1481.2122802734375,1494.925048828125,1848421.0,1488.0,0.007459661012054752,0.0046539306640625,0.0028057303479922524,7.872122785644726e-06
2025-08-13,1500.0,1507.5,1489.0,1501.0999755859375,2916128.0,1497.078857421875,1519.20654296875,1490.481201171875,1509.638427734375,1912690.75,1499.0999755859375,0.0013341338353489718,0.007029852791718305,-0.005695718956369333,3.244121442994497e-05
2025-08-14,1501.0,1516.199951171875,1485.800048828125,1489.800048828125,4227538.0,1505.407470703125,1518.0760498046875,1480.6390380859375,1488.6605224609375,2035640.75,1501.0999755859375,-0.007527764267267867,-0.008286891830868504,0.0007591275636006367,5.762746578182388e-07
2025-08-18,1498.0999755859375,1501.9000244140625,1475.9000244140625,1485.0,2795155.0,1490.7755126953125,1507.6456298828125,1481.5389404296875,1496.50146484375,2039907.25,1489.800048828125,-0.0032219416504253306,0.0044981982789544794,-0.00772013992937981,5.96005605292045e-05
2025-08-19,1476.300048828125,1482.5999755859375,1469.199951171875,1476.0999755859375,2515817.0,1480.8636474609375,1498.701416015625,1471.5943603515625,1487.7216796875,1659159.625,1485.0,-0.0059932824337121104,0.0018327809343434698,-0.00782606336805558,6.124726784082145e-05
2025-08-20,1468.0,1500.300048828125,1458.0,1496.0,10219330.0,1471.514404296875,1484.679931640625,1458.9920654296875,1470.5087890625,1896703.25,1476.0999755859375,0.013481488207574222,-0.003787810186243079,0.0172692983938173,0.0002982286670147008
2025-08-21,1500.0,1505.0,1486.0999755859375,1493.5,2157601.0,1489.9840087890625,1509.4736328125,1480.45751953125,1498.3037109375,2153933.25,1496.0,-0.0016711229946524409,0.0015399137282754438,-0.0032110367229278847,1.0310756835991449e-05
2025-08-22,1489.5999755859375,1491.5,1464.0,1466.300048828125,2802805.0,1498.1226806640625,1510.4949951171875,1485.9927978515625,1496.942626953125,1581955.5,1493.5,-0.018212220402996304,0.002305073286324122,-0.020517293689320426,0.0004209593403338278
2025-08-25,1480.0,1509.699951171875,1476.199951171875,1504.199951171875,2764914.0,1472.281005859375,1488.915283203125,1455.1221923828125,1469.169921875,1867972.125,1466.300048828125,0.025847303472464445,0.0019572208629254906,0.023890082609538954,0.0005707360470905956
2025-08-26,1501.9000244140625,1506.5,1485.0,1492.800048828125,4092265.0,1504.3741455078125,1519.4564208984375,1492.18505859375,1506.407958984375,2413157.5,1504.199951171875,-0.007578714741260706,0.0014678951496971404,-0.009046609890957846,8.184115051917634e-05
2025-08-28,1488.0,1488.0,1446.0,1449.800048828125,4367902.0,1488.3450927734375,1504.181640625,1478.3001708984375,1492.8045654296875,2157527.75,1492.800048828125,-0.028804929390078615,3.0255904439613346e-06,-0.028807954980522577,0.0008298982701598156
2025-08-29,1449.800048828125,1462.5999755859375,1439.199951171875,1454.800048828125,3404604.0,1452.7303466796875,1470.835205078125,1442.402099609375,1458.2659912109375,2135645.5,1449.800048828125,0.0034487514357870452,0.005839386189602891,-0.0023906347538158457,5.715134526152149e-06
2025-09-01,1446.0,1472.5,1446.0,1468.4000244140625,2105254.0,1453.6026611328125,1472.5556640625,1436.6136474609375,1453.8516845703125,2036590.125,1454.800048828125,0.009348346940799557,-0.0006518863252558127,0.01000023326605537,0.00010000466537552044
2025-09-02,1469.0,1477.4000244140625,1459.699951171875,1465.699951171875,1295198.0,1469.1173095703125,1485.30078125,1459.7431640625,1474.0196533203125,1640093.375,1468.4000244140625,-0.0018387858875614782,0.0038270422315556107,-0.005665828119117089,3.210160827537789e-05
2025-09-03,1475.0,1475.0,1452.5999755859375,1466.0999755859375,1800307.0,1468.922607421875,1485.44287109375,1461.08056640625,1475.7110595703125,1454103.25,1465.699951171875,0.0002729238093668318,0.0068302577143659615,-0.00655733390499913,4.2998627941651134e-05
2025-09-04,1465.0999755859375,1465.9000244140625,1440.9000244140625,1443.300048828125,2192155.0,1465.9632568359375,1479.87939453125,1448.333984375,1461.159912109375,1656360.625,1466.0999755859375,-0.015551413367086653,-0.0033695270164560975,-0.012181886350630555,0.00014839835505967903
2025-09-05,1448.0,1452.300048828125,1402.800048828125,1419.0,3895199.0,1451.1322021484375,1472.1370849609375,1445.5042724609375,1463.735595703125,1530327.5,1443.300048828125,-0.016836449806715614,0.01415890402802411,-0.030995353834739725,0.0009607119593407146
2025-09-08,1423.9000244140625,1428.5999755859375,1401.0,1403.0,2929976.0,1420.9813232421875,1443.617431640625,1413.98095703125,1434.685791015625,1924160.375,1419.0,-0.01127554615926707,0.011054116290081017,-0.022329662449348087,0.000498613825101826
2025-09-09,1410.199951171875,1431.800048828125,1409.0999755859375,1427.0999755859375,2906889.0,1406.954345703125,1437.2908935546875,1398.667724609375,1426.95458984375,2457116.5,1403.0,0.017177459434025266,0.017073834528688492,0.00010362490533677438,1.073812100605545e-08
2025-09-10,1434.9000244140625,1471.9000244140625,1432.0999755859375,1463.9000244140625,3205017.0,1427.748046875,1440.7568359375,1415.803466796875,1428.001708984375,1919623.25,1427.0999755859375,0.025786594813033803,0.0006318642098408489,0.025154730603192954,0.0006327604717192122
2025-09-11,1463.9000244140625,1470.4000244140625,1458.300048828125,1467.699951171875,1982922.0,1461.039794921875,1474.124755859375,1449.1341552734375,1461.2369384765625,2026635.0,1463.9000244140625,0.0025957556489102362,-0.0018191720015620083,0.0044149276504722446,1.9491586158904374e-05
2025-09-12,1475.0,1480.0,1463.0,1467.199951171875,2110883.0,1460.982177734375,1472.93017578125,1451.0699462890625,1462.064453125,1560142.25,1467.699951171875,-0.00034066908539498453,-0.0038396799307484075,0.003499010845353423,1.2243076895900876e-05
2025-09-15,1467.199951171875,1468.300048828125,1452.0,1466.5,1725617.0,1466.5108642578125,1476.9384765625,1456.0390625,1466.138916015625,1590299.875,1467.199951171875,-0.00047706597271623963,-0.000723170114204641,0.0002461041414884013,6.056724845774305e-08
2025-09-16,1463.9000244140625,1485.199951171875,1461.0999755859375,1483.0999755859375,1724524.0,1463.8433837890625,1474.9678955078125,1453.37548828125,1464.47314453125,1472983.625,1466.5,0.01131945147353397,-0.0013821039677803793,0.01270155544131435,0.00016132951062878216
2025-09-17,1490.800048828125,1499.0,1475.300048828125,1481.5,2656774.0,1475.9791259765625,1491.7880859375,1469.3919677734375,1483.479248046875,1758089.5,1483.0999755859375,-0.0010788049438847924,0.00025572953083474737,-0.0013345344747195398,1.780982264214958e-06
2025-09-18,1492.5999755859375,1502.9000244140625,1486.0999755859375,1493.800048828125,2792406.0,1479.241455078125,1494.00439453125,1471.9591064453125,1485.835205078125,1881734.25,1481.5,0.008302429178619564,0.0029262268498988497,0.005376202328720714,2.8903551479342028e-05
2025-09-19,1493.800048828125,1493.800048828125,1464.0,1467.4000244140625,3197957.0,1493.8587646484375,1503.9505615234375,1483.80615234375,1494.2459716796875,1559055.0,1493.800048828125,-0.017673064366796054,0.00029851575645101214,-0.017971580123247066,0.000322977692126289
2025-09-22,1423.0,1449.199951171875,1415.0,1439.9000244140625,4457129.0,1463.273193359375,1478.7662353515625,1455.8131103515625,1470.09619140625,1977651.375,1467.4000244140625,-0.018740629373357742,0.0018373769574278054,-0.020578006330785548,0.00042345434454985005
2025-09-23,1444.199951171875,1444.199951171875,1420.4000244140625,1429.800048828125,3106480.0,1434.8790283203125,1454.4134521484375,1417.608154296875,1436.520751953125,1919779.375,1439.9000244140625,-0.007014358924014474,-0.0023468799247452488,-0.004667478999269226,2.1785360208619252e-05
2025-09-24,1425.0999755859375,1444.699951171875,1420.0,1442.300048828125,2894044.0,1437.5264892578125,1451.0533447265625,1417.90673828125,1431.7572021484375,1859931.625,1429.800048828125,0.008742481167380856,0.0013688300835608125,0.007373651083820043,5.43707303059205e-05
2025-09-25,1440.199951171875,1442.5,1416.0,1423.800048828125,2713246.0,1441.0306396484375,1457.4359130859375,1434.3560791015625,1449.261474609375,2018088.625,1442.300048828125,-0.012826734641679716,0.004826614120207573,-0.01765334876188729,0.00031164072250882747
2025-09-26,1420.0,1426.5,1392.0,1395.300048828125,2568054.0,1423.5264892578125,1435.957275390625,1414.357666015625,1426.255126953125,1941909.5,1423.800048828125,-0.020016855613579465,0.0017243138367784017,-0.021741169450357867,0.0004726784490691742
2025-09-29,1397.0999755859375,1402.5999755859375,1383.0,1387.4000244140625,2990852.0,1393.1494140625,1411.1236572265625,1387.836669921875,1402.3856201171875,2105504.0,1395.300048828125,-0.005661882131157037,0.005078170315419683,-0.01074005244657672,0.00011534872655521858
2025-09-30,1392.0999755859375,1405.0,1381.9000244140625,1385.0999755859375,2782077.0,1386.056884765625,1411.0576171875,1381.3968505859375,1403.81591796875,1880014.5,1387.4000244140625,-0.001657812301896433,0.011832127191737873,-0.013489939493634306,0.00018197846754191462
2025-10-01,1386.0999755859375,1396.800048828125,1382.0,1389.5,2253527.0,1387.2298583984375,1414.639892578125,1383.5382080078125,1407.1947021484375,2756942.75,1385.0999755859375,0.0031766836268993792,0.015951719696734035,-0.012775036069834655,0.00016320154658557647
2025-10-03,1396.5,1399.800048828125,1380.4000244140625,1393.5,2793839.0,1389.865966796875,1399.3140869140625,1380.97412109375,1388.4552001953125,1881870.125,1389.5,0.0028787333573228047,-0.0007519250123695365,0.003630658369692341,1.3181680197417049e-05
2025-10-06,1393.5,1421.0,1390.800048828125,1417.699951171875,1970901.0,1397.935791015625,1408.81640625,1390.7003173828125,1400.7200927734375,1786294.875,1393.5,0.017366308698869792,0.0051812649970846,0.012185043701785192,0.00014847529001441498
2025-10-07,1422.0,1441.9000244140625,1417.199951171875,1433.4000244140625,1592836.0,1428.484130859375,1453.220947265625,1427.3984375,1447.57666015625,1793173.875,1417.699951171875,0.011074327278638663,0.021074070687298052,-0.00999974340865939,9.99948682390269e-05
2025-10-08,1433.199951171875,1458.699951171875,1427.199951171875,1453.199951171875,1735807.0,1428.55615234375,1440.2989501953125,1422.4036865234375,1432.101806640625,1374290.25,1433.4000244140625,0.013813259676695111,-0.0009056911897069586,0.01471895086640207,0.00021664751460755824
2025-10-09,1453.199951171875,1491.0999755859375,1452.5,1486.5,2681316.0,1452.6202392578125,1467.877197265625,1448.0869140625,1460.1651611328125,1709992.75,1453.199951171875,0.022914980695720066,0.004793015548425261,0.018121965147294805,0.00032840562079976764
2025-10-10,1491.0,1498.5,1473.9000244140625,1495.5,2129445.0,1488.6456298828125,1499.9342041015625,1480.2357177734375,1490.6322021484375,1596256.125,1486.5,0.006054490413723412,0.0027798198105870586,0.0032746706031363537,1.072346755904541e-05
2025-10-13,1490.0,1502.199951171875,1476.5,1494.699951171875,1820492.0,1493.1116943359375,1504.3638916015625,1486.246826171875,1496.641357421875,1622271.75,1495.5,-0.0005349707978100637,0.000763194531511191,-0.0012981653293212547,1.6852332222517617e-06
2025-10-14,1515.4000244140625,1535.0,1490.199951171875,1495.4000244140625,5802489.0,1494.8489990234375,1507.1572265625,1487.4027099609375,1499.6478271484375,1907052.375,1494.699951171875,0.0004683704188512827,0.003310280416269018,-0.0028419099974177353,8.076452433422873e-06
2025-10-15,1497.9000244140625,1509.4000244140625,1486.0999755859375,1495.699951171875,1710696.0,1515.947509765625,1535.435791015625,1509.131103515625,1525.09033203125,3142601.5,1495.4000244140625,0.00020056623840836174,0.019854424991614605,-0.019653858753206244,0.00038627416389098166
2025-10-16,1499.9000244140625,1519.9000244140625,1498.0,1515.0,2021043.0,1497.8875732421875,1505.8060302734375,1487.583740234375,1496.89794921875,1166422.0,1495.699951171875,0.012903690217415331,0.0008009614802328979,0.012102728737182433,0.0001464760428858215
2025-10-17,1499.0,1501.300048828125,1479.199951171875,1486.199951171875,3210161.0,1515.8653564453125,1523.7615966796875,1503.6610107421875,1513.5557861328125,1941419.0,1515.0,-0.019009933219884534,-0.0009532764799917715,-0.018056656739892762,0.00032604285262231473
2025-10-20,1489.9000244140625,1509.9000244140625,1489.0999755859375,1495.4000244140625,2354881.0,1491.861083984375,1503.3983154296875,1483.335205078125,1494.9854736328125,1646277.125,1486.199951171875,0.006190333430527328,0.00591140004681745,0.0002789333837098784,7.780383254784226e-08
2025-10-21,1502.699951171875,1503.0,1481.0,1486.0,274400.0,1498.725830078125,1507.49658203125,1489.71533203125,1498.9041748046875,1315577.625,1495.4000244140625,-0.006285959783734585,0.002343286300264813,-0.008629246083999398,7.446388797821895e-05
2025-10-23,1510.0,1547.5,1505.5,1523.9000244140625,5011470.0,1490.1180419921875,1501.6783447265625,1481.870849609375,1492.632568359375,1282365.25,1486.0,0.02550472706195328,0.004463370362971064,0.021041356698982216,0.0004427386917338038
2025-10-24,1525.0,1532.5999755859375,1516.4000244140625,1523.800048828125,1491451.0,1517.4696044921875,1523.0999755859375,1498.9781494140625,1506.7825927734375,1847947.875,1523.9000244140625,-6.560508191866266e-05,-0.01123264739575458,0.011167042313835918,0.00012470283403900184
2025-10-27,1531.4000244140625,1549.5,1526.800048828125,1533.5,1394846.0,1513.681884765625,1520.673828125,1501.5067138671875,1509.301513671875,1012327.75,1523.800048828125,0.00636563253776945,-0.009514722858422364,0.015880355396191814,0.00025218568750935846
2025-10-28,1535.0,1542.0,1512.0,1522.0999755859375,1936466.0,1538.053466796875,1548.64990234375,1530.0513916015625,1538.06298828125,1550603.125,1533.5,-0.007433990488465936,0.002975538494457197,-0.010409528982923133,0.00010835829364631672
2025-10-29,1530.0,1559.0,1522.0,1557.300048828125,2596355.0,1515.940673828125,1523.320556640625,1507.0479736328125,1514.4627685546875,1054648.875,1522.0999755859375,0.023125992908998638,-0.00501754625435169,0.02814353916335033,0.0007920587966390337
2025-10-30,1557.699951171875,1559.9000244140625,1538.0999755859375,1549.800048828125,2183395.0,1562.0692138671875,1569.4305419921875,1547.7518310546875,1553.7698974609375,1658871.625,1557.300048828125,-0.0048160275893164295,-0.0022668408505117643,-0.002549186738804665,6.4983530292975645e-06
2025-10-31,1549.800048828125,1558.199951171875,1537.5999755859375,1541.5,1723467.0,1550.2093505859375,1565.791259765625,1543.6624755859375,1558.2686767578125,1921823.125,1549.800048828125,-0.0053555610831222955,0.005464335825831945,-0.01081989690895424,0.00011707016912039754
2025-11-03,1540.0999755859375,1549.699951171875,1528.199951171875,1543.5,2252136.0,1536.89794921875,1543.8006591796875,1524.356201171875,1531.7677001953125,979537.875,1541.5,0.0012974375608174604,-0.006313525659868646,0.007610963220686107,5.792676114663663e-05
2025-11-04,1536.4000244140625,1541.9000244140625,1525.0,1529.0999755859375,1666863.0,1545.431884765625,1559.661865234375,1537.8876953125,1550.965087890625,2195431.5,1543.5,-0.009329461881478762,0.0048364676971979215,-0.014165929578676684,0.00020067356082802696
2025-11-06,1529.0999755859375,1531.9000244140625,1514.300048828125,1526.4000244140625,2474769.0,1531.0059814453125,1542.6849365234375,1522.3297119140625,1534.166748046875,1220028.25,1529.0999755859375,-0.001765712651221829,0.0033135651964129043,-0.005079277847634733,2.579906345347293e-05
2025-11-07,1515.0999755859375,1518.800048828125,1490.5,1512.4000244140625,2238714.0,1538.7584228515625,1545.741943359375,1532.597900390625,1537.2091064453125,1812260.25,1526.4000244140625,-0.009171907610112995,0.00708142155291136,-0.016253329163024355,0.000264170708881618
2025-11-10,1518.0,1544.9000244140625,1511.4000244140625,1540.5,1558896.0,1501.9517822265625,1515.8133544921875,1496.9193115234375,1509.6376953125,1102054.5,1512.4000244140625,0.018579724366788453,-0.0018264540180980005,0.020406178384886453,0.0004164121162758071
2025-11-11,1547.800048828125,1572.5,1541.199951171875,1570.0,2270763.0,1537.477294921875,1552.90869140625,1530.7337646484375,1545.43798828125,1816150.5,1540.5,0.01914962674456344,0.0032054451679648377,0.015944181576598604,0.00025421692614754633
2025-11-12,1575.0,1600.0,1573.5,1594.0,2331564.0,1561.5810546875,1571.3731689453125,1549.119873046875,1559.7039794921875,1834622.25,1570.0,0.015286624203821653,-0.0065579748457405,0.021844599049562152,0.0004771865076361317
2025-11-13,1599.4000244140625,1605.0,1580.0,1598.5,1944022.0,1592.7900390625,1605.2384033203125,1580.39306640625,1592.54638671875,2301500.25,1594.0,0.0028230865746550204,-0.0009119280308971245,0.003735014605552145,1.3950334103687845e-05
2025-11-14,1590.0,1598.0,1574.0999755859375,1594.5999755859375,2543918.0,1600.55615234375,1613.95654296875,1590.7581787109375,1604.7576904296875,1930511.375,1598.5,-0.0024398025737019102,0.0039147265747185855,-0.006354529148420496,4.038004069812571e-05
2025-11-17,1594.0,1607.699951171875,1585.5,1606.4000244140625,2000978.0,1591.3492431640625,1616.6864013671875,1584.073974609375,1608.2059326171875,2461233.25,1594.5999755859375,0.007400005649560448,0.008532520531520982,-0.0011325148819605335,1.2825899578620812e-06
2025-11-18,1604.0,1604.0,1590.0999755859375,1595.199951171875,1640123.0,1600.8385009765625,1615.0333251953125,1591.787353515625,1606.64501953125,1945920.875,1606.4000244140625,-0.006972157041813309,0.00015251189832166112,-0.0071246689401349705,5.0760907506523964e-05
2025-11-19,1595.300048828125,1669.5,1588.5999755859375,1662.5999755859375,6342672.0,1595.6187744140625,1607.0760498046875,1584.2366943359375,1596.004150390625,1494195.75,1595.199951171875,0.042251771863802245,0.0005041369379175098,0.041747634925884736,0.001742865021904951
2025-11-20,1662.5999755859375,1668.4000244140625,1642.5999755859375,1645.4000244140625,2724035.0,1648.034423828125,1659.3046875,1631.268310546875,1644.4027099609375,2239845.75,1662.5999755859375,-0.01034521317481274,-0.010945065495136186,0.0005998523203234463,3.598228061974224e-07
2025-11-21,1636.0,1643.5,1606.0,1608.0,2958835.0,1656.883056640625,1673.599853515625,1647.423583984375,1662.659912109375,1502123.75,1645.4000244140625,-0.02273004975029147,0.010489782082906407,-0.03321983183319788,0.001103557227025947
2025-11-24,1614.300048828125,1640.0,1602.9000244140625,1610.4000244140625,6392688.0,1614.512939453125,1634.3914794921875,1605.1087646484375,1624.34130859375,1783384.0,1608.0,0.00149255249630742,0.010162505344371908,-0.008669952848064488,7.516808238766154e-05
2025-11-25,1618.300048828125,1618.9000244140625,1592.5999755859375,1601.0999755859375,2285950.0,1627.0408935546875,1639.6148681640625,1612.6072998046875,1625.1009521484375,2638757.25,1610.4000244140625,-0.005774992975120408,0.009128742866061357,-0.014903735841181764,0.00022212134202372592
2025-11-26,1601.0999755859375,1627.5,1601.0999755859375,1617.9000244140625,1243303.0,1620.6959228515625,1643.44677734375,1601.6414794921875,1612.1766357421875,2275129.25,1601.0999755859375,0.010492816866090271,0.006918156470645309,0.003574660395444962,1.277819694276273e-05
2025-11-27,1619.0999755859375,1633.199951171875,1614.0,1629.0,2106176.0,1627.9774169921875,1639.8636474609375,1615.8974609375,1628.24365234375,1579029.875,1617.9000244140625,0.006860730217219446,0.006393242952965172,0.0004674872642542738,2.1854434223994521e-07
2025-11-28,1629.0,1636.9000244140625,1619.0,1624.199951171875,1841289.0,1636.677978515625,1647.87255859375,1626.59033203125,1637.6644287109375,1293420.75,1629.0,-0.002946622976135682,0.005318863542625785,-0.008265486518761467,6.831826739182756e-05
2025-12-01,1630.0,1646.5,1628.0,1642.9000244140625,2034350.0,1640.207275390625,1658.236328125,1631.781982421875,1648.3787841796875,1678722.0,1624.199951171875,0.011513405864034931,0.014886611091428303,-0.003373205227393372,1.1378513506113972e-05
2025-12-02,1651.0,1652.9000244140625,1624.0,1635.5,2326220.0,1643.978759765625,1656.012451171875,1633.06884765625,1645.350830078125,1987259.75,1642.9000244140625,-0.004504245117837757,0.0014917558145004506,-0.005996000932338208,3.5952027180600656e-05
2025-12-03,1635.5,1654.5999755859375,1628.800048828125,1640.5,2371611.0,1638.846435546875,1649.8275146484375,1629.131591796875,1639.7078857421875,1286444.0,1635.5,0.00305716906144915,0.002572843621025722,0.0004843254404234276,2.3457113224134713e-07
2025-12-04,1650.0,1672.0,1645.0999755859375,1654.5999755859375,3935708.0,1636.8096923828125,1644.9945068359375,1623.191162109375,1633.217041015625,1961416.375,1640.5,0.008594925684814125,-0.004439475150487704,0.01303440083530183,0.00016989560513531703
2025-12-05,1662.699951171875,1691.0,1651.0,1683.0,3391204.0,1647.3577880859375,1655.5325927734375,1632.0479736328125,1640.7503662109375,1745860.5,1654.5999755859375,0.017164284318332168,-0.008370367206185558,0.025534651524517726,0.0006520184284785555
2025-12-08,1683.0,1695.4000244140625,1676.9000244140625,1688.5999755859375,2702407.0,1671.7374267578125,1676.821533203125,1649.5443115234375,1658.38818359375,2207935.0,1683.0,0.0033273770564097305,-0.014623776830808066,0.017951153887217797,0.0003222439258825746
2025-12-09,1687.0,1687.0,1656.4000244140625,1657.5999755859375,2817704.0,1695.34521484375,1704.70849609375,1677.3909912109375,1686.9287109375,2710419.0,1688.5999755859375,-0.018358403676538626,-0.0009897339053659415,-0.017368669771172685,0.0003016706896200478
2025-12-10,1663.300048828125,1671.0,1657.0,1666.0,1482249.0,1658.7579345703125,1674.951171875,1650.05517578125,1665.2579345703125,1930037.0,1657.5999755859375,0.0050675823707666545,0.00461990775649479,0.0004476746142718646,2.0041256026346277e-07
2025-12-11,1667.5,1677.4000244140625,1649.0,1672.4000244140625,1408684.0,1657.8607177734375,1668.474853515625,1645.13134765625,1656.015869140625,1987616.25,1666.0,0.0038415512689451425,-0.005992875665891351,0.009834426934836493,9.67159531366375e-05
2025-12-12,1677.4000244140625,1677.9000244140625,1660.0,1673.199951171875,1284337.0,1670.0609130859375,1682.51416015625,1659.978515625,1671.150146484375,1329950.625,1672.4000244140625,0.00047831065901404735,-0.0007473558427657512,0.0012256665017797985,1.5022583735851288e-06
2025-12-15,1673.199951171875,1688.0,1660.0,1684.0,1689723.0,1673.15087890625,1684.87548828125,1663.093505859375,1674.1533203125,1275238.875,1673.199951171875,0.006454726956309553,0.0005697879323731669,0.005884939023936386,3.463250731544935e-05
2025-12-16,1681.0,1682.0,1645.4000244140625,1651.699951171875,1929309.0,1679.8028564453125,1691.5048828125,1667.5086669921875,1680.25927734375,1779250.25,1684.0,-0.019180551560644354,-0.0022213317436163837,-0.01695921981702797,0.0002876151368022742
2025-12-17,1651.0,1664.5,1646.300048828125,1655.0,1394918.0,1656.3880615234375,1665.023681640625,1640.771240234375,1650.7647705078125,1521100.875,1651.699951171875,0.001997971136212584,-0.0005661928266080807,0.0025641639628206647,6.574936828228175e-06
2025-12-18,1657.0,1673.9000244140625,1651.199951171875,1661.4000244140625,1822056.0,1657.8853759765625,1669.9388427734375,1646.0269775390625,1657.75537109375,1489619.5,1655.0,0.0038670842381043347,0.0016648767938065578,0.002202207444297777,4.8497176277205455e-06
2025-12-19,1675.0,1681.0,1632.5,1642.4000244140625,3487150.0,1662.7752685546875,1675.3458251953125,1653.5888671875,1665.911865234375,1387123.25,1661.4000244140625,-0.011436138028648957,0.0027156860202308675,-0.014151824048879824,0.00020027412391045334
2025-12-22,1651.9000244140625,1673.5,1644.0,1670.300048828125,1339691.0,1656.552490234375,1672.771728515625,1647.5001220703125,1663.20263671875,1530489.75,1642.4000244140625,0.016987350218784947,0.012665983923197288,0.004321366295587659,1.8674206660641004e-05
2025-12-23,1675.0999755859375,1686.9000244140625,1656.199951171875,1679.9000244140625,1614314.0,1667.744140625,1680.5440673828125,1656.004638671875,1670.484130859375,1801137.25,1670.300048828125,0.005747455729689266,0.00011020895998847813,0.005637246769700788,3.1778551142501964e-05
2025-12-24,1676.0,1680.0,1665.0999755859375,1674.699951171875,989858.0,1684.925537109375,1698.2918701171875,1672.78173828125,1688.098388671875,1559861.0,1679.9000244140625,-0.003095465900717076,0.004880269146178451,-0.007975735046895527,6.36123495382776e-05
2025-12-26,1668.0,1676.4000244140625,1650.5,1660.9000244140625,921138.0,1683.378173828125,1696.0706787109375,1673.4608154296875,1686.8240966796875,1349645.125,1674.699951171875,-0.008240238347266948,0.00723959268006702,-0.015479831027333968,0.00023962516863481142
2025-12-29,1659.699951171875,1660.800048828125,1625.4000244140625,1630.800048828125,1516288.0,1664.031494140625,1675.09619140625,1654.4384765625,1666.7908935546875,1190998.375,1660.9000244140625,-0.018122689592081964,0.0035467933373674043,-0.02166948292944937,0.0004695664904296976
2025-12-30,1630.800048828125,1635.699951171875,1611.0999755859375,1615.199951171875,3323273.0,1632.566162109375,1652.4322509765625,1625.9696044921875,1643.7554931640625,1504699.75,1630.800048828125,-0.009565916843981004,0.007944226114812158,-0.017510142958793162,0.0003066051064373738
2025-12-31,1624.5,1631.699951171875,1616.800048828125,1623.300048828125,1359963.0,1615.966064453125,1633.88720703125,1608.2545166015625,1627.3216552734375,1672765.25,1615.199951171875,0.005014919453392164,0.007504769977715764,-0.0024898505243236,6.199355633474507e-06
2026-01-01,1622.9000244140625,1645.699951171875,1618.4000244140625,1634.5,773806.0,1632.0927734375,1641.13671875,1621.8582763671875,1632.62744140625,1191904.125,1623.300048828125,0.006899495370532582,0.005745944863895236,0.0011535505066373464,1.3306787713632784e-06
2026-01-02,1632.0,1643.0,1625.0999755859375,1640.199951171875,950573.0,1642.1275634765625,1654.9892578125,1633.178466796875,1646.9683837890625,1178275.375,1634.5,0.003487275112802113,0.007628255606645817,-0.0041409804938437045,1.714771945039405e-05
2026-01-05,1625.0,1633.5,1580.0999755859375,1607.5999755859375,3245802.0,1640.4285888671875,1654.3162841796875,1632.6942138671875,1647.0386962890625,1190800.0,1640.199951171875,-0.01987561063067078,0.004169458188497899,-0.02404506881916868,0.0005781653345185579
2026-01-06,1600.300048828125,1626.0,1597.300048828125,1616.300048828125,2112043.0,1596.7137451171875,1619.5623779296875,1590.5076904296875,1610.4542236328125,2139431.25,1607.5999755859375,0.005411839620746761,0.0017754715664477505,0.0036363680542990107,1.3223172626326372e-05
2026-01-07,1620.800048828125,1654.5,1616.699951171875,1647.699951171875,3816569.0,1615.4979248046875,1641.8629150390625,1610.751953125,1636.8299560546875,1989394.5,1616.300048828125,0.01942702554919551,0.01270179212173339,0.006725233427462118,4.5228764653853875e-05
2026-01-08,1653.300048828125,1660.5999755859375,1635.4000244140625,1646.699951171875,3266398.0,1652.9327392578125,1676.0771484375,1644.9185791015625,1667.535888671875,2166498.0,1647.699951171875,-0.000606906615059799,0.012038561684663662,-0.012645468299723461,0.00015990786851931098
2026-01-09,1647.0999755859375,1675.0,1647.0999755859375,1661.4000244140625,3281306.0,1648.3804931640625,1660.615478515625,1635.3428955078125,1650.4058837890625,1875003.0,1646.699951171875,0.008926989541553132,0.002250520876344364,0.006676468665208768,4.457523383751455e-05
2026-01-12,1659.199951171875,1677.199951171875,1641.5,1667.5999755859375,4175707.0,1666.6434326171875,1677.6138916015625,1652.5523681640625,1665.0625,1593627.0,1661.4000244140625,0.003731763019602541,0.0022044513856493975,0.0015273116339531434,2.3326808272086205e-06
2026-01-13,1685.0,1697.5999755859375,1626.0,1665.0,7149266.0,1665.5809326171875,1679.40478515625,1654.7802734375,1669.131591796875,1664396.75,1667.5999755859375,-0.0015591122715290506,0.0009184554049896931,-0.0024775676765187438,6.138341591730486e-06
2026-01-14,1665.0,1677.9000244140625,1649.199951171875,1668.5,2470615.0,1669.6019287109375,1684.0843505859375,1657.4490966796875,1672.3170166015625,1793451.625,1665.0,0.0021021021021021546,0.004394604565503002,-0.0022925024634008473,5.255567544698953e-06
2026-01-15,1668.5,1668.5,1668.5,1668.5,0.0,1661.465087890625,1672.885986328125,1648.441162109375,1662.8763427734375,1970287.75,1668.5,0.0,-0.00337048680045704,0.00337048680045704,1.1360181272055134e-05
2026-01-16,1670.0,1700.9000244140625,1664.800048828125,1698.0,3098089.0,1651.9356689453125,1660.2445068359375,1636.2850341796875,1647.9222412109375,1566279.0,1668.5,0.017680551393467248,-0.012333088875674303,0.03001364026914155,0.0009008186022054353
2026-01-19,1698.0,1719.0,1685.0999755859375,1716.800048828125,2087629.0,1688.797607421875,1698.136962890625,1670.840576171875,1683.600341796875,1525175.875,1698.0,0.01107187799065068,-0.00848036407722319,0.01955224206787387,0.0003822901698807367
2026-01-20,1720.0,1720.0,1681.800048828125,1687.300048828125,1739341.0,1711.1395263671875,1726.047607421875,1697.3558349609375,1713.0185546875,1586649.75,1716.800048828125,-0.01718313091855772,-0.002202640979190429,-0.014980489939367292,0.00022441507882348466
2026-01-21,1687.5999755859375,1694.9000244140625,1668.9000244140625,1682.5,1728435.0,1702.74609375,1712.953857421875,1688.2950439453125,1700.8922119140625,1411492.75,1687.300048828125,-0.002844810460035707,0.008055569663129925,-0.010900380123165632,0.00011881828682950439
2026-01-22,1690.5999755859375,1709.0,1681.5,1703.0999755859375,1853439.0,1682.220947265625,1697.4278564453125,1672.6826171875,1689.573974609375,1419881.25,1682.5,0.012243670481983715,0.0042044425612928205,0.008039227920690895,6.462918556081604e-05
2026-01-23,1712.699951171875,1721.0,1698.800048828125,1707.0,1874357.0,1687.3927001953125,1698.1553955078125,1671.8038330078125,1685.78271484375,1660300.5,1703.0999755859375,0.002289956238605839,-0.01016808231485622,0.012458038553462059,0.000155202724599547
2026-01-27,1720.0,1725.5,1700.5,1720.199951171875,2671530.0,1702.88037109375,1712.557861328125,1671.865966796875,1678.28515625,1880262.5,1707.0,0.007732836070225568,-0.01682181824838902,0.024554654318614588,0.0006029310487066581
2026-01-28,1705.0999755859375,1734.4000244140625,1691.0,1729.5999755859375,2713867.0,1705.9464111328125,1716.685302734375,1691.0606689453125,1705.197998046875,1467771.875,1720.199951171875,0.0054644952219995435,-0.008721051942118696,0.01418554716411824,0.00020122974834542302
2026-01-29,1722.800048828125,1725.0,1696.0999755859375,1721.5999755859375,2235602.0,1712.552490234375,1723.8997802734375,1697.4161376953125,1712.52001953125,1516483.5,1729.5999755859375,-0.004625346966306343,-0.009875090365274342,0.005249743398967999,2.7559805755008076e-05
2026-01-30,1713.199951171875,1713.199951171875,1683.0,1695.5999755859375,4448681.0,1713.669921875,1726.2467041015625,1698.6695556640625,1714.8094482421875,2253319.0,1721.5999755859375,-0.015102230697436547,-0.003944311942406298,-0.01115791875503025,0.0001244991509438558
2026-02-02,1670.0,1688.5,1653.5999755859375,1676.800048828125,1916380.0,1686.9053955078125,1698.85107421875,1670.007568359375,1686.6507568359375,2018661.75,1695.5999755859375,-0.011087477605863927,-0.005277906864151416,-0.005809570741712511,3.375111220296205e-05
2026-02-03,1780.0,1780.0999755859375,1689.0999755859375,1695.300048828125,3200948.0,1671.851318359375,1684.7779541015625,1656.007080078125,1671.2847900390625,2122101.0,1676.800048828125,0.011032919526051455,-0.003289157101895923,0.014322076627947378,0.00020512187893679653
2026-02-04,1642.0,1645.0,1586.0,1621.800048828125,5834470.0,1701.16015625,1710.337646484375,1668.252197265625,1683.60009765625,2216202.25,1695.300048828125,-0.043355157130330335,-0.006901404373793607,-0.03645375275653673,0.0013288760900347092
2026-02-05,1613.699951171875,1631.800048828125,1600.199951171875,1610.0,3184531.0,1603.2454833984375,1653.9056396484375,1597.29833984375,1644.78369140625,3263977.5,1621.800048828125,-0.007275896209678501,0.014171686944227435,-0.021447583153905936,0.0004599988231437097
2026-02-06,1612.0,1612.0,1574.0999755859375,1593.699951171875,3342992.0,1604.3084716796875,1625.4930419921875,1594.25146484375,1618.2059326171875,2010119.75,1610.0,-0.010124253930512417,0.005096852557259224,-0.01522110648777164,0.00023168208271208394
2026-02-09,1600.4000244140625,1619.9000244140625,1594.4000244140625,1602.0,1863558.0,1587.61767578125,1605.4337158203125,1575.3681640625,1595.4044189453125,2965345.5,1593.699951171875,0.005208037323475967,0.001069503561309748,0.004138533762166219,1.7127461700589677e-05
2026-02-10,1595.0,1602.4000244140625,1567.800048828125,1573.0999755859375,3234785.0,1604.412841796875,1616.1531982421875,1591.508544921875,1605.3660888671875,2154235.5,1602.0,-0.018039965302161343,0.0021011790681570996,-0.020141144370318442,0.00040566569654601026
2026-02-11,1574.0,1578.0999755859375,1546.0999755859375,1551.5999755859375,2944646.0,1571.1781005859375,1598.304931640625,1565.1668701171875,1591.2706298828125,2573272.75,1573.0999755859375,-0.01366728137669182,0.011550857910417989,-0.02521813928710981,0.0006359545491040712
2026-02-12,1529.0,1535.0,1469.5,1476.0999755859375,5397659.0,1553.3656005859375,1572.793701171875,1546.92236328125,1567.6348876953125,1996710.25,1551.5999755859375,-0.04865944907706554,0.010334436943594039,-0.05899388602065958,0.003480278587818574
2026-02-13,1423.0,1476.800048828125,1396.0,1455.199951171875,7214938.0,1476.2926025390625,1499.76025390625,1466.671875,1483.787109375,2988480.25,1476.0999755859375,-0.014158949095413598,0.005207732481677718,-0.019366681577091316,0.0003750683553084482
2026-02-16,1451.0999755859375,1467.0,1446.800048828125,1461.800048828125,2388700.0,1469.2000732421875,1496.1884765625,1450.401611328125,1472.763916015625,3782094.0,1455.199951171875,0.004535526304089599,0.012069794827580749,-0.00753426852349115,5.676520218406951e-05
2026-02-17,1464.0,1510.699951171875,1458.0,1482.5999755859375,2840341.0,1457.0323486328125,1469.730224609375,1446.7608642578125,1455.622314453125,1872606.25,1461.800048828125,0.014228982120014999,-0.00422611449490129,0.01845509661491629,0.0003405905910658947
2026-02-18,1483.199951171875,1483.199951171875,1443.4000244140625,1467.199951171875,2036245.0,1484.05126953125,1492.4146728515625,1459.114013671875,1465.779052734375,1778759.25,1482.5999755859375,-0.010387174334045346,-0.011345557216075552,0.0009583828820302065,9.184977485685247e-07
2026-02-19,1470.0,1501.800048828125,1443.0,1450.4000244140625,2397127.0,1463.931396484375,1474.34033203125,1451.4471435546875,1459.2740478515625,1701882.875,1467.199951171875,-0.01145033214075164,-0.005402060785226981,-0.006048271355524659,3.65815863900601e-05
2026-02-20,1443.0,1455.0,1431.0,1436.5,2392491.0,1459.7982177734375,1476.094482421875,1443.711669921875,1455.5643310546875,1662826.875,1450.4000244140625,-0.009583579826315747,0.0035606084898620605,-0.013144188316177807,0.00017276968649114518
2026-02-23,1438.199951171875,1441.5999755859375,1415.5,1426.199951171875,2629763.0,1440.251708984375,1458.1243896484375,1431.732666015625,1445.04736328125,2115535.5,1436.5,-0.007170239351287799,0.005950131069439646,-0.013120370420727445,0.00017214411997709968
2026-02-24,1402.300048828125,1406.699951171875,1322.5,1339.199951171875,10004684.0,1434.7891845703125,1452.9296875,1426.8651123046875,1440.3946533203125,2134598.75,1426.199951171875,-0.06100126418354879,0.009952813514524372,-0.07095407769807316,0.0050344811419842025
2026-02-25,1355.0,1391.4000244140625,1354.0,1378.199951171875,5703505.0,1337.4334716796875,1362.7325439453125,1319.405029296875,1341.37548828125,3899137.75,1339.199951171875,0.02912186486108581,0.001624505069217852,0.02749735979186796,0.0007561047955234367
2026-02-26,1391.0,1405.0,1368.0,1373.5,2329520.0,1397.072021484375,1410.565673828125,1380.61181640625,1387.113037109375,3024766.75,1378.199951171875,-0.003410209939333275,0.006467193624496437,-0.009877403563829712,9.75631011627559e-05
2026-02-27,1398.0,1404.800048828125,1382.0,1389.0999755859375,8651443.0,1390.5008544921875,1402.8992919921875,1375.333984375,1381.1279296875,2634877.25,1373.5,0.011357827146659893,0.0055536437477248235,0.00580418339893507,3.368854492847346e-05
2026-03-02,1351.0,1386.0,1350.0,1371.0,2088938.0,1419.369873046875,1439.3365478515625,1409.034423828125,1424.2490234375,2395975.5,1389.0999755859375,-0.013030002090600235,0.025303468770659476,-0.03833347086125971,0.0014694549882710473
2026-03-04,1356.0,1382.0,1356.0,1364.0,3161598.0,1371.956787109375,1386.9097900390625,1360.8792724609375,1368.0479736328125,2680066.25,1371.0,-0.0051057622173595885,-0.0021531920986049835,-0.002952570118754605,8.717670306162582e-06
2026-03-05,1378.199951171875,1378.199951171875,1332.5,1354.0999755859375,2217963.0,1371.3587646484375,1388.52783203125,1364.814208984375,1374.8631591796875,2380055.25,1364.0,-0.00725808241500181,0.007964192946984916,-0.015222275361986726,0.0002317176671961481
2026-03-06,1356.0,1380.800048828125,1354.199951171875,1356.699951171875,1871596.0,1357.73681640625,1381.43994140625,1349.265869140625,1366.234130859375,3563784.0,1354.0999755859375,0.001920076532615278,0.00896104829201172,-0.007040971759396442,4.9575283316618225e-05
2026-03-09,1330.0,1372.699951171875,1328.0,1358.5999755859375,2256550.0,1375.9677734375,1406.5185546875,1374.4007568359375,1396.413818359375,2402420.0,1356.699951171875,0.0014004750368137309,0.029272402606925985,-0.027871927570112254,0.0007768443464735836
2026-03-10,1361.0,1364.4000244140625,1345.0,1361.5,1671877.0,1354.303955078125,1384.795166015625,1352.6646728515625,1371.5068359375,2960907.0,1358.5999755859375,0.0021345682807125677,0.009500118197776297,-0.0073655499170637295,5.425132558075751e-05
2026-03-11,1367.199951171875,1376.0,1346.9000244140625,1350.300048828125,1837000.0,1374.3262939453125,1400.563232421875,1370.51611328125,1389.815185546875,1966102.5,1361.5,-0.008226185216213766,0.020797051448310677,-0.029023236664524443,0.0008423482664849959
2026-03-12,1350.0,1363.4000244140625,1341.0,1358.0999755859375,2616965.0,1351.8089599609375,1380.7098388671875,1349.2174072265625,1367.152587890625,2878480.75,1350.300048828125,0.005776439662119381,0.012480588353029898,-0.006704148690910516,4.494560966983719e-05
2026-03-13,1350.0,1356.699951171875,1321.0,1325.4000244140625,2190786.0,1360.5894775390625,1393.0172119140625,1355.8114013671875,1382.7327880859375,3206052.5,1358.0999755859375,-0.02407772016766807,0.01813770189442243,-0.0422154220620905,0.0017821418598804376
2026-03-16,1312.800048828125,1337.699951171875,1302.4000244140625,1328.5999755859375,3618375.0,1336.55859375,1361.7452392578125,1332.818115234375,1349.79541015625,1765745.5,1325.4000244140625,0.002414328589807946,0.018406054996847,-0.015991726407039053,0.0002557353134775902
2026-03-17,1328.5999755859375,1328.5999755859375,1297.699951171875,1321.0999755859375,2285672.0,1318.8760986328125,1356.28173828125,1316.7509765625,1342.304931640625,3138408.75,1328.5999755859375,-0.005645039995347267,0.010315336675091658,-0.015960376670438925,0.0002547336234622911
2026-03-18,1326.5,1378.4000244140625,1326.5,1357.199951171875,2564106.0,1325.939208984375,1357.3895263671875,1324.3812255859375,1347.36181640625,2479195.25,1321.0999755859375,0.02732569544551411,0.019878768681881764,0.007446926763632344,5.54567182229037e-05
2026-03-19,1341.4000244140625,1354.199951171875,1309.199951171875,1311.800048828125,1663249.0,1365.1077880859375,1390.09326171875,1348.4481201171875,1368.3453369140625,3274091.75,1357.199951171875,-0.03345115235566387,0.008212044019426878,-0.04166319637509075,0.001735821932189375
2026-03-20,1334.9000244140625,1352.5,1328.9000244140625,1333.699951171875,5050431.0,1332.002685546875,1354.8056640625,1326.3857421875,1342.0445556640625,1683443.375,1311.800048828125,0.01669454301615092,0.02305572931099964,-0.00636118629484872,4.0464691077771185e-05
2026-03-23,1314.800048828125,1365.0,1310.0,1358.5999755859375,5166409.0,1352.6820068359375,1370.9337158203125,1343.4171142578125,1357.3323974609375,1703483.0,1333.699951171875,0.018669884775945,0.017719462513511752,0.0009504222624332481,9.033024769287339e-07
2026-03-24,1380.0,1394.0,1360.0,1373.300048828125,3555664.0,1356.864501953125,1380.4610595703125,1348.4447021484375,1366.3692626953125,2709918.75,1358.5999755859375,0.010820015829786644,0.005718598004555542,0.005101417825231103,2.6024463827585633e-05
2026-03-25,1348.0,1411.4000244140625,1348.0,1381.300048828125,4167275.0,1377.2589111328125,1393.955322265625,1363.49560546875,1375.3170166015625,2226117.0,1373.300048828125,0.005825383904141335,0.0014687014503194096,0.004356682453821925,1.898068200343983e-05
2026-03-27,1377.0,1407.4000244140625,1359.800048828125,1364.4000244140625,8956139.0,1377.1669921875,1407.24560546875,1371.538330078125,1395.1510009765625,1895352.25,1381.300048828125,-0.012234868469309212,0.010027475319492218,-0.02226234378880143,0.0004956119509707856
2026-03-30,1350.0,1359.199951171875,1336.199951171875,1341.5999755859375,5541018.0,1380.2945556640625,1408.16162109375,1360.0179443359375,1379.589599609375,4069159.0,1364.4000244140625,-0.016710677528693596,0.011132787249718445,-0.02784346477841204,0.0007752585308666719
2026-04-01,1399.699951171875,1399.699951171875,1349.0,1354.4000244140625,2469237.0,1340.638671875,1373.4541015625,1332.6883544921875,1355.3199462890625,4220000.0,1341.5999755859375,0.009540883319213433,0.010226573459151123,-0.0006856901399376891,4.701709680077677e-07
2026-04-02,1347.0,1412.800048828125,1341.199951171875,1402.199951171875,6509389.0,1369.975830078125,1394.325439453125,1349.9791259765625,1365.87646484375,3743085.0,1354.4000244140625,0.03529232567644969,0.008473449662445454,0.026818876014004234,0.0007192521106545316
2026-04-06,1397.0,1422.300048828125,1394.0999755859375,1403.300048828125,2134581.0,1394.3580322265625,1413.3104248046875,1364.3983154296875,1377.71142578125,4020055.0,1402.199951171875,0.000784551201368,-0.017464360464539253,0.018248911665907253,0.0003330227769900858
2026-04-07,1391.0,1446.5,1388.0999755859375,1441.5999755859375,3459049.0,1405.189697265625,1424.0772705078125,1394.8018798828125,1407.6727294921875,1859044.25,1403.300048828125,0.027292756662979034,0.0031159983694963866,0.024176758293482647,0.000584515641581482
2026-04-08,1449.9000244140625,1466.0,1431.9000244140625,1461.0,4239052.0,1426.9639892578125,1440.02490234375,1408.3223876953125,1418.58935546875,1994916.375,1441.5999755859375,0.013457286863630458,-0.01596186217181006,0.029419149035440517,0.0008654863299694607
2026-04-09,1458.9000244140625,1469.0,1436.0,1464.9000244140625,3101205.0,1456.763916015625,1469.1195068359375,1439.697021484375,1449.9442138671875,2382013.25,1461.0,0.00266942122796876,-0.007567273191521173,0.010236694419489933,0.00010478991263801635
2026-04-10,1452.0,1457.5999755859375,1421.0999755859375,1451.199951171875,3450066.0,1460.7940673828125,1472.8221435546875,1444.5362548828125,1454.657958984375,2355894.5,1464.9000244140625,-0.009352224052059377,-0.006991648070853285,-0.0023605759812060922,5.5723189630471055e-06
2026-04-13,1441.0,1447.800048828125,1417.5,1429.4000244140625,2252652.0,1450.6092529296875,1465.969970703125,1438.613037109375,1450.9903564453125,2392887.5,1451.199951171875,-0.015022000752004327,-0.00014442856505969548,-0.014877572186944632,0.00022134215417774847
2026-04-15,1445.0,1474.9000244140625,1437.0999755859375,1451.300048828125,3993858.0,1435.1243896484375,1449.412353515625,1421.7091064453125,1431.9827880859375,2256564.25,1429.4000244140625,0.01532113057227602,0.0018068865452367522,0.013514244027039268,0.00018263479162236655
2026-04-16,1460.0,1468.699951171875,1435.0999755859375,1450.199951171875,5229848.0,1454.1092529296875,1469.0560302734375,1441.59130859375,1453.5406494140625,2393970.0,1451.300048828125,-0.0007580084195121239,0.0015438575832382728,-0.0023018660027503968,5.29858709461809e-06
2026-04-17,1443.300048828125,1458.0,1430.0,1442.300048828125,3319268.0,1456.2603759765625,1472.371337890625,1440.0272216796875,1455.22802734375,3348736.25,1450.199951171875,-0.005447457322947935,0.0034671606269272015,-0.008914617949875137,7.947041319223598e-05
2026-04-20,1445.9000244140625,1451.9000244140625,1424.0,1428.300048828125,2352656.0,1441.0687255859375,1455.2939453125,1426.1112060546875,1436.46533203125,2425291.0,1442.300048828125,-0.009706718107217016,-0.004045425084479248,-0.005661293022737768,3.205023868929933e-05
2026-04-21,1430.0,1455.0,1422.4000244140625,1441.199951171875,3091487.0,1435.89697265625,1451.1270751953125,1423.9259033203125,1434.576904296875,2016342.625,1428.300048828125,0.009031647344921678,0.004394633658312941,0.0046370136866087375,2.1501895929796755e-05
2026-04-22,1345.0,1358.0,1281.0,1285.300048828125,33066256.0,1441.970703125,1458.9703369140625,1431.8463134765625,1444.6083984375,2873817.75,1441.199951171875,-0.10817368000670824,0.0023650065092311046,-0.11053868651593934,0.012218801216669111
2026-04-23,1290.0,1294.300048828125,1272.0,1277.5999755859375,8304759.0,1312.6085205078125,1358.8023681640625,1301.2789306640625,1338.1080322265625,8307451.0,1285.300048828125,-0.0059908760209012035,0.041086113274939384,-0.04707698929584059,0.002216242921160689
2026-04-24,1264.4000244140625,1264.800048828125,1198.0999755859375,1203.199951171875,10903519.0,1289.109130859375,1362.1834716796875,1245.84716796875,1329.3497314453125,7604153.0,1277.5999755859375,-0.05823420932670331,0.04050544524755595,-0.09873965457425926,0.009749519385444038
2026-04-27,1209.0,1232.0,1201.0,1228.199951171875,6066942.0,1236.9144287109375,1315.826171875,1227.89453125,1288.822998046875,9058635.0,1203.199951171875,0.020777926375122435,0.07116277455929598,-0.05038484818417355,0.0025386329265422165
2026-04-28,1227.9000244140625,1232.699951171875,1192.300048828125,1196.0,6643295.0,1237.89111328125,1267.59765625,1226.29931640625,1245.91552734375,4129046.0,1228.199951171875,-0.026217189750864067,0.014424016346012536,-0.0406412060968766,0.0016517076330088
2026-04-29,1200.0,1210.800048828125,1192.0999755859375,1200.199951171875,4777201.0,1197.0625,1247.9893798828125,1181.43310546875,1215.9698486328125,9294296.0,1196.0,0.0035116648594273325,0.016697197853522194,-0.013185532994094862,0.00017385828033836422
2026-04-30,1200.0,1213.699951171875,1184.0,1199.0999755859375,5070033.0,1203.28173828125,1257.693115234375,1167.1182861328125,1229.680419921875,7128967.0,1200.199951171875,-0.0009164936099718135,0.024562964463725523,-0.025479458073697336,0.0006492027837293004
2026-05-01,1199.0999755859375,1199.0999755859375,1199.0999755859375,1199.0999755859375,0.0,1218.8179931640625,1235.9251708984375,1204.107421875,1213.2755126953125,3981297.5,1199.0999755859375,0.0,0.011821814192305435,-0.011821814192305435,0.00013975529079739423
2026-05-04,1208.0,1213.5,1191.4000244140625,1200.5,3318673.0,1236.1309814453125,1288.87451171875,1181.630859375,1246.47509765625,6992957.5,1199.0999755859375,0.0011675627075034,0.03950890087139136,-0.03834133816388796,0.0014700582121976115
2026-05-05,1200.0,1205.4000244140625,1190.0,1200.199951171875,2459953.0,1216.060791015625,1241.509765625,1208.370361328125,1224.70361328125,2672307.25,1200.5,-0.00024993654987504055,0.020161277202207506,-0.020411213752082547,0.0004166176468332037
2026-05-06,1208.0,1212.0,1186.4000244140625,1189.0999755859375,3541520.0,1208.087158203125,1232.5992431640625,1202.1346435546875,1217.1314697265625,2478709.75,1200.199951171875,-0.00924843862483038,0.014107248161571384,-0.023355686786401764,0.000545488105264502
2026-05-07,1195.0,1196.0,1181.0999755859375,1183.4000244140625,3725309.0,1191.1090087890625,1233.173095703125,1189.8299560546875,1217.5616455078125,4343229.0,1189.0999755859375,-0.004793500369105863,0.02393547263160123,-0.028728973000707092,0.0008253538896753571
2026-05-08,1179.800048828125,1202.800048828125,1176.800048828125,1198.4000244140625,2813749.0,1180.967041015625,1207.5555419921875,1177.208251953125,1193.374267578125,3572750.25,1183.4000244140625,0.012675341972742338,0.008428462868252051,0.0042468791044902865,1.803598212815622e-05
2026-05-11,1196.9000244140625,1206.300048828125,1191.0999755859375,1194.9000244140625,2505962.0,1195.4091796875,1225.08447265625,1193.0594482421875,1212.3824462890625,3194451.75,1198.4000244140625,-0.0029205606881652635,0.011667574758133403,-0.014588135446298667,0.0002128136957995556
2026-05-12,1183.0,1184.0,1142.5999755859375,1145.800048828125,3959561.0,1196.9659423828125,1210.331298828125,1186.878662109375,1192.9324951171875,3383048.5,1194.9000244140625,-0.041091283440231274,-0.0016466057884966245,-0.03944467765173465,0.0015558825950492548
2026-05-13,1146.300048828125,1154.5999755859375,1137.0999755859375,1143.199951171875,2635034.0,1159.6240234375,1172.3985595703125,1147.9788818359375,1154.431640625,3263713.25,1145.800048828125,-0.0022692420539772717,0.00753324439609071,-0.009802486450067982,9.608874060376639e-05
2026-05-14,1139.0,1143.199951171875,1103.4000244140625,1124.0,5837032.0,1163.17138671875,1183.2119140625,1157.587158203125,1169.582763671875,2387168.5,1143.199951171875,-0.01679491951709189,0.023078038511946675,-0.03987295802903856,0.0015898527819854708
2026-05-15,1121.9000244140625,1152.0,1121.800048828125,1132.5999755859375,3729249.0,1130.494873046875,1145.9315185546875,1120.755126953125,1131.07373046875,3532423.25,1124.0,0.007651223830905218,0.006293354509564031,0.0013578693213411874,1.843809093839577e-06
2026-05-18,1129.0,1149.5,1121.4000244140625,1146.5999755859375,2588569.0,1129.1531982421875,1151.8697509765625,1124.85400390625,1139.17578125,2704731.5,1132.5999755859375,0.012360939697846351,0.005805938377016595,0.006555001320829756,4.296804231607985e-05
2026-05-19,1156.0,1198.300048828125,1152.300048828125,1179.4000244140625,5756760.0,1149.6124267578125,1174.619384765625,1146.775390625,1164.297119140625,2544464.0,1146.5999755859375,0.02860635751484608,0.01543445310614433,0.013171904408701751,0.00017349906575197662
2026-05-20,1166.199951171875,1181.0,1162.4000244140625,1169.800048828125,1415960.0,1189.3231201171875,1205.7633056640625,1177.03271484375,1189.7105712890625,2667926.75,1179.4000244140625,-0.0081397111982483,0.008742196592816276,-0.016881907791064577,0.00028499881066600683
2026-05-21,1173.699951171875,1180.5999755859375,1163.199951171875,1168.199951171875,2245247.0,1179.842529296875,1194.37158203125,1172.8238525390625,1181.2547607421875,1524448.25,1169.800048828125,-0.0013678385958805217,0.009792025505160007,-0.011159864101040529,0.00012454256675369313
2026-05-22,1169.9000244140625,1176.0,1159.9000244140625,1164.0,2044782.0,1171.8251953125,1188.3040771484375,1168.028076171875,1177.7763671875,1552431.25,1168.199951171875,-0.0035952331342437027,0.008197582961734007,-0.01179281609597771,0.00013907051147355094
2026-05-25,1168.0,1178.0,1162.0999755859375,1165.699951171875,1419803.0,1167.93310546875,1185.9517822265625,1165.0478515625,1176.3585205078125,1430989.5,1164.0,0.001460439151095283,0.010617285659632714,-0.00915684650853743,8.384783798091414e-05
2026-05-26,1165.699951171875,1173.699951171875,1160.0,1161.9000244140625,1196820.0,1178.443115234375,1190.5849609375,1172.7327880859375,1179.4857177734375,1324234.0,1165.699951171875,-0.003259781176101484,0.011826170694871907,-0.01508595187097339,0.00022758594385332556
2026-05-27,1155.300048828125,1169.800048828125,1153.699951171875,1165.199951171875,1004168.0,1178.6929931640625,1189.0694580078125,1173.0224609375,1178.345703125,1243738.0,1161.9000244140625,0.002840112478245782,0.01415412545432293,-0.011314012976077148,0.0001280068896228421
2026-05-28,1165.199951171875,1165.199951171875,1165.199951171875,1165.199951171875,0.0,1176.216552734375,1186.1885986328125,1170.795166015625,1176.0272216796875,1178015.75,1165.199951171875,0.0,0.009292199589369332,-0.009292199589369332,8.634497320867558e-05
2026-05-29,1180.0,1191.699951171875,1177.0,1183.800048828125,12446602.0,1176.175537109375,1186.82666015625,1171.1640625,1176.514404296875,993783.75,1165.199951171875,0.015963009299428288,0.009710310332248673,0.006252698967179615,3.9096244374169026e-05
2026-06-01,1190.0999755859375,1212.800048828125,1190.0999755859375,1195.0999755859375,5970435.0,1187.668701171875,1199.583740234375,1177.63525390625,1185.703125,1559541.25,1183.800048828125,0.009545469075625146,0.0016075993355118001,0.007937869740113346,6.300977601100711e-05
2026-06-02,1210.0,1257.0,1202.199951171875,1243.5,7663067.0,1201.10205078125,1208.1136474609375,1184.35986328125,1188.455078125,2600027.0,1195.0999755859375,0.04049872429319801,-0.005560118481032994,0.046058842774231,0.0021214169977013314
2026-06-03,1228.800048828125,1230.0,1176.800048828125,1179.0,4800922.0,1232.496826171875,1246.5137939453125,1220.2781982421875,1230.025390625,3486112.75,1243.5,-0.05186972255729794,-0.010836034881383183,-0.041033687675914754,0.0016837635242845184
2026-06-04,1166.4000244140625,1176.5,1158.199951171875,1168.300048828125,2025595.0,1174.35595703125,1189.854736328125,1165.2752685546875,1175.414794921875,2781222.25,1179.0,-0.009075446286577638,-0.003040886410623389,-0.0060345598759542485,3.6415912896476955e-05
2026-06-05,1179.0,1182.5,1147.0,1154.699951171875,1971395.0,1154.290771484375,1171.416259765625,1150.826904296875,1160.20263671875,1574966.875,1168.300048828125,-0.011640928775010884,-0.006930935351322831,-0.0047099934236880525,2.2184038051184704e-05
2026-06-08,1141.9000244140625,1159.0,1132.300048828125,1151.300048828125,1546444.0,1147.9990234375,1164.351318359375,1145.049072265625,1154.3924560546875,1415349.25,1154.699951171875,-0.002944403297410303,-0.00026629871844663366,-0.0026781045789636693,7.172244135866172e-06
2026-06-09,1158.699951171875,1159.0,1136.4000244140625,1146.300048828125,2225582.0,1139.57177734375,1157.39111328125,1137.495849609375,1148.807373046875,1311936.25,1151.300048828125,-0.004342916518668916,-0.002165096565215352,-0.0021778199534535636,4.742899749660482e-06
2026-06-10,1140.800048828125,1152.0,1130.0,1132.0999755859375,1600595.0,1138.8411865234375,1152.78515625,1134.82568359375,1142.73583984375,1415222.5,1146.300048828125,-0.012387745474410794,-0.003109315914291977,-0.009278429560118817,8.608925510208667e-05
2026-06-11,1112.9000244140625,1114.0,1089.5,1110.199951171875,3435236.0,1125.546875,1141.662841796875,1123.2982177734375,1132.658935546875,1286008.25,1132.0999755859375,-0.01934460284987438,0.0004937372785016603,-0.019838340128376042,0.0003935597390491351
2026-06-12,1120.0,1122.5,1100.5,1109.5999755859375,2203987.0,1110.421142578125,1126.31787109375,1108.423583984375,1116.9830322265625,2437726.0,1110.199951171875,-0.0005404211964737948,0.006109783239971911,-0.006650204436445706,4.422521904652215e-05
2026-06-15,1123.5,1128.0,1113.0,1119.300048828125,2361006.0,1117.63623046875,1130.9031982421875,1114.5601806640625,1121.7890625,1374745.5,1109.5999755859375,0.008741955169082605,0.010985118224814183,-0.0022431630557315785,5.031780494599032e-06
2026-06-16,1141.0,1161.9000244140625,1137.5,1159.0,8343470.0,1129.872314453125,1137.91162109375,1123.434326171875,1126.16650390625,1342112.5,1119.300048828125,0.03546855127312787,0.006134597318488533,0.029333953954639336,0.0008604808546129007
2026-06-17,1169.0,1173.5999755859375,1159.300048828125,1166.800048828125,2263670.0,1172.055908203125,1187.753662109375,1161.766845703125,1173.6912841796875,2473186.0,1159.0,0.006729981732635837,0.012675827592482758,-0.005945845859846921,3.535308298905877e-05
2026-06-18,1152.0,1168.800048828125,1136.0999755859375,1161.800048828125,3368037.0,1171.6363525390625,1186.6829833984375,1165.268310546875,1174.7430419921875,2289208.0,1166.800048828125,-0.0042852243664385226,0.006807501569819241,-0.011092725936257763,0.00012304856869692568
2026-06-19,1110.0,1136.0,1091.4000244140625,1131.699951171875,10014063.0,1150.6573486328125,1170.8848876953125,1148.098876953125,1162.873046875,1828851.375,1161.800048828125,-0.025908156645897185,0.0009235651590455696,-0.026831721804942754,0.0007199412950178404
2026-06-22,1136.0,1148.699951171875,1127.0,1130.5,2312385.0,1137.9781494140625,1145.083984375,1125.8521728515625,1129.999755859375,1881989.0,1131.699951171875,-0.0010603085832356918,-0.0015023375327881672,0.0004420289495524754,1.9538959224246486e-07
2026-06-23,1121.5999755859375,1125.800048828125,1105.5,1109.5,3235632.0,1133.349853515625,1150.5574951171875,1112.628173828125,1123.3935546875,1660557.25,1130.5,-0.018575851393188847,-0.006286108193277351,-0.012289743199911496,0.00015103778791977085
2026-06-24,1097.5999755859375,1121.5,1093.199951171875,1113.9000244140625,3503015.0,1110.73291015625,1121.497802734375,1105.661376953125,1111.47021484375,1818512.0,1109.5,0.00396577234255302,0.0017757682232988348,0.0021900041192541853,4.7961180423502995e-06
2026-06-25,1133.0,1133.5,1097.5,1100.699951171875,5877425.0,1113.6663818359375,1121.0081787109375,1106.3798828125,1109.169677734375,1857795.5,1113.9000244140625,-0.01185032135099473,-0.004246652819830721,-0.0076036685311640095,5.7815775131813846e-05
2026-06-26,1100.699951171875,1100.699951171875,1100.699951171875,1100.699951171875,0.0,1107.0782470703125,1121.8272705078125,1089.9141845703125,1100.329345703125,5625298.0,1100.699951171875,0.0,-0.0003366998139279209,0.0003366998139279209,1.1336676469909657e-07
2026-06-29,1095.5999755859375,1108.300048828125,1086.0,1102.4000244140625,5186504.0,1111.1181640625,1120.509033203125,1097.2037353515625,1091.46435546875,657016.5,1100.699951171875,0.001544538309806942,-0.008390656957231846,0.009935195267038788,9.870810499418993e-05
2026-06-30,1102.5,1105.699951171875,1068.5999755859375,1071.800048828125,3794233.0,1107.42919921875,1116.559814453125,1095.9560546875,1101.9527587890625,2849199.0,1102.4000244140625,-0.02775759697774105,-0.00040571989758231286,-0.027351877080158737,0.0007481251798081128
2026-07-01,1070.0,1076.5,1030.0,1034.199951171875,3819777.0,1085.4453125,1096.986328125,1079.94775390625,1085.794677734375,1921893.0,1071.800048828125,-0.03508126137646739,0.013057126580234169,-0.048138387956701556,0.0023173043950699096
2026-07-02,1049.0,1082.9000244140625,1048.0,1078.0999755859375,3726609.0,1056.362060546875,1075.0078125,1054.763427734375,1066.7508544921875,1930386.0,1034.199951171875,0.042448294804421804,0.03147447771915712,0.010973817085264681,0.00012042466142084702
2026-07-03,1127.0999755859375,1159.0,1115.0999755859375,1139.0,12768463.0,1077.2646484375,1086.388427734375,1070.8092041015625,1074.58251953125,1907777.25,1078.0999755859375,0.05648829031923852,-0.003262643664170173,0.059750933983408694,0.003570174111889664
2026-07-06,1145.0,1147.9000244140625,1126.0,1134.199951171875,2747815.0,1111.322265625,1159.5458984375,1087.705810546875,1123.96630859375,20796336.0,1139.0,-0.004214265871927081,-0.013199026695566274,0.008984760823639193,8.072592705800162e-05
2026-07-07,1135.0,1175.0,1134.0,1168.199951171875,5179529.0,1145.883056640625,1155.38232421875,1134.825927734375,1140.962890625,2037158.0,1134.199951171875,0.029977077643911665,0.005962740031982383,0.024014337611929282,0.0005766884109397214
2026-07-08,1165.0,1176.5,1141.699951171875,1145.5999755859375,3091794.0,1175.296142578125,1190.892822265625,1167.9854736328125,1180.275146484375,2239574.75,1168.199951171875,-0.01934598230659612,0.010336582620455337,-0.029682564927051458,0.0008810546606486254
2026-07-09,1144.0999755859375,1161.9000244140625,1121.0,1150.4000244140625,2033525.0,1147.8658447265625,1156.40283203125,1139.0885009765625,1143.521240234375,2064134.25,1145.5999755859375,0.00418998684568761,-0.0018145385787907697,0.00600452542447838,3.6054325573207266e-05
2026-07-10,1173.0,1191.5,1153.5,1164.0999755859375,3979475.0,1140.876953125,1150.88134765625,1133.8955078125,1139.9154052734375,1911051.625,1150.4000244140625,0.011908858554530166,-0.009113889880144277,0.021022748434674443,0.00044195595174760673
2026-07-13,1162.0,1237.0,1162.0,1221.199951171875,9028077.0,1172.5802001953125,1183.6932373046875,1163.239501953125,1171.379638671875,2690917.0,1164.0999755859375,0.04905074889052963,0.006253468979134258,0.04279727991139537,0.0018316071678143257
2026-07-14,1200.0,1209.0999755859375,1164.0,1166.699951171875,9754723.0,1215.324951171875,1228.519287109375,1199.133544921875,1211.905029296875,4193328.5,1221.199951171875,-0.044628236307822755,-0.0076113022000046104,-0.037016934107818145,0.0013702534107425503
2026-07-15,1157.0,1181.5999755859375,1144.5,1168.0,3253196.0,1172.0751953125,1183.44287109375,1154.4681396484375,1165.224609375,3070224.0,1166.699951171875,0.0011142957765784,-0.0012645426061714815,0.0023788383827498816,5.658872051244072e-06
2026-07-16,1175.4000244140625,1204.0,1174.699951171875,1187.4000244140625,5147444.0,1159.88916015625,1168.653564453125,1147.260009765625,1153.62841796875,2206559.0,1168.0,0.016609609943546655,-0.01230443667059078,0.028914046614137434,0.0008360220916045125
2026-07-17,1197.800048828125,1223.5,1195.800048828125,1203.9000244140625,5037972.0,1181.500244140625,1202.25732421875,1178.4971923828125,1193.2025146484375,3388870.75,1187.4000244140625,0.013895906738036423,0.004886718978499571,0.009009187759536852,8.116546408658864e-05
2026-07-20,1205.0,1224.699951171875,1200.0999755859375,1221.300048828125,3612829.0,1200.7218017578125,1208.65380859375,1188.262939453125,1194.235107421875,2459099.5,1203.9000244140625,0.014453047646154182,-0.008028006309653057,0.02248105395580724,0.0005053977869639163
2026-07-21,1219.0,1240.699951171875,1217.199951171875,1239.5,4642320.0,1201.3521728515625,1210.05517578125,1190.9593505859375,1197.1107177734375,2365314.5,1221.300048828125,0.014902112866808093,-0.019806214760981877,0.03470832762778997,0.0012046680067180086
2026-07-22,1243.800048828125,1243.800048828125,1227.699951171875,1237.300048828125,2377718.0,1237.457275390625,1240.79296875,1219.7000732421875,1222.9122314453125,1779862.5,1239.5,-0.0017748698441911737,-0.013382628926734585,0.011607759082543412,0.00013474007091836908
2026-07-23,1236.0,1248.800048828125,1228.800048828125,1244.699951171875,1878476.0,1234.3040771484375,1244.1402587890625,1227.7529296875,1235.723388671875,1931714.5,1237.300048828125,0.005980685405095221,-0.001274274706239087,0.007254960111334308,5.2634446217051906e-05
2026-07-24,1237.0,1276.0,1236.5999755859375,1271.0,3674904.0,1229.1849365234375,1241.2222900390625,1218.8206787109375,1232.869140625,2654735.5,1244.699951171875,0.02112962951702846,-0.009504949795921758,0.030634579312950216,0.0009384774496814373
2026-07-27,1284.5999755859375,1303.0,1277.300048828125,1295.9000244140625,3847049.0,1264.8338623046875,1282.1209716796875,1259.32666015625,1274.125732421875,2604646.0,1271.0,0.019590892536634597,0.0024592701981707155,0.01713162233846388,0.00029349248394775466
2026-07-28,1301.0,1342.0,1301.0,1318.5999755859375,5187064.0,1284.3409423828125,1297.090576171875,1274.2935791015625,1285.59228515625,2609130.0,1295.9000244140625,0.01751674569351036,-0.007954116107431242,0.025470861800941602,0.0006487648008826661
2026-07-29,1344.0,1352.699951171875,1323.199951171875,1344.300048828125,3061520.0,1306.882080078125,1314.056884765625,1291.052734375,1299.1187744140625,2687831.0,1318.5999755859375,0.019490424479014168,-0.014774155568460623,0.03426458004747479,0.0011740614458298074
2026-07-30,1349.0,1369.9000244140625,1345.5999755859375,1352.699951171875,3747919.0,1348.5498046875,1367.1204833984375,1337.2191162109375,1353.202392578125,3508418.25,1344.300048828125,0.006248532350402458,0.006622289240977519,-0.000373756890575061,1.3969421325233811e-07
2026-07-31,1317.699951171875,1356.5,1294.300048828125,1346.9000244140625,3369019.0,1347.69091796875,1359.20458984375,1335.996826171875,1347.100341796875,2703936.0,1352.699951171875,-0.004287666864176254,-0.004139579786447745,-0.00014808707772850926,2.1929782590169546e-08
2026-08-03,1352.0,1377.0,1343.5,1377.0,2314332.0,1325.374755859375,1347.678955078125,1320.12255859375,1340.050048828125,2705989.5,1346.9000244140625,0.0223475945061562,-0.005085734250333429,0.027433328756489628,0.0007525875266616407
2026-08-04,1375.699951171875,1375.9000244140625,1347.4000244140625,1369.9000244140625,3013543.0,1372.81103515625,1386.567626953125,1358.166748046875,1371.7913818359375,2672141.5,1377.0,-0.0051561187987926305,-0.0037825839971404873,-0.0013735348016521431,1.8865978513495923e-06
2026-08-05,1370.0,1375.0,1337.0999755859375,1350.0,3215211.0,1358.106201171875,1369.9599609375,1344.5771484375,1357.3154296875,2563829.5,1369.9000244140625,-0.014526625344483901,-0.009186505951005564,-0.0053401193934783375,2.8516875136603446e-05
2026-08-06,1349.9000244140625,1363.199951171875,1332.5,1335.0,3821560.0,1351.852783203125,1368.9581298828125,1342.9637451171875,1358.600830078125,1976199.5,1350.0,-0.011111111111111072,0.006370985243055571,-0.017482096354166643,0.00030562369293636664
2026-08-07,1329.0,1369.0,1328.0,1356.5999755859375,1725616.0,1345.35498046875,1364.5872802734375,1336.2991943359375,1353.9967041015625,2085833.25,1335.0,0.016179756993211614,0.014229740900046917,0.001950016093164697,3.802562763601308e-06
2026-08-10,1356.5999755859375,1367.5,1351.5999755859375,1357.199951171875,1321698.0,1359.92236328125,1377.6121826171875,1335.0531005859375,1342.4263916015625,2572094.5,1356.5999755859375,0.00044226418747972396,-0.010447872799240754,0.010890136986720478,0.00011859508358953736
2026-08-11,1360.0999755859375,1379.800048828125,1358.0,1365.4000244140625,1828636.0,1350.4276123046875,1364.8214111328125,1340.8675537109375,1353.6605224609375,1733196.5,1357.199951171875,0.006041905052462715,-0.0026078903907131856,0.0086497954431759,7.481896120878657e-05
2026-08-12,1370.0,1370.0,1340.4000244140625,1365.4000244140625,1418468.0,1362.49658203125,1372.9891357421875,1348.908203125,1359.2701416015625,1659089.75,1365.4000244140625,0.0,-0.004489440971799152,0.004489440971799152,2.0155080239268916e-05
2026-08-13,1362.9000244140625,1372.9000244140625,1354.0,1370.0,778760.0,1355.048828125,1368.166748046875,1344.61572265625,1357.2264404296875,1596532.25,1365.4000244140625,0.0033689581834535076,-0.005986219304399465,0.009355177487852973,8.751934582923106e-05
2026-08-14,1372.800048828125,1374.9000244140625,1346.5,1360.0,1033374.0,1354.805419921875,1368.8228759765625,1347.6590576171875,1359.852294921875,802879.75,1370.0,-0.007299270072992692,-0.007407083998631436,0.00010781392563874448,1.1623842561636725e-08
2026-08-17,1355.0999755859375,1362.800048828125,1325.0,1325.0,970745.0,1353.317626953125,1367.030029296875,1342.3848876953125,1355.8575439453125,1993889.0,1360.0,-0.02573529411764708,-0.003045923569623188,-0.02268937054802389,0.000514807535865534
2026-08-18,1318.0,1320.0,1292.5,1298.0,3056990.0,1330.76513671875,1345.8231201171875,1321.5242919921875,1335.3876953125,1252773.75,1325.0,-0.02037735849056599,0.007839770047169736,-0.028217128537735725,0.0007962063429150999
2026-08-19,1309.0,1324.800048828125,1301.4000244140625,1324.800048828125,1693632.0,1292.5831298828125,1310.6085205078125,1285.253173828125,1302.1580810546875,1228782.75,1298.0,0.02064718707867863,0.0032034522763386697,0.01744373480233996,0.00030428388385436635
2026-08-20,1339.699951171875,1345.300048828125,1318.4000244140625,1318.4000244140625,1510868.0,1316.801025390625,1332.3096923828125,1308.566162109375,1323.00439453125,1345378.75,1324.800048828125,-0.004830936124831653,-0.0013554153311386985,-0.0034755207936929544,1.2079244787392104e-05
2026-08-21,1319.9000244140625,1321.699951171875,1302.5,1302.5,1484443.0,1324.8443603515625,1344.3690185546875,1317.638671875,1335.632568359375,1374795.75,1318.4000244140625,-0.012060091110153714,0.013070800687349227,-0.02513089179750294,0.0006315617225378006
2026-08-24,1302.5,1325.800048828125,1301.0,1322.0,1091648.0,1303.42919921875,1316.9898681640625,1294.91748046875,1307.4000244140625,1266290.75,1302.5,0.01497120921305184,0.0037620149052304264,0.011209194307821413,0.00012564603703049598
2026-08-25,1322.0,1322.9000244140625,1294.4000244140625,1315.800048828125,1314934.0,1312.451904296875,1322.318115234375,1300.6134033203125,1310.2506103515625,1137276.0,1322.0,-0.004689826907620986,-0.00888758672347767,0.004197759815856683,1.7621187471621133e-05
2026-08-26,1319.5,1323.0,1296.5999755859375,1298.5,834925.0,1308.070068359375,1317.4696044921875,1299.004150390625,1306.33203125,406632.0,1315.800048828125,-0.013147931438011962,-0.0071956355272652095,-0.005952295910746752,3.542982660909251e-05
2026-08-27,1295.0,1304.699951171875,1280.0,1282.0,1936771.0,1303.392822265625,1314.2164306640625,1293.6090087890625,1304.080810546875,1071018.5,1298.5,-0.012706969580284944,0.004297890294089335,-0.01700485987437428,0.0002891652593471044
2026-08-28,1290.0,1334.199951171875,1290.0,1316.0999755859375,3459476.0,1287.165771484375,1327.72900390625,1282.4732666015625,1319.3154296875,2874892.5,1282.0,0.02659904491882803,0.029107199444227794,-0.002508154525399764,6.290839123283315e-06
2026-08-31,1316.5999755859375,1322.5999755859375,1297.699951171875,1312.199951171875,3125051.0,1311.57275390625,1319.2657470703125,1295.7825927734375,1304.1231689453125,1373302.75,1316.0999755859375,-0.0029633192663240937,-0.009100225562494124,0.0061369062961700305,3.766161888797136e-05
2026-09-01,1316.0999755859375,1368.0,1313.0999755859375,1351.4000244140625,4031856.0,1304.7236328125,1324.603271484375,1302.038330078125,1318.37890625,2097034.75,1312.199951171875,0.029873551822021893,0.004708851781778156,0.025164700040243737,0.0006332621281154432
2026-09-02,1340.0999755859375,1349.300048828125,1317.4000244140625,1331.5,2739386.0,1350.970703125,1363.2362060546875,1334.810791015625,1347.33056640625,3017751.5,1351.4000244140625,-0.01472548768281301,-0.0030112904649213235,-0.011714197217891686,0.00013722241645966132
2026-09-03,1345.0,1345.0,1308.0,1319.0,1515496.0,1320.384521484375,1329.6121826171875,1306.4991455078125,1315.87255859375,1394344.0,1331.5,-0.009387908374014264,-0.011736719043372146,0.0023488106693578814,5.516911560489419e-06
2026-09-04,1324.9000244140625,1331.4000244140625,1291.199951171875,1293.4000244140625,2209399.0,1315.2630615234375,1337.306640625,1310.5455322265625,1330.36376953125,2041636.375,1319.0,-0.019408624401772157,0.008615443162433678,-0.028024067564205835,0.0007853483628431735
