Date,actual_open,actual_high,actual_low,actual_close,actual_volume,pred_open,pred_high,pred_low,pred_close,pred_volume,previous_actual_close,actual_return,predicted_return,return_error,squared_return_error
2022-06-24,1458.0,1467.5,1428.9000244140625,1441.0999755859375,6114340.0,1444.531494140625,1456.4619140625,1433.4384765625,1442.9598388671875,4990277.0,1452.449951171875,-0.007814366048744081,-0.006533865278476991,-0.00128050077026709,1.639682222654611e-06
2022-06-27,1468.050048828125,1484.0,1465.1500244140625,1474.5999755859375,4511097.0,1445.490478515625,1463.4483642578125,1438.072509765625,1453.6629638671875,3891983.25,1441.0999755859375,0.023246131821200722,0.008717638258332494,0.014528493562868228,0.00021107712520630352
2022-06-28,1469.0,1488.25,1453.0,1480.1500244140625,4412178.0,1461.4365234375,1485.3524169921875,1452.551513671875,1474.034423828125,4583032.0,1474.5999755859375,0.0037637657127449486,-0.0003835289347456916,0.00414729464749064,1.7200052893104513e-05
2022-06-29,1464.699951171875,1477.0,1457.0,1463.25,5060038.0,1471.0211181640625,1486.335693359375,1462.95068359375,1476.103515625,4341580.0,1480.1500244140625,-0.011417778019327862,-0.002733850435643781,-0.008683927583684081,7.541059827866924e-05
2022-06-30,1465.050048828125,1482.0,1455.0,1461.9000244140625,9165177.0,1460.7366943359375,1475.0240478515625,1440.393798828125,1453.48046875,4692232.5,1463.25,-0.0009225871081069981,-0.006676597471382162,0.005754010363275164,3.310863526067798e-05
2022-07-01,1454.0,1485.0,1442.3499755859375,1479.4000244140625,4651635.0,1461.7725830078125,1482.5257568359375,1454.8292236328125,1472.65087890625,5381351.0,1461.9000244140625,0.011970722831757374,0.007354028533173018,0.004616694298584356,2.13138662465813e-05
2022-07-04,1480.25,1492.25,1462.0,1488.0,4800224.0,1466.9027099609375,1481.31494140625,1459.0655517578125,1471.2239990234375,4471052.5,1479.4000244140625,0.00581315090172696,-0.00552658189515931,0.01133973279688627,0.0001285895399047781
2022-07-05,1498.800048828125,1509.949951171875,1472.0,1475.949951171875,7379669.0,1470.463134765625,1484.115966796875,1462.6689453125,1474.5943603515625,4386841.0,1488.0,-0.008098151094170003,-0.009009166430401505,0.0009110153362315021,8.299489428489969e-07
2022-07-06,1482.199951171875,1500.0,1470.0,1491.6500244140625,5209162.0,1477.1571044921875,1490.7867431640625,1468.459228515625,1479.29833984375,5340033.0,1475.949951171875,0.010637266683549695,0.0022686329365142477,0.008368633747035448,7.003403079202056e-05
2022-07-07,1503.050048828125,1513.949951171875,1495.699951171875,1498.699951171875,3323472.0,1479.757568359375,1490.4234619140625,1470.011474609375,1479.423095703125,4550997.5,1491.6500244140625,0.0047262606123590345,-0.008196915168315333,0.012923175780674367,0.00016700847225820854
2022-07-08,1515.0,1516.949951171875,1499.949951171875,1514.449951171875,3652582.0,1491.52001953125,1499.302734375,1479.80078125,1486.52978515625,4314607.0,1498.699951171875,0.010509108235897902,-0.008120482025844367,0.018629590261742268,0.0003470616333204024
2022-07-11,1495.0,1499.9000244140625,1466.4000244140625,1473.1500244140625,4702638.0,1504.18017578125,1521.939453125,1500.1795654296875,1513.90478515625,4777426.0,1514.449951171875,-0.02727057881698558,-0.00035997625091743757,-0.026910602566068142,0.0007241805304688733
2022-07-12,1461.800048828125,1468.5999755859375,1436.0,1438.5999755859375,4710356.0,1468.85400390625,1485.6727294921875,1463.5015869140625,1478.5399169921875,4213022.0,1473.1500244140625,-0.02345317737877184,0.0036587533440586295,-0.02711193072283047,0.0007350567875195587
2022-07-13,1450.0,1460.0,1438.5999755859375,1444.449951171875,5264025.0,1438.102783203125,1456.7030029296875,1420.197998046875,1437.9033203125,4467732.0,1438.5999755859375,0.004066436594755807,-0.0004842592000974255,0.004550695794853232,2.0708832217294893e-05
2022-07-14,1451.0,1452.949951171875,1414.0,1428.8499755859375,6157606.0,1439.9532470703125,1449.048828125,1425.8941650390625,1433.5367431640625,4655655.0,1444.449951171875,-0.010799941924800716,-0.0075552690482343365,-0.003244672876566379,1.0527902075925542e-05
2022-07-15,1446.0,1446.0,1410.6500244140625,1430.3499755859375,5620018.0,1427.4527587890625,1445.2147216796875,1407.038330078125,1423.4683837890625,4628452.5,1428.8499755859375,0.001049795307855872,-0.003766379878103132,0.004816175185959004,2.319554342184725e-05
2022-07-18,1450.0,1493.5999755859375,1448.050048828125,1489.9000244140625,5835171.0,1429.173583984375,1444.134033203125,1406.120849609375,1419.845458984375,4609168.5,1430.3499755859375,0.04163320155525607,-0.007344018443639522,0.048977219998895594,0.0023987680788202185
2022-07-19,1471.550048828125,1486.8499755859375,1470.0999755859375,1484.1500244140625,3418540.0,1484.105224609375,1501.506591796875,1476.099609375,1489.50732421875,4932896.0,1489.9000244140625,-0.0038593193541702764,-0.00026357486333150604,-0.0035957444908387703,1.2929378443397369e-05
2022-07-20,1501.25,1525.800048828125,1500.0,1515.300048828125,5079392.0,1466.7587890625,1477.4544677734375,1456.5660400390625,1465.9556884765625,4032088.0,1484.1500244140625,0.02098846066883331,-0.012259094861170161,0.03324755553000347,0.0011053999487206643
2022-07-21,1517.0,1535.449951171875,1503.0999755859375,1532.9000244140625,5008061.0,1503.1522216796875,1512.9415283203125,1493.828857421875,1504.21142578125,3443083.0,1515.300048828125,0.011614845257577056,-0.007317773833275143,0.0189326190908522,0.00035844406563930115
2022-07-22,1534.0,1540.0,1492.1500244140625,1506.300048828125,7020642.0,1521.0804443359375,1536.3424072265625,1514.98095703125,1528.514404296875,4395205.0,1532.9000244140625,-0.017352713916294116,-0.0028609955296098333,-0.014491718386684282,0.0002100099017989633
2022-07-25,1480.0999755859375,1517.1500244140625,1480.0999755859375,1503.5999755859375,7859626.0,1508.5850830078125,1529.225830078125,1502.421142578125,1521.4849853515625,4633874.0,1506.300048828125,-0.001792520184997759,0.010080950694551838,-0.011873470879549597,0.00014097931072751228
2022-07-26,1496.6500244140625,1496.6500244140625,1445.0,1451.1500244140625,7268273.0,1493.798828125,1510.84716796875,1485.273193359375,1500.1378173828125,5169474.0,1503.5999755859375,-0.034882915684695814,-0.002302579315868747,-0.03258033636882707,0.0010614783179059156
2022-07-27,1451.0,1473.0,1445.0,1471.050048828125,4517285.0,1459.55615234375,1474.4310302734375,1449.09765625,1462.39501953125,4584404.0,1451.1500244140625,0.01371327848896775,0.007749023138891475,0.005964255350076275,3.557234188091347e-05
2022-07-28,1496.4000244140625,1524.449951171875,1489.8499755859375,1517.4000244140625,6636841.0,1461.8531494140625,1476.7215576171875,1452.857177734375,1464.122802734375,4934332.0,1471.050048828125,0.03150808881238332,-0.004709048546151395,0.03621713735853471,0.0013116810384469707
2022-07-29,1532.800048828125,1555.699951171875,1528.0,1549.699951171875,7009465.0,1541.4942626953125,1549.4373779296875,1537.93359375,1541.218505859375,5282502.5,1517.4000244140625,0.02128636235542758,0.015696903296485543,0.005589459058942037,3.12420525715892e-05
2022-08-01,1564.0,1564.0,1537.9000244140625,1551.050048828125,2983249.0,1567.4957275390625,1578.999267578125,1557.113037109375,1567.0018310546875,5081041.5,1549.699951171875,0.0008711993926495687,0.011164664404698987,-0.010293465012049419,0.00010595542195428554
2022-08-02,1546.550048828125,1547.0,1528.3499755859375,1543.5999755859375,4374635.0,1548.208251953125,1557.911376953125,1536.6478271484375,1548.0301513671875,3964674.25,1551.050048828125,-0.004803244903551773,-0.0019470019444047804,-0.002856242959146993,8.15812384167677e-06
2022-08-03,1549.0,1570.0,1539.9000244140625,1566.0999755859375,6011955.0,1527.95458984375,1537.18310546875,1518.337646484375,1527.4801025390625,3454993.75,1543.5999755859375,0.014576315338084456,-0.0104430378996061,0.025019353237690556,0.0006259680364323369
2022-08-04,1587.5,1603.8499755859375,1574.949951171875,1599.9000244140625,7402209.0,1578.238525390625,1588.654296875,1569.1903076171875,1577.3875732421875,4690509.0,1566.0999755859375,0.02158230595430477,0.007207456632535081,0.01437484932176969,0.0002066362930235825
2022-08-05,1608.4000244140625,1625.699951171875,1602.300048828125,1616.6500244140625,5361971.0,1593.2147216796875,1609.9423828125,1586.3360595703125,1602.8663330078125,5430191.5,1599.9000244140625,0.010469404178010677,0.0018540587214732618,0.008615345456537415,7.422417733547989e-05
2022-08-08,1617.0,1622.0,1596.0,1619.4000244140625,3763409.0,1624.1563720703125,1634.5556640625,1611.672119140625,1623.486328125,5262309.0,1616.6500244140625,0.0017010484387285363,0.0042286850015142985,-0.002527636562785762,6.388946593531422e-06
2022-08-10,1621.199951171875,1621.199951171875,1588.0999755859375,1602.449951171875,4423829.0,1620.7032470703125,1631.765625,1610.8243408203125,1622.3421630859375,4956822.0,1619.4000244140625,-0.010466884640390473,0.0018168078470539584,-0.012283692487444431,0.00015088910112609876
2022-08-11,1630.0,1631.3499755859375,1616.0,1619.949951171875,3462090.0,1606.5853271484375,1612.2740478515625,1593.6431884765625,1601.6514892578125,3524527.25,1602.449951171875,0.010920777892128308,-0.0004982757267886218,0.01141905361891693,0.00013039478555169985
2022-08-12,1613.300048828125,1614.0,1590.1500244140625,1594.0999755859375,3562286.0,1627.630126953125,1636.76611328125,1614.54345703125,1625.440185546875,4690344.5,1619.949951171875,-0.01595726804228581,0.0033891382699993144,-0.019346406312285125,0.00037428343720002574
2022-08-16,1609.0,1609.0,1591.0999755859375,1596.449951171875,3004430.0,1612.4188232421875,1624.3785400390625,1604.4935302734375,1614.0777587890625,3982865.5,1594.0999755859375,0.0014741707684136074,0.01253232765139578,-0.011058156882982173,0.000122282833648646
2022-08-17,1596.449951171875,1612.0,1585.0,1606.25,4067324.0,1588.337890625,1596.060302734375,1578.3333740234375,1587.5037841796875,3100968.25,1596.449951171875,0.006138650836458259,-0.005603787945635652,0.011742438782093911,0.00013788486855122314
2022-08-18,1594.0999755859375,1598.199951171875,1574.0,1582.949951171875,4635706.0,1598.605712890625,1615.8619384765625,1594.423095703125,1611.5352783203125,4593980.0,1606.25,-0.014505866974708126,0.0032904456468871857,-0.01779631262159531,0.0003167087429255526
2022-08-19,1585.300048828125,1604.9000244140625,1585.0999755859375,1597.0999755859375,4739884.0,1587.7476806640625,1608.3270263671875,1585.4951171875,1605.8814697265625,4676838.0,1582.949951171875,0.00893902198460994,0.014486572072421433,-0.0055475500878114925,3.07753119767773e-05
2022-08-22,1586.0,1599.0,1574.0,1575.6500244140625,3950555.0,1596.602294921875,1628.0386962890625,1591.1881103515625,1620.8638916015625,7385170.5,1597.0999755859375,-0.013430562582035899,0.014879416679539181,-0.02830997926157508,0.0008014549257908111
2022-08-23,1548.0,1554.5,1533.0,1542.4000244140625,5551574.0,1585.4326171875,1599.9840087890625,1579.6470947265625,1593.256591796875,3982977.25,1575.6500244140625,-0.021102401856252784,0.011174161209663191,-0.032276563065915975,0.0010417765233480512
2022-08-24,1535.0,1546.0,1531.0,1537.5,2888426.0,1527.296630859375,1547.791259765625,1520.187744140625,1543.174072265625,3969630.5,1542.4000244140625,-0.0031768829982506963,0.0005018463688475361,-0.0036787293670982324,1.3533049756350962e-05
2022-08-25,1548.0,1548.699951171875,1513.75,1518.1500244140625,4331088.0,1540.53271484375,1548.9173583984375,1531.03857421875,1541.2410888671875,2705167.5,1537.5,-0.012585349974593485,0.0024332285315040725,-0.015018578506097557,0.00022555770034381553
2022-08-26,1535.1500244140625,1544.949951171875,1517.449951171875,1521.550048828125,3079136.0,1532.275390625,1543.029296875,1525.0567626953125,1536.504150390625,2906965.25,1518.1500244140625,0.0022395839405757734,0.012089797240985023,-0.00985021330040925,9.702670206355928e-05
2022-08-29,1468.550048828125,1468.550048828125,1450.0,1461.75,8079050.0,1539.1168212890625,1546.515625,1529.326171875,1538.1578369140625,2671459.75,1521.550048828125,-0.03930205836750633,0.010915045547616797,-0.05021710391512313,0.0025217575256222748
2022-08-30,1473.0999755859375,1496.0999755859375,1466.0,1492.949951171875,6725875.0,1471.168212890625,1487.465087890625,1462.3978271484375,1478.06884765625,4382277.0,1461.75,0.02134424571361393,0.011163911514451952,0.010180334199161978,0.00010363920440662695
2022-09-01,1460.050048828125,1468.0999755859375,1451.050048828125,1464.199951171875,8140604.0,1504.4810791015625,1515.2467041015625,1495.0994873046875,1506.1015625,3826084.5,1492.949951171875,-0.019257176020825773,0.00880914414967604,-0.028066320170501813,0.0007877183279131169
2022-09-02,1478.0,1478.0,1448.0,1453.0,5175653.0,1464.4580078125,1478.0579833984375,1454.018798828125,1464.8834228515625,5308927.5,1464.199951171875,-0.007649195154603827,0.0004667884868732042,-0.008115983641477031,6.586919046872277e-05
2022-09-05,1451.0,1467.0,1446.3499755859375,1461.300048828125,3669352.0,1469.1446533203125,1488.98193359375,1466.8624267578125,1483.2249755859375,4514390.0,1453.0,0.0057123529443392496,0.020801772598718182,-0.015089419654378933,0.00022769058550595723
2022-09-06,1461.300048828125,1470.0,1445.449951171875,1455.0999755859375,3428442.0,1465.586669921875,1475.180419921875,1456.1363525390625,1464.1490478515625,4180054.75,1461.300048828125,-0.004242847488549417,0.0019496331542054879,-0.006192480642754905,3.8346816510894204e-05
2022-09-07,1440.0,1465.75,1438.050048828125,1457.6500244140625,3600574.0,1463.897216796875,1472.754150390625,1454.175048828125,1461.7415771484375,4033786.75,1455.0999755859375,0.0017524904617622905,0.004564360988203342,-0.0028118705264410515,7.906615857467876e-06
2022-09-08,1475.0,1481.0999755859375,1463.5999755859375,1475.9000244140625,4061475.0,1461.0751953125,1469.8663330078125,1451.5711669921875,1459.3453369140625,3937123.0,1457.6500244140625,0.012520152090235825,0.0011630449501631723,0.011357107140072653,0.00012898388259108924
2022-09-09,1488.0,1520.0,1480.0,1511.6500244140625,4816910.0,1475.05712890625,1486.046875,1467.3919677734375,1477.643310546875,4009429.25,1475.9000244140625,0.02422250789933611,0.001181168171268565,0.023041339728067545,0.0005309033364642238
2022-09-12,1525.800048828125,1545.9000244140625,1521.1500244140625,1536.199951171875,5494819.0,1517.1165771484375,1539.487548828125,1512.18359375,1531.61376953125,5190515.0,1511.6500244140625,0.01624048315504001,0.01320659199865104,0.003033891156388968,9.20449554881519e-06
2022-09-13,1551.9000244140625,1553.0,1541.300048828125,1544.949951171875,4947158.0,1548.1153564453125,1561.8265380859375,1541.802978515625,1555.5765380859375,4554094.5,1536.199951171875,0.005695873114255123,0.012613323479981453,-0.00691745036572633,4.785111956228733e-05
2022-09-14,1497.0,1498.949951171875,1472.0,1475.4000244140625,14332197.0,1552.6126708984375,1566.8155517578125,1546.649169921875,1560.79150390625,4584776.0,1544.949951171875,-0.04501759212656531,0.010253764351627614,-0.05527135647819292,0.003054922846939479
2022-09-15,1475.0,1475.199951171875,1429.050048828125,1432.800048828125,12784100.0,1480.3997802734375,1495.814697265625,1460.9754638671875,1476.9100341796875,6916606.0,1475.4000244140625,-0.02887350879830408,0.0010234578694849894,-0.02989696666778907,0.0008938286159348907
2022-09-16,1425.0,1425.0,1368.3499755859375,1377.050048828125,20464045.0,1442.350830078125,1466.3463134765625,1419.5830078125,1454.6854248046875,8102830.0,1432.800048828125,-0.03890982558633871,0.015274549993533615,-0.054184375579872324,0.0029359465569806643
2022-09-19,1392.0,1406.0,1380.5999755859375,1390.300048828125,6595241.0,1394.03515625,1415.60400390625,1379.46826171875,1395.1986083984375,8960340.0,1377.050048828125,0.00962201774094984,0.013179302804394721,-0.0035572850634448816,1.2654277022608055e-05
2022-09-20,1407.949951171875,1413.550048828125,1385.0999755859375,1388.550048828125,7219797.0,1397.8162841796875,1410.93994140625,1385.085693359375,1394.2679443359375,4530971.0,1390.300048828125,-0.0012587210951154892,0.0028539850165127945,-0.004112706111628284,1.6914351560624638e-05
2022-09-21,1379.9000244140625,1388.800048828125,1368.4000244140625,1377.25,7917054.0,1400.0247802734375,1411.4342041015625,1386.9010009765625,1395.3956298828125,6524884.5,1388.550048828125,-0.008138020547161173,0.004930021111205107,-0.01306804165836628,0.00017077371278479653
2022-09-22,1366.3499755859375,1383.949951171875,1360.0,1367.949951171875,9168498.0,1381.9990234375,1390.6898193359375,1354.564208984375,1365.8653564453125,8975149.0,1377.25,-0.00675262212969685,-0.008266214234661451,0.0015135921049646006,2.2909610602111708e-06
2022-09-23,1367.5,1394.800048828125,1362.0,1365.449951171875,10426200.0,1373.7762451171875,1391.248291015625,1365.282470703125,1378.8026123046875,4695468.0,1367.949951171875,-0.0018275522418479406,0.007933522073315213,-0.009761074315163154,9.527857178613784e-05
2022-09-26,1360.0,1399.449951171875,1355.0,1380.25,9414587.0,1382.5152587890625,1399.316650390625,1370.299560546875,1382.8701171875,7113748.0,1365.449951171875,0.010838953720290645,0.012757820966396105,-0.0019188672461054601,3.6820515081763524e-06
2022-09-27,1393.449951171875,1406.5,1378.0,1393.550048828125,8561254.0,1380.4591064453125,1398.4224853515625,1367.84619140625,1382.2342529296875,8428580.0,1380.25,0.009635970895218282,0.0014376040062942241,0.008198366888924058,6.721321964540634e-05
2022-09-28,1379.0,1405.8499755859375,1377.0,1394.699951171875,7022098.0,1394.4560546875,1410.7615966796875,1380.4649658203125,1392.26513671875,8215384.0,1393.550048828125,0.0008251604201205964,-0.0009220423123342814,0.0017472027324548778,3.0527173882977914e-06
2022-09-29,1404.9000244140625,1409.8499755859375,1393.0,1398.6500244140625,6119965.0,1395.0067138671875,1410.0040283203125,1382.5703125,1392.751953125,8042155.0,1394.699951171875,0.0028322028970235724,-0.0013967147881794872,0.00422891768520306,1.7883744788223206e-05
2022-09-30,1388.949951171875,1419.300048828125,1376.0,1413.449951171875,8120130.0,1402.6798095703125,1421.962646484375,1398.2598876953125,1412.6351318359375,6397388.0,1398.6500244140625,0.010581579737227509,0.00999900416670263,0.0005825755705248792,3.393942953723885e-07
2022-10-03,1412.0,1412.0,1386.0,1393.75,4943169.0,1410.3681640625,1432.626220703125,1403.8800048828125,1421.69384765625,6671807.0,1413.449951171875,-0.013937494677856876,0.005832464373811019,-0.019769959051667896,0.00039085128090462535
2022-10-04,1419.699951171875,1432.25,1414.0,1429.4000244140625,6631341.0,1402.98681640625,1430.599365234375,1378.6700439453125,1425.1141357421875,4479552.0,1393.75,0.025578492853139068,0.02250341577914794,0.003075077073991128,9.45609901098584e-06
2022-10-06,1445.0,1459.800048828125,1444.0999755859375,1455.1500244140625,6180672.0,1447.1390380859375,1460.4442138671875,1444.5426025390625,1454.1571044921875,4771952.5,1429.4000244140625,0.018014551252407696,0.017319910210770617,0.0006946410416370785,4.825261767266454e-07
2022-10-07,1446.3499755859375,1457.8499755859375,1440.1500244140625,1451.199951171875,3994466.0,1454.383544921875,1459.877197265625,1438.1834716796875,1445.0272216796875,5279155.0,1455.1500244140625,-0.0027145470748131117,-0.006956535453071955,0.004241988378258843,1.7994465401283088e-05
2022-10-10,1426.3499755859375,1465.0,1426.3499755859375,1462.6500244140625,5274677.0,1446.43994140625,1457.31787109375,1437.0159912109375,1450.138671875,4049960.5,1451.199951171875,0.007890072786276736,-0.0007313115577339824,0.008621384344010719,7.432826800715313e-05
2022-10-11,1462.6500244140625,1479.6500244140625,1420.0999755859375,1423.800048828125,12824774.0,1467.579345703125,1484.5068359375,1462.51708984375,1478.606689453125,4849753.5,1462.6500244140625,-0.02656136118515484,0.010909421100549821,-0.03747078228570466,0.0014040595251026784
2022-10-12,1437.0,1441.0999755859375,1413.550048828125,1428.699951171875,5481467.0,1420.6112060546875,1432.5240478515625,1390.2176513671875,1403.6851806640625,8647957.0,1423.800048828125,0.0034414258854555957,-0.014127593393902682,0.017569019279358278,0.0003086704384384629
2022-10-13,1431.0,1437.949951171875,1415.0,1419.9000244140625,4821514.0,1431.1287841796875,1439.6697998046875,1409.531982421875,1414.3828125,5404531.0,1428.699951171875,-0.006159394595481316,-0.010021095514234135,0.0038617009187528195,1.491273398589637e-05
2022-10-14,1485.0,1494.0,1467.25,1474.25,14990688.0,1428.8729248046875,1444.6348876953125,1420.9073486328125,1433.9713134765625,5161345.5,1419.9000244140625,0.0382773256225315,0.00991005621561758,0.02836726940691392,0.0008047019736044344
2022-10-17,1476.9000244140625,1495.0,1475.5,1489.949951171875,4286396.0,1482.4405517578125,1496.9102783203125,1470.0714111328125,1485.1151123046875,8009646.5,1474.25,0.010649449667203603,0.007369925253306819,0.003279524413896784,1.0755280381345043e-05
2022-10-18,1510.0,1510.949951171875,1497.25,1503.699951171875,4692004.0,1494.5531005859375,1514.9969482421875,1489.28125,1508.7908935546875,5054920.0,1489.949951171875,0.009228497903023714,0.012645352528783738,-0.003416854625760024,1.1674895533577674e-05
2022-10-19,1504.0,1504.949951171875,1481.300048828125,1485.449951171875,3553171.0,1518.240234375,1535.849853515625,1511.3343505859375,1529.5068359375,5072562.5,1503.699951171875,-0.012136729794915091,0.017162256835556278,-0.02929898663047137,0.00085843061757254
2022-10-20,1475.0,1504.0,1474.199951171875,1500.9000244140625,4583939.0,1492.9385986328125,1502.0074462890625,1484.125,1492.1695556640625,3938216.0,1485.449951171875,0.010400938267895787,0.004523615546176085,0.005877322721719702,3.454292237524269e-05
2022-10-21,1500.300048828125,1506.0,1491.3499755859375,1500.5,3594485.0,1494.2406005859375,1502.5352783203125,1483.6405029296875,1491.75244140625,4031707.25,1500.9000244140625,-0.0002665230245556538,-0.006094731733636727,0.005828208709081073,3.396801675660847e-05
2022-10-24,1518.5,1521.800048828125,1511.0,1517.8499755859375,982837.0,1502.31884765625,1506.2159423828125,1492.35498046875,1495.5087890625,3153025.25,1500.5,0.011562796125250019,-0.003326365169943335,0.014889161295193354,0.00022168712407428384
2022-10-25,1528.0999755859375,1532.9000244140625,1521.050048828125,1526.300048828125,3914341.0,1511.47509765625,1516.6263427734375,1496.3856201171875,1501.7862548828125,3430505.5,1517.8499755859375,0.005567133365025345,-0.01058320714267158,0.016150340507696925,0.00026083349851455616
2022-10-27,1530.800048828125,1534.9000244140625,1512.5,1523.949951171875,6760137.0,1522.6832275390625,1539.0579833984375,1516.566650390625,1536.039306640625,4718773.5,1526.300048828125,-0.0015397350331308735,0.006380958855355834,-0.007920693888486707,6.273739167511067e-05
2022-10-28,1526.0,1527.949951171875,1507.0,1513.25,3053981.0,1527.4759521484375,1536.9873046875,1517.720947265625,1530.016845703125,4733700.0,1523.949951171875,-0.007021195915027922,0.00398103266225025,-0.011002228577278172,0.00012104903366667647
2022-10-31,1530.25,1546.4000244140625,1530.25,1537.6500244140625,4542336.0,1518.8922119140625,1530.67236328125,1509.5960693359375,1520.808837890625,4972886.0,1513.25,0.016124252049603438,0.004995101860647555,0.011129150188955883,0.00012385798392833676
2022-11-01,1553.050048828125,1575.0,1547.0999755859375,1573.0,4542692.0,1544.882080078125,1566.1292724609375,1542.9918212890625,1562.57861328125,3855736.5,1537.6500244140625,0.02298961078572348,0.016212134407299184,0.006777476378424296,4.593418606009932e-05
2022-11-02,1572.0,1572.75,1545.0,1553.300048828125,2938906.0,1563.6629638671875,1574.4730224609375,1549.3148193359375,1559.9305419921875,4300658.5,1573.0,-0.012523808755165344,-0.00830861920394943,-0.004215189551215914,1.7767822952679822e-05
2022-11-03,1538.75,1543.9000244140625,1521.6500244140625,1530.75,3174027.0,1553.66552734375,1562.867919921875,1542.480712890625,1553.490478515625,3819002.75,1553.300048828125,-0.01451750989458711,0.00012259684640048008,-0.01464010674098759,0.0002143327253875103
2022-11-04,1520.449951171875,1520.449951171875,1501.1500244140625,1514.0,4509682.0,1526.307861328125,1540.92578125,1519.054443359375,1534.651123046875,4275439.5,1530.75,-0.010942348521966405,0.002548504358566017,-0.013490852880532422,0.00018200311144416997
2022-11-07,1521.4000244140625,1527.9000244140625,1491.0999755859375,1507.449951171875,4898592.0,1510.1297607421875,1522.0567626953125,1502.485107421875,1512.3143310546875,3646462.75,1514.0,-0.004326320229937286,-0.001113387678541966,-0.00321293255139532,1.032293557981564e-05
2022-11-09,1529.0,1529.0,1501.0999755859375,1511.199951171875,3334755.0,1511.7110595703125,1529.567626953125,1505.638427734375,1524.6312255859375,4497057.5,1507.449951171875,0.002487644778577769,0.01139757535612107,-0.008909930577543301,7.93868628966411e-05
2022-11-10,1485.0,1512.0,1485.0,1501.949951171875,3435763.0,1521.598388671875,1534.0885009765625,1514.042236328125,1527.5523681640625,3659354.5,1511.199951171875,-0.006120963670510293,0.010820816252347543,-0.016941779922857836,0.00028702390695454886
2022-11-11,1546.6500244140625,1573.5,1546.6500244140625,1570.0999755859375,7214098.0,1500.713623046875,1511.989013671875,1493.2091064453125,1505.3160400390625,3996578.25,1501.949951171875,0.04537436441266873,0.0022411458281690333,0.0431332185844997,0.0018604745454582302
2022-11-14,1575.1500244140625,1591.4000244140625,1568.449951171875,1585.300048828125,4908813.0,1569.9931640625,1578.8150634765625,1557.185546875,1570.6124267578125,4449000.0,1570.0999755859375,0.009680958842455345,0.000326381236763984,0.009354577605691361,8.750812218090232e-05
2022-11-15,1577.8499755859375,1597.8499755859375,1572.75,1594.0,3497614.0,1579.502197265625,1591.983154296875,1571.3109130859375,1586.7640380859375,3957436.0,1585.300048828125,0.00548788929786892,0.0009234777094055957,0.004564411588463324,2.0833853148898284e-05
2022-11-16,1597.1500244140625,1609.0,1593.5,1602.800048828125,4497697.0,1584.348388671875,1589.7489013671875,1571.794921875,1581.103759765625,3321754.25,1594.0,0.005520733267330602,-0.008090489482042051,0.013611222749372653,0.00018526538473303967
2022-11-17,1597.199951171875,1602.800048828125,1582.949951171875,1587.4000244140625,3469515.0,1606.0909423828125,1612.5738525390625,1593.74462890625,1605.46142578125,3923261.75,1602.800048828125,-0.009608200614494633,0.0016604547492189425,-0.011268655363713576,0.00012698259370615074
2022-11-18,1591.699951171875,1598.0,1575.5,1593.4000244140625,3126064.0,1592.083251953125,1597.9979248046875,1582.111572265625,1591.884765625,3262522.75,1587.4000244140625,0.0037797655963969223,0.0028252117563074552,0.0009545538400894671,9.111730336295479e-07
2022-11-21,1582.0999755859375,1587.8499755859375,1564.050048828125,1568.199951171875,3071764.0,1589.0167236328125,1595.8675537109375,1580.48291015625,1590.96435546875,3211971.25,1593.4000244140625,-0.01581528357981188,-0.001528598536458592,-0.014286685043353287,0.0002041093695279745
2022-11-22,1569.0,1588.0,1562.0,1585.050048828125,3399329.0,1575.36865234375,1584.53564453125,1566.311767578125,1577.73193359375,3644816.75,1568.199951171875,0.010744865566191475,0.0060782953186244715,0.0046665702475670034,2.1776877875477562e-05
2022-11-23,1588.9000244140625,1592.0,1579.300048828125,1583.1500244140625,3245067.0,1581.2259521484375,1588.1455078125,1570.9990234375,1580.807861328125,3601122.0,1585.050048828125,-0.0011987157222368428,-0.002676374479869792,0.0014776587576329492,2.183475404009351e-06
2022-11-24,1589.0,1636.0,1584.75,1629.800048828125,5282215.0,1588.3614501953125,1595.03564453125,1580.2996826171875,1590.17236328125,3147584.0,1583.1500244140625,0.02946658478013031,0.004435674925872268,0.025030909854258043,0.0006265464481319924
2022-11-25,1631.4000244140625,1644.0,1613.800048828125,1635.6500244140625,4563255.0,1623.0333251953125,1633.466552734375,1614.1290283203125,1629.310546875,3954139.0,1629.800048828125,0.0035893823847557016,-0.0003003447898267675,0.003889727174582469,1.5129977492685317e-05
2022-11-28,1628.0,1653.5,1620.0,1623.4000244140625,3825766.0,1629.3072509765625,1633.7108154296875,1615.8643798828125,1626.898193359375,3743043.75,1635.6500244140625,-0.007489377199983993,-0.005350674608905148,-0.002138702591078845,4.574048773087365e-06
2022-11-29,1621.199951171875,1638.75,1615.050048828125,1629.050048828125,3131710.0,1626.70947265625,1633.688232421875,1616.2843017578125,1627.9432373046875,3660456.0,1623.4000244140625,0.003480364869467012,0.0027985787990023603,0.0006817860704646517,4.6483224587963096e-07
2022-11-30,1619.949951171875,1645.75,1613.1500244140625,1634.949951171875,11868134.0,1628.599609375,1636.7484130859375,1619.5728759765625,1631.636962890625,3594198.25,1629.050048828125,0.003621682678192739,0.0015879893096968356,0.0020336933684959035,4.135908717064215e-06
2022-12-01,1656.199951171875,1672.5999755859375,1652.300048828125,1657.0999755859375,5407928.0,1623.6954345703125,1632.2269287109375,1613.151611328125,1625.1954345703125,4486126.0,1634.949951171875,0.01354783025510109,-0.0059662478319723045,0.019514078087073394,0.000380799243588398
2022-12-02,1656.0,1661.800048828125,1633.949951171875,1637.9000244140625,4283343.0,1654.4998779296875,1659.611572265625,1641.4002685546875,1650.97314453125,4031811.0,1657.0999755859375,-0.011586477252276906,-0.0036973213112992953,-0.00788915594097761,6.223878146106232e-05
2022-12-05,1638.0,1644.8499755859375,1623.300048828125,1639.75,3824966.0,1635.7197265625,1641.8609619140625,1625.0863037109375,1634.065673828125,3315432.0,1637.9000244140625,0.0011294801626242634,-0.002341016257881301,0.0034704964205055644,1.2044345404741935e-05
2022-12-06,1625.0,1626.0,1607.550048828125,1612.9000244140625,4822398.0,1633.78857421875,1640.16796875,1622.3017578125,1632.61767578125,4000387.5,1639.75,-0.01637443243539416,-0.00434964123723125,-0.01202479119816291,0.0001445956033594162
2022-12-07,1608.0,1623.800048828125,1596.699951171875,1605.5,4898087.0,1614.338623046875,1626.80029296875,1609.4520263671875,1623.108642578125,3366695.25,1612.9000244140625,-0.0045880242433196106,0.006329355824624683,-0.010917380067944293,0.00011918918754794735
2022-12-08,1605.5,1623.9000244140625,1598.5,1620.1500244140625,4206837.0,1608.5311279296875,1622.3929443359375,1603.4327392578125,1618.067626953125,3430844.75,1605.5,0.009124898420468597,0.007827858581828107,0.0012970398386404902,1.682312343020549e-06
2022-12-09,1628.0,1628.0,1561.0999755859375,1569.300048828125,8880658.0,1615.21875,1622.62841796875,1604.526611328125,1614.0001220703125,3776330.5,1620.1500244140625,-0.031385967237403056,-0.003795884486669121,-0.027590082750733935,0.0007612126661923462
2022-12-12,1550.0,1565.949951171875,1530.050048828125,1547.199951171875,8037679.0,1581.2928466796875,1599.9617919921875,1574.4066162109375,1593.08349609375,4513988.5,1569.300048828125,-0.01408277382821288,0.015155449261207377,-0.029238223089420257,0.0008548736894267078
2022-12-13,1547.199951171875,1577.5,1541.1500244140625,1572.1500244140625,6135067.0,1554.22021484375,1581.518798828125,1546.9493408203125,1572.054931640625,5168461.5,1547.199951171875,0.01612595270785122,0.016064491502810974,6.146120504024744e-05,3.7774797249993366e-09
2022-12-14,1582.0,1588.5,1573.0,1579.4000244140625,4976020.0,1574.80859375,1587.947998046875,1566.30712890625,1580.685302734375,3965314.0,1572.1500244140625,0.004611519185455659,0.0054290482382517435,-0.0008175290527960843,6.683537521656629e-07
2022-12-15,1569.300048828125,1570.0,1535.25,1540.5,6443866.0,1590.2318115234375,1604.3837890625,1582.9844970703125,1597.22216796875,4024558.0,1579.4000244140625,-0.024629621256650247,0.011284122628337556,-0.0359137438849878,0.001289796999836499
2022-12-16,1525.0,1549.5,1512.050048828125,1522.199951171875,9630453.0,1547.141357421875,1562.7911376953125,1540.181640625,1556.8043212890625,4342925.0,1540.5,-0.011879291676809456,0.010583785322338501,-0.022463076999147957,0.00050458982826965
2022-12-19,1507.949951171875,1516.9000244140625,1495.050048828125,1507.3499755859375,6222740.0,1526.0528564453125,1543.37939453125,1519.843994140625,1530.836669921875,6346338.5,1522.199951171875,-0.009755601144583625,0.00567383985484371,-0.015429440999427335,0.0002380676495548092
2022-12-20,1501.0,1516.0,1482.449951171875,1507.300048828125,7396259.0,1496.7015380859375,1510.4013671875,1478.524658203125,1499.8839111328125,5926432.0,1507.3499755859375,-3.312220693341139e-05,-0.004953106162503995,0.004919983955570584,2.4206242123071966e-05
2022-12-21,1515.0,1521.0,1502.3499755859375,1509.550048828125,6236361.0,1490.9212646484375,1504.068115234375,1474.4461669921875,1493.4405517578125,6106364.0,1507.300048828125,0.0014927353062512694,-0.009194915823885097,0.010687651130136366,0.00011422588667950515
2022-12-22,1521.5,1529.949951171875,1511.75,1522.050048828125,6302640.0,1511.645751953125,1519.9039306640625,1501.8853759765625,1513.322021484375,4431094.5,1509.550048828125,0.008280613159996841,0.0024987397133193756,0.005781873446677466,3.3430060553393954e-05
2022-12-23,1508.699951171875,1509.9000244140625,1493.0,1497.0999755859375,6283822.0,1527.615966796875,1539.6356201171875,1520.7637939453125,1533.7203369140625,4520693.0,1522.050048828125,-0.016392413154480256,0.007667479853847636,-0.024059893008327893,0.0005788784515721855
2022-12-26,1500.5,1509.9000244140625,1496.3499755859375,1502.4000244140625,4115459.0,1492.4609375,1498.74267578125,1480.643310546875,1487.8353271484375,4140685.25,1497.0999755859375,0.003540210349713302,-0.0061883966258658996,0.009728606975579202,9.46457936852883e-05
2022-12-27,1509.949951171875,1521.449951171875,1497.5,1514.8499755859375,4860076.0,1497.7784423828125,1506.4986572265625,1488.7567138671875,1500.1995849609375,3647611.75,1502.4000244140625,0.008286708579315016,-0.0014646162256175543,0.00975132480493257,9.508833545129324e-05
2022-12-28,1505.0999755859375,1524.949951171875,1498.5,1510.1500244140625,5029860.0,1517.2662353515625,1530.087890625,1513.0439453125,1525.458740234375,4287074.5,1514.8499755859375,-0.003102585237892641,0.0070031784133171016,-0.010105763651209743,0.00010212645897411207
2022-12-29,1504.0,1521.300048828125,1501.0,1517.550048828125,4624745.0,1507.8560791015625,1516.6326904296875,1495.2685546875,1513.039794921875,4479064.0,1510.1500244140625,0.004900191566684642,0.0019135651829915723,0.0029866263836930695,8.919937155771543e-06
2022-12-30,1528.0,1530.4000244140625,1504.050048828125,1508.199951171875,5060544.0,1521.3486328125,1532.9130859375,1515.5361328125,1527.560791015625,4284330.0,1517.550048828125,-0.006161310899413408,0.0065966471387421954,-0.012757958038155603,0.00016276549330333917
2023-01-02,1514.0,1526.5,1504.050048828125,1524.0,3801140.0,1513.361083984375,1521.135498046875,1500.8751220703125,1517.5770263671875,4442745.5,1508.199951171875,0.010476096896733234,0.006217395238626411,0.004258701658106823,1.81365398127618e-05
2023-01-03,1519.8499755859375,1532.6500244140625,1515.0999755859375,1522.550048828125,4551130.0,1524.9918212890625,1534.6064453125,1517.053955078125,1526.9000244140625,4609239.0,1524.0,-0.0009514115301016979,0.0019029031588335688,-0.0028543146889352666,8.147112343471628e-06
2023-01-04,1521.0,1521.0,1491.0999755859375,1494.800048828125,7059590.0,1529.550048828125,1539.200439453125,1523.1044921875,1533.627197265625,4174165.75,1522.550048828125,-0.018226001845626394,0.007275391995176683,-0.025501393840803077,0.0006503210878237491
2023-01-05,1505.9000244140625,1505.9000244140625,1469.25,1475.199951171875,9868404.0,1500.764404296875,1509.864501953125,1491.5064697265625,1499.577880859375,4557356.0,1494.800048828125,-0.013112186925345548,0.0031963017628984236,-0.01630848868824397,0.0002659668032945816
2023-01-06,1470.0,1475.0,1446.5,1448.5,6443714.0,1480.0718994140625,1493.0234375,1468.4593505859375,1480.2274169921875,6117868.5,1475.199951171875,-0.018099208280657142,0.003407989416159385,-0.021507197696816527,0.0004625595527699501
2023-01-09,1448.199951171875,1489.3499755859375,1448.199951171875,1484.449951171875,11498717.0,1455.039794921875,1465.9100341796875,1438.2764892578125,1445.724365234375,3942617.0,1448.5,0.02481874433681397,-0.0019162131623230438,0.026734957499137013,0.0007147579524806624
2023-01-10,1482.0,1483.9000244140625,1454.050048828125,1469.75,7158624.0,1481.5623779296875,1505.7236328125,1470.8165283203125,1498.9576416015625,5784768.0,1484.449951171875,-0.009902624982587205,0.009773108496001992,-0.019675733478589197,0.00038713448792047575
2023-01-11,1470.0,1494.0,1464.0,1471.25,6173092.0,1471.24462890625,1485.00341796875,1463.7293701171875,1475.1361083984375,4931462.5,1469.75,0.0010205817315869226,0.003664642557195119,-0.0026440608256081966,6.991057649515898e-06
2023-01-12,1481.949951171875,1485.0,1455.0,1480.5999755859375,6591385.0,1476.53759765625,1487.2955322265625,1467.8046875,1477.40771484375,4329104.0,1471.25,0.006355123592820755,0.004185362680543703,0.0021697609122770523,4.707862416445346e-06
2023-01-13,1483.5,1519.4000244140625,1468.0,1503.6500244140625,11610426.0,1479.2127685546875,1488.8282470703125,1470.5975341796875,1479.308349609375,4366732.5,1480.5999755859375,0.015568046203028763,-0.0008723666066867697,0.016440412809715532,0.0002702871733538586
2023-01-16,1510.0,1528.0,1502.300048828125,1525.5,6073063.0,1521.0133056640625,1530.6781005859375,1509.2850341796875,1520.19287109375,5543686.5,1503.6500244140625,0.014531290680124709,0.011001793243832658,0.0035294974362920506,1.2457352152792158e-05
2023-01-17,1527.0,1542.199951171875,1524.0,1539.5,5922644.0,1530.686279296875,1538.6107177734375,1521.135986328125,1531.1956787109375,4623294.5,1525.5,0.009177318911832266,0.003733647139257723,0.005443671772574543,2.9633562367524868e-05
2023-01-18,1544.75,1551.8499755859375,1539.5999755859375,1545.4000244140625,5843098.0,1549.4022216796875,1561.3531494140625,1540.9827880859375,1553.0948486328125,5415914.5,1539.5,0.003832428979579472,0.008830690894974014,-0.004998261915394542,2.4982622174883515e-05
2023-01-19,1539.9000244140625,1549.550048828125,1526.1500244140625,1538.9000244140625,6165284.0,1550.626220703125,1554.97314453125,1536.78955078125,1545.0458984375,4553915.5,1545.4000244140625,-0.004206030734640653,-0.00022914842174714956,-0.003976882312893504,1.5815592930605185e-05
2023-01-20,1538.0,1545.0,1524.0,1525.550048828125,6496429.0,1537.0811767578125,1547.076904296875,1529.149169921875,1540.5482177734375,4662666.5,1538.9000244140625,-0.008675011614884154,0.0010710204257762257,-0.00974603204066038,9.498514053757873e-05
2023-01-23,1535.0,1553.300048828125,1528.0999755859375,1548.0,4855020.0,1533.1651611328125,1544.2806396484375,1526.0009765625,1537.83984375,4737741.0,1525.550048828125,0.014715971586196197,0.008055976223995787,0.0066599953622004104,4.4355538224530975e-05
2023-01-24,1560.0,1568.800048828125,1549.75,1551.9000244140625,5200802.0,1553.7537841796875,1566.114990234375,1546.3502197265625,1560.1712646484375,4726801.0,1548.0,0.0025193956163194198,0.007862574062298178,-0.005343178445978758,2.8549555905571976e-05
2023-01-25,1547.0,1556.0,1538.75,1543.0,4158617.0,1553.7816162109375,1558.3446044921875,1540.1171875,1547.8822021484375,4485584.5,1551.9000244140625,-0.0057349212410914285,-0.0025889697805385747,-0.003145951460552854,9.897010592154634e-06
2023-01-27,1546.0,1550.949951171875,1507.4000244140625,1519.1500244140625,6209955.0,1543.9434814453125,1552.00439453125,1535.3870849609375,1544.539794921875,4326894.5,1543.0,-0.015456886316226548,0.0009979228268794937,-0.01645480914310604,0.00027076074393604616
2023-01-30,1528.800048828125,1544.0,1520.0,1538.800048828125,6964719.0,1524.5135498046875,1541.784912109375,1518.8935546875,1535.2864990234375,4553469.5,1519.1500244140625,0.01293488075454663,0.010622041503503876,0.002312839251042753,5.349225401164003e-06
2023-01-31,1548.9000244140625,1548.9000244140625,1513.0,1533.75,9448126.0,1542.0445556640625,1559.974853515625,1536.022216796875,1554.2547607421875,4914640.0,1538.800048828125,-0.0032818096360023308,0.010043352887746604,-0.013325162523748935,0.0001775599562843231
2023-02-01,1542.199951171875,1555.050048828125,1528.050048828125,1551.0999755859375,6194199.0,1534.5933837890625,1546.9000244140625,1525.352294921875,1537.1259765625,6919969.0,1533.75,0.011312127521393656,0.0022011257131213657,0.00911100180827229,8.301035395034094e-05
2023-02-02,1552.0,1586.949951171875,1552.0,1583.75,6916834.0,1546.9000244140625,1553.289306640625,1534.7213134765625,1543.5596923828125,4743740.5,1551.0999755859375,0.02104959379019311,-0.0048612489986511465,0.025910842788844257,0.0006713717740282025
2023-02-03,1597.5,1604.6500244140625,1573.0,1599.4000244140625,7040194.0,1580.384521484375,1593.72998046875,1572.2020263671875,1587.3602294921875,5318303.5,1583.75,0.009881625517955905,0.0022795450621546642,0.007602080455801241,5.7791627256475205e-05
2023-02-06,1598.0,1598.0,1561.5999755859375,1569.8499755859375,4570612.0,1601.2325439453125,1612.4697265625,1590.2529296875,1604.0062255859375,5087520.0,1599.4000244140625,-0.018475708626396137,0.002879955671854173,-0.02135566429825031,0.0004560643976195629
2023-02-07,1569.0,1576.050048828125,1555.0999755859375,1562.4000244140625,4336238.0,1569.505615234375,1574.4453125,1553.2603759765625,1560.5321044921875,4021468.0,1569.8499755859375,-0.004745645308618984,-0.005935516921145356,0.001189871612526372,1.4157944542961086e-06
2023-02-08,1565.5,1603.0,1565.5,1590.5,7983338.0,1561.7120361328125,1567.235107421875,1548.01708984375,1556.2017822265625,4442787.0,1562.4000244140625,0.017985135142631448,-0.003967128834258982,0.02195226397689043,0.0004819018937110812
2023-02-09,1596.199951171875,1619.75,1586.050048828125,1617.0,6904911.0,1589.918212890625,1597.2119140625,1576.6959228515625,1587.2451171875,5139936.5,1590.5,0.016661427224143432,-0.002046452569946511,0.018707879794089943,0.00034998476639011875
2023-02-10,1612.949951171875,1616.300048828125,1596.449951171875,1608.550048828125,4786762.0,1607.3265380859375,1616.317626953125,1596.5147705078125,1607.368408203125,4114075.5,1617.0,-0.005225696457560325,-0.005956457511982038,0.0007307610544217136,5.340117186595346e-07
2023-02-13,1597.0,1597.0,1566.0,1567.449951171875,4001199.0,1611.9984130859375,1621.833740234375,1601.7896728515625,1614.2449951171875,4772420.0,1608.550048828125,-0.02555102198168635,0.0035404221915329437,-0.029091444173219294,0.0008463121240835348
2023-02-14,1584.699951171875,1596.0,1578.1500244140625,1593.25,5043736.0,1573.693115234375,1588.8648681640625,1566.3514404296875,1581.5689697265625,4129491.5,1567.449951171875,0.016459886842853377,0.009007635965749161,0.007452250877104216,5.553604313530056e-05
2023-02-15,1584.0,1599.0,1576.0,1597.050048828125,3465747.0,1597.6978759765625,1610.5582275390625,1591.107177734375,1604.43115234375,3854320.5,1593.25,0.0023850926270987394,0.007017826671112504,-0.004632734044013764,2.1462224722564127e-05
2023-02-16,1600.0,1614.449951171875,1597.8499755859375,1601.800048828125,4290289.0,1591.1265869140625,1597.7020263671875,1579.494140625,1588.68212890625,3987902.0,1597.050048828125,0.002974233652530467,-0.005239610322804289,0.008213843975334756,6.746723285114307e-05
2023-02-17,1594.0,1595.0,1575.5,1583.800048828125,2857734.0,1610.7265625,1620.29052734375,1603.001220703125,1613.5894775390625,3727454.0,1601.800048828125,-0.01123735762972966,0.007360112593056023,-0.018597470222785684,0.0003458658986874002
2023-02-20,1584.949951171875,1603.0,1582.5,1592.449951171875,2417716.0,1586.27099609375,1596.956298828125,1581.0980224609375,1592.8155517578125,3365985.0,1583.800048828125,0.005461486347440259,0.00569232393720287,-0.00023083758976261137,5.3285992847411666e-08
2023-02-21,1598.699951171875,1601.6500244140625,1576.0,1579.5,2723288.0,1596.2550048828125,1602.864013671875,1587.9952392578125,1596.6400146484375,3142800.75,1592.449951171875,-0.008132093044648125,0.0026312057553075086,-0.010763298799955634,0.00011584860105712639
2023-02-22,1563.0,1575.0,1555.300048828125,1561.800048828125,3656244.0,1587.8021240234375,1597.507568359375,1581.4876708984375,1592.241455078125,3117350.0,1579.5,-0.011206046959085114,0.008066764848448926,-0.01927281180753404,0.0003714412749686235
2023-02-23,1569.8499755859375,1569.8499755859375,1548.1500244140625,1550.699951171875,4766854.0,1560.3128662109375,1570.7745361328125,1552.7603759765625,1562.36328125,3627387.75,1561.800048828125,-0.007107246324251859,0.00036063030110522476,-0.007467876625357084,5.5769181291554706e-05
2023-02-24,1560.0,1569.0,1545.0,1550.6500244140625,2790986.0,1558.8853759765625,1568.9676513671875,1550.9453125,1560.071044921875,3747184.25,1550.699951171875,-3.2196272254148006e-05,0.006043137966773138,-0.006075334239027286,3.6909686115897246e-05
2023-02-27,1540.0,1540.0,1502.0,1509.300048828125,4920268.0,1550.104736328125,1561.35986328125,1544.227783203125,1555.35888671875,2916956.25,1550.6500244140625,-0.02666622057518253,0.003036702176860917,-0.029702922752043448,0.0008822636200138603
2023-02-28,1515.5999755859375,1524.0,1481.300048828125,1487.550048828125,9679811.0,1525.5654296875,1545.5989990234375,1520.688720703125,1540.0941162109375,4255396.0,1509.300048828125,-0.014410653479331348,0.020402879736684643,-0.03481353321601599,0.0012119820949826486
2023-03-01,1492.4000244140625,1500.8499755859375,1481.5,1496.050048828125,5125043.0,1493.8919677734375,1505.178466796875,1484.0784912109375,1493.0091552734375,4662634.0,1487.550048828125,0.005714093456348657,0.003669864049020255,0.0020442294073284017,4.178873869786229e-06
2023-03-02,1485.0,1488.5999755859375,1467.300048828125,1472.1500244140625,4644499.0,1497.0050048828125,1508.9356689453125,1490.5135498046875,1501.513671875,3055884.0,1496.050048828125,-0.01597541768925692,0.0036520322639972402,-0.01962744995325416,0.00038523679166749676
2023-03-03,1486.75,1489.800048828125,1473.0,1479.300048828125,4615015.0,1476.596923828125,1494.32421875,1472.204345703125,1487.82421875,2981560.25,1472.1500244140625,0.0048568585371646655,0.010647144704002631,-0.005790286166837966,3.3527413893875105e-05
2023-03-06,1494.550048828125,1520.4000244140625,1493.1500244140625,1507.449951171875,6561742.0,1482.6434326171875,1495.232177734375,1476.635498046875,1488.072998046875,3013220.5,1479.300048828125,0.0190292039576756,0.005930473148905602,0.013098730808769998,0.00017157674880062033
2023-03-08,1490.550048828125,1496.0,1481.0999755859375,1492.699951171875,4137080.0,1520.5970458984375,1533.26904296875,1513.713134765625,1526.6429443359375,4450847.0,1507.449951171875,-0.009784736129072491,0.012732093127962196,-0.022516829257034687,0.0005070075997904533
2023-03-09,1495.0,1498.3499755859375,1474.5999755859375,1480.4000244140625,5104656.0,1493.349365234375,1504.0986328125,1487.46630859375,1497.7218017578125,3030675.5,1492.699951171875,-0.008240053031525973,0.0033642732968504063,-0.01160432632837638,0.00013466038953544924
2023-03-10,1460.0,1474.300048828125,1457.6500244140625,1471.550048828125,3699580.0,1486.8846435546875,1500.1234130859375,1479.849365234375,1495.330322265625,3767017.5,1480.4000244140625,-0.005978097433117946,0.010085313162212284,-0.01606341059533023,0.0002580331599541675
2023-03-13,1464.199951171875,1478.300048828125,1428.0,1435.0999755859375,8798403.0,1463.547119140625,1472.32177734375,1450.9974365234375,1456.6414794921875,3044972.75,1471.550048828125,-0.02476984950067762,-0.010131201006591706,-0.014638648494085915,0.00021429002973340382
2023-03-14,1441.0,1448.3499755859375,1411.0,1420.0,7402784.0,1447.57958984375,1464.8096923828125,1436.739013671875,1449.5234375,3928456.0,1435.0999755859375,-0.010521898016040532,0.010050492759693386,-0.020572390775733918,0.00042322326222950197
2023-03-15,1438.0,1442.8499755859375,1416.8499755859375,1419.6500244140625,7556182.0,1432.955322265625,1455.382568359375,1424.898681640625,1443.1368408203125,5674848.5,1420.0,-0.0002464616802376751,0.016293549873459545,-0.01654001155369722,0.00027357198219643753
2023-03-16,1417.800048828125,1417.800048828125,1398.699951171875,1404.0999755859375,7323117.0,1432.503662109375,1453.55322265625,1416.554443359375,1435.9718017578125,7060731.0,1419.6500244140625,-0.010953438214142297,0.011497042977536953,-0.02245048119167925,0.0005040241057379437
2023-03-17,1430.0,1442.9000244140625,1411.4000244140625,1420.699951171875,9090018.0,1418.3638916015625,1436.94384765625,1392.5087890625,1417.912353515625,8145079.0,1404.0999755859375,0.011822502581420702,0.009837175535825748,0.0019853270455949534,3.941523477970786e-06
2023-03-20,1419.699951171875,1419.699951171875,1384.8499755859375,1403.6500244140625,8221829.0,1434.700439453125,1444.4588623046875,1424.1053466796875,1432.3658447265625,4321711.5,1420.699951171875,-0.012001075064265843,0.008211370419957342,-0.020212445484223185,0.0004085429524526942
2023-03-21,1399.0,1405.0,1390.0,1390.699951171875,8536755.0,1416.1527099609375,1441.63037109375,1404.2225341796875,1429.89794921875,6848418.5,1403.6500244140625,-0.00922599865845719,0.0186997644342608,-0.027925763092717992,0.0007798482443106103
2023-03-22,1403.0,1407.25,1382.1500244140625,1389.25,8356487.0,1414.6802978515625,1436.4849853515625,1406.541015625,1426.4404296875,5809813.5,1390.699951171875,-0.001042605323062773,0.025699633113173137,-0.02674223843623591,0.0007151473165804932
2023-03-23,1383.949951171875,1383.949951171875,1370.0,1374.550048828125,7607718.0,1410.849853515625,1434.17333984375,1393.7606201171875,1416.4150390625,7425124.0,1389.25,-0.01058121372818066,0.019553744151520558,-0.03013495787970122,0.0009081156864113666
2023-03-24,1388.0,1398.949951171875,1377.5,1380.6500244140625,7559127.0,1385.29052734375,1399.4996337890625,1375.74853515625,1387.0423583984375,6111639.0,1374.550048828125,0.004437798093374745,0.009088290077878813,-0.004650491984504068,2.1627075697936585e-05
2023-03-27,1386.25,1395.75,1374.0999755859375,1388.949951171875,4170193.0,1400.2476806640625,1425.34228515625,1392.6265869140625,1413.7086181640625,6529007.5,1380.6500244140625,0.006011608018719139,0.02394422421716169,-0.017932616198442553,0.0003215787237206442
2023-03-28,1392.0999755859375,1398.0,1375.8499755859375,1377.5999755859375,6633366.0,1402.93798828125,1419.5489501953125,1393.964599609375,1409.7296142578125,4120092.25,1388.949951171875,-0.008171623157739671,0.01496069967705127,-0.02313232283479094,0.0005351043597329905
2023-03-29,1379.0,1389.9000244140625,1364.550048828125,1383.550048828125,8813966.0,1403.851318359375,1424.301025390625,1386.34716796875,1406.9722900390625,7073067.0,1377.5999755859375,0.0043191589341142755,0.021321366850802992,-0.017002207916688716,0.00028907507404231245
2023-03-31,1404.0,1429.949951171875,1393.9000244140625,1427.949951171875,8711975.0,1392.2532958984375,1409.021484375,1382.2479248046875,1395.717041015625,6809101.0,1383.550048828125,0.032091287468318797,0.008794038349249078,0.02329724911906972,0.0005427618165159948
2023-04-03,1435.0,1435.0,1405.1500244140625,1410.8499755859375,5242764.0,1439.4000244140625,1452.9161376953125,1428.6619873046875,1441.1552734375,6608309.0,1427.949951171875,-0.011975192528214329,0.009247748672695177,-0.021222941200909506,0.0004504132332172622
2023-04-05,1400.0,1427.5,1400.0,1423.550048828125,7506334.0,1423.3673095703125,1428.7373046875,1410.2373046875,1416.14794921875,4365663.0,1410.8499755859375,0.00900171773183267,0.003755164421796353,0.005246553310036317,2.7526321635053034e-05
2023-04-06,1416.0,1428.4000244140625,1410.3499755859375,1421.9000244140625,6948465.0,1430.02978515625,1439.2799072265625,1410.2415771484375,1420.07861328125,7072433.0,1423.550048828125,-0.0011590912559912292,-0.002438576395492831,0.0012794851395016016,1.6370822222054329e-06
2023-04-10,1423.949951171875,1434.0,1415.0,1427.5999755859375,4993788.0,1429.2613525390625,1437.16357421875,1413.7969970703125,1422.633056640625,6579780.0,1421.9000244140625,0.004008686316904653,0.0005155300752348602,0.0034931562416697925,1.220214052871663e-05
2023-04-11,1428.9000244140625,1433.3499755859375,1389.0,1406.1500244140625,6942255.0,1436.4456787109375,1447.7294921875,1427.482177734375,1438.39111328125,5460928.0,1427.5999755859375,-0.01502518320166768,0.007558936592782839,-0.02258411979445052,0.0005100424668900917
2023-04-12,1413.050048828125,1431.5,1400.0,1428.300048828125,5831169.0,1418.142578125,1426.90087890625,1407.110107421875,1416.001708984375,4542303.0,1406.1500244140625,0.015752248358628984,0.0070061404539090155,0.008746107904719969,7.649440348100512e-05
2023-04-13,1409.75,1411.050048828125,1383.0,1389.199951171875,11267238.0,1433.781005859375,1443.621337890625,1424.410888671875,1434.7305908203125,4494684.5,1428.300048828125,-0.027375268724754598,0.004502234665232585,-0.03187750338998718,0.0010161752223786444
2023-04-17,1250.300048828125,1261.1500244140625,1185.300048828125,1258.300048828125,53171705.0,1408.632080078125,1419.9832763671875,1398.8253173828125,1410.49267578125,6128706.5,1389.199951171875,-0.09422682619109501,0.015327328935919704,-0.10955415512701472,0.012002112905594005
2023-04-18,1269.949951171875,1269.949951171875,1253.0999755859375,1259.3499755859375,12430884.0,1305.9603271484375,1337.52587890625,1287.01025390625,1323.8876953125,13919964.0,1258.300048828125,0.0008344009513392425,0.05212401171362724,-0.051289610762287996,0.0026306241721470087
2023-04-19,1254.3499755859375,1254.3499755859375,1229.4000244140625,1232.199951171875,11307230.0,1293.60595703125,1319.462158203125,1283.718017578125,1309.216064453125,12684784.0,1259.3499755859375,-0.021558760424345458,0.03959668863612453,-0.06115544906046999,0.00373998894978774
2023-04-20,1230.699951171875,1237.8499755859375,1221.4000244140625,1223.4000244140625,8621249.0,1248.375244140625,1273.84765625,1236.398681640625,1264.0904541015625,12210590.0,1232.199951171875,-0.007141638619157065,0.025880948055028163,-0.03302258667418523,0.0010904912306540758
2023-04-21,1228.0999755859375,1233.25,1220.0,1227.3499755859375,8691352.0,1273.6680908203125,1314.7713623046875,1254.822021484375,1301.166259765625,13387682.0,1223.4000244140625,0.0032286669062040474,0.06356566437769029,-0.06033699747148624,0.0036405532638741373
2023-04-24,1228.0,1230.0,1218.0,1226.300048828125,8313774.0,1261.9085693359375,1288.622802734375,1256.2041015625,1283.5244140625,9459404.0,1227.3499755859375,-0.0008554420325883605,0.04576888385054545,-0.04662432588313381,0.0021738277640566614
2023-04-25,1225.949951171875,1235.5,1215.0,1224.9000244140625,6808576.0,1239.8826904296875,1258.48095703125,1232.7247314453125,1255.11083984375,8320711.0,1226.300048828125,-0.001141665463848307,0.023494079644828414,-0.02463574510867672,0.000606919937059689
2023-04-26,1228.0,1233.0,1220.550048828125,1227.550048828125,5680192.0,1241.84423828125,1276.46728515625,1235.5408935546875,1270.4991455078125,8353759.0,1224.9000244140625,0.0021634618019785723,0.03722681050281018,-0.03506334870083161,0.0012294384221161097
2023-04-27,1230.0,1247.800048828125,1225.4000244140625,1246.25,8020704.0,1225.68701171875,1237.779296875,1217.693115234375,1234.3824462890625,7899450.0,1227.550048828125,0.015233554990060849,0.005565880973618986,0.009667674016441863,9.346392088818513e-05
2023-04-28,1255.699951171875,1259.0,1244.949951171875,1252.75,10118277.0,1258.2705078125,1265.8209228515625,1245.8231201171875,1258.117431640625,6658118.0,1246.25,0.005215646940822438,0.009522512851053211,-0.004306865910230773,1.8549093968707942e-05
2023-05-02,1254.550048828125,1279.75,1254.550048828125,1277.449951171875,8886401.0,1281.2625732421875,1310.8251953125,1262.3294677734375,1295.6751708984375,9583772.0,1252.75,0.01971658445170621,0.03426475425937947,-0.014548169807673261,0.00021164924475289585
2023-05-03,1266.0,1272.5,1262.0999755859375,1269.1500244140625,5549783.0,1279.02880859375,1276.5723876953125,1256.2889404296875,1260.656982421875,6857653.0,1277.449951171875,-0.0064972617911164265,-0.013145696028713183,0.0066484342375967564,4.420167781164877e-05
2023-05-04,1268.949951171875,1275.800048828125,1262.5,1273.550048828125,4505401.0,1273.74755859375,1279.9482421875,1263.5899658203125,1273.32080078125,6866926.0,1269.1500244140625,0.00346690645662151,0.003286275292090135,0.00018063116453137518,3.262761759996073e-08
2023-05-05,1279.0,1279.0,1254.25,1259.0999755859375,5373791.0,1272.9815673828125,1281.8372802734375,1265.28515625,1276.075927734375,4304725.5,1273.550048828125,-0.011346293972100963,0.001983336978844452,-0.013329630950945415,0.00017767906128840196
2023-05-08,1262.449951171875,1270.300048828125,1255.199951171875,1265.5999755859375,5260842.0,1267.781982421875,1272.68896484375,1256.8232421875,1265.6253662109375,5182767.5,1259.0999755859375,0.005162417699972721,0.00518258339411326,-2.016569414053926e-05,4.066552201697794e-10
2023-05-09,1266.0,1272.0,1260.699951171875,1270.699951171875,4969897.0,1266.756591796875,1270.7349853515625,1256.176513671875,1263.935546875,5108625.5,1265.5999755859375,0.004029690016054577,-0.0013151301699155793,0.005344820185970156,2.8567102820354054e-05
2023-05-10,1276.4000244140625,1276.4000244140625,1259.1500244140625,1263.25,6515734.0,1266.2044677734375,1269.314208984375,1256.0631103515625,1262.80419921875,6358635.0,1270.699951171875,-0.005862872006097475,-0.006213702885439876,0.00035083087934240087,1.2308230590016223e-07
2023-05-11,1270.25,1275.9000244140625,1253.050048828125,1256.0999755859375,6888461.0,1271.443115234375,1275.7159423828125,1263.439208984375,1269.302978515625,4330241.0,1263.25,-0.005660023284434934,0.004791591937957751,-0.010451615222392685,0.00010923626075695049
2023-05-12,1253.3499755859375,1256.0,1239.050048828125,1245.199951171875,8292212.0,1265.48828125,1266.872802734375,1253.4991455078125,1258.5142822265625,5304093.0,1256.0999755859375,-0.008677672658163993,0.00192206566957287,-0.010599738327736863,0.00011235445261649386
2023-05-15,1249.9000244140625,1268.9000244140625,1245.6500244140625,1258.3499755859375,5534710.0,1250.0084228515625,1248.0179443359375,1235.5291748046875,1238.05615234375,6501211.5,1245.199951171875,0.010560572542335,-0.0057370696339988925,0.016297642176333893,0.00026561314050781734
2023-05-16,1265.0,1273.949951171875,1262.75,1264.300048828125,5236469.0,1266.341552734375,1274.78857421875,1259.7998046875,1271.07861328125,4018577.25,1258.3499755859375,0.004728472489870628,0.010115339883394192,-0.0053868673935235645,2.901834031540736e-05
2023-05-17,1260.5999755859375,1260.949951171875,1242.449951171875,1246.9000244140625,10465667.0,1268.093017578125,1271.9578857421875,1260.1053466796875,1266.626953125,5211810.0,1264.300048828125,-0.013762575134115163,0.0018404684070303379,-0.0156030435411455,0.00024345496774688232
2023-05-18,1258.5999755859375,1259.6500244140625,1242.449951171875,1246.0,6948732.0,1258.1004638671875,1264.841552734375,1251.3289794921875,1260.7418212890625,5682772.0,1246.9000244140625,-0.0007218096049724787,0.011100967683038254,-0.011822777288010733,0.00013977806280190242
2023-05-19,1256.050048828125,1273.300048828125,1252.800048828125,1268.9000244140625,11094136.0,1254.9189453125,1265.7998046875,1250.2525634765625,1262.71923828125,4382603.0,1246.0,0.018378831792987604,0.013418329278691798,0.004960502514295806,2.460658519433501e-05
2023-05-22,1272.949951171875,1295.5999755859375,1270.25,1292.800048828125,7625947.0,1271.6895751953125,1275.1361083984375,1262.1348876953125,1268.1983642578125,4629723.0,1268.9000244140625,0.018835230478538856,-0.0005529672493891358,0.01938819772792799,0.0003759022111372321
2023-05-23,1299.199951171875,1314.1500244140625,1297.050048828125,1300.050048828125,7436031.0,1296.637451171875,1307.619384765625,1289.06103515625,1300.4393310546875,7791104.0,1292.800048828125,0.005607982461457883,0.005909098033750171,-0.0003011155722922876,9.067058787691186e-08
2023-05-24,1296.300048828125,1305.0,1291.300048828125,1298.6500244140625,4824077.0,1303.4444580078125,1311.7899169921875,1296.8331298828125,1305.306884765625,6680884.0,1300.050048828125,-0.0010769003972765923,0.004043564278343403,-0.005120464675619996,2.6219158494272188e-05
2023-05-25,1294.5,1307.0,1289.25,1304.3499755859375,4334121.0,1302.3909912109375,1312.569091796875,1297.673828125,1307.514404296875,5089965.0,1298.6500244140625,0.00438913569069288,0.006825842002206928,-0.0024367063115140475,5.937537648572394e-06
2023-05-26,1306.0,1323.449951171875,1306.0,1317.449951171875,5521606.0,1303.8798828125,1312.7210693359375,1298.8232421875,1307.685302734375,4315280.0,1304.3499755859375,0.01004329806504023,0.002557079933197537,0.007486218131842692,5.604346191753029e-05
2023-05-29,1332.699951171875,1332.699951171875,1309.8499755859375,1314.4000244140625,4419365.0,1325.8790283203125,1336.1468505859375,1320.7303466796875,1330.7713623046875,5122835.0,1317.449951171875,-0.0023150228629934544,0.010111512107889187,-0.012426534970882641,0.00015441877138256925
2023-05-30,1315.0,1326.4000244140625,1309.1500244140625,1323.8499755859375,6274719.0,1315.742431640625,1321.2635498046875,1309.0966796875,1315.536865234375,4258099.0,1314.4000244140625,0.007189554927228281,0.0008649123548361004,0.006324642572392181,4.000110366851558e-05
2023-05-31,1319.8499755859375,1331.0999755859375,1314.1500244140625,1318.300048828125,17800782.0,1317.56103515625,1322.530029296875,1311.2816162109375,1317.3358154296875,4538145.0,1323.8499755859375,-0.0041922626129566876,-0.004920618103548158,0.0007283554905914702,5.305017206747412e-07
2023-06-01,1322.550048828125,1329.5,1318.0999755859375,1319.5,4277841.0,1325.4190673828125,1332.6895751953125,1315.8226318359375,1325.1097412109375,6735299.5,1318.300048828125,0.0009102261453617366,0.005165510225737968,-0.0042552840803762315,1.810744260470339e-05
2023-06-02,1309.0,1312.9000244140625,1296.050048828125,1299.0,10909311.0,1323.6629638671875,1326.9954833984375,1314.21044921875,1319.45947265625,3563696.75,1319.5,-0.015536187949981017,-3.071416729827359e-05,-0.015505473782682744,0.00024041971722546193
2023-06-05,1304.0,1309.449951171875,1297.300048828125,1304.5,5002553.0,1300.8963623046875,1307.407958984375,1284.28857421875,1290.518798828125,4532263.0,1299.0,0.004234026173979943,-0.006529023227001551,0.010763049400981495,0.00011584323240796811
2023-06-06,1288.5999755859375,1288.5999755859375,1273.0,1279.0,10008100.0,1310.7418212890625,1316.1773681640625,1304.405029296875,1310.56982421875,4500060.0,1304.5,-0.019547719432732813,0.004652989052318812,-0.024200708485051625,0.0005856742911784497
2023-06-07,1290.5,1294.0,1282.5,1288.949951171875,5397578.0,1271.855712890625,1282.177734375,1264.6556396484375,1275.6588134765625,5884956.0,1279.0,0.0077794770694878945,-0.002612342864298234,0.010391819933786128,0.00010798992153623473
2023-06-08,1286.199951171875,1292.0,1281.0999755859375,1282.800048828125,5034942.0,1295.3583984375,1303.223876953125,1289.7330322265625,1297.863037109375,4609772.0,1288.949951171875,-0.004771249914054976,0.006914997692033298,-0.011686247606088274,0.0001365683831108039
2023-06-09,1282.5,1282.5,1264.0,1265.949951171875,5339073.0,1290.9534912109375,1300.502685546875,1287.2364501953125,1297.242431640625,4494007.0,1282.800048828125,-0.013135404595317146,0.011258483210764947,-0.024393887806082093,0.0005950617622957206
2023-06-12,1273.5,1295.699951171875,1273.0,1291.949951171875,4785588.0,1268.9716796875,1273.2470703125,1262.21142578125,1267.4188232421875,4205328.0,1265.949951171875,0.020537936729593476,0.0011602923709210788,0.019377644358672397,0.00037549310089118816
2023-06-13,1299.9000244140625,1306.5,1297.050048828125,1304.8499755859375,4846587.0,1287.6202392578125,1295.529541015625,1282.98291015625,1290.98095703125,4267846.0,1291.949951171875,0.009984925811066692,-0.0007500245189421273,0.010734950330008819,0.00011523915858775645
2023-06-14,1306.3499755859375,1306.699951171875,1293.199951171875,1300.4000244140625,3457981.0,1306.3673095703125,1316.88525390625,1302.6622314453125,1313.163330078125,4333503.0,1304.8499755859375,-0.0034103163238186074,0.006371119015773807,-0.009781435339592415,9.567647730262738e-05
2023-06-15,1293.949951171875,1293.949951171875,1282.6500244140625,1286.800048828125,6161155.0,1299.983154296875,1303.9796142578125,1294.26025390625,1298.83935546875,4069405.0,1300.4000244140625,-0.010458301546145687,-0.0012001452753092057,-0.009258156270836482,8.571345753522887e-05
2023-06-16,1287.0,1301.5,1281.050048828125,1291.6500244140625,8536287.0,1280.0123291015625,1280.123779296875,1269.608642578125,1271.2459716796875,4093636.5,1286.800048828125,0.003769020362063502,-0.01208740795635066,0.015856428318414162,0.00025142631901700657
2023-06-19,1294.0,1299.5,1287.050048828125,1294.0,4451787.0,1293.1751708984375,1297.1365966796875,1286.6982421875,1291.6273193359375,4579295.0,1291.6500244140625,0.0018193593787168005,-1.757835148519238e-05,0.001836937730201993,3.37434022463965e-06
2023-06-20,1294.0,1305.0,1291.0999755859375,1303.4000244140625,4009180.0,1292.0904541015625,1296.243408203125,1287.1387939453125,1291.362548828125,4295441.0,1294.0,0.007264315621377415,-0.002038215743334626,0.009302531364712041,8.653708979145127e-05
2023-06-21,1299.949951171875,1303.800048828125,1295.0,1299.3499755859375,4041529.0,1304.738525390625,1313.197509765625,1302.212890625,1310.345947265625,4021000.0,1303.4000244140625,-0.003107295344685679,0.005329079884500487,-0.008436375229186166,7.117242700762593e-05
2023-06-22,1289.4000244140625,1289.4000244140625,1273.5,1281.550048828125,6676607.0,1294.887451171875,1296.7830810546875,1288.921630859375,1292.2283935546875,3124969.0,1299.3499755859375,-0.013699101160013272,-0.005480880567253266,-0.008218220592760006,6.753914971126463e-05
2023-06-23,1276.449951171875,1279.3499755859375,1263.3499755859375,1265.0,7239467.0,1277.01220703125,1286.8155517578125,1275.1192626953125,1284.7457275390625,4361733.5,1281.550048828125,-0.012914087002110164,0.0024936042988408236,-0.015407691300950987,0.00023739695122540074
2023-06-26,1270.25,1274.0,1262.25,1270.3499755859375,3403244.0,1267.8056640625,1278.0594482421875,1265.9384765625,1275.7276611328125,4494663.5,1265.0,0.004229229712203519,0.008480364531867624,-0.004251134819664104,1.8072147254960554e-05
2023-06-27,1280.0,1282.0,1274.199951171875,1279.1500244140625,3240024.0,1273.1220703125,1277.4315185546875,1268.1541748046875,1273.2965087890625,3226868.25,1270.3499755859375,0.006927263350452684,0.002319465706106749,0.0046077976443459345,2.1231799131239945e-05
2023-06-28,1290.0,1296.699951171875,1281.4000244140625,1293.3499755859375,5662358.0,1275.468017578125,1279.336669921875,1270.736083984375,1275.7401123046875,3032219.5,1279.1500244140625,0.011101083454522431,-0.0026657640185223652,0.013766847473044797,0.0001895260893460799
2023-06-30,1308.199951171875,1338.9000244140625,1304.449951171875,1335.5,12821692.0,1293.3292236328125,1301.71484375,1290.7073974609375,1299.6226806640625,4149961.5,1293.3499755859375,0.03258980570588932,0.004849967291554735,0.027739838414334583,0.0007694986352533926
2023-07-03,1330.0,1346.0,1328.449951171875,1333.699951171875,7732412.0,1326.0509033203125,1344.0916748046875,1297.6112060546875,1336.2127685546875,7752004.0,1335.5,-0.001347846370741257,0.0005337091386652393,-0.0018815555094064962,3.5402511349779396e-06
2023-07-04,1344.300048828125,1346.0,1331.4000244140625,1345.1500244140625,5797775.0,1333.4180908203125,1341.120849609375,1328.509765625,1337.3427734375,4057899.75,1333.699951171875,0.008585194317602518,0.0027313656736840386,0.0058538286439184795,3.426730979236046e-05
2023-07-05,1357.8499755859375,1357.949951171875,1341.0,1347.300048828125,5414936.0,1330.463623046875,1344.0400390625,1321.35400390625,1336.9300537109375,6394222.0,1345.1500244140625,0.001598352878890985,-0.006110820766409009,0.007709173645299994,5.9431358293387995e-05
2023-07-06,1342.550048828125,1347.449951171875,1337.1500244140625,1343.9000244140625,5963897.0,1348.343017578125,1350.7724609375,1338.9129638671875,1344.951416015625,4671907.0,1347.300048828125,-0.0025235836790920008,-0.0017432143749588347,-0.0007803693041331661,6.089762508332818e-07
2023-07-07,1334.0,1345.800048828125,1325.3499755859375,1330.199951171875,6295647.0,1342.6923828125,1348.8665771484375,1338.566162109375,1345.990966796875,3915193.75,1343.9000244140625,-0.010194265193321006,0.0015558764378504897,-0.011750141631171496,0.00013806582835258952
2023-07-10,1336.550048828125,1341.9000244140625,1319.300048828125,1329.1500244140625,3940315.0,1327.0399169921875,1332.546142578125,1321.9959716796875,1329.4271240234375,3642722.0,1330.199951171875,-0.0007892999521519339,-0.0005809856989971163,-0.00020831425315481766,4.339482806744946e-08
2023-07-11,1333.449951171875,1350.9000244140625,1327.0,1348.5999755859375,6126128.0,1331.2752685546875,1333.970947265625,1324.0640869140625,1328.7882080078125,3326254.75,1329.1500244140625,0.014633375326046583,-0.00027221637859087267,0.014905591704637455,0.0002221766640653569
2023-07-12,1351.0,1351.9000244140625,1327.0,1333.300048828125,8102770.0,1351.0374755859375,1367.4241943359375,1346.9324951171875,1363.8636474609375,5866870.5,1348.5999755859375,-0.011345044516380742,0.011318161168116792,-0.022663205684497534,0.0005136208918978413
2023-07-13,1334.9000244140625,1376.800048828125,1330.8499755859375,1365.0999755859375,9977644.0,1336.9686279296875,1347.59423828125,1333.0286865234375,1344.1614990234375,4156018.0,1333.300048828125,0.02385054045843793,0.008146291005433515,0.015704249453004415,0.00024662345088218945
2023-07-14,1380.6500244140625,1430.0,1380.6500244140625,1425.949951171875,12833381.0,1352.456298828125,1364.32275390625,1338.276123046875,1353.5687255859375,6689395.0,1365.0999755859375,0.044575471887924545,-0.008447183507603873,0.05302265539552842,0.0028114019851929587
2023-07-17,1425.949951171875,1458.949951171875,1414.300048828125,1422.949951171875,11569884.0,1407.8721923828125,1423.599853515625,1396.175048828125,1413.4066162109375,8065479.0,1425.949951171875,-0.0021038606562134854,-0.008796476307341039,0.006692615651127554,4.479110425371749e-05
2023-07-18,1434.0,1477.949951171875,1429.0,1475.199951171875,16743977.0,1419.015869140625,1431.6856689453125,1406.096923828125,1420.3887939453125,9167962.0,1422.949951171875,0.03671949245788264,-0.0017998926978797236,0.038519385155762365,0.001483743032777966
2023-07-19,1486.0,1498.800048828125,1460.699951171875,1474.949951171875,13687062.0,1449.1539306640625,1462.705078125,1433.8046875,1450.787109375,10206726.0,1475.199951171875,-0.00016946855224708735,-0.016548835822209562,0.016379367269962475,0.000268283672164318
2023-07-20,1471.0,1471.0,1440.699951171875,1449.5,8347221.0,1455.9345703125,1460.808349609375,1437.4566650390625,1445.9549560546875,8585008.0,1474.949951171875,-0.017254789663645576,-0.019658290841767512,0.002403501178121936,5.776817913233535e-06
2023-07-21,1320.199951171875,1350.0,1305.0,1331.5999755859375,45548305.0,1447.74560546875,1460.260009765625,1438.878662109375,1454.2940673828125,6071202.5,1449.5,-0.08133840939224735,0.0033073938480940868,-0.08464580324034143,0.0071649120062025964
2023-07-24,1341.0,1349.9000244140625,1334.25,1336.5999755859375,8859789.0,1337.533935546875,1352.030517578125,1319.5533447265625,1334.5311279296875,11186513.0,1331.5999755859375,0.0037548814145929033,0.002201225891777403,0.0015536555228155002,2.4138454835751053e-06
2023-07-25,1337.0,1342.8499755859375,1324.25,1334.5999755859375,6801982.0,1333.656005859375,1342.8963623046875,1321.140625,1332.0103759765625,7647373.0,1336.5999755859375,-0.0014963340090764499,-0.003433786991775878,0.001937452982699428,3.7537240601709103e-06
2023-07-26,1343.0,1350.0,1339.4000244140625,1348.8499755859375,5528885.0,1333.699951171875,1345.0087890625,1327.3839111328125,1339.2403564453125,6486399.5,1334.5999755859375,0.010677356706636942,0.003476982574750709,0.0072003741318862335,5.184538763913643e-05
2023-07-27,1358.5999755859375,1363.800048828125,1347.050048828125,1353.1500244140625,9191861.0,1345.8875732421875,1356.0789794921875,1334.1060791015625,1351.4736328125,5685428.5,1348.8499755859375,0.0031879370619085634,0.0019451067754385765,0.001242830286469987,1.5446271209670697e-06
2023-07-28,1353.8499755859375,1363.8499755859375,1336.0,1340.5,6122735.0,1360.79296875,1372.418701171875,1356.818359375,1366.363525390625,7236115.0,1353.1500244140625,-0.009348574944260335,0.00976499334010228,-0.019113568284362614,0.0003653284925609924
2023-07-31,1348.75,1357.5,1333.25,1355.699951171875,7902180.0,1347.710693359375,1367.005859375,1344.181640625,1362.845458984375,6518318.5,1340.5,0.011339016167008609,0.01666949569889975,-0.005330479531891141,2.8414012039910402e-05
2023-08-01,1362.0,1369.0,1357.0,1365.199951171875,6064652.0,1359.7391357421875,1371.2208251953125,1358.302734375,1367.8505859375,5993365.0,1355.699951171875,0.0070074502782035974,0.008962628312497944,-0.001955178034294347,3.822721145787107e-06
2023-08-02,1369.300048828125,1371.949951171875,1348.449951171875,1356.8499755859375,7419145.0,1367.51171875,1379.8477783203125,1363.0538330078125,1375.7354736328125,5550950.0,1365.199951171875,-0.00611630228873794,0.0077172010238455435,-0.013833503312583484,0.00019136581389925822
2023-08-03,1350.0,1366.550048828125,1349.0,1364.300048828125,6503741.0,1364.4578857421875,1374.5355224609375,1362.656005859375,1370.761962890625,6047955.5,1356.8499755859375,0.005490712588891888,0.010253150720424875,-0.004762438131532987,2.2680816956679406e-05
2023-08-04,1368.9000244140625,1385.9000244140625,1362.0,1378.3499755859375,5712345.0,1368.4356689453125,1379.9442138671875,1363.01513671875,1375.184814453125,5511265.5,1364.300048828125,0.010298267430160157,0.007978278410492923,0.0023199890196672346,5.382349051376536e-06
2023-08-07,1387.9000244140625,1395.0,1377.0,1393.0,3729093.0,1382.8243408203125,1389.497314453125,1374.156005859375,1382.147705078125,5349501.0,1378.3499755859375,0.010628668098488392,0.002755272288935906,0.007873395809552486,6.199036157387865e-05
2023-08-08,1392.8499755859375,1393.550048828125,1384.4000244140625,1390.199951171875,4161877.0,1388.5875244140625,1393.77099609375,1378.5582275390625,1384.9696044921875,4853644.5,1393.0,-0.002010085303750908,-0.005764820895773459,0.003754735592022551,1.4098039366000937e-05
2023-08-09,1384.0,1396.0,1382.5,1394.4000244140625,4090828.0,1384.9979248046875,1391.1900634765625,1377.1395263671875,1384.373291015625,4766400.0,1390.199951171875,0.003021200827008297,-0.004191238930298047,0.007212439757306344,5.201928725277319e-05
2023-08-10,1391.5999755859375,1395.800048828125,1385.5999755859375,1389.0999755859375,3873025.0,1382.421142578125,1388.7242431640625,1374.703369140625,1382.126953125,4651855.0,1394.4000244140625,-0.0038009529082962956,-0.008801686083030447,0.005000733174734151,2.5007332284886702e-05
2023-08-11,1392.0,1396.8499755859375,1367.050048828125,1371.8499755859375,5783517.0,1390.306396484375,1398.9530029296875,1383.7742919921875,1393.178955078125,3872585.75,1389.0999755859375,-0.012418112665162018,0.0029364189503113813,-0.015354531615473399,0.00023576164113057216
2023-08-14,1371.8499755859375,1395.0,1365.5999755859375,1393.550048828125,4304135.0,1376.0650634765625,1384.614013671875,1370.2808837890625,1379.4903564453125,4763140.0,1371.8499755859375,0.015818109580764572,0.005569399712320289,0.010248709868444283,0.00010503605396754724
2023-08-16,1410.800048828125,1419.949951171875,1405.4000244140625,1418.5,7735313.0,1389.529541015625,1393.537353515625,1378.76025390625,1384.773193359375,4584372.0,1393.550048828125,0.01790387879707378,-0.006298198960367984,0.024202077757441764,0.0005857405677772574
2023-08-17,1420.0,1420.0,1406.0,1411.550048828125,5618346.0,1423.507080078125,1433.0771484375,1413.3218994140625,1423.3770751953125,4707616.0,1418.5,-0.004899507347109644,0.0034381918895400876,-0.008337699236649732,6.951722856082952e-05
2023-08-18,1403.699951171875,1408.699951171875,1386.1500244140625,1388.800048828125,5134103.0,1410.85546875,1417.7088623046875,1400.3021240234375,1408.7484130859375,5163233.5,1411.550048828125,-0.016117033908140344,-0.001984793769454707,-0.014132240138685637,0.00019972021133747743
2023-08-21,1389.75,1407.0,1387.1500244140625,1405.4000244140625,3032722.0,1389.3709716796875,1398.3663330078125,1381.9844970703125,1391.8685302734375,5025899.5,1388.800048828125,0.011952746977467843,0.002209447967619127,0.009743299009848716,9.493187559531896e-05
2023-08-22,1404.699951171875,1406.050048828125,1396.6500244140625,1403.75,2890714.0,1406.4979248046875,1413.0458984375,1397.114990234375,1405.4200439453125,3881986.75,1405.4000244140625,-0.0011740603283043605,1.4244721006306804e-05,-0.0011883050493106673,1.4120688902172273e-06
2023-08-23,1416.0,1416.5999755859375,1405.6500244140625,1407.949951171875,2559125.0,1408.875,1414.1864013671875,1399.253173828125,1406.4241943359375,3622300.25,1403.75,0.002991950968388224,0.001905036036286667,0.001086914932101557,1.1813840696253322e-06
2023-08-24,1421.5,1425.050048828125,1414.449951171875,1423.5999755859375,5171963.0,1410.66650390625,1415.914794921875,1400.8492431640625,1408.0465087890625,3370846.5,1407.949951171875,0.011115469268660139,6.858029087397632e-05,0.011046888977786162,0.0001220337560875334
2023-08-25,1413.0,1422.5,1411.4000244140625,1420.0999755859375,4307172.0,1421.637939453125,1425.1510009765625,1408.645751953125,1414.4901123046875,3624408.75,1423.5999755859375,-0.002458555816256869,-0.00639917353012065,0.003940617713863781,1.552846796681701e-05
2023-08-28,1420.0999755859375,1424.800048828125,1411.4000244140625,1415.6500244140625,3133464.0,1414.552978515625,1420.360107421875,1405.201171875,1412.6051025390625,3532706.5,1420.0999755859375,-0.0031335478123918348,-0.0052777080316352976,0.002144160219243463,4.597423045786174e-06
2023-08-29,1424.0,1424.4000244140625,1415.300048828125,1417.6500244140625,3074444.0,1410.159912109375,1417.18212890625,1402.036865234375,1410.2703857421875,3428107.75,1415.6500244140625,0.0014127785579121088,-0.0038001190824700215,0.00521289764038213,2.7174301809101583e-05
2023-08-30,1427.0,1436.6500244140625,1424.0,1435.1500244140625,3070887.0,1414.31201171875,1418.5826416015625,1404.6348876953125,1410.730712890625,3392228.75,1417.6500244140625,0.012344372516928548,-0.004880831943199326,0.017225204460127874,0.0002967076686932092
2023-08-31,1435.1500244140625,1444.9000244140625,1428.6500244140625,1435.449951171875,9792735.0,1433.4892578125,1437.9188232421875,1420.4345703125,1426.032470703125,3443837.75,1435.1500244140625,0.00020898634477939382,-0.0063530317777473755,0.006562018122526769,4.3060081840369745e-05
2023-09-01,1430.949951171875,1446.0,1428.199951171875,1443.8499755859375,3582133.0,1437.7188720703125,1445.553466796875,1430.030029296875,1437.829833984375,3360079.0,1435.449951171875,0.005851840676998066,0.0016579350680649974,0.004193905608933068,1.758884425664025e-05
2023-09-04,1443.0,1470.0,1434.699951171875,1465.0999755859375,4609014.0,1437.216064453125,1442.6458740234375,1425.239501953125,1431.647705078125,3691204.75,1443.8499755859375,0.014717595566932973,-0.008451203874461188,0.02316879944139416,0.0005367932675555464
2023-09-05,1465.0,1480.050048828125,1456.5,1478.9000244140625,5496840.0,1460.8648681640625,1469.4215087890625,1451.1539306640625,1460.8548583984375,3751015.75,1465.0999755859375,0.009419185760757287,-0.0028974931801512005,0.012316678940908488,0.00015170058013341863
2023-09-06,1481.9000244140625,1482.9000244140625,1463.300048828125,1477.449951171875,5075786.0,1469.533203125,1483.8115234375,1463.8759765625,1477.7420654296875,4172148.5,1478.9000244140625,-0.0009805079574340958,-0.0007829866557976795,-0.00019752130163641635,3.901466460014417e-08
2023-09-07,1470.5999755859375,1473.4000244140625,1462.050048828125,1466.199951171875,4411743.0,1475.8568115234375,1489.267578125,1470.0263671875,1483.8350830078125,4133388.5,1477.449951171875,-0.007614471130529155,0.004321724624832823,-0.011936195755361978,0.0001424727691103213
2023-09-08,1463.5,1474.75,1460.199951171875,1469.5999755859375,3125838.0,1462.4462890625,1470.008544921875,1452.1595458984375,1462.27783203125,4227801.0,1466.199951171875,0.0023189363847304634,-0.0026750233741926754,0.004993959758923139,2.4939634073743655e-05
2023-09-11,1469.5999755859375,1478.050048828125,1464.5,1476.449951171875,4182226.0,1455.137451171875,1460.8778076171875,1443.13134765625,1451.16064453125,3544325.0,1469.5999755859375,0.004661115745600242,-0.012547177028453316,0.017208292774053557,0.00029612534019754386
2023-09-12,1482.5,1504.0,1477.0999755859375,1501.0999755859375,6793161.0,1468.338134765625,1478.3326416015625,1462.58984375,1473.8485107421875,3499474.5,1476.449951171875,0.01669546901640495,-0.0017619563925094228,0.018457425408914374,0.0003406765527256379
2023-09-13,1505.0,1505.0,1488.6500244140625,1498.3499755859375,4804686.0,1490.470703125,1501.957275390625,1483.7684326171875,1496.386474609375,4114191.25,1501.0999755859375,-0.0018319899038879983,-0.003140031345828631,0.0013080414419406328,1.7109724138341297e-06
2023-09-14,1505.0,1512.550048828125,1499.1500244140625,1506.949951171875,6444213.0,1492.5098876953125,1497.9154052734375,1470.11767578125,1479.233642578125,5900242.0,1498.3499755859375,0.005739630744529212,-0.012758256294786552,0.018497887039315764,0.0003421718249192861
2023-09-15,1518.0,1518.4000244140625,1509.0,1511.5999755859375,8657816.0,1508.02880859375,1518.670654296875,1500.354248046875,1512.70361328125,4229761.0,1506.949951171875,0.003085719210811577,0.0038180844061215247,-0.0007323651953099475,5.363587793013775e-07
2023-09-18,1504.9000244140625,1504.9000244140625,1488.0,1491.800048828125,3991916.0,1507.24267578125,1519.9473876953125,1501.1148681640625,1515.43310546875,4454281.0,1511.5999755859375,-0.013098655118817026,0.002535809701456726,-0.015634464820273752,0.0002444364902163776
2023-09-20,1476.199951171875,1495.0999755859375,1476.199951171875,1490.25,4169337.0,1487.992919921875,1493.23388671875,1472.761962890625,1481.2135009765625,3745359.0,1491.800048828125,-0.0010390459695605037,-0.007096492495679119,0.006057446526118615,3.669265841678648e-05
2023-09-21,1486.550048828125,1504.550048828125,1476.0,1501.75,6779195.0,1486.9456787109375,1495.4912109375,1478.475830078125,1489.360595703125,4399117.0,1490.25,0.00771682603589996,-0.0005968154986579766,0.008313641534557936,6.911663556512683e-05
2023-09-22,1491.9000244140625,1506.949951171875,1485.199951171875,1496.1500244140625,5455613.0,1501.0072021484375,1512.76904296875,1494.1025390625,1507.8697509765625,4139407.0,1501.75,-0.0037289665962626506,0.004075079724696229,-0.0078040463209588795,6.090313897967182e-05
2023-09-25,1489.8499755859375,1489.8499755859375,1471.550048828125,1474.1500244140625,4217863.0,1504.653564453125,1515.375732421875,1497.4188232421875,1510.035888671875,4040953.25,1496.1500244140625,-0.014704407740537828,0.009281064085301605,-0.023985471825839433,0.0005753028587081372
2023-09-26,1479.1500244140625,1479.9000244140625,1459.0,1460.6500244140625,3996528.0,1485.1707763671875,1495.8387451171875,1478.39892578125,1490.930419921875,4259462.0,1474.1500244140625,-0.009157819608873186,0.011383098890821675,-0.02054091849969486,0.00042192933281110656
2023-09-27,1456.0,1469.5999755859375,1450.050048828125,1467.0,3863586.0,1467.7093505859375,1476.2750244140625,1458.142822265625,1468.85888671875,4447365.0,1460.6500244140625,0.0043473628040946455,0.005620006276301881,-0.0012726434722072355,1.6196214073516887e-06
2023-09-28,1467.9000244140625,1472.5999755859375,1435.0,1439.449951171875,5814602.0,1471.8531494140625,1484.09912109375,1466.271728515625,1480.2825927734375,4107922.25,1467.0,-0.018779856051891586,0.009054255469282513,-0.0278341115211741,0.0007747377641731567
2023-09-29,1432.0999755859375,1446.800048828125,1416.0,1435.449951171875,6068968.0,1445.6756591796875,1456.042724609375,1437.588134765625,1450.3048095703125,4477590.0,1439.449951171875,-0.0027788392342112944,0.007540976599846649,-0.010319815834057944,0.00010649859884887306
2023-10-03,1436.050048828125,1437.0,1420.300048828125,1434.0,4181867.0,1428.046875,1437.4105224609375,1420.85986328125,1432.2606201171875,4456779.0,1435.449951171875,-0.0010101022126833836,-0.002221833685029373,0.0012117314723459893,1.4682931610737792e-06
2023-10-04,1425.0,1449.949951171875,1418.199951171875,1444.3499755859375,4510406.0,1434.152099609375,1444.3564453125,1427.613037109375,1439.5853271484375,4342158.0,1434.0,0.007217556196609243,0.003894928276455767,0.003322627920153476,1.1039856295783413e-05
2023-10-05,1452.0,1475.6500244140625,1450.199951171875,1463.449951171875,7384621.0,1435.862548828125,1443.979736328125,1428.1578369140625,1438.83740234375,4433332.0,1444.3499755859375,0.013223924885787497,-0.0038166464744469053,0.017040571360234402,0.00029038107228324095
2023-10-06,1469.5,1484.5,1463.300048828125,1478.699951171875,3598672.0,1465.954833984375,1477.9444580078125,1457.925048828125,1472.6162109375,4714312.0,1463.449951171875,0.01042058185029715,0.006263459681887351,0.004157122168409799,1.728166472308419e-05
2023-10-09,1464.9000244140625,1491.0,1462.199951171875,1475.449951171875,3567552.0,1469.3590087890625,1478.9954833984375,1463.218017578125,1474.61865234375,3127405.5,1478.699951171875,-0.0021978765857294524,-0.002760058810369559,0.0005621822246401065,3.160488537012991e-07
2023-10-10,1483.9000244140625,1497.0,1469.0999755859375,1495.1500244140625,5688951.0,1465.372314453125,1474.3870849609375,1457.9803466796875,1468.4072265625,3714669.75,1475.449951171875,0.01335190883739612,-0.004773272454129174,0.018125181291525294,0.00032852219685065853
2023-10-11,1497.0,1518.25,1481.449951171875,1494.4000244140625,7220129.0,1483.4366455078125,1493.5670166015625,1474.7327880859375,1487.5244140625,4409336.0,1495.1500244140625,-0.0005016219026541258,-0.005100230897933433,0.0045986089952793074,2.1147204691463763e-05
2023-10-12,1491.9000244140625,1504.4000244140625,1452.0,1465.5,11081662.0,1491.3896484375,1501.7957763671875,1481.8773193359375,1494.74267578125,4606240.5,1494.4000244140625,-0.019338881117453077,0.00022929025802298497,-0.019568171375476062,0.0003829133309800007
2023-10-13,1405.0,1438.0,1400.0,1431.1500244140625,17973439.0,1460.210693359375,1471.922119140625,1450.181396484375,1464.196533203125,4878309.0,1465.5,-0.023439082624317598,-0.0008894348665131613,-0.022549647757804436,0.0005084866140010547
2023-10-16,1432.0999755859375,1443.5999755859375,1430.0,1434.1500244140625,4850745.0,1442.093994140625,1458.39306640625,1430.59912109375,1447.485595703125,6120377.0,1431.1500244140625,0.0020962162937656625,0.011414296901368193,-0.00931808060760253,8.682662620977834e-05
2023-10-17,1440.25,1453.3499755859375,1438.050048828125,1442.449951171875,3923764.0,1439.9366455078125,1453.2127685546875,1432.9371337890625,1447.8890380859375,4712023.5,1434.1500244140625,0.005787349033587796,0.00957989989749386,-0.0037925508639060634,1.4383442055314628e-05
2023-10-18,1442.0,1454.0,1438.3499755859375,1440.550048828125,4264837.0,1447.4639892578125,1457.5047607421875,1440.32470703125,1451.8289794921875,3623211.75,1442.449951171875,-0.001317135712200268,0.00650215164324619,-0.007819287355446458,6.114125474704486e-05
2023-10-19,1426.0999755859375,1439.6500244140625,1426.0999755859375,1433.6500244140625,6795691.0,1447.0660400390625,1453.0577392578125,1437.381591796875,1445.1802978515625,3378433.0,1440.550048828125,-0.00478985400033527,0.0032142229471334716,-0.008004076947468741,6.406524778100053e-05
2023-10-20,1430.0,1438.5,1425.25,1427.25,3928622.0,1429.387451171875,1437.9649658203125,1420.1953125,1431.146484375,4309279.0,1433.6500244140625,-0.004464146971070004,-0.001746270007623174,-0.0027178769634468303,7.3868551884349625e-06
2023-10-23,1425.5999755859375,1432.3499755859375,1405.25,1408.6500244140625,2636516.0,1434.94091796875,1448.8431396484375,1430.6708984375,1444.979248046875,3588770.25,1427.25,-0.013032037544885244,0.01242196394946582,-0.025454001494351064,0.0006479061920744262
2023-10-25,1399.0,1402.550048828125,1361.300048828125,1370.050048828125,6940777.0,1414.7579345703125,1423.739013671875,1409.677490234375,1418.90869140625,3159691.0,1408.6500244140625,-0.02740210479319971,0.007282622947069273,-0.034684727740268984,0.0012030303384165848
2023-10-26,1355.050048828125,1374.0,1353.0999755859375,1359.449951171875,6357656.0,1374.311767578125,1387.369140625,1368.50927734375,1383.088623046875,4924806.0,1370.050048828125,-0.007737014910744966,0.009516859789102217,-0.017253874699847183,0.0002976961921580267
2023-10-27,1363.6500244140625,1385.0,1363.6500244140625,1380.3499755859375,4634358.0,1359.6214599609375,1368.787109375,1352.4375,1361.09228515625,4669125.0,1359.449951171875,0.01537388294143982,0.0012080871259432246,0.014165795815496596,0.00020066977108634086
2023-10-30,1380.3499755859375,1380.3499755859375,1363.0999755859375,1377.050048828125,2667696.0,1386.97998046875,1399.5810546875,1382.509765625,1395.552734375,4236043.0,1380.3499755859375,-0.002390644993065405,0.011013698741588529,-0.013404343734653934,0.00017967643095675618
2023-10-31,1379.949951171875,1381.1500244140625,1363.0,1368.4000244140625,3451595.0,1374.21337890625,1385.3953857421875,1368.592529296875,1382.8350830078125,3530997.0,1377.050048828125,-0.006281561386547785,0.004201034076147581,-0.010482595462695365,0.00010988480763452147
2023-11-01,1373.050048828125,1377.449951171875,1351.6500244140625,1354.1500244140625,3090672.0,1372.3759765625,1380.6290283203125,1368.9425048828125,1376.683349609375,3061228.75,1368.4000244140625,-0.010413621562234132,0.006053292200765226,-0.016466913762999358,0.0002711592488780577
2023-11-02,1370.0,1376.300048828125,1361.6500244140625,1370.1500244140625,3758060.0,1359.7216796875,1367.308349609375,1355.7841796875,1363.1533203125,2557872.0,1354.1500244140625,0.0118155298242697,0.00664866945029452,0.0051668603739751795,2.669644612415493e-05
2023-11-03,1380.050048828125,1392.0,1377.75,1389.050048828125,3349045.0,1375.8787841796875,1388.3946533203125,1373.8541259765625,1386.8446044921875,3830112.5,1370.1500244140625,0.013794127706668435,0.01218449058909754,0.0016096371175708946,2.590931650261938e-06
2023-11-06,1393.9000244140625,1407.25,1390.800048828125,1403.300048828125,2736381.0,1384.041748046875,1391.709228515625,1380.01513671875,1388.2862548828125,2889288.0,1389.050048828125,0.010258809617423204,-0.0005498678366246956,0.0108086774540479,0.00011682750830564337
2023-11-07,1400.0,1405.9000244140625,1394.8499755859375,1404.300048828125,2272209.0,1407.0135498046875,1423.2674560546875,1404.04052734375,1419.685546875,3927187.75,1403.300048828125,0.0007126059753472802,0.011676403817243663,-0.010963797841896383,0.00012020486311797179
2023-11-08,1405.0,1405.0,1386.449951171875,1391.0,3550635.0,1407.7724609375,1413.370361328125,1401.76904296875,1407.6407470703125,2666227.75,1404.300048828125,-0.009470945215179438,0.0023789063063661686,-0.011849851521545607,0.00014041898108267672
2023-11-09,1395.9000244140625,1397.5,1370.050048828125,1374.800048828125,5498051.0,1394.2430419921875,1402.401611328125,1390.61083984375,1399.1109619140625,2696361.25,1391.0,-0.011646262524712458,0.005831029413416511,-0.01747729193812897,0.00030545573349058787
2023-11-10,1369.949951171875,1373.1500244140625,1361.0,1368.8499755859375,2943649.0,1375.6724853515625,1386.572265625,1372.6185302734375,1382.5836181640625,3223774.5,1374.800048828125,-0.004327955361406399,0.005661601003412953,-0.009989556364819352,9.979123636590282e-05
2023-11-13,1379.8499755859375,1382.449951171875,1370.8499755859375,1373.550048828125,3462092.0,1366.4239501953125,1373.8555908203125,1362.022705078125,1369.502685546875,2653946.25,1368.8499755859375,0.003433592669770613,0.00047683089643046905,0.002956761773340144,8.742440184285554e-06
2023-11-15,1399.0,1414.0,1393.0,1410.5,8551860.0,1373.69140625,1377.9471435546875,1366.5460205078125,1371.69775390625,2706945.5,1373.550048828125,0.026901059195767685,-0.0013485456343257374,0.028249604830093422,0.0007980401730564376
2023-11-16,1416.0999755859375,1453.4000244140625,1410.5999755859375,1444.9000244140625,6673907.0,1416.9146728515625,1429.93408203125,1410.9608154296875,1424.3187255859375,4405788.0,1410.5,0.024388532019895326,0.009797040472128593,0.014591491547766733,0.00021291162558854801
2023-11-17,1441.050048828125,1451.0,1435.050048828125,1437.550048828125,4901251.0,1443.4468994140625,1456.5550537109375,1436.9207763671875,1449.4842529296875,3845747.25,1444.9000244140625,-0.005086840239287849,0.0031726959915334696,-0.008259536230821318,6.821993874825002e-05
2023-11-20,1442.0,1452.0,1433.6500244140625,1436.5999755859375,3584210.0,1438.0743408203125,1454.173583984375,1433.6531982421875,1449.587890625,4569660.0,1437.550048828125,-0.0006608975061160871,0.008373859266109118,-0.009034756772225205,8.162682993326921e-05
2023-11-21,1442.0,1450.0,1436.75,1439.0,3793135.0,1441.0859375,1450.429443359375,1434.69775390625,1444.6466064453125,3299122.25,1436.5999755859375,0.0016706281879781404,0.0056011631603245515,-0.003930534972346411,1.5449105168838204e-05
2023-11-22,1436.199951171875,1458.949951171875,1436.199951171875,1457.800048828125,3108786.0,1443.427734375,1452.3896484375,1437.324951171875,1446.8665771484375,3163431.0,1439.0,0.013064662146021533,0.005466697114967056,0.007597965031054477,5.7729072613126655e-05
2023-11-23,1467.9000244140625,1467.9000244140625,1447.699951171875,1449.25,3186928.0,1453.7943115234375,1460.34375,1445.630126953125,1453.4959716796875,3090498.25,1457.800048828125,-0.00586503535584193,-0.002952446840633227,-0.0029125885152087028,8.483171858925636e-06
2023-11-24,1445.550048828125,1452.6500244140625,1433.8499755859375,1437.4000244140625,2973195.0,1452.8314208984375,1460.4752197265625,1446.2723388671875,1454.7886962890625,3089119.75,1449.25,-0.008176626245256169,0.0038217673203813085,-0.011998393565637477,0.0001439614481559308
2023-11-28,1444.0,1445.0,1427.050048828125,1442.699951171875,3755373.0,1437.354248046875,1445.395263671875,1431.7659912109375,1440.4189453125,2912526.5,1437.4000244140625,0.003687162006257072,0.002100264955587461,0.0015868970506696112,2.5182422494239105e-06
2023-11-29,1451.0999755859375,1460.699951171875,1449.800048828125,1459.5999755859375,3875778.0,1441.2607421875,1451.6605224609375,1436.4959716796875,1447.400146484375,3342433.25,1442.699951171875,0.011714164404271976,0.003257916040464437,0.00845624836380754,7.150813639039768e-05
2023-11-30,1453.25,1460.6500244140625,1449.550048828125,1455.1500244140625,10120867.0,1459.759033203125,1470.4329833984375,1453.5616455078125,1464.2193603515625,3480766.5,1459.5999755859375,-0.0030487470857134547,0.003164829297678473,-0.006213576383391928,3.8608531472245906e-05
2023-12-01,1459.9000244140625,1459.9000244140625,1446.1500244140625,1452.300048828125,3489187.0,1448.64697265625,1458.5054931640625,1442.9903564453125,1453.6544189453125,3645442.75,1455.1500244140625,-0.0019585441625409317,-0.0010278015624899384,-0.0009307426000509933,8.662817875496833e-07
2023-12-04,1460.449951171875,1471.9000244140625,1449.300048828125,1464.3499755859375,5511948.0,1452.398681640625,1460.55615234375,1446.65380859375,1455.6566162109375,3339279.0,1452.300048828125,0.008297133066638374,0.002311207925332681,0.005985925141305692,3.583129979731558e-05
2023-12-05,1465.800048828125,1466.9000244140625,1442.0,1453.949951171875,5123039.0,1463.1595458984375,1468.6298828125,1454.6680908203125,1461.6392822265625,3448860.0,1464.3499755859375,-0.007102144014378142,-0.0018511239830426574,-0.005251020031335485,2.7573211369486518e-05
2023-12-06,1456.75,1477.0,1451.050048828125,1474.300048828125,5269178.0,1455.1015625,1460.3326416015625,1446.959228515625,1453.832275390625,3351662.0,1453.949951171875,0.013996422393939945,-8.093523518826196e-05,0.014077357629128207,0.00019817199781837412
2023-12-07,1472.8499755859375,1472.8499755859375,1461.800048828125,1465.9000244140625,4424453.0,1470.1263427734375,1479.6590576171875,1463.5009765625,1473.65869140625,3761542.25,1474.300048828125,-0.005697635580178773,-0.0004350250292569635,-0.005262610550921809,2.7695069810673547e-05
2023-12-08,1470.4000244140625,1494.699951171875,1466.25,1491.1500244140625,6323433.0,1461.644287109375,1470.0821533203125,1455.6553955078125,1465.0079345703125,3371791.25,1465.9000244140625,0.01722491273584148,-0.0006085611766781795,0.01783347391251966,0.00031803279178851924
2023-12-11,1490.0,1498.0,1482.0,1488.5,3862018.0,1487.1851806640625,1502.1192626953125,1481.807373046875,1496.292724609375,4642966.0,1491.1500244140625,-0.001777168206199664,0.0034488147477536035,-0.005225982953953268,2.7310897835010122e-05
2023-12-12,1477.5,1490.0,1467.6500244140625,1476.050048828125,6103494.0,1489.7359619140625,1503.914306640625,1485.16357421875,1498.4488525390625,4364760.0,1488.5,-0.00836409215443401,0.006683810909682508,-0.015047903064116519,0.00022643938662704732
2023-12-13,1476.0,1476.050048828125,1433.1500244140625,1449.0,8549258.0,1476.9993896484375,1487.299560546875,1471.6446533203125,1482.2628173828125,3872779.5,1476.050048828125,-0.018325969942279863,0.004209050065490549,-0.022535020007770412,0.0005078271267506128
2023-12-14,1463.4000244140625,1511.0,1461.3499755859375,1501.449951171875,12489858.0,1444.92919921875,1456.865234375,1438.7451171875,1451.810791015625,4292431.5,1449.0,0.03619734380391648,0.001939814365510717,0.034257529438405765,0.0011735783232232377
2023-12-15,1523.050048828125,1588.550048828125,1521.0,1578.4000244140625,18395389.0,1499.0174560546875,1523.427490234375,1494.5108642578125,1518.3798828125,4809898.0,1501.449951171875,0.05125050833837541,0.011275721596588184,0.03997478674178723,0.001597983575051368
2023-12-18,1567.949951171875,1593.0,1560.300048828125,1564.3499755859375,6467243.0,1586.74267578125,1595.8873291015625,1564.3431396484375,1575.14111328125,7001454.0,1578.4000244140625,-0.008901449956160934,-0.0020646927790198832,-0.006836757177141051,4.6741248699189665e-05
2023-12-19,1570.0999755859375,1573.949951171875,1543.25,1558.300048828125,4221721.0,1569.8819580078125,1577.84130859375,1555.6136474609375,1563.96337890625,5451144.0,1564.3499755859375,-0.0038673742143578993,-0.0002471292777964651,-0.003620244936561434,1.3106173400698703e-05
2023-12-20,1565.050048828125,1583.5,1530.0,1536.4000244140625,6592367.0,1562.497314453125,1572.961669921875,1552.019775390625,1562.59423828125,4689802.5,1558.300048828125,-0.014053791778118607,0.0027556884544504,-0.016809480232569007,0.0002825586256891282
2023-12-21,1521.25,1546.6500244140625,1521.25,1536.0,5319038.0,1530.898681640625,1545.1014404296875,1522.7022705078125,1535.7003173828125,4904203.0,1536.4000244140625,-0.00026036475377888557,-0.00045541982565178163,0.00019505507187289606,3.804648106334065e-08
2023-12-22,1534.949951171875,1566.0,1523.0,1562.9000244140625,6741060.0,1525.20556640625,1539.7958984375,1518.317626953125,1531.5103759765625,4578352.0,1536.0,0.017513036727905273,-0.0029229323069254187,0.020435969034830692,0.0004176288303925589
2023-12-26,1535.0,1548.0,1523.0,1543.949951171875,6878067.0,1557.1768798828125,1572.289794921875,1548.5850830078125,1561.870361328125,5112024.0,1562.9000244140625,-0.012124942700216468,-0.0006588157078848411,-0.011466126992331627,0.0001314720682042759
2023-12-27,1544.0,1570.0,1544.0,1567.0999755859375,4225849.0,1537.730712890625,1551.481201171875,1528.675537109375,1542.3289794921875,5027231.5,1543.949951171875,0.014994025160266045,-0.001049886156256008,0.016043911316522053,0.0002574070903324244
2023-12-28,1568.949951171875,1568.949951171875,1555.0,1562.6500244140625,5702253.0,1562.1221923828125,1577.1827392578125,1554.323974609375,1568.208740234375,4626269.0,1567.0999755859375,-0.002839608985515496,0.000707526428250338,-0.003547135413765834,1.2582169643591715e-05
2023-12-29,1541.050048828125,1559.449951171875,1540.0,1542.9000244140625,4388990.0,1557.3465576171875,1573.6402587890625,1550.8831787109375,1566.939208984375,4160742.5,1562.6500244140625,-0.01263878647901695,0.0027448145799124912,-0.015383601058929441,0.00023665518154029503
2024-01-01,1539.0,1557.0,1535.25,1551.3499755859375,2808451.0,1547.9420166015625,1568.7830810546875,1544.499267578125,1563.15478515625,3983646.0,1542.9000244140625,0.00547666798766433,0.01312772079958946,-0.00765105281192513,5.853860913086744e-05
2024-01-02,1546.0,1549.1500244140625,1523.0,1534.4000244140625,5396313.0,1546.2603759765625,1576.3284912109375,1543.3187255859375,1569.8485107421875,5475878.0,1551.3499755859375,-0.010925936402888747,0.011924153445300512,-0.02285008984818926,0.0005221266060703218
2024-01-03,1519.949951171875,1519.949951171875,1488.0,1490.0,7550363.0,1533.4759521484375,1551.8353271484375,1528.9769287109375,1545.64892578125,4392070.0,1534.4000244140625,-0.028936407525812835,0.007331139981885171,-0.036267547507698006,0.0013153350022231318
2024-01-04,1504.949951171875,1519.75,1492.9000244140625,1512.699951171875,7056038.0,1498.0484619140625,1516.1568603515625,1492.5645751953125,1509.776123046875,4402123.5,1490.0,0.015234866558305304,0.01327256580327174,0.0019623007550335636,3.8506242532052935e-06
2024-01-05,1506.75,1539.699951171875,1506.25,1532.550048828125,8895403.0,1520.52294921875,1544.50341796875,1515.9769287109375,1538.2740478515625,4899855.5,1512.699951171875,0.013122296752156482,0.016906258679968644,-0.003783961927812163,1.4318367871131939e-05
2024-01-08,1528.949951171875,1536.0,1513.25,1522.800048828125,4440136.0,1532.770263671875,1550.9832763671875,1526.1749267578125,1543.3685302734375,5063359.5,1532.550048828125,-0.006361945573950645,0.007059137451064013,-0.013421083025014657,0.00018012546956433658
2024-01-09,1541.9000244140625,1553.0,1525.8499755859375,1529.300048828125,4412074.0,1524.17333984375,1540.0064697265625,1517.50927734375,1531.3616943359375,4131562.0,1522.800048828125,0.0042684527131464645,0.005622304461049277,-0.0013538517479028123,1.8329145552994999e-06
2024-01-10,1524.949951171875,1535.449951171875,1505.0,1519.9000244140625,4096845.0,1539.783935546875,1565.8988037109375,1535.1558837890625,1558.7249755859375,3939712.5,1529.300048828125,-0.006146618788945735,0.019240780630563892,-0.025387399419509626,0.0006445200492857177
2024-01-11,1524.9000244140625,1525.0,1486.5999755859375,1494.199951171875,11296088.0,1519.259765625,1539.5,1514.010498046875,1533.3798828125,4071331.25,1519.9000244140625,-0.016909055088735303,0.008868911232259524,-0.025777966320994827,0.0006645035476463436
2024-01-12,1562.0,1618.0,1555.4000244140625,1612.75,26754401.0,1489.6109619140625,1501.7894287109375,1472.393798828125,1487.3382568359375,6948102.0,1494.199951171875,0.07934015038291786,-0.004592219622652216,0.08393237000557008,0.00704464273475192
2024-01-15,1644.949951171875,1664.949951171875,1636.0,1652.0999755859375,13228305.0,1593.610107421875,1607.187255859375,1574.9483642578125,1589.4290771484375,7386755.0,1612.75,0.02439930279704705,-0.014460345900829341,0.03885964869787639,0.0015100722969223664
2024-01-16,1644.800048828125,1648.5,1625.0,1631.550048828125,6500917.0,1629.40087890625,1637.2978515625,1606.0667724609375,1614.9853515625,5956349.0,1652.0999755859375,-0.012438670214569902,-0.02246511989098865,0.010026449676418747,0.0001005296931137576
2024-01-17,1620.25,1647.5,1620.25,1640.199951171875,9209876.0,1629.9794921875,1640.3016357421875,1612.009521484375,1623.3853759765625,5180709.0,1631.550048828125,0.0053016469522113585,-0.00500424296357127,0.010305889915782629,0.00010621136695623008
2024-01-18,1642.6500244140625,1649.0,1628.25,1642.5999755859375,6375464.0,1630.17724609375,1643.390625,1616.92626953125,1629.332763671875,5470586.0,1640.199951171875,0.0014632511190770803,-0.006625526047745356,0.008088777166822436,6.5428316054508e-05
2024-01-19,1651.5999755859375,1665.5,1644.1500244140625,1659.199951171875,4522736.0,1616.779052734375,1633.189208984375,1607.77490234375,1624.0859375,4634449.0,1642.5999755859375,0.01010591491091195,-0.011271178839104334,0.021377093750016285,0.00045698013719698533
2024-01-23,1650.0999755859375,1674.699951171875,1637.699951171875,1642.1500244140625,9401255.0,1636.2923583984375,1650.7823486328125,1625.873291015625,1640.1236572265625,4756897.0,1659.199951171875,-0.010275992803501666,-0.011497284538755648,0.001221291735253982,1.4915535025996825e-06
2024-01-24,1659.9000244140625,1680.0,1645.0,1675.4000244140625,8999681.0,1628.11376953125,1641.6053466796875,1611.82177734375,1624.51953125,5100918.5,1642.1500244140625,0.020247845510865448,-0.010736225620039397,0.030984071130904844,0.000960012663844971
2024-01-25,1672.949951171875,1680.550048828125,1658.0,1669.0999755859375,8865304.0,1657.8016357421875,1670.1705322265625,1634.7691650390625,1648.1129150390625,7978891.5,1675.4000244140625,-0.0037603251380686764,-0.01628692191558434,0.012526596777515664,0.00015691562682646583
2024-01-29,1665.1500244140625,1679.3499755859375,1647.5999755859375,1656.5999755859375,4253785.0,1657.90478515625,1670.728759765625,1638.605712890625,1652.4481201171875,8056488.5,1669.0999755859375,-0.0074890660732361836,-0.009976547667795876,0.002487481594559693,6.187564683273232e-06
2024-01-30,1662.449951171875,1690.0,1648.25,1651.449951171875,4995943.0,1641.487548828125,1653.8621826171875,1627.0501708984375,1639.2625732421875,4647000.0,1656.5999755859375,-0.0031087917964268685,-0.010465654110382139,0.00735686231395527,5.412342310649529e-05
2024-01-31,1648.25,1667.25,1638.0999755859375,1660.9000244140625,6763779.0,1649.9742431640625,1660.61328125,1627.898193359375,1638.9671630859375,5599815.5,1651.449951171875,0.005722288607948212,-0.007558683856619286,0.013280972464567498,0.00017638422960460006
2024-02-01,1659.550048828125,1677.0,1650.3499755859375,1657.050048828125,5760011.0,1639.6871337890625,1654.6693115234375,1628.5875244140625,1641.8221435546875,4845225.0,1660.9000244140625,-0.002318005617042318,-0.011486471538890708,0.00916846592184839,8.406076736009524e-05
2024-02-02,1666.050048828125,1718.5,1665.0,1693.3499755859375,7858483.0,1636.2978515625,1672.0380859375,1614.821044921875,1624.720458984375,9775390.0,1657.050048828125,0.02190635508172134,-0.019510327926795967,0.04141668300851731,0.0017153416314280062
2024-02-05,1694.75,1700.75,1681.8499755859375,1687.199951171875,3634135.0,1658.536376953125,1699.769287109375,1626.84033203125,1638.795166015625,10026222.0,1693.3499755859375,-0.00363186848715924,-0.03221709059371225,0.02858522210655301,0.0008171149228809669
2024-02-06,1686.75,1733.0,1673.949951171875,1729.449951171875,7694265.0,1675.90869140625,1687.9842529296875,1644.3944091796875,1654.4764404296875,8901574.0,1687.199951171875,0.025041489581987264,-0.019395158658852996,0.04443664824084026,0.001974615706880172
2024-02-07,1729.0,1729.0,1686.8499755859375,1693.75,4613877.0,1700.927001953125,1725.3193359375,1664.3421630859375,1673.966552734375,8921483.0,1729.449951171875,-0.020642373112725654,-0.03208152881203907,0.01143915569931342,0.00013085428311313468
2024-02-08,1698.0,1706.3499755859375,1682.800048828125,1692.0999755859375,5919715.0,1670.947998046875,1688.8511962890625,1652.5010986328125,1668.1904296875,6605804.5,1693.75,-0.000974184155904112,-0.01509052121771215,0.014116337061808037,0.00019927097204257518
2024-02-09,1684.699951171875,1692.9000244140625,1659.800048828125,1669.3499755859375,4600004.0,1659.5712890625,1701.0001220703125,1641.0089111328125,1652.816650390625,9689911.0,1692.0999755859375,-0.013444832059714584,-0.023215723516401332,0.009770891456686748,9.547031985835407e-05
2024-02-12,1670.3499755859375,1692.949951171875,1670.3499755859375,1680.0999755859375,3555808.0,1654.11474609375,1696.0306396484375,1637.5555419921875,1648.815673828125,9558613.0,1669.3499755859375,0.006439632286349584,-0.012300776983930506,0.01874040927028009,0.00035120293961759993
2024-02-13,1683.0,1689.0999755859375,1663.5,1684.550048828125,2696481.0,1675.980712890625,1689.55078125,1659.162353515625,1670.3878173828125,5090795.5,1680.0999755859375,0.0026486954983946376,-0.005780702544048277,0.008429398042442915,7.105475135794045e-05
2024-02-14,1660.199951171875,1669.449951171875,1635.5,1666.199951171875,3768579.0,1684.7415771484375,1709.41943359375,1678.4896240234375,1699.7239990234375,3773649.25,1684.550048828125,-0.010893174512099257,0.009007717049350106,-0.019900891561449363,0.00039604548494056647
2024-02-15,1677.0,1687.75,1661.5999755859375,1676.3499755859375,4834391.0,1650.285400390625,1665.527099609375,1639.0645751953125,1653.26513671875,3682833.5,1666.199951171875,0.006091720508648368,-0.007763062556824352,0.01385478306547272,0.00019195501379130965
2024-02-16,1689.0,1709.0,1687.949951171875,1701.6500244140625,4880654.0,1673.9412841796875,1690.76904296875,1664.3846435546875,1679.8394775390625,4284544.0,1676.3499755859375,0.015092343005094655,0.002081607065317792,0.013010735939776863,0.00016927924969460133
2024-02-19,1705.0,1711.5,1687.699951171875,1699.75,3690993.0,1689.7889404296875,1703.4432373046875,1676.733154296875,1689.42578125,4339693.0,1701.6500244140625,-0.001116577666854135,-0.007183758698132814,0.006067181031278679,3.681068566630781e-05
2024-02-20,1685.0,1694.25,1668.75,1685.25,3706389.0,1689.628662109375,1704.5654296875,1678.28662109375,1691.3145751953125,4198391.0,1699.75,-0.008530666274452092,-0.004962744406346475,-0.003567921868105617,1.2730066456906274e-05
2024-02-21,1674.0,1674.0,1645.300048828125,1655.550048828125,4300508.0,1685.0567626953125,1705.707275390625,1679.7750244140625,1697.382568359375,3268616.0,1685.25,-0.01762346902351286,0.00719926916444158,-0.02482273818795444,0.0006161683311477317
2024-02-22,1665.0,1684.5999755859375,1644.4000244140625,1681.3499755859375,5841277.0,1662.7213134765625,1682.9521484375,1656.3848876953125,1675.388671875,3266707.75,1655.550048828125,0.01558390021254552,0.011983100759120902,0.003600799453424619,1.2965756703783035e-05
2024-02-23,1697.0,1698.449951171875,1671.9000244140625,1676.8499755859375,5373072.0,1672.4818115234375,1685.5303955078125,1657.927490234375,1672.2462158203125,3930979.5,1681.3499755859375,-0.0026764207722023148,-0.005414553720412885,0.00273813294821057,7.497372042076307e-06
2024-02-26,1674.949951171875,1674.949951171875,1645.0,1660.1500244140625,2782438.0,1679.694580078125,1693.332763671875,1668.1829833984375,1682.781982421875,3400290.25,1676.8499755859375,-0.009959120622010098,0.0035375894816498388,-0.013496710103659937,0.00018216118362223622
2024-02-27,1661.0,1671.0999755859375,1652.800048828125,1663.5999755859375,5159088.0,1648.7947998046875,1659.774169921875,1635.9205322265625,1648.24951171875,3364232.25,1660.1500244140625,0.0020780960281541194,-0.0071683357047882534,0.009246431732942373,8.54964997919637e-05
2024-02-28,1670.0,1687.800048828125,1662.050048828125,1671.25,3188916.0,1653.384765625,1665.3515625,1640.4901123046875,1654.517822265625,4325725.5,1663.5999755859375,0.004598475911474997,-0.0054593372527032,0.010057813164178198,0.00010115960564551625
2024-02-29,1665.0,1682.25,1653.300048828125,1673.9000244140625,7814722.0,1667.851318359375,1678.3038330078125,1654.0848388671875,1665.821533203125,3511885.25,1671.25,0.0015856540996634916,-0.0032481476720269686,0.00483380177169046,2.3365639567997833e-05
2024-03-01,1669.0,1671.949951171875,1651.0,1654.699951171875,6387291.0,1659.2379150390625,1671.0,1644.7001953125,1657.7708740234375,3747885.5,1673.9000244140625,-0.011470262836580258,-0.00963567127987286,-0.001834591556707399,3.3657261799420773e-06
2024-03-04,1657.8499755859375,1664.449951171875,1633.6500244140625,1637.199951171875,4445156.0,1644.5345458984375,1657.4111328125,1632.0147705078125,1646.61279296875,4420192.0,1654.699951171875,-0.010575935526925151,-0.004887386500131097,-0.005688549026794054,3.235959003023958e-05
2024-03-05,1634.0,1637.3499755859375,1602.0,1606.5,4596579.0,1635.3121337890625,1643.3858642578125,1619.2218017578125,1629.72021484375,4177385.5,1637.199951171875,-0.01875149773239404,-0.004568615044711621,-0.014182882687682419,0.00020115416133256167
2024-03-06,1602.800048828125,1620.1500244140625,1576.0,1617.550048828125,6420684.0,1610.011962890625,1619.4908447265625,1592.8206787109375,1603.33056640625,4568510.0,1606.5,0.006878337272409052,-0.0019728811663554113,0.008851218438764463,7.834406785072402e-05
2024-03-07,1616.5999755859375,1628.449951171875,1604.199951171875,1616.449951171875,6348359.0,1600.5208740234375,1613.69384765625,1589.59033203125,1604.36328125,4272585.0,1617.550048828125,-0.0006801011548588365,-0.008152308849842638,0.007472207694983801,5.5833887836975134e-05
2024-03-11,1608.1500244140625,1613.800048828125,1588.0,1600.5999755859375,6752895.0,1606.24169921875,1615.04736328125,1591.709228515625,1603.3173828125,4322318.5,1616.449951171875,-0.009805423034871419,-0.00812432723317802,-0.0016810958016933997,2.826083094471174e-06
2024-03-12,1600.0,1625.0,1597.6500244140625,1612.949951171875,4614222.0,1596.066650390625,1608.1688232421875,1585.3021240234375,1599.04150390625,4447075.0,1600.5999755859375,0.007715841418413527,-0.0009736796847800155,0.008689521103193543,7.550777700284593e-05
2024-03-13,1612.9000244140625,1624.5,1598.550048828125,1611.4000244140625,5688997.0,1604.274658203125,1611.0181884765625,1585.734619140625,1595.1275634765625,4686833.5,1612.949951171875,-0.0009609267520584996,-0.01104956026835413,0.010088633516295631,0.00010178052622612354
2024-03-14,1614.4000244140625,1657.75,1608.0,1653.300048828125,8803799.0,1607.795654296875,1614.8109130859375,1592.22998046875,1602.3582763671875,4264584.0,1611.4000244140625,0.026002248839048114,-0.005611113261688505,0.03161336210073662,0.0009994046633122905
2024-03-15,1641.0999755859375,1645.800048828125,1618.3499755859375,1634.0,11809997.0,1639.8719482421875,1654.0382080078125,1627.4923095703125,1643.56591796875,4850594.0,1653.300048828125,-0.011673651641034621,-0.005887697678515602,-0.005785953962519019,3.347726325638954e-05
2024-03-18,1630.0,1632.6500244140625,1598.8499755859375,1602.6500244140625,4958904.0,1631.0155029296875,1645.7100830078125,1619.94189453125,1636.0037841796875,4957102.0,1634.0,-0.019186031570341155,0.0012263061075199477,-0.020412337677861103,0.000416663529475028
2024-03-19,1592.3499755859375,1599.0,1558.0,1561.449951171875,6870411.0,1604.233154296875,1614.9522705078125,1591.819091796875,1604.6202392578125,4415785.0,1602.6500244140625,-0.02570746739123564,0.0012293481507108517,-0.02693681554194649,0.00072559203154085
2024-03-20,1563.0,1574.949951171875,1552.3499755859375,1554.949951171875,4759059.0,1566.626220703125,1589.54150390625,1559.570068359375,1580.770751953125,5154972.0,1561.449951171875,-0.004162797530027573,0.012373627964668232,-0.016536425494695806,0.0002734533681416254
2024-03-21,1564.0,1576.949951171875,1543.4000244140625,1554.699951171875,11062497.0,1564.59228515625,1583.5447998046875,1558.013916015625,1576.7430419921875,4441457.0,1554.949951171875,-0.00016077687890314607,0.014015300494969907,-0.014176077373873053,0.0002009611697100355
2024-03-22,1521.0,1528.9000244140625,1498.199951171875,1508.8499755859375,14673890.0,1569.664306640625,1584.593017578125,1564.9356689453125,1576.7587890625,5052013.5,1554.699951171875,-0.02949120539392669,0.01418848561357322,-0.04367969100749991,0.0019079154065106685
2024-03-26,1492.0,1507.449951171875,1487.9000244140625,1492.6500244140625,8351081.0,1497.738037109375,1515.5960693359375,1482.8826904296875,1498.338623046875,6936077.5,1508.8499755859375,-0.010736621555488934,-0.006966466321464804,-0.0037701552340241307,1.4214070488639548e-05
2024-03-27,1496.0,1499.0,1481.550048828125,1483.8499755859375,6857402.0,1488.158447265625,1508.8006591796875,1477.4755859375,1496.9931640625,6876638.0,1492.6500244140625,-0.005895587501550725,0.002909683835728538,-0.008805271337279263,7.753280332311176e-05
2024-03-28,1487.1500244140625,1511.800048828125,1487.1500244140625,1498.050048828125,12499530.0,1483.6793212890625,1497.3092041015625,1447.548095703125,1486.559326171875,7218158.5,1483.8499755859375,0.00956974995843507,0.001825892529915496,0.007743857428519574,5.996732787323779e-05
2024-04-01,1525.0,1529.949951171875,1492.800048828125,1495.449951171875,6580002.0,1490.804443359375,1506.9866943359375,1478.7156982421875,1494.3907470703125,7069705.5,1498.050048828125,-0.0017356547321526472,-0.002442709948626276,0.0007070552164736288,4.999270791425701e-07
2024-04-02,1484.8499755859375,1493.1500244140625,1480.8499755859375,1482.8499755859375,7279400.0,1498.530029296875,1510.4327392578125,1489.5462646484375,1498.8768310546875,5090113.5,1495.449951171875,-0.00842554147403185,0.0022915376607068882,-0.010717079134738738,0.00011485578518025242
2024-04-03,1479.0,1495.0999755859375,1475.0,1480.6500244140625,8736248.0,1483.324462890625,1495.918701171875,1450.1912841796875,1485.4176025390625,7226796.0,1482.8499755859375,-0.0014835965931117023,0.0017315487037792288,-0.003215145296890931,1.0337159280119873e-05
2024-04-04,1490.550048828125,1495.6500244140625,1468.0,1486.699951171875,11186915.0,1484.8890380859375,1499.242919921875,1477.16796875,1488.50341796875,6193294.5,1480.6500244140625,0.004085993758185191,0.005304017441795761,-0.0012180236836105696,1.4835816938362609e-06
2024-04-05,1480.050048828125,1486.699951171875,1476.050048828125,1479.0999755859375,5072482.0,1486.0335693359375,1493.5230712890625,1471.079345703125,1477.7332763671875,6200855.0,1486.699951171875,-0.0051119767508883696,-0.006031260576567332,0.0009192838256789626,8.450827521549493e-07
2024-04-08,1483.0,1490.949951171875,1474.0999755859375,1476.699951171875,6610887.0,1479.945556640625,1486.2110595703125,1464.087646484375,1470.0091552734375,6620284.0,1479.0999755859375,-0.001622624875719958,-0.006146183802686278,0.00452355892696632,2.0462585365736685e-05
2024-04-09,1490.0,1513.800048828125,1487.300048828125,1494.8499755859375,9423230.0,1483.166259765625,1487.989501953125,1463.6270751953125,1469.6024169921875,6676712.5,1476.699951171875,0.012290935880142184,-0.004806348218576839,0.017097284098719023,0.00029231712355231036
2024-04-10,1500.3499755859375,1509.8499755859375,1484.550048828125,1506.800048828125,6744595.0,1505.6026611328125,1517.3717041015625,1494.8316650390625,1506.4942626953125,6345738.0,1494.8499755859375,0.007994162248625258,0.007789602501622861,0.00020455974700239743,4.1844690093684844e-08
2024-04-12,1504.0,1506.800048828125,1479.5,1484.75,12275616.0,1509.075927734375,1517.2677001953125,1497.4573974609375,1504.642333984375,4537026.0,1506.800048828125,-0.014633692668960196,-0.001431984851226975,-0.013201707817733221,0.00017428508930479846
2024-04-15,1480.0,1491.949951171875,1461.050048828125,1468.1500244140625,8531224.0,1486.5458984375,1495.927978515625,1470.9605712890625,1479.6248779296875,7039046.5,1484.75,-0.011180316946245106,-0.003451841771552444,-0.007728475174692662,5.9729328525840765e-05
2024-04-16,1451.0,1455.1500244140625,1413.050048828125,1414.449951171875,16173541.0,1471.96728515625,1482.6182861328125,1457.8482666015625,1467.18310546875,7092628.5,1468.1500244140625,-0.03657669335503988,-0.0006585968254152474,-0.03591809652962463,0.0012901096583114331
2024-04-18,1421.0999755859375,1444.699951171875,1407.5,1419.25,22107945.0,1428.087890625,1450.8284912109375,1418.540771484375,1435.607421875,7968309.0,1414.449951171875,0.0033935798323214694,0.014958090730319507,-0.011564510897998037,0.00013373791230991537
2024-04-19,1385.0,1426.8499755859375,1378.75,1411.25,20603621.0,1414.5924072265625,1426.9827880859375,1394.30517578125,1403.74072265625,10739528.0,1419.25,-0.005636779989431018,-0.010927798022723256,0.0052910180332922385,2.7994871828623668e-05
2024-04-22,1419.9000244140625,1436.8499755859375,1413.050048828125,1432.75,5859087.0,1397.914794921875,1414.5870361328125,1384.106201171875,1395.4178466796875,11354630.0,1411.25,0.015234720992028272,-0.011218532025022099,0.02645325301705037,0.0006997745951840845
2024-04-23,1443.0,1446.8499755859375,1433.0,1442.4000244140625,4856174.0,1423.47802734375,1436.167724609375,1410.636474609375,1420.54638671875,7873184.0,1432.75,0.006735316289696369,-0.008517615272203849,0.015252931561900218,0.00023265192123201182
2024-04-24,1444.300048828125,1444.300048828125,1427.050048828125,1430.75,4268213.0,1447.82958984375,1459.2322998046875,1434.9356689453125,1445.767333984375,7095352.0,1442.4000244140625,-0.008076833206374201,0.002334518520048068,-0.010411351726422269,0.00010839624477127596
2024-04-25,1420.0,1444.9000244140625,1420.0,1438.449951171875,9089398.0,1430.157958984375,1438.52001953125,1416.848876953125,1422.9776611328125,5091973.0,1430.75,0.005381758638388856,-0.005432352868906198,0.010814111507295054,0.00011694500769221131
2024-04-26,1439.699951171875,1445.4000244140625,1427.0,1430.25,8062444.0,1428.808349609375,1437.342041015625,1414.987060546875,1423.6322021484375,7587730.5,1438.449951171875,-0.005700546734486389,-0.010301191926327169,0.00460064519184078,2.1165936181207685e-05
2024-04-29,1429.949951171875,1439.800048828125,1428.25,1434.75,5055957.0,1426.492431640625,1436.522216796875,1409.2718505859375,1417.924560546875,8688815.0,1430.25,0.0031463030938647663,-0.008617681841024294,0.01176398493488906,0.00013839134154829678
2024-04-30,1434.699951171875,1436.550048828125,1417.550048828125,1420.550048828125,6936588.0,1435.841796875,1440.908935546875,1421.8763427734375,1425.0238037109375,4428261.5,1434.75,-0.009897160600714439,-0.006779018148849958,-0.0031181424518644807,9.722812350119435e-06
2024-05-02,1413.0,1424.0,1411.8499755859375,1414.449951171875,10076354.0,1429.7650146484375,1437.0032958984375,1418.6142578125,1423.658935546875,5532444.0,1420.550048828125,-0.004294180033489359,0.002188509106958003,-0.006482689140447362,4.2025258491674156e-05
2024-05-03,1422.0999755859375,1424.800048828125,1403.199951171875,1416.300048828125,8842345.0,1422.0433349609375,1434.249267578125,1407.2950439453125,1417.272705078125,8853130.0,1414.449951171875,0.0013079979639556427,0.0019956548507857885,-0.0006876568868301458,4.7287199400492794e-07
2024-05-06,1420.0,1445.699951171875,1417.0999755859375,1425.9000244140625,6445422.0,1420.44189453125,1428.7764892578125,1408.9652099609375,1414.8856201171875,5912416.0,1416.300048828125,0.006778207480738763,-0.0009986787136722075,0.00777688619441097,6.047995888081994e-05
2024-05-07,1424.949951171875,1443.3499755859375,1415.5999755859375,1440.949951171875,6080661.0,1434.908447265625,1446.8038330078125,1428.472900390625,1436.305908203125,4896307.0,1425.9000244140625,0.01055468581256025,0.007297765348828422,0.003256920463731827,1.060753090707514e-05
2024-05-08,1435.25,1439.75,1425.5999755859375,1427.300048828125,6234983.0,1440.63427734375,1447.69091796875,1417.689208984375,1423.4993896484375,8468279.0,1440.949951171875,-0.0094728497215667,-0.012110456375841183,0.0026376066542744825,6.956968862673029e-06
2024-05-09,1427.550048828125,1449.949951171875,1424.8499755859375,1439.550048828125,6088406.0,1429.2783203125,1437.0509033203125,1420.5919189453125,1425.291748046875,6560241.5,1427.300048828125,0.008582638254694741,-0.0014070627846604067,0.009989701039355148,9.979412685569332e-05
2024-05-10,1435.050048828125,1435.949951171875,1413.0,1424.9000244140625,8777481.0,1439.9552001953125,1448.8941650390625,1420.7794189453125,1427.495361328125,4546007.0,1439.550048828125,-0.010176807972733126,-0.008373927332233522,-0.0018028806404996045,3.2503786038882642e-06
2024-05-13,1425.0,1425.0,1411.199951171875,1423.449951171875,3735954.0,1421.9544677734375,1433.535400390625,1413.040283203125,1420.9437255859375,5963901.5,1424.9000244140625,-0.001017666655444005,-0.0027765448525077785,0.0017588781970637735,3.0936525121063105e-06
2024-05-14,1426.4000244140625,1433.75,1418.050048828125,1424.699951171875,3463230.0,1420.6754150390625,1430.5926513671875,1412.402587890625,1419.1878662109375,4376593.5,1423.449951171875,0.0008781481912805145,-0.0029941937596250634,0.003872341950905578,1.4995032184743217e-05
2024-05-15,1426.0,1431.800048828125,1418.550048828125,1419.949951171875,4327544.0,1432.494384765625,1437.935791015625,1419.978271484375,1423.528076171875,4223810.0,1424.699951171875,-0.003334035349754072,-0.0008225416158932353,-0.0025114937338608367,6.307600775222247e-06
2024-05-16,1433.949951171875,1455.75,1427.0,1453.3499755859375,9249145.0,1424.826171875,1431.8717041015625,1416.293212890625,1421.2037353515625,4183094.75,1419.949951171875,0.02352197300087777,0.00088297772654089,0.02263899527433688,0.0005125241070314477
2024-05-17,1457.0,1457.0,1439.25,1444.300048828125,7542860.0,1447.961181640625,1457.8046875,1438.566650390625,1446.904052734375,6404425.0,1453.3499755859375,-0.006226942518895995,-0.004435217229053046,-0.0017917252898429492,3.2102795142628005e-06
2024-05-21,1430.0,1444.699951171875,1428.4000244140625,1434.1500244140625,6752663.0,1460.820556640625,1466.9278564453125,1436.66455078125,1438.1436767578125,5029763.0,1444.300048828125,-0.007027642505653908,-0.004262529849879626,-0.0027651126557742822,7.645847999123104e-06
2024-05-22,1428.75,1459.949951171875,1428.0,1454.800048828125,7173285.0,1435.003662109375,1445.1429443359375,1418.411376953125,1427.2540283203125,4598786.0,1434.1500244140625,0.014398789570497783,-0.00480842030216988,0.019207209872667663,0.00036891691109270215
2024-05-23,1454.699951171875,1478.1500244140625,1450.0,1472.4000244140625,8641428.0,1453.4552001953125,1461.566650390625,1443.5120849609375,1450.0384521484375,5507100.5,1454.800048828125,0.012097865682720199,-0.003273024828067017,0.015370890510787216,0.0002362642750946085
2024-05-24,1468.25,1475.5,1460.0,1465.0999755859375,5277938.0,1476.04736328125,1484.401123046875,1464.969970703125,1472.501953125,5739747.0,1472.4000244140625,-0.004957924957268323,6.922623556593344e-05,-0.005027151192834256,2.5272249115614884e-05
2024-05-27,1471.8499755859375,1479.5999755859375,1460.25,1471.3499755859375,5821844.0,1461.6639404296875,1470.883544921875,1453.93994140625,1461.0057373046875,4865913.5,1465.0999755859375,0.004265920486074881,-0.002794511193417115,0.007060431679491996,4.984969550077417e-05
2024-05-28,1475.5,1476.0,1460.300048828125,1467.050048828125,6186922.0,1471.41796875,1478.152587890625,1459.2105712890625,1464.5916748046875,5473663.5,1471.3499755859375,-0.0029224364217630416,-0.004593265296082061,0.0016708288743190192,2.7916691272581606e-06
2024-05-29,1465.4000244140625,1465.5,1450.0,1450.949951171875,7401634.0,1463.2564697265625,1472.04345703125,1455.7313232421875,1462.579833984375,4908043.5,1467.050048828125,-0.010974470618170584,-0.003047077260466158,-0.007927393357704426,6.284356544777626e-05
2024-05-30,1442.800048828125,1449.8499755859375,1421.550048828125,1427.449951171875,9663150.0,1451.0517578125,1461.5865478515625,1432.370849609375,1441.7867431640625,4759917.0,1450.949951171875,-0.016196285737505978,-0.006315316390073766,-0.009880969347432211,9.763355524489493e-05
2024-05-31,1409.800048828125,1436.75,1400.0,1406.9000244140625,37113815.0,1423.1165771484375,1436.069091796875,1416.787353515625,1425.9898681640625,5107916.5,1427.449951171875,-0.014396250278997047,-0.0010228610863826093,-0.013373389192614438,0.00017884753849713663
2024-06-03,1440.0,1440.0,1404.0,1405.9000244140625,10589244.0,1406.5601806640625,1415.34619140625,1387.325439453125,1390.850830078125,8761693.0,1406.9000244140625,-0.0007107825592770345,-0.01140748742443276,0.010696704865155726,0.00011441949497224618
2024-06-04,1409.0,1415.0,1358.3499755859375,1393.6500244140625,13736134.0,1398.1947021484375,1418.2982177734375,1392.72509765625,1404.9404296875,9197235.0,1405.9000244140625,-0.008713279598316692,-0.0006825483390701104,-0.008030731259246582,6.449264455824019e-05
2024-06-05,1400.1500244140625,1438.0,1400.1500244140625,1430.0999755859375,9233424.0,1394.661376953125,1415.4207763671875,1386.9659423828125,1403.22705078125,11029164.0,1393.6500244140625,0.026154307418176703,0.00687190198358012,0.019282405434596583,0.0003718111593441599
2024-06-06,1444.949951171875,1474.300048828125,1437.5,1472.25,12660930.0,1433.3902587890625,1439.83544921875,1412.66015625,1417.43017578125,6695840.0,1430.0999755859375,0.02947348096890412,-0.008859380477575618,0.03833286144647974,0.0014694082666750128
2024-06-07,1481.0,1539.699951171875,1477.25,1533.5999755859375,24075302.0,1469.44482421875,1496.111083984375,1446.1256103515625,1484.548583984375,8921348.0,1472.25,0.04167089528676349,0.008353597544150215,0.03331729774261327,0.0011100423288699435
2024-06-10,1525.300048828125,1529.800048828125,1497.300048828125,1499.75,6810606.0,1533.24169921875,1546.8021240234375,1514.4202880859375,1530.3782958984375,9064952.0,1533.5999755859375,-0.022072232736574326,-0.0021007301374461607,-0.019971502599128166,0.0003988609160669831
2024-06-11,1500.050048828125,1506.449951171875,1493.949951171875,1495.75,4853054.0,1507.0799560546875,1517.499267578125,1494.840576171875,1506.503662109375,5852834.0,1499.75,-0.0026671111851975793,0.00450319193823967,-0.007170303123437249,5.1413246881973975e-05
2024-06-12,1507.0,1508.75,1482.75,1485.199951171875,9564320.0,1492.9453125,1502.1956787109375,1480.7315673828125,1488.7491455078125,5018838.0,1495.75,-0.007053350378154799,-0.004680497738383749,-0.0023728526397710503,5.630429650068442e-06
2024-06-13,1495.0,1505.0,1489.3499755859375,1493.949951171875,7307565.0,1486.39404296875,1502.778076171875,1479.9395751953125,1495.1422119140625,5701654.5,1485.199951171875,0.0058914626229928935,0.006694223720074,-0.0008027610970811061,6.44425378986861e-07
2024-06-14,1503.699951171875,1503.699951171875,1486.050048828125,1488.9000244140625,4237727.0,1491.773681640625,1502.8958740234375,1483.336669921875,1492.82568359375,6538672.0,1493.949951171875,-0.0033802516301508767,-0.0007525470162124126,-0.002627704613938464,6.9048315381134925e-06
2024-06-18,1497.0,1507.0,1495.4000244140625,1498.199951171875,5420939.0,1491.7369384765625,1504.378173828125,1486.0257568359375,1496.629150390625,4477317.0,1488.9000244140625,0.006246172748551215,0.0051911651889482435,0.0010550075596029718,1.113040950819418e-06
2024-06-19,1505.0,1515.6500244140625,1496.699951171875,1511.3499755859375,5493456.0,1508.594482421875,1516.8885498046875,1504.6805419921875,1510.5135498046875,5144077.5,1498.199951171875,0.00877721588748992,0.008218928737236286,0.0005582871502536335,3.116845421383232e-07
2024-06-20,1516.300048828125,1517.5,1499.0999755859375,1515.4000244140625,7927010.0,1498.513671875,1504.0325927734375,1483.7745361328125,1489.01025390625,5725274.0,1511.3499755859375,0.0026797557769866476,-0.014781302835583543,0.01746105861257019,0.0003048885678716116
2024-06-21,1545.0,1557.75,1523.699951171875,1532.699951171875,17301941.0,1501.9815673828125,1517.328125,1490.2335205078125,1506.438720703125,7303229.5,1515.4000244140625,0.01141607923921062,-0.0059134905414841565,0.017329569780694776,0.0003003139887839696
2024-06-24,1524.550048828125,1529.0999755859375,1515.4000244140625,1527.1500244140625,5564989.0,1541.414306640625,1552.51611328125,1527.8345947265625,1540.6766357421875,7317826.0,1532.699951171875,-0.00362101320194419,0.005204335371847391,-0.00882534857379158,7.788677744892508e-05
2024-06-25,1526.0,1543.9000244140625,1520.3499755859375,1541.949951171875,4551525.0,1521.33837890625,1531.61474609375,1508.7991943359375,1522.748291015625,5287009.0,1527.1500244140625,0.009691206837056487,-0.002882318913052684,0.012573525750109171,0.00015809354978865839
2024-06-26,1541.0,1548.8499755859375,1535.0,1540.699951171875,4851004.0,1540.71728515625,1551.00341796875,1531.35302734375,1539.69970703125,4631539.0,1541.949951171875,-0.0008106618499841289,-0.0014593496623640512,0.0006486878123799222,4.207958779302492e-07
2024-06-27,1538.449951171875,1578.4000244140625,1532.050048828125,1573.3499755859375,14757754.0,1539.7012939453125,1553.1260986328125,1533.1043701171875,1546.316162109375,5308535.0,1540.699951171875,0.021191682643481924,0.0036452334104561945,0.01754644923302573,0.0003078778806871492
2024-06-28,1572.550048828125,1588.5,1564.25,1566.75,8197544.0,1567.17236328125,1584.5045166015625,1556.9796142578125,1574.9287109375,8739846.0,1573.3499755859375,-0.004194855364890837,0.0010034228722535232,-0.00519827823714436,2.7022096630768677e-05
2024-07-01,1559.5,1599.9000244140625,1559.5,1590.800048828125,6801771.0,1572.4364013671875,1579.0941162109375,1557.55078125,1567.05322265625,5815331.5,1566.75,0.015350278492500369,0.00019353608185723736,0.015156742410643131,0.00022972684050258816
2024-07-02,1596.199951171875,1633.800048828125,1586.5,1621.050048828125,10493173.0,1587.581787109375,1603.972900390625,1579.35302734375,1596.037841796875,6028691.0,1590.800048828125,0.019015589056766702,0.00329255268291484,0.015723036373851862,0.0002472138728134687
2024-07-03,1625.0,1636.0,1606.0,1627.4000244140625,7269965.0,1618.5709228515625,1634.2183837890625,1606.333740234375,1623.618896484375,6544293.0,1621.050048828125,0.003917198972683167,0.0015846812737874139,0.002332517698895753,5.440638815661938e-06
2024-07-04,1628.199951171875,1660.0,1628.0,1650.6500244140625,8008311.0,1617.7718505859375,1628.001953125,1605.01220703125,1616.4385986328125,5179998.5,1627.4000244140625,0.014286591895788625,-0.006735544805707261,0.021022136701495886,0.0004419302314963803
2024-07-05,1651.449951171875,1665.8499755859375,1633.3499755859375,1647.449951171875,7065022.0,1643.556396484375,1653.895263671875,1628.397705078125,1641.238525390625,6217371.5,1650.6500244140625,-0.0019386745796241556,-0.005701692596392971,0.0037630180167688154,1.4160304594526708e-05
2024-07-08,1643.0999755859375,1666.0,1640.0,1661.6500244140625,5880533.0,1650.6304931640625,1667.989501953125,1642.93603515625,1660.0,4534327.0,1647.449951171875,0.008619426181709855,0.007617863486048648,0.0010015626956612067,1.003127833340143e-06
2024-07-09,1659.9000244140625,1666.75,1651.0,1657.1500244140625,5191182.0,1660.103759765625,1671.1705322265625,1645.7999267578125,1658.3421630859375,5119811.0,1661.6500244140625,-0.002708151496333744,-0.001990708801205887,-0.0007174426951278567,5.147240207923228e-07
2024-07-10,1657.0,1674.0,1637.550048828125,1648.25,9852770.0,1651.69677734375,1666.052978515625,1641.5460205078125,1656.506591796875,4942319.5,1657.1500244140625,-0.005370681159184376,-0.0003882766241487534,-0.004982404535035623,2.482435495074354e-05
2024-07-11,1656.0,1665.0,1642.050048828125,1652.699951171875,8857679.0,1655.234375,1681.58642578125,1648.2607421875,1669.5789794921875,6183660.0,1648.25,0.002699803532155265,0.012940378881958203,-0.010240575349802938,0.00010486938349499157
2024-07-12,1680.0,1719.75,1666.6500244140625,1711.75,17078316.0,1655.62548828125,1672.445068359375,1645.7835693359375,1662.115478515625,5446485.0,1652.699951171875,0.035729443076618184,0.00569705791851316,0.030032385158105024,0.0009019441582847669
2024-07-15,1726.199951171875,1728.0,1702.6500244140625,1707.050048828125,6942230.0,1713.0225830078125,1745.47705078125,1705.09619140625,1735.0299072265625,6637765.0,1711.75,-0.002745699530816381,0.013600062641485389,-0.01634576217230177,0.0002671839409934515
2024-07-16,1718.5999755859375,1737.9000244140625,1700.0,1726.050048828125,6886281.0,1702.12451171875,1714.845947265625,1686.68994140625,1702.040771484375,5911478.5,1707.050048828125,0.011130312209090443,-0.0029344642514663732,0.014064776460556816,0.00019781793688543312
2024-07-18,1719.0,1765.4000244140625,1719.0,1758.050048828125,11248896.0,1719.790283203125,1728.3121337890625,1695.742919921875,1708.9061279296875,7077162.0,1726.050048828125,0.018539439236843647,-0.00993245874305737,0.028471897979901017,0.0008106489745778917
2024-07-19,1844.0,1844.0,1786.449951171875,1792.949951171875,29819116.0,1756.6815185546875,1775.636474609375,1743.2479248046875,1763.355712890625,6086464.0,1758.050048828125,0.01985148395918168,0.003017925494235296,0.016833558464946385,0.0002833686905927681
2024-07-22,1800.1500244140625,1823.0,1792.949951171875,1810.8499755859375,8462126.0,1770.25390625,1778.894775390625,1746.813232421875,1758.0023193359375,7941243.0,1792.949951171875,0.009983560557484061,-0.019491694016944394,0.029475254574428456,0.0008687906322273655
2024-07-23,1810.0,1839.949951171875,1783.25,1836.9000244140625,7113056.0,1792.0467529296875,1808.6754150390625,1776.5401611328125,1794.81640625,6175556.0,1810.8499755859375,0.014385536725479486,-0.008854167684846148,0.023239704410325634,0.0005400838610793088
2024-07-24,1837.5,1842.3499755859375,1819.5999755859375,1833.949951171875,6002845.0,1807.4783935546875,1824.46533203125,1786.1741943359375,1807.26220703125,9166998.0,1836.9000244140625,-0.0016060064254876938,-0.016134692682725826,0.014528686257238133,0.00021108272436126018
2024-07-25,1820.0,1830.9000244140625,1812.0,1824.8499755859375,5815599.0,1811.55517578125,1817.366455078125,1773.6402587890625,1787.605712890625,7779144.5,1833.949951171875,-0.004961954158085202,-0.025270176130835265,0.020308221972750062,0.00041242387969448846
2024-07-26,1825.3499755859375,1883.0,1825.3499755859375,1878.9000244140625,11369047.0,1816.7574462890625,1832.7318115234375,1802.810302734375,1823.4046630859375,5603331.0,1824.8499755859375,0.02961889993766209,-0.000792017162690839,0.03041091710035293,0.0009248238788845382
2024-07-29,1893.5999755859375,1903.0,1864.0,1871.0999755859375,4635931.0,1851.359619140625,1862.124267578125,1809.79736328125,1826.4564208984375,6589260.0,1878.9000244140625,-0.004151391094136314,-0.02791186483271224,0.023760473738575927,0.0005645601122815563
2024-07-30,1871.0999755859375,1879.949951171875,1860.0,1877.1500244140625,2721265.0,1859.2462158203125,1872.288330078125,1839.6553955078125,1858.764404296875,5563035.0,1871.0999755859375,0.003233418260416787,-0.006592684223193146,0.009826102483609933,9.65522900184053e-05
2024-07-31,1877.0,1885.1500244140625,1865.050048828125,1868.25,5004209.0,1877.178955078125,1889.8819580078125,1856.39892578125,1876.2205810546875,5761628.5,1877.1500244140625,-0.004741243000457862,-0.0004951353633363409,-0.004246107637121521,1.8029430066021708e-05
2024-08-01,1856.0999755859375,1867.9000244140625,1845.0999755859375,1852.5999755859375,7475014.0,1866.613525390625,1879.8304443359375,1849.818603515625,1869.11572265625,5145208.0,1868.25,-0.008376836298173429,0.00046338694299485894,-0.008840223241168288,7.814954695369195e-05
2024-08-02,1843.0,1859.5,1816.1500244140625,1821.199951171875,7400938.0,1839.07470703125,1847.091552734375,1815.46826171875,1829.8243408203125,5716430.5,1852.5999755859375,-0.016949165944003308,-0.012293876209526267,-0.004655289734477042,2.1671722511927324e-05
2024-08-05,1784.949951171875,1797.5,1718.550048828125,1751.9000244140625,10736703.0,1826.394775390625,1837.161865234375,1807.67333984375,1823.040283203125,5849796.0,1821.199951171875,-0.03805179475939502,0.0010105052056836872,-0.039062299965078706,0.001525863278561788
2024-08-06,1760.199951171875,1796.949951171875,1744.8499755859375,1751.0999755859375,7690163.0,1737.915283203125,1757.776611328125,1717.7034912109375,1737.7906494140625,6892049.0,1751.9000244140625,-0.0004566749340577658,-0.008053755809906415,0.00759708087584865,5.771563783418529e-05
2024-08-07,1796.0,1797.9000244140625,1762.0999755859375,1791.6500244140625,5094329.0,1767.06982421875,1780.22998046875,1747.708251953125,1764.48486328125,6221223.0,1751.0999755859375,0.02315690102991197,0.007643702747945014,0.015513198281966956,0.0002406593209356225
2024-08-08,1779.949951171875,1779.949951171875,1727.0999755859375,1743.1500244140625,6227910.0,1807.0670166015625,1817.971435546875,1786.455322265625,1801.2813720703125,4342124.5,1791.6500244140625,-0.02707001888712135,0.005375685834291044,-0.032445704721412394,0.0010527237548690826
2024-08-09,1771.25,1780.75,1756.0,1770.75,4258524.0,1752.9879150390625,1765.7735595703125,1734.404296875,1750.7164306640625,4935389.5,1743.1500244140625,0.015833390815122028,0.004340651202723311,0.011492739612398717,0.0001320830637983986
2024-08-12,1773.050048828125,1803.5,1768.0999755859375,1797.4000244140625,4315329.0,1780.0577392578125,1793.7745361328125,1765.1475830078125,1782.3582763671875,4211435.5,1770.75,0.01505013379306086,0.006555570445962111,0.00849456334709875,7.215760645787351e-05
2024-08-13,1810.0,1810.0,1789.050048828125,1797.449951171875,4176918.0,1785.55517578125,1797.842529296875,1769.9681396484375,1785.803466796875,4043688.75,1797.4000244140625,2.7777209933521618e-05,-0.006451851262752606,0.0064796284726861275,4.1985585144044755e-05
2024-08-14,1802.0,1825.0,1797.449951171875,1823.25,7450718.0,1786.3956298828125,1798.9097900390625,1770.738525390625,1786.6593017578125,3958248.5,1797.449951171875,0.014353695251043908,-0.006003310082168034,0.02035700533321194,0.00041440766613641945
2024-08-16,1850.0,1861.8499755859375,1829.5,1858.949951171875,7335657.0,1813.0294189453125,1823.5322265625,1792.430908203125,1807.3721923828125,4395361.0,1823.25,0.01958039279960233,-0.008708519192204833,0.028288911991807164,0.0008002625416802111
2024-08-19,1860.0,1867.550048828125,1849.199951171875,1864.800048828125,2585989.0,1833.164306640625,1841.845458984375,1808.550048828125,1822.74560546875,4391441.0,1858.949951171875,0.003146990403137151,-0.019475696847191526,0.022622687250328677,0.0005117859784261837
2024-08-20,1880.0,1885.699951171875,1868.199951171875,1872.199951171875,3870333.0,1833.096923828125,1840.4378662109375,1811.2415771484375,1825.416748046875,3987401.5,1864.800048828125,0.00396820149613375,-0.021119315610271028,0.025087517106404778,0.0006293835145641523
2024-08-21,1875.0999755859375,1879.0,1867.0999755859375,1872.699951171875,1966902.0,1843.9169921875,1851.688232421875,1821.6533203125,1834.8387451171875,3874871.5,1872.199951171875,0.00026706549142208047,-0.01995577771022894,0.02022284320165102,0.00040896338715856284
2024-08-22,1884.0,1893.6500244140625,1869.699951171875,1880.25,4300287.0,1844.6474609375,1851.4063720703125,1824.2777099609375,1837.06494140625,3682391.5,1872.699951171875,0.004031638289625938,-0.019028680885758376,0.023060319175384314,0.0005317783204705974
2024-08-23,1878.199951171875,1882.5999755859375,1857.0,1862.0999755859375,5015935.0,1851.462646484375,1860.041015625,1832.29541015625,1845.2803955078125,3794820.0,1880.25,-0.009652984663774733,-0.018598380264426284,0.008945395600651551,8.002010245215613e-05
2024-08-26,1870.0,1888.75,1864.0,1876.1500244140625,3728589.0,1847.702392578125,1858.3165283203125,1832.777099609375,1846.470458984375,3909306.0,1862.0999755859375,0.0075452709372942905,-0.008393489504581741,0.015938760441876032,0.0002540440844235122
2024-08-27,1876.1500244140625,1902.75,1873.9000244140625,1900.0999755859375,3830679.0,1878.8782958984375,1891.1656494140625,1862.2845458984375,1879.960693359375,4451301.0,1876.1500244140625,0.012765477632501465,0.002031110996308927,0.010734366636192538,0.0001152266270802035
2024-08-28,1906.9000244140625,1951.0,1897.4000244140625,1939.0999755859375,6514531.0,1874.39990234375,1882.640625,1855.5687255859375,1867.112060546875,3776407.0,1900.0999755859375,0.020525235777645534,-0.017361147025376944,0.03788638280302248,0.0014353780018971573
2024-08-29,1933.0,1950.5,1920.9000244140625,1933.3499755859375,7228284.0,1932.0177001953125,1948.012939453125,1914.9307861328125,1935.23583984375,5011954.0,1939.0999755859375,-0.002965293214581388,-0.0019927470428747762,-0.000972546171706612,9.458460561011868e-07
2024-08-30,1938.0,1950.0,1928.0,1943.699951171875,13466759.0,1932.5711669921875,1951.7261962890625,1916.968994140625,1936.404296875,4536672.5,1933.3499755859375,0.00535338956559106,0.0015798077573290215,0.0037735818082620387,1.4239919663646199e-05
2024-09-02,1943.3499755859375,1975.75,1942.800048828125,1964.5,5573739.0,1924.689453125,1935.61279296875,1903.72509765625,1918.4931640625,4675181.5,1943.699951171875,0.010701265293331153,-0.01296845590502671,0.023669721198357863,0.0005602557016079916
2024-09-03,1967.0,1967.0,1936.449951171875,1941.25,4694322.0,1931.4549560546875,1951.71484375,1919.2703857421875,1938.943359375,4497842.0,1964.5,-0.011835072537541347,-0.013009234219903298,0.0011741616823619516,1.3786556563270486e-06
2024-09-04,1921.0999755859375,1927.199951171875,1900.050048828125,1922.449951171875,4778310.0,1949.993408203125,1962.873291015625,1930.7718505859375,1948.83251953125,4789983.0,1941.25,-0.009684506801352244,0.0039059984707019435,-0.013590505272054187,0.00018470183354973266
2024-09-05,1926.25,1940.0,1909.5999755859375,1933.1500244140625,4081810.0,1929.3280029296875,1940.421142578125,1909.4368896484375,1925.4290771484375,5248173.0,1922.449951171875,0.005565852695236684,0.001549650733298158,0.004016201961938526,1.6129878199078864e-05
2024-09-06,1922.0,1936.5,1896.8499755859375,1901.8499755859375,5848106.0,1925.5601806640625,1936.6064453125,1905.996826171875,1922.771484375,5046140.0,1933.1500244140625,-0.01619121559777137,-0.005368719399938104,-0.010822496197833265,0.00011712642395211547
2024-09-09,1890.0,1920.8499755859375,1889.0,1894.6500244140625,4772612.0,1902.069091796875,1911.5408935546875,1883.5172119140625,1896.986572265625,3627349.5,1901.8499755859375,-0.003785761897258322,-0.0025571960894623658,-0.001228565807795956,1.50937394408533e-06
2024-09-10,1904.9000244140625,1935.0,1896.0,1912.300048828125,6909600.0,1886.19140625,1891.294677734375,1859.9693603515625,1870.33154296875,4319502.0,1894.6500244140625,0.009315717513328492,-0.012835342217269452,0.022151059730597944,0.0004906694471885179
2024-09-11,1914.699951171875,1926.0,1905.0,1910.1500244140625,5312946.0,1919.83056640625,1932.2760009765625,1904.4505615234375,1918.1224365234375,4105570.5,1912.300048828125,-0.0011243133186029652,0.003044704045727764,-0.004169017364330729,1.738070578409114e-05
2024-09-12,1925.0,1956.4000244140625,1910.800048828125,1950.449951171875,8555092.0,1909.061767578125,1914.5673828125,1879.2432861328125,1890.2796630859375,5422829.0,1910.1500244140625,0.02109778092962844,-0.010402513453999673,0.031500294383628114,0.0009922685462552328
2024-09-13,1950.449951171875,1958.5999755859375,1935.6500244140625,1944.0999755859375,3843127.0,1947.561279296875,1957.455322265625,1924.4251708984375,1937.79296875,4273572.0,1950.449951171875,-0.0032556465148578795,-0.006489262856639977,0.0032336163417820973,1.0456274645840234e-05
2024-09-16,1945.75,1952.0,1933.050048828125,1950.25,1570181.0,1926.98779296875,1933.9031982421875,1903.127197265625,1914.4053955078125,4543816.0,1944.0999755859375,0.0031634301174294777,-0.015274204233851285,0.018437634351280763,0.0003399463604715284
2024-09-17,1947.75,1958.449951171875,1942.1500244140625,1952.550048828125,2793127.0,1917.5546875,1932.6575927734375,1907.8299560546875,1923.8233642578125,3344331.5,1950.25,0.0011793610194206217,-0.013550383664754473,0.014729744684175095,0.00021696537846098446
2024-09-18,1938.75,1938.75,1881.300048828125,1892.1500244140625,6385468.0,1942.7178955078125,1953.1990966796875,1926.04833984375,1939.440185546875,3195262.5,1952.550048828125,-0.030933918672309213,-0.006714226500426079,-0.024219692171883134,0.0005865934889007771
2024-09-19,1910.5999755859375,1924.9000244140625,1878.800048828125,1894.199951171875,7976570.0,1892.08837890625,1909.1217041015625,1850.2105712890625,1856.754638671875,5298152.0,1892.1500244140625,0.001083384896209516,-0.018706437272672516,0.019789822168882032,0.0003916370614759747
2024-09-20,1905.0,1915.0,1867.4000244140625,1905.75,15242974.0,1894.2738037109375,1908.84521484375,1877.673583984375,1896.361572265625,5638998.0,1894.199951171875,0.006097586910494446,0.0011411789406987616,0.004956407969795684,2.4565979963054175e-05
2024-09-23,1909.0,1918.9000244140625,1878.449951171875,1896.449951171875,3636672.0,1900.254638671875,1907.34521484375,1865.61328125,1876.8753662109375,6765519.5,1905.75,-0.004879994137806598,-0.015151322990456517,0.010271328852649919,0.0001055001963992787
2024-09-24,1888.0,1910.9000244140625,1871.4000244140625,1898.5999755859375,7277616.0,1905.047119140625,1911.40234375,1881.9010009765625,1893.3848876953125,4172774.0,1896.449951171875,0.0011337100737796035,-0.0016162111078483754,0.002749921181627979,7.56206650516622e-06
2024-09-25,1886.3499755859375,1901.5999755859375,1876.800048828125,1895.300048828125,4268341.0,1903.59375,1910.203369140625,1880.15576171875,1892.0162353515625,4530998.5,1898.5999755859375,-0.0017380842727515722,-0.003467681617526197,0.001729597344774625,2.9915069750514328e-06
2024-09-26,1897.800048828125,1917.949951171875,1893.0,1900.25,8952803.0,1886.799072265625,1897.5982666015625,1870.1265869140625,1884.56591796875,4205071.0,1895.300048828125,0.0026116979076402647,-0.00566355225179882,0.008275250159439085,6.847976520129659e-05
2024-09-27,1932.0999755859375,1974.5999755859375,1903.300048828125,1906.75,14908931.0,1894.0947265625,1903.671142578125,1875.8529052734375,1888.3016357421875,4574597.0,1900.25,0.003420602552295815,-0.006287785427081971,0.009708387979377786,9.42527971581271e-05
2024-09-30,1880.0,1901.25,1870.5,1875.5999755859375,6986955.0,1931.93017578125,1938.021240234375,1902.6905517578125,1912.4285888671875,4947726.5,1906.75,-0.016336711374885238,0.0029781507104693627,-0.0193148620853546,0.00037306389737626865
2024-10-01,1875.0,1908.949951171875,1875.0,1904.3499755859375,4029072.0,1877.0926513671875,1883.8052978515625,1851.0662841796875,1863.127685546875,5445714.0,1875.5999755859375,0.015328428435822827,-0.006649760184159859,0.021978188619982686,0.00048304077501553646
2024-10-03,1889.5,1911.8499755859375,1881.0,1893.4000244140625,7503887.0,1891.8702392578125,1902.8399658203125,1875.3084716796875,1889.107177734375,4192837.75,1904.3499755859375,-0.005749967869485673,-0.008004199882887919,0.0022542320134022464,5.081561970247546e-06
2024-10-04,1889.550048828125,1954.0999755859375,1886.0,1918.1500244140625,10001483.0,1892.18359375,1909.7939453125,1877.759521484375,1896.9168701171875,6659214.5,1893.4000244140625,0.013071722658110296,0.0018574235015198504,0.011214299156590446,0.0001257605055735052
2024-10-07,1923.199951171875,1942.0,1916.050048828125,1934.300048828125,6112575.0,1916.3719482421875,1930.360107421875,1901.2203369140625,1915.026611328125,3787141.75,1918.1500244140625,0.008419583561507737,-0.001628346608024911,0.010047930169532648,0.00010096090069180439
2024-10-08,1937.9000244140625,1957.949951171875,1906.3499755859375,1948.550048828125,5637391.0,1939.90185546875,1956.5810546875,1921.2490234375,1937.4427490234375,4857679.0,1934.300048828125,0.007367005966128826,0.0016247221816576563,0.005742283784471169,3.297382306140053e-05
2024-10-09,1952.550048828125,1977.0,1945.0999755859375,1952.75,4857163.0,1951.66552734375,1967.6201171875,1935.5897216796875,1954.030517578125,5820498.0,1948.550048828125,0.0021554238108489887,0.0028125881361353855,-0.0006571643252863968,4.318649504291251e-07
2024-10-10,1957.9000244140625,1964.0,1914.0999755859375,1919.0,4782119.0,1977.643310546875,1997.6365966796875,1961.3045654296875,1982.8551025390625,6405097.5,1952.75,-0.017283318397132263,0.015416772520323807,-0.03270009091745607,0.001069295946009893
2024-10-11,1918.0,1947.0,1910.0999755859375,1935.0999755859375,4709431.0,1926.3087158203125,1935.5169677734375,1898.8551025390625,1911.0281982421875,5751885.0,1919.0,0.008389773624772001,-0.004154143698703705,0.012543917323475706,0.00015734986181819392
2024-10-14,1932.1500244140625,1969.5,1931.0999755859375,1958.9000244140625,3751378.0,1946.401611328125,1959.3223876953125,1932.1876220703125,1945.825927734375,3148931.0,1935.0999755859375,0.0122991313773948,0.005542841343476157,0.006756290033918644,4.564745502242839e-05
2024-10-15,1960.0,1991.449951171875,1951.75,1959.300048828125,5353705.0,1971.994140625,1991.962890625,1959.72119140625,1978.65185546875,3418628.75,1958.9000244140625,0.0002042086931834941,0.010083123594117893,-0.009878914900934399,9.75929596199037e-05
2024-10-16,1955.0,1959.550048828125,1916.3499755859375,1920.0999755859375,3111512.0,1974.673828125,1993.127197265625,1956.9306640625,1973.0186767578125,4455270.0,1959.300048828125,-0.020007182292285153,0.007001800432707039,-0.027008982724992192,0.0007294851478389266
2024-10-17,1935.199951171875,1978.0,1930.1500244140625,1968.0999755859375,8162822.0,1935.6734619140625,1949.729248046875,1921.659912109375,1935.7344970703125,3639391.0,1920.0999755859375,0.02499869830233825,0.008142555951860864,0.016856142350477388,0.0002841295349395574
2024-10-18,1893.800048828125,1936.8499755859375,1869.25,1879.5999755859375,10526196.0,1956.781982421875,1971.90087890625,1941.42529296875,1956.732421875,3190921.0,1968.0999755859375,-0.04496722783285034,-0.005775902571998781,-0.03919132526085156,0.0015359599757018617
2024-10-21,1891.0999755859375,1898.800048828125,1838.0,1852.75,4654601.0,1864.922119140625,1884.97509765625,1852.5635986328125,1872.1431884765625,4174622.5,1879.5999755859375,-0.014284941442163746,-0.003967220262944715,-0.01031772117921903,0.00010645537033210494
2024-10-22,1858.199951171875,1877.800048828125,1846.949951171875,1851.5999755859375,4125240.0,1851.1485595703125,1877.14111328125,1843.322265625,1867.24365234375,4889002.0,1852.75,-0.0006207121382066916,0.00782277821818922,-0.00844349035639591,7.129252939855075e-05
2024-10-23,1845.25,1886.0,1844.0,1873.4000244140625,4311910.0,1861.031005859375,1892.9561767578125,1854.55078125,1884.817138671875,4786579.0,1851.5999755859375,0.01177362773577828,0.01793970810321821,-0.00616608036743993,3.802054709772814e-05
2024-10-24,1861.4000244140625,1884.0,1860.0,1863.3499755859375,2906475.0,1867.6513671875,1883.107421875,1854.578369140625,1868.7679443359375,4426327.0,1873.4000244140625,-0.00536460376702963,-0.002472552587680088,-0.002892051179349542,8.363960023977076e-06
2024-10-25,1863.449951171875,1876.3499755859375,1846.4000244140625,1862.050048828125,4689120.0,1859.552001953125,1877.777099609375,1849.7947998046875,1865.413818359375,4262968.0,1863.3499755859375,-0.0006976288806957998,0.0011075980360524262,-0.001805226916748226,3.2588442209523064e-06
2024-10-28,1859.699951171875,1881.9000244140625,1857.0,1865.3499755859375,7018940.0,1855.9810791015625,1871.5003662109375,1842.548583984375,1852.8173828125,3597866.5,1862.050048828125,0.0017722008921776666,-0.004958333972513551,0.006730534864691218,4.5300099564824027e-05
2024-10-29,1846.0,1851.5999755859375,1829.0,1839.300048828125,4621252.0,1883.9599609375,1925.62841796875,1879.813232421875,1918.0302734375,5198889.0,1865.3499755859375,-0.013965168519987636,0.02824150885413057,-0.04220667737411821,0.0017814036149629018
2024-10-30,1832.0,1839.0,1796.3499755859375,1802.0999755859375,5919715.0,1827.3980712890625,1849.14111328125,1820.2236328125,1839.1544189453125,4492457.0,1839.300048828125,-0.020225124914169834,-7.917679494717778e-05,-0.020145948119222656,0.0004058592256224109
2024-10-31,1787.9000244140625,1787.9000244140625,1746.5,1757.25,7395236.0,1806.7135009765625,1831.083251953125,1801.4688720703125,1821.322265625,5494480.0,1802.0999755859375,-0.024887617886657387,0.010666605792951422,-0.03555422367960881,0.0012641028214596557
2024-11-01,1764.5,1766.0,1752.050048828125,1760.8499755859375,371966.0,1775.811767578125,1801.670166015625,1779.2685546875,1797.6666259765625,5398875.0,1757.25,0.0020486416764475823,0.022999929421859466,-0.020951287745411884,0.0004389564581910462
2024-11-04,1724.5,1767.0,1718.0,1763.6500244140625,7336722.0,1762.4915771484375,1775.4344482421875,1750.2747802734375,1761.7379150390625,1737551.5,1760.8499755859375,0.0015901688769330846,0.0005042675216151427,0.001085901355317942,1.1791817534813433e-06
2024-11-05,1760.0,1768.449951171875,1745.0,1754.199951171875,3160880.0,1767.42626953125,1795.40673828125,1765.0755615234375,1787.920166015625,5662377.5,1763.6500244140625,-0.005358247447833087,0.01376131390332147,-0.019119561351154557,0.00036555762626056307
2024-11-06,1764.0,1827.199951171875,1762.6500244140625,1823.699951171875,10421494.0,1742.4925537109375,1759.3780517578125,1738.8721923828125,1750.6424560546875,3288935.25,1754.199951171875,0.03961920073796099,-0.0020279872398872856,0.04164718797784828,0.00173448826646223
2024-11-07,1812.949951171875,1825.699951171875,1787.0,1803.050048828125,4550965.0,1808.8104248046875,1821.54931640625,1792.273681640625,1804.76806640625,5713620.0,1823.699951171875,-0.011323081042186156,-0.010381030472397468,-0.0009420505697886883,8.874592760391923e-07
2024-11-08,1818.0,1840.5999755859375,1813.1500244140625,1829.949951171875,4210960.0,1787.5970458984375,1810.1617431640625,1784.81982421875,1805.220703125,4506996.5,1803.050048828125,0.014919110182900042,0.0012038791148840655,0.013715231068015976,0.00018810756324907064
2024-11-11,1829.0,1868.0,1822.550048828125,1860.0999755859375,3804234.0,1819.9464111328125,1833.2486572265625,1809.5145263671875,1822.4654541015625,4257384.5,1829.949951171875,0.01647587377717885,-0.004090000967250207,0.020565874744429058,0.000422955204003545
2024-11-12,1871.0999755859375,1881.0,1861.0,1868.800048828125,5012450.0,1857.22412109375,1870.343505859375,1844.3399658203125,1856.7227783203125,4242340.5,1860.0999755859375,0.0046772073309913065,-0.001815599865572337,0.006492807196563644,4.215654529174864e-05
2024-11-13,1861.0999755859375,1873.199951171875,1856.300048828125,1868.4000244140625,4257495.0,1868.561279296875,1882.1619873046875,1856.3671875,1869.1356201171875,4491889.5,1868.800048828125,-0.00021405415432929065,0.00017956511145911236,-0.000393619265788403,1.5493612639980144e-07
2024-11-14,1865.5999755859375,1876.0,1856.0,1864.550048828125,4311431.0,1868.2425537109375,1890.6287841796875,1861.483154296875,1879.84716796875,5473906.5,1868.4000244140625,-0.0020605735044051388,0.006126709165654942,-0.008187282670060081,6.703159751946613e-05
2024-11-18,1849.199951171875,1849.199951171875,1795.0,1811.449951171875,4839244.0,1868.802490234375,1883.7822265625,1860.237548828125,1873.555908203125,4351973.5,1864.550048828125,-0.028478773036756833,0.004830044321234572,-0.033308817357991405,0.0011094773137880296
2024-11-19,1825.5,1859.699951171875,1820.550048828125,1824.75,4669769.0,1824.8017578125,1847.6400146484375,1819.259033203125,1840.027099609375,4342097.0,1811.449951171875,0.007342211591063297,0.015775842119740924,-0.008433630528677627,7.112612389424326e-05
2024-11-21,1842.0,1867.0,1820.5999755859375,1834.050048828125,5436504.0,1831.37255859375,1849.49267578125,1824.3741455078125,1840.60693359375,4396802.0,1824.75,0.005096615332579768,0.008689921136457057,-0.003593305803877289,1.2911846600178212e-05
2024-11-22,1854.0999755859375,1914.050048828125,1834.0,1902.25,6301486.0,1849.537109375,1863.8529052734375,1837.4554443359375,1845.3101806640625,3809938.75,1834.050048828125,0.03718543625101822,0.006139489946379806,0.031045946304638417,0.0009638507819504917
2024-11-25,1916.0,1919.300048828125,1882.0,1889.699951171875,12764638.0,1912.6842041015625,1941.888427734375,1904.2122802734375,1929.26806640625,4399577.0,1902.25,-0.006597476056314888,0.014203215353528753,-0.02080069140984364,0.0004326687631275431
2024-11-26,1904.949951171875,1938.5999755859375,1897.300048828125,1924.1500244140625,6850495.0,1900.7669677734375,1917.40576171875,1886.2081298828125,1899.939453125,6044487.0,1889.699951171875,0.018230446172591508,0.005418586134150694,0.012811860038440814,0.00016414375764459667
2024-11-27,1930.0999755859375,1941.4000244140625,1911.75,1924.5,4447143.0,1943.9544677734375,1971.22021484375,1934.7496337890625,1956.77880859375,3652326.75,1924.1500244140625,0.00018188581009637161,0.016957505270216,-0.01677561946011963,0.0002814214082707444
2024-11-28,1914.9000244140625,1914.9000244140625,1851.6500244140625,1856.6500244140625,8468790.0,1918.5078125,1934.734619140625,1906.2825927734375,1921.3018798828125,3913486.25,1924.5,-0.03525589794021178,-0.0016617927343141048,-0.03359410520589767,0.001128563904584921
2024-11-29,1851.0999755859375,1877.0,1845.0,1857.8499755859375,5244346.0,1859.6943359375,1882.7337646484375,1854.0137939453125,1872.01318359375,4216856.0,1856.6500244140625,0.0006462990634186205,0.008274666187848778,-0.007628367124430158,5.819198498508683e-05
2024-12-02,1859.0,1882.800048828125,1835.199951171875,1879.800048828125,2868263.0,1858.306396484375,1878.8536376953125,1850.1781005859375,1866.8336181640625,4082617.75,1857.8499755859375,0.011814771661132095,0.004835504855709161,0.0069792668054229345,4.871016514127845e-05
2024-12-03,1887.0,1899.75,1871.1500244140625,1892.0999755859375,4715792.0,1872.0140380859375,1900.331787109375,1867.6123046875,1892.615234375,4559398.5,1879.800048828125,0.0065432101491220696,0.006817313125863533,-0.0002741029767414638,7.513244185853143e-08
2024-12-04,1884.0,1913.949951171875,1875.0,1889.25,4705573.0,1884.33642578125,1893.811279296875,1865.5260009765625,1876.6998291015625,4391875.5,1892.0999755859375,-0.0015062499987903433,-0.008139182222443586,0.006632932223653243,4.399578988357755e-05
2024-12-05,1900.0,1949.9000244140625,1888.949951171875,1934.8499755859375,9050038.0,1886.305908203125,1909.8160400390625,1878.2113037109375,1897.49755859375,5405064.0,1889.25,0.024136549205207025,0.004365519964933284,0.01977102924027374,0.00039089359721975923
2024-12-06,1932.800048828125,1937.949951171875,1912.4000244140625,1922.4000244140625,3573331.0,1940.393310546875,1982.783935546875,1918.2132568359375,1931.7554931640625,6261865.5,1934.8499755859375,-0.006434582178964421,-0.001599339721901627,-0.004835242457062794,2.3379569618582643e-05
2024-12-09,1924.199951171875,1930.199951171875,1897.199951171875,1923.6500244140625,4274645.0,1932.3338623046875,1958.1278076171875,1924.4234619140625,1946.3785400390625,4113508.75,1922.4000244140625,0.0006502288723082561,0.012473218539574615,-0.01182298966726636,0.0001397830846722871
2024-12-10,1939.0,1965.5999755859375,1932.0,1948.550048828125,6174921.0,1923.7635498046875,1940.635498046875,1911.3148193359375,1926.4466552734375,3813171.0,1923.6500244140625,0.012944155172740945,0.0014538147916105526,0.011490340381130393,0.00013202792207423573
2024-12-11,1955.0,1978.0,1952.0,1974.1500244140625,5025612.0,1951.41796875,1961.199951171875,1930.2650146484375,1940.4757080078125,3936139.75,1948.550048828125,0.013137961532645015,-0.004143768760350053,0.017281730292995068,0.0002986582019198234
2024-12-12,1975.199951171875,1998.800048828125,1970.550048828125,1987.0,6462130.0,1972.31689453125,1989.5465087890625,1959.388427734375,1973.43505859375,3454479.75,1974.1500244140625,0.006509118064495389,-0.0003621638738042776,0.006871281938299667,4.721451547560323e-05
2024-12-13,1969.75,2006.449951171875,1953.800048828125,1999.699951171875,5362693.0,1989.6783447265625,2004.2506103515625,1973.36572265625,1985.966796875,3574308.5,1987.0,0.006391520468985945,-0.0005199814418721527,0.006911501910858098,4.776885866379514e-05
2024-12-16,1995.449951171875,1999.5999755859375,1977.5999755859375,1980.050048828125,3119221.0,1989.703857421875,2005.3280029296875,1975.323486328125,1988.879150390625,3434634.25,1999.699951171875,-0.009826425375584313,-0.005411212204565308,-0.004415213171019006,1.9494107345539704e-05
2024-12-17,1968.0,1982.0,1958.0,1976.5999755859375,5811050.0,1976.17919921875,1994.9173583984375,1967.4296875,1982.839111328125,3139110.5,1980.050048828125,-0.0017424171900247698,0.0014085818192579591,-0.003150999009282729,9.928794756500739e-06
2024-12-18,1966.800048828125,1984.949951171875,1961.5999755859375,1979.1500244140625,3064095.0,1965.8060302734375,1978.8221435546875,1954.2528076171875,1966.4610595703125,3190985.0,1976.5999755859375,0.0012901188200051816,-0.005129472903397936,0.0064195917234031175,4.1211157895185807e-05
2024-12-19,1934.0,1959.75,1920.0,1946.199951171875,5323592.0,1962.8785400390625,1974.78173828125,1947.576904296875,1958.4210205078125,3495778.75,1979.1500244140625,-0.016648598052561803,-0.010473690043980799,-0.006174908008581004,3.812948891443782e-05
2024-12-20,1975.1500244140625,1979.949951171875,1911.25,1922.1500244140625,11056720.0,1935.8734130859375,1958.48779296875,1928.3170166015625,1946.921142578125,3782898.0,1946.199951171875,-0.012357377125269742,0.00037056388055911604,-0.012727941005828858,0.0001620004822478597
2024-12-23,1930.050048828125,1940.0,1909.0,1924.300048828125,2781793.0,1937.7042236328125,1958.9876708984375,1930.7501220703125,1948.7061767578125,3297560.5,1922.1500244140625,0.001118551823090952,0.013815858287047789,-0.012697306463956837,0.00016122159143964007
2024-12-24,1927.050048828125,1942.0,1840.0,1909.050048828125,2360544.0,1932.166259765625,1953.6534423828125,1923.9554443359375,1941.580078125,3537345.75,1924.300048828125,-0.007924959524522768,0.008979903787560639,-0.016904863312083407,0.0002857744036002236
2024-12-26,1909.050048828125,1919.75,1902.300048828125,1907.4000244140625,3623321.0,1904.4248046875,1920.6885986328125,1894.2388916015625,1908.046142578125,3168399.25,1909.050048828125,-0.000864317001576409,-0.0005258669098886504,-0.00033845009168775864,1.1454846456345222e-07
2024-12-27,1909.4000244140625,1924.1500244140625,1903.9000244140625,1916.75,3937500.0,1915.2540283203125,1925.2730712890625,1903.1917724609375,1910.9940185546875,2276377.25,1907.4000244140625,0.0049019479219152284,0.0018842372311120847,0.0030177106908031437,9.106577813387586e-06
2024-12-30,1915.699951171875,1916.0,1886.5,1906.0,7789055.0,1927.7318115234375,1955.668701171875,1924.359130859375,1947.67236328125,2955424.75,1916.75,-0.005608451806443204,0.016132705507369227,-0.02174115731381243,0.0004726779213439398
2024-12-31,1892.300048828125,1897.0,1845.050048828125,1880.0,3613063.0,1923.5567626953125,1972.6558837890625,1919.054931640625,1965.371337890625,5031599.5,1906.0,-0.01364113326337879,0.031149705084273283,-0.04479083834765207,0.0020062191998854997
2025-01-01,1874.0,1892.949951171875,1874.0,1882.5,1838368.0,1882.292236328125,1907.2274169921875,1875.928466796875,1898.353271484375,4058146.0,1880.0,0.0013297872340425343,0.009762378449135634,-0.0084325912150931,7.110859460086531e-05
2025-01-02,1887.0,1962.6500244140625,1885.300048828125,1957.8499755859375,7083645.0,1902.9547119140625,1942.3729248046875,1899.2093505859375,1932.38427734375,3960549.25,1882.5,0.04002654745600931,0.02649895210823372,0.01352759534777559,0.00018299583589315976
2025-01-03,1952.949951171875,1952.949951171875,1922.0,1938.75,6218003.0,1973.713134765625,1990.100341796875,1965.6104736328125,1975.63671875,5144759.5,1957.8499755859375,-0.009755586906101565,0.009084834581740253,-0.01884042148784182,0.0003549614818395317
2025-01-06,1952.0,1973.0,1928.0,1937.8499755859375,7164403.0,1944.5928955078125,2010.4144287109375,1943.8731689453125,1984.8292236328125,9839482.0,1938.75,-0.00046422922711153447,0.023767491235493265,-0.0242317204626048,0.0005871762765778202
2025-01-07,1945.0,1958.550048828125,1923.6500244140625,1930.8499755859375,4294832.0,1951.0430908203125,1996.6219482421875,1949.088623046875,1989.5068359375,4316737.5,1937.8499755859375,-0.0036122507357069233,0.026656790258463348,-0.03026904099417027,0.0009162148427067604
2025-01-08,1930.0,1938.5999755859375,1888.75,1933.1500244140625,5482050.0,1942.227294921875,1979.322021484375,1940.4500732421875,1971.884521484375,4640202.0,1930.8499755859375,0.0011912105327742673,0.02125206329714202,-0.020060852764367754,0.0004024378136336413
2025-01-09,1934.050048828125,1951.8499755859375,1910.550048828125,1917.300048828125,6833503.0,1926.3138427734375,1943.9683837890625,1916.210205078125,1931.874755859375,4836983.0,1933.1500244140625,-0.008199040625800125,-0.000659684214148859,-0.007539356411651266,5.684189510190705e-05
2025-01-10,1937.0,1977.800048828125,1932.25,1966.949951171875,8036913.0,1919.5152587890625,1933.55810546875,1909.3037109375,1922.62451171875,3704090.0,1917.300048828125,0.025895739362285397,0.002777062929654406,0.02311867643263099,0.0005344731999966877
2025-01-13,1956.0,1982.800048828125,1949.0,1962.199951171875,5804152.0,1961.270751953125,1975.6695556640625,1947.346435546875,1959.8997802734375,4143003.5,1966.949951171875,-0.002414906387002924,-0.0035843163646523957,0.0011694099776494715,1.3675196958261375e-06
2025-01-14,1968.8499755859375,1971.800048828125,1931.0999755859375,1940.050048828125,5792162.0,1962.883056640625,1978.39306640625,1937.1353759765625,1943.041015625,4559406.5,1962.199951171875,-0.011288300323583966,-0.00976400775845132,-0.0015242925651326455,2.3234678241186605e-06
2025-01-15,1947.0,1958.050048828125,1937.0999755859375,1949.6500244140625,2985439.0,1942.422607421875,1959.146484375,1931.3724365234375,1948.3135986328125,4481793.5,1940.050048828125,0.004948313365284784,0.004259451868099617,0.000688861497185167,4.745301623041898e-07
2025-01-16,1965.949951171875,1966.949951171875,1916.8499755859375,1928.449951171875,7533579.0,1950.7174072265625,1964.6251220703125,1938.455078125,1950.9854736328125,3560130.25,1949.6500244140625,-0.010873784000571485,0.00068496868772705,-0.011558752688298535,0.0001336047637092486
2025-01-17,1851.0,1858.0,1812.0,1815.449951171875,16409953.0,1931.417724609375,1951.5775146484375,1922.3089599609375,1939.915283203125,4307980.0,1928.449951171875,-0.058596283471776145,0.005945361467266874,-0.06454164493904302,0.004165623931437498
2025-01-20,1822.949951171875,1827.949951171875,1793.1500244140625,1813.300048828125,4333011.0,1841.47998046875,1862.7816162109375,1825.0966796875,1842.519287109375,6625453.0,1815.449951171875,-0.0011842256198593137,0.01491053824977473,-0.016094763869634043,0.00025904142401927743
2025-01-21,1819.050048828125,1831.6500244140625,1793.050048828125,1800.699951171875,7169109.0,1822.010986328125,1835.837158203125,1807.3135986328125,1819.63134765625,3595148.25,1813.300048828125,-0.0069487108128591935,0.003491589178645116,-0.01044029999150431,0.00010899986391260488
2025-01-22,1807.4000244140625,1865.800048828125,1805.1500244140625,1856.449951171875,8373913.0,1814.186767578125,1837.0233154296875,1787.4471435546875,1811.349365234375,7254852.5,1800.699951171875,0.03096018299090786,0.005914041401272607,0.02504614158963525,0.0006273092085280566
2025-01-23,1858.0,1879.550048828125,1852.699951171875,1865.449951171875,5907471.0,1881.5322265625,1898.6024169921875,1873.4249267578125,1888.7138671875,4648159.0,1856.449951171875,0.004847962636600478,0.017379362150462763,-0.012531399513862285,0.00015703597377602792
2025-01-24,1865.5,1894.9000244140625,1864.25,1875.449951171875,4887027.0,1881.6949462890625,1895.9188232421875,1877.9539794921875,1888.700927734375,4094700.0,1865.449951171875,0.005360636983971601,0.012464004487439562,-0.007103367503467961,5.0457829889324654e-05
2025-01-27,1848.75,1863.0,1812.0,1822.0,7652371.0,1874.4471435546875,1884.7877197265625,1859.764892578125,1873.118896484375,3877609.25,1875.449951171875,-0.028499801414842763,-0.001242930895619665,-0.027256870519223098,0.0007429369905016932
2025-01-28,1830.0,1863.5,1824.9000244140625,1829.75,6999495.0,1826.3988037109375,1843.320068359375,1810.3603515625,1824.6778564453125,3756284.5,1822.0,0.004253567508232692,0.0014697346022571889,0.002783832905975503,7.749725648392013e-06
2025-01-29,1845.0,1888.6500244140625,1840.5,1881.25,5145155.0,1837.4659423828125,1861.079833984375,1830.44580078125,1852.50341796875,4021244.0,1829.75,0.028145921573985433,0.012435260537641657,0.015710661036343776,0.00024682487019889046
2025-01-30,1873.1500244140625,1887.199951171875,1844.0,1859.949951171875,7336056.0,1889.0809326171875,1905.2996826171875,1877.7720947265625,1894.2113037109375,4181946.5,1881.25,-0.011322285091362128,0.006889729547342238,-0.018212014638704366,0.00033167747720038213
2025-01-31,1871.0,1897.449951171875,1871.0,1879.800048828125,5820470.0,1854.9344482421875,1865.93115234375,1831.640869140625,1841.064453125,3763540.0,1859.949951171875,0.010672382686288673,-0.010153766790862329,0.020826149477151,0.0004337285020446369
2025-02-01,1880.300048828125,1890.5999755859375,1846.0,1851.3499755859375,1701402.0,1892.112548828125,1915.67138671875,1884.4964599609375,1904.97265625,4526154.0,1879.800048828125,-0.015134627355671948,0.013391109037138138,-0.028525736392810086,0.0008137176367520898
2025-02-03,1836.0,1876.550048828125,1832.4000244140625,1863.300048828125,4823228.0,1880.4859619140625,1904.337158203125,1873.113037109375,1894.6827392578125,3998222.25,1851.3499755859375,0.006454788883666129,0.02340603572707023,-0.0169512468434041,0.00028734476954601744
2025-02-04,1889.0,1911.199951171875,1875.0,1898.800048828125,7334787.0,1869.814697265625,1895.7691650390625,1863.7298583984375,1887.06005859375,4172182.75,1863.300048828125,0.019052218681755884,0.012751574702404067,0.0063006439793518165,3.9698114554542296e-05
2025-02-05,1906.0,1919.699951171875,1894.300048828125,1897.050048828125,4996744.0,1897.5006103515625,1913.9578857421875,1887.00048828125,1902.678955078125,4247937.5,1898.800048828125,-0.0009216346929631358,0.0020428197547150972,-0.002964454447678233,8.787990172359259e-06
2025-02-06,1917.0,1924.0,1900.0,1915.6500244140625,4765255.0,1907.1998291015625,1919.26318359375,1896.3211669921875,1906.208740234375,3632788.75,1897.050048828125,0.009804683644180745,0.004827859661324041,0.004976823982856704,2.4768776956337667e-05
2025-02-07,1919.300048828125,1923.699951171875,1889.449951171875,1903.6500244140625,4126260.0,1917.350341796875,1926.8853759765625,1904.8216552734375,1912.196533203125,4414915.0,1915.6500244140625,-0.006264192230869714,-0.0018027777344109541,-0.00446141449645876,1.990421930921237e-05
2025-02-10,1905.0,1905.0,1878.5999755859375,1880.300048828125,3828734.0,1903.6265869140625,1920.1163330078125,1894.8455810546875,1909.721435546875,4211017.0,1903.6500244140625,-0.012265897242916046,0.0031893525884207907,-0.015455249831336837,0.00023886474734903732
2025-02-11,1883.0999755859375,1903.0,1870.0,1875.6500244140625,4411601.0,1890.4786376953125,1908.881591796875,1883.4307861328125,1898.1873779296875,3696376.0,1880.300048828125,-0.0024730225460348754,0.009513018474211377,-0.011986041020246252,0.00014366517933902582
2025-02-12,1885.0,1894.5999755859375,1847.0,1863.1500244140625,5633947.0,1886.9610595703125,1903.8804931640625,1879.28271484375,1893.2371826171875,3736101.5,1875.6500244140625,-0.0066643562697177305,0.00937656704300105,-0.01604092331271878,0.00025731122072452484
2025-02-13,1868.5,1873.5,1835.6500244140625,1843.25,5237744.0,1877.874267578125,1892.6641845703125,1871.2877197265625,1882.2979736328125,4097833.25,1863.1500244140625,-0.010680849181922913,0.010277191298522448,-0.02095804048044536,0.00043923946077998645
2025-02-14,1854.0,1859.300048828125,1828.3499755859375,1856.4000244140625,5292961.0,1867.2867431640625,1884.814697265625,1861.1436767578125,1874.9346923828125,4052591.5,1843.25,0.00713415131645867,0.01718957948341915,-0.010055428166960478,0.00010111163562090217
2025-02-17,1838.550048828125,1852.75,1822.1500244140625,1842.300048828125,4428956.0,1870.69677734375,1885.3507080078125,1864.763427734375,1875.3973388671875,4024787.0,1856.4000244140625,-0.007595332579457326,0.010233416399098028,-0.017828748978555353,0.00031786429014033857
2025-02-18,1842.300048828125,1861.6500244140625,1837.5999755859375,1851.949951171875,4365260.0,1845.924560546875,1884.4979248046875,1840.4833984375,1874.2664794921875,5513507.0,1842.300048828125,0.0052379645486566595,0.01735137046997104,-0.01211340592131438,0.00014673460301453428
2025-02-19,1847.4000244140625,1849.199951171875,1805.9000244140625,1810.800048828125,4611411.0,1867.6185302734375,1884.86767578125,1859.79638671875,1874.51806640625,3712945.0,1851.949951171875,-0.022219770203677047,0.012186136682632576,-0.03440590688630962,0.0011837664286694079
2025-02-20,1805.550048828125,1831.0,1805.550048828125,1825.1500244140625,2218020.0,1823.7587890625,1845.4642333984375,1813.3753662109375,1827.5284423828125,4341169.0,1810.800048828125,0.007924660480997936,0.009238122986308328,-0.001313462505310392,1.7251837528562518e-06
2025-02-21,1821.800048828125,1829.8499755859375,1806.199951171875,1815.0,3379879.0,1831.90576171875,1847.5794677734375,1813.6983642578125,1825.436279296875,3269227.5,1825.1500244140625,-0.005561200053853632,0.0001568390975992262,-0.005718039151452858,3.2695971737547726e-05
2025-02-24,1800.050048828125,1808.0,1750.25,1764.0999755859375,7594720.0,1821.836181640625,1841.4306640625,1809.6512451171875,1823.604248046875,5028935.0,1815.0,-0.02804409058626034,0.004740632532713507,-0.032784723118973846,0.0010748380699877782
2025-02-25,1745.1500244140625,1778.449951171875,1745.1500244140625,1767.699951171875,5092963.0,1768.5667724609375,1794.2984619140625,1759.37158203125,1777.49072265625,3768803.5,1764.0999755859375,0.002040686829408278,0.007590696250570961,-0.005550009421162683,3.080260457499453e-05
2025-02-27,1755.199951171875,1775.8499755859375,1751.0999755859375,1764.300048828125,5757079.0,1784.7186279296875,1817.92333984375,1775.16015625,1802.2457275390625,5437388.5,1767.699951171875,-0.0019233481007316922,0.019542782893831045,-0.021466130994562738,0.00046079477987572703
2025-02-28,1755.050048828125,1755.0999755859375,1682.449951171875,1687.699951171875,12182167.0,1778.462158203125,1810.78271484375,1769.318115234375,1795.89013671875,5576388.0,1764.300048828125,-0.04341670664642838,0.017905167497789032,-0.061321874144217414,0.00376037224855924
2025-03-03,1692.300048828125,1728.5999755859375,1692.300048828125,1708.5999755859375,7504969.0,1713.074951171875,1793.169189453125,1708.0218505859375,1771.2891845703125,5501535.0,1687.699951171875,0.012383732309496409,0.049528491922036455,-0.037144759612540046,0.0013797331666733862
2025-03-04,1695.0,1699.0,1670.0,1688.300048828125,6759673.0,1701.9278564453125,1766.4664306640625,1703.8316650390625,1757.966796875,4958308.0,1708.5999755859375,-0.011881029525855458,0.028893141750240714,-0.04077417127609617,0.001662533043252426
2025-03-05,1692.449951171875,1732.949951171875,1692.449951171875,1711.5,8180782.0,1681.176025390625,1752.22509765625,1683.5057373046875,1745.028076171875,4991282.5,1688.300048828125,0.01374160427702309,0.033600678613452395,-0.019859074336429305,0.0003943828334998251
2025-03-06,1715.0,1722.300048828125,1691.0999755859375,1715.8499755859375,10610547.0,1738.6300048828125,1776.42333984375,1728.193603515625,1759.2156982421875,7441401.0,1711.5,0.0025416158842754832,0.02787946143277087,-0.025337845548495386,0.0006420064170394074
2025-03-07,1703.0999755859375,1705.0,1675.5,1686.0,8019331.0,1728.35986328125,1802.1790771484375,1723.4815673828125,1788.2476806640625,11025152.0,1715.8499755859375,-0.01739661159813477,0.042193493666835336,-0.059590105264970106,0.0035509806454902177
2025-03-10,1686.0,1719.0,1676.199951171875,1701.449951171875,7558981.0,1688.83056640625,1749.25732421875,1663.085693359375,1724.0728759765625,9673838.0,1686.0,0.009163672106687448,0.022581776973050083,-0.013418104866362635,0.00018004553820470461
2025-03-11,1680.0,1680.0,1637.050048828125,1661.5999755859375,12671234.0,1704.2652587890625,1744.8426513671875,1700.0174560546875,1730.884765625,7179433.0,1701.449951171875,-0.02342118588824249,0.017299841486875245,-0.040721027375117735,0.001658202070485088
2025-03-12,1636.9000244140625,1636.9000244140625,1563.800048828125,1590.8499755859375,14870008.0,1678.25439453125,1739.919921875,1650.24365234375,1714.158203125,9919958.0,1661.5999755859375,-0.042579442127790745,0.031631095517155705,-0.07421053764494645,0.005507203897552014
2025-03-13,1599.25,1606.050048828125,1570.300048828125,1579.8499755859375,7822888.0,1658.4639892578125,1714.894775390625,1646.0946044921875,1695.5699462890625,9225878.0,1590.8499755859375,-0.006914542646265898,0.0658264275765883,-0.0727409702228542,0.005291248748962161
2025-03-17,1545.1500244140625,1594.0,1545.1500244140625,1590.050048828125,7526032.0,1597.1773681640625,1709.765380859375,1591.183349609375,1685.9044189453125,6198306.0,1579.8499755859375,0.006456355603261965,0.06712943950266004,-0.06067308389939807,0.0036812231098633974
2025-03-18,1590.050048828125,1590.050048828125,1590.050048828125,1590.050048828125,0.0,1610.7205810546875,1663.012451171875,1582.93408203125,1642.728759765625,9631700.0,1590.050048828125,0.0,0.03313022189227599,-0.03313022189227599,0.0010976116026314433
2025-03-19,1603.0,1603.0,1572.800048828125,1586.550048828125,7387068.0,1620.1473388671875,1629.871337890625,1585.9501953125,1599.7098388671875,5188763.5,1590.050048828125,-0.0022011885742713178,0.006075148418241083,-0.0082763369925124,6.849775401362921e-05
2025-03-20,1592.0,1631.9000244140625,1592.0,1615.550048828125,7186750.0,1587.640869140625,1620.083984375,1588.977783203125,1613.28955078125,7703457.5,1586.550048828125,0.018278654380566417,0.016853866017574104,0.001424788362992313,2.0300218793183153e-06
2025-03-21,1577.949951171875,1603.9000244140625,1563.6500244140625,1592.550048828125,10074677.0,1616.08837890625,1658.1258544921875,1606.842529296875,1643.5482177734375,7965036.0,1615.550048828125,-0.0142366372472853,0.017330424994026927,-0.03156706224131223,0.00099647941854688
2025-03-24,1597.949951171875,1607.0999755859375,1572.699951171875,1592.75,8857726.0,1606.65234375,1624.8795166015625,1597.7808837890625,1613.470458984375,3859238.25,1592.550048828125,0.0001255540898210672,0.01313642241362789,-0.013010868323806823,0.00016928269453943978
2025-03-25,1605.0,1636.1500244140625,1605.0,1628.449951171875,9890140.0,1600.9063720703125,1615.634033203125,1588.6357421875,1601.54541015625,4985666.0,1592.75,0.0224140330697693,0.0055221536061842436,0.016891879463585058,0.00028533559181228663
2025-03-26,1626.0,1637.75,1595.0,1599.449951171875,6651302.0,1647.8779296875,1682.3773193359375,1625.6241455078125,1658.4771728515625,8094496.0,1628.449951171875,-0.017808345893056687,0.018439143099288513,-0.0362474889923452,0.0013138804582501864
2025-03-27,1595.550048828125,1619.949951171875,1586.0,1603.550048828125,9426573.0,1618.8211669921875,1652.6768798828125,1608.071044921875,1639.8917236328125,8029681.0,1599.449951171875,0.002563442296675822,0.02528480020978896,-0.022721357913113138,0.000516260105415789
2025-03-28,1590.0,1598.449951171875,1560.0,1570.6500244140625,6799047.0,1612.183837890625,1645.3804931640625,1606.48095703125,1632.5167236328125,7471756.0,1603.550048828125,-0.020516992555427827,0.01806409149864474,-0.03858108405407257,0.0014885000467874125
2025-04-01,1539.25,1547.4000244140625,1517.8499755859375,1526.5,12680733.0,1584.2216796875,1641.09912109375,1572.203125,1620.82666015625,8240660.0,1570.6500244140625,-0.0281093965732645,0.03194641388103392,-0.06005581045429842,0.0036067003693226194
2025-04-02,1535.199951171875,1555.6500244140625,1535.199951171875,1550.1500244140625,6193478.0,1541.3624267578125,1601.866943359375,1535.6357421875,1586.7655029296875,8953878.0,1526.5,0.01549297373996894,0.03947953025200612,-0.023986556512037183,0.0005753548933051534
2025-04-03,1534.6500244140625,1534.6500244140625,1485.050048828125,1496.5,10459504.0,1553.8621826171875,1569.8955078125,1542.7335205078125,1556.88623046875,6167645.5,1550.1500244140625,-0.03460956911853841,0.004345518787598479,-0.03895508790613689,0.0015174988737748523
2025-04-04,1460.5,1472.0,1448.0,1451.6500244140625,9590254.0,1532.276123046875,1579.8404541015625,1500.3341064453125,1558.0687255859375,9731582.0,1496.5,-0.029969913522176705,0.04114181462474931,-0.07111172814692601,0.005056877880042309
2025-04-07,1352.0,1405.9000244140625,1307.0,1396.75,21715252.0,1485.0919189453125,1571.653076171875,1455.337646484375,1547.6844482421875,10139123.0,1451.6500244140625,-0.03781904969568828,0.06615535577653286,-0.10397440547222114,0.01081067699330185
2025-04-08,1431.0,1456.5,1415.0,1428.800048828125,12805001.0,1411.8204345703125,1466.933349609375,1413.2825927734375,1461.0028076171875,11721874.0,1396.75,0.022946159891265472,0.04600165213330043,-0.02305549224203496,0.0005315557225225342
2025-04-09,1405.050048828125,1409.449951171875,1381.9000244140625,1403.699951171875,8546854.0,1470.342041015625,1515.418701171875,1466.1905517578125,1504.312255859375,8738156.0,1428.800048828125,-0.01756725699781203,0.05285008710153938,-0.07041734409935141,0.004958602350006461
2025-04-11,1411.25,1438.800048828125,1397.050048828125,1409.449951171875,12567440.0,1435.676025390625,1493.476318359375,1435.564208984375,1485.1474609375,8396427.0,1403.699951171875,0.0040963170193171194,0.058023447031987585,-0.053927130012670466,0.0029081353514034637
2025-04-15,1445.5999755859375,1447.699951171875,1409.0,1426.0,10178530.0,1429.56396484375,1493.08935546875,1426.5911865234375,1480.015869140625,9753480.0,1409.449951171875,0.011742203981322419,0.05006628146680803,-0.03832407748548561,0.001468734915113505
2025-04-16,1425.0,1427.5,1396.800048828125,1413.0999755859375,12022740.0,1447.3582763671875,1470.6458740234375,1438.760498046875,1459.8353271484375,7584162.0,1426.0,-0.009046300430618825,0.023727438393013722,-0.03277373882363255,0.0010741179564796794
2025-04-17,1398.0,1429.800048828125,1378.300048828125,1419.5,14264227.0,1417.19580078125,1436.3958740234375,1405.2955322265625,1425.747802734375,7188445.0,1413.0999755859375,0.004529066962448036,0.008950412120128481,-0.004421345157680445,1.954829300334432e-05
2025-04-21,1410.0,1471.800048828125,1410.0,1451.0,15648970.0,1421.4990234375,1468.26708984375,1417.2900390625,1456.45751953125,10124820.0,1419.5,0.022190912293061027,0.026035589666255632,-0.003844677373194605,1.4781544103954567e-05
2025-04-22,1440.0,1440.0,1419.300048828125,1422.800048828125,9399738.0,1457.8763427734375,1508.3206787109375,1450.4329833984375,1494.70947265625,10428537.0,1451.0,-0.01943483885036179,0.03012368894297035,-0.04955852779333214,0.0024560476770424744
2025-04-23,1446.0,1487.800048828125,1439.5999755859375,1474.9000244140625,11136642.0,1425.1533203125,1440.331298828125,1414.2568359375,1428.5606689453125,7819300.5,1422.800048828125,0.03661791804747905,0.00404879105952527,0.03256912698795378,0.001060748032757459
2025-04-24,1469.9000244140625,1482.9000244140625,1461.5,1471.4000244140625,7114292.0,1481.833984375,1501.0003662109375,1471.373046875,1490.005615234375,5500185.0,1474.9000244140625,-0.0023730422008708674,0.010241772710196884,-0.012614814911067751,0.00015913355524049727
2025-04-25,1475.5,1501.699951171875,1463.5,1480.199951171875,8329979.0,1476.7113037109375,1497.46533203125,1470.64404296875,1489.3636474609375,5156216.0,1471.4000244140625,0.005980648777899056,0.012208524363745532,-0.006227875585846476,3.878643431278259e-05
2025-04-28,1480.199951171875,1489.5999755859375,1465.300048828125,1482.0999755859375,5886253.0,1480.6954345703125,1505.57080078125,1474.0955810546875,1496.7720947265625,6236093.0,1480.199951171875,0.001283626859032383,0.011195881706094646,-0.009912254847062263,9.825279615310932e-05
2025-04-29,1482.0,1509.800048828125,1474.0999755859375,1497.5,8056743.0,1461.5927734375,1477.19091796875,1455.7933349609375,1467.238037109375,4176484.25,1482.0999755859375,0.010390678542433918,-0.010027622104701095,0.020418300647135013,0.00041690700131679406
2025-04-30,1496.800048828125,1508.800048828125,1482.5999755859375,1500.0999755859375,7704183.0,1500.93701171875,1516.318359375,1489.4051513671875,1503.900146484375,6031178.5,1497.5,0.001736210741861477,0.0042738874686978345,-0.0025376767268363576,6.439803169926889e-06
2025-05-02,1499.699951171875,1523.199951171875,1496.199951171875,1506.9000244140625,7402310.0,1504.8916015625,1522.9398193359375,1484.90771484375,1502.6875,8709849.0,1500.0999755859375,0.004533063754946776,0.0017249013106954703,0.0028081624442513053,7.885776313303466e-06
2025-05-05,1515.0,1523.0,1502.800048828125,1508.5999755859375,4282493.0,1502.8798828125,1536.712890625,1499.2523193359375,1528.587158203125,7732822.5,1506.9000244140625,0.0011281114502177392,0.014391886281570176,-0.013263774831352437,0.0001759277227768184
2025-05-06,1506.0,1515.5999755859375,1499.0999755859375,1511.5,4270530.0,1524.25341796875,1550.0855712890625,1520.1173095703125,1541.8232421875,6422417.0,1508.5999755859375,0.0019223282917899542,0.022022581956266274,-0.02010025366447632,0.0004040201973762937
2025-05-07,1500.0,1518.800048828125,1496.5999755859375,1508.300048828125,5691799.0,1512.89453125,1527.3009033203125,1496.3572998046875,1511.9339599609375,7570056.0,1511.5,-0.0021170699119252845,0.00028710549847010824,-0.0024041754103953927,5.780059403949855e-06
2025-05-08,1508.0,1516.5,1501.199951171875,1511.4000244140625,8424409.0,1508.09228515625,1524.8929443359375,1487.0660400390625,1503.8037109375,8133418.5,1508.300048828125,0.00205527778663539,-0.00298106327989478,0.00503634106653017,2.536473133841825e-05
2025-05-09,1500.699951171875,1511.4000244140625,1494.0999755859375,1507.5999755859375,4478653.0,1503.6436767578125,1533.8914794921875,1499.7413330078125,1526.48876953125,7660531.5,1511.4000244140625,-0.0025142574875888224,0.009983290243122056,-0.012497547730710878,0.00015618869928139663
2025-05-12,1537.0,1632.0,1532.0,1626.9000244140625,11372857.0,1499.0906982421875,1508.9521484375,1488.349365234375,1495.0496826171875,4642746.0,1507.5999755859375,0.07913242953042521,-0.008324683717159331,0.08745711324758454,0.007648746657600827
2025-05-13,1609.0,1612.199951171875,1564.5999755859375,1568.5999755859375,12846210.0,1605.983154296875,1617.3089599609375,1586.937744140625,1600.927001953125,4921567.0,1626.9000244140625,-0.03583505313986468,-0.015964731742069915,-0.019870321397794766,0.0003948296724516605
2025-05-14,1574.0,1595.0,1569.5,1592.4000244140625,4870057.0,1567.356201171875,1582.3651123046875,1546.298583984375,1562.2796630859375,7969829.5,1568.5999755859375,0.015172796888024198,-0.004029269793682788,0.019202066681706986,0.00036871936484872154
2025-05-15,1589.800048828125,1618.5999755859375,1571.0,1613.0,11151167.0,1594.08349609375,1609.56982421875,1585.6083984375,1600.369873046875,4856585.0,1592.4000244140625,0.012936432598660286,0.005004928730609093,0.007931503868051193,6.290875360891103e-05
2025-05-16,1612.5999755859375,1612.5999755859375,1581.5,1589.9000244140625,4576751.0,1601.449462890625,1614.58056640625,1588.768798828125,1602.9454345703125,6026935.0,1613.0,-0.014321125595745499,-0.006233456559012751,-0.008087669036732748,6.541039044772561e-05
2025-05-19,1576.5,1585.0,1555.699951171875,1559.800048828125,8855798.0,1571.393798828125,1584.67822265625,1560.364501953125,1573.30810546875,4817617.5,1589.9000244140625,-0.01893199265597245,-0.01043582532897136,-0.008496167327001092,7.218485924840088e-05
2025-05-20,1570.0,1583.5,1558.0,1560.5999755859375,7143998.0,1543.291748046875,1562.920166015625,1535.91943359375,1555.016357421875,5187884.5,1559.800048828125,0.000512839295276013,-0.0030668619415956666,0.0035797012368716796,1.2814260945260633e-05
2025-05-21,1567.9000244140625,1571.0,1552.0999755859375,1568.5,4157309.0,1547.258056640625,1560.69970703125,1540.5074462890625,1550.8011474609375,3515466.0,1560.5999755859375,0.005062171304402563,-0.006278885222538166,0.01134105652694073,0.00012861956314726491
2025-05-22,1555.5,1560.800048828125,1540.0,1547.5,6158990.0,1547.7113037109375,1563.2945556640625,1541.591552734375,1554.7752685546875,4825959.0,1568.5,-0.013388587822760645,-0.008750227252350973,-0.004638360570409672,2.1514388781131137e-05
2025-05-23,1550.0,1587.199951171875,1550.0,1564.800048828125,5038421.0,1544.08837890625,1557.6341552734375,1535.1072998046875,1547.2593994140625,4304107.0,1547.5,0.011179353039176165,-0.00015547695375606185,0.011334829992932227,0.00012847837096867598
2025-05-26,1566.5999755859375,1583.800048828125,1562.699951171875,1580.5,3170102.0,1567.4761962890625,1585.86767578125,1563.6876220703125,1580.79150390625,4804332.0,1564.800048828125,0.010033199566700235,0.010219487844533859,-0.0001862882778336239,3.470332245821745e-08
2025-05-27,1579.9000244140625,1582.9000244140625,1556.4000244140625,1570.0999755859375,7775714.0,1572.6138916015625,1589.630126953125,1569.80029296875,1585.257568359375,4524964.0,1580.5,-0.006580211587511875,0.0030101666304176433,-0.009590378217929518,9.197535436293696e-05
2025-05-28,1581.0,1587.699951171875,1570.0,1571.800048828125,3623370.0,1563.30517578125,1585.626953125,1561.79052734375,1582.9622802734375,4963445.0,1570.0999755859375,0.0010827802487882732,0.008192029098465614,-0.007109248849677341,5.0541419206638596e-05
2025-05-29,1589.0,1608.9000244140625,1576.5999755859375,1585.5999755859375,8609500.0,1577.9166259765625,1598.4649658203125,1571.830078125,1596.6378173828125,4001886.5,1571.800048828125,0.008779696099450618,0.015802117179730013,-0.007022421080279395,4.9314397828752426e-05
2025-05-30,1571.0,1572.0,1555.0999755859375,1562.699951171875,13148092.0,1579.05712890625,1597.2322998046875,1574.501708984375,1591.6943359375,4924520.0,1585.5999755859375,-0.014442497960811429,0.0038435673848382645,-0.018286065345649694,0.00033438018582537067
2025-06-02,1560.0,1560.0,1539.0,1553.800048828125,4374509.0,1561.763916015625,1577.266845703125,1552.509521484375,1566.7679443359375,5157380.0,1562.699951171875,-0.005695208691262832,0.002603182498989609,-0.008298391190252441,6.886329634645933e-05
2025-06-03,1559.0,1567.300048828125,1535.5999755859375,1543.0,6853403.0,1562.576904296875,1572.566162109375,1551.171630859375,1558.419921875,4024229.0,1553.800048828125,-0.006950732712532992,0.0029732738458589925,-0.009924006558391985,9.848590617100712e-05
2025-06-04,1543.0,1557.300048828125,1541.4000244140625,1551.199951171875,4548307.0,1554.286376953125,1576.6373291015625,1551.908935546875,1572.9130859375,5067971.5,1543.0,0.005314291102965107,0.019386316226506883,-0.014072025123541776,0.00019802189107759094
2025-06-05,1547.9000244140625,1567.699951171875,1541.5999755859375,1554.300048828125,6948539.0,1541.8311767578125,1555.221923828125,1535.1561279296875,1545.8773193359375,4735475.0,1551.199951171875,0.0019985158289284044,-0.003431299641233565,0.005429815470161969,2.948289604001025e-05
2025-06-06,1554.699951171875,1568.9000244140625,1543.0999755859375,1563.800048828125,3960020.0,1557.019287109375,1574.9552001953125,1552.2984619140625,1569.2864990234375,5046608.0,1554.300048828125,0.00611207598376029,0.009641928665325317,-0.0035298526815650266,1.245985995355181e-05
2025-06-09,1578.0,1588.0,1571.0,1572.9000244140625,2903202.0,1546.4891357421875,1556.721435546875,1536.119140625,1544.3521728515625,3983355.75,1563.800048828125,0.005819142666453336,-0.012436293240389862,0.018255435906843198,0.00033326094014885996
2025-06-10,1584.0,1607.5,1577.5,1596.0,8591925.0,1563.57275390625,1582.7789306640625,1556.2615966796875,1578.711181640625,3943966.75,1572.9000244140625,0.014686232581465397,0.00369454964483662,0.010991682936628777,0.00012081709377937622
2025-06-11,1590.0999755859375,1634.5999755859375,1590.0999755859375,1631.0999755859375,10597410.0,1584.986083984375,1602.6561279296875,1572.72216796875,1594.634765625,4400926.0,1596.0,0.02199246590597581,-0.0008554100093984829,0.022847875915374294,0.0005220254338443407
2025-06-12,1617.0,1628.0,1598.0999755859375,1608.5999755859375,10483574.0,1617.0986328125,1630.893798828125,1606.8543701171875,1623.93310546875,5499576.0,1631.0999755859375,-0.013794372102738484,-0.0043938876981547415,-0.009400484404583742,8.836910704082215e-05
2025-06-13,1576.0,1609.0,1570.199951171875,1602.0,6968315.0,1595.3338623046875,1615.389404296875,1584.794189453125,1608.55908203125,4805494.5,1608.5999755859375,-0.004102931546752897,-2.542182973275242e-05,-0.004077509717020145,1.66260854923937e-05
2025-06-16,1600.0,1634.800048828125,1597.0999755859375,1623.800048828125,5591842.0,1589.4652099609375,1602.2674560546875,1580.3668212890625,1593.3358154296875,4507487.0,1602.0,0.01360802049196308,-0.005408354912804336,0.019016375404767416,0.0003616225335350431
2025-06-17,1620.699951171875,1647.4000244140625,1615.5999755859375,1639.9000244140625,7622083.0,1639.5123291015625,1654.2320556640625,1604.925537109375,1603.079345703125,5621895.5,1623.800048828125,0.009914998831017874,-0.0127606247702442,0.022675623601262074,0.0005141839057061136
2025-06-18,1621.0,1644.699951171875,1621.0,1632.9000244140625,5629707.0,1629.7802734375,1639.417724609375,1614.8505859375,1625.3221435546875,3739643.5,1639.9000244140625,-0.0042685528969981235,-0.008889493653482794,0.0046209407564846705,2.135309347494112e-05
2025-06-19,1623.9000244140625,1630.0,1611.5,1618.4000244140625,5147760.0,1622.5399169921875,1632.475341796875,1611.28369140625,1621.1634521484375,3681779.25,1632.9000244140625,-0.008879906781312674,-0.007187563286268239,-0.001692343495044435,2.8640265052192133e-06
2025-06-20,1619.0,1630.699951171875,1608.9000244140625,1622.9000244140625,9202821.0,1605.57568359375,1617.9237060546875,1598.7471923828125,1610.7396240234375,3603164.25,1618.4000244140625,0.0027805239323506203,-0.004733317026115569,0.007513840958466189,5.64578059491241e-05
2025-06-23,1601.0,1601.0,1575.4000244140625,1584.0,7943676.0,1603.5748291015625,1621.12158203125,1593.0850830078125,1613.2430419921875,4803320.5,1622.9000244140625,-0.023969452109723788,-0.005950448133957953,-0.018019003975765835,0.00032468450427866494
2025-06-24,1601.0,1609.0,1576.5999755859375,1581.5999755859375,8083992.0,1576.310546875,1595.71533203125,1570.7425537109375,1588.4681396484375,4693249.0,1584.0,-0.0015151669280697444,0.0028207952325993713,-0.004335962160669116,1.8800567858754386e-05
2025-06-25,1590.0,1619.9000244140625,1585.0999755859375,1614.9000244140625,7813533.0,1583.296142578125,1600.574951171875,1577.6446533203125,1593.40283203125,4012006.25,1581.5999755859375,0.021054659422202082,0.0074626053537587556,0.013592054068443327,0.00018474393379948678
2025-06-26,1608.800048828125,1624.0,1606.5999755859375,1616.0,6519233.0,1598.9674072265625,1615.4620361328125,1586.6182861328125,1604.21435546875,5036437.0,1614.9000244140625,0.0006811415996705872,-0.006616922895390731,0.007298064495061318,5.3261745374074613e-05
2025-06-27,1619.0,1629.5999755859375,1602.4000244140625,1608.0,8912268.0,1600.130859375,1611.3099365234375,1587.0985107421875,1597.4200439453125,5412413.0,1616.0,-0.004950495049504955,-0.01149749755859375,0.006547002509088795,4.286324185401498e-05
2025-06-30,1615.0,1615.0,1594.0999755859375,1601.800048828125,6294505.0,1601.1058349609375,1614.5380859375,1590.7828369140625,1602.7322998046875,4817968.0,1608.0,-0.003855691027285446,-0.0032759329572839,-0.0005797580700015459,3.361194197319174e-07
2025-07-01,1609.0,1617.699951171875,1600.5,1606.800048828125,4178937.0,1587.3251953125,1603.783447265625,1581.5360107421875,1596.0340576171875,4046885.0,1601.800048828125,0.003121488230480418,-0.0035996947403990065,0.006721182970879425,4.5174300528039566e-05
2025-07-02,1618.0,1649.0,1603.4000244140625,1610.5,8653641.0,1589.2825927734375,1602.288330078125,1581.326171875,1593.74951171875,3626726.0,1606.800048828125,0.0023026830093597628,-0.008122066662179295,0.010424749671539058,0.00010867540571425368
2025-07-03,1618.5,1632.4000244140625,1615.0,1618.699951171875,5259695.0,1611.1295166015625,1622.9066162109375,1592.137939453125,1607.3409423828125,4881232.0,1610.5,0.005091556145218945,-0.001961538414894437,0.007053094560113382,4.9746142873900984e-05
2025-07-04,1625.0,1643.4000244140625,1612.300048828125,1640.699951171875,4411273.0,1615.182373046875,1623.99169921875,1608.9281005859375,1618.73291015625,3252054.25,1618.699951171875,0.013591153804676903,2.036139208572152e-05,0.013570792412591182,0.00018416640670564237
2025-07-07,1640.0,1644.0,1623.0,1627.0,3294523.0,1637.855712890625,1653.178955078125,1631.9375,1642.428466796875,4838786.5,1640.699951171875,-0.008350064959829928,0.0010535232988611032,-0.009403588258691031,8.842747213899183e-05
2025-07-08,1628.0,1646.199951171875,1621.5,1638.699951171875,4590681.0,1622.786376953125,1629.760009765625,1615.0457763671875,1623.93505859375,2871262.5,1627.0,0.007191119343500363,-0.001883799266287678,0.00907491860978804,8.23541477742773e-05
2025-07-09,1637.800048828125,1638.0,1623.5999755859375,1633.699951171875,4580828.0,1639.700439453125,1654.255126953125,1634.9698486328125,1644.65625,4607929.0,1638.699951171875,-0.0030511992121707854,0.0036347708583657212,-0.006685970070536507,4.470219578410994e-05
2025-07-10,1638.9000244140625,1638.9000244140625,1607.0999755859375,1615.800048828125,5330179.0,1621.4962158203125,1635.2369384765625,1615.8182373046875,1627.5316162109375,3760985.25,1633.699951171875,-0.010956664552086326,-0.0037756841190531576,-0.007180980433033168,5.156647997960523e-05
2025-07-11,1579.0999755859375,1607.0999755859375,1563.0,1594.9000244140625,11391755.0,1611.84326171875,1624.1329345703125,1605.2166748046875,1619.2607421875,3246178.0,1615.800048828125,-0.012934783873301936,0.002141783175390266,-0.015076567048692202,0.0002273028739737115
2025-07-14,1591.800048828125,1591.800048828125,1559.800048828125,1570.300048828125,9173426.0,1586.0333251953125,1606.68798828125,1580.8875732421875,1600.51513671875,3853593.25,1594.9000244140625,-0.015424148980733188,0.0035206672636112213,-0.01894481624434441,0.0003589060625319758
2025-07-15,1565.0999755859375,1603.5999755859375,1564.0,1585.5999755859375,7614807.0,1566.40771484375,1588.092529296875,1561.652099609375,1582.1058349609375,3992193.75,1570.300048828125,0.009743314196054786,0.0075181721745616326,0.002225142021493154,4.951257015814639e-06
2025-07-16,1579.0,1612.0,1578.5,1607.9000244140625,6223491.0,1580.561279296875,1594.869384765625,1571.4820556640625,1585.305908203125,4006875.0,1585.5999755859375,0.014064107701492912,-0.00018546126850427225,0.014249568969997184,0.0002030502158307066
2025-07-17,1598.0,1610.0,1580.0999755859375,1583.5,7374814.0,1604.9920654296875,1612.7666015625,1595.6866455078125,1606.1739501953125,3454022.0,1607.9000244140625,-0.015175088030087047,-0.001073495983917927,-0.01410159204616912,0.00019885489823658019
2025-07-18,1592.0999755859375,1599.300048828125,1580.0,1586.0999755859375,5161833.0,1584.897216796875,1600.3021240234375,1577.614013671875,1591.5003662109375,4093051.5,1583.5,0.0016419170103805225,0.005052331045745095,-0.003410414035364573,1.163092389261167e-05
2025-07-21,1580.0,1589.0,1566.800048828125,1584.300048828125,3682661.0,1579.6258544921875,1594.105712890625,1572.026611328125,1585.2515869140625,3917084.5,1586.0999755859375,-0.001134812928263007,-0.0005348897830741439,-0.0005999231451888631,3.599077801332978e-07
2025-07-22,1565.0,1585.800048828125,1565.0,1570.9000244140625,8473741.0,1581.4677734375,1593.199951171875,1571.64697265625,1583.5897216796875,3524356.0,1584.300048828125,-0.008458009216104179,-0.0004483539269994896,-0.008009655289104689,6.415457785028272e-05
2025-07-23,1576.300048828125,1591.9000244140625,1550.0,1574.5,8035026.0,1564.4075927734375,1582.0911865234375,1559.7694091796875,1576.1549072265625,3825776.75,1570.9000244140625,0.0022916643516384116,0.0033451414672045487,-0.001053477115566137,1.1098140330215482e-06
2025-07-24,1580.0,1582.0,1548.199951171875,1552.5,14169664.0,1562.9810791015625,1579.516845703125,1557.476318359375,1572.709716796875,3912719.0,1574.5,-0.013972689742775435,-0.0011370487158621767,-0.012835641026913258,0.00016475368057177885
2025-07-25,1543.4000244140625,1549.5,1511.300048828125,1515.699951171875,10851259.0,1558.4407958984375,1578.792236328125,1552.768310546875,1570.1180419921875,5485080.5,1552.5,-0.023703735154991912,0.011348175196256083,-0.035051910351247995,0.0012286364192719264
2025-07-28,1513.9000244140625,1519.300048828125,1482.5,1516.0,6439855.0,1511.672119140625,1536.696044921875,1504.1165771484375,1526.913330078125,4973677.0,1515.699951171875,0.0001979605712152388,0.007398152185450924,-0.007200191614235685,5.1842759281709876e-05
2025-07-29,1512.9000244140625,1517.199951171875,1496.0999755859375,1513.699951171875,7070448.0,1496.035888671875,1518.8751220703125,1489.249267578125,1510.795654296875,4858451.0,1516.0,-0.0015171826043041126,-0.0034329457144623987,0.0019157631101582862,3.6701482942433495e-06
2025-07-30,1519.9000244140625,1521.699951171875,1506.0,1519.0,5719051.0,1504.87060546875,1519.6859130859375,1495.6640625,1509.440673828125,5414307.0,1513.699951171875,0.003501386667827955,-0.002813818775942112,0.006315205443770067,3.9881819797023085e-05
2025-07-31,1509.699951171875,1527.0999755859375,1497.0,1509.0,6851407.0,1505.59619140625,1519.1124267578125,1497.0357666015625,1509.5054931640625,3855733.5,1519.0,-0.006583278472679366,-0.006250498246173519,-0.0003327802265058466,1.1074267915328256e-07
2025-08-01,1493.9000244140625,1498.699951171875,1465.5,1469.5999755859375,8702978.0,1510.531005859375,1532.3486328125,1506.8948974609375,1526.2388916015625,5395936.5,1509.0,-0.026110022805873045,0.01142405010043901,-0.037534072906312055,0.0014088066289363486
2025-08-04,1461.5,1482.800048828125,1451.0,1480.5,8610216.0,1476.951904296875,1499.1041259765625,1471.4395751953125,1492.0428466796875,4046139.75,1469.5999755859375,0.007417000949334174,0.015271414988151433,-0.007854414038817259,6.169181989316965e-05
2025-08-05,1478.699951171875,1478.699951171875,1455.0,1460.300048828125,10213323.0,1477.1090087890625,1500.0518798828125,1472.94287109375,1493.084716796875,5726714.0,1480.5,-0.013644006195119851,0.008500315296774641,-0.022144321491894492,0.0004903709743363803
2025-08-06,1452.0,1456.0999755859375,1430.300048828125,1436.699951171875,10566934.0,1462.034423828125,1480.708984375,1444.99853515625,1460.366455078125,5474952.5,1460.300048828125,-0.016161129129036778,4.547438730373443e-05,-0.016206603516340512,0.00026265399753586067
2025-08-07,1430.0,1442.0,1414.199951171875,1436.9000244140625,9892020.0,1437.631591796875,1457.739013671875,1430.6263427734375,1447.7579345703125,5875128.5,1436.699951171875,0.00013925889120014467,0.007696793884775843,-0.007557534993575699,5.7116335179121234e-05
2025-08-08,1425.0,1433.199951171875,1417.0999755859375,1423.0999755859375,10048009.0,1434.841796875,1457.8558349609375,1419.9632568359375,1440.1712646484375,5685112.5,1436.9000244140625,-0.00960404244808355,0.0022765955729655563,-0.011880638021049106,0.0001411495597871976
2025-08-11,1419.9000244140625,1433.4000244140625,1414.0,1428.199951171875,6625368.0,1425.310302734375,1451.1624755859375,1416.3521728515625,1442.7359619140625,9240544.0,1423.0999755859375,0.003583708575244371,0.013798037147769726,-0.010214328572525355,0.00010433250818750787
2025-08-12,1428.199951171875,1441.0,1421.0,1424.0999755859375,9899184.0,1421.4296875,1441.639404296875,1415.465087890625,1433.9722900390625,5655077.0,1428.199951171875,-0.002870729397920324,0.004041688184102776,-0.0069124175820231,4.778151682826209e-05
2025-08-13,1425.0,1434.0,1422.4000244140625,1426.5999755859375,10318063.0,1428.6998291015625,1444.01708984375,1419.64990234375,1434.4710693359375,5937915.0,1424.0999755859375,0.00175549472850145,0.007282560162767293,-0.005527065434265843,3.0548452314656276e-05
2025-08-14,1426.199951171875,1470.0,1426.199951171875,1447.699951171875,12902347.0,1429.9285888671875,1443.619140625,1420.335693359375,1433.337890625,6054557.5,1426.5999755859375,0.014790393906512822,0.0047230584286916955,0.010067335477821127,0.00010135124362299594
2025-08-18,1464.699951171875,1464.699951171875,1429.5999755859375,1435.800048828125,7254561.0,1459.52001953125,1488.9521484375,1454.7620849609375,1483.15283203125,5483886.0,1447.699951171875,-0.008219867890523425,0.02448910827874018,-0.032708976169263604,0.0010698771220414543
2025-08-19,1432.699951171875,1449.4000244140625,1432.699951171875,1440.0,3986094.0,1439.67041015625,1452.527587890625,1425.98779296875,1435.4404296875,4911210.0,1435.800048828125,0.002925164388525303,-0.00025046603175593596,0.003175630420281239,1.00846285662156e-05
2025-08-20,1440.699951171875,1499.0,1440.699951171875,1496.199951171875,10413061.0,1440.5792236328125,1449.5457763671875,1426.18701171875,1435.684814453125,4708720.5,1440.0,0.03902774386935759,-0.0029966566297743302,0.04202440049913192,0.001766050237311439
2025-08-21,1508.0,1508.0,1484.300048828125,1496.4000244140625,6565539.0,1486.255615234375,1501.3487548828125,1476.341552734375,1490.8194580078125,5908677.5,1496.199951171875,0.00013372092548924464,-0.0035961056941943292,0.003729826619683574,1.3911606612900195e-05
2025-08-22,1498.0999755859375,1504.300048828125,1486.0999755859375,1487.5,5543397.0,1487.5926513671875,1504.8907470703125,1478.3701171875,1497.2900390625,5332468.5,1496.4000244140625,-0.005947623809714586,0.0005947705385704882,-0.006542394348285074,4.280292380847248e-05
2025-08-25,1506.699951171875,1539.0,1506.699951171875,1532.0999755859375,10694531.0,1495.14794921875,1508.2427978515625,1485.9049072265625,1498.7064208984375,5698680.5,1487.5,0.02998317686449581,0.007533728335084033,0.022449448529411775,0.0005039777392747085
2025-08-26,1523.0,1538.4000244140625,1518.5999755859375,1529.5999755859375,15994798.0,1538.6650390625,1551.8638916015625,1530.2091064453125,1542.4052734375,5732123.0,1532.0999755859375,-0.0016317473009840322,0.006726256782049411,-0.008358004083033443,6.985623225200371e-05
2025-08-28,1529.5999755859375,1529.5999755859375,1498.0,1500.0999755859375,5443364.0,1517.265625,1529.705322265625,1495.215576171875,1513.888427734375,8807456.0,1529.5999755859375,-0.01928608817393551,-0.010271671092008217,-0.009014417081927295,8.12597153269426e-05
2025-08-29,1501.9000244140625,1501.9000244140625,1467.699951171875,1469.5999755859375,8169075.0,1505.045166015625,1519.6529541015625,1496.097412109375,1509.9366455078125,5013032.0,1500.0999755859375,-0.0203319781990442,0.006557342898451113,-0.02688932109749531,0.0007230355890842065
2025-09-01,1476.699951171875,1503.4000244140625,1476.199951171875,1499.4000244140625,4546057.0,1474.120849609375,1489.2166748046875,1465.55224609375,1479.766357421875,4427171.0,1469.5999755859375,0.020277660127371533,0.006917788517167178,0.013359871610204355,0.0001784861694411443
2025-09-02,1499.4000244140625,1512.800048828125,1486.300048828125,1498.699951171875,5218763.0,1484.93798828125,1495.196044921875,1473.135986328125,1483.41845703125,3992401.5,1499.4000244140625,-0.0004669022480915386,-0.010658641538343172,0.010191739290251633,0.00010387154976045887
2025-09-03,1500.0,1501.9000244140625,1473.0,1479.0999755859375,4623483.0,1493.490478515625,1506.57763671875,1484.2073974609375,1496.7198486328125,4723367.0,1498.699951171875,-0.013077985070068077,-0.0013212134540434572,-0.01175677161602462,0.00013822167883136214
2025-09-04,1484.0,1484.0,1460.0999755859375,1463.0,5787724.0,1481.6943359375,1490.9110107421875,1458.9964599609375,1468.5362548828125,4976192.0,1479.0999755859375,-0.010884981307338282,-0.0071419923450003475,-0.003742988962337934,1.4009966372183606e-05
2025-09-05,1470.0,1472.699951171875,1433.0,1444.5999755859375,5466487.0,1462.1827392578125,1474.0936279296875,1448.19189453125,1457.8267822265625,4354580.5,1463.0,-0.012576913475093932,-0.003536034021488388,-0.009040879453605544,8.173750129462687e-05
2025-09-08,1451.0,1458.0,1428.300048828125,1432.9000244140625,3811567.0,1450.0892333984375,1469.6854248046875,1442.80224609375,1461.72509765625,3989530.25,1444.5999755859375,-0.008099094122668404,0.011854577294566626,-0.01995367141723503,0.00039814900302698224
2025-09-09,1481.0,1507.199951171875,1472.5,1504.300048828125,13072640.0,1448.5369873046875,1460.4866943359375,1436.427001953125,1447.597412109375,4925641.0,1432.9000244140625,0.049829034264452066,0.010257092221994002,0.039571942042458064,0.0015659385970116602
2025-09-10,1510.0999755859375,1534.9000244140625,1509.300048828125,1532.5999755859375,7281071.0,1505.100341796875,1512.830810546875,1486.278076171875,1496.4698486328125,4802516.5,1504.300048828125,0.01881268752191989,-0.005205211687264399,0.02401789920918429,0.0005768594824225354
2025-09-11,1523.9000244140625,1527.5,1506.5,1509.699951171875,8003662.0,1525.6341552734375,1531.916015625,1507.0054931640625,1515.94580078125,4005654.5,1532.5999755859375,-0.014941944916387895,-0.010866615600930274,-0.004075329315457621,1.6608309029428282e-05
2025-09-12,1537.0,1542.9000244140625,1521.0999755859375,1525.5999755859375,12856963.0,1508.2867431640625,1518.7164306640625,1495.8087158203125,1507.791748046875,5642673.0,1509.699951171875,0.010531910265825006,-0.0012639618379259865,0.011795872103750993,0.00013914259868805088
2025-09-15,1525.5999755859375,1527.5,1501.199951171875,1508.4000244140625,6167414.0,1526.415771484375,1534.476806640625,1508.7576904296875,1521.028076171875,6885621.5,1525.5999755859375,-0.011274220927585565,-0.002996787812812207,-0.008277433114773358,6.851589896954658e-05
2025-09-16,1508.4000244140625,1514.0,1503.5,1511.300048828125,8923112.0,1504.868896484375,1517.0501708984375,1493.567626953125,1509.3511962890625,5122261.5,1508.4000244140625,0.001922583112652143,0.0006305833065531896,0.0012919998060989535,1.6692634989597334e-06
2025-09-17,1516.9000244140625,1526.699951171875,1514.0,1522.4000244140625,4795698.0,1510.8880615234375,1520.2720947265625,1498.763916015625,1508.737548828125,5008634.0,1511.300048828125,0.007344653759883357,-0.001695560059027934,0.009040213818911291,8.172546589163467e-05
2025-09-18,1550.0,1555.0,1538.5,1540.5999755859375,9331945.0,1508.087158203125,1514.48291015625,1489.9888916015625,1498.0277099609375,5235919.0,1522.4000244140625,0.011954775932744521,-0.01600913955745986,0.027963915490204383,0.0007819805695432927
2025-09-19,1544.5999755859375,1551.300048828125,1520.0999755859375,1540.199951171875,12988129.0,1516.05517578125,1533.5400390625,1455.623779296875,1529.7242431640625,8370631.0,1540.5999755859375,-0.000259654952876609,-0.00705941360133977,0.006799758648463161,4.623671767734956e-05
2025-09-22,1482.699951171875,1514.699951171875,1482.0,1499.5,15655204.0,1520.3287353515625,1529.775146484375,1471.4178466796875,1507.521240234375,8983157.0,1540.199951171875,-0.02642510872754411,-0.021217187361054046,-0.005207921366490065,2.7122444959543744e-05
2025-09-23,1493.0,1513.0,1493.0,1497.5,9832164.0,1495.0906982421875,1503.509521484375,1465.1016845703125,1476.307373046875,9393394.0,1499.5,-0.0013337779259753324,-0.01546690693772923,0.014133129011753898,0.0001997453356628797
2025-09-24,1487.199951171875,1496.699951171875,1482.699951171875,1494.5999755859375,4937004.0,1492.8994140625,1503.0672607421875,1473.76123046875,1486.8397216796875,8434151.0,1497.5,-0.0019365772381051416,-0.007118716741444042,0.005182139503338901,2.6854569832065547e-05
2025-09-25,1489.0,1502.699951171875,1476.5,1484.800048828125,9491867.0,1481.5111083984375,1490.059326171875,1458.1248779296875,1467.4722900390625,7934427.0,1494.5999755859375,-0.006556889413818268,-0.01815046566974554,0.011593576255927274,0.00013441101040200066
2025-09-26,1475.0,1478.699951171875,1441.199951171875,1448.9000244140625,8597058.0,1486.4111328125,1494.411376953125,1460.6513671875,1468.590087890625,5418598.5,1484.800048828125,-0.024178356164789028,-0.010917268591345786,-0.013261087573443242,0.00017585644363053078
2025-09-29,1460.0,1465.0,1436.5,1441.800048828125,10513117.0,1455.081298828125,1465.986572265625,1443.3895263671875,1451.3819580078125,5853006.0,1448.9000244140625,-0.004900252237078129,0.0017129778120845707,-0.006613230049162699,4.373481168314848e-05
2025-09-30,1443.0,1452.199951171875,1438.0999755859375,1441.800048828125,7556305.0,1443.0252685546875,1456.627685546875,1433.475830078125,1443.8590087890625,6041118.0,1441.800048828125,0.0,0.0014280481975368353,-0.0014280481975368353,2.039321654488204e-06
2025-10-01,1446.0,1449.5,1427.4000244140625,1445.800048828125,6250692.0,1443.377197265625,1454.7628173828125,1433.5780029296875,1441.7706298828125,5905502.0,1441.800048828125,0.002774309796459651,-2.0404317045530362e-05,0.002794714113505181,7.81042697622505e-06
2025-10-03,1439.0,1448.300048828125,1433.199951171875,1446.5999755859375,6877533.0,1444.73876953125,1459.243896484375,1434.156494140625,1446.32763671875,8503066.0,1445.800048828125,0.0005532762005788783,0.00036491068806698834,0.00018836551251188993,3.548156630386696e-08
2025-10-06,1446.5999755859375,1478.800048828125,1442.300048828125,1476.0,4630590.0,1446.3486328125,1459.829345703125,1435.83251953125,1446.9501953125,8440365.0,1446.5999755859375,0.02032353443263002,0.0002420985292914679,0.02008143590333855,0.0004032640679398946
2025-10-07,1477.699951171875,1482.9000244140625,1454.0,1458.5,5570320.0,1471.520263671875,1481.0633544921875,1459.5767822265625,1468.1910400390625,5890157.0,1476.0,-0.01185636856368566,-0.005290623279767925,-0.006565745283917734,4.310901113328797e-05
2025-10-08,1457.0,1498.0,1455.0,1495.0,4657192.0,1456.540283203125,1464.763671875,1445.193359375,1450.700439453125,5330314.5,1458.5,0.025025711347274493,-0.005347658928265386,0.03037337027553988,0.0009225416218950495
2025-10-09,1502.0,1514.0,1487.0,1509.300048828125,7028753.0,1483.0880126953125,1489.6258544921875,1469.8533935546875,1476.4906005859375,5149730.0,1495.0,0.009565250052257612,-0.012380869173285958,0.02194611922554357,0.0004816321490617731
2025-10-10,1510.0,1521.699951171875,1498.800048828125,1514.9000244140625,3738353.0,1502.3204345703125,1509.1263427734375,1486.4022216796875,1494.718994140625,6022641.0,1509.300048828125,0.0037103129959383807,-0.00966080581447093,0.01337111881040931,0.00017878681824208168
2025-10-13,1497.0,1504.699951171875,1483.4000244140625,1493.199951171875,5859355.0,1500.98388671875,1507.4002685546875,1492.1441650390625,1499.174072265625,3857928.0,1514.9000244140625,-0.014324425963740173,-0.010380851472043484,-0.003943574491696689,1.5551779771560795e-05
2025-10-14,1499.0,1514.4000244140625,1486.5,1489.9000244140625,5600789.0,1486.6463623046875,1499.0860595703125,1480.85302734375,1492.60791015625,5359298.0,1493.199951171875,-0.0022099697734537793,-0.00039649145123554774,-0.0018134783222182316,3.288703625155452e-06
2025-10-15,1483.9000244140625,1488.5999755859375,1467.5,1474.4000244140625,6986098.0,1493.7049560546875,1507.3028564453125,1488.6119384765625,1500.248291015625,4935158.5,1489.9000244140625,-0.010403382606893885,0.006945611404786778,-0.017348994011680663,0.0003009875932173315
2025-10-16,1473.9000244140625,1474.5,1460.5,1471.5,8005748.0,1468.513427734375,1476.0203857421875,1455.53515625,1459.9815673828125,4527494.5,1474.4000244140625,-0.0019669183166318716,-0.009779202924918518,0.007812284608286646,6.103179080087243e-05
2025-10-17,1454.9000244140625,1458.4000244140625,1434.0,1441.0999755859375,16959378.0,1467.103759765625,1475.6800537109375,1450.75537109375,1458.253173828125,5303161.5,1471.5,-0.020659207892669063,-0.00900226039542984,-0.011656947497239223,0.00013588442495339177
2025-10-20,1453.699951171875,1467.0,1450.0,1460.9000244140625,6994246.0,1446.7371826171875,1461.2652587890625,1439.9425048828125,1451.3387451171875,5772326.0,1441.0999755859375,0.013739538660441974,0.007104829439114502,0.006634709221327473,4.40193664515678e-05
2025-10-21,1478.0,1486.0,1470.0,1472.4000244140625,1698704.0,1458.3817138671875,1467.7061767578125,1446.008056640625,1453.687255859375,8445101.0,1460.9000244140625,0.007871859680892657,-0.004937208867239473,0.01280906854813213,0.00016407223707074774
2025-10-23,1510.0,1546.0,1506.0,1528.5,20358624.0,1483.11328125,1493.0081787109375,1475.543701171875,1484.7176513671875,4951906.0,1472.4000244140625,0.03810104228180955,0.00836567967188584,0.02973536260992371,0.000884191789543649
2025-10-24,1539.5,1543.0,1518.0,1525.4000244140625,8652257.0,1528.83203125,1541.0308837890625,1520.5328369140625,1534.1055908203125,5837214.0,1528.5,-0.0020281161831452454,0.003667380320780067,-0.0056954965039253125,3.243868042622546e-05
2025-10-27,1510.0,1515.300048828125,1498.0999755859375,1504.5,7273211.0,1541.9949951171875,1553.068359375,1532.16064453125,1544.39599609375,9557018.0,1525.4000244140625,-0.01370134002855461,0.012453108283503767,-0.026154448312058376,0.0006840551665081333
2025-10-28,1499.699951171875,1506.5,1490.5,1500.199951171875,8211019.0,1510.648193359375,1529.5806884765625,1505.348876953125,1523.9078369140625,5936131.5,1504.5,-0.0028581248442173246,0.012899858367605432,-0.015757983211822757,0.00024831403490408783
2025-10-29,1500.199951171875,1520.199951171875,1496.9000244140625,1510.4000244140625,4884976.0,1510.9674072265625,1524.62646484375,1507.5455322265625,1518.894287109375,6325080.5,1500.199951171875,0.006799142497118327,0.012461229533367923,-0.005662087036249597,3.205922960606574e-05
2025-10-30,1507.0,1508.199951171875,1489.0999755859375,1493.800048828125,5608867.0,1516.17041015625,1523.4859619140625,1511.8489990234375,1516.712890625,5400061.0,1510.4000244140625,-0.010990449760074128,0.004179598853877531,-0.015170048613951659,0.00023013037494965666
2025-10-31,1490.0,1497.0999755859375,1480.699951171875,1482.300048828125,4819814.0,1505.4732666015625,1514.4049072265625,1501.7000732421875,1508.8968505859375,5435105.0,1493.800048828125,-0.007698486828288442,0.010106306911461083,-0.017804793739749525,0.00031701068011502387
2025-11-03,1482.300048828125,1491.4000244140625,1474.199951171875,1485.5,5470600.0,1490.34130859375,1501.065673828125,1484.1290283203125,1493.4881591796875,4502092.0,1482.300048828125,0.002158774247093209,0.007547804076784237,-0.005389029829691028,2.904164250529971e-05
2025-11-04,1479.699951171875,1481.9000244140625,1462.9000244140625,1467.9000244140625,8691330.0,1498.15673828125,1517.3365478515625,1491.4093017578125,1509.5980224609375,6409055.0,1485.5,-0.011847846237588389,0.01622216254522879,-0.02807000878281718,0.0007879253930674336
2025-11-06,1478.5999755859375,1483.0,1461.9000244140625,1466.699951171875,7944752.0,1464.65185546875,1473.7991943359375,1450.03857421875,1457.2412109375,5217977.5,1467.9000244140625,-0.0008175442620259599,-0.0072612666389301195,0.00644372237690416,4.152155807061539e-05
2025-11-07,1470.0,1480.9000244140625,1449.0999755859375,1476.800048828125,8765759.0,1472.569580078125,1486.94873046875,1465.4625244140625,1480.695068359375,5110200.5,1466.699951171875,0.006886273943201626,0.00954190881121808,-0.0026556348680164543,7.052396552224771e-06
2025-11-10,1490.0999755859375,1520.0,1490.0,1513.5,9787975.0,1472.6558837890625,1485.2158203125,1463.224609375,1475.3765869140625,8040402.0,1476.800048828125,0.024850995367312834,-0.0009638826293323355,0.02581487799664517,0.000666407925981675
2025-11-11,1525.0,1533.4000244140625,1511.0999755859375,1530.300048828125,13692989.0,1515.4830322265625,1526.19482421875,1503.1485595703125,1514.4658203125,7692334.0,1513.5,0.011100131369755628,0.0006381369755532607,0.010461994394202367,0.00010945332670432176
2025-11-12,1540.0,1559.199951171875,1538.0999755859375,1551.699951171875,14635417.0,1537.2891845703125,1547.3275146484375,1527.266845703125,1538.021728515625,9961538.0,1530.300048828125,0.01398412184599862,0.005045859923622942,0.008938261922375679,7.989252619299097e-05
2025-11-13,1557.0999755859375,1557.5,1530.300048828125,1541.800048828125,19655689.0,1544.1619873046875,1551.45654296875,1531.8759765625,1541.6572265625,6364379.5,1551.699951171875,-0.006380036511745346,-0.0064720789620380526,9.204245029270641e-05,8.471812655885331e-09
2025-11-14,1520.0,1530.0,1488.800048828125,1502.800048828125,9739549.0,1541.4598388671875,1562.8905029296875,1534.8079833984375,1554.8475341796875,9167996.0,1541.800048828125,-0.025295108811056677,0.008462501581498527,-0.033757610392555204,0.001139576259415551
2025-11-17,1496.0,1510.199951171875,1492.5,1507.5999755859375,7910354.0,1501.81884765625,1517.470947265625,1496.35888671875,1507.5186767578125,9033691.0,1502.800048828125,0.003193988955187743,0.0031398907215680616,5.409823361968158e-05,2.9266188807696464e-09
2025-11-18,1506.0,1506.0,1483.199951171875,1486.4000244140625,7525119.0,1507.2181396484375,1515.8660888671875,1498.07763671875,1506.63916015625,5602711.0,1507.5999755859375,-0.0140620532735386,-0.0006373145696783045,-0.013424738703860295,0.0001802236092669246
2025-11-19,1490.5,1543.0,1490.5,1541.0999755859375,10981126.0,1491.4918212890625,1501.2423095703125,1485.1575927734375,1494.513427734375,4503356.0,1486.4000244140625,0.03680028947351355,0.0054584251796623295,0.03134186429385122,0.000982312457414186
2025-11-20,1555.0,1555.0,1534.0,1536.5,7387584.0,1535.0518798828125,1542.515869140625,1521.2642822265625,1531.1048583984375,6390718.0,1541.0999755859375,-0.0029848651345208976,-0.006485703293648948,0.00350083815912805,1.2255867816407076e-05
2025-11-21,1531.0,1551.5,1526.300048828125,1545.0,9186302.0,1544.731201171875,1552.006591796875,1531.6571044921875,1538.5589599609375,5635923.0,1536.5,0.0055320533680442985,0.001340032516067291,0.0041920208519770075,1.7573038823410035e-05
2025-11-24,1563.5999755859375,1585.0,1541.0,1548.0,19270381.0,1542.8101806640625,1558.91943359375,1535.3084716796875,1550.6231689453125,7467303.0,1545.0,0.001941747572815622,0.003639591550363974,-0.0016978439775483523,2.8826741720972096e-06
2025-11-25,1549.0,1550.5999755859375,1525.9000244140625,1530.5999755859375,8107952.0,1562.19287109375,1581.13623046875,1553.116455078125,1573.33740234375,10628109.0,1548.0,-0.011240325848877575,0.01636783097141481,-0.027608156820292384,0.0007622103230138569
2025-11-26,1532.0999755859375,1560.300048828125,1532.0999755859375,1557.9000244140625,7575038.0,1530.640869140625,1542.419921875,1523.866455078125,1534.13330078125,5962611.5,1530.5999755859375,0.01783617487493694,0.0023084576320864247,0.015527717242850514,0.00024111000277391716
2025-11-27,1564.0,1574.300048828125,1552.199951171875,1566.4000244140625,7552252.0,1544.1065673828125,1552.255126953125,1533.0047607421875,1542.2879638671875,6395040.0,1557.9000244140625,0.005456062562934294,-0.010021221068243324,0.015477283631177619,0.00023954630859991864
2025-11-28,1565.0,1568.4000244140625,1557.0,1560.0999755859375,4453221.0,1558.0152587890625,1564.7940673828125,1543.07177734375,1549.181884765625,5633177.0,1566.4000244140625,-0.004021992294389598,-0.010992172740088013,0.006970180445698415,4.8583415445596557e-05
2025-12-01,1562.5,1574.0,1556.0,1564.0,5341800.0,1560.843994140625,1571.107177734375,1551.2364501953125,1560.7310791015625,6780203.0,1560.0999755859375,0.00249985544201925,0.0004045276107307316,0.002095327831288518,4.390398720572245e-06
2025-12-02,1567.0,1579.9000244140625,1556.0999755859375,1561.0,6335969.0,1568.3702392578125,1583.1754150390625,1562.091064453125,1576.1827392578125,6230594.0,1564.0,-0.0019181585677748858,0.007789475228780374,-0.00970763379655526,9.423815392802189e-05
2025-12-03,1555.0999755859375,1586.0,1554.0999755859375,1578.699951171875,12895312.0,1563.2862548828125,1575.6033935546875,1556.9818115234375,1568.8411865234375,5706724.5,1561.0,0.011338854049887992,0.005023181629364215,0.006315672420523777,3.988771812336466e-05
2025-12-04,1568.0,1599.0,1568.0,1597.5999755859375,12609619.0,1577.6724853515625,1590.6572265625,1569.525390625,1582.2386474609375,6793309.0,1578.699951171875,0.01197189142878785,0.0022415255580616744,0.009730365870726176,9.468001997819279e-05
2025-12-05,1610.0,1631.800048828125,1600.0,1616.199951171875,10344725.0,1589.7225341796875,1600.62646484375,1579.2359619140625,1590.5872802734375,6402019.0,1597.5999755859375,0.011642448591748122,-0.004389518915664747,0.01603196750741287,0.000257023982158742
2025-12-08,1617.0999755859375,1630.0,1600.199951171875,1610.800048828125,7550413.0,1620.5433349609375,1640.4822998046875,1614.0787353515625,1632.2041015625,6718163.0,1616.199951171875,-0.0033411103247680263,0.009902333172959743,-0.01324344349772777,0.00017538879567750794
2025-12-09,1601.199951171875,1606.9000244140625,1582.4000244140625,1599.0,6957599.0,1611.540771484375,1621.21630859375,1600.4893798828125,1610.0308837890625,5260991.0,1610.800048828125,-0.007325582611392156,-0.00047750497625209665,-0.00684807763514006,4.6896167296905475e-05
2025-12-10,1608.0,1608.0,1582.800048828125,1584.800048828125,5116140.0,1596.00390625,1608.8021240234375,1587.459716796875,1598.688232421875,5915143.5,1599.0,-0.008880519807301424,-0.0001949765967010908,-0.008685543210600333,7.543866086320554e-05
2025-12-11,1598.0,1607.4000244140625,1580.5,1598.0,5159319.0,1594.6884765625,1608.7764892578125,1586.78369140625,1599.890869140625,5016592.0,1584.800048828125,0.008329095636787631,0.009522223528235507,-0.001193127891447876,1.4235541653508547e-06
2025-12-12,1601.4000244140625,1601.800048828125,1582.5999755859375,1598.199951171875,4633912.0,1601.5919189453125,1613.2271728515625,1591.8026123046875,1603.086181640625,4888848.0,1598.0,0.00012512588978408345,0.003182842077988024,-0.0030577161882039405,9.349628287604436e-06
2025-12-15,1585.0,1610.800048828125,1585.0,1606.800048828125,4190558.0,1596.4534912109375,1609.833251953125,1588.21240234375,1601.338134765625,4829165.0,1598.199951171875,0.005381114953697752,0.001963573826572196,0.0034175411271255562,1.1679587355594618e-05
2025-12-16,1600.0,1603.0,1585.5999755859375,1592.9000244140625,5499258.0,1590.4390869140625,1599.3677978515625,1580.586669921875,1590.3067626953125,4465195.0,1606.800048828125,-0.008650749310220696,-0.010264678635553581,0.0016139293253328857,2.6047678671694634e-06
2025-12-17,1587.199951171875,1606.9000244140625,1586.0,1602.0,4817628.0,1593.78564453125,1602.638427734375,1583.5325927734375,1593.5120849609375,4618768.0,1592.9000244140625,0.005712835360954127,0.0003842429138640746,0.0053285924470900525,2.8393897467185153e-05
2025-12-18,1610.5,1630.0,1606.699951171875,1626.800048828125,6577293.0,1603.099853515625,1620.1259765625,1595.763427734375,1611.640380859375,6091664.0,1602.0,0.015480679667993158,0.006017715892244091,0.009462963775749067,8.954768342113903e-05
2025-12-19,1650.0,1654.9000244140625,1629.800048828125,1638.699951171875,13149023.0,1619.42138671875,1632.7139892578125,1609.24072265625,1622.0155029296875,5088563.5,1626.800048828125,0.007314913933228695,-0.002941078039605416,0.010255991972834111,0.00010518537134683772
2025-12-22,1664.0,1693.199951171875,1664.0,1689.5999755859375,23098923.0,1644.04736328125,1657.7711181640625,1632.8892822265625,1647.4053955078125,6446855.0,1638.699951171875,0.031061222878332684,0.005312408979881944,0.02574881389845074,0.0006630014171770499
2025-12-23,1679.0,1679.0,1656.4000244140625,1668.300048828125,6593060.0,1680.767578125,1685.890625,1661.0108642578125,1669.2581787109375,7824092.5,1689.5999755859375,-0.01260649092423538,-0.012039415938051024,-0.0005670749861843571,3.2157403995598883e-07
2025-12-24,1661.0,1667.5999755859375,1652.5,1663.4000244140625,4271167.0,1655.2860107421875,1667.0338134765625,1644.615478515625,1659.656005859375,6251632.0,1668.300048828125,-0.0029371361689429776,-0.005181347908502332,0.002244211739559354,5.036486331976022e-06
2025-12-26,1663.4000244140625,1668.800048828125,1651.699951171875,1656.0999755859375,2006491.0,1648.0595703125,1661.872802734375,1639.6136474609375,1655.54248046875,5849938.0,1663.4000244140625,-0.004388630949248906,-0.004723784916427665,0.00033515396717875845,1.123281817156603e-07
2025-12-29,1658.0,1673.0999755859375,1637.0999755859375,1644.699951171875,4062817.0,1672.118896484375,1680.50390625,1658.5452880859375,1669.7623291015625,6067354.0,1656.0999755859375,-0.006883657135511423,0.008249715426021487,-0.01513337256153291,0.00022901896508615714
2025-12-30,1647.0,1647.9000244140625,1616.800048828125,1621.5999755859375,9395937.0,1659.848876953125,1666.5408935546875,1648.07470703125,1658.6890869140625,4381728.0,1644.699951171875,-0.014045100183458059,0.008505585308870467,-0.022550685492328526,0.0005085334161739162
2025-12-31,1621.0,1628.5999755859375,1609.199951171875,1615.4000244140625,6538656.0,1628.681884765625,1642.1453857421875,1620.604736328125,1633.7747802734375,5130005.0,1621.5999755859375,-0.003823354258274958,0.007507896442278117,-0.011331250700553075,0.00012839724243878455
2026-01-01,1615.4000244140625,1639.5999755859375,1614.0999755859375,1629.800048828125,3658165.0,1612.51611328125,1622.88818359375,1604.165283203125,1615.7236328125,4671730.5,1615.4000244140625,0.008914215795734926,0.0002003270976518312,0.008713888698083094,7.593185624258029e-05
2026-01-02,1635.9000244140625,1643.5,1627.5,1640.4000244140625,2524526.0,1631.232177734375,1644.885498046875,1623.12744140625,1637.688232421875,5073807.5,1629.800048828125,0.006503850330326744,0.004839970154266293,0.0016638801760604505,2.7684972402869557e-06
2026-01-05,1637.0,1637.0,1583.0999755859375,1606.4000244140625,5917885.0,1631.146728515625,1638.694091796875,1619.4732666015625,1628.90771484375,4239129.0,1640.4000244140625,-0.02072665172761412,-0.007005797000288028,-0.013720854727326093,0.00018826185444838678
2026-01-06,1600.0999755859375,1619.9000244140625,1599.0,1612.199951171875,4466729.0,1607.6644287109375,1624.25732421875,1601.3677978515625,1617.94677734375,4557954.0,1606.4000244140625,0.0036105121200604717,0.007187968596987115,-0.0035774564769266437,1.2798194844304394e-05
2026-01-07,1615.0,1642.0,1615.0,1639.0,4508079.0,1607.03759765625,1615.2142333984375,1597.352294921875,1607.1689453125,3970260.75,1612.199951171875,0.016623278526118668,-0.0031205843020389867,0.019743862828157654,0.00038982011937710556
2026-01-08,1638.9000244140625,1644.300048828125,1608.5999755859375,1613.300048828125,3942131.0,1627.9537353515625,1636.0177001953125,1615.61279296875,1625.6011962890625,4242532.0,1639.0,-0.015680263070088518,-0.008174987010944212,-0.007505276059144306,5.632916872396468e-05
2026-01-09,1610.0,1631.300048828125,1607.0,1614.0999755859375,6816681.0,1619.9677734375,1630.8795166015625,1611.2252197265625,1623.2357177734375,4124805.25,1613.300048828125,0.0004958326000135127,0.0061585995441639785,-0.005662766944150466,3.2066929463763206e-05
2026-01-12,1610.0999755859375,1613.300048828125,1592.5999755859375,1595.9000244140625,6985362.0,1614.9530029296875,1622.198974609375,1604.79443359375,1613.74658203125,4115720.25,1614.0999755859375,-0.011275603399515721,-0.00021894155258828096,-0.01105666184692744,0.00012224977119730093
2026-01-13,1618.0,1618.0,1586.4000244140625,1599.0,8080618.0,1606.4212646484375,1623.4141845703125,1599.459228515625,1616.262939453125,4630298.5,1595.9000244140625,0.0019424622711410322,0.012759517969516132,-0.0108170556983751,0.00011700869398174923
2026-01-14,1588.0,1617.0,1583.0999755859375,1599.800048828125,7557157.0,1607.4727783203125,1622.314697265625,1599.9312744140625,1614.9764404296875,4692203.0,1599.0,0.0005003432320982437,0.009991519968534979,-0.009491176736436735,9.008243584227787e-05
2026-01-15,1599.800048828125,1599.800048828125,1599.800048828125,1599.800048828125,0.0,1599.6903076171875,1608.913818359375,1589.5689697265625,1601.155517578125,5360321.0,1599.800048828125,0.0,0.0008472738521247969,-0.0008472738521247969,7.178729804943921e-07
2026-01-16,1663.699951171875,1694.0,1653.4000244140625,1689.800048828125,19335957.0,1596.8946533203125,1605.5565185546875,1588.327880859375,1598.047119140625,3809000.5,1599.800048828125,0.05625703041197316,-0.0010957179859970578,0.05735274839797022,0.0032893377488008757
2026-01-19,1685.0,1685.0,1666.5,1681.199951171875,5104958.0,1683.58154296875,1689.1800537109375,1666.1861572265625,1676.02734375,6347368.5,1689.800048828125,-0.0050894173320767955,-0.008150493952036708,0.0030610766199599126,9.370190073265204e-06
2026-01-20,1673.0,1680.199951171875,1652.9000244140625,1658.9000244140625,6406503.0,1673.0721435546875,1687.392578125,1663.5030517578125,1679.780517578125,5510396.0,1681.199951171875,-0.013264291818631313,-0.000844297903268787,-0.012419993915362526,0.00015425624885764217
2026-01-21,1651.0,1657.0,1631.199951171875,1654.4000244140625,6224582.0,1667.1182861328125,1678.0472412109375,1656.5452880859375,1668.89013671875,5165632.5,1658.9000244140625,-0.0027126408667028645,0.00602213042236599,-0.008734771289068854,7.629622947234158e-05
2026-01-22,1666.0,1671.199951171875,1653.800048828125,1663.5,6228892.0,1648.7738037109375,1659.389892578125,1639.916015625,1650.979736328125,4303564.5,1654.4000244140625,0.005500468720774032,-0.002067388802867609,0.007567857523641641,5.727246749813939e-05
2026-01-23,1667.199951171875,1675.699951171875,1662.199951171875,1670.800048828125,5869137.0,1656.787841796875,1665.673828125,1645.6474609375,1655.80322265625,4181323.75,1663.5,0.004388367194544607,-0.004626857435377163,0.00901522462992177,8.127427512794811e-05
2026-01-27,1685.800048828125,1689.4000244140625,1661.0999755859375,1682.699951171875,10673087.0,1665.1614990234375,1671.593994140625,1650.2242431640625,1658.796875,4011600.25,1670.800048828125,0.0071222779482778,-0.007184087549281459,0.014306365497559259,0.00020467209374975398
2026-01-28,1680.0,1688.800048828125,1650.0,1666.5,8588664.0,1668.525390625,1675.68310546875,1654.799072265625,1664.552978515625,4572646.0,1682.699951171875,-0.009627355822167227,-0.01078443761979786,0.0011570817976306325,1.3388382864081358e-06
2026-01-29,1658.0,1666.5,1642.0999755859375,1659.5,4749582.0,1663.2010498046875,1678.591552734375,1654.782958984375,1670.58251953125,6344803.5,1666.5,-0.00420042004200416,0.0024497566944194915,-0.006650176736423652,4.422485062567033e-05
2026-01-30,1655.0,1655.0,1618.0999755859375,1641.0,9207926.0,1647.022216796875,1656.970458984375,1637.700439453125,1650.1317138671875,5014891.0,1659.5,-0.01114793612533893,-0.005645246238513146,-0.0055026898868257845,3.0279595990574766e-05
2026-02-02,1662.0,1662.0,1618.0,1629.4000244140625,6784887.0,1630.6622314453125,1639.6531982421875,1618.369384765625,1631.9716796875,5770522.0,1641.0,-0.0070688455733927125,-0.0055017186547836605,-0.001567126918609052,2.455886779029102e-06
2026-02-03,1727.199951171875,1728.0,1653.0,1656.0,8805868.0,1634.8453369140625,1640.468017578125,1620.3558349609375,1631.6719970703125,5669448.0,1629.4000244140625,0.01632501238945472,0.0013943614963838336,0.014930650893070885,0.0002229243360907584
2026-02-04,1574.0,1584.9000244140625,1510.0999755859375,1535.800048828125,28828622.0,1675.72998046875,1684.44677734375,1657.1395263671875,1670.099365234375,5687347.0,1656.0,-0.07258451157721924,0.00851410944104769,-0.08109862101826693,0.006576986331064486
2026-02-05,1534.0,1551.0,1515.699951171875,1520.199951171875,10628127.0,1508.9691162109375,1562.6593017578125,1502.2457275390625,1554.4305419921875,13422712.0,1535.800048828125,-0.010157635864221692,0.012130806466817301,-0.022288442331038993,0.0004967746615440509
2026-02-06,1522.0999755859375,1525.0,1480.0,1507.0999755859375,13900866.0,1512.2701416015625,1533.681884765625,1496.126220703125,1523.643310546875,8832852.0,1520.199951171875,-0.008617271416065497,0.0022650700470985274,-0.010882341463164025,0.00011842535572089892
2026-02-09,1522.0999755859375,1528.0,1493.0,1497.199951171875,8294615.0,1493.1400146484375,1511.1666259765625,1482.03857421875,1500.4117431640625,8949530.0,1507.0999755859375,-0.006568923478492916,-0.00443781602429838,-0.0021311074541945363,4.5416189813235174e-06
2026-02-10,1500.0,1515.9000244140625,1491.0,1497.800048828125,8657000.0,1501.4478759765625,1511.370849609375,1490.2371826171875,1499.469970703125,6095202.0,1497.199951171875,0.0004008133020445559,0.001516176599841046,-0.00111536329779649,1.2440352860714616e-06
2026-02-11,1501.199951171875,1505.9000244140625,1469.0,1471.9000244140625,7934411.0,1506.68994140625,1518.20263671875,1497.33447265625,1508.5274658203125,6300601.5,1497.800048828125,-0.017292044044414756,0.00716211553109547,-0.024454159575510226,0.0005980059205445185
2026-02-12,1428.9000244140625,1435.699951171875,1380.5,1386.0,26048896.0,1478.6175537109375,1489.0391845703125,1468.5726318359375,1475.385498046875,7345698.5,1471.9000244140625,-0.05835995854966969,0.0023680097662883703,-0.06072796831595806,0.003687886135784006
2026-02-13,1293.9000244140625,1377.300048828125,1281.5,1369.0999755859375,45785709.0,1413.722900390625,1430.5211181640625,1403.813720703125,1414.9290771484375,6351529.5,1386.0,-0.012193379808125848,0.020872350034947695,-0.033065729843073544,0.0010933424900551243
2026-02-16,1373.699951171875,1376.0,1338.300048828125,1365.5999755859375,14621891.0,1380.40380859375,1409.329345703125,1373.682373046875,1395.8408203125,6856720.0,1369.0999755859375,-0.0025564239737145833,0.019531696153247013,-0.022088120126961597,0.00048788505074308597
2026-02-17,1370.0,1431.0,1367.0,1391.199951171875,25347684.0,1362.217529296875,1374.0838623046875,1343.189453125,1353.7618408203125,8038068.5,1365.5999755859375,0.01874632106298435,-0.008668815888449033,0.027415136951433383,0.0007515897340658481
2026-02-18,1390.9000244140625,1401.0,1345.300048828125,1373.699951171875,20241373.0,1419.7464599609375,1443.887939453125,1404.2357177734375,1426.22216796875,14346192.0,1391.199951171875,-0.012579068871630517,0.02517410726428948,-0.03775317613592,0.001425302308349799
2026-02-19,1385.0,1402.0,1363.199951171875,1370.5,14574228.0,1377.8009033203125,1405.098388671875,1369.2449951171875,1390.52587890625,12845458.0,1373.699951171875,-0.002329439677962508,0.012248619300030628,-0.014578058977993136,0.00021251980356584626
2026-02-20,1359.199951171875,1365.0,1338.199951171875,1353.199951171875,12633552.0,1378.8990478515625,1406.479248046875,1368.2431640625,1391.088134765625,14067412.0,1370.5,-0.012623165872400532,0.015022352984768395,-0.027645518857168927,0.0007642747128820827
2026-02-23,1352.0,1352.0,1318.0,1327.5,12887826.0,1352.731689453125,1403.273193359375,1320.5205078125,1381.4056396484375,16905722.0,1353.199951171875,-0.018991983519966005,0.02084369604960168,-0.039835679569567684,0.0015868813667692721
2026-02-24,1301.0,1303.5999755859375,1264.0999755859375,1275.5,27839061.0,1330.4326171875,1375.7222900390625,1323.0140380859375,1361.8739013671875,14042355.0,1327.5,-0.03917137476459509,0.02589371101106397,-0.06506508577565906,0.004233465386993871
2026-02-25,1286.199951171875,1323.5999755859375,1286.199951171875,1290.0999755859375,16669618.0,1280.3642578125,1314.7900390625,1274.935546875,1300.491943359375,14866475.0,1275.5,0.011446472431154486,0.019593840344472646,-0.00814736791331816,6.63796039149663e-05
2026-02-26,1305.5,1314.0,1286.300048828125,1289.0999755859375,11493914.0,1314.31787109375,1352.4818115234375,1303.1693115234375,1335.7862548828125,19259248.0,1290.0999755859375,-0.0007751337252338564,0.03541297586345982,-0.03618810958869367,0.001309579275603303
2026-02-27,1326.300048828125,1335.0,1294.199951171875,1300.0999755859375,23141724.0,1300.622802734375,1331.01123046875,1293.068359375,1317.175048828125,11676190.0,1289.0999755859375,0.008533085259737172,0.021778817604450218,-0.013245732344713046,0.00017544942534777737
2026-03-02,1291.0,1298.800048828125,1273.0,1288.9000244140625,9700361.0,1310.45361328125,1329.6025390625,1298.169189453125,1312.4395751953125,10352275.0,1300.0999755859375,-0.008614684549030471,0.009491269780090406,-0.018105954329120877,0.000327825582168211
2026-03-04,1292.0,1317.0,1292.0,1307.4000244140625,15154950.0,1286.939208984375,1311.299560546875,1278.7032470703125,1297.4737548828125,9230823.0,1288.9000244140625,0.01435332426842817,0.0066519747896254255,0.007701349478802744,5.931078379465529e-05
2026-03-05,1320.0,1320.0,1290.0999755859375,1305.800048828125,10362147.0,1318.86279296875,1338.4185791015625,1309.0164794921875,1323.25439453125,8877199.0,1307.4000244140625,-0.0012237842711182445,0.012126640524037668,-0.013350424795155913,0.0001782338422111138
2026-03-06,1303.0,1327.199951171875,1303.0,1308.4000244140625,8724291.0,1312.4541015625,1326.137451171875,1298.796875,1307.91015625,9861214.0,1305.800048828125,0.0019910977858139667,0.001615949872086908,0.0003751479137270586,1.4073595717376457e-07
2026-03-09,1290.0,1318.0,1282.5,1315.0,10068514.0,1321.0743408203125,1347.24609375,1315.8631591796875,1334.9293212890625,9442925.0,1308.4000244140625,0.005044310197787727,0.020276136028720027,-0.0152318258309323,0.00023200851814385643
2026-03-10,1320.0,1321.0,1284.0999755859375,1295.5999755859375,9600171.0,1311.99267578125,1340.3299560546875,1307.76416015625,1329.28369140625,9282578.0,1315.0,-0.014752870276853569,0.010862122742395508,-0.025614993019249077,0.000656127867376179
2026-03-11,1288.0,1299.5,1271.300048828125,1276.300048828125,7868891.0,1299.666259765625,1330.796142578125,1293.8631591796875,1316.81298828125,11395368.0,1295.5999755859375,-0.014896516765588896,0.016373119091576793,-0.03126963585716569,0.0009777901266397422
2026-03-12,1272.5,1278.5999755859375,1258.0,1265.800048828125,7599940.0,1286.003173828125,1305.231201171875,1275.5716552734375,1289.72314453125,11423318.0,1276.300048828125,-0.00822690558512551,0.01051719438187737,-0.01874409996700288,0.0003513412835729974
2026-03-13,1251.0,1269.5999755859375,1242.5999755859375,1248.300048828125,7366098.0,1276.6397705078125,1315.003173828125,1272.11669921875,1301.015625,11213219.0,1265.800048828125,-0.013825248321171602,0.027820804877103145,-0.041646053198274746,0.0017343937469935303
2026-03-16,1240.199951171875,1254.300048828125,1224.199951171875,1249.800048828125,12314450.0,1239.6671142578125,1255.4366455078125,1229.7393798828125,1239.6005859375,8391489.0,1248.300048828125,0.0012016341755398674,-0.006969047945477369,0.008170682121017236,6.676004632271073e-05
2026-03-17,1245.0,1245.0,1215.0999755859375,1232.9000244140625,11223276.0,1252.3369140625,1272.3916015625,1244.6563720703125,1260.292236328125,9161174.0,1249.800048828125,-0.01352218255224813,0.008395092886928524,-0.021917275439176653,0.00048036696267673615
2026-03-18,1238.0,1290.800048828125,1234.9000244140625,1267.0999755859375,12365381.0,1240.7515869140625,1260.8509521484375,1233.1180419921875,1249.840087890625,9422479.0,1232.9000244140625,0.02773943587853256,0.013740013903084547,0.013999421975448012,0.0001959838156466567
2026-03-19,1244.199951171875,1255.0,1215.0999755859375,1220.800048828125,9156461.0,1269.737060546875,1277.092041015625,1248.7569580078125,1253.9505615234375,9518156.0,1267.0999755859375,-0.03654007390885028,-0.01037756634508602,-0.02616250756376426,0.0006844768020240221
2026-03-20,1242.0,1264.800048828125,1229.199951171875,1255.9000244140625,27299975.0,1239.9827880859375,1250.367431640625,1222.09326171875,1230.470947265625,8523153.0,1220.800048828125,0.02875161712160046,0.007921771011381695,0.020829846110218764,0.0004338824889753958
2026-03-23,1238.199951171875,1261.0999755859375,1227.4000244140625,1256.800048828125,12420293.0,1267.600830078125,1293.076416015625,1257.7301025390625,1276.3460693359375,12788054.0,1255.9000244140625,0.0007166369906572712,0.01627999404762659,-0.015563357056969318,0.00024221808288271669
2026-03-24,1269.0,1297.0,1251.0,1278.300048828125,13613495.0,1245.7772216796875,1279.4552001953125,1243.064453125,1269.873779296875,9969644.0,1256.800048828125,0.017106937591263804,0.010402394940181914,0.006704542651081891,4.495089216017619e-05
2026-03-25,1270.0,1290.5999755859375,1257.0999755859375,1279.0999755859375,10824030.0,1291.9649658203125,1315.205322265625,1268.8582763671875,1288.5888671875,13481473.0,1278.300048828125,0.0006257738615795816,0.008048828887089021,-0.00742305502550944,5.510174591174095e-05
2026-03-27,1285.199951171875,1294.800048828125,1263.199951171875,1269.699951171875,13092541.0,1282.876953125,1305.5367431640625,1275.5372314453125,1294.3985595703125,9548633.0,1279.0999755859375,-0.007348936434586784,0.011960428642309173,-0.019309365076895957,0.0003728515796728492
2026-03-30,1250.0,1265.5,1243.0,1250.5999755859375,14108486.0,1272.7764892578125,1291.1458740234375,1264.9351806640625,1279.57470703125,6563192.0,1269.699951171875,-0.015042904875525176,0.0077772357557870375,-0.022820140631312213,0.0005207588184328666
2026-04-01,1290.0,1303.0,1269.5,1275.699951171875,8137156.0,1268.989990234375,1299.490478515625,1253.5162353515625,1277.7509765625,13783005.0,1250.5999755859375,0.02007034709414368,0.02171038022277383,-0.0016400331286301473,2.6897086630043894e-06
2026-04-02,1260.0,1305.4000244140625,1259.800048828125,1300.800048828125,12873492.0,1283.272705078125,1297.4534912109375,1272.5272216796875,1282.4451904296875,6283662.5,1275.699951171875,0.019675549593925146,0.005287481003363181,0.014388068590561964,0.00020701651776671576
2026-04-06,1301.4000244140625,1320.0,1299.0,1306.199951171875,10208682.0,1294.7977294921875,1304.8612060546875,1276.279541015625,1284.179931640625,6718232.0,1300.800048828125,0.004151216283098114,-0.012776842376714947,0.01692805865981306,0.00028655916999007196
2026-04-07,1302.0,1345.0999755859375,1293.5,1339.4000244140625,15355792.0,1312.458740234375,1333.28173828125,1302.057373046875,1317.8720703125,11169993.0,1306.199951171875,0.02541729787418956,0.008935935979903498,0.016481361894286062,0.00027163528989042465
2026-04-08,1349.0,1376.9000244140625,1331.0,1346.199951171875,16030133.0,1329.329345703125,1345.6544189453125,1314.5745849609375,1328.1407470703125,11644766.0,1339.4000244140625,0.005076845329151869,-0.008406209600209213,0.013483054929361082,0.00018179277022816818
2026-04-09,1329.9000244140625,1337.5,1314.0,1331.5999755859375,14894607.0,1337.551513671875,1351.704345703125,1320.2545166015625,1332.60693359375,11924477.0,1346.199951171875,-0.010845324703234516,-0.010097324373167793,-0.0007480003300667226,5.59504493779926e-07
2026-04-10,1318.0,1318.9000244140625,1283.300048828125,1292.5,19233369.0,1316.2808837890625,1326.48583984375,1295.645263671875,1307.080322265625,12408160.0,1331.5999755859375,-0.02936315432773462,-0.018413678108940568,-0.010949476218794052,0.0001198910294659365
2026-04-13,1272.0,1289.0,1265.699951171875,1276.800048828125,10366082.0,1267.4970703125,1287.6531982421875,1257.4464111328125,1273.00830078125,11485288.0,1292.5,-0.012146964156189544,-0.01508061835106378,0.0029336541948742356,8.6063269351032e-06
2026-04-15,1306.300048828125,1322.5,1300.5,1305.300048828125,12098912.0,1275.429443359375,1295.266357421875,1267.0078125,1281.3531494140625,8925140.0,1276.800048828125,0.022321427717799658,0.0035660247586271066,0.01875540295917255,0.0003517651401609385
2026-04-16,1322.0999755859375,1331.0,1309.0,1319.199951171875,18527029.0,1310.8948974609375,1329.4349365234375,1303.0908203125,1316.560546875,10215536.0,1305.300048828125,0.0106488177612718,0.008626750651686832,0.0020220671095849685,4.088755395665309e-06
2026-04-17,1313.0,1328.300048828125,1306.0999755859375,1318.699951171875,12064048.0,1324.2073974609375,1338.7833251953125,1312.03857421875,1323.4228515625,10565319.0,1319.199951171875,-0.0003790176004447865,0.0032011071459439044,-0.003580124746388691,1.2817293199704688e-05
2026-04-20,1320.0,1324.9000244140625,1308.0999755859375,1312.5999755859375,7172300.0,1322.9781494140625,1336.6434326171875,1312.8646240234375,1322.2691650390625,10517140.0,1318.699951171875,-0.004625749459167494,0.0027066156057833357,-0.00733236506495083,5.3763577445711385e-05
2026-04-21,1310.0,1325.0,1299.300048828125,1313.199951171875,10057440.0,1319.5628662109375,1335.6357421875,1310.783447265625,1322.1085205078125,9705316.0,1312.5999755859375,0.00045708943859290585,0.0072440538615967665,-0.006786964423003861,4.6062886079120125e-05
2026-04-22,1295.0,1297.699951171875,1255.9000244140625,1268.5999755859375,20088378.0,1312.5537109375,1329.1162109375,1301.95361328125,1315.217529296875,11623227.0,1313.199951171875,-0.033962821538439214,0.0015363830338248619,-0.035499204572264076,0.0012601935252634546
2026-04-23,1254.0,1265.699951171875,1226.0,1240.5999755859375,14792854.0,1266.564697265625,1287.399658203125,1259.25,1273.660888671875,7765947.0,1268.5999755859375,-0.02207157538929283,0.0039893687398189215,-0.02606094412911175,0.0006791728089006843
2026-04-24,1200.0,1223.9000244140625,1152.199951171875,1154.5999755859375,42078914.0,1236.6181640625,1263.7589111328125,1231.743896484375,1252.531005859375,7809633.0,1240.5999755859375,-0.06932129751121596,0.009617145339538169,-0.07893844285075413,0.006231277759701776
2026-04-27,1154.5999755859375,1179.9000244140625,1154.5,1170.300048828125,19579883.0,1198.493408203125,1218.4708251953125,1186.6378173828125,1195.84521484375,13631173.0,1154.5999755859375,0.013597846504560973,0.03572253605572895,-0.022124689551167975,0.0004895018877355614
2026-04-28,1162.699951171875,1169.4000244140625,1149.800048828125,1152.0999755859375,12720276.0,1176.2962646484375,1209.9954833984375,1169.8619384765625,1193.4674072265625,17724780.0,1170.300048828125,-0.015551629909280162,0.019796084279100956,-0.03534771418838112,0.0012494608983434799
2026-04-29,1158.5,1178.199951171875,1156.800048828125,1167.5,8303109.0,1150.432861328125,1168.92919921875,1142.4580078125,1151.8070068359375,12059490.0,1152.0999755859375,0.013366916708968946,-0.0002542910825521494,0.013621207791521095,0.000185537301699795
2026-04-30,1167.5,1189.800048828125,1159.5999755859375,1181.800048828125,12205669.0,1168.8525390625,1184.5220947265625,1158.4697265625,1166.194091796875,9490374.0,1167.5,0.012248435827087789,-0.001118550923447592,0.013366986750535381,0.00017867633478898842
2026-05-01,1181.800048828125,1181.800048828125,1181.800048828125,1181.800048828125,0.0,1172.5860595703125,1196.14404296875,1170.72998046875,1186.672119140625,11286185.0,1181.800048828125,0.0,0.004122584287698405,-0.004122584287698405,1.6995701209177768e-05
2026-05-04,1195.0,1195.0,1165.199951171875,1168.4000244140625,7735811.0,1166.4678955078125,1190.231201171875,1165.7689208984375,1178.4368896484375,4612610.0,1181.800048828125,-0.011338656168909389,-0.0028457937389851917,-0.008492862429924197,7.212871225361794e-05
2026-05-05,1169.5,1185.199951171875,1160.0999755859375,1178.0999755859375,8164108.0,1164.3642578125,1183.7642822265625,1161.5556640625,1171.6822509765625,5014278.5,1168.4000244140625,0.008301909422451015,0.0028091633806204275,0.005492746041830587,3.0170259080045585e-05
2026-05-06,1187.0,1191.5,1164.0999755859375,1167.199951171875,9856963.0,1173.30029296875,1196.4608154296875,1170.6356201171875,1187.1348876953125,6275246.5,1178.0999755859375,-0.009252206637761162,0.007669053812586091,-0.016921260450347253,0.0002863290552284861
2026-05-07,1173.0,1175.4000244140625,1159.199951171875,1162.699951171875,12013987.0,1179.589599609375,1196.22021484375,1173.5152587890625,1184.15966796875,6791984.5,1167.199951171875,-0.0038553805588168455,0.014530258315935907,-0.018385638874752752,0.00033803171683281964
2026-05-08,1161.0,1183.5,1158.800048828125,1179.199951171875,7582770.0,1160.508544921875,1182.031005859375,1158.094970703125,1173.0087890625,7009046.5,1162.699951171875,0.014191107502300904,0.008866292529069675,0.005324814973231229,2.8353654499147493e-05
2026-05-11,1176.0,1187.0,1172.0999755859375,1177.0,7336288.0,1173.9512939453125,1190.08544921875,1168.97998046875,1179.265380859375,6478083.0,1179.199951171875,-0.0018656303112026817,5.5486507979374267e-05,-0.001921116819182056,3.6906898329441805e-06
2026-05-12,1162.0,1162.0,1123.0,1140.300048828125,16891948.0,1176.8284912109375,1191.3212890625,1170.818115234375,1180.0721435546875,6218925.5,1177.0,-0.031180927078908294,0.0026101474551296633,-0.03379107453403796,0.0011418367181649086
2026-05-13,1136.5999755859375,1142.5999755859375,1121.0,1123.0999755859375,6664111.0,1154.488037109375,1175.3128662109375,1149.3558349609375,1165.185546875,7097356.5,1140.300048828125,-0.01508381347511456,0.02182364025367667,-0.03690745372879123,0.0013621601407428656
2026-05-14,1119.800048828125,1121.9000244140625,1089.0,1095.0,16914842.0,1125.607421875,1143.6533203125,1124.3251953125,1133.7816162109375,4794609.0,1123.0999755859375,-0.025020012640706635,0.009510854649807277,-0.03453086729051391,0.0011923807958350836
2026-05-15,1102.0,1133.199951171875,1101.5999755859375,1119.0,17482450.0,1094.761962890625,1132.294677734375,1091.530517578125,1124.9991455078125,7213631.0,1095.0,0.021917808219177992,0.0273964799158104,-0.005478671696632409,3.001584355948104e-05
2026-05-18,1119.0,1146.0999755859375,1118.0,1142.5,12096377.0,1134.808837890625,1149.2559814453125,1127.335205078125,1137.2601318359375,7433347.5,1119.0,0.021000893655049202,0.016318259013349046,0.004682634641700156,2.1927067187650353e-05
2026-05-19,1162.0,1198.4000244140625,1162.0,1196.9000244140625,32175705.0,1144.34716796875,1155.1796875,1136.7386474609375,1142.068603515625,7333769.5,1142.5,0.04761490101887311,-0.0003775899206783784,0.04799249093955149,0.002303279186582932
2026-05-20,1187.0,1206.9000244140625,1184.9000244140625,1193.699951171875,15121010.0,1195.514404296875,1217.5675048828125,1185.3673095703125,1203.2109375,13697852.0,1196.9000244140625,-0.0026736345366473735,0.005272715312230947,-0.00794634984887832,6.31444759207685e-05
2026-05-21,1196.0999755859375,1201.800048828125,1177.0,1181.199951171875,10021033.0,1199.368896484375,1216.267822265625,1190.392333984375,1202.516845703125,11384576.0,1193.699951171875,-0.010471643219662097,0.007386189906931184,-0.01785783312659328,0.0003189022039772524
2026-05-22,1182.5,1191.800048828125,1172.5,1174.5,8803066.0,1176.4493408203125,1200.53125,1174.9476318359375,1192.966552734375,7617653.0,1181.199951171875,-0.0056721566617302654,0.00996156624526301,-0.015633722906993275,0.00024441329193264626
2026-05-25,1183.0,1185.0,1166.0999755859375,1168.5,5856136.0,1163.72900390625,1182.1795654296875,1161.532470703125,1174.083251953125,4450346.5,1174.5,-0.005108556832694733,-0.0003548301803959486,-0.004753726652298784,2.2597917084775807e-05
2026-05-26,1166.300048828125,1180.699951171875,1162.9000244140625,1167.699951171875,8005767.0,1161.7593994140625,1191.253662109375,1160.0390625,1184.06005859375,7017543.0,1168.5,-0.0006846802123449125,0.013316267517115898,-0.014000947729460811,0.00019602653732309384
2026-05-27,1161.0,1167.300048828125,1155.0,1159.9000244140625,6371871.0,1160.7587890625,1174.949951171875,1144.49072265625,1152.146240234375,6702475.5,1167.699951171875,-0.006679735449149127,-0.0133199551150881,0.006640219665938973,4.409251721192269e-05
2026-05-28,1159.9000244140625,1159.9000244140625,1159.9000244140625,1159.9000244140625,0.0,1156.471923828125,1164.612060546875,1149.3172607421875,1152.4339599609375,6467849.5,1159.9000244140625,0.0,-0.006436817222153723,0.006436817222153723,4.143261595141478e-05
2026-05-29,1182.0,1210.0,1153.5999755859375,1160.9000244140625,69085430.0,1158.2064208984375,1165.601806640625,1148.3536376953125,1151.666748046875,5634141.5,1159.9000244140625,0.0008621432700677278,-0.007098263810578542,0.00796040708064627,6.336808088960328e-05
2026-06-01,1175.0,1217.0,1173.699951171875,1202.5,19439331.0,1181.1939697265625,1211.5709228515625,1177.15283203125,1203.1578369140625,14342514.0,1160.9000244140625,0.03583424473346364,0.03640090585864941,-0.0005666611251857745,3.21104830796808e-07
2026-06-02,1232.5,1278.9000244140625,1232.5,1270.800048828125,36032600.0,1165.6055908203125,1190.3145751953125,1159.0352783203125,1179.0111083984375,15714460.0,1202.5,0.05679837740384608,-0.019533381789241133,0.07633175919308721,0.005826537461511454
2026-06-03,1242.0999755859375,1249.9000244140625,1216.0,1222.5999755859375,18534303.0,1244.96484375,1259.756591796875,1221.3194580078125,1236.8134765625,15076916.0,1270.800048828125,-0.037928919885260814,-0.026744232735091522,-0.011184687150169292,0.0001250972266471621
2026-06-04,1208.0,1215.199951171875,1196.199951171875,1201.300048828125,12755957.0,1212.5166015625,1237.380859375,1205.80615234375,1224.521240234375,12489408.0,1222.5999755859375,-0.017421828221127145,0.001571458111240931,-0.018993286332368076,0.00036074492570331996
2026-06-05,1220.0,1223.800048828125,1194.300048828125,1197.5,8692290.0,1211.1842041015625,1232.026123046875,1206.478759765625,1221.00634765625,11907324.0,1201.300048828125,-0.0031632803410205357,0.016404143866762144,-0.01956742420778268,0.0003828840901273196
2026-06-08,1177.5,1200.699951171875,1176.5,1187.5999755859375,8631711.0,1202.348388671875,1213.46923828125,1193.9609375,1199.6138916015625,8959218.0,1197.5,-0.008267243769571997,0.0017652539470249806,-0.010032497716596978,0.00010065101043352357
2026-06-09,1193.5999755859375,1193.5999755859375,1167.300048828125,1180.300048828125,10984054.0,1184.6907958984375,1199.30322265625,1181.22119140625,1189.654541015625,7667637.5,1187.5999755859375,-0.006146789245436657,0.001730014711960326,-0.007876803957396983,6.204404058326477e-05
2026-06-10,1160.0999755859375,1171.4000244140625,1143.300048828125,1145.300048828125,8887626.0,1180.061767578125,1195.904052734375,1175.4605712890625,1185.381591796875,9311964.0,1180.300048828125,-0.02965347670259788,0.004305297601059355,-0.033958774303657235,0.001153198352206731
2026-06-11,1129.699951171875,1133.699951171875,1109.0,1114.5999755859375,9372176.0,1140.2138671875,1152.971923828125,1132.101318359375,1137.861083984375,7242471.0,1145.300048828125,-0.02680526668413219,-0.006495210448442368,-0.020310056235689822,0.000412498384296883
2026-06-12,1120.0,1123.300048828125,1111.5,1116.4000244140625,8075333.0,1131.1192626953125,1144.7886962890625,1124.6527099609375,1131.082275390625,7111309.5,1114.5999755859375,0.0016149729656855794,0.014787636969059603,-0.013172664003374024,0.00017351907694578578
2026-06-15,1130.0,1151.0,1123.0,1134.9000244140625,7856192.0,1112.522705078125,1129.701904296875,1109.357177734375,1118.3424072265625,6778598.0,1116.4000244140625,0.016571121099455022,0.0017398627463480754,0.014831258353106946,0.00021996622433660456
2026-06-16,1136.9000244140625,1153.800048828125,1123.199951171875,1143.5999755859375,10456090.0,1145.512451171875,1160.8175048828125,1140.7283935546875,1149.9090576171875,5423462.0,1134.9000244140625,0.007665830456182077,0.01322498271235295,-0.005559152256170874,3.0904173807289715e-05
2026-06-17,1149.0,1162.5,1148.0,1157.699951171875,5995119.0,1166.92822265625,1178.0157470703125,1137.450927734375,1140.5428466796875,7802455.5,1143.5999755859375,0.012329464748994212,-0.0026732502374212652,0.015002714986415477,0.00022508145696361557
2026-06-18,1142.9000244140625,1142.9000244140625,1125.300048828125,1127.5,16781447.0,1148.964111328125,1164.7154541015625,1147.257080078125,1156.246826171875,6789523.0,1157.699951171875,-0.02608616433066724,-0.0012551827427556006,-0.024830981587911638,0.0006165776466192067
2026-06-19,1062.300048828125,1066.0,1030.0,1051.4000244140625,45665442.0,1115.1419677734375,1134.2442626953125,1098.5164794921875,1110.0672607421875,6923865.0,1127.5,-0.06749443510947895,-0.015461409541297155,-0.05203302556818179,0.00270743574977906
2026-06-22,1055.0,1080.300048828125,1055.0,1065.4000244140625,10178505.0,1054.564208984375,1089.1063232421875,1058.8695068359375,1081.3046875,14407899.0,1051.4000244140625,0.013315578918501547,0.028442707239428877,-0.01512712832092733,0.0002288300112378017
2026-06-23,1053.800048828125,1055.300048828125,1026.0,1029.300048828125,19323064.0,1052.4959716796875,1076.452880859375,1050.551513671875,1065.1419677734375,12878436.0,1065.4000244140625,-0.03388396354298129,-0.00024221572621696552,-0.03364174781676432,0.001131767196166767
2026-06-24,1040.9000244140625,1065.5,1037.699951171875,1056.5999755859375,12346266.0,1056.90576171875,1089.7481689453125,1042.677490234375,1068.0794677734375,18339604.0,1029.300048828125,0.026522807211457833,0.03767552424529996,-0.01115271703384213,0.0001243830972369524
2026-06-25,1065.0,1068.0,1039.0999755859375,1041.199951171875,15866779.0,1073.3665771484375,1083.7537841796875,1066.023193359375,1070.279052734375,7615857.0,1056.5999755859375,-0.014575075496781498,0.012946315980039369,-0.027521391476820867,0.0007574269888204283
2026-06-26,1041.199951171875,1041.199951171875,1041.199951171875,1041.199951171875,0.0,1053.35498046875,1072.941650390625,1049.611328125,1062.8455810546875,10618941.0,1041.199951171875,0.0,0.020789119187385907,-0.020789119187385907,0.00043218747658733687
2026-06-29,1037.0999755859375,1046.5999755859375,1029.0999755859375,1036.699951171875,15080892.0,1007.6304931640625,1116.6116943359375,920.945556640625,1104.207763671875,21288744.0,1041.199951171875,-0.004321936430111473,0.060514613383418236,-0.06483654981352971,0.0042037781917223195
2026-06-30,1030.0,1030.4000244140625,996.0,1000.4000244140625,24128263.0,1045.8193359375,1070.515869140625,1032.1712646484375,1049.5516357421875,17787886.0,1036.699951171875,-0.03501488228756977,0.012396725355089622,-0.04741160764265939,0.0022478605392614783
2026-07-01,1006.0,1014.0,982.4000244140625,985.2999877929688,13037982.0,1007.865478515625,1028.280029296875,1001.737548828125,1012.9053955078125,16982928.0,1000.4000244140625,-0.015093998653126661,0.012500370640309066,-0.027594369293435728,0.0007614492167025086
2026-07-02,1006.4000244140625,1045.0,1006.0,1040.9000244140625,18741111.0,990.4257202148438,1007.041748046875,992.0650634765625,996.7963256835938,5694166.5,985.2999877929688,0.05642955172021824,0.011667855509037706,0.044761696211180535,0.002003609447702014
2026-07-03,1063.0,1068.699951171875,1042.0,1047.199951171875,11653534.0,1031.57177734375,1052.03076171875,1021.2871704101562,1038.176025390625,17225972.0,1040.9000244140625,0.006052384100345032,-0.002616965087469225,0.008669349187814257,7.515761534025572e-05
2026-07-06,1050.0999755859375,1053.0,1033.0,1042.199951171875,5559747.0,1061.25146484375,1080.455810546875,1060.0457763671875,1070.9981689453125,7994438.5,1047.199951171875,-0.0047746373502067785,0.022725571889882223,-0.027500209240089002,0.0007562615082486765
2026-07-07,1040.5999755859375,1087.5,1040.5999755859375,1071.800048828125,18866296.0,1037.595947265625,1047.7662353515625,1032.0716552734375,1034.41845703125,6636801.5,1042.199951171875,0.02840155348593809,-0.007466411922083971,0.03586796540802206,0.0012865109425110673
2026-07-08,1071.9000244140625,1079.699951171875,1064.4000244140625,1069.300048828125,13022221.0,1076.874755859375,1092.784912109375,1071.203125,1079.8138427734375,12619320.0,1071.800048828125,-0.0023325246184989767,0.007476948666007788,-0.009809473284506764,9.622576611945193e-05
2026-07-09,1062.699951171875,1062.699951171875,1040.4000244140625,1050.800048828125,9003333.0,1077.3770751953125,1090.643310546875,1073.0986328125,1079.5992431640625,10121850.0,1069.300048828125,-0.017301037272255515,0.009631715950284114,-0.02693275322253963,0.0007253731961462188
2026-07-10,1075.0,1091.300048828125,1064.699951171875,1068.0,9747266.0,1047.7681884765625,1072.3284912109375,1051.89892578125,1068.6832275390625,7821077.0,1050.800048828125,0.01636843392903975,0.01701863140459614,-0.0006501974755563911,4.227567572199038e-07
2026-07-13,1057.0999755859375,1114.9000244140625,1057.0999755859375,1102.5999755859375,20994760.0,1063.8011474609375,1081.236083984375,1061.703125,1073.819580078125,6597951.0,1068.0,0.03239698088570919,0.005449045016971077,0.026947935868738115,0.0007261912475856223
2026-07-14,1107.800048828125,1113.5,1090.0,1092.9000244140625,14819413.0,1081.0570068359375,1096.4072265625,1072.2923583984375,1081.156494140625,15356587.0,1102.5999755859375,-0.00879734390227993,-0.019448106221766515,0.010650762319486584,0.00011343873798619525
2026-07-15,1079.0,1088.0999755859375,1073.0,1076.300048828125,8501933.0,1081.3494873046875,1092.661865234375,1077.345458984375,1082.8612060546875,8897336.0,1092.9000244140625,-0.015188924160594919,-0.009185486444432178,-0.006003437716162741,3.60412644118453e-05
2026-07-16,1082.5,1097.300048828125,1077.9000244140625,1082.4000244140625,8592146.0,1056.7120361328125,1070.7401123046875,1040.4697265625,1047.7303466796875,7283215.5,1076.300048828125,0.0056675418649094755,-0.02654436574591279,0.032211907610822266,0.0010376069919281494
2026-07-17,1105.0,1116.800048828125,1092.0,1096.5,12547728.0,1072.3468017578125,1086.279296875,1072.4356689453125,1079.6929931640625,7889094.5,1082.4000244140625,0.013026584689491472,-0.002500952687492175,0.015527537376983647,0.0002411044169936242
2026-07-20,1102.0,1103.800048828125,1083.199951171875,1087.0999755859375,6372645.0,1096.1766357421875,1112.1900634765625,1095.2275390625,1104.74072265625,10005644.0,1096.5,-0.008572753683595558,0.007515478938668441,-0.016088232622263998,0.0002588312289080795
2026-07-21,1080.0,1094.5,1067.199951171875,1073.5,9485229.0,1086.597412109375,1098.7095947265625,1084.694091796875,1090.2796630859375,9135498.0,1087.0999755859375,-0.012510326456963816,0.002924926475401879,-0.015435252932365695,0.0002382470330861038
2026-07-22,1064.0,1069.300048828125,1046.199951171875,1052.0999755859375,7517203.0,1069.2412109375,1082.5750732421875,1056.851806640625,1062.493408203125,7046007.0,1073.5,-0.019934815476537082,-0.010252996550419224,-0.009681818926117858,9.373761771813396e-05
2026-07-23,1046.9000244140625,1058.5,1032.0,1047.4000244140625,13794578.0,1042.939208984375,1055.301025390625,1043.76220703125,1049.013916015625,6952276.0,1052.0999755859375,-0.004467209657768034,-0.0029332379449907853,-0.001533971712777249,2.353069215600767e-06
2026-07-24,1028.0,1043.4000244140625,1013.9000244140625,1040.9000244140625,29036900.0,1036.6766357421875,1048.235107421875,1036.2955322265625,1041.9627685546875,7660090.5,1047.4000244140625,-0.006205842895255054,-0.005191193176090181,-0.001014649719164873,1.0295140526013555e-06
2026-07-27,1065.0,1082.0,1057.4000244140625,1079.199951171875,15956349.0,1048.576904296875,1075.53955078125,1049.3406982421875,1068.9923095703125,13429325.0,1040.9000244140625,0.03679500995244189,0.026988456621531487,0.009806553330910406,9.616848823198997e-05
2026-07-28,1097.0,1118.5,1097.0,1105.699951171875,28100895.0,1083.52880859375,1099.5535888671875,1080.58740234375,1090.7869873046875,10587254.0,1079.199951171875,0.0245552272043974,0.010736690749689526,0.013818536454707875,0.00019095194975009047
2026-07-29,1147.0,1164.5,1128.4000244140625,1155.5999755859375,34400369.0,1118.1383056640625,1125.387939453125,1104.85205078125,1110.2489013671875,11108419.0,1105.699951171875,0.045129806111663395,0.0041140909796471,0.041015715132016295,0.0016822888877907104
2026-07-30,1168.0,1187.699951171875,1151.300048828125,1155.0999755859375,22630218.0,1146.0660400390625,1158.74853515625,1130.836181640625,1143.290283203125,15218846.0,1155.5999755859375,-0.00043267567546156904,-0.01065220893291463,0.010219533257453062,0.00010443886000018919
2026-07-31,1118.9000244140625,1139.300048828125,1107.199951171875,1130.0999755859375,14367075.0,1160.3985595703125,1167.9510498046875,1146.730712890625,1154.70166015625,12426983.0,1155.0999755859375,-0.0216431482368602,-0.00034483199559021127,-0.021298316241269988,0.00045361827471314495
2026-08-03,1145.0999755859375,1180.0,1138.0999755859375,1180.0,8582270.0,1125.6778564453125,1136.23828125,1119.7645263671875,1128.5872802734375,9119236.0,1130.0999755859375,0.04415540703661214,-0.0013385499913100007,0.04549395702792214,0.002069700126058426
2026-08-04,1168.0,1175.699951171875,1153.300048828125,1167.5,9243589.0,1181.3447265625,1193.6092529296875,1174.630859375,1185.50390625,9018469.0,1180.0,-0.010593220338983023,0.004664327330508478,-0.0152575476694915,0.0002327927608868055
2026-08-05,1174.699951171875,1177.5,1162.300048828125,1174.0,9964155.0,1167.267333984375,1179.64599609375,1168.5614013671875,1175.3740234375,9785122.0,1167.5,0.005567451820128522,0.006744345556745079,-0.0011768937366165577,1.3850788672872835e-06
2026-08-06,1174.0999755859375,1185.800048828125,1163.0,1165.0,8521064.0,1180.7813720703125,1191.62060546875,1177.23388671875,1183.45654296875,7765213.0,1174.0,-0.0076660988074956915,0.008054976975085282,-0.015721075782580973,0.00024715222376165395
2026-08-07,1160.0,1183.0,1155.5999755859375,1175.0999755859375,7581410.0,1174.2982177734375,1186.1612548828125,1171.4696044921875,1178.2135009765625,7679382.5,1165.0,0.008669506940718774,0.01134206092408796,-0.002672553983369186,7.1425447940225026e-06
2026-08-10,1178.0999755859375,1195.0,1175.199951171875,1183.0,9377001.0,1174.9857177734375,1203.4971923828125,1173.484130859375,1198.083984375,13540092.0,1175.0999755859375,0.006722853015228125,0.019559194337998465,-0.01283634132277034,0.00016477165855466138
2026-08-11,1188.0,1193.5,1182.0,1190.699951171875,10160091.0,1182.0531005859375,1193.9063720703125,1178.7017822265625,1188.0040283203125,8594833.0,1183.0,0.006508834464814095,0.004229947861633665,0.00227888660318043,5.193324150155239e-06
2026-08-12,1185.5999755859375,1190.4000244140625,1163.300048828125,1176.0999755859375,7529777.0,1182.018310546875,1194.6678466796875,1179.16357421875,1189.0469970703125,8746396.0,1190.699951171875,-0.012261674800245315,-0.001388220516794103,-0.010873454283451212,0.0001182320080543035
2026-08-13,1170.0,1175.0,1157.0,1175.0,6234215.0,1176.1435546875,1191.1041259765625,1174.87158203125,1186.2406005859375,8382366.5,1176.0999755859375,-0.0009352738787273829,0.008622247436871122,-0.009557521315598505,9.134621369811978e-05
2026-08-14,1170.4000244140625,1174.0999755859375,1158.9000244140625,1169.199951171875,5844763.0,1176.554443359375,1187.4906005859375,1174.2271728515625,1179.937744140625,6681352.5,1175.0,-0.004936211768617027,0.004202335438829863,-0.00913854720744689,8.351304506273535e-05
2026-08-17,1163.9000244140625,1166.5,1129.699951171875,1139.9000244140625,5817153.0,1171.3385009765625,1186.79150390625,1170.316650390625,1182.366455078125,8113445.0,1169.199951171875,-0.025059808400133443,0.01126112252489686,-0.036320930925030304,0.0013192100232608227
2026-08-18,1124.5,1131.9000244140625,1112.5,1115.0,8851110.0,1143.8831787109375,1154.1361083984375,1140.5791015625,1147.8314208984375,3314809.0,1139.9000244140625,-0.02184404235525983,0.00695797553689137,-0.0288020178921512,0.0008295562346597978
2026-08-19,1125.5999755859375,1134.699951171875,1113.800048828125,1119.800048828125,8408573.0,1118.6395263671875,1134.144287109375,1116.8359375,1128.0904541015625,5422178.5,1115.0,0.004304976527466309,0.011740317579876702,-0.0074353410524103936,5.52842965656593e-05
2026-08-20,1143.0,1144.699951171875,1125.699951171875,1130.0,8559841.0,1124.8819580078125,1134.3770751953125,1121.292236328125,1128.376953125,3586058.0,1119.800048828125,0.00910872542160468,0.007659317666444787,0.0014494077551598927,2.1007828407176396e-06
2026-08-21,1133.0,1133.5,1118.0,1121.0,6094967.0,1142.731689453125,1162.423095703125,1143.1923828125,1159.3646240234375,8458888.0,1130.0,-0.007964601769911539,0.02598639294109506,-0.0339509947110066,0.001152670041866798
2026-08-24,1126.5,1144.5,1122.0,1130.0,8565354.0,1119.199951171875,1125.1722412109375,1111.232666015625,1113.1197509765625,4791243.0,1121.0,0.00802854594112401,-0.007029660145796202,0.015058206086920212,0.0002267495705561609
2026-08-25,1132.0,1144.0,1119.9000244140625,1144.0,8121237.0,1142.8408203125,1156.5963134765625,1144.8162841796875,1152.5382080078125,8807385.0,1130.0,0.012389380530973382,0.019945316821073034,-0.007555936290099652,5.709217322004489e-05
2026-08-26,1142.0,1142.0,1118.300048828125,1120.0,6323984.0,1147.5865478515625,1153.594482421875,1148.1007080078125,1148.796142578125,7254287.5,1144.0,-0.020979020979020935,0.004192432323535833,-0.025171453302556768,0.000633602061362796
2026-08-27,1120.0,1130.699951171875,1107.199951171875,1110.800048828125,6933998.0,1123.365478515625,1133.877685546875,1119.182373046875,1125.6795654296875,4825630.0,1120.0,-0.008214242117745574,0.005071040562220963,-0.013285282679966537,0.00017649873588661884
2026-08-28,1123.5999755859375,1145.0,1123.300048828125,1144.0,9621969.0,1133.1021728515625,1141.8779296875,1133.0738525390625,1137.074951171875,6993447.5,1110.800048828125,0.02988832347180792,0.023654034199466878,0.006234289272341043,3.88663627312266e-05
2026-08-31,1138.5999755859375,1143.9000244140625,1111.0999755859375,1133.800048828125,8808120.0,1148.2596435546875,1162.969482421875,1146.2125244140625,1157.966552734375,8008750.5,1144.0,-0.008916041234156458,0.012208525117460622,-0.02112456635161708,0.00044624730354387253
2026-09-01,1128.0,1156.0,1125.5999755859375,1156.0,13516123.0,1140.703125,1148.8331298828125,1140.392822265625,1143.8138427734375,7292257.5,1133.800048828125,0.019580128960851928,0.008832063427464565,0.010748065533387363,0.00011552091270998938
2026-09-02,1137.699951171875,1147.800048828125,1118.5999755859375,1140.0,8564358.0,1155.8057861328125,1168.5870361328125,1151.8494873046875,1162.7755126953125,8662122.0,1156.0,-0.01384083044982698,0.005861170151654438,-0.019702000601481418,0.0003881688277007741
2026-09-03,1144.0,1144.0,1122.5,1130.300048828125,5786250.0,1127.814208984375,1137.5443115234375,1121.88427734375,1128.785400390625,5679457.0,1140.0,-0.008508729098135936,-0.009837368078399078,0.0013286389802631415,1.7652815398746806e-06
2026-09-04,1133.0,1146.699951171875,1125.4000244140625,1130.0,5880888.0,1131.691162109375,1138.69580078125,1123.23828125,1128.2166748046875,5064965.5,1130.300048828125,-0.00026545944896316787,-0.0018432044001037706,0.0015777449511406028,2.489279130849663e-06
