symbol,date,actual_open,actual_high,actual_low,actual_close,predicted_open,predicted_high,predicted_low,predicted_close,previous_actual_close,actual_return,predicted_return,return_error,absolute_return_error,direction_correct,validation_loss,training_time_seconds,prediction_time_seconds
GRASIM,2023-07-03,1715.3066724784499,1762.355001419707,1701.6822160091335,1758.1402587890625,1702.7747802734375,1708.9866943359375,1689.9100341796875,1697.1302490234375,1700.260986328125,0.03404140477629454,-0.0018413274961090675,-0.03588273227240361,0.03588273227240361,False,12.099263191223145,8.844670926016988,0.03442319101304747
GRASIM,2023-07-04,1764.3152673785546,1769.2160493562264,1723.8339937884473,1734.4688720703125,1746.2738037109375,1758.539794921875,1728.8851318359375,1746.446044921875,1758.1402587890625,-0.013463878436555407,-0.00665146811167501,0.0068124103248803965,0.0068124103248803965,True,14.115303039550781,5.856004251982085,0.024646908015711233
GRASIM,2023-07-05,1734.9099958011445,1748.9265423514698,1728.685905312363,1742.6533203125,1739.0472412109375,1758.179443359375,1723.5333251953125,1736.9942626953125,1734.4688720703125,0.004718705751356785,0.0014560022757777258,-0.0032627034755790593,0.0032627034755790593,True,14.129140853881836,7.5476012699946295,0.03106453298823908
GRASIM,2023-07-06,1742.6535525811223,1748.4366611494024,1730.009324221685,1732.9989013671875,1749.1453857421875,1766.7950439453125,1728.2666015625,1739.2615966796875,1742.6533203125,-0.005540068602733462,-0.0019462985513402527,0.0035937700513932087,0.0035937700513932087,True,13.659915924072266,9.60085988001083,0.025370395014761016
GRASIM,2023-07-07,1732.998837864812,1735.5963234696846,1702.564422291724,1708.739501953125,1730.4649658203125,1754.233154296875,1712.8956298828125,1717.9293212890625,1732.9989013671875,-0.013998508247710898,-0.008695666261667213,0.005302841986043685,0.005302841986043685,True,14.766437530517578,2.3804393239843193,0.0249938270135317
GRASIM,2023-07-10,1720.0604196937545,1724.3731848784166,1698.8885650477416,1708.4453125,1707.7513427734375,1727.3905029296875,1697.5595703125,1712.6207275390625,1708.739501953125,-0.00017216752628983838,0.002271396887296851,0.0024435644135866897,0.0024435644135866897,False,15.248907089233398,2.805012783006532,0.03432458100724034
GRASIM,2023-07-11,1709.2294996261005,1738.781707462989,1709.2294996261005,1732.6556396484375,1714.59619140625,1715.2977294921875,1688.429443359375,1699.58935546875,1708.4453125,0.014170969928800398,-0.005183635066603866,-0.019354604995404263,0.019354604995404263,False,12.642061233520508,8.46735632099444,0.037441190012032166
GRASIM,2023-07-12,1732.6066398697417,1749.0246266541885,1722.2168182153287,1742.6043701171875,1738.5693359375,1747.932861328125,1713.0831298828125,1729.8427734375,1732.6556396484375,0.005741897143952179,-0.0016234421581360744,-0.007365339302088254,0.007365339302088254,False,12.160013198852539,7.64359858998796,0.03343496401794255
GRASIM,2023-07-13,1743.7316582447945,1748.534537797831,1718.7371520739994,1724.9122314453125,1746.1744384765625,1749.6358642578125,1705.948486328125,1716.665771484375,1742.6043701171875,-0.010152699588768523,-0.014884961312858505,-0.004732261724089982,0.004732261724089982,True,12.654035568237305,7.256966909015318,0.056068509991746396
GRASIM,2023-07-14,1727.6077716703671,1733.880874010638,1709.0825332144802,1718.443115234375,1727.3699951171875,1743.887939453125,1711.0653076171875,1719.8609619140625,1724.9122314453125,-0.0037504031179122635,-0.002928421191040843,0.0008219819268714206,0.0008219819268714206,True,11.95838737487793,9.206946696998784,0.0555626820132602
GRASIM,2023-07-17,1718.4429890609108,1759.414377163446,1713.9341783151972,1757.5030517578125,1720.619384765625,1725.48046875,1708.0758056640625,1715.2486572265625,1718.443115234375,0.02272983968870578,-0.001858925663289596,-0.024588765351995376,0.024588765351995376,False,12.794225692749023,8.964432026987197,0.025295544997788966
GRASIM,2023-07-18,1754.562449253996,1763.3350134400007,1732.802578768959,1739.85986328125,1755.679443359375,1773.5697021484375,1720.5146484375,1728.9144287109375,1757.5030517578125,-0.010038781132650783,-0.016266613601769477,-0.006227832469118694,0.006227832469118694,True,14.393209457397461,7.394950102025177,0.02494984699296765
GRASIM,2023-07-19,1736.9684486314513,1753.0923671587552,1735.596248807742,1748.82861328125,1734.733154296875,1748.353759765625,1720.5474853515625,1736.5384521484375,1739.85986328125,0.005154869187616976,-0.0019090107214431388,-0.007063879909060115,0.007063879909060115,False,13.000146865844727,7.1252525630116,0.024850626999977976
GRASIM,2023-07-20,1749.6125695670398,1786.9572323569025,1741.8202336876373,1783.379638671875,1738.82666015625,1757.9129638671875,1715.9722900390625,1725.7855224609375,1748.82861328125,0.01975666747915248,-0.01317630020764457,-0.03293296768679705,0.03293296768679705,False,11.588953018188477,7.296400831983192,0.025904262001859024
GRASIM,2023-07-21,1783.9187744118492,1788.7706651429824,1754.5134816066522,1768.8240966796875,1782.1671142578125,1786.201171875,1759.6187744140625,1771.4959716796875,1783.379638671875,-0.008161774238393434,-0.0066635654767470305,0.001498208761646403,0.001498208761646403,True,12.643011093139648,6.074437973002205,0.024941156996646896
GRASIM,2023-07-24,1760.3945124630968,1806.2668034046656,1754.5625133091426,1777.1065673828125,1772.47705078125,1784.9990234375,1743.911865234375,1752.1781005859375,1768.8240966796875,0.004682472790071253,-0.009410769632207463,-0.014093242422278716,0.014093242422278716,False,12.370223999023438,6.768123132002074,0.02502860702225007
GRASIM,2023-07-25,1778.0377102695675,1806.266850078758,1776.1263847852867,1792.7894287109375,1780.5399169921875,1788.071533203125,1733.623046875,1754.3953857421875,1777.1065673828125,0.008824941405298797,-0.012779864785527355,-0.02160480619082615,0.02160480619082615,False,13.687698364257812,7.19958859399776,0.02504184702411294
GRASIM,2023-07-26,1796.6609814310473,1812.3437958812501,1792.8383306958335,1802.6400146484375,1789.1328125,1814.576416015625,1775.8023681640625,1801.4967041015625,1792.7894287109375,0.005494558245238443,0.004856831065143974,-0.0006377271800944691,0.0006377271800944691,True,14.153090476989746,5.8461309089907445,0.02510754601098597
GRASIM,2023-07-27,1805.6296716227362,1812.0988193569713,1779.017909309392,1786.3692626953125,1792.691650390625,1810.568115234375,1773.11474609375,1794.6490478515625,1802.6400146484375,-0.0090260683336147,-0.004432924339823584,0.004593143993791116,0.004593143993791116,True,13.668306350708008,7.551156155997887,0.041371074999915436
GRASIM,2023-07-28,1782.4484618297008,1798.5233683151355,1774.1170001005946,1787.6434326171875,1780.840576171875,1798.8507080078125,1769.9576416015625,1788.04931640625,1786.3692626953125,0.000713273536711276,0.0009404851203063127,0.00022721158359503672,0.00022721158359503672,True,13.951730728149414,7.304976640007226,0.024961546005215496
GRASIM,2023-07-31,1793.7204294629935,1817.9307511753284,1784.7028080842092,1812.784912109375,1787.123779296875,1802.069091796875,1773.5772705078125,1787.2607421875,1787.6434326171875,0.014064034825658316,-0.0002140753702360121,-0.014278110195894327,0.014278110195894327,False,14.745750427246094,7.490362295997329,0.054711704986402765
GRASIM,2023-08-01,1815.2843714140065,1818.224936874056,1788.4766827926962,1801.2679443359375,1818.5478515625,1832.221923828125,1775.337890625,1796.91943359375,1812.784912109375,-0.0063531904400264665,-0.00875199170604513,-0.0023988012660186627,0.0023988012660186627,True,13.361711502075195,7.592398423003033,0.02533735500765033
GRASIM,2023-08-02,1796.3671215150878,1803.424406856184,1770.2454715807557,1784.8990478515625,1792.451171875,1803.0552978515625,1776.294921875,1792.29296875,1801.2679443359375,-0.009087430071604157,-0.004982587745570663,0.0041048423260334945,0.0041048423260334945,True,13.375189781188965,7.446858106995933,0.05051822098903358
GRASIM,2023-08-03,1772.1566918278058,1798.2293287836928,1758.6302590929372,1794.2596435546875,1779.7506103515625,1797.2822265625,1775.672607421875,1804.75732421875,1784.8990478515625,0.005244327803520379,0.011125714023485195,0.005881386219964816,0.005881386219964816,True,15.068601608276367,2.497616585023934,0.025372584001161158
GRASIM,2023-08-04,1794.2596674225451,1809.3543458543247,1784.0658913731218,1789.2607421875,1784.6502685546875,1799.87060546875,1773.1265869140625,1793.8822021484375,1794.2596435546875,-0.002786052389432309,-0.00021036052814643597,0.002575691861285873,0.002575691861285873,True,15.14770221710205,4.937899654993089,0.025510694016702473
GRASIM,2023-08-07,1790.6821126541367,1827.9777667739231,1789.8489183880865,1818.8131103515625,1786.1927490234375,1794.4976806640625,1764.8516845703125,1777.6328125,1789.2607421875,0.016516524096947774,-0.006498734037658491,-0.023015258134606264,0.023015258134606264,False,14.749420166015625,6.427381279994734,0.05589245000737719
GRASIM,2023-08-08,1820.8713397816982,1831.359183867159,1795.4847435853721,1807.884033203125,1808.991943359375,1824.788818359375,1792.1568603515625,1810.184814453125,1818.8131103515625,-0.006008906075195925,-0.004743915605913857,0.0012649904692820678,0.0012649904692820678,True,14.442037582397461,6.601863136020256,0.025223895005183294
GRASIM,2023-08-09,1808.3741408579301,1813.2749228524629,1791.220983435931,1809.0601806640625,1811.103759765625,1825.5347900390625,1796.691162109375,1811.4908447265625,1807.884033203125,0.0006505657660207644,0.0019950458420981343,0.00134448007607737,0.00134448007607737,True,14.268945693969727,5.344871078996221,0.024995776009745896
GRASIM,2023-08-10,1798.7193828240738,1818.2248484623033,1787.8884587388409,1794.0145263671875,1803.299560546875,1815.0057373046875,1780.41357421875,1797.2850341796875,1809.0601806640625,-0.00831683459604539,-0.00650898549989234,0.0018078490961530502,0.0018078490961530502,True,13.671867370605469,10.04906308001955,0.025301254994701594
GRASIM,2023-08-11,1802.3919290106346,1813.430196516067,1782.385061607915,1801.159912109375,1786.985595703125,1811.9573974609375,1769.2615966796875,1786.1932373046875,1794.0145263671875,0.003982902945973709,-0.004359657598948108,-0.008342560544921818,0.008342560544921818,False,15.481781005859375,6.275596838997444,0.05079584999475628
GRASIM,2023-08-14,1798.597506869114,1808.5023185409113,1767.8972167890881,1785.5880126953125,1795.125,1816.5880126953125,1778.151611328125,1786.7991943359375,1801.159912109375,-0.008645484117968144,-0.007973038749579636,0.0006724453683885079,0.0006724453683885079,True,15.409064292907715,6.30848915601382,0.025650413997936994
GRASIM,2023-08-16,1785.8344317044848,1793.7189773572156,1759.7664040259403,1790.6636962890625,1782.448974609375,1795.07861328125,1768.040771484375,1783.1441650390625,1785.5880126953125,0.0028425838198187434,-0.0013686514688016171,-0.004211235288620361,0.004211235288620361,False,15.207376480102539,3.2606027139991056,0.037069900979986414
GRASIM,2023-08-17,1783.86333944824,1786.2779717594256,1767.7986847526265,1774.845458984375,1787.516357421875,1804.472900390625,1774.412109375,1793.7852783203125,1790.6636962890625,-0.008833728710460214,0.0017432542122337697,0.010576982922693984,0.010576982922693984,False,15.083780288696289,5.298625731986249,0.0257657729962375
GRASIM,2023-08-18,1769.0799941429357,1774.845470851478,1759.8649909156481,1765.0885009765625,1775.2353515625,1783.9669189453125,1752.3817138671875,1763.5118408203125,1774.845458984375,-0.005497356380197604,-0.006385692966500852,-0.0008883365863032473,0.0008883365863032473,True,14.300847053527832,6.690281354007311,0.025709914014441893
GRASIM,2023-08-21,1765.0885093815107,1786.8200796449967,1764.1521765372008,1782.2864990234375,1761.738525390625,1771.2034912109375,1743.2064208984375,1755.8963623046875,1765.0885009765625,0.009743419685392513,-0.005207749450970479,-0.014951169136362992,0.014951169136362992,False,13.055571556091309,6.815726733999327,0.03600489400560036
GRASIM,2023-08-22,1783.863334177248,1798.6466912674234,1772.0858567088326,1779.7239990234375,1781.901611328125,1802.14990234375,1773.2288818359375,1794.0599365234375,1782.2864990234375,-0.0014377598671167977,0.006605805243125043,0.00804356511024184,0.00804356511024184,False,14.176583290100098,8.358496299013495,0.02646328098489903
GRASIM,2023-08-23,1783.8633748231703,1788.791200894167,1767.1089111249464,1771.6917724609375,1785.6929931640625,1813.13525390625,1773.2474365234375,1792.2518310546875,1779.7239990234375,-0.004513186632819139,0.007039199357947759,0.011552385990766897,0.011552385990766897,False,15.666814804077148,4.958075959002599,0.05490228399867192
GRASIM,2023-08-24,1778.9354677433282,1787.2635393227401,1745.4264210868382,1752.3746337890625,1774.522705078125,1802.5958251953125,1771.0089111328125,1790.3336181640625,1771.6917724609375,-0.010903216333754752,0.010522059193869185,0.021425275527623938,0.021425275527623938,False,15.694902420043945,6.484012347995304,0.04606156700174324
GRASIM,2023-08-25,1734.585333871463,1756.9082721535387,1732.6635083008564,1750.6007080078125,1740.8240966796875,1780.0616455078125,1723.6448974609375,1758.59228515625,1752.3746337890625,-0.001012298253492941,0.0035481290628724847,0.004560427316365426,0.004560427316365426,False,15.05357551574707,4.544041282002581,0.025909632997354493
GRASIM,2023-08-28,1752.276146270105,1764.1521853193021,1742.765579681466,1758.87939453125,1747.3804931640625,1758.100341796875,1709.7847900390625,1743.623779296875,1750.6007080078125,0.004729054709945058,-0.00398544835439788,-0.00871450306434294,0.00871450306434294,False,16.672603607177734,2.652161645004526,0.050664129987126216
GRASIM,2023-08-29,1759.2243982624177,1780.8574077611083,1753.409640692561,1775.7818603515625,1767.4840087890625,1784.5264892578125,1761.806640625,1773.937744140625,1758.87939453125,0.009609792389896689,0.008561331525171528,-0.0010484608647251606,0.0010484608647251606,True,14.929803848266602,8.944033482985105,0.025876233004964888
GRASIM,2023-08-30,1778.9355052956817,1798.5482477477035,1773.8599581053554,1780.561767578125,1775.507568359375,1789.3521728515625,1753.3519287109375,1767.9935302734375,1775.7818603515625,0.002691719818343111,-0.004385859689198028,-0.00707757950754114,0.00707757950754114,False,15.118535995483398,5.018917150999187,0.025293944985605776
GRASIM,2023-08-31,1780.5617876702088,1792.7333898724548,1756.1199011281833,1765.0885009765625,1769.9510498046875,1777.52197265625,1764.0867919921875,1772.6258544921875,1780.561767578125,-0.008690103810669172,-0.004456971519012074,0.0042331322916570975,0.0042331322916570975,True,14.696837425231934,4.558909776009386,0.04201344199827872
GRASIM,2023-09-01,1764.152191794128,1798.6467327283333,1762.0825241695145,1785.3416748046875,1770.601806640625,1787.44970703125,1757.2431640625,1771.5401611328125,1765.0885009765625,0.011474310674461715,0.003655148256124562,-0.007819162418337154,0.007819162418337154,True,13.851433753967285,12.97784232799313,0.02585487300530076
GRASIM,2023-09-04,1788.8405841101528,1823.975775842783,1788.7913034308986,1814.465087890625,1781.73291015625,1795.3804931640625,1770.74560546875,1785.0595703125,1785.3416748046875,0.01631251513194164,-0.00015801148663510675,-0.016470526618576748,0.016470526618576748,False,15.199857711791992,7.470392919000005,0.026038341980893165
GRASIM,2023-09-05,1825.7003055754665,1844.9680830475806,1817.8651614614928,1827.0308837890625,1817.27099609375,1828.8035888671875,1801.8199462890625,1812.29052734375,1814.465087890625,0.006925344544956579,-0.00119845819100493,-0.00812380273596151,0.00812380273596151,False,13.581222534179688,7.805677501979517,0.05639417900238186
GRASIM,2023-09-06,1828.213559875171,1832.1557724002969,1790.7622993145321,1811.9517822265625,1832.896728515625,1840.50146484375,1812.8966064453125,1822.334228515625,1827.0308837890625,-0.008253336983131665,-0.002570649087057111,0.005682687896074554,0.005682687896074554,True,14.03567886352539,6.616697250021389,0.024848536995705217
GRASIM,2023-09-07,1805.5456650436556,1824.3699171566188,1799.1888201405886,1820.723388671875,1792.98974609375,1804.402099609375,1771.7216796875,1784.8623046875,1811.9517822265625,0.004840971228568663,-0.0149504406269434,-0.019791411855512062,0.019791411855512062,False,13.983474731445312,6.651233041018713,0.025144604995148256
GRASIM,2023-09-08,1820.7234783760168,1829.4456753920433,1813.5288616189735,1823.0394287109375,1813.2054443359375,1820.545654296875,1795.234375,1805.322021484375,1820.723388671875,0.0012720438774348549,-0.008458927524808979,-0.009730971402243833,0.009730971402243833,False,14.056600570678711,6.338217564014485,0.0509068290120922
GRASIM,2023-09-11,1823.0392713873136,1842.109926176318,1819.1463396645127,1835.4573974609375,1833.4295654296875,1845.3685302734375,1815.0980224609375,1828.6285400390625,1823.0394287109375,0.00681168413278954,0.003065820321876984,-0.0037458638109125557,0.0037458638109125557,True,12.862724304199219,10.15069226900232,0.025142965983832255
GRASIM,2023-09-12,1838.0693111813953,1892.2750382924899,1809.4880876526406,1843.933349609375,1831.020751953125,1838.7469482421875,1802.7060546875,1821.6456298828125,1835.4573974609375,0.0046178964219832225,-0.007524973119632947,-0.01214286954161617,0.01214286954161617,False,12.524757385253906,8.962228094984312,0.02518037601839751
GRASIM,2023-09-13,1851.8670496021455,1918.3923379412604,1828.8541820056928,1905.0872802734375,1843.6080322265625,1861.421142578125,1826.10107421875,1844.609619140625,1843.933349609375,0.033164935531437484,0.0003667537828269461,-0.03279818174861054,0.03279818174861054,True,12.25274658203125,6.968787418998545,0.05515245397691615
GRASIM,2023-09-14,1914.9427874028954,1925.7839319458428,1890.8458660340293,1903.7073974609375,1899.6942138671875,1924.408935546875,1833.9537353515625,1861.8321533203125,1905.0872802734375,-0.0007243147475647127,-0.02270506312283844,-0.021980748375273727,0.021980748375273727,True,12.808202743530273,6.682163065008353,0.03774909899220802
GRASIM,2023-09-15,1913.9574506046465,1959.2438579997306,1904.8410081537654,1944.3619384765625,1884.98779296875,1909.0399169921875,1854.55859375,1880.4158935546875,1903.7073974609375,0.02135545676286589,-0.012234812943057822,-0.033590269705923714,0.033590269705923714,False,16.27768325805664,5.322688930988079,0.03541371802566573
GRASIM,2023-09-18,1951.408580914942,1959.3915672101725,1924.7984655495468,1929.1842041015625,1943.3475341796875,1967.96240234375,1901.7869873046875,1929.870361328125,1944.3619384765625,-0.007806023186656281,-0.0074531273533321035,0.00035289583332417766,0.00035289583332417766,True,15.329720497131348,7.4251063390111085,0.03135003201896325
GRASIM,2023-09-20,1929.184254798449,1931.6974485315761,1902.1306126421628,1916.6182861328125,1919.453369140625,1952.3309326171875,1886.5316162109375,1904.1851806640625,1929.1842041015625,-0.006513591569967294,-0.012958339273331475,-0.006444747703364181,0.006444747703364181,True,15.215360641479492,6.097119918995304,0.04896646598353982
GRASIM,2023-09-21,1904.2002566121655,1911.9861203130124,1868.7201023003197,1883.897705078125,1905.4049072265625,1931.960693359375,1890.9422607421875,1918.416259765625,1916.6182861328125,-0.01707203843948931,0.000938096879186255,0.018010135318675565,0.018010135318675565,False,13.702737808227539,7.520686510979431,0.04066900702309795
GRASIM,2023-09-22,1879.1669572135493,1901.095649757791,1862.0182485786756,1884.3411865234375,1883.2802734375,1912.473388671875,1859.14111328125,1893.393798828125,1883.897705078125,0.00023540633024663558,0.00504066315511871,0.004805256824872075,0.004805256824872075,True,13.921642303466797,8.140444838005351,0.025629293988458812
GRASIM,2023-09-25,1884.3412100243213,1917.8502576969104,1874.4362773565986,1911.8382568359375,1878.47119140625,1891.588623046875,1849.91162109375,1869.619384765625,1884.3411865234375,0.0145924052974883,-0.007812704972486356,-0.022405110269974656,0.022405110269974656,False,13.144254684448242,8.121351417998085,0.025656403973698616
GRASIM,2023-09-26,1916.8646645160763,1931.5988619847517,1908.2903100007525,1929.7261962890625,1901.848388671875,1919.8043212890625,1870.111328125,1895.3714599609375,1911.8382568359375,0.009356408362038566,-0.008613070073329473,-0.017969478435368037,0.017969478435368037,False,13.100775718688965,7.096657070011133,0.025071775977266952
GRASIM,2023-09-27,1938.4484740653286,1938.4484740653286,1895.2810156225253,1903.2147216796875,1922.8148193359375,1938.9420166015625,1895.6134033203125,1917.361572265625,1929.7261962890625,-0.013738464379225188,-0.006407449951819666,0.007331014427405523,0.007331014427405523,True,12.006165504455566,7.527456884999992,0.029782038007397205
GRASIM,2023-09-28,1902.1305582277207,1909.9657024780595,1869.2128788264654,1878.9698486328125,1918.5802001953125,1940.15625,1902.4183349609375,1926.9173583984375,1903.2147216796875,-0.012738905794863555,0.012454000302094748,0.025192906096958304,0.025192906096958304,False,11.822443008422852,7.9928908799774945,0.05115981798735447
GRASIM,2023-09-29,1882.1236904944624,1922.8273542440418,1882.074409819042,1914.3514404296875,1878.1900634765625,1892.2908935546875,1861.126220703125,1878.4658203125,1878.9698486328125,0.018830313760819298,-0.00026824715717457847,-0.019098560917993876,0.019098560917993876,False,13.175171852111816,8.381612533004954,0.05009994198917411
GRASIM,2023-10-03,1900.2579467374412,1911.0005296759352,1879.1176247904434,1893.7039794921875,1912.3009033203125,1926.012939453125,1885.622802734375,1902.23193359375,1914.3514404296875,-0.010785616737575393,-0.00633086829303255,0.004454748444542842,0.004454748444542842,True,14.137022018432617,5.335287355002947,0.057789843005593866
GRASIM,2023-10-04,1878.4771265898844,1882.4193389770649,1849.9450654923987,1868.4736328125,1884.8228759765625,1896.9345703125,1859.828125,1875.7525634765625,1893.7039794921875,-0.013323279114855759,-0.009479525950216793,0.0038437531646389658,0.0038437531646389658,True,14.432395935058594,7.665718446980463,0.041367465018993244
GRASIM,2023-10-05,1869.7056100088332,1881.4338071162094,1853.838198422702,1862.8560791015625,1857.1522216796875,1869.9500732421875,1842.42529296875,1857.488525390625,1868.4736328125,-0.003006493435222705,-0.005879187818850718,-0.0028726943836280133,0.0028726943836280133,True,14.8538179397583,8.028869895002572,0.025555704021826386
GRASIM,2023-10-06,1862.806788266611,1878.3786364940354,1862.7082269138946,1875.816162109375,1874.210693359375,1905.06591796875,1863.0067138671875,1894.671630859375,1862.8560791015625,0.006957103746878301,0.0170789102361342,0.0101218064892559,0.0101218064892559,True,12.836353302001953,7.640840879990719,0.031195403018500656
GRASIM,2023-10-09,1862.7575504773513,1869.5086409359583,1848.0233526228146,1861.72265625,1871.53515625,1890.1036376953125,1858.9091796875,1877.7047119140625,1875.816162109375,-0.007513266035370281,0.0010067883211773833,0.008520054356547664,0.008520054356547664,False,12.144939422607422,8.998891057999572,0.05490821399143897
GRASIM,2023-10-10,1865.6154547547046,1894.7387628521972,1859.2586101707388,1891.1907958984375,1858.770751953125,1866.515869140625,1822.0972900390625,1832.1478271484375,1861.72265625,0.01582842618878265,-0.015885733034550913,-0.031714159223333566,0.031714159223333566,False,11.680885314941406,9.187789018993499,0.025013666978338733
GRASIM,2023-10-11,1907.9945398874452,1953.7738702952229,1895.8229381302665,1951.507080078125,1887.8665771484375,1904.784912109375,1869.692626953125,1882.1533203125,1891.1907958984375,0.031893283485991894,-0.004778722276746338,-0.036672005762738234,0.036672005762738234,False,13.45644760131836,7.756087077985285,0.02496017699013464
GRASIM,2023-10-12,1962.1510938034635,1992.8019818914959,1938.4482975746375,1972.8936767578125,1937.9913330078125,1966.7606201171875,1924.7598876953125,1957.073486328125,1951.507080078125,0.010959015674609454,0.002852362826056034,-0.008106652848553421,0.008106652848553421,True,12.182193756103516,8.677709241979755,0.02541950502200052
GRASIM,2023-10-13,1967.1282837937922,1971.8095856437906,1945.840118890506,1953.970947265625,1943.822265625,1956.670166015625,1938.27587890625,1975.437255859375,1972.8936767578125,-0.009591357970838287,0.0012892631425239969,0.010880621113362283,0.010880621113362283,False,12.746305465698242,6.452650794992223,0.024765097012277693
GRASIM,2023-10-16,1953.9709400195618,1971.119769657885,1929.726176225761,1945.199462890625,1966.4615478515625,1987.04833984375,1946.48291015625,1973.955078125,1953.970947265625,-0.00448905567775957,0.010227445237781387,0.014716500915540956,0.014716500915540956,False,12.290639877319336,8.34046348699485,0.03207658900646493
GRASIM,2023-10-17,1971.1198179519936,1990.978843667889,1929.7755041825887,1945.938720703125,1925.0784912109375,1941.833984375,1903.826171875,1921.153564453125,1945.199462890625,0.0003800421635945964,-0.012361662079510895,-0.012741704243105492,0.012741704243105492,False,13.804666519165039,7.224814330023946,0.024812357005430385
GRASIM,2023-10-18,1941.6514602085897,1962.200414520773,1922.827329513927,1927.4593505859375,1939.0247802734375,1957.9537353515625,1918.216064453125,1936.83349609375,1945.938720703125,-0.009496378236674565,-0.004679091130929865,0.0048172871057447,0.0048172871057447,True,11.80752944946289,8.801707877981244,0.044673421973129734
GRASIM,2023-10-19,1923.8622235906917,1950.275217501545,1899.9624234656362,1947.1707763671875,1920.212158203125,1932.107666015625,1899.12841796875,1914.52587890625,1927.4593505859375,0.010226636310258802,-0.006710113847929292,-0.016936750158188095,0.016936750158188095,False,12.659187316894531,8.593937075987924,0.05619966902304441
GRASIM,2023-10-20,1943.918289483348,1948.5997121100831,1911.3455745852734,1918.2445068359375,1914.578125,1958.56103515625,1900.648193359375,1948.8270263671875,1947.1707763671875,-0.014855538036174405,0.0008505930861853038,0.015706131122359707,0.015706131122359707,False,14.10770320892334,6.686803677002899,0.025174084992613643
GRASIM,2023-10-23,1911.1977278274874,1911.1977278274874,1857.780374282309,1875.2740478515625,1923.3236083984375,1933.7117919921875,1901.4427490234375,1916.11328125,1918.2445068359375,-0.022400928990670192,-0.0011110291614768472,0.021289899829193343,0.021289899829193343,True,14.38801383972168,7.199180335999699,0.025055446021724492
GRASIM,2023-10-25,1873.647907203919,1892.32419621149,1841.9621237476665,1850.33935546875,1860.39306640625,1879.736083984375,1837.4398193359375,1848.7020263671875,1875.2740478515625,-0.013296559194310466,-0.014169673768384764,-0.000873114574074298,0.000873114574074298,True,14.663115501403809,7.740649104991462,0.02503571700071916
GRASIM,2023-10-26,1840.1388358078432,1846.9392066055761,1812.9866332919523,1822.84228515625,1855.46630859375,1874.493408203125,1845.9822998046875,1864.6015625,1850.33935546875,-0.014860555298265335,0.007707887198690063,0.022568442496955398,0.022568442496955398,False,13.078315734863281,7.404947594011901,0.05322751001222059
GRASIM,2023-10-27,1830.233992190164,1842.9969629300224,1823.3843403846008,1829.19921875,1820.667724609375,1839.25048828125,1808.1243896484375,1821.8763427734375,1822.84228515625,0.003487374440189211,-0.0005299100150782938,-0.004017284455267505,0.004017284455267505,False,13.827198028564453,8.569198949000565,0.025519093993352726
GRASIM,2023-10-30,1829.1991417699744,1855.1193275783473,1801.6526936746811,1851.669921875,1814.0498046875,1841.1031494140625,1812.6431884765625,1838.213623046875,1829.19921875,0.012284448240884096,0.004928060434573701,-0.007356387806310394,0.007356387806310394,True,12.901031494140625,8.31565311999293,0.05435705601121299
GRASIM,2023-10-31,1852.9511236692667,1864.6300399577337,1838.0692050110076,1859.455810546875,1837.1890869140625,1869.3770751953125,1840.6552734375,1865.645263671875,1851.669921875,0.004204792970871943,0.00754742604595725,0.0033426330750853063,0.0033426330750853063,True,13.530305862426758,8.887059547007084,0.05229676401359029
GRASIM,2023-11-01,1866.6505300015035,1869.6072499404602,1834.5212184609013,1841.5679931640625,1853.7042236328125,1878.57177734375,1851.703857421875,1874.7572021484375,1859.455810546875,-0.009619920667838622,0.008228962212908026,0.017848882880746646,0.017848882880746646,False,12.98544979095459,11.839488597004674,0.029701469000428915
GRASIM,2023-11-02,1851.5220606868038,1873.5000338107589,1851.5220606868038,1870.34619140625,1845.45556640625,1860.111572265625,1814.97021484375,1847.0657958984375,1841.5679931640625,0.01562700826090199,0.002985392206414835,-0.012641616054487154,0.012641616054487154,True,13.65608024597168,7.730776773998514,0.049183875002199784
GRASIM,2023-11-03,1876.0132196561362,1887.3471708950324,1863.0530061539,1868.818603515625,1871.8140869140625,1912.4918212890625,1865.422119140625,1916.1561279296875,1870.34619140625,-0.0008167407176510239,0.02449275793643024,0.025309498654081265,0.025309498654081265,False,13.663827896118164,5.267757577996235,0.025378035003086552
GRASIM,2023-11-06,1874.6334352828167,1908.5860096744755,1868.8186778012753,1890.9937744140625,1871.012451171875,1882.317626953125,1853.74072265625,1868.623046875,1868.818603515625,0.011865876579311404,-0.00010464185248216092,-0.011970518431793564,0.011970518431793564,False,14.37318229675293,7.738143675000174,0.025351465010317042
GRASIM,2023-11-07,1892.2749113620932,1902.0812826561585,1884.4397670907301,1893.8026123046875,1866.5914306640625,1873.6944580078125,1857.9053955078125,1866.063720703125,1890.9937744140625,0.001485376593318155,-0.013183572599895126,-0.014668949193213281,0.014668949193213281,False,13.030547142028809,7.329876817006152,0.025897392974002287
GRASIM,2023-11-08,1901.1449428173062,1914.9428072095784,1892.2749043916983,1905.9249267578125,1902.4879150390625,1923.6636962890625,1891.856689453125,1907.4129638671875,1893.8026123046875,0.006401044319171465,0.0071867846596413276,0.0007857403404698624,0.0007857403404698624,True,13.16187858581543,8.959250916988822,0.025135406001936644
GRASIM,2023-11-09,1909.4238234231168,1916.4704771897339,1902.130645482045,1907.0584716796875,1890.335205078125,1900.7537841796875,1862.279296875,1893.6505126953125,1905.9249267578125,0.0005947479388935242,-0.0064401351229400865,-0.007034883061833611,0.007034883061833611,False,13.930545806884766,7.9121507329982705,0.02499302598880604
GRASIM,2023-11-10,1902.1797792020786,1919.6734521448138,1893.4575830676554,1914.9427490234375,1911.7664794921875,1937.0321044921875,1898.22412109375,1922.3009033203125,1907.0584716796875,0.004134260936847801,0.007992639904323365,0.003858378967475565,0.003858378967475565,True,12.816699981689453,8.201096848992165,0.025137435994111
GRASIM,2023-11-13,1917.8009348479347,1917.8009348479347,1894.2459802507622,1900.9970703125,1912.8507080078125,1933.79736328125,1896.6937255859375,1918.2413330078125,1914.9427490234375,-0.00728255647227541,0.0017225496616320136,0.009005106133907424,0.009005106133907424,False,15.311094284057617,5.569934154977091,0.02507671498460695
GRASIM,2023-11-15,1918.8849077716384,1935.9351749591585,1907.0582710844596,1915.8790283203125,1907.761474609375,1925.0604248046875,1899.196533203125,1917.2872314453125,1900.9970703125,0.007828501285047269,0.008569272087376022,0.0007407708023287538,0.0007407708023287538,True,13.341666221618652,9.159031877003144,0.025557754008332267
GRASIM,2023-11-16,1921.5460776123412,1926.6217456639595,1886.2137655267823,1914.548583984375,1920.2625732421875,1943.4205322265625,1897.709716796875,1928.2786865234375,1915.8790283203125,-0.0006944302412996951,0.006472046522684689,0.007166476763984384,0.007166476763984384,False,13.467735290527344,7.868351076002,0.025092726020375267
GRASIM,2023-11-17,1913.0210632728633,1954.9566248821013,1912.3311337880236,1942.0950927734375,1911.8680419921875,1917.721435546875,1896.0302734375,1905.299560546875,1914.548583984375,0.014387991518990522,-0.004830916026299954,-0.019218907545290476,0.019218907545290476,False,15.444229125976562,4.164895032998174,0.025017595995450392
GRASIM,2023-11-20,1943.1297726968025,1949.5851787791964,1924.897009977307,1943.8197021484375,1943.885009765625,1970.9825439453125,1932.444580078125,1961.6357421875,1942.0950927734375,0.0008880148976315811,0.0100616336897063,0.009173618792074718,0.009173618792074718,True,14.356395721435547,8.71355965701514,0.024969187012175098
GRASIM,2023-11-21,1944.164682464976,1959.2930043453684,1940.5674347245404,1948.8953857421875,1937.7562255859375,1947.8734130859375,1919.3028564453125,1933.99609375,1943.8197021484375,0.002611190527670864,-0.005053765216794439,-0.007664955744465303,0.007664955744465303,False,14.523411750793457,7.645225452986779,0.02478404701105319
GRASIM,2023-11-22,1951.2115055771344,1956.237772247341,1930.4654277406896,1945.59375,1948.426513671875,1959.1715087890625,1931.2198486328125,1944.81494140625,1948.8953857421875,-0.0016941061928422369,-0.002093721584949808,-0.0003996153921075711,0.0003996153921075711,True,14.019247055053711,6.634241515013855,0.054866663995198905
GRASIM,2023-11-23,1955.4494513054992,1955.4494513054992,1923.2215789078043,1928.6422119140625,1948.3712158203125,1963.904541015625,1935.4796142578125,1953.951904296875,1945.59375,-0.008712783995085047,0.004295940145199891,0.01300872414028494,0.01300872414028494,False,12.821735382080078,6.581661070988048,0.05729091601097025
GRASIM,2023-11-24,1935.5410373192085,1941.0108299146582,1917.3574344376937,1921.2503662109375,1931.255126953125,1944.2386474609375,1912.814697265625,1925.4620361328125,1928.6422119140625,-0.003832668214696511,-0.0016489195152966526,0.0021837486993998585,0.0021837486993998585,True,11.663274765014648,12.13802641700022,0.05221059499308467
GRASIM,2023-11-28,1934.6539862738643,1958.3075025503597,1925.044858523384,1947.36767578125,1932.3028564453125,1963.4814453125,1922.68212890625,1953.6533203125,1921.2503662109375,0.013593912604852581,0.016865555198548716,0.0032716425936961356,0.0032716425936961356,True,12.56249713897705,9.762417955003912,0.04868438799167052
GRASIM,2023-11-29,1959.391554810857,1979.9897899867053,1952.4433419601773,1974.32275390625,1952.3701171875,1974.0615234375,1941.2564697265625,1961.185302734375,1947.36767578125,0.013841802172353555,0.00709554088063088,-0.0067462612917226755,0.0067462612917226755,True,13.291450500488281,9.313505978003377,0.0249964669928886
GRASIM,2023-11-30,1977.0330542200977,2001.6720629936617,1961.51048714777,1976.490966796875,1969.8563232421875,1985.38720703125,1955.4383544921875,1972.953857421875,1974.32275390625,0.0010982058968500125,-0.000693349900195701,-0.0017915557970457135,0.0017915557970457135,False,12.4596529006958,10.243587420001859,0.030547966016456485
GRASIM,2023-12-01,1990.7816393497337,2009.5564894042259,1979.004161983929,1986.93798828125,1975.998291015625,1992.512939453125,1963.345458984375,1980.260498046875,1976.490966796875,0.0052856408958476386,0.0019071836468389975,-0.003378457249008641,0.003378457249008641,True,11.542143821716309,8.008472971006995,0.048725087981438264
GRASIM,2023-12-04,2045.0367466465639,2046.0223601941852,1999.1589725102374,2023.30517578125,1994.2406005859375,2005.631103515625,1962.05859375,1970.6119384765625,1986.93798828125,0.01830313160978844,-0.008216688140735551,-0.02651981975052399,0.02651981975052399,False,11.47933292388916,9.180889195005875,0.024903676996473223
GRASIM,2023-12-05,2028.1835370043925,2047.993401224016,2009.0637229913855,2042.4249267578125,2025.8092041015625,2051.80224609375,2000.082275390625,2024.2939453125,2023.30517578125,0.009449761314024155,0.0004886902594257492,-0.008961071054598405,0.008961071054598405,True,12.726184844970703,8.121116249007173,0.025596254010451958
GRASIM,2023-12-06,2049.8166169345573,2054.892284850959,2016.0120067042192,2028.0357666015625,2053.697265625,2076.746337890625,2006.5218505859375,2023.0015869140625,2042.4249267578125,-0.007045135401422881,-0.009509940654016112,-0.0024648052525932307,0.0024648052525932307,True,12.467851638793945,8.944364311988465,0.05538481200346723
GRASIM,2023-12-07,2028.035935189249,2058.8346683984887,2016.0614549711286,2051.689453125,2028.98486328125,2036.302490234375,2003.35498046875,2017.334716796875,2028.0357666015625,0.011663347813177209,-0.005276558718005035,-0.016939906531182245,0.016939906531182245,False,11.24913501739502,9.419154772011098,0.02506721598911099
GRASIM,2023-12-08,2049.964452132329,2068.985826193853,2013.1538416572469,2040.1580810546875,2041.478271484375,2051.867431640625,2013.156494140625,2030.2744140625,2051.689453125,-0.005620427620149172,-0.010437758516466517,-0.004817330896317345,0.004817330896317345,True,13.175823211669922,10.777865257987287,0.05145076700136997
GRASIM,2023-12-11,2042.0801362205416,2058.0953899925453,2038.2364849781388,2053.9560546875,2027.0518798828125,2051.0859375,1999.8468017578125,2017.9486083984375,2040.1580810546875,0.0067631884808060806,-0.010886152824377467,-0.017649341305183548,0.017649341305183548,False,12.731512069702148,6.149713410995901,0.054392446007113904
GRASIM,2023-12-12,2059.820054698483,2098.2568057276144,2045.6279455029503,2050.70361328125,2050.150634765625,2077.5458984375,2033.1815185546875,2058.716064453125,2053.9560546875,-0.0015835009706402137,0.002317483743024489,0.0039009847136647026,0.0039009847136647026,False,12.709953308105469,9.266038506000768,0.024884707003366202
GRASIM,2023-12-13,2050.851542247998,2062.7274603017663,2007.881088239185,2053.857421875,2062.89208984375,2087.16552734375,2041.5069580078125,2062.07421875,2050.70361328125,0.0015379153639387777,0.00554473371730025,0.0040068183533614726,0.0040068183533614726,True,12.487497329711914,7.183096305991057,0.025021376000950113
GRASIM,2023-12-14,2064.698773132011,2081.4532371740565,2051.8865217132734,2073.51953125,2037.8336181640625,2052.40869140625,2015.2528076171875,2034.255859375,2053.857421875,0.009573259158880727,-0.009543779568742125,-0.019117038727622854,0.019117038727622854,False,15.535398483276367,2.8383976569748484,0.04357479600002989
GRASIM,2023-12-15,2085.4446352275545,2101.952695128434,2071.6467708901846,2096.975830078125,2069.801025390625,2090.89697265625,2049.281982421875,2075.710205078125,2073.51953125,0.011312311494835359,0.0010565002138197244,-0.010255811281015634,0.010255811281015634,True,15.003547668457031,4.329717006010469,0.02458058699266985
GRASIM,2023-12-18,2096.9757071779854,2096.9757071779854,2071.6466494745378,2079.284912109375,2085.422607421875,2097.3798828125,2059.452880859375,2078.533203125,2096.975830078125,-0.00843639574428996,-0.008794868633482486,-0.00035847288919252547,0.00035847288919252547,True,15.39792251586914,8.415091176982969,0.024981886002933607
GRASIM,2023-12-19,2076.6239649521644,2106.9298904664956,2059.0317294563556,2087.662353515625,2081.982177734375,2098.001953125,2044.90673828125,2074.95458984375,2079.284912109375,0.004029001200105533,-0.002082601686957855,-0.006111602887063388,0.006111602887063388,False,14.75853157043457,6.113409937010147,0.025101395993260667
GRASIM,2023-12-20,2103.184806579333,2104.761788256321,2023.8965449283462,2033.752197265625,2102.0302734375,2114.19677734375,2081.849609375,2100.3720703125,2087.662353515625,-0.025823216172488457,0.006088013598306176,0.031911229770794636,0.031911229770794636,False,13.159452438354492,7.621601072023623,0.024999326007673517
GRASIM,2023-12-21,2020.397734984027,2060.6578718177147,2020.397734984027,2055.483642578125,2031.220458984375,2049.428955078125,2002.7813720703125,2024.013916015625,2033.752197265625,0.010685394878352376,-0.004788332257535159,-0.015473727135887535,0.015473727135887535,False,14.772974014282227,7.732343106996268,0.051257079001516104
GRASIM,2023-12-22,2058.834676189001,2066.324856242017,2005.5158804532903,2016.6527099609375,2045.4512939453125,2057.66064453125,2028.7294921875,2050.07958984375,2055.483642578125,-0.018891384885205482,-0.0026290906054581274,0.016262294279747354,0.016262294279747354,True,13.487968444824219,6.963008271006402,0.025504043995169923
GRASIM,2023-12-26,2021.3832399650548,2052.921059980226,2019.4121337632296,2039.665283203125,2028.80712890625,2053.22900390625,2012.1331787109375,2037.58935546875,2016.6527099609375,0.011411272317003581,0.010381879539495941,-0.0010293927775076404,0.0010293927775076404,True,14.381641387939453,8.128095053019933,0.02555761398980394
GRASIM,2023-12-27,2048.929709657068,2100.080396262829,2041.6859331161036,2094.11767578125,2035.9002685546875,2048.308837890625,2009.2557373046875,2026.285888671875,2039.665283203125,0.026696729618602928,-0.0065596030100776,-0.03325633262868053,0.03325633262868053,False,14.803699493408203,6.580414466996444,0.05664143699686974
GRASIM,2023-12-28,2098.2568436205634,2117.228936897199,2075.8846253965326,2109.048828125,2063.600341796875,2091.85302734375,2040.8282470703125,2076.7060546875,2094.11767578125,0.007130044560738284,-0.008314538048705532,-0.015444582609443817,0.015444582609443817,False,13.961623191833496,8.820653095986927,0.02545755499158986
GRASIM,2023-12-29,2109.3937770800544,2114.0259188476607,2084.4589639843266,2103.97314453125,2103.37451171875,2119.861328125,2065.357666015625,2087.612060546875,2109.048828125,-0.0024066221350894073,-0.010164187425277797,-0.00775756529018839,0.00775756529018839,True,13.031829833984375,8.8671116020123,0.025362275016959757
GRASIM,2024-01-01,2114.025935351212,2143.592648873434,2081.502381376415,2096.58154296875,2071.717041015625,2124.7099609375,2050.222900390625,2064.90869140625,2103.97314453125,-0.0035131634553951475,-0.018566992276749465,-0.015053828821354316,0.015053828821354316,True,13.027185440063477,7.076684435014613,0.05592462999629788
GRASIM,2024-01-02,2099.143991795278,2099.6367985597562,2057.8489590794898,2071.104736328125,2109.744140625,2119.13037109375,2075.21435546875,2093.412841796875,2096.58154296875,-0.012151593495643369,-0.0015113655762647484,0.01064022791937862,0.01064022791937862,True,14.193642616271973,6.984937629982596,0.02585595299024135
GRASIM,2024-01-03,2059.8201761220416,2089.386890843373,2036.2652207542278,2042.2772216796875,2073.818603515625,2085.47802734375,2046.7451171875,2064.052978515625,2071.104736328125,-0.01391890721062518,-0.003404829166197605,0.010514078044427576,0.010514078044427576,True,12.517948150634766,7.3837764440104365,0.025434673996642232
GRASIM,2024-01-04,2059.8202121050135,2064.7480382399763,2029.6621287423525,2040.3060302734375,2054.0029296875,2084.6904296875,2034.630615234375,2066.84326171875,2042.2772216796875,-0.0009651928667298055,0.012028748976036643,0.012993941842766449,0.012993941842766449,False,14.323747634887695,7.92949543800205,0.053063050989294425
GRASIM,2024-01-05,2067.704809575084,2068.6904231985877,2023.8966997299942,2049.471923828125,2054.792724609375,2079.83447265625,2021.2916259765625,2061.4716796875,2040.3060302734375,0.004492411147488059,0.010373762121962617,0.005881350974474558,0.005881350974474558,True,12.782049179077148,9.294559278991073,0.04156931399484165
GRASIM,2024-01-08,2049.4716777309327,2053.6110128806386,2028.1836338793112,2037.8421630859375,2054.940185546875,2074.954833984375,2035.8204345703125,2059.189697265625,2049.471923828125,-0.005674515765243929,0.004741598713559622,0.01041611447880355,0.01041611447880355,False,14.219207763671875,9.313984106993303,0.025449993991060182
GRASIM,2024-01-09,2052.083633972079,2062.530412820459,2029.1200462614036,2034.2449951171875,2041.5380859375,2057.131591796875,2024.5087890625,2043.545654296875,2037.8421630859375,-0.0017651847792288045,0.0027987894814682853,0.00456397426069709,0.00456397426069709,False,13.076587677001953,7.012122707004892,0.02671229001134634
GRASIM,2024-01-10,2037.1387158663993,2052.6239602844416,2019.377501427381,2046.7861328125,2057.25341796875,2092.139404296875,2041.789794921875,2080.456298828125,2034.2449951171875,0.006165008504587737,0.022716685464070855,0.01655167695948312,0.01655167695948312,True,15.067300796508789,8.415682653983822,0.025374995020683855
GRASIM,2024-01-11,2048.171522442394,2074.2443845435055,2029.420948149554,2061.77685546875,2047.7423095703125,2062.958740234375,2030.76904296875,2048.48828125,2046.7861328125,0.007324029812363036,0.0008316200751082227,-0.006492409737254814,0.006492409737254814,True,13.624231338500977,8.399077595997369,0.0357832360023167
GRASIM,2024-01-12,2061.0840758065556,2098.5852208835245,2053.168246422757,2089.333740234375,2073.8623046875,2101.700927734375,2056.695068359375,2089.810546875,2061.77685546875,0.013365600012693844,0.013596860073335371,0.00023126006064152702,0.00023126006064152702,True,14.449909210205078,8.405615781986853,0.05722800601506606
GRASIM,2024-01-15,2089.531426162393,2100.6135381288273,2071.6712891811535,2078.89453125,2094.87890625,2108.193603515625,2070.88671875,2090.635498046875,2089.333740234375,-0.004996429619331166,0.0006230492464808292,0.005619478865811996,0.005619478865811996,False,14.112747192382812,9.021317644015653,0.02523492500768043
GRASIM,2024-01-16,2070.5337164177145,2097.4970111804755,2068.109541900223,2092.9453125,2083.92822265625,2099.9501953125,2063.144287109375,2086.9541015625,2078.89453125,0.006758775415870439,0.0038768538717805627,-0.002881921544089876,0.002881921544089876,True,15.112370491027832,7.295108676014934,0.03606607500114478
GRASIM,2024-01-17,2090.372550363245,2092.9450497350176,2034.3679659557345,2046.0933837890625,2089.26123046875,2101.092529296875,2068.99365234375,2087.115478515625,2092.9453125,-0.022385644016170395,-0.0027854688555676247,0.01960017516060277,0.01960017516060277,True,14.816472053527832,7.004737525014207,0.025485004007350653
GRASIM,2024-01-18,2045.2524840253218,2047.2314414360865,2014.7764915851553,2032.0428466796875,2031.2218017578125,2082.227294921875,1996.750732421875,2040.337646484375,2046.0933837890625,-0.006867006765524789,-0.00281303744505968,0.004053969320465109,0.004053969320465109,True,16.38716697692871,1.9622916020161938,0.05244231299730018
GRASIM,2024-01-19,2034.8133812092426,2071.968353921799,2030.756663568321,2059.302978515625,2017.95849609375,2036.0584716796875,2005.749755859375,2020.2252197265625,2032.0428466796875,0.013415136339511712,-0.00581563866747925,-0.019230775006990962,0.019230775006990962,False,16.14499282836914,2.6689141519891564,0.025351204996695742
GRASIM,2024-01-23,2056.23566377447,2064.4481432503376,2011.1153410440443,2028.0355224609375,2067.976806640625,2101.059326171875,2051.169677734375,2069.80126953125,2059.302978515625,-0.01518351421859523,0.005097982727724853,0.020281496946320084,0.020281496946320084,False,13.970930099487305,13.201891278004041,0.052857001981465146
GRASIM,2024-01-24,2047.2312309753188,2058.85760456834,1995.3331265276663,2049.507080078125,2027.8414306640625,2039.3726806640625,2014.7320556640625,2027.3221435546875,2028.0355224609375,0.010587367617275583,-0.0003517585852659741,-0.010939126202541557,0.010939126202541557,False,14.126110076904297,7.077524751977762,0.025274295010603964
GRASIM,2024-01-25,2058.06599665687,2065.3882833499665,2030.5584428494676,2054.65234375,2041.5120849609375,2051.783447265625,2015.117431640625,2034.159423828125,2049.507080078125,0.002510488361757144,-0.007488462176678582,-0.009998950538435726,0.009998950538435726,False,15.16424560546875,2.580164965998847,0.025273645005654544
GRASIM,2024-01-29,2058.1156821691616,2102.6422233699363,2055.889355109123,2082.35791015625,2047.6123046875,2049.3984375,2012.567626953125,2029.2064208984375,2054.65234375,0.01348430866687833,-0.012384539374247848,-0.02586884804112618,0.02586884804112618,False,12.713220596313477,11.137942377012223,0.025347774993861094
GRASIM,2024-01-30,2092.7474384840007,2116.494927147649,2083.8421302351326,2103.780029296875,2090.063232421875,2115.62158203125,2067.280517578125,2082.000244140625,2082.35791015625,0.01028743379615159,-0.00017176010611843497,-0.010459193902270025,0.010459193902270025,False,13.174875259399414,9.6937364829937,0.025786113023059443
GRASIM,2024-01-31,2104.126493130388,2159.092084211481,2093.1927049857172,2152.1162109375,2117.594482421875,2124.88720703125,2086.364013671875,2103.3310546875,2103.780029296875,0.02297587246171355,-0.00021341328614335036,-0.023189285747856902,0.023189285747856902,False,14.508567810058594,7.244884263986023,0.025851103011518717
GRASIM,2024-02-01,2152.1163077809583,2155.9751783247457,2089.234884128874,2106.20458984375,2117.124755859375,2136.606689453125,2098.926513671875,2122.000244140625,2152.1162109375,-0.021333244394711418,-0.013993652686513593,0.0073395917081978245,0.0073395917081978245,True,13.807714462280273,7.018712402001256,0.05663667799672112
GRASIM,2024-02-02,2125.3507546126725,2147.0697640623125,2108.0843993743374,2116.940185546875,2114.165771484375,2135.66650390625,2094.48876953125,2118.512451171875,2106.20458984375,0.0050971286241102655,0.005843620979402607,0.0007464923552923412,0.0007464923552923412,True,13.1728515625,11.020290648011724,0.02595029299845919
GRASIM,2024-02-05,2107.688498269686,2124.707482164222,2059.1050015561445,2067.762939453125,2139.751708984375,2157.7177734375,2107.149658203125,2126.14404296875,2116.940185546875,-0.023230342751061672,0.004347717278321372,0.027578060029383046,0.027578060029383046,False,13.011882781982422,10.321262869983912,0.054962514026556164
GRASIM,2024-02-06,2060.0945982291414,2075.8767347570947,2039.3155460856199,2044.262939453125,2086.557861328125,2094.059814453125,2023.1826171875,2076.914306640625,2067.762939453125,-0.011364939157974851,0.0044257332467329755,0.01579067240470783,0.01579067240470783,False,12.67646312713623,10.606558030995075,0.025544233998516575
GRASIM,2024-02-07,2057.1263637881466,2097.6949933770425,2041.294703460773,2089.284423828125,2053.608642578125,2056.05078125,2033.25439453125,2038.7611083984375,2044.262939453125,0.02202333344997391,-0.0026913519530708378,-0.02471468540304475,0.02471468540304475,False,13.408541679382324,8.171785768994596,0.024999457004014403
GRASIM,2024-02-08,2100.6633680843784,2102.6423255672653,2026.452462476122,2035.6546630859375,2092.8564453125,2123.2919921875,2075.921142578125,2105.454345703125,2089.284423828125,-0.025668961167060016,0.007739454566636935,0.03340841573369695,0.03340841573369695,False,12.568195343017578,7.933256104006432,0.05353249900508672
GRASIM,2024-02-09,2035.605064457178,2159.042532820786,2025.363984024687,2145.6845703125,2037.6387939453125,2060.3291015625,1982.2620849609375,2037.22509765625,2035.6546630859375,0.054051362061462514,0.0007714641381912047,-0.053279897923271306,0.053279897923271306,True,13.560965538024902,7.685366752994014,0.03972944099223241
GRASIM,2024-02-12,2152.116315462394,2175.86380583991,2115.604645635749,2124.75732421875,2134.810302734375,2147.142822265625,2077.340576171875,2092.5732421875,2145.6845703125,-0.009753179187331403,-0.024752626206034006,-0.014999447018702603,0.014999447018702603,True,13.415899276733398,8.329750236996915,0.026471390010556206
GRASIM,2024-02-13,2151.0275323997566,2151.0275323997566,2032.3396170994545,2042.4322509765625,2132.683349609375,2156.320556640625,2107.31591796875,2140.644775390625,2124.75732421875,-0.03874563570334204,0.00747730152087681,0.04622293722421885,0.04622293722421885,False,11.798171997070312,8.621882291976362,0.05603698000777513
GRASIM,2024-02-14,2032.3893684848244,2063.0632099760755,2006.1681814035937,2057.91796875,2007.4630126953125,2073.4404296875,1954.0487060546875,1993.5848388671875,2042.4322509765625,0.007581998260178865,-0.02391629494002518,-0.031498293200204044,0.031498293200204044,False,14.341716766357422,6.742269308975665,0.02481553697725758
GRASIM,2024-02-15,2063.7556685728973,2081.5167628572167,2050.991490019317,2062.865234375,2057.5888671875,2066.048095703125,2042.06982421875,2052.58740234375,2057.91796875,0.0024040149802496834,-0.002590271569224812,-0.004994286549474496,0.004994286549474496,False,13.319844245910645,7.09581165399868,0.025302175024989992
GRASIM,2024-02-16,2069.3955348231584,2096.7052419654988,2064.8936002605346,2083.49560546875,2075.294189453125,2098.134033203125,2014.6595458984375,2068.19091796875,2062.865234375,0.010000833185790016,0.002581692446508052,-0.007419140739281964,0.007419140739281964,True,14.23284912109375,9.640398552990519,0.024868486012564972
GRASIM,2024-02-19,2085.276684277902,2166.958193255883,2080.08192148585,2145.783447265625,2083.8828125,2096.179443359375,2059.240234375,2073.17578125,2083.49560546875,0.029895835457191343,-0.00495312982262241,-0.03484896527981375,0.03484896527981375,False,14.953603744506836,4.97847437299788,0.04914309599553235
GRASIM,2024-02-20,2146.1791917015908,2198.6215601479644,2138.362406995906,2169.1845703125,2148.111572265625,2173.503173828125,2115.92529296875,2146.5400390625,2145.783447265625,0.010905631263348165,0.0003525946655237396,-0.010553036597824425,0.010553036597824425,True,15.319353103637695,6.485802480980055,0.025704793981276453
GRASIM,2024-02-21,2176.8531319436534,2198.62166326309,2157.113080266099,2170.916259765625,2178.816650390625,2218.918212890625,2132.496826171875,2159.837646484375,2169.1845703125,0.0007983135583873008,-0.0043089573640008195,-0.0051072709223881204,0.0051072709223881204,False,13.819156646728516,6.677666310977656,0.037589238985674456
GRASIM,2024-02-22,2210.495230151789,2220.390016320777,2090.9661649160357,2178.040283203125,2177.278564453125,2190.773681640625,2132.120361328125,2148.043701171875,2170.916259765625,0.003281574498994779,-0.01053590090859578,-0.013817475407590558,0.013817475407590558,False,13.67963981628418,7.193280667997897,0.025121815997408703
GRASIM,2024-02-23,2210.495465753001,2213.167009988983,2159.636356052461,2171.31201171875,2145.7646484375,2192.59521484375,2088.722900390625,2119.507568359375,2178.040283203125,-0.003089140056895595,-0.026874027673018577,-0.02378488761612298,0.02378488761612298,True,14.93130111694336,7.5603711910080165,0.025529463979182765
GRASIM,2024-02-26,2180.910342073355,2188.034541192017,2151.918564621659,2163.89111328125,2180.533935546875,2200.324462890625,2137.426513671875,2166.930908203125,2171.31201171875,-0.003417702475484315,-0.002017721770054153,0.001399980705430162,0.001399980705430162,True,15.667974472045898,2.0509055400034413,0.05018700199434534
GRASIM,2024-02-27,2167.156296911163,2190.7059393340237,2167.156296911163,2181.602783203125,2158.96533203125,2171.342529296875,2109.728271484375,2133.937255859375,2163.89111328125,0.008185102204619545,-0.013842589970460206,-0.02202769217507975,0.02202769217507975,False,13.363468170166016,7.542803167016245,0.02516782601014711
GRASIM,2024-02-28,2178.8321478478097,2195.5542416362073,2150.3846345641473,2163.00048828125,2188.162109375,2206.2529296875,2151.962890625,2174.153564453125,2181.602783203125,-0.008526893651355859,-0.0034145623609183016,0.005112331290437557,0.005112331290437557,True,12.506464004516602,8.467212280986132,0.0312727429845836
GRASIM,2024-02-29,2163.000417559142,2182.789991370296,2135.0971667998037,2168.343505859375,2165.2470703125,2189.376220703125,2139.20751953125,2169.359619140625,2163.00048828125,0.002470187874238824,0.002939958124756621,0.00046977025051779704,0.00046977025051779704,True,13.536247253417969,7.474818073009374,0.02489910597796552
GRASIM,2024-03-01,2185.7583199347773,2235.6279468572548,2173.6372065716264,2231.17529296875,2153.681884765625,2188.44921875,2127.3515625,2162.4345703125,2168.343505859375,0.028976860418835258,-0.002725092002677465,-0.031701952421512726,0.031701952421512726,False,14.562503814697266,7.19776751101017,0.04384206599206664
GRASIM,2024-03-04,2221.3797396328605,2236.2219205212764,2202.8765357730267,2210.643798828125,2225.899169921875,2255.740966796875,2199.720458984375,2231.660888671875,2231.17529296875,-0.009202098197002831,0.0002176412156657031,0.009419739412668535,0.009419739412668535,False,14.93371295928955,4.578404542990029,0.03105048299767077
GRASIM,2024-03-05,2206.6363109709996,2228.206751080871,2197.0876975876854,2208.021484375,2205.076904296875,2215.794921875,2159.12158203125,2179.991943359375,2210.643798828125,-0.0011862220654974373,-0.013865578654054862,-0.012679356588557424,0.012679356588557424,True,15.491142272949219,5.102336448995629,0.02510630601318553
GRASIM,2024-03-06,2214.354167617729,2229.245869570308,2173.488892751867,2212.968994140625,2207.73095703125,2253.6435546875,2188.206787109375,2225.556884765625,2208.021484375,0.0022406982000111454,0.007941680148818185,0.005700981948807039,0.005700981948807039,True,12.503637313842773,7.441469158016844,0.05669859700719826
GRASIM,2024-03-07,2215.442691330044,2226.6733706058017,2184.7688532633933,2204.657470703125,2201.02587890625,2227.623046875,2166.20654296875,2196.91259765625,2212.968994140625,-0.003755824622715811,-0.007255590352548194,-0.003499765729832383,0.003499765729832383,True,12.397924423217773,7.129921135987388,0.04935365400160663
GRASIM,2024-03-11,2206.537609476079,2246.6610210479844,2202.084955107181,2213.26611328125,2208.0625,2262.093505859375,2190.368896484375,2224.881591796875,2204.657470703125,0.0039047528663849404,0.009173362013147548,0.005268609146762608,0.005268609146762608,True,13.472152709960938,8.620206456980668,0.025723373983055353
GRASIM,2024-03-12,2212.4743768601193,2223.3091203286535,2149.988893480528,2161.021484375,2206.167236328125,2237.322509765625,2172.527587890625,2184.35888671875,2213.26611328125,-0.023605217914259475,-0.013060890594689472,0.010544327319570003,0.010544327319570003,True,13.995615005493164,8.06500770902494,0.05476576500223018
GRASIM,2024-03-13,2170.916266505989,2179.871097050041,2114.81287256382,2126.48876953125,2164.9208984375,2180.35205078125,2124.828125,2139.16796875,2161.021484375,-0.015979810979869728,-0.010112586007593703,0.005867224972276024,0.005867224972276024,True,13.289846420288086,7.688839080015896,0.02502112599904649
GRASIM,2024-03-14,2127.2800900562734,2181.7014167541092,2106.2043877017545,2173.389892578125,2176.419189453125,2190.779541015625,2112.97802734375,2143.7236328125,2126.48876953125,0.022055664586093062,0.008104845663045352,-0.01395081892304771,0.01395081892304771,True,15.21873664855957,6.425819736003177,0.0251490650116466
GRASIM,2024-03-15,2162.1101415632816,2185.659542864056,2142.271044051627,2173.98388671875,2174.108642578125,2207.758056640625,2142.62841796875,2176.0556640625,2173.389892578125,0.00027330307491233916,0.001226550051363679,0.0009532469764513399,0.0009532469764513399,True,12.869945526123047,6.669960170023842,0.025737732998095453
GRASIM,2024-03-18,2158.053078060058,2190.705875664818,2147.1688121918046,2179.920654296875,2157.788818359375,2189.437255859375,2072.283935546875,2094.019775390625,2173.98388671875,0.002730824094140604,-0.036782292553610825,-0.03951311664775143,0.03951311664775143,False,13.302841186523438,6.988087197998539,0.0581953710061498
GRASIM,2024-03-19,2175.8635242930472,2182.8889192494607,2141.0834468068133,2150.9287109375,2183.695068359375,2202.431396484375,2165.766357421875,2182.703125,2179.920654296875,-0.013299540651733601,0.0012764091654622518,0.014575949817195854,0.014575949817195854,False,15.870586395263672,4.049809734977316,0.02520548499887809
GRASIM,2024-03-20,2152.611142949827,2173.0437836696533,2108.5793360726643,2144.6953125,2142.638916015625,2152.478271484375,2086.6943359375,2099.587890625,2150.9287109375,-0.0028980032698448298,-0.02386914082806709,-0.02097113755822226,0.02097113755822226,True,14.99280834197998,7.697897956008092,0.025253015017369762
GRASIM,2024-03-21,2164.979327608474,2188.0342289088203,2152.412996827511,2182.3447265625,2124.92919921875,2140.22412109375,2095.84814453125,2108.9384765625,2144.6953125,0.017554667948900083,-0.016672221797239557,-0.03422688974613964,0.03422688974613964,False,14.235163688659668,5.537884924997343,0.04576354898745194
GRASIM,2024-03-22,2176.8532447573534,2210.4955221763307,2171.361589393687,2200.155517578125,2187.270263671875,2215.422607421875,2171.36572265625,2201.49755859375,2182.3447265625,0.008161309622096002,0.008776263345625696,0.0006149537235296942,0.0006149537235296942,True,13.179868698120117,8.042029975011246,0.047087613987969235
GRASIM,2024-03-26,2191.695442465024,2218.5104133560217,2178.4858044561456,2216.48193359375,2192.013671875,2225.453369140625,2181.74658203125,2227.862548828125,2200.155517578125,0.007420573629993529,0.012593214901689855,0.0051726412716963256,0.0051726412716963256,True,12.485651016235352,8.407202266011154,0.025946112989913672
GRASIM,2024-03-27,2216.4321127943244,2228.2563340102474,2175.566597400293,2184.125732421875,2185.8359375,2202.27197265625,2157.817138671875,2180.45263671875,2216.48193359375,-0.014597999054931813,-0.01625517281640233,-0.0016571737614705165,0.0016571737614705165,True,14.252574920654297,7.6697193019790575,0.025423804996535182
GRASIM,2024-03-28,2186.7478693332678,2284.9041054704,2186.7478693332678,2263.234619140625,2185.701416015625,2200.4482421875,2149.08154296875,2180.064208984375,2184.125732421875,0.03621993255444587,-0.0018595648488589375,-0.0380794974033048,0.0380794974033048,False,13.17044448852539,8.941835414007073,0.02602626199950464
GRASIM,2024-04-01,2275.801011364405,2294.798954101405,2264.966267907299,2268.429443359375,2267.014404296875,2277.650146484375,2239.50390625,2258.505615234375,2263.234619140625,0.002295309631098932,-0.002089489028780257,-0.004384798659879189,0.004384798659879189,False,11.77375316619873,8.714796602987917,0.025450855027884245
GRASIM,2024-04-02,2272.832468172428,2291.6325625978857,2251.063937785056,2282.03466796875,2263.007568359375,2275.08447265625,2236.913330078125,2256.885009765625,2268.429443359375,0.005997640635992925,-0.00508917463910782,-0.011086815275100744,0.011086815275100744,False,13.725387573242188,5.28266009199433,0.025742533995071426
GRASIM,2024-04-03,2279.3632128775025,2291.7809772119413,2263.9767708933496,2281.193603515625,2304.503662109375,2315.184814453125,2275.5107421875,2290.523193359375,2282.03466796875,-0.00036855901662249306,0.003719717982277928,0.004088276998900421,0.004088276998900421,False,13.730873107910156,9.00337393101654,0.034108121995814145
GRASIM,2024-04-04,2285.200935758923,2299.301006481835,2225.8322169256107,2253.884033203125,2306.532470703125,2331.849609375,2260.2275390625,2291.6904296875,2281.193603515625,-0.011971614452369274,0.004601462215086867,0.01657307666745614,0.01657307666745614,False,13.237971305847168,8.705433978000656,0.025434113980736583
GRASIM,2024-04-05,2251.113506937706,2253.1419865350017,2210.0006196941517,2214.008056640625,2245.994140625,2258.728759765625,2218.668701171875,2238.328857421875,2253.884033203125,-0.01769211546604283,-0.006901497837554508,0.010790617628488323,0.010790617628488323,True,10.529316902160645,10.09102671200526,0.04577154899016023
GRASIM,2024-04-08,2223.3585514565852,2264.3723936441447,2211.4848075235727,2256.802978515625,2196.29296875,2211.28369140625,2117.17822265625,2190.410400390625,2214.008056640625,0.019329162667968747,-0.010658342538195352,-0.029987505206164097,0.029987505206164097,False,12.29450798034668,8.864927669987082,0.025300954992417246
GRASIM,2024-04-09,2272.783073328915,2288.0211903974287,2257.940892687347,2277.08740234375,2257.212158203125,2273.483642578125,2241.4873046875,2261.54248046875,2256.802978515625,0.008988123474325945,0.0021000955769042494,-0.006888027897421696,0.006888027897421696,True,11.202615737915039,13.858459826995386,0.025876072992105037
GRASIM,2024-04-10,2285.64620678654,2290.5440778915113,2267.439895876687,2282.084228515625,2269.519287109375,2276.82861328125,2246.49560546875,2255.815185546875,2277.08740234375,0.0021943936656677694,-0.009341853446196239,-0.011536247111864007,0.011536247111864007,False,13.464158058166504,8.709959321015049,0.02549605499370955
GRASIM,2024-04-12,2272.832533756241,2282.727320581475,2225.634448914264,2230.33447265625,2284.457763671875,2304.197998046875,2267.899658203125,2293.5126953125,2282.084228515625,-0.022676531923204027,0.005007907532102184,0.02768443945530621,0.02768443945530621,False,11.874015808105469,9.494763899012469,0.030446635006228462
GRASIM,2024-04-15,2215.442881741174,2229.691278858293,2201.392332056135,2213.859619140625,2234.45458984375,2246.455322265625,2212.896240234375,2221.9599609375,2230.33447265625,-0.0073867187713796256,-0.0037548232435183817,0.003631895527861244,0.003631895527861244,True,13.866806983947754,8.256218263006303,0.025048095994861796
GRASIM,2024-04-16,2205.5481380841425,2225.5850828110174,2197.731352572566,2219.351318359375,2205.89404296875,2224.164794921875,2190.416015625,2209.93798828125,2213.859619140625,0.0024805995697603288,-0.0017713999683942458,-0.004251999538154574,0.004251999538154574,False,15.665483474731445,4.176652308990015,0.025123625993728638
GRASIM,2024-04-18,2221.429246048606,2276.64220687433,2196.0984942174928,2202.629150390625,2210.89111328125,2223.45361328125,2159.928955078125,2179.49365234375,2219.351318359375,-0.007534709728206363,-0.01795915125555211,-0.010424441527345746,0.010424441527345746,True,14.573915481567383,8.363176021986874,0.024947236001025885
GRASIM,2024-04-19,2196.642702438088,2266.648320094617,2178.189021408997,2249.2333984375,2164.818115234375,2228.633544921875,2171.5185546875,2195.890380859375,2202.629150390625,0.021158463302190463,-0.0030594208426120728,-0.024217884144802537,0.024217884144802537,False,14.846895217895508,8.433595927985152,0.04245490001630969
GRASIM,2024-04-22,2251.0640090447273,2262.7894280942432,2242.2082231257314,2256.5556640625,2247.8076171875,2271.187255859375,2251.192138671875,2263.47314453125,2249.2333984375,0.0032554494478370453,0.006330933065302197,0.003075483617465152,0.003075483617465152,True,14.075433731079102,8.645813640992856,0.031594502012012526
GRASIM,2024-04-23,2254.4775056573662,2351.0011930202036,2254.427983412151,2345.212646484375,2247.431640625,2254.52392578125,2209.4716796875,2227.43408203125,2256.5556640625,0.03928863082520417,-0.012905324027691886,-0.05219395485289605,0.05219395485289605,False,15.364839553833008,2.511899452016223,0.029898298002080992
GRASIM,2024-04-24,2352.980325884264,2359.2140899484725,2308.4537848141244,2313.15380859375,2342.012939453125,2365.6103515625,2322.412841796875,2338.918701171875,2345.212646484375,-0.013669906623897525,-0.0026837418440221316,0.010986164779875393,0.010986164779875393,True,15.186050415039062,6.6801452320069075,0.025342615001136437
GRASIM,2024-04-25,2324.285426378573,2351.050873068245,2309.641093555711,2342.541259765625,2317.290283203125,2330.444580078125,2297.47265625,2308.142578125,2313.15380859375,0.01270449507624428,-0.002166406077335821,-0.0148709011535801,0.0148709011535801,False,15.330259323120117,3.852847494010348,0.02544948400463909
GRASIM,2024-04-26,2342.046672668862,2354.2668318271217,2305.535003521317,2317.804443359375,2339.7841796875,2382.37841796875,2314.736083984375,2335.62646484375,2342.541259765625,-0.010559821007688444,-0.002951834847325949,0.007607986160362495,0.007607986160362495,True,14.167613983154297,7.72014203298022,0.03208238899242133
GRASIM,2024-04-29,2330.222125404352,2367.6244651583484,2285.2998931612083,2361.48974609375,2328.15771484375,2332.510986328125,2299.572021484375,2311.67919921875,2317.804443359375,0.018847708597477048,-0.0026426923799262396,-0.021490400977403287,0.021490400977403287,False,14.956987380981445,4.969547656015493,0.02545662398915738
GRASIM,2024-04-30,2379.6961865610433,2412.794199552463,2349.1213924768313,2386.276123046875,2356.083984375,2382.375244140625,2329.80224609375,2356.89404296875,2361.48974609375,0.010496076467884436,-0.0019461033581034879,-0.012442179825987923,0.012442179825987923,False,14.45163345336914,6.9948760620027315,0.024979645997518674
GRASIM,2024-05-02,2384.643715068214,2426.2018213059177,2375.787928839094,2411.7060546875,2379.166015625,2399.81396484375,2350.795654296875,2383.106689453125,2386.276123046875,0.010656743113263537,-0.0013281923089869265,-0.011984935422250464,0.011984935422250464,False,13.714973449707031,7.4664307740167715,0.049258624989306554
GRASIM,2024-05-03,2416.3070790791853,2460.8336223054603,2413.1407954308197,2455.2431640625,2385.610595703125,2407.691162109375,2356.653564453125,2388.002197265625,2411.7060546875,0.018052411192640713,-0.009828667708406305,-0.02788107890104702,0.02788107890104702,False,13.753376007080078,7.308643915021094,0.0382815369812306
GRASIM,2024-05-06,2462.8123768437304,2463.554485836351,2415.515248732987,2427.488037109375,2448.65966796875,2469.65234375,2394.880126953125,2419.99658203125,2455.2431640625,-0.011304431006825714,-0.014355637986149698,-0.0030512069793239838,0.0030512069793239838,True,14.432685852050781,7.599593004997587,0.025122326012933627
GRASIM,2024-05-07,2434.1174997095727,2442.725915723426,2377.8162606743335,2395.52783203125,2407.02099609375,2425.54248046875,2377.309326171875,2401.4814453125,2427.488037109375,-0.013165957808872602,-0.010713375884580404,0.002452581924292197,0.002452581924292197,True,14.415056228637695,7.349752551992424,0.025047166011063382
GRASIM,2024-05-08,2378.706667518346,2398.644565627714,2345.954827672077,2352.337158203125,2398.135986328125,2419.792724609375,2378.741455078125,2406.59326171875,2395.52783203125,-0.018029710717868033,0.004619203141596248,0.02264891385946428,0.02264891385946428,False,14.859585762023926,6.693208092998248,0.02502487599849701
GRASIM,2024-05-09,2350.457197502975,2368.2182923666855,2320.3771407827717,2328.93603515625,2356.296875,2376.57666015625,2337.767822265625,2362.823486328125,2352.337158203125,-0.009948031031720966,0.004457833813674129,0.014405864845395095,0.014405864845395095,False,13.07502555847168,6.820545035996474,0.034644739993382245
GRASIM,2024-05-10,2335.1201750833043,2357.6308151741105,2297.569507290173,2352.13916015625,2344.3876953125,2368.502685546875,2324.135986328125,2351.6708984375,2328.93603515625,0.009962972211232622,0.009761909703855263,-0.000201062507377359,0.000201062507377359,True,12.768157958984375,7.567950472992379,0.025537154026096687
GRASIM,2024-05-13,2352.8812495306397,2367.822474182886,2322.355977286784,2360.1044921875,2338.385498046875,2353.454345703125,2304.754150390625,2327.345703125,2352.13916015625,0.0033864203981540243,-0.010540812147187328,-0.013927232545341353,0.013927232545341353,False,12.460853576660156,7.022506998007884,0.02979271800722927
GRASIM,2024-05-14,2358.3727329063686,2371.631891157274,2337.2475096315775,2347.0927734375,2340.930419921875,2365.448486328125,2324.806884765625,2353.728271484375,2360.1044921875,-0.005513196044103913,-0.002701668813491855,0.002811527230612058,0.002811527230612058,True,12.270957946777344,8.493279952992452,0.025236874993424863
GRASIM,2024-05-15,2361.836085343669,2378.657222892502,2341.3044027472993,2344.767578125,2334.639404296875,2346.468017578125,2306.603759765625,2325.59423828125,2347.0927734375,-0.000990670389690038,-0.009159644390521353,-0.008168974000831315,0.008168974000831315,True,14.663097381591797,7.280548101000022,0.05138875701231882
GRASIM,2024-05-16,2356.9382099716304,2360.8961246819104,2285.8935926077193,2347.63720703125,2339.67431640625,2380.841552734375,2299.3173828125,2316.155517578125,2344.767578125,0.0012238436478828776,-0.012202514574922056,-0.013426358222804934,0.013426358222804934,False,14.548588752746582,7.447455348999938,0.025951791991246864
GRASIM,2024-05-17,2349.022143449307,2408.044443980081,2349.022143449307,2398.149658203125,2342.8173828125,2368.074462890625,2321.420654296875,2353.214599609375,2347.63720703125,0.021516293497389018,0.0023757472242391317,-0.019140546273149886,0.019140546273149886,True,13.784820556640625,6.618270653998479,0.0503334210079629
GRASIM,2024-05-21,2404.532279795773,2424.17328700102,2381.0814414038346,2420.907958984375,2415.019287109375,2452.085205078125,2394.884033203125,2435.701171875,2398.149658203125,0.00948994184053644,0.015658536381758355,0.006168594541221914,0.006168594541221914,True,14.597569465637207,6.015492965001613,0.025029355980223045
GRASIM,2024-05-22,2430.1099247902175,2437.1353194946983,2392.856152045674,2411.012939453125,2387.49853515625,2396.80419921875,2355.76904296875,2376.498046875,2420.907958984375,-0.004087317526685807,-0.018344320751461345,-0.01425700322477554,0.01425700322477554,True,13.760498046875,6.207905012997799,0.024890467000659555
GRASIM,2024-05-23,2416.3070130482606,2435.9975427747872,2370.4445781497066,2427.98291015625,2424.83837890625,2452.3681640625,2340.46875,2382.834716796875,2411.012939453125,0.007038523280167129,-0.011687296320625094,-0.018725819600792223,0.018725819600792223,False,14.107746124267578,7.090673233004054,0.024890506989322603
GRASIM,2024-05-24,2423.9753209934133,2448.7618094714435,2406.01638013835,2415.3173828125,2406.54150390625,2438.624755859375,2374.43310546875,2391.088623046875,2427.98291015625,-0.005216481257248605,-0.015195447610049574,-0.00997896635280097,0.00997896635280097,True,13.39921760559082,6.8675382299989,0.025105464999796823
GRASIM,2024-05-27,2415.3669398970123,2429.862705688787,2360.8465689083496,2365.4970703125,2422.93359375,2451.15771484375,2376.502685546875,2418.951171875,2415.3173828125,-0.02062681817906145,0.0015044768395069716,0.022131295018568423,0.022131295018568423,False,12.93875503540039,7.322569203010062,0.057542594004189596
GRASIM,2024-05-28,2373.6602331698964,2443.962739457603,2367.5255138638113,2414.67431640625,2375.91845703125,2405.5673828125,2354.0400390625,2391.758056640625,2365.4970703125,0.020789392094767344,0.011101677807047855,-0.009687714287719489,0.009687714287719489,True,13.118972778320312,7.203697029006435,0.04442527299397625
GRASIM,2024-05-29,2414.3278912397595,2434.117464118774,2368.0697646350636,2375.342529296875,2417.556396484375,2426.2607421875,2392.799072265625,2412.790771484375,2414.67431640625,-0.016288650954764092,-0.0007800409807142324,0.01550860997404986,0.01550860997404986,True,13.337434768676758,7.779201981000369,0.025433164002606645
GRASIM,2024-05-30,2378.7065360294296,2381.27927699833,2303.5061630101964,2320.525146484375,2403.371337890625,2437.999267578125,2383.3505859375,2423.486572265625,2375.342529296875,-0.023077674961146127,0.020268252841412777,0.0433459278025589,0.0433459278025589,False,14.219694137573242,7.398781086987583,0.056240589008666575
GRASIM,2024-05-31,2318.298913989142,2337.148530254992,2271.7934182558715,2291.8798828125,2319.474609375,2339.17431640625,2266.01806640625,2281.0009765625,2320.525146484375,-0.012344302200419132,-0.01703242474306069,-0.004688122542641558,0.004688122542641558,True,14.329167366027832,7.281696475984063,0.02508260600734502
GRASIM,2024-06-03,2374.748637092822,2379.8938774921385,2337.445342232874,2343.876953125,2260.018798828125,2341.119140625,2258.0849609375,2323.024658203125,2291.8798828125,0.02268751984012851,0.013589183108673838,-0.009098336731454673,0.009098336731454673,True,13.351073265075684,7.740468736010371,0.035293697990709916
GRASIM,2024-06-04,2311.471792281799,2340.315000092842,2148.7520664922786,2232.65966796875,2346.17919921875,2362.039794921875,2323.51806640625,2344.110595703125,2343.876953125,-0.047450138117518637,9.968210055288672e-05,0.047549820218071526,0.047549820218071526,False,13.464820861816406,8.38221390999388,0.02493039600085467
GRASIM,2024-06-05,2234.638379173679,2289.406116448776,2159.190635735875,2280.599853515625,2189.65478515625,2352.00244140625,2179.26123046875,2288.26123046875,2232.65966796875,0.021472231632369866,0.024903734007335615,0.003431502374965749,0.003431502374965749,True,13.714923858642578,6.626562323013786,0.052242734003812075
GRASIM,2024-06-06,2281.78731349079,2328.243288289532,2268.973613150971,2310.185302734375,2256.43603515625,2281.09765625,2216.7333984375,2246.665283203125,2280.599853515625,0.01297266119400253,-0.014879668724080931,-0.02785232991808346,0.02785232991808346,False,13.210576057434082,9.524846245010849,0.05247749399859458
GRASIM,2024-06-07,2286.8829387927412,2358.372769105345,2286.8829387927412,2354.810791015625,2305.61279296875,2325.408935546875,2273.946044921875,2300.973388671875,2310.185302734375,0.01931684364385424,-0.003987521715940544,-0.023304365359794785,0.023304365359794785,False,14.230524063110352,9.17245644700597,0.02973999801906757
GRASIM,2024-06-10,2356.0476978334327,2445.9912100197034,2350.308673379032,2421.056396484375,2347.719970703125,2394.966552734375,2333.708251953125,2377.65478515625,2354.810791015625,0.02813202900271168,0.00970098923776905,-0.018431039764942633,0.018431039764942633,True,15.426715850830078,4.0426077019947115,0.02528405500925146
GRASIM,2024-06-11,2424.1236981348943,2455.8860600854855,2400.8216687030786,2431.050048828125,2435.9853515625,2462.55029296875,2416.0615234375,2445.125,2421.056396484375,0.004127806505565843,0.009941364253461881,0.005813557747896038,0.005813557747896038,True,13.742840766906738,9.750618638994638,0.052316782996058464
GRASIM,2024-06-12,2404.433194955586,2450.7903677916347,2404.433194955586,2424.37109375,2428.1552734375,2437.04638671875,2388.469970703125,2406.151611328125,2431.050048828125,-0.002747354000936573,-0.010241844881804124,-0.007494490880867552,0.007494490880867552,True,14.810661315917969,6.733297452999977,0.02503911600797437
GRASIM,2024-06-13,2415.3668516162365,2449.5038642599407,2404.4330644695915,2432.18798828125,2430.84521484375,2445.9306640625,2403.437255859375,2422.5224609375,2424.37109375,0.0032242978607531915,-0.0007625205634837644,-0.003986818424236956,0.003986818424236956,False,12.753009796142578,7.835452669998631,0.05422952599474229
GRASIM,2024-06-14,2432.1881587981015,2497.1473386092875,2424.2228069750795,2445.19970703125,2417.868408203125,2474.40478515625,2404.362060546875,2449.061279296875,2432.18798828125,0.005349799773986618,0.006937494592080778,0.0015876948180941599,0.0015876948180941599,True,11.163276672363281,9.300825665995944,0.02519460499752313
GRASIM,2024-06-18,2445.0017992027715,2461.278675047382,2419.2753537235035,2431.693359375,2450.551513671875,2470.167724609375,2422.962646484375,2435.962890625,2445.19970703125,-0.005523617403278785,-0.0037775304731508183,0.0017460869301279668,0.0017460869301279668,True,13.409994125366211,8.884393907006597,0.025084196007810533
GRASIM,2024-06-19,2432.138773122352,2434.958884195156,2386.622750517133,2421.40283203125,2435.784423828125,2453.88525390625,2424.5693359375,2435.365234375,2431.693359375,-0.004231835936088133,0.0015100074134938438,0.005741843349581977,0.005741843349581977,False,13.880748748779297,7.501945171010448,0.05229471399798058
GRASIM,2024-06-20,2421.3535189892227,2477.6547626131096,2406.907032770124,2472.509521484375,2406.584228515625,2417.566650390625,2371.6259765625,2381.849365234375,2421.40283203125,0.021106231799627066,-0.016334938686635075,-0.03744117048626214,0.03744117048626214,False,13.663671493530273,7.056988829019247,0.03843672599759884
GRASIM,2024-06-21,2472.707353868542,2489.1327974657993,2424.8166798181583,2440.202880859375,2463.10791015625,2490.577880859375,2458.295654296875,2473.09130859375,2472.509521484375,-0.013066336183653868,0.0002353022725775888,0.013301638456231456,0.013301638456231456,False,14.481499671936035,6.798253239016049,0.054655215004459023
GRASIM,2024-06-24,2437.9764374791735,2495.217876085363,2417.3954740706936,2488.637939453125,2398.671142578125,2467.33740234375,2407.5244140625,2456.52197265625,2440.202880859375,0.01984878346537008,0.006687596316224267,-0.013161187149145815,0.013161187149145815,True,14.582416534423828,7.038865747017553,0.024992057005874813
GRASIM,2024-06-25,2493.485975505719,2503.232435967315,2468.7490114630036,2490.468017578125,2455.990234375,2490.200927734375,2445.70751953125,2471.701171875,2488.637939453125,0.0007353733928054466,-0.006805637457189467,-0.007541010849994913,0.007541010849994913,False,13.953584671020508,7.781001873983769,0.049403673998313025
GRASIM,2024-06-26,2492.2989589722642,2537.0233471997744,2482.65154179785,2525.39697265625,2479.68798828125,2514.97314453125,2477.794921875,2504.38427734375,2490.468017578125,0.01402505666870275,0.005587809065365142,-0.008437247603337607,0.008437247603337607,True,14.217741966247559,5.310901226010174,0.02512417599791661
GRASIM,2024-06-27,2528.0190391786036,2626.719539705742,2525.3970172470126,2609.84912109375,2513.09765625,2534.703857421875,2498.634521484375,2507.8759765625,2525.39697265625,0.033441137908972775,-0.006937917596108131,-0.040379055505080905,0.040379055505080905,False,13.161160469055176,7.09206506802002,0.024936175992479548
GRASIM,2024-06-28,2608.216257298355,2650.7638401968725,2559.9791720355,2642.353271484375,2572.41650390625,2599.71142578125,2563.5244140625,2576.581298828125,2609.84912109375,0.012454417432760627,-0.012747028936171965,-0.02520144636893259,0.02520144636893259,False,14.349154472351074,5.88087046900182,0.02504896599566564
GRASIM,2024-07-01,2638.1480308780124,2715.0304766575587,2634.04179094965,2697.714599609375,2591.01953125,2625.44140625,2559.445068359375,2587.862060546875,2642.353271484375,0.02095152405336781,-0.020622227741292472,-0.04157375179466028,0.04157375179466028,False,15.257501602172852,6.965906380995875,0.0391729130060412
GRASIM,2024-07-02,2688.413651991171,2733.632780671995,2688.413651991171,2714.090576171875,2667.094970703125,2707.22705078125,2676.827392578125,2709.37646484375,2697.714599609375,0.006070314689652944,0.004322868414643869,-0.0017474462750090751,0.0017474462750090751,True,14.787471771240234,9.522465484973509,0.025141916004940867
GRASIM,2024-07-03,2721.8085949497654,2732.3464467118642,2701.9199760058004,2713.4970703125,2671.77880859375,2736.195556640625,2653.267578125,2683.31396484375,2714.090576171875,-0.0002186757747090807,-0.011339566777293881,-0.0111208910025848,0.0111208910025848,True,14.574722290039062,8.278541009000037,0.025440725003136322
GRASIM,2024-07-04,2719.0874760510364,2723.787499890644,2688.4631585052443,2706.075927734375,2683.181396484375,2708.744140625,2659.994384765625,2678.13330078125,2713.4970703125,-0.0027348997938185884,-0.01303254384099163,-0.010297644047173041,0.010297644047173041,True,11.998947143554688,8.457436387980124,0.0485413080023136
GRASIM,2024-07-05,2701.2767861711927,2726.706339836511,2691.777694250385,2719.08740234375,2674.138427734375,2713.9619140625,2675.14208984375,2709.5087890625,2706.075927734375,0.004808244467947608,0.0012685753910087498,-0.0035396690769388586,0.0035396690769388586,True,11.355588912963867,8.5021895999962,0.02496927700121887
GRASIM,2024-07-08,2722.7483977024112,2725.964203367838,2685.296775126683,2713.298828125,2687.22900390625,2767.234619140625,2680.68896484375,2704.003173828125,2719.08740234375,-0.0021288665505053163,-0.005547533522689623,-0.0034186669721843065,0.0034186669721843065,True,10.874259948730469,7.315078270999948,0.02491542702773586
GRASIM,2024-07-09,2706.323155824433,2756.6380003003414,2690.2934084156755,2732.7421875,2696.963134765625,2726.0400390625,2668.95703125,2693.128662109375,2713.298828125,0.007165948392214562,-0.0074338166539376005,-0.014599765046152163,0.014599765046152163,False,10.890409469604492,8.130366503988625,0.045672839012695476
GRASIM,2024-07-10,2751.7401038160747,2782.6613113832277,2712.1609581301186,2772.66748046875,2691.0126953125,2712.4208984375,2645.957275390625,2673.61376953125,2732.7421875,0.01460997424176151,-0.02163702753930204,-0.03624700178106355,0.03624700178106355,False,14.107002258300781,7.524296047020471,0.025322175002656877
GRASIM,2024-07-11,2795.2769931977696,2807.150736177725,2761.882091066646,2772.123291015625,2741.356689453125,2770.6337890625,2729.308349609375,2761.3251953125,2772.66748046875,-0.00019626928110146074,-0.0040907484349087765,-0.0038944791538073156,0.0038944791538073156,True,13.608420372009277,7.423547985003097,0.025081286003114656
GRASIM,2024-07-12,2777.4664945913464,2820.0140753777473,2772.1234066562442,2813.829833984375,2750.337890625,2766.5361328125,2699.513427734375,2721.775146484375,2772.123291015625,0.015044981261807422,-0.018162303492931554,-0.033207284754738976,0.033207284754738976,False,16.51053810119629,6.335753422987182,0.048748897010227665
GRASIM,2024-07-15,2820.0141194480047,2822.9330331169062,2756.687486590225,2774.250732421875,2779.453369140625,2810.717529296875,2770.97998046875,2803.912109375,2813.829833984375,-0.014065918658078944,-0.0035246355304050245,0.010541283127673919,0.010541283127673919,True,12.658639907836914,8.75383481598692,0.024997536005685106
GRASIM,2024-07-16,2788.350817117881,2814.819370828989,2780.731879878042,2797.6025390625,2780.9560546875,2802.88427734375,2760.63330078125,2784.718505859375,2774.250732421875,0.008417338190711861,0.0037731893931453727,-0.004644148797566488,0.004644148797566488,True,14.149778366088867,6.707452150003519,0.024905245983973145
GRASIM,2024-07-18,2780.43497659379,2815.858360197165,2747.7821814950016,2762.426513671875,2773.973876953125,2802.94482421875,2757.90283203125,2797.766845703125,2797.6025390625,-0.012573632208102292,5.8731230877442846e-05,0.012632363438979735,0.012632363438979735,False,13.533613204956055,7.764398775994778,0.04292041901499033
GRASIM,2024-07-19,2756.6874738325396,2760.5958661217564,2705.7293241906245,2714.139892578125,2772.69970703125,2812.661865234375,2764.138671875,2797.31640625,2762.426513671875,-0.01747978483944046,0.012630161347441105,0.030109946186881564,0.030109946186881564,False,13.853252410888672,6.87368531699758,0.025009525998029858
GRASIM,2024-07-22,2673.5713154503833,2792.308753590297,2673.5713154503833,2781.96875,2731.85205078125,2754.287109375,2717.43994140625,2739.460693359375,2714.139892578125,0.02499092165711668,0.009329217278184624,-0.015661704378932058,0.015661704378932058,True,13.075839042663574,7.681773556978442,0.025131444999715313
GRASIM,2024-07-23,2781.4246337069117,2820.9542595713165,2744.8634439510524,2793.347900390625,2760.69189453125,2798.149169921875,2744.748291015625,2773.508056640625,2781.96875,0.004090322866000921,-0.003041261106680296,-0.007131583972681217,0.007131583972681217,False,14.254425048828125,9.453798511996865,0.02497312700143084
GRASIM,2024-07-24,2800.2247304572247,2800.2247304572247,2745.8034017734267,2777.36767578125,2769.798828125,2792.634521484375,2739.58984375,2765.350830078125,2793.347900390625,-0.005720814298548458,-0.010022765266218668,-0.00430195096767021,0.00430195096767021,True,16.31317710876465,3.2687257539946586,0.02538759500021115
GRASIM,2024-07-25,2775.4877790058526,2795.277353187713,2742.389764501082,2768.1162109375,2774.55517578125,2822.46533203125,2716.37109375,2719.42919921875,2777.36767578125,-0.0033310191244836323,-0.020860931401962254,-0.01752991227747862,0.01752991227747862,True,16.159696578979492,2.287169304006966,0.025040626002009958
GRASIM,2024-07-26,2795.2277353055647,2847.4722576726385,2778.950859412251,2813.384765625,2730.859375,2789.2734375,2708.967041015625,2780.667236328125,2768.1162109375,0.01635356005236808,0.004534139622112991,-0.01181942043025509,0.01181942043025509,True,15.328544616699219,10.340195728989784,0.024961865972727537
GRASIM,2024-07-29,2829.8100299070593,2834.8564678922958,2790.3299265117885,2798.443603515625,2838.450439453125,2859.694580078125,2823.838134765625,2850.642578125,2813.384765625,-0.005310742523358971,0.013243056177466394,0.018553798700825366,0.018553798700825366,False,12.800442695617676,8.842266705003567,0.025582533999113366
GRASIM,2024-07-30,2798.4437383156696,2800.2248483710746,2753.5710221727572,2761.5361328125,2815.108154296875,2835.212890625,2792.587158203125,2815.907470703125,2798.443603515625,-0.013188570481377195,0.006240564278501277,0.019429134759878473,0.019429134759878473,False,14.595964431762695,7.153762126981746,0.05316316999960691
GRASIM,2024-07-31,2761.5359387384888,2769.3034429696995,2732.49488455663,2747.534912109375,2735.427001953125,2744.997314453125,2703.4609375,2716.705322265625,2761.5361328125,-0.005070084195807856,-0.016234011937847376,-0.01116392774203952,0.01116392774203952,True,13.198162078857422,8.662163180008065,0.0253435849735979
GRASIM,2024-08-01,2752.6801088188245,2759.3095675238987,2724.6285337617264,2737.887451171875,2731.826171875,2756.990478515625,2704.23193359375,2733.910400390625,2747.534912109375,-0.003511315141067059,-0.004958812955825192,-0.0014474978147581332,0.0014474978147581332,True,13.095450401306152,8.942683967994526,0.0557938709971495
GRASIM,2024-08-02,2720.571737909073,2728.0918728023053,2672.5820200372455,2678.321044921875,2741.898193359375,2747.638671875,2673.36474609375,2696.77294921875,2737.887451171875,-0.02175633853192332,-0.015016870739345807,0.006739467792577515,0.006739467792577515,True,13.371150970458984,7.526053811016027,0.024995186016894877
GRASIM,2024-08-05,2627.214162809927,2650.763803190541,2560.523397873002,2584.765625,2714.369384765625,2780.697998046875,2697.469482421875,2757.49853515625,2678.321044921875,-0.03493062196530064,0.029562359741934732,0.06449298170723537,0.06449298170723537,False,14.222801208496094,10.598765128990635,0.03458182999747805
GRASIM,2024-08-06,2609.3493934169887,2661.3972249342223,2592.4636150812107,2602.89306640625,2542.309814453125,2574.52685546875,2522.925537109375,2553.962158203125,2584.765625,0.007013185733716186,-0.011917315248602086,-0.01893050098231827,0.01893050098231827,False,14.119270324707031,6.785835396003677,0.02490930599742569
GRASIM,2024-08-07,2632.194727940202,2641.531472616569,2614.56398966815,2619.331787109375,2628.87353515625,2659.501953125,2620.151611328125,2644.53466796875,2602.89306640625,0.006315557452316524,0.015998199119256762,0.009682641666940238,0.009682641666940238,True,12.936155319213867,6.590392148995306,0.025007535994518548
GRASIM,2024-08-08,2605.6244766324794,2616.1036400580892,2514.093726202224,2527.552490234375,2635.966064453125,2660.472900390625,2618.138916015625,2644.156005859375,2619.331787109375,-0.035039202489229204,0.009477309775022945,0.04451651226425215,0.04451651226425215,False,12.188716888427734,8.217512848001206,0.053006361005827785
GRASIM,2024-08-09,2538.9258344087016,2621.2190253759377,2522.983624770428,2555.4638671875,2568.762451171875,2564.174072265625,2528.162353515625,2517.664794921875,2527.552490234375,0.011042847600975769,-0.003911964380839875,-0.014954811981815645,0.014954811981815645,False,14.79670524597168,9.382235920988023,0.043302367004798725
GRASIM,2024-08-12,2552.7322450396564,2603.38957752877,2537.882742153192,2553.824951171875,2575.04833984375,2606.14990234375,2550.064453125,2576.654052734375,2555.4638671875,-0.0006413379725962485,0.008292109240502218,0.008933447213098467,0.008933447213098467,False,13.880477905273438,6.847962262982037,0.050893979001557454
GRASIM,2024-08-13,2554.7188166741093,2562.0689993176275,2495.2708498536563,2502.3232421875,2541.823974609375,2601.66455078125,2519.4404296875,2573.6044921875,2553.824951171875,-0.020166499258589505,0.007745065301577836,0.027911564560167343,0.027911564560167343,False,13.941488265991211,6.377129268978024,0.025008355994941667
GRASIM,2024-08-14,2507.041444631559,2517.470895966199,2488.2188166752853,2495.519287109375,2528.9619140625,2571.33251953125,2516.47216796875,2551.732666015625,2502.3232421875,-0.0027190552217294943,0.01974542017398675,0.022464475395716246,0.022464475395716246,False,12.397037506103516,6.134624067024561,0.04752473198459484
GRASIM,2024-08-16,2495.5191575624144,2590.4769208322873,2495.5191575624144,2582.87841796875,2435.5380859375,2561.050537109375,2414.260986328125,2451.388916015625,2495.519287109375,0.03500639378370237,-0.01768384292668295,-0.05269023671038532,0.05269023671038532,False,13.480830192565918,8.622820727992803,0.04573629901278764
GRASIM,2024-08-19,2602.1977664090036,2617.4444851618077,2539.8693799677535,2580.94140625,2568.54150390625,2610.6064453125,2514.77001953125,2589.52783203125,2582.87841796875,-0.0007499430500771777,0.0025744200796448216,0.003324363129721999,0.003324363129721999,False,15.646974563598633,2.589420850999886,0.025061666005058214
GRASIM,2024-08-20,2590.4770128453692,2631.1021113304555,2571.6543851976376,2618.984130859375,2544.255615234375,2659.250732421875,2459.9208984375,2576.934326171875,2580.94140625,0.014739863724628096,-0.001552565303660698,-0.016292429028288796,0.016292429028288796,False,12.773709297180176,4.927547072991729,0.05051179102156311
GRASIM,2024-08-21,2622.31175035888,2673.962366255041,2607.511716842323,2666.810791015625,2598.398193359375,2647.197509765625,2578.69775390625,2603.64306640625,2618.984130859375,0.018261531100059205,-0.005857639331358259,-0.024119170431417463,0.024119170431417463,False,13.343683242797852,8.157625661988277,0.02517026601708494
GRASIM,2024-08-22,2676.346072453837,2754.318634755932,2672.969013889263,2736.63818359375,2607.565185546875,2694.6484375,2597.3369140625,2643.657470703125,2666.810791015625,0.026183857067539472,-0.008682025882939494,-0.03486588295047897,0.03486588295047897,False,13.16779899597168,6.845377542980714,0.025600923981983215
GRASIM,2024-08-23,2752.7790908724774,2762.21526114194,2688.762173702332,2730.082763671875,2755.154541015625,2809.41357421875,2743.473388671875,2798.927001953125,2736.63818359375,-0.0023954280698029397,0.022761071862842094,0.025156499932645033,0.025156499932645033,False,11.904987335205078,6.847787022998091,0.02503959700698033
GRASIM,2024-08-26,2733.509321075689,2744.634019812576,2694.572754246462,2718.212890625,2732.27685546875,2793.595458984375,2687.33740234375,2729.64013671875,2730.082763671875,-0.004347807035311411,-0.00016212949988727841,0.004185677535424133,0.004185677535424133,True,10.99168586730957,10.00025046299561,0.05563368200091645
GRASIM,2024-08-27,2723.03039932923,2729.4867264228815,2678.9288158742415,2681.759521484375,2711.302001953125,2730.051513671875,2690.530029296875,2712.989013671875,2718.212890625,-0.013410785176669241,-0.0019218056728161094,0.011488979503853133,0.011488979503853133,True,12.372085571289062,8.109312633023364,0.052312263986095786
GRASIM,2024-08-28,2680.3689527086162,2704.257410811278,2664.973096207974,2697.304443359375,2697.443115234375,2719.281494140625,2652.984375,2664.136962890625,2681.759521484375,0.005796538336291899,-0.0065712672790272314,-0.012367805615319132,0.012367805615319132,False,11.987645149230957,10.717899701994611,0.02505942599964328
GRASIM,2024-08-29,2696.6586788939962,2700.7312282795165,2622.311736333571,2658.21875,2654.3583984375,2679.20947265625,2639.010986328125,2660.613525390625,2697.304443359375,-0.014490649528125003,-0.013602809300626467,0.0008878402274985365,0.0008878402274985365,True,12.300719261169434,9.41108108201297,0.02504185598809272
GRASIM,2024-08-30,2658.2188344334872,2690.6990779414773,2658.2188344334872,2680.716796875,2628.49169921875,2696.478759765625,2621.492431640625,2673.649658203125,2658.21875,0.0084635799348718,0.0058049805732222,-0.0026585993616496002,0.0026585993616496002,True,12.043632507324219,8.578691333997995,0.02501323600881733
GRASIM,2024-09-02,2688.5634874037755,2711.3095264936505,2657.5731670825476,2672.720703125,2675.07568359375,2691.20458984375,2653.393798828125,2669.890869140625,2680.716796875,-0.002982819281515045,-0.004038445145341403,-0.0010556258638263578,0.0010556258638263578,True,13.837884902954102,8.6054758229875,0.025470173975918442
GRASIM,2024-09-03,2662.0925743556377,2691.791580028173,2662.0925743556377,2688.662841796875,2651.72705078125,2690.117431640625,2602.356201171875,2679.916259765625,2672.720703125,0.005964760423053229,0.002692221687141424,-0.003272538735911805,0.003272538735911805,True,13.584568977355957,8.413631103001535,0.05622087899246253
GRASIM,2024-09-04,2676.8926168982694,2745.379301583794,2669.194688222588,2739.12158203125,2660.10205078125,2677.705810546875,2532.70556640625,2642.35205078125,2688.662841796875,0.01876722490078103,-0.017224469463294544,-0.03599169436407557,0.03599169436407557,False,13.34710693359375,8.156536136026261,0.025064375979127362
GRASIM,2024-09-05,2755.36165261184,2755.36165261184,2716.921724199102,2723.179443359375,2741.02392578125,2771.0419921875,2731.242919921875,2752.037109375,2739.12158203125,-0.005820164674856379,0.0047152077616694306,0.01053537243652581,0.01053537243652581,False,14.50429916381836,7.810199535015272,0.04014732001814991
GRASIM,2024-09-06,2721.5901864692687,2726.159376483156,2656.083347086969,2674.757080078125,2735.738525390625,2771.20166015625,2705.880615234375,2742.08935546875,2723.179443359375,-0.017781554351598325,0.006944056571625449,0.024725610923223774,0.024725610923223774,False,12.798089981079102,8.043713229999412,0.036828352021984756
GRASIM,2024-09-09,2671.8763252756426,2697.155279624191,2655.934115843566,2692.139404296875,2702.176513671875,2748.9150390625,2695.904541015625,2725.84765625,2674.757080078125,0.006498655279096333,0.019101015397773143,0.012602360118676811,0.012602360118676811,True,14.939262390136719,6.84393039799761,0.025607353978557512
GRASIM,2024-09-10,2681.8589304354387,2696.9070418783317,2659.01346547247,2684.391845703125,2673.787109375,2692.88720703125,2615.948486328125,2639.4697265625,2692.139404296875,-0.0028778445058915826,-0.019564246060330266,-0.016686401554438682,0.016686401554438682,True,14.607213973999023,7.177710596006364,0.024966286000562832
GRASIM,2024-09-11,2691.7915077322054,2711.1604872158873,2656.132816862345,2663.13525390625,2690.7412109375,2707.79248046875,2677.42236328125,2688.470947265625,2684.391845703125,-0.00791858753069161,0.0015195626409867736,0.009438150171678383,0.009438150171678383,False,13.031843185424805,7.705739627010189,0.025018995977006853
GRASIM,2024-09-12,2672.522245781105,2746.422263205031,2660.7517676529756,2738.575439453125,2684.761962890625,2719.3369140625,2668.6220703125,2699.026611328125,2663.13525390625,0.028327583225906523,0.013477106492894063,-0.01485047673301246,0.01485047673301246,True,15.691490173339844,8.462124749989016,0.02503670600708574
GRASIM,2024-09-13,2741.555025241075,2780.1935597067104,2729.734835667861,2765.64208984375,2727.451904296875,2762.12255859375,2696.8544921875,2750.443115234375,2738.575439453125,0.00988347810350261,0.004333521585813935,-0.005549956517688676,0.005549956517688676,True,15.289765357971191,8.133591972000431,0.05428210599347949
GRASIM,2024-09-16,2783.9682552870613,2800.1090728124964,2738.7739662158438,2746.72021484375,2764.717529296875,2808.802978515625,2750.630126953125,2799.791259765625,2765.64208984375,-0.00684176563174486,0.012347646156847547,0.019189411788592407,0.019189411788592407,False,14.01687240600586,6.267990168009419,0.02613873197697103
GRASIM,2024-09-17,2750.395161551901,2758.639442569423,2711.657201530043,2736.34033203125,2760.962158203125,2793.347412109375,2744.53515625,2777.719970703125,2746.72021484375,-0.0037790098738143484,0.011286098850493389,0.015065108724307738,0.015065108724307738,False,15.280567169189453,8.341293964011129,0.02592755202203989
GRASIM,2024-09-18,2736.3406280882505,2758.341708198909,2696.758277911429,2704.406494140625,2633.055419921875,2722.757568359375,2615.2734375,2711.98291015625,2736.34033203125,-0.011670272705778436,-0.008901459219043456,0.0027688134867349806,0.0027688134867349806,True,14.832468032836914,7.068371926987311,0.05651299798046239
GRASIM,2024-09-19,2724.5699559460295,2756.354949963628,2704.009086440947,2720.547119140625,2677.396728515625,2745.404296875,2667.834716796875,2709.04931640625,2704.406494140625,0.005968268836423195,0.001716761986662934,-0.004251506849760261,0.004251506849760261,True,14.702404022216797,6.8558842329948675,0.025085795990889892
GRASIM,2024-09-20,2726.55664089847,2737.1847002518275,2646.299478888545,2660.255126953125,2723.43701171875,2771.0654296875,2703.9462890625,2749.59912109375,2720.547119140625,-0.02216171584138753,0.010678735078222808,0.03284045091961034,0.03284045091961034,False,12.436741828918457,6.3597825540055055,0.0493980240134988
GRASIM,2024-09-23,2686.825307118829,2686.825307118829,2647.0940641300112,2648.981201171875,2648.45849609375,2666.653076171875,2475.367919921875,2574.323974609375,2660.255126953125,-0.004237911494662689,-0.03230184634289933,-0.02806393484823664,0.02806393484823664,True,13.718119621276855,6.9781845250108745,0.025716143019963056
GRASIM,2024-09-24,2658.367905782811,2676.8925008572837,2592.463609364568,2601.701171875,2625.763916015625,2675.67724609375,2584.477294921875,2653.134033203125,2648.981201171875,-0.017848382342599837,0.0015677091364079295,0.019416091479007767,0.019416091479007767,False,13.807287216186523,8.084633205988212,0.024978417000966147
GRASIM,2024-09-25,2601.701203829986,2648.087382166839,2566.58862034841,2644.1142578125,2615.197509765625,2649.417236328125,2570.846923828125,2597.4228515625,2601.701171875,0.01630205897433395,-0.0016444318658690115,-0.01794649084020296,0.01794649084020296,False,12.210110664367676,10.499309691978851,0.05176536602084525
GRASIM,2024-09-26,2656.0335381819973,2731.522898279915,2638.3530869221704,2727.40087890625,2632.292724609375,2656.928955078125,2571.435546875,2629.029296875,2644.1142578125,0.031498873714577595,-0.0057051093359255685,-0.03720398305050317,0.03720398305050317,False,11.507147789001465,7.783154046017444,0.024930407002102584
GRASIM,2024-09-27,2727.4007634295094,2788.1398003049535,2727.4007634295094,2764.449951171875,2725.64013671875,2748.986083984375,2696.706298828125,2731.093994140625,2727.40087890625,0.013584021532061149,0.0013540786258952968,-0.012229942906165851,0.012229942906165851,True,13.115341186523438,10.218416354997316,0.05154947700793855
GRASIM,2024-09-30,2765.2944012496146,2805.025642646879,2746.4220615859135,2776.766845703125,2773.652587890625,2811.43359375,2754.48388671875,2802.244873046875,2764.449951171875,0.004455459403787997,0.01367176926425396,0.009216309860465961,0.009216309860465961,True,14.465173721313477,7.079172366007697,0.024964206997537985
GRASIM,2024-10-01,2775.276951644773,2794.745114622148,2736.489278346382,2782.3291015625,2770.261474609375,2785.052978515625,2736.455810546875,2764.84765625,2776.766845703125,0.002003141123635298,-0.004292470385682258,-0.0062956115093175564,0.0062956115093175564,False,14.141510009765625,8.196013460023096,0.04472312200232409
GRASIM,2024-10-03,2770.2610235522034,2813.965392514662,2733.609047490614,2747.564453125,2765.6826171875,2784.919189453125,2746.607177734375,2766.453857421875,2782.3291015625,-0.012494800998910184,-0.005705739170722033,0.006789061828188151,0.006789061828188151,True,14.61613655090332,9.073283439007355,0.056784117012284696
GRASIM,2024-10-04,2747.5643787170143,2770.0623408124384,2712.650645548309,2726.656005859375,2698.2646484375,2779.615478515625,2672.052490234375,2725.679443359375,2747.564453125,-0.00760981138835318,-0.007965239811111118,-0.00035542842275793855,0.00035542842275793855,True,14.643453598022461,7.232512941001914,0.025089825998293236
GRASIM,2024-10-07,2741.4555465734697,2751.338643975018,2681.858686865351,2702.220947265625,2734.49853515625,2761.821044921875,2717.6162109375,2745.88623046875,2726.656005859375,-0.00896154796983592,0.007052677187019822,0.016014225156855744,0.016014225156855744,False,13.624368667602539,7.011917097988771,0.02567839398398064
GRASIM,2024-10-08,2697.0062513669495,2726.7052564443293,2687.0237287572463,2719.802001953125,2711.577392578125,2748.41845703125,2687.475341796875,2696.345703125,2702.220947265625,0.006506149952427189,-0.002174227887090489,-0.008680377839517679,0.008680377839517679,False,14.164499282836914,6.960320951999165,0.03808757700608112
GRASIM,2024-10-09,2735.4961762764087,2735.4961762764087,2691.7918074470103,2697.503173828125,2702.007080078125,2748.752685546875,2637.928466796875,2678.05224609375,2719.802001953125,-0.008198695386276987,-0.015350292348264308,-0.007151596961987321,0.007151596961987321,True,14.04379940032959,5.092974653001875,0.03130079299444333
GRASIM,2024-10-10,2699.688194238033,2721.043736915002,2692.884364513199,2704.157958984375,2707.329345703125,2716.72607421875,2618.90283203125,2686.494384765625,2697.503173828125,0.0024670166177435675,-0.004081103284441006,-0.006548119902184573,0.006548119902184573,False,14.108007431030273,8.446590537991142,0.04658423602813855
GRASIM,2024-10-11,2704.157792466686,2713.345641657283,2667.456108254023,2707.237060546875,2654.6064453125,2673.968994140625,2627.20166015625,2647.605224609375,2704.157958984375,0.0011386544755160849,-0.020913251086944647,-0.02205190556246073,0.02205190556246073,False,13.15743637084961,8.487171815999318,0.025038426014361903
GRASIM,2024-10-14,2719.1564690835694,2719.1564690835694,2684.143313588485,2708.577880859375,2695.277587890625,2729.89892578125,2676.7392578125,2711.502197265625,2707.237060546875,0.0004952725906571137,0.001575457421482115,0.0010801848308250013,0.0010801848308250013,True,12.447449684143066,9.338490715017542,0.036065605003386736
GRASIM,2024-10-15,2706.690972749291,2729.486725285787,2682.5541937399507,2717.41845703125,2712.311279296875,2720.868896484375,2684.41259765625,2708.0712890625,2708.577880859375,0.003263918026632511,-0.00018703239085533292,-0.003450950417487844,0.003450950417487844,False,13.295939445495605,10.526388779981062,0.025062906002858654
GRASIM,2024-10-16,2706.7903583324037,2765.294516733008,2706.6909332246573,2745.5283203125,2678.12744140625,2722.430419921875,2657.34814453125,2692.519287109375,2717.41845703125,0.010344326325051799,-0.00916280297480465,-0.01950712929985645,0.01950712929985645,False,14.361597061157227,8.132269277004525,0.025467215018579736
GRASIM,2024-10-17,2765.294496281837,2771.0555749824766,2668.002664066801,2687.669677734375,2738.829345703125,2765.296142578125,2716.203369140625,2749.435302734375,2745.5283203125,-0.021073773725102003,0.0014230348282950151,0.02249680855339702,0.02249680855339702,False,13.838502883911133,7.276065237005241,0.024883976991986856
GRASIM,2024-10-18,2681.858979307447,2747.415532134962,2656.6792063349526,2742.3994140625,2698.28076171875,2720.06005859375,2664.095703125,2677.764892578125,2687.669677734375,0.020363267399087722,-0.003685268780722874,-0.024048536179810596,0.024048536179810596,False,15.35205364227295,8.327317996008787,0.024974225991172716
GRASIM,2024-10-21,2741.455813712867,2746.819434609155,2693.778321300469,2699.986328125,2732.193603515625,2775.134033203125,2706.52099609375,2753.470458984375,2742.3994140625,-0.015465685166068006,0.004036992155520745,0.01950267732158875,0.01950267732158875,False,15.380474090576172,4.940533454995602,0.04861611800151877
GRASIM,2024-10-22,2699.8374214557994,2727.6987619653482,2628.5695034138967,2637.509033203125,2699.056640625,2718.396728515625,2670.88037109375,2695.134033203125,2699.986328125,-0.023139856032257107,-0.0017971553675402002,0.021342700664716906,0.021342700664716906,True,14.745244979858398,5.52452078499482,0.033704903995385394
GRASIM,2024-10-23,2632.1947382186986,2658.715293307493,2608.306280868022,2615.507568359375,2649.196044921875,2684.364501953125,2610.35595703125,2669.71142578125,2637.509033203125,-0.00834175904869994,0.012209396128216015,0.020551155176915956,0.020551155176915956,False,13.791244506835938,5.444459135993384,0.046827564015984535
GRASIM,2024-10-24,2627.128895777669,2677.835940792259,2598.522596151646,2648.782470703125,2613.591552734375,2643.740966796875,2592.313720703125,2614.051025390625,2615.507568359375,0.012722158691600456,-0.0005568873079819239,-0.01327904599958238,0.01327904599958238,False,14.36589241027832,8.13308868400054,0.0381954170006793
GRASIM,2024-10-25,2647.193534077648,2657.0766324384713,2582.5308380179385,2597.628662109375,2661.580810546875,2686.826416015625,2639.719482421875,2659.101806640625,2648.782470703125,-0.01931219689028337,0.003895878975203543,0.023208075865486913,0.023208075865486913,False,13.8225679397583,8.217623476986773,0.024917337024817243
GRASIM,2024-10-28,2582.5307854051875,2648.037623558009,2576.8691317987746,2629.165283203125,2604.73681640625,2687.71923828125,2580.28076171875,2663.110107421875,2597.628662109375,0.01214054247004691,0.02520816245510878,0.01306761998506187,0.01306761998506187,True,13.653116226196289,7.466571612982079,0.05518395302351564
GRASIM,2024-10-29,2642.1275737475567,2671.9260050304238,2632.1947633199343,2667.952880859375,2618.70654296875,2683.134765625,2579.164306640625,2667.995849609375,2629.165283203125,0.014752818281928202,0.014769161396708589,1.6343114780386844e-05,1.6343114780386844e-05,True,13.310385704040527,6.803364869992947,0.024780896987067536
GRASIM,2024-10-30,2673.56478386653,2690.401091302984,2648.1369350322816,2654.59326171875,2670.894775390625,2686.20263671875,2647.47998046875,2657.9853515625,2667.952880859375,-0.005007441936651344,-0.0037360214898789204,0.0012714204467724234,0.0012714204467724234,True,13.909838676452637,6.71849265799392,0.04953424498671666
GRASIM,2024-10-31,2657.0268095077413,2685.831959965956,2626.682024921536,2677.73681640625,2668.46337890625,2690.072021484375,2620.705810546875,2653.322509765625,2654.59326171875,0.00871830536950712,-0.0004786993063872375,-0.009197004675894358,0.009197004675894358,False,13.619197845458984,6.709091794007691,0.05267628200817853
GRASIM,2024-11-01,2700.731159270442,2700.731159270442,2655.0402312357087,2680.76611328125,2652.581787109375,2757.949462890625,2652.627685546875,2682.10791015625,2677.73681640625,0.0011312899970003674,0.0016323836320353464,0.000501093635034979,0.000501093635034979,True,13.786613464355469,6.162516743992455,0.025080844992771745
GRASIM,2024-11-04,2678.531357515722,2681.8589461712636,2560.728365602581,2573.194091796875,2694.716064453125,2701.14501953125,2623.79296875,2624.649658203125,2680.76611328125,-0.040127343057431875,-0.020932991804137147,0.019194351253294727,0.019194351253294727,True,14.577503204345703,6.248681819997728,0.024848027009284124
GRASIM,2024-11-05,2573.194060120084,2643.518166509318,2570.2142168832434,2633.138427734375,2597.16162109375,2620.044921875,2554.9775390625,2564.02294921875,2573.194091796875,0.02329569157981416,-0.0035641083614181405,-0.0268597999412323,0.0268597999412323,False,13.96446418762207,7.792916840000544,0.0367505119938869
GRASIM,2024-11-06,2633.13828011631,2649.626842102559,2601.9493529859838,2628.171875,2641.238037109375,2655.733642578125,2607.963134765625,2620.19287109375,2633.138427734375,-0.001886172288575181,-0.004916398053467973,-0.0030302257648927916,0.0030302257648927916,True,14.248584747314453,6.370785942010116,0.025024246016982943
GRASIM,2024-11-07,2613.471237949089,2645.0576226334624,2534.604822589586,2545.481201171875,2607.434326171875,2660.04052734375,2605.628173828125,2650.5224609375,2628.171875,-0.031463191054856336,0.008504232980386795,0.03996742403524313,0.03996742403524313,False,13.041240692138672,8.346066105994396,0.05476304402691312
GRASIM,2024-11-08,2547.7659816959535,2564.3537273067473,2522.933954583907,2527.75146484375,2544.397705078125,2632.229736328125,2539.387451171875,2606.670166015625,2545.481201171875,-0.0069651806188797145,0.02403827017680592,0.031003450795685637,0.031003450795685637,False,12.80975341796875,7.596902684977977,0.051569667004514486
GRASIM,2024-11-11,2511.064134435418,2536.690833285395,2489.2119519664884,2502.571533203125,2553.230712890625,2619.93115234375,2538.111083984375,2583.652099609375,2527.75146484375,-0.009961395331317301,0.02211476703429798,0.03207616236561528,0.03207616236561528,False,13.045506477355957,7.82110202399781,0.03992286999709904
GRASIM,2024-11-12,2506.2962843165406,2529.1417473262622,2493.13531106094,2504.260009765625,2523.139892578125,2565.915283203125,2443.096923828125,2521.07275390625,2502.571533203125,0.0006746966230926723,0.007392883862722065,0.006718187239629393,0.006718187239629393,True,12.326702117919922,6.341178043017862,0.024960595997981727
GRASIM,2024-11-13,2504.260099269948,2517.619680703067,2455.4404333544157,2486.0830078125,2506.914794921875,2579.487548828125,2479.56787109375,2513.803466796875,2504.260009765625,-0.007258432384114218,0.0038108890426849793,0.011069321426799197,0.011069321426799197,False,13.558393478393555,7.297510227013845,0.03419522198964842
GRASIM,2024-11-14,2486.083084269489,2521.9406277691864,2473.3195680654962,2506.99169921875,2513.473388671875,2592.201904296875,2494.74560546875,2556.356201171875,2486.0830078125,0.00841029496623587,0.028266631942112125,0.019856336975876257,0.019856336975876257,True,13.36452579498291,7.4604206859949045,0.03046449599787593
GRASIM,2024-11-18,2480.222788476628,2535.6479197147632,2462.393442081543,2500.2373046875,2505.848388671875,2515.53515625,2500.31201171875,2494.643798828125,2506.99169921875,-0.002694222933947034,-0.004925385430862399,-0.002231162496915365,0.002231162496915365,True,14.844265937805176,5.20516827297979,0.05746305498178117
GRASIM,2024-11-19,2500.2373813103477,2534.8533240562847,2483.2027077353887,2491.2978515625,2501.939697265625,2537.052734375,2477.535400390625,2497.677734375,2500.2373046875,-0.0035754418623544716,-0.0010237309505386793,0.0025517109118157926,0.0025517109118157926,True,14.842391967773438,5.894251630001236,0.025066615984542295
GRASIM,2024-11-21,2474.3625569408555,2538.478655658393,2463.4859352836484,2517.818603515625,2490.9443359375,2519.421875,2474.1572265625,2490.531982421875,2491.2978515625,0.01064535576767412,-0.00030741773415196414,-0.010952773501826083,0.010952773501826083,False,13.856521606445312,6.892511015990749,0.031830901018111035
GRASIM,2024-11-22,2523.3310762447186,2592.3641090507786,2517.8185604309137,2581.189697265625,2500.15283203125,2507.229736328125,2491.345458984375,2474.794921875,2517.818603515625,0.02516904659514195,-0.017087681209659474,-0.04225672780480143,0.04225672780480143,False,14.938615798950195,5.276782803994138,0.02460655799950473
GRASIM,2024-11-25,2597.430006848526,2636.1679687097467,2582.878536123839,2612.130615234375,2536.62255859375,2593.587158203125,2516.079345703125,2575.2646484375,2581.189697265625,0.011987076347595514,-0.002295472058640898,-0.014282548406236412,0.014282548406236412,False,15.171018600463867,7.778200934990309,0.053472160012461245
GRASIM,2024-11-26,2612.1306731771188,2621.96405902145,2584.964338217883,2599.615234375,2632.852294921875,2650.913818359375,2619.038818359375,2634.282470703125,2612.130615234375,-0.004791253847102148,0.008480378178471144,0.013271632025573292,0.013271632025573292,False,14.228626251220703,7.658093495992944,0.033739532984327525
GRASIM,2024-11-27,2602.1977025933984,2631.648388265207,2577.5642844385975,2604.283447265625,2575.679443359375,2669.72119140625,2547.9697265625,2599.367919921875,2599.615234375,0.0017957322410242502,-9.513502223511142e-05,-0.0018908672632593616,0.0018908672632593616,False,14.708206176757812,8.36942976800492,0.024783376982668415
GRASIM,2024-11-28,2604.3828852997317,2618.2391072992737,2536.8894871727357,2553.17919921875,2614.79345703125,2645.880859375,2602.45654296875,2630.335205078125,2604.283447265625,-0.019623151274310042,0.010003426408846978,0.029626577683157018,0.029626577683157018,False,12.985921859741211,8.924493946018629,0.024921856995206326
GRASIM,2024-11-29,2547.765685420414,2612.7758763397683,2541.8059996065645,2588.738525390625,2566.041259765625,2608.2119140625,2538.511474609375,2566.6083984375,2553.17919921875,0.013927469792467303,0.005259795012766521,-0.008667674779700783,0.008667674779700783,True,13.988288879394531,7.58530431802501,0.02536790500744246
GRASIM,2024-12-02,2588.3414512062604,2690.7982917452996,2574.3360917795794,2675.4521484375,2525.581298828125,2613.462158203125,2523.869140625,2561.37939453125,2588.738525390625,0.03349647799357814,-0.010568518446739101,-0.04406499644031724,0.04406499644031724,False,13.82539176940918,6.3360502519935835,0.025242095987778157
GRASIM,2024-12-03,2674.9557021321534,2710.6143964524426,2664.9731786245798,2695.764892578125,2698.799560546875,2733.451416015625,2644.630615234375,2659.549560546875,2675.4521484375,0.007592265910077261,-0.00594388798914319,-0.01353615389922045,0.01353615389922045,False,15.02699089050293,5.174487197975395,0.02528245499706827
GRASIM,2024-12-04,2690.1031948979025,2706.1445873244948,2676.9919331544625,2699.042724609375,2689.65234375,2727.870361328125,2656.994384765625,2700.37890625,2695.764892578125,0.0012159191034330922,0.0017115786634725168,0.0004956595600394246,0.0004956595600394246,True,15.689130783081055,4.815301835013088,0.02477341698249802
GRASIM,2024-12-05,2714.6371970982727,2715.3821579097707,2651.464423283147,2688.61328125,2681.762939453125,2731.146728515625,2665.38232421875,2718.88525390625,2699.042724609375,-0.003864126812177241,0.0073516914408039815,0.011215818252981222,0.011215818252981222,False,14.71231460571289,6.454635577014415,0.024735998013056815
GRASIM,2024-12-06,2696.6585026705256,2701.724332794614,2675.253491019353,2683.745849609375,2697.836669921875,2717.313720703125,2668.32470703125,2692.02490234375,2688.61328125,-0.0018103874121911708,0.0012689147664121693,0.0030793021786033404,0.0030793021786033404,False,14.73123550415039,4.97322895200341,0.05333418998634443
GRASIM,2024-12-09,2683.746051188361,2695.814561802139,2651.067200679158,2663.3837890625,2698.294921875,2758.854736328125,2684.86279296875,2728.67578125,2683.745849609375,-0.007587179147324529,0.016741500186079335,0.024328679333403866,0.024328679333403866,False,11.919652938842773,8.43768531200476,0.024883717007469386
GRASIM,2024-12-10,2684.739261137996,2689.8050915083695,2623.354686063158,2637.459228515625,2674.257568359375,2717.781982421875,2656.184814453125,2697.996337890625,2663.3837890625,-0.00973369315129771,0.012995704550829481,0.02272939770212719,0.02272939770212719,False,11.996458053588867,7.498747601988725,0.024824127001920715
GRASIM,2024-12-11,2648.0873348354276,2681.7594661364938,2643.2203545884604,2652.805419921875,2649.666748046875,2713.76806640625,2642.192138671875,2655.285400390625,2637.459228515625,0.005818551142072787,0.006758842632434798,0.0009402914903620116,0.0009402914903620116,True,13.181966781616211,8.027825049008243,0.0248759770183824
GRASIM,2024-12-12,2664.973243425192,2664.973243425192,2621.268874170362,2642.177490234375,2672.832763671875,2697.384521484375,2644.452880859375,2671.467041015625,2652.805419921875,-0.004006298240981802,0.007034673916754733,0.011040972157736535,0.011040972157736535,False,15.301740646362305,6.881320427986793,0.025122105987975374
GRASIM,2024-12-13,2623.255326925129,2681.858910525501,2602.8930648266946,2674.60791015625,2620.7255859375,2636.79736328125,2594.798828125,2609.002685546875,2642.177490234375,0.012274126186351793,-0.0125558577385947,-0.024829983924946494,0.024829983924946494,False,15.302881240844727,2.7565743740124162,0.024802066996926442
GRASIM,2024-12-16,2662.092523353303,2699.737776511328,2654.295170449741,2667.1083984375,2671.578125,2704.546142578125,2647.381103515625,2673.300048828125,2674.60791015625,-0.002803966775942078,-0.000488991796950378,0.0023149749789917002,0.0023149749789917002,True,13.38595962524414,6.002957652002806,0.04376985502312891
GRASIM,2024-12-17,2666.959587057964,2666.959587057964,2577.912039000432,2582.232666015625,2659.960205078125,2692.725830078125,2630.61962890625,2679.263671875,2667.1083984375,-0.03182312817566719,0.004557472596397301,0.03638060077206449,0.03638060077206449,False,14.426233291625977,7.354353914008243,0.02518298602080904
GRASIM,2024-12-18,2589.483729353475,2600.3103959321793,2558.9403366884885,2576.719970703125,2577.230224609375,2627.063232421875,2563.550048828125,2606.518798828125,2582.232666015625,-0.002134856159575298,0.009405090847206038,0.011539947006781336,0.011539947006781336,False,14.425665855407715,8.713108940020902,0.024680197006091475
GRASIM,2024-12-19,2552.7322335907606,2576.5709781846044,2510.2694697829766,2521.990234375,2568.753173828125,2590.41064453125,2544.30712890625,2562.306884765625,2576.719970703125,-0.021240079228784247,-0.00559357869748144,0.015646500531302808,0.015646500531302808,True,13.897388458251953,9.268785966007272,0.024823387007927522
GRASIM,2024-12-20,2513.001071738812,2545.9779542987317,2463.0886986736436,2471.978515625,2521.434326171875,2565.92724609375,2493.33837890625,2523.673095703125,2521.990234375,-0.019830258685515453,0.0006672751167658851,0.020497533802281337,0.020497533802281337,False,11.968650817871094,10.557658512989292,0.031458742974791676
GRASIM,2024-12-23,2478.931490203467,2536.541791619825,2478.236241962287,2509.2265625,2489.896484375,2535.163330078125,2480.40283203125,2503.495849609375,2471.978515625,0.015068111085739931,0.012749841386225135,-0.0023182696995147963,0.0023182696995147963,True,12.579838752746582,7.694638967979699,0.025287865020800382
GRASIM,2024-12-24,2498.101831964587,2525.317635638771,2478.236211034451,2485.040283203125,2497.568359375,2534.842041015625,2481.369873046875,2496.990478515625,2509.2265625,-0.009638938013145236,-0.004876436495309499,0.0047625015178357375,0.0047625015178357375,True,12.940853118896484,6.30514062801376,0.030340195982716978
GRASIM,2024-12-26,2483.4509577162275,2501.3300167058856,2455.887408440505,2465.373291015625,2490.359619140625,2536.017578125,2484.3095703125,2510.25048828125,2485.040283203125,-0.007914154277672301,0.010144787289174234,0.018058941566846537,0.018058941566846537,False,15.569437026977539,6.459487189014908,0.02500992701970972
GRASIM,2024-12-27,2465.37325158404,2503.664284141176,2458.2711466543637,2463.635009765625,2465.7431640625,2503.25439453125,2462.560791015625,2472.134033203125,2465.373291015625,-0.0007050783166730523,0.00274227931816154,0.0034473576348345923,0.0034473576348345923,False,14.922311782836914,7.221036542992806,0.052989562012953684
GRASIM,2024-12-30,2472.2765637189545,2473.269844781116,2419.632667424417,2427.082275390625,2493.468505859375,2519.66064453125,2482.6328125,2487.260986328125,2463.635009765625,-0.01483691140534547,0.009589885055557653,0.024426796460903122,0.024426796460903122,False,14.300787925720215,6.671653514000354,0.0248564469802659
GRASIM,2024-12-31,2413.672976689652,2430.558754715876,2396.8866237695684,2426.28759765625,2425.582275390625,2456.296630859375,2406.362060546875,2409.46875,2427.082275390625,-0.00032742101181844,-0.007257078002347574,-0.006929656990529134,0.006929656990529134,True,14.953261375427246,5.802943272021366,0.025238505011657253
GRASIM,2025-01-01,2423.605753687427,2457.2284141147093,2409.650106482741,2425.7412109375,2434.939453125,2459.1171875,2435.652099609375,2430.471435546875,2426.28759765625,-0.000225194539706587,0.0017243783855906084,0.0019495729252971953,0.0019495729252971953,False,15.165634155273438,6.017355267016683,0.024829597008647397
GRASIM,2025-01-02,2428.57207026206,2542.302745945089,2428.57207026206,2526.857177734375,2431.404541015625,2477.44873046875,2420.552734375,2443.361572265625,2425.7412109375,0.041684564841851256,0.00726390814019072,-0.034420656701660536,0.034420656701660536,True,13.74698257446289,7.142692737979814,0.02482303700526245
GRASIM,2025-01-03,2524.1255719089413,2536.7401918250725,2484.2951502052433,2493.13525390625,2526.873779296875,2548.71337890625,2446.285400390625,2520.8173828125,2526.857177734375,-0.013345401602143843,-0.002390239929306328,0.010955161672837516,0.010955161672837516,True,13.732521057128906,3.503845230996376,0.025364505010657012
GRASIM,2025-01-06,2500.088491015401,2510.9648703964044,2429.3172137071583,2444.017822265625,2503.82861328125,2503.458984375,2491.43212890625,2490.8994140625,2493.13525390625,-0.01970106979301171,-0.0008967984549762718,0.018804271338035437,0.018804271338035437,True,14.706418991088867,5.27736834200914,0.040873636986361817
GRASIM,2025-01-07,2444.0673856097933,2480.222717897425,2440.0942615122403,2450.672607421875,2444.15380859375,2477.087646484375,2436.22509765625,2459.55126953125,2444.017822265625,0.0027228873274258527,0.006355701306312638,0.003632813978886785,0.003632813978886785,True,13.839494705200195,9.858595664001768,0.025033506011823192
GRASIM,2025-01-08,2452.2619765526483,2459.7115843038864,2416.8016496565533,2419.38427734375,2455.74169921875,2495.395263671875,2415.52880859375,2449.349609375,2450.672607421875,-0.012767241933242378,-0.0005398509955464036,0.012227390937695974,0.012227390937695974,True,16.445592880249023,2.3886985639983322,0.056362968985922635
GRASIM,2025-01-09,2418.6891136755944,2422.4139176814297,2380.298654888633,2394.20458984375,2426.03564453125,2487.217041015625,2415.242919921875,2459.631103515625,2419.38427734375,-0.01040747752880533,0.01663515240169376,0.027042629930499086,0.027042629930499086,False,15.113901138305664,7.687006057007238,0.025329055002657697
GRASIM,2025-01-10,2383.8747607492196,2408.6073643918808,2336.395873264242,2348.216064453125,2372.84521484375,2398.366943359375,2349.6328125,2353.90185546875,2394.20458984375,-0.01920826882786416,-0.01683345464542369,0.0023748141824404684,0.0023748141824404684,True,14.856531143188477,6.526051519991597,0.05327100001159124
GRASIM,2025-01-13,2314.295074224859,2332.4224529195644,2261.651179933385,2272.77587890625,2355.595947265625,2383.461669921875,2349.892578125,2350.412109375,2348.216064453125,-0.032126594604676734,0.0009351971290539807,0.033061791733730715,0.033061791733730715,False,13.700459480285645,6.630142730020452,0.055944339983398095
GRASIM,2025-01-14,2292.492811556116,2314.7919240696815,2278.735771124442,2295.075439453125,2267.1005859375,2337.532958984375,2289.043701171875,2321.626708984375,2272.77587890625,0.009811596802763691,0.021493905550262156,0.011682308747498465,0.011682308747498465,True,12.644681930541992,6.613104953983566,0.02518156499718316
GRASIM,2025-01-15,2311.265792945673,2333.9623640466316,2281.3184635063735,2301.978759765625,2296.630126953125,2323.041015625,2300.283447265625,2288.85498046875,2295.075439453125,0.003007883834156204,-0.0027103505520747603,-0.005718234386230965,0.005718234386230965,False,14.495078086853027,7.422603268001694,0.057619103987235576
GRASIM,2025-01-16,2314.344650088119,2343.894758817785,2297.607768815928,2334.905517578125,2297.984130859375,2327.693359375,2215.713623046875,2273.295654296875,2301.978759765625,0.014303675771470813,-0.012460195537021532,-0.026763871308492344,0.026763871308492344,False,14.495494842529297,7.794556423003087,0.025019407010404393
GRASIM,2025-01-17,2347.2226290563744,2371.210270259967,2332.8695233773456,2359.886962890625,2307.650146484375,2331.66455078125,2283.002197265625,2288.11962890625,2334.905517578125,0.010699124707372288,-0.020037593949584542,-0.030736718656956832,0.030736718656956832,False,15.496491432189941,3.244846722984221,0.05413453700020909
GRASIM,2025-01-20,2364.0586134197065,2394.4528680735584,2357.0559335116245,2385.861083984375,2361.229736328125,2396.2080078125,2341.064208984375,2363.7138671875,2359.886962890625,0.011006510694026762,0.0016216472894902668,-0.009384863404536495,0.009384863404536495,True,16.22693634033203,6.776563779974822,0.025673423981061205
GRASIM,2025-01-21,2388.7413859311982,2410.196352585467,2345.7819825727306,2351.5927734375,2423.21875,2444.0390625,2416.34619140625,2422.326416015625,2385.861083984375,-0.01436307871271663,0.015283929259767754,0.029647007972484384,0.029647007972484384,False,14.96750259399414,8.111678104003659,0.05800423299660906
GRASIM,2025-01-22,2364.9524289628293,2380.348284986969,2354.3740829527956,2372.10400390625,2347.0498046875,2375.82861328125,2297.923095703125,2329.842041015625,2351.5927734375,0.008722271432552156,-0.009249361822999787,-0.01797163325555194,0.01797163325555194,False,14.656204223632812,5.824982779013226,0.025014826009282842
GRASIM,2025-01-23,2371.955351472641,2459.1157711090414,2349.507100811189,2444.61376953125,2360.063720703125,2519.5791015625,2342.932861328125,2476.18603515625,2372.10400390625,0.03056770087044873,0.043877515943062974,0.013309815072614244,0.013309815072614244,True,11.922802925109863,9.450194815988652,0.044964450993575156
GRASIM,2025-01-24,2449.7786890602515,2497.1581442159163,2436.965218672082,2474.0146484375,2446.12841796875,2464.922607421875,2423.876220703125,2439.5078125,2444.61376953125,0.012026799191222572,-0.0020886559238472496,-0.01411545511506982,0.01411545511506982,False,13.334806442260742,7.502398339012871,0.02522112600854598
GRASIM,2025-01-27,2458.8673747461435,2467.707479578086,2414.070299922949,2441.53466796875,2442.795654296875,2470.3896484375,2421.98388671875,2446.693603515625,2474.0146484375,-0.013128451154993446,-0.011043202569204675,0.0020852485857887713,0.0020852485857887713,True,14.333320617675781,5.380409684992628,0.025200926000252366
GRASIM,2025-01-28,2441.484809123709,2443.4216586618154,2383.6759007925966,2395.0986328125,2442.5673828125,2451.462646484375,2428.488037109375,2433.585693359375,2441.53466796875,-0.019019199590101562,-0.0032557287486678203,0.01576347084143374,0.01576347084143374,True,13.973426818847656,11.493879772984656,0.04679954401217401
GRASIM,2025-01-29,2386.8544720228056,2447.444618836535,2380.8947854509634,2437.1640625,2405.39501953125,2448.27294921875,2392.5625,2417.236328125,2395.0986328125,0.017563130432797124,0.009242915932236286,-0.008320214500560839,0.008320214500560839,True,13.60261058807373,8.696928249992197,0.05531638298998587
GRASIM,2025-01-30,2442.179978519343,2491.6951340247156,2430.0619986590245,2474.958251953125,2457.746826171875,2491.74658203125,2360.783203125,2385.232177734375,2437.1640625,0.015507445737713852,-0.02130832534612142,-0.03681577108383527,0.03681577108383527,False,14.180862426757812,6.822922386985738,0.03074160500545986
GRASIM,2025-01-31,2474.9584916775398,2501.379866186467,2459.165419038918,2491.993408203125,2485.802490234375,2555.318603515625,2410.843994140625,2463.545654296875,2474.958251953125,0.00688300751600825,-0.004611228349910021,-0.011494235865918271,0.011494235865918271,False,14.884208679199219,8.130250364978565,0.05223851400660351
GRASIM,2025-02-01,2483.20273489514,2497.158382765304,2413.0769926615944,2424.350830078125,2493.889404296875,2511.267578125,2477.70947265625,2488.4775390625,2491.993408203125,-0.027143963504210996,-0.0014108661479807646,0.025733097356230233,0.025733097356230233,True,14.297513961791992,8.21556828499888,0.025566893978975713
GRASIM,2025-02-03,2401.7535482877634,2463.0886523434992,2401.7535482877634,2457.029541015625,2420.257080078125,2439.392822265625,2374.36279296875,2414.59423828125,2424.350830078125,0.013479365499442555,-0.004024414154844327,-0.017503779654286882,0.017503779654286882,False,13.319713592529297,9.375737404014217,0.025617294013500214
GRASIM,2025-02-04,2448.437782951149,2475.05776353359,2430.0620835659174,2468.00537109375,2402.694580078125,2418.79150390625,2393.330810546875,2401.675048828125,2457.029541015625,0.004467113599939904,-0.022529029978458848,-0.026996143578398753,0.026996143578398753,False,14.279888153076172,6.511840792984003,0.02501447600661777
GRASIM,2025-02-05,2482.209304699266,2483.103160630029,2457.6753116522686,2473.269775390625,2470.314208984375,2486.109375,2455.126220703125,2462.033203125,2468.00537109375,0.00213306030794494,-0.0024198358880002375,-0.0045528961959451775,0.0045528961959451775,False,13.789911270141602,7.621418003021972,0.02516943498631008
GRASIM,2025-02-06,2482.20947265625,2491.4470354002824,2459.264582211421,2482.20947265625,2430.438720703125,2436.470947265625,2415.521728515625,2438.411376953125,2473.269775390625,0.0036145257402068385,-0.014094054269512313,-0.01770858000971915,0.01770858000971915,False,13.890335083007812,7.831086487014545,0.025041645974852145
GRASIM,2025-02-07,2487.175698214091,2505.7997175198075,2449.877947051126,2470.885986328125,2485.5546875,2502.454833984375,2459.9052734375,2470.66552734375,2482.20947265625,-0.004561857672715899,-0.004650673297184161,-8.881562446826172e-05,8.881562446826172e-05,True,15.667484283447266,5.099639677995583,0.055868709983769804
GRASIM,2025-02-10,2468.3033764009274,2474.2630626216137,2421.718592775997,2456.63232421875,2490.473876953125,2529.612060546875,2481.14501953125,2505.93115234375,2470.885986328125,-0.005768644198171499,0.014183238809696793,0.019951883007868293,0.019951883007868293,False,13.676377296447754,6.4347025729948655,0.025941771978978068
GRASIM,2025-02-11,2443.4713212050706,2524.9203652452393,2439.5479096568442,2474.7099609375,2467.592529296875,2512.568115234375,2457.67626953125,2485.091552734375,2456.63232421875,0.007358706689858031,0.011584651164547185,0.004225944474689153,0.004225944474689153,True,13.120721817016602,7.096759499981999,0.058890099986456335
GRASIM,2025-02-12,2462.3436884447437,2482.109884062654,2417.3977215620794,2468.253662109375,2484.24169921875,2507.355712890625,2458.0546875,2458.596435546875,2474.7099609375,-0.002608911318916398,-0.006511278349775049,-0.003902367030858651,0.003902367030858651,True,11.985635757446289,8.312147352989996,0.025203714991221204
GRASIM,2025-02-13,2464.3304296800316,2515.931334755906,2457.5263570881025,2473.369384765625,2433.81103515625,2523.2490234375,2356.728271484375,2435.41015625,2468.253662109375,0.002072608149957364,-0.013306373799241877,-0.015378981949199242,0.015378981949199242,False,12.50732135772705,5.962110195017885,0.0567993370059412
GRASIM,2025-02-14,2482.2094365626513,2490.900646074425,2389.337654922552,2414.96435546875,2434.277099609375,2448.761962890625,2442.76220703125,2443.076416015625,2473.369384765625,-0.023613549054424567,-0.01224765250859226,0.011365896545832307,0.011365896545832307,True,14.187397003173828,8.635108351998497,0.025543344003381208
GRASIM,2025-02-17,2414.9643070611005,2454.546412086859,2389.387319581996,2447.295654296875,2417.6572265625,2463.532470703125,2405.03173828125,2456.108154296875,2414.96435546875,0.013387898978678476,0.017037021161390557,0.003649122182712081,0.003649122182712081,True,13.313234329223633,5.9273167150095105,0.048218279000138864
GRASIM,2025-02-18,2463.3370729508893,2466.2672036303547,2396.5886330225953,2446.64990234375,2437.2392578125,2447.503173828125,2413.520263671875,2421.520263671875,2447.295654296875,-0.00026386348212207694,-0.010532193190366877,-0.010268329708244801,0.010268329708244801,True,14.698898315429688,4.843665938999038,0.024792106996756047
GRASIM,2025-02-19,2431.5520784612004,2464.8269945675934,2429.8635491289883,2446.64990234375,2442.047607421875,2448.916748046875,2397.478759765625,2416.52734375,2446.64990234375,0.0,-0.012311756808726218,-0.012311756808726218,0.012311756808726218,False,14.794656753540039,5.032040641002823,0.024941676994785666
GRASIM,2025-02-20,2434.531812756863,2461.300688105771,2426.8338847483496,2437.213623046875,2438.37744140625,2458.965087890625,2411.562255859375,2438.6875,2446.64990234375,-0.0038568163298866695,-0.0032544101778200782,0.0006024061520665913,0.0006024061520665913,True,14.361492156982422,8.067592890001833,0.051986904989462346
GRASIM,2025-02-21,2423.6058817899648,2436.86628146298,2384.9176314802976,2414.716064453125,2444.254150390625,2478.01708984375,2430.375,2453.43603515625,2437.213623046875,-0.009230852142384116,0.0066561305730330695,0.015886982715417185,0.015886982715417185,False,14.923147201538086,6.526711757003795,0.02574680300313048
GRASIM,2025-02-24,2395.793790156554,2403.740038216775,2365.002078923199,2377.61669921875,2420.765625,2454.088623046875,2391.681640625,2410.324951171875,2414.716064453125,-0.01536386235239509,-0.0018184801707709188,0.01354538218162417,0.01354538218162417,True,14.032852172851562,8.668420957983471,0.02511687600053847
GRASIM,2025-02-25,2375.928341911381,2387.3510743244165,2351.195740034566,2363.313720703125,2388.016357421875,2414.160888671875,2362.664794921875,2377.04345703125,2377.61669921875,-0.006015678860400312,-0.00024109949584740005,0.0057745793645529115,0.0057745793645529115,True,14.016799926757812,4.961291287007043,0.024991506012156606
GRASIM,2025-02-27,2357.05601571715,2363.3137350553898,2301.5317000419127,2324.22802734375,2374.076416015625,2392.79638671875,2314.811279296875,2346.982666015625,2363.313720703125,-0.016538512435727896,-0.006910235634159159,0.009628276801568737,0.009628276801568737,True,13.63980484008789,7.958595468982821,0.05651395799941383
GRASIM,2025-02-28,2331.379493402689,2345.8814935704113,2286.1852061337345,2291.151611328125,2321.011962890625,2348.603759765625,2303.88818359375,2326.327392578125,2324.22802734375,-0.014231140674018318,0.0009032526971005788,0.015134393371118897,0.015134393371118897,False,12.645526885986328,7.541494002012769,0.038906703994143754
GRASIM,2025-03-03,2312.854774346159,2366.8891629481377,2302.325898901541,2361.475830078125,2299.583984375,2326.0205078125,2285.68310546875,2303.46337890625,2291.151611328125,0.030693830300140966,0.005373615398148256,-0.02532021490199271,0.02532021490199271,True,14.223299026489258,6.982913676998578,0.057570864009903744
GRASIM,2025-03-04,2340.1700882276837,2388.046184996129,2335.7997487302446,2378.560302734375,2353.784423828125,2374.72021484375,2323.29443359375,2340.6025390625,2361.475830078125,0.00723465912233571,-0.008839087298612939,-0.01607374642094865,0.01607374642094865,False,12.954115867614746,7.3180610300041735,0.02485599700594321
GRASIM,2025-03-05,2387.847684581304,2392.7643773618997,2360.383560084456,2375.58056640625,2388.0751953125,2394.29541015625,2369.34912109375,2373.63818359375,2378.560302734375,-0.00125274785957687,-0.0020693690779950247,-0.0008166212184181547,0.0008166212184181547,True,12.535787582397461,7.666751901997486,0.04703088401583955
GRASIM,2025-03-06,2385.5133872401184,2398.7737865384793,2337.687000670108,2377.567138671875,2350.26806640625,2399.169921875,2346.61572265625,2384.4013671875,2375.58056640625,0.0008362470604944639,0.0037131137145956714,0.0028768666541012077,0.0028768666541012077,True,12.524504661560059,6.857832965994021,0.02509747599833645
GRASIM,2025-03-07,2364.0090177620987,2398.7738562586005,2364.0090177620987,2391.075927734375,2356.9052734375,2370.19384765625,2326.968994140625,2338.502197265625,2377.567138671875,0.005681769756477245,-0.01643063649848052,-0.022112406254957764,0.022112406254957764,False,13.081706047058105,8.24042620198452,0.024952345993369818
GRASIM,2025-03-10,2391.0758706218007,2408.7066097239035,2357.3540265857187,2367.932373046875,2391.589599609375,2405.87255859375,2374.107421875,2388.60546875,2391.075927734375,-0.009679138340633666,-0.0010331997222337657,0.0086459386183999,0.0086459386183999,True,12.43893051147461,7.882766502996674,0.025349464995088056
GRASIM,2025-03-11,2356.0626204935693,2408.706515470871,2348.066659643193,2397.33349609375,2362.23095703125,2374.740478515625,2326.57666015625,2345.083984375,2367.932373046875,0.012416369395315067,-0.009649088348952903,-0.02206545774426797,0.02206545774426797,False,12.833562850952148,7.409234679013025,0.025159275013720617
GRASIM,2025-03-12,2397.333450702434,2422.512979021278,2351.6922364023767,2382.78173828125,2382.34375,2397.284423828125,2367.339111328125,2388.120849609375,2397.33349609375,-0.0060699764284822474,-0.003842872299321817,0.0022271041291604303,0.0022271041291604303,True,12.977638244628906,7.072520841000369,0.05622639899956994
GRASIM,2025-03-13,2385.8610435832534,2395.595246216158,2347.421116068869,2354.274658203125,2369.59716796875,2392.56982421875,2341.4169921875,2364.006103515625,2382.78173828125,-0.011963781499638212,-0.007879712381532794,0.004084069118105419,0.004084069118105419,True,14.895120620727539,5.364598535001278,0.04946184501750395
GRASIM,2025-03-17,2365.7471602824576,2388.344304355692,2354.920493748572,2383.22900390625,2363.012939453125,2383.039306640625,2340.073974609375,2358.4111328125,2354.274658203125,0.012298626926233023,0.0017570059614591103,-0.010541620964773912,0.010541620964773912,True,14.649805068969727,6.8986582120123785,0.02542655498837121
GRASIM,2025-03-18,2383.22900390625,2383.22900390625,2383.22900390625,2383.22900390625,2386.356689453125,2409.1044921875,2358.007568359375,2374.31982421875,2383.22900390625,0.0,-0.0037382809930969034,-0.0037382809930969034,0.0037382809930969034,False,15.062543869018555,7.718711767985951,0.03737855999497697
GRASIM,2025-03-19,2409.6997493342546,2448.0404936238438,2409.6997493342546,2441.683349609375,2381.337158203125,2398.213623046875,2347.721923828125,2365.295166015625,2383.22900390625,0.024527372571966417,-0.007525016631314239,-0.03205238920328066,0.03205238920328066,False,16.318201065063477,5.040965107997181,0.04798339001717977
GRASIM,2025-03-20,2448.239304205208,2460.5558928472396,2431.6515583323812,2451.566650390625,2442.20361328125,2474.97265625,2442.130615234375,2445.18408203125,2441.683349609375,0.004047740581444006,0.001433737270819762,-0.002614003310624244,0.002614003310624244,True,13.882606506347656,7.493910830991808,0.05703079601516947
GRASIM,2025-03-21,2463.2375563984992,2497.8534976749593,2442.9250076115623,2452.80810546875,2443.314208984375,2486.4521484375,2426.865966796875,2463.341552734375,2451.566650390625,0.0005063925461407261,0.004803011307840162,0.004296618761699436,0.004296618761699436,True,15.134169578552246,8.20319938097964,0.05654753799899481
GRASIM,2025-03-24,2461.996054987248,2526.9070706456446,2458.370676040869,2496.31396484375,2463.9833984375,2498.220458984375,2447.392578125,2479.555908203125,2452.80810546875,0.017737163897167448,0.010904971601626085,-0.006832192295541363,0.006832192295541363,True,11.940723419189453,11.886520489992108,0.02533582499017939
GRASIM,2025-03-25,2512.752824584846,2578.4582713524196,2503.0683340068435,2552.18603515625,2494.32763671875,2508.7802734375,2444.23388671875,2463.796630859375,2496.31396484375,0.022381828207253235,-0.013026139517034001,-0.03540796772428724,0.03540796772428724,False,13.451022148132324,7.10824835699168,0.02525699499528855
GRASIM,2025-03-26,2565.595178416623,2585.411086391529,2542.7994273627764,2564.25439453125,2541.418701171875,2575.3193359375,2514.607177734375,2546.573486328125,2552.18603515625,0.0047286362391921605,-0.002199114308601484,-0.0069277505477936445,0.0069277505477936445,False,13.562790870666504,6.217317258007824,0.04762290100916289
GRASIM,2025-03-27,2566.6384181902345,2611.2863561056793,2557.6988880959184,2601.105224609375,2570.388671875,2581.9794921875,2499.620849609375,2525.159423828125,2564.25439453125,0.014370972769595815,-0.015246135791558866,-0.02961710856115468,0.02961710856115468,False,13.798294067382812,6.658195263997186,0.056329688988626
GRASIM,2025-03-28,2597.3802293751214,2619.9276606768894,2581.885190518078,2593.605712890625,2568.988525390625,2593.444580078125,2530.816650390625,2555.7353515625,2601.105224609375,-0.0028832019742208817,-0.017442536586995818,-0.014559334612774937,0.014559334612774937,True,12.727767944335938,6.774867756990716,0.025361865002196282
GRASIM,2025-04-01,2593.8540431737174,2614.3157298527585,2578.7562196776585,2601.403076171875,2588.215087890625,2624.748046875,2579.772705078125,2613.03173828125,2593.605712890625,0.003006379590581517,0.007489968615535748,0.004483589024954231,0.004483589024954231,True,14.026392936706543,7.212555546022486,0.04660876499838196
GRASIM,2025-04-02,2601.4031245521214,2615.7062749722345,2583.5737778304438,2598.919921875,2572.33837890625,2598.358642578125,2549.21484375,2575.507080078125,2601.403076171875,-0.0009545442302348296,-0.0099546265363296,-0.00900008230609477,0.00900008230609477,True,13.50053596496582,9.105804706981871,0.04425740399165079
GRASIM,2025-04-03,2577.663859216575,2646.100829465019,2577.663859216575,2634.08203125,2574.96923828125,2600.702392578125,2528.135498046875,2555.039306640625,2598.919921875,0.01352950857740633,-0.016884173638838852,-0.030413682216245182,0.030413682216245182,False,12.448022842407227,8.079175435996149,0.025401204999070615
GRASIM,2025-04-04,2617.3948023324538,2634.081728763967,2592.5627778805133,2599.31689453125,2590.78759765625,2621.633056640625,2575.225341796875,2602.28369140625,2634.08203125,-0.013198198198198199,-0.012071886701516332,0.0011263114966818671,0.0011263114966818671,True,13.52958869934082,8.437491703021806,0.025411714013898745
GRASIM,2025-04-07,2532.8667991142397,2542.7996100911587,2448.9345463592776,2492.24169921875,2586.800537109375,2618.37353515625,2567.544921875,2595.660888671875,2599.31689453125,-0.04119359033820672,-0.0014065256402814668,0.039787064697925256,0.039787064697925256,True,13.007345199584961,7.360399541998049,0.03850989500642754
GRASIM,2025-04-08,2532.8667493963762,2582.530803306109,2517.1231473068856,2572.647705078125,2499.427490234375,2534.283447265625,2481.65869140625,2512.8232421875,2492.24169921875,0.03226252328760092,0.008258245167473827,-0.02400427812012709,0.02400427812012709,True,11.849935531616211,7.745873517007567,0.05314098999951966
GRASIM,2025-04-09,2545.2827824232877,2569.369848754513,2512.4547940367606,2540.564697265625,2554.859619140625,2575.797119140625,2532.03173828125,2555.90185546875,2572.647705078125,-0.012470812754179926,-0.006509188792666996,0.00596162396151293,0.00596162396151293,True,12.964855194091797,8.937025179009652,0.025896903011016548
GRASIM,2025-04-11,2632.1946780336516,2642.127488139439,2595.2446729401718,2633.436279296875,2547.78076171875,2584.819580078125,2500.9345703125,2517.87255859375,2540.564697265625,0.03655548789259585,-0.008931927101206372,-0.045487414993802225,0.045487414993802225,False,11.631120681762695,9.130805222986965,0.025581585010513663
GRASIM,2025-04-15,2657.0268331964426,2707.8827749243,2652.060427900748,2700.333984375,2616.390380859375,2652.107421875,2599.10498046875,2629.67919921875,2633.436279296875,0.025403198704312915,-0.0014266834962599272,-0.026829882200572842,0.026829882200572842,False,13.744022369384766,9.43756474298425,0.025642683991463855
GRASIM,2025-04-16,2671.9260904648127,2703.7110848495245,2664.178449583487,2684.64013671875,2664.153564453125,2687.528076171875,2630.21630859375,2658.494140625,2700.333984375,-0.0058118172592944595,-0.015494321810597792,-0.009682504551303333,0.009682504551303333,True,14.638081550598145,7.373357703996589,0.03771351900650188
GRASIM,2025-04-17,2682.85205017728,2753.3750029957127,2668.846690716054,2742.15087890625,2677.628662109375,2717.75146484375,2672.808349609375,2708.417236328125,2684.64013671875,0.02142214198503022,0.008856717622659141,-0.012565424362371078,0.012565424362371078,True,14.051998138427734,7.682733572990401,0.025079435989027843
GRASIM,2025-04-21,2736.489327824664,2768.572354650936,2716.623706570039,2738.37646484375,2703.37548828125,2759.77099609375,2677.468505859375,2698.828857421875,2742.15087890625,-0.001376442883407453,-0.015798555002070006,-0.014422112118662553,0.014422112118662553,True,13.500965118408203,8.439707033976447,0.0315038519911468
GRASIM,2025-04-22,2731.8208562366817,2753.4744311188206,2719.305418300145,2730.9267578125,2728.4228515625,2767.943359375,2714.70703125,2750.975341796875,2738.37646484375,-0.0027204831501044455,0.004600856425284784,0.00732133957538923,0.00732133957538923,False,14.38764762878418,6.828099097998347,0.02499377599451691
GRASIM,2025-04-23,2731.622291287524,2745.329375670349,2657.1262131188914,2667.5556640625,2714.62158203125,2747.60009765625,2700.666259765625,2730.894775390625,2730.9267578125,-0.023204977419738964,-1.1711197227646722e-05,0.02319326622251132,0.02319326622251132,True,14.560541152954102,6.7404085870075505,0.04168855299940333
GRASIM,2025-04-24,2671.925980804922,2717.9149411678973,2655.0402032310617,2710.862548828125,2670.728759765625,2714.42041015625,2656.45458984375,2696.08349609375,2667.5556640625,0.016234669569995648,0.010694371785968325,-0.0055402977840273235,0.0055402977840273235,True,14.994726181030273,6.5585072379908524,0.04514051097794436
GRASIM,2025-04-25,2707.6841271370226,2721.490636654604,2657.2254015795393,2716.425048828125,2682.998779296875,2709.16259765625,2667.66552734375,2692.643798828125,2710.862548828125,0.002051929929979152,-0.006720646905493515,-0.008772576835472667,0.008772576835472667,False,15.35377311706543,8.146758802991826,0.02477250699303113
GRASIM,2025-04-28,2716.6236283160574,2755.0635558364206,2705.002288716913,2734.89990234375,2708.6044921875,2744.194091796875,2692.94677734375,2732.542724609375,2716.425048828125,0.006801164465625552,0.0059334145030812534,-0.0008677499625442987,0.0008677499625442987,True,15.506281852722168,5.776707798999269,0.02893733198288828
GRASIM,2025-04-29,2734.602134196581,2737.0853368020043,2700.731153658504,2727.251708984375,2754.244384765625,2801.06201171875,2723.41552734375,2761.650146484375,2734.89990234375,-0.002796516740090072,0.009781068812683279,0.01257758555277335,0.01257758555277335,False,14.871989250183105,6.758277699002065,0.02488370699575171
GRASIM,2025-04-30,2716.623730914669,2732.41680295352,2700.6318086612823,2719.10693359375,2727.064453125,2759.851806640625,2687.2431640625,2724.0615234375,2727.251708984375,-0.002986440658848502,-0.0011697437153914264,0.0018166969434570757,0.0018166969434570757,True,14.972803115844727,6.773218882997753,0.02499259600881487
GRASIM,2025-05-02,2707.286856404354,2753.176391219712,2677.6870333848415,2705.697509765625,2711.083740234375,2732.53515625,2682.346923828125,2711.04248046875,2719.10693359375,-0.004931554424158754,-0.0029658462583306683,0.0019657081658280852,0.0019657081658280852,True,14.322717666625977,8.118586458003847,0.024885546998120844
GRASIM,2025-05-05,2711.6574144719175,2754.368501952611,2700.0360740528063,2736.5888671875,2713.426513671875,2735.9013671875,2688.6845703125,2715.669189453125,2705.697509765625,0.011417151145085281,0.003685437729646199,-0.007731713415439082,0.007731713415439082,True,14.842613220214844,8.27721073300927,0.04827498900704086
GRASIM,2025-05-06,2735.496025993233,2745.9254770727284,2699.737908006394,2710.365966796875,2719.94921875,2739.133544921875,2682.747802734375,2711.66552734375,2736.5888671875,-0.009582331019849287,-0.009107447648635908,0.00047488337121337834,0.00047488337121337834,True,13.976964950561523,8.081963855976937,0.04555335899931379
GRASIM,2025-05-07,2680.8656655022837,2708.9755688870036,2664.377102386083,2681.759521484375,2718.13623046875,2758.369140625,2702.709228515625,2750.26220703125,2710.365966796875,-0.010554458572362924,0.014719872047952472,0.025274330620315394,0.025274330620315394,False,15.641802787780762,7.205275562999304,0.03116676298668608
GRASIM,2025-05-08,2666.9597245309906,2691.3945363256826,2658.5168352726987,2680.567626953125,2670.960205078125,2696.7392578125,2646.63916015625,2675.701171875,2681.759521484375,-0.00044444497043876516,-0.002259095031019655,-0.00181465006058089,0.00181465006058089,True,16.04818344116211,7.309020463988418,0.03702335097477771
GRASIM,2025-05-09,2658.9141580119394,2665.96655103005,2608.952311208579,2617.09716796875,2695.656982421875,2738.035888671875,2685.218017578125,2728.007568359375,2680.567626953125,-0.023677992058912866,0.017697722276894295,0.04137571433580716,0.04137571433580716,False,14.629329681396484,8.566046391002601,0.04573381898808293
GRASIM,2025-05-12,2653.1531344403693,2743.3428606227,2653.1531344403693,2724.371337890625,2622.0361328125,2714.155029296875,2621.69775390625,2705.56591796875,2617.09716796875,0.040989754310549895,0.033804151822404316,-0.007185602488145579,0.007185602488145579,True,14.621379852294922,6.916105506999884,0.04687723398092203
GRASIM,2025-05-13,2722.5832695123454,2729.5362366362365,2684.5405580344323,2690.500244140625,2720.745849609375,2756.27783203125,2711.11962890625,2694.097412109375,2724.371337890625,-0.01243262740248364,-0.011112261151847944,0.0013203662506356961,0.0013203662506356961,True,14.412511825561523,7.560341712000081,0.02578585298033431
GRASIM,2025-05-14,2701.625027248765,2728.543040667539,2687.1232694384908,2718.808837890625,2679.501708984375,2729.819091796875,2647.684326171875,2656.877197265625,2690.500244140625,0.010521684140951294,-0.012496949943871708,-0.023018634084823002,0.023018634084823002,False,14.892206192016602,6.600068431987893,0.024957956979051232
GRASIM,2025-05-15,2715.928378950016,2810.4886848583465,2701.724411668034,2805.8203125,2698.985107421875,2712.1875,2674.810791015625,2682.373779296875,2718.808837890625,0.03200352794089137,-0.013401110841620614,-0.04540463878251198,0.04540463878251198,False,13.571825981140137,8.274230754992459,0.024990216974401847
GRASIM,2025-05-16,2825.884805184188,2825.884805184188,2756.4545514347815,2785.35888671875,2789.8046875,2822.8564453125,2736.7646484375,2742.618896484375,2805.8203125,-0.007292493282657422,-0.022525111723677067,-0.015232618441019644,0.015232618441019644,True,13.824060440063477,6.757859681005357,0.024950855993665755
GRASIM,2025-05-19,2801.0526301653604,2801.152055272918,2702.717803787215,2708.677490234375,2758.256591796875,2786.11279296875,2730.998046875,2764.84326171875,2785.35888671875,-0.027530167422952223,-0.007365523020327238,0.020164644402624984,0.020164644402624984,True,14.040485382080078,7.529478306998499,0.024918966984841973
GRASIM,2025-05-20,2735.4961713944685,2735.4961713944685,2691.9904103646113,2702.519287109375,2716.822021484375,2728.896240234375,2690.657470703125,2707.258056640625,2708.677490234375,-0.0022735091745703347,-0.0005240319672118588,0.001749477207358476,0.001749477207358476,True,14.34130573272705,7.567502894991776,0.0491381750034634
GRASIM,2025-05-21,2698.7446380425026,2731.4234878924535,2674.111219272501,2688.71240234375,2710.099853515625,2729.333984375,2695.223388671875,2720.40576171875,2702.519287109375,-0.005108894072091118,0.006618444758078467,0.011727338830169586,0.011727338830169586,False,12.608423233032227,9.041933536005672,0.05259175301762298
GRASIM,2025-05-22,2681.85888077237,2684.1434757264133,2630.506298110966,2656.629638671875,2645.28125,2727.71826171875,2592.134033203125,2651.710693359375,2688.71240234375,-0.011932389512507349,-0.013761869418283867,-0.0018294799057765182,0.0018294799057765182,True,14.087068557739258,8.221496922982624,0.0553707120125182
GRASIM,2025-05-23,2657.026775325804,2728.44358492231,2633.1880304256847,2641.531494140625,2662.687255859375,2709.08447265625,2646.422607421875,2689.248779296875,2656.629638671875,-0.00568319509481871,0.012278392196703505,0.017961587291522214,0.017961587291522214,False,15.419992446899414,5.823385265015531,0.024828185996739194
GRASIM,2025-05-26,2654.543680163638,2678.481851136407,2622.3614702461373,2638.5517578125,2591.8837890625,2635.154541015625,2558.275146484375,2594.52294921875,2641.531494140625,-0.0011280336178972584,-0.017795943385929,-0.01666790976803174,0.01666790976803174,True,14.960941314697266,6.625029589020414,0.024879967008018866
GRASIM,2025-05-27,2638.1544500004343,2640.538227503345,2577.5643063822013,2596.63525390625,2597.76416015625,2606.598876953125,2567.389404296875,2570.63671875,2638.5517578125,-0.015886178386358817,-0.025739513678824016,-0.0098533352924652,0.0098533352924652,True,15.662567138671875,6.666838792007184,0.02497985598165542
GRASIM,2025-05-28,2603.1911897267246,2603.1911897267246,2552.8318857923346,2560.281494140625,2561.6220703125,2614.88623046875,2473.373779296875,2591.27587890625,2596.63525390625,-0.014000333589762442,-0.0020639691277154234,0.011936364462047018,0.011936364462047018,True,17.170734405517578,6.819530748995021,0.0254400449921377
GRASIM,2025-05-29,2560.2812295105105,2576.471515980487,2535.051746345184,2556.30810546875,2567.42578125,2577.755615234375,2530.284912109375,2542.26220703125,2560.281494140625,-0.0015519343013525525,-0.007038010137015535,-0.005486075835662982,0.005486075835662982,True,14.093891143798828,6.126293228007853,0.030499485990731046
GRASIM,2025-05-30,2557.6988279274697,2587.397835764268,2518.960865096724,2528.695068359375,2560.310546875,2587.17919921875,2542.14697265625,2561.81201171875,2556.30810546875,-0.010801920570647175,0.00215306841856246,0.012954988989209635,0.012954988989209635,False,13.605096817016602,5.559024836024037,0.02532317501027137
GRASIM,2025-06-02,2528.893627776143,2532.4695366615565,2494.1287900023153,2507.140869140625,2457.39013671875,2603.1455078125,2440.042724609375,2559.417236328125,2528.695068359375,-0.00852384278691793,0.012149415860047781,0.02067325864696571,0.02067325864696571,False,13.272258758544922,7.647984132985584,0.024970897007733583
GRASIM,2025-06-03,2525.9137432888588,2545.7793645494867,2495.221455441292,2535.25048828125,2532.486572265625,2567.88330078125,2462.421630859375,2521.779052734375,2507.140869140625,0.011211822792494369,0.0058385963764244105,-0.005373226416069958,0.005373226416069958,True,15.010168075561523,3.686901635985123,0.04035252801259048
GRASIM,2025-06-04,2539.124355339158,2555.811525207943,2524.7217803482854,2532.568603515625,2572.183837890625,2575.70947265625,2546.78662109375,2549.46875,2535.25048828125,-0.0010578381812848636,0.0056082275832196535,0.0066660657645045175,0.0066660657645045175,False,14.615631103515625,6.702444177994039,0.04075142799410969
GRASIM,2025-06-05,2537.932551293984,2581.5374931352176,2521.8412040083617,2537.237060546875,2532.7802734375,2554.5849609375,2499.76953125,2522.865234375,2532.568603515625,0.0018433684381814605,-0.0038314338759294084,-0.005674802314110869,0.005674802314110869,False,14.702640533447266,6.694606628007023,0.025018896005349234
GRASIM,2025-06-06,2542.600781794425,2560.7778728053295,2519.0600703213995,2557.1025390625,2561.190185546875,2576.791748046875,2539.599365234375,2550.12353515625,2537.237060546875,0.007829571317763743,0.0050789399263297275,-0.0027506313914340153,0.0027506313914340153,True,14.508947372436523,7.874965551018249,0.05182560600223951
GRASIM,2025-06-09,2568.525383962076,2597.3305345664703,2557.400684642499,2590.9736328125,2560.71240234375,2586.3583984375,2546.958984375,2567.38232421875,2557.1025390625,0.01324588796600156,0.004020091098896189,-0.009225796867105372,0.009225796867105372,True,14.558797836303711,6.589291282987688,0.04726071300683543
GRASIM,2025-06-10,2691.7917379494784,2723.576732641133,2648.683435899028,2689.80517578125,2577.008544921875,2653.254638671875,2543.97216796875,2585.12890625,2590.9736328125,0.038144557596855366,-0.002255803180889785,-0.04040036077774515,0.04040036077774515,False,13.18124008178711,6.836307146004401,0.04974156399839558
GRASIM,2025-06-11,2689.904550445539,2715.5310079348965,2660.2053010873205,2703.90966796875,2708.48828125,2755.53759765625,2684.6083984375,2740.952392578125,2689.80517578125,0.005243685421715857,0.019015212424081742,0.013771527002365884,0.013771527002365884,True,12.44784164428711,7.838215099007357,0.05764234400703572
GRASIM,2025-06-12,2699.837130864563,2710.6637965549944,2658.0199045735308,2671.031982421875,2715.8955078125,2752.774658203125,2699.97607421875,2735.093994140625,2703.90966796875,-0.012159313580757898,0.011533050286883848,0.023692363867641744,0.023692363867641744,False,13.670652389526367,9.12885298099718,0.025972922012442723
GRASIM,2025-06-13,2634.280759867824,2669.641419615622,2618.090230313234,2645.902099609375,2680.229248046875,2722.84912109375,2662.120361328125,2707.33544921875,2671.031982421875,-0.009408304721875423,0.013591550769810687,0.022999855491686108,0.022999855491686108,False,13.07789421081543,8.561214759014547,0.025098636018810794
GRASIM,2025-06-16,2647.094012962948,2695.7647846834675,2634.2807843468327,2686.725830078125,2627.9501953125,2642.24609375,2590.72314453125,2606.213134765625,2645.902099609375,0.015429040430020812,-0.015000163781422389,-0.0304292042114432,0.0304292042114432,False,13.488840103149414,5.539125841023633,0.046484785998472944
GRASIM,2025-06-17,2686.725843257548,2688.116582242254,2647.094025947962,2653.450927734375,2684.009765625,2741.0244140625,2646.480224609375,2689.767333984375,2686.725830078125,-0.012384926653562722,0.0011320484852604252,0.013516975138823148,0.013516975138823148,False,13.239507675170898,6.955899888009299,0.025130225985776633
GRASIM,2025-06-18,2653.450947993717,2678.1837920865014,2649.3786411151677,2657.424072265625,2698.030517578125,2705.01806640625,2628.432373046875,2636.978271484375,2653.450927734375,0.0014973499188253062,-0.006208012395414838,-0.007705362314240144,0.007705362314240144,False,13.141359329223633,7.205537181987893,0.04950293499859981
GRASIM,2025-06-19,2661.993230745076,2693.778224545017,2652.0604201825945,2675.1044921875,2640.640380859375,2652.8798828125,2591.46142578125,2604.1953125,2657.424072265625,0.0066532173417099,-0.02003020907394884,-0.02668342641565874,0.02668342641565874,False,13.974233627319336,6.75633758600452,0.02540128500550054
GRASIM,2025-06-20,2664.9732930362416,2714.5379248182803,2664.9732930362416,2694.37451171875,2690.728759765625,2724.920654296875,2663.055419921875,2683.818115234375,2675.1044921875,0.007203464233837244,0.003257301938044914,-0.00394616229579233,0.00394616229579233,True,15.475749969482422,4.527895132021513,0.024865826999302953
GRASIM,2025-06-23,2681.858944853905,2719.1069857546536,2660.1061859679744,2705.399658203125,2736.595458984375,2752.723876953125,2694.46484375,2714.073974609375,2694.37451171875,0.004091913145861087,0.007311330627923232,0.003219417482062145,0.003219417482062145,True,15.809364318847656,5.7665040269785095,0.025054365978576243
GRASIM,2025-06-24,2727.5499184149407,2782.975052657003,2718.9084212885527,2762.21533203125,2702.790283203125,2714.932861328125,2659.080810546875,2672.490234375,2705.399658203125,0.021000843130830026,-0.012164348335130202,-0.033165191465960225,0.033165191465960225,False,15.379094123840332,9.567683185014175,0.038384136016247794
GRASIM,2025-06-25,2773.1413765322586,2823.898137201373,2767.7777556495344,2812.7734375,2744.412109375,2756.439697265625,2701.692626953125,2721.43701171875,2762.21533203125,0.01830346276138113,-0.014762904194914033,-0.03306636695629517,0.03306636695629517,False,13.709619522094727,6.945170208986383,0.025283755006967112
GRASIM,2025-06-26,2820.9181289377125,2875.4491605568655,2812.971880687184,2863.92724609375,2808.179931640625,2833.6142578125,2770.4384765625,2797.193115234375,2812.7734375,0.018186252725429473,-0.005539131612204369,-0.023725384337633843,0.023725384337633843,False,15.257208824157715,8.448727951006731,0.04547823002212681
GRASIM,2025-06-27,2876.5418759481345,2876.5418759481345,2825.2884775671896,2841.87646484375,2857.70263671875,2898.2177734375,2826.703125,2866.78662109375,2863.92724609375,-0.007699490718584467,0.000998410488220342,0.008697901206804809,0.008697901206804809,False,15.229385375976562,7.402700903010555,0.05828746099723503
GRASIM,2025-06-30,2844.0616716451145,2870.582227111806,2817.6402987830143,2825.387939453125,2852.7333984375,2910.653564453125,2840.36181640625,2892.431884765625,2841.87646484375,-0.0058019852708592525,0.017789450226737637,0.023591435497596888,0.023591435497596888,False,13.06069564819336,6.962381953984732,0.025693912990391254
GRASIM,2025-07-01,2823.401396284427,2850.716625272227,2823.401396284427,2828.9638671875,2847.375244140625,2883.408447265625,2806.32568359375,2842.66943359375,2825.387939453125,0.001265641324662534,0.006116503117787769,0.004850861793125235,0.004850861793125235,True,11.361004829406738,7.500621124985628,0.05660218797856942
GRASIM,2025-07-02,2850.7168180401914,2859.55692301937,2815.951978795799,2830.652587890625,2814.774169921875,2848.115478515625,2792.154052734375,2824.7763671875,2828.9638671875,0.000596939650842516,-0.0014802239252928776,-0.0020771635761353937,0.0020771635761353937,False,11.736621856689453,9.324711516004754,0.02507360599702224
GRASIM,2025-07-03,2829.2618094213203,2830.7517310824746,2791.914585281879,2798.6689453125,2883.343505859375,2909.724609375,2833.653564453125,2852.13232421875,2830.652587890625,-0.011299034969868522,0.007588263010450001,0.01888729798031852,0.01888729798031852,False,12.209614753723145,7.6209871339960955,0.057833402999676764
GRASIM,2025-07-04,2798.6687010836754,2801.0524785333914,2766.982891021393,2787.047119140625,2802.9189453125,2844.140380859375,2767.83984375,2790.009521484375,2798.6689453125,-0.004152626265904167,-0.003094122240727578,0.0010585040251765892,0.0010585040251765892,True,13.490907669067383,7.817412767995847,0.047354392998386174
GRASIM,2025-07-07,2791.11977798147,2800.9531634731875,2756.354940889174,2760.427490234375,2798.6474609375,2818.49072265625,2776.908203125,2797.981689453125,2787.047119140625,-0.009551194424892988,0.0039233532283701154,0.013474547653263103,0.013474547653263103,False,13.42915153503418,6.355025600991212,0.05891751899616793
GRASIM,2025-07-08,2761.3212535886933,2822.2094290114005,2759.5332992409953,2801.84716796875,2761.3173828125,2774.741943359375,2716.208984375,2736.303466796875,2760.427490234375,0.015004805553091433,-0.008739234601468101,-0.023744040154559533,0.023744040154559533,False,12.027055740356445,6.0058644200034905,0.048163619998376817
GRASIM,2025-07-09,2794.0994702709327,2810.985247375307,2774.829915751921,2779.100830078125,2813.4326171875,2855.76513671875,2768.84814453125,2776.951904296875,2801.84716796875,-0.008118336414157582,-0.008885303936803689,-0.0007669675226461073,0.0007669675226461073,True,12.203571319580078,6.676755255000899,0.024949286016635597
GRASIM,2025-07-10,2779.100959699182,2790.9211497237015,2750.3952342829693,2756.454345703125,2786.59375,2799.77783203125,2754.68603515625,2769.55908203125,2779.100830078125,-0.00814885308582466,-0.0034333939753480505,0.004715459110476609,0.004715459110476609,True,13.73971176147461,6.872316071006935,0.02496174699626863
GRASIM,2025-07-11,2756.454216851047,2788.6364244465203,2737.879668037974,2743.442138671875,2771.1630859375,2797.158935546875,2752.472412109375,2774.07861328125,2756.454345703125,-0.004720632159764941,0.006393818060363828,0.011114450220128769,0.011114450220128769,False,13.036626815795898,6.971305250015575,0.052706702990690246
GRASIM,2025-07-14,2755.3618677302093,2790.126707445623,2736.5889512839967,2765.69189453125,2755.285400390625,2801.77978515625,2750.234375,2788.4833984375,2743.442138671875,0.008110160424285933,0.016417791040940224,0.008307630616654292,0.008307630616654292,True,14.386320114135742,5.511408473976189,0.0250508259923663
GRASIM,2025-07-15,2770.260934443684,2793.205824411036,2744.237018625908,2759.930908203125,2772.650146484375,2799.146484375,2766.414306640625,2796.0048828125,2765.69189453125,-0.0020830181190885744,0.010960363423412958,0.013043381542501533,0.013043381542501533,False,12.639372825622559,6.478911206999328,0.05753334402106702
GRASIM,2025-07-16,2765.294322210134,2765.294322210134,2739.469016040068,2743.83935546875,2676.34423828125,2757.85205078125,2605.941650390625,2678.19482421875,2759.930908203125,-0.005830418684231314,-0.029615264549354217,-0.023784845865122903,0.023784845865122903,True,12.022806167602539,6.70079830501345,0.024951746978331357
GRASIM,2025-07-17,2743.4422219505923,2759.0366857186896,2723.874634037744,2747.71337890625,2754.722412109375,2786.39892578125,2730.449951171875,2754.8447265625,2743.83935546875,0.0014118987796347038,0.004010938567454826,0.0025990397878201217,0.0025990397878201217,True,14.600776672363281,6.339799758978188,0.024963496980490163
GRASIM,2025-07-18,2752.3819272050237,2755.3617705040547,2698.248107272626,2710.16748046875,2769.293212890625,2817.55224609375,2768.77685546875,2795.777587890625,2747.71337890625,-0.013664415919700277,0.017492439114412783,0.03115685503411306,0.03115685503411306,False,14.943076133728027,7.818193825019989,0.02494911599205807
GRASIM,2025-07-21,2709.670784916723,2733.0128902853235,2694.970176439849,2723.477294921875,2720.095703125,2787.23876953125,2706.688232421875,2734.62939453125,2710.16748046875,0.004911067138486562,0.009025978740719401,0.004114911602232839,0.004114911602232839,True,13.69262981414795,7.1806546569860075,0.02496022600098513
GRASIM,2025-07-22,2734.4035358773745,2740.4626477928664,2699.2414807456016,2704.406494140625,2728.21630859375,2754.995849609375,2716.584716796875,2739.66845703125,2723.477294921875,-0.007002371863649798,0.0059450328958367375,0.012947404759486535,0.012947404759486535,False,11.989120483398438,9.278058010007953,0.025024925998877734
GRASIM,2025-07-23,2717.219898605555,2717.6171140490214,2683.348915790728,2690.89794921875,2654.080322265625,2751.902587890625,2631.646728515625,2689.029296875,2704.406494140625,-0.004995012750909545,-0.005685978531312242,-0.0006909657804026973,0.0006909657804026973,True,13.67367935180664,5.195283159991959,0.024899946991354227
GRASIM,2025-07-24,2690.8978394912115,2724.8680035315588,2649.378642330671,2717.517578125,2702.614501953125,2715.998779296875,2687.75341796875,2699.302001953125,2690.89794921875,0.009892470620812095,0.003123140636684105,-0.00676932998412799,0.00676932998412799,True,14.105005264282227,7.288930849026656,0.03257944798679091
GRASIM,2025-07-25,2716.6236455135218,2717.517501449787,2676.09773056486,2690.401123046875,2664.395751953125,2693.68408203125,2644.65380859375,2680.352783203125,2717.517578125,-0.009978391785356724,-0.013676009024205656,-0.003697617238848932,0.003697617238848932,True,15.312126159667969,6.7225475430022925,0.024636198009829968
GRASIM,2025-07-28,2685.931572341968,2735.9928437665585,2678.8791793931414,2708.876220703125,2687.263427734375,2704.378173828125,2673.673583984375,2689.13671875,2690.401123046875,0.006867042054802215,-0.00046996869204509703,-0.007337010746847312,0.007337010746847312,False,16.140159606933594,7.143638463981915,0.02489794700522907
GRASIM,2025-07-29,2708.8759356812757,2731.5227913239382,2686.8251456477283,2724.56982421875,2710.08935546875,2726.012451171875,2695.410400390625,2708.783935546875,2708.876220703125,0.005793400006867614,-3.4067690337672996e-05,-0.005827467697205287,0.005827467697205287,False,14.145398139953613,8.051004482025746,0.05650824902113527
GRASIM,2025-07-30,2721.5903036190266,2775.227484785241,2714.736760803454,2740.0654296875,2725.175537109375,2745.988525390625,2711.7763671875,2731.38916015625,2724.56982421875,0.005687358544093561,0.0025029037159858413,-0.0031844548281077197,0.0031844548281077197,True,13.087287902832031,8.417609337018803,0.055601752013899386
GRASIM,2025-07-31,2716.6237143369685,2753.176506050037,2709.3727140582473,2727.947021484375,2713.01806640625,2742.462158203125,2695.1064453125,2738.48876953125,2740.0654296875,-0.004422671105524325,-0.0005754096742243909,0.003847261431299934,0.003847261431299934,True,13.51717472076416,7.733808240998769,0.024755917984293774
GRASIM,2025-08-01,2729.5363679583675,2747.9120676698776,2697.7513738627827,2703.90966796875,2709.563232421875,2737.975830078125,2708.57421875,2736.581298828125,2727.947021484375,-0.008811517718751518,0.003165119144818207,0.011976636863569725,0.011976636863569725,False,13.382036209106445,8.440033143007895,0.024863186990842223
GRASIM,2025-08-04,2711.657156789019,2773.5386122004074,2702.5190199987906,2769.06884765625,2684.11865234375,2751.28125,2683.208251953125,2719.322509765625,2703.90966796875,0.02409813480804976,0.005700205883154944,-0.018397928924894814,0.018397928924894814,True,14.00462532043457,8.775352544995258,0.056030009989626706
GRASIM,2025-08-05,2780.193716145584,2805.9195988697275,2765.9897483383215,2778.40576171875,2768.496826171875,2804.533935546875,2758.29833984375,2785.677001953125,2769.06884765625,0.003371860569809522,0.005997739749566792,0.0026258791797572696,0.0026258791797572696,True,14.731948852539062,6.845151593006449,0.025657313992269337
GRASIM,2025-08-06,2781.186960535778,2781.186960535778,2739.4691561277414,2747.216796875,2775.49658203125,2809.294189453125,2757.468994140625,2789.736572265625,2778.40576171875,-0.011225489549969905,0.004078169827817247,0.015303659377787151,0.015303659377787151,False,12.710423469543457,6.803114911017474,0.024797357007628307
GRASIM,2025-08-07,2745.4287902995097,2754.0702868340486,2700.5325358612326,2725.26513671875,2734.88037109375,2749.14404296875,2718.948486328125,2729.05712890625,2747.216796875,-0.007990508860174538,-0.006610205641362885,0.001380303218811653,0.001380303218811653,True,12.648183822631836,9.426331775001017,0.024969296995550394
GRASIM,2025-08-08,2725.2651782515777,2730.4301912302262,2654.6430408410492,2673.515380859375,2713.29541015625,2730.87890625,2687.495849609375,2703.02294921875,2725.26513671875,-0.01898888851661688,-0.008161476547848788,0.010827411968768092,0.010827411968768092,True,14.440497398376465,7.8679982680187095,0.024894396017771214
GRASIM,2025-08-11,2707.6841870246985,2776.2205806067614,2701.7245006262583,2740.363037109375,2679.721923828125,2686.142578125,2666.693115234375,2663.883544921875,2673.515380859375,0.025003655011145844,-0.0036026858145113577,-0.028606340825657203,0.028606340825657203,False,13.244112014770508,6.847922892979113,0.02490320600918494
GRASIM,2025-08-12,2748.4379492222406,2753.322634586421,2696.6992255506807,2731.889404296875,2747.936279296875,2776.46044921875,2713.95458984375,2735.59912109375,2740.363037109375,-0.0030921570236322653,-0.00173842514700174,0.0013537318766305253,0.0013537318766305253,True,16.025054931640625,0.56234943101299,0.02516788599314168
GRASIM,2025-08-13,2751.4286232509653,2757.4099898232503,2717.0357654603285,2737.372314453125,2729.07470703125,2800.80322265625,2724.270263671875,2760.429443359375,2731.889404296875,0.00200700297297034,0.010446996506377806,0.008439993533407466,0.008439993533407466,True,13.216446876525879,7.312646920006955,0.024877336982171983
GRASIM,2025-08-14,2737.372238799783,2761.3974912207736,2722.618396368512,2756.313232421875,2719.46923828125,2762.568603515625,2661.6279296875,2713.81298828125,2737.372314453125,0.006919379533702209,-0.008606547983072484,-0.015525927516774693,0.015525927516774693,False,14.195042610168457,6.345633557008114,0.031496412004344165
GRASIM,2025-08-18,2786.319938326159,2856.501209008308,2767.8773913282935,2837.061767578125,2739.31494140625,2756.9892578125,2687.426025390625,2699.36083984375,2756.313232421875,0.029295848601829304,-0.02066252554615607,-0.049958374147985374,0.049958374147985374,False,13.10586166381836,8.926435108995065,0.04001105998759158
GRASIM,2025-08-19,2837.0617977282795,2845.1367400688337,2794.4944536924536,2819.5166015625,2812.3544921875,2839.791748046875,2798.971435546875,2825.00341796875,2837.061767578125,-0.006184273538253817,-0.004250295057787439,0.0019339784804663779,0.0019339784804663779,True,13.797612190246582,8.099295200023334,0.025194535992341116
GRASIM,2025-08-20,2819.5164963275824,2874.6448056394684,2798.681257218926,2856.002685546875,2813.516845703125,2833.355712890625,2764.526611328125,2768.265625,2819.5166015625,0.012940545895050023,-0.0181772210648088,-0.031117766959858822,0.031117766959858822,False,12.895076751708984,8.841919957019854,0.04379842500202358
GRASIM,2025-08-21,2871.055972620186,2889.398732870065,2846.1336117467467,2872.252197265625,2849.779296875,2864.370361328125,2833.683349609375,2849.7470703125,2856.002685546875,0.005689599593509661,-0.0021903394090041473,-0.007879939002513808,0.007879939002513808,False,12.979835510253906,9.305921676015714,0.02493879699613899
GRASIM,2025-08-22,2872.15256552198,2872.15256552198,2792.6998867949833,2805.0615234375,2854.3720703125,2865.628662109375,2822.436279296875,2840.377197265625,2872.252197265625,-0.0233930272181845,-0.01109756310060269,0.012295464117581808,0.012295464117581808,True,13.983209609985352,9.942263169999933,0.03982004098361358
GRASIM,2025-08-25,2816.9245845524483,2823.9028456674296,2782.930630007499,2802.6689453125,2818.95947265625,2860.8193359375,2772.0888671875,2781.16455078125,2805.0615234375,-0.0008529503203437703,-0.008519232985294788,-0.007666282664951018,0.007666282664951018,True,12.836039543151855,8.861595152004156,0.05271613298100419
GRASIM,2025-08-26,2794.8932779783568,2809.7469074021446,2771.7651328549146,2787.51611328125,2811.03173828125,2848.6953125,2767.65771484375,2779.01220703125,2802.6689453125,-0.005406572209177008,-0.008440789384281793,-0.0030342171751047845,0.0030342171751047845,True,12.84270191192627,8.566301070008194,0.02539538498967886
GRASIM,2025-08-28,2766.3819097438177,2797.2856355823974,2763.590556798043,2775.653076171875,2795.939208984375,2800.314697265625,2752.5537109375,2762.688720703125,2787.51611328125,-0.004255773465435055,-0.008906636435152333,-0.004650862969717278,0.004650862969717278,True,12.716287612915039,10.453101805003826,0.024797797988867387
GRASIM,2025-08-29,2775.653157308856,2789.1112318577684,2754.120140677626,2766.980224609375,2778.508544921875,2794.198486328125,2761.05517578125,2778.087158203125,2775.653076171875,-0.0031246165585150946,0.0008769402963741554,0.0040015568548892495,0.0040015568548892495,False,14.185127258300781,6.586045305011794,0.02499797599739395
GRASIM,2025-09-01,2769.3726708074537,2808.0522225895284,2764.7868591687698,2795.192138671875,2759.1953125,2816.47265625,2761.516357421875,2782.176513671875,2766.980224609375,0.010195921825383765,0.005492012168119242,-0.004703909657264523,0.004703909657264523,True,13.526165008544922,6.010508873005165,0.0249207160086371
GRASIM,2025-09-02,2806.257872235183,2811.242344477164,2765.086082839935,2771.167236328125,2799.0869140625,2829.58251953125,2782.77978515625,2808.10791015625,2795.192138671875,-0.00859508082158722,0.004620709719980781,0.013215790541568,0.013215790541568,False,10.702503204345703,8.288382362021366,0.054933593986788765
GRASIM,2025-09-03,2780.3384576182425,2800.475675648065,2761.8959113773185,2772.761962890625,2779.543701171875,2797.53857421875,2761.118408203125,2779.16552734375,2771.167236328125,0.0005754710656196477,0.002886253456945082,0.0023107823913254347,0.0023107823913254347,True,12.197094917297363,6.902120059996378,0.05601383000612259
GRASIM,2025-09-04,2792.301255085068,2856.3018278211007,2792.301255085068,2801.073974609375,2779.86669921875,2792.0322265625,2761.932373046875,2769.201904296875,2772.761962890625,0.010210761723388083,-0.0012839394947695446,-0.011494701218157627,0.011494701218157627,False,13.677772521972656,5.7893215119838715,0.02570786399883218
GRASIM,2025-09-05,2801.2733587898983,2828.6879557175575,2777.44767917665,2795.2919921875,2826.91455078125,2853.2119140625,2787.13623046875,2795.2294921875,2801.073974609375,-0.0020642019719173356,-0.002086514842111603,-2.2312870194267365e-05,2.2312870194267365e-05,True,12.832185745239258,7.68722459700075,0.04995562200201675
GRASIM,2025-09-08,2786.419795585386,2815.1301612562015,2786.419795585386,2795.391845703125,2791.828125,2812.9287109375,2772.817626953125,2793.67138671875,2795.2919921875,3.572203401436358e-05,-0.0005797624982575683,-0.0006154845322719318,0.0006154845322719318,False,14.239933013916016,6.584049363009399,0.024987696000607684
GRASIM,2025-09-09,2795.3917700520606,2814.9307548613397,2777.8463307214474,2787.217041015625,2794.49267578125,2809.111083984375,2765.262451171875,2781.575927734375,2795.391845703125,-0.0029243859675936743,-0.004942390452339207,-0.002018004484745533,0.002018004484745533,True,14.305059432983398,6.768699270003708,0.05622248898725957
GRASIM,2025-09-10,2787.2169247992574,2809.248388148707,2766.9801634088767,2777.1484375,2792.92236328125,2810.3564453125,2774.532958984375,2791.096923828125,2787.217041015625,-0.0036124217696215486,0.001392027515405195,0.005004449285026744,0.005004449285026744,False,13.09393310546875,11.330479894997552,0.05156871699728072
GRASIM,2025-09-11,2773.758828965584,2797.684294114968,2762.394330372594,2790.307373046875,2781.510009765625,2791.0751953125,2755.343994140625,2762.30419921875,2777.1484375,0.004738290315774668,-0.005345136788803714,-0.010083427104578381,0.010083427104578381,False,13.261794090270996,7.282790933008073,0.05582109099486843
GRASIM,2025-09-12,2790.3074125171474,2809.248406028339,2780.4382553563896,2793.298095703125,2788.88818359375,2809.291259765625,2751.78271484375,2773.1005859375,2790.307373046875,0.0010718255218543475,-0.0061666278330426575,-0.007238453354897005,0.007238453354897005,False,14.119956970214844,6.769117717980407,0.05747932501253672
GRASIM,2025-09-15,2786.3198561152335,2811.0428859837243,2776.3509120861986,2793.69677734375,2813.34423828125,2856.582275390625,2804.566650390625,2838.308349609375,2793.298095703125,0.0001427279248277454,0.01611365932461286,0.015970931399785115,0.015970931399785115,True,14.302638053894043,5.869474552018801,0.025475553993601352
GRASIM,2025-09-16,2803.1673839401706,2839.653817868174,2795.2920152018114,2834.1708984375,2786.053955078125,2827.42236328125,2770.24365234375,2776.172607421875,2793.69677734375,0.014487657150906993,-0.006272753028887051,-0.020760410179794044,0.020760410179794044,False,13.816041946411133,7.5145547130086925,0.025080855994019657
GRASIM,2025-09-17,2846.1336159175535,2872.052871263913,2841.149143735561,2856.501220703125,2821.95751953125,2834.291259765625,2802.435546875,2813.583740234375,2834.1708984375,0.00787896110214662,-0.007263908543579661,-0.015142869645726281,0.015142869645726281,False,14.043725967407227,7.935413785977289,0.056751127005554736
GRASIM,2025-09-18,2869.062054951993,2874.046526902918,2843.142800807187,2869.859619140625,2851.916259765625,2869.839599609375,2833.457763671875,2846.2431640625,2856.501220703125,0.0046764896652877475,-0.0035911262933400706,-0.008267615958627818,0.008267615958627818,False,14.515522003173828,8.5344929699786,0.042564529983792454
GRASIM,2025-09-19,2867.168187063436,2882.3209338264683,2839.45447304362,2868.96240234375,2859.711669921875,2871.80224609375,2815.4716796875,2829.81689453125,2869.859619140625,-0.00031263438493331954,-0.013952851331928818,-0.0136402169469955,0.0136402169469955,True,14.735414505004883,9.775631465017796,0.04323549798573367
GRASIM,2025-09-22,2851.118152219677,2901.9597696193987,2839.952982957402,2845.236572265625,2858.8544921875,2872.489990234375,2841.652587890625,2857.247314453125,2868.96240234375,-0.008269829558847683,-0.004083388433760777,0.004186441125086906,0.004186441125086906,True,12.854917526245117,8.037541832018178,0.05683612698339857
GRASIM,2025-09-23,2850.0213604950027,2864.8752333851166,2799.3793186558823,2804.762451171875,2854.246826171875,2882.2978515625,2843.234619140625,2860.978271484375,2845.236572265625,-0.014225221722607404,0.005532650385628598,0.019757872108236003,0.019757872108236003,False,13.94194507598877,8.304136673017638,0.04069167698617093
GRASIM,2025-09-24,2804.76255001474,2829.8842416120656,2789.21089915893,2798.681396484375,2813.59228515625,2843.693115234375,2762.459228515625,2814.740478515625,2804.762451171875,-0.0021681175476943645,0.0035575302783952415,0.005725647826089606,0.005725647826089606,False,13.427072525024414,7.905504167982144,0.024844886997016147
GRASIM,2025-09-25,2801.2733348645206,2824.401236853109,2762.59378248955,2769.970947265625,2809.01708984375,2820.3046875,2704.12890625,2782.513671875,2798.681396484375,-0.010258562927103906,-0.005776907878719043,0.004481655048384863,0.004481655048384863,True,13.01071834564209,8.395663309987867,0.036531062971334904
GRASIM,2025-09-26,2766.3819040853023,2801.273207380072,2727.7023534706173,2738.26953125,2783.882080078125,2827.5341796875,2776.25732421875,2797.99609375,2769.970947265625,-0.011444674554048673,0.01011748751806946,0.021562162072118134,0.021562162072118134,False,14.298851013183594,4.963430238974979,0.025004035996971652
GRASIM,2025-09-29,2731.5904533846533,2757.1108040941544,2692.113337638613,2738.369140625,2758.8955078125,2815.811279296875,2758.542724609375,2793.05615234375,2738.26953125,3.6376760528219095e-05,0.02000775324288121,0.019971376482352993,0.019971376482352993,True,14.55316162109375,5.319567033002386,0.02501540700905025
GRASIM,2025-09-30,2738.4689773404125,2760.4006546252645,2737.5718697135485,2748.338134765625,2736.251953125,2760.548828125,2710.572021484375,2728.422119140625,2738.369140625,0.003640485861723411,-0.0036324618681996654,-0.007272947729923077,0.007272947729923077,False,13.374074935913086,8.80343496100977,0.05329969999729656
GRASIM,2025-10-01,2759.304029434926,2787.5161908279474,2723.515616310033,2781.036376953125,2738.9306640625,2783.02685546875,2722.31591796875,2747.965087890625,2748.338134765625,0.011897459695325468,-0.00013573543600078634,-0.012033195131326254,0.012033195131326254,False,13.016525268554688,7.761214028985705,0.02495197599637322
GRASIM,2025-10-03,2791.3043463050135,2798.083276965382,2757.4099363855953,2782.73095703125,2785.05029296875,2790.793212890625,2731.111572265625,2748.533203125,2781.036376953125,0.0006093340210031933,-0.011687432101745877,-0.01229676612274907,0.01229676612274907,False,13.681429862976074,8.486561637982959,0.02497771702473983
GRASIM,2025-10-06,2756.5129557307096,2805.3607840409004,2756.5129557307096,2798.681396484375,2793.638427734375,2807.505615234375,2780.4482421875,2789.923828125,2782.73095703125,0.005731937330420793,0.0025848244781176036,-0.003147112852303189,0.003147112852303189,True,13.33753490447998,8.336935210012598,0.025067755981581286
GRASIM,2025-10-07,2791.304385628116,2816.2267462140812,2781.634558397247,2799.279541015625,2776.220703125,2827.35009765625,2752.082275390625,2790.12451171875,2798.681396484375,0.00021372369573806164,-0.0030574701273156416,-0.0032711938230537032,0.0032711938230537032,False,13.624056816101074,7.659025811008178,0.024984976975247264
GRASIM,2025-10-08,2810.2453623869646,2814.6316004701425,2756.1139468507376,2769.572021484375,2803.519775390625,2826.719482421875,2768.21142578125,2781.93310546875,2799.279541015625,-0.010612559087425623,-0.006196750018249848,0.004415809069175775,0.004415809069175775,True,14.467672348022461,7.444043367984705,0.024943906988482922
GRASIM,2025-10-09,2772.762069972213,2808.5507260350973,2769.5720564730173,2801.87158203125,2775.978759765625,2791.1904296875,2735.187255859375,2746.21728515625,2769.572021484375,0.011662293053337455,-0.00843261563409636,-0.020094908687433813,0.020094908687433813,False,15.256546020507812,8.406391939002788,0.05637243899400346
GRASIM,2025-10-10,2801.8716032498673,2824.0026110847707,2779.640808618247,2802.270263671875,2805.055908203125,2819.96630859375,2791.28125,2799.609375,2801.87158203125,0.00014229118963973752,-0.0008073914042876963,-0.0009496825939274338,0.0009496825939274338,False,13.810375213623047,8.623728464008309,0.05692894701496698
GRASIM,2025-10-13,2782.432072829314,2803.267068553431,2769.8711059657567,2789.310546875,2800.382568359375,2833.842041015625,2785.25244140625,2803.135498046875,2802.270263671875,-0.004624720522100393,0.0003087619300025205,0.004933482452102914,0.004933482452102914,False,15.105133056640625,6.168091801984701,0.05678103701211512
GRASIM,2025-10-14,2789.310695809564,2799.279640397876,2749.3351306574605,2767.1796875,2779.59375,2797.080078125,2756.41796875,2766.666015625,2789.310546875,-0.00793416831976428,-0.008118325611097613,-0.00018415729133333322,0.00018415729133333322,True,14.495532989501953,7.113823626015801,0.02511201601009816
GRASIM,2025-10-15,2771.3664828244805,2816.12694485238,2765.5844465219584,2808.05224609375,2759.9072265625,2786.461669921875,2751.373779296875,2770.14990234375,2767.1796875,0.014770475071922846,0.0010733725956312695,-0.013697102476291577,0.013697102476291577,True,13.942523956298828,8.130572572990786,0.035552266985177994
GRASIM,2025-10-16,2816.9245042140046,2866.071447627193,2808.351358260993,2850.918701171875,2806.0986328125,2826.244140625,2793.48681640625,2805.04736328125,2808.05224609375,0.015265547547327884,-0.0010700950513581288,-0.01633564259868601,0.01633564259868601,False,13.936065673828125,9.363285831990652,0.02544558499357663
GRASIM,2025-10-17,2853.111769873225,2877.037235448682,2817.5226885062175,2827.391845703125,2857.21240234375,2867.290771484375,2808.417236328125,2817.307373046875,2850.918701171875,-0.008252376842271668,-0.011789648056671698,-0.0035372712144000305,0.0035372712144000305,True,13.024696350097656,8.027702480001608,0.025088205991778523
GRASIM,2025-10-20,2840.1522465727926,2865.0746074588296,2829.186407782936,2845.13671875,2819.67822265625,2837.73388671875,2790.134765625,2802.45751953125,2827.391845703125,0.0062760572341051465,-0.008818843489899876,-0.015094900724005022,0.015094900724005022,False,13.71408462524414,7.8964463520096615,0.054068776982603595
GRASIM,2025-10-21,2866.9684701044566,2866.9684701044566,2852.6132882852044,2861.78466796875,2843.6181640625,2861.17626953125,2820.833740234375,2837.305419921875,2845.13671875,0.00585137055419404,-0.0027525210920498933,-0.008603891646243934,0.008603891646243934,False,15.55357837677002,5.524267436994705,0.05309375101933256
GRASIM,2025-10-23,2875.04351184763,2905.448791705935,2847.1304680432836,2855.703857421875,2869.17626953125,2886.199951171875,2842.76220703125,2854.5322265625,2861.78466796875,-0.0021248316181633137,-0.0025342372846653308,-0.00040940566650201704,0.00040940566650201704,True,14.925694465637207,5.07822191901505,0.025079195998841897
GRASIM,2025-10-24,2855.703762143161,2868.0651552053987,2814.2328582359546,2832.47607421875,2857.39697265625,2873.39208984375,2840.947021484375,2852.686767578125,2855.703857421875,-0.008133820719104609,-0.001056513558262944,0.007077307160841665,0.007077307160841665,True,12.615533828735352,6.586851761996513,0.025056356011191383
GRASIM,2025-10-27,2850.121227735391,2924.8883113590896,2838.7567283775625,2914.819580078125,2822.056884765625,2882.412353515625,2827.3515625,2849.35400390625,2832.47607421875,0.029071209677238627,0.005958719242546559,-0.023112490434692066,0.023112490434692066,True,13.534381866455078,9.289570447988808,0.0499205730156973
GRASIM,2025-10-28,2923.5921737016774,2950.4087792332875,2905.050083792838,2923.79150390625,2926.54833984375,2966.65576171875,2895.54638671875,2925.990234375,2914.819580078125,0.0030780374502234298,0.0038323656027367554,0.0007543281525133256,0.0007543281525133256,True,14.031322479248047,7.12798600300448,0.02573859301628545
GRASIM,2025-10-29,2936.7511773446386,2968.552255402627,2930.869597613962,2949.511474609375,2907.822021484375,2943.131591796875,2896.821044921875,2922.00634765625,2923.79150390625,0.008796786866902976,-0.0006105620895385296,-0.009407348956441505,0.009407348956441505,False,12.675117492675781,8.201445457991213,0.041461864981101826
GRASIM,2025-10-30,2950.8075888150092,2956.6891687505517,2913.5238335255235,2941.2373046875,2953.20068359375,2975.43212890625,2936.37060546875,2947.5146484375,2949.511474609375,-0.0028052679208413005,-0.0006770023405789442,0.0021282655802623562,0.0021282655802623562,True,13.001180648803711,8.102707778976765,0.025113845011219382
GRASIM,2025-10-31,2941.2371349161463,2945.224712508702,2871.055866640134,2882.719482421875,2937.441650390625,2958.567138671875,2924.3583984375,2939.089111328125,2941.2373046875,-0.0198956480568107,-0.0007303706354979885,0.019165277421312712,0.019165277421312712,True,14.133966445922852,6.270112469006563,0.02573740400839597
GRASIM,2025-11-03,2887.0062520679003,2910.831931449882,2863.5792331025705,2890.89404296875,2873.399658203125,2886.987060546875,2862.292236328125,2876.025390625,2882.719482421875,0.002835711416501498,-0.002322144710123184,-0.005157856126624682,0.005157856126624682,False,14.666570663452148,5.500231876998441,0.025555183994583786
GRASIM,2025-11-04,2899.866168037543,2900.8630624874695,2863.0808601882372,2873.0498046875,2890.6943359375,2914.831787109375,2871.93798828125,2887.088134765625,2890.89404296875,-0.006172567384353247,-0.0013165159796782427,0.004856051404675004,0.004856051404675004,True,14.53887939453125,8.424719111004379,0.02655154000967741
GRASIM,2025-11-06,2788.4133539958316,2791.304250330708,2683.639657817952,2691.714599609375,2883.435791015625,2907.942626953125,2870.8759765625,2889.5224609375,2873.0498046875,-0.06311592816186795,0.005733508769365633,0.06884943693123359,0.06884943693123359,False,14.172381401062012,8.537042769981781,0.025540064001688734
GRASIM,2025-11-07,2691.6149714488274,2729.496959935885,2667.390388029302,2716.138671875,2725.166015625,2746.88232421875,2703.28857421875,2716.606689453125,2691.714599609375,0.009073797151142789,0.009247670554434846,0.00017387340329205747,0.00017387340329205747,True,14.35338020324707,8.285869571991498,0.04773856099927798
GRASIM,2025-11-10,2729.497005612345,2780.338622590515,2720.225838545721,2754.319580078125,2703.0859375,2731.2392578125,2690.544921875,2707.100830078125,2716.138671875,0.014057054081398585,-0.003327459636159156,-0.01738451371755774,0.01738451371755774,False,14.540156364440918,8.199782243988011,0.0572538560081739
GRASIM,2025-11-11,2766.382123256448,2771.466382349461,2728.9985810502794,2767.1796875,2741.794677734375,2816.223876953125,2712.212158203125,2771.455810546875,2754.319580078125,0.00466906872931217,0.006221583941346392,0.0015525152120342217,0.0015525152120342217,True,13.843814849853516,8.511543026019353,0.031763611012138426
GRASIM,2025-11-12,2779.7402019782353,2785.023790887991,2746.4440269177535,2758.805419921875,2760.271484375,2782.017333984375,2705.206787109375,2754.026611328125,2767.1796875,-0.0030262825417350135,-0.004753242527505724,-0.0017269599857707109,0.0017269599857707109,True,12.177934646606445,10.879687385982834,0.04836034798063338
GRASIM,2025-11-13,2758.0081711319876,2776.3509309168526,2737.671379145368,2769.17333984375,2744.54150390625,2789.16455078125,2730.1416015625,2778.72119140625,2758.805419921875,0.0037581193102660367,0.007218983745848587,0.00346086443558255,0.00346086443558255,True,13.840209007263184,8.446461459010607,0.024894446978578344
GRASIM,2025-11-14,2768.5751625848934,2781.3354599666027,2752.425521493831,2774.755859375,2766.577880859375,2828.83349609375,2736.00634765625,2810.531494140625,2769.17333984375,0.0020159516383199735,0.014935198783622778,0.012919247145302805,0.012919247145302805,True,13.725616455078125,8.104887360008433,0.05024918101844378
GRASIM,2025-11-17,2781.335404484827,2790.3074541767137,2762.4941974848352,2781.634521484375,2749.112548828125,2759.82568359375,2698.09326171875,2712.902587890625,2774.755859375,0.0024790152568321395,-0.02229142837031693,-0.02477044362714907,0.02477044362714907,False,13.251535415649414,8.200047593010822,0.0380829369823914
GRASIM,2025-11-18,2779.3416179681844,2781.634523790052,2741.459630348819,2753.42236328125,2778.318359375,2792.607666015625,2754.0869140625,2770.688720703125,2781.634521484375,-0.010142295109305024,-0.0039350247837048515,0.006207270325600173,0.006207270325600173,True,13.125348091125488,9.509552893025102,0.03061880500172265
GRASIM,2025-11-19,2761.3975025197265,2765.385080140694,2730.5935627507247,2736.176025390625,2758.96728515625,2776.8857421875,2728.48876953125,2744.20361328125,2753.42236328125,-0.006263600572370074,-0.003348106023593862,0.0029154945487762122,0.0029154945487762122,True,12.796148300170898,7.206695887987735,0.02485795598477125
GRASIM,2025-11-20,2751.428708470736,2755.715403323464,2736.4752915768736,2740.064208984375,2745.033203125,2787.078857421875,2710.56640625,2733.904052734375,2736.176025390625,0.001421028310192474,-0.0008303459408923248,-0.0022513742510847988,0.0022513742510847988,False,14.739150047302246,7.243915017985273,0.04408970498479903
GRASIM,2025-11-21,2741.4596311412665,2748.3381052264326,2714.543482035516,2726.306884765625,2753.85107421875,2780.5146484375,2736.759521484375,2763.1923828125,2740.064208984375,-0.005020803590529454,0.00844074155353375,0.013461545144063204,0.013461545144063204,False,15.136331558227539,8.806471549003618,0.03875189498648979
GRASIM,2025-11-24,2726.406573233332,2731.789949370355,2671.0789304611867,2680.35009765625,2713.332763671875,2730.251953125,2682.548095703125,2710.39404296875,2726.306884765625,-0.01685679164226804,-0.005836775707751255,0.011020015934516784,0.011020015934516784,True,14.031238555908203,6.8098311760113575,0.03453559000627138
GRASIM,2025-11-25,2679.7520661478984,2703.5777461299194,2671.677123756705,2678.4560546875,2686.188720703125,2704.743408203125,2630.923828125,2667.295654296875,2680.35009765625,-0.0007066401401839961,-0.004870424714588612,-0.004163784574404616,0.004163784574404616,True,12.720170974731445,7.83137652600999,0.02539463501307182
GRASIM,2025-11-26,2678.455959691142,2738.0702943132414,2678.455959691142,2735.478271484375,2685.40771484375,2701.6005859375,2657.694580078125,2670.806396484375,2678.4560546875,0.021289211259255803,-0.00285599541188571,-0.024145206671141513,0.024145206671141513,False,11.650498390197754,9.129135778988712,0.03747400001157075
GRASIM,2025-11-27,2739.4658780508666,2739.9643252630303,2703.577678775091,2731.49072265625,2709.16796875,2723.537841796875,2675.967041015625,2693.46337890625,2735.478271484375,-0.0014577154092915547,-0.015359249245773067,-0.013901533836481513,0.013901533836481513,True,11.138813972473145,8.495336525986204,0.04607122699962929
GRASIM,2025-11-28,2738.6684035660082,2739.465967808087,2719.029631439795,2730.892578125,2730.893798828125,2751.95263671875,2718.33251953125,2739.6640625,2731.49072265625,-0.00021898098583630982,0.0029922634464604,0.00321124443229671,0.00321124443229671,False,14.11178207397461,6.353621046990156,0.024953465996077284
GRASIM,2025-12-01,2741.459636489223,2744.550106523326,2691.6149158257826,2723.01708984375,2737.407470703125,2788.27001953125,2711.324462890625,2766.467041015625,2730.892578125,-0.002883851362127624,0.013026679692780162,0.015910531054907785,0.015910531054907785,False,13.79415225982666,6.961845236015506,0.040405068022664636
GRASIM,2025-12-02,2708.662034178129,2732.587501214235,2708.662034178129,2726.50634765625,2712.57666015625,2733.5830078125,2698.63330078125,2723.57568359375,2723.01708984375,0.0012813940189777575,0.0002051378054450818,-0.0010762562135326757,0.0010762562135326757,True,12.981083869934082,8.314509033982176,0.025858183013042435
GRASIM,2025-12-03,2735.478400829125,2735.478400829125,2698.7926359899147,2711.85205078125,2727.979248046875,2741.474853515625,2664.1328125,2722.593994140625,2726.50634765625,-0.005374752524452062,-0.0014349328469336314,0.00393981967751843,0.00393981967751843,True,14.014669418334961,5.690820801013615,0.026445160998264328
GRASIM,2025-12-04,2711.8519226060675,2733.982929916509,2701.5838614671793,2721.92041015625,2722.8896484375,2753.3740234375,2681.557861328125,2718.572998046875,2711.85205078125,0.003712724435722603,0.0024783605962901923,-0.0012343638394324108,0.0012343638394324108,True,14.412532806396484,9.881633899000008,0.026260092010488734
GRASIM,2025-12-05,2722.0202360760745,2741.858337843379,2708.462374500201,2738.468994140625,2730.79833984375,2741.486083984375,2711.4951171875,2724.4462890625,2721.92041015625,0.006079745727548676,0.0009279767684702447,-0.005151768959078431,0.005151768959078431,True,13.644937515258789,7.831427196011646,0.02566208300413564
GRASIM,2025-12-08,2738.469087545527,2761.2978733759496,2721.5218816888564,2735.677734375,2728.550537109375,2738.470458984375,2677.746826171875,2709.781005859375,2738.468994140625,-0.0010192774764283725,-0.01047592225533039,-0.009456644778902016,0.009456644778902016,True,15.011682510375977,7.408402130997274,0.04552165899076499
GRASIM,2025-12-09,2731.4908012506826,2770.9679189429003,2718.0327261350317,2737.47216796875,2737.493408203125,2749.729248046875,2710.6689453125,2724.50341796875,2735.677734375,0.0006559374926374363,-0.004084661093607545,-0.004740598586244982,0.004740598586244982,False,15.965866088867188,1.5669535350170918,0.025532324012601748
GRASIM,2025-12-10,2762.294539774948,2771.1670457850682,2732.3877083794314,2738.26953125,2739.250732421875,2750.208984375,2726.475341796875,2740.168212890625,2737.47216796875,0.0002912772193923918,0.0009848666055573125,0.0006935893861649207,0.0006935893861649207,True,13.309900283813477,7.178117914998438,0.025810593011556193
GRASIM,2025-12-11,2748.4379860746126,2793.9960135546767,2734.1823468283524,2789.111328125,2756.1875,2763.838134765625,2737.2578125,2745.681396484375,2738.26953125,0.018567126535491592,0.002706769786461283,-0.01586035674903031,0.01586035674903031,True,12.972694396972656,8.356663155980641,0.05027807198348455
GRASIM,2025-12-12,2805.260925975222,2836.3639835142394,2787.9150602464706,2827.890380859375,2785.2939453125,2802.5927734375,2758.66357421875,2779.185302734375,2789.111328125,0.013903730676983946,-0.0035588487596505663,-0.017462579436634512,0.017462579436634512,False,14.006671905517578,5.682733931986149,0.02574752300279215
GRASIM,2025-12-15,2827.890452080946,2841.049410211664,2808.251679992135,2812.2392578125,2814.626708984375,2832.1103515625,2789.880615234375,2812.494873046875,2827.890380859375,-0.005534557899701451,-0.005444167113656442,9.039078604500955e-05,9.039078604500955e-05,True,14.208969116210938,7.773779320996255,0.0256930339965038
GRASIM,2025-12-16,2813.2360110854547,2823.9027325431352,2777.547142707744,2790.4072265625,2819.197265625,2837.593505859375,2801.26025390625,2821.443359375,2812.2392578125,-0.007763219715161093,0.003272872867033159,0.011036092582194252,0.011036092582194252,False,14.563070297241211,8.472530942002777,0.052012824977282435
GRASIM,2025-12-17,2776.550346153502,2806.158062350795,2771.366543740976,2797.884033203125,2790.3984375,2799.98193359375,2764.79736328125,2777.177978515625,2790.4072265625,0.0026794679176041524,-0.00474097397718257,-0.007420441894786722,0.007420441894786722,False,13.02247428894043,7.63893118800479,0.025571323989424855
GRASIM,2025-12-18,2801.2733086201392,2811.24225277893,2778.244950260363,2798.880859375,2791.1240234375,2802.79736328125,2766.682373046875,2780.394287109375,2797.884033203125,0.00035627858769178333,-0.006251061833226543,-0.006607340420918326,0.006607340420918326,False,14.903505325317383,9.980646497017005,0.05287825199775398
GRASIM,2025-12-19,2791.3044444444445,2822.30795901964,2781.4352867974176,2803.765625,2797.626708984375,2826.896484375,2761.5146484375,2794.8037109375,2798.880859375,0.0017452567188196734,-0.00145670667754341,-0.0032019633963630834,0.0032019633963630834,False,13.470941543579102,8.832865799980937,0.05091694899601862
GRASIM,2025-12-22,2803.9648042660856,2849.1241688448335,2789.4102921901717,2800.97412109375,2810.8212890625,2835.6240234375,2794.954833984375,2823.111328125,2803.765625,-0.0009956266962399898,0.006899900245763231,0.007895526942003222,0.007895526942003222,False,13.58564567565918,8.015759414003696,0.025535104010486975
GRASIM,2025-12-23,2802.2702985567685,2833.871803940847,2802.2702985567685,2821.011962890625,2797.902587890625,2819.593505859375,2765.213134765625,2811.62548828125,2800.97412109375,0.007153883231541761,0.003802736736225452,-0.0033511464953163094,0.0033511464953163094,True,14.679210662841797,6.7389252510038204,0.026108001999091357
GRASIM,2025-12-24,2822.0088840300614,2854.009050143757,2811.2423751932597,2818.120849609375,2817.062255859375,2853.302001953125,2798.32666015625,2834.273681640625,2821.011962890625,-0.0010248497061627288,0.004701050163718919,0.005725899869881647,0.005725899869881647,False,13.912757873535156,6.479573393997271,0.025363295018905774
GRASIM,2025-12-26,2819.217524474498,2831.578918388668,2800.575646804566,2808.949462890625,2832.2236328125,2838.27001953125,2780.2216796875,2791.546630859375,2818.120849609375,-0.0032544334356779847,-0.00942976549557252,-0.006175332059894536,0.006175332059894536,True,13.85641860961914,5.4251152880024165,0.02548545500030741
GRASIM,2025-12-29,2812.2390672254255,2841.1490044638294,2803.7654649314104,2833.572509765625,2816.05029296875,2863.476318359375,2797.580810546875,2845.27783203125,2808.949462890625,0.008765927333438384,0.012933080363517938,0.004167153030079553,0.004167153030079553,True,15.72488784790039,5.562362524011405,0.05902281799353659
GRASIM,2025-12-30,2838.1583448335823,2848.2270755840987,2818.419787120321,2832.874755859375,2832.53662109375,2851.510009765625,2811.8134765625,2836.52392578125,2833.572509765625,-0.0002462452977099618,0.0010415883149110317,0.0012878336126209934,0.0012878336126209934,False,14.045028686523438,6.246211129007861,0.05815580202033743
GRASIM,2025-12-31,2835.66621920497,2855.1056606795687,2794.7935473865823,2820.21435546875,2832.47705078125,2843.7314453125,2808.591796875,2824.076171875,2832.874755859375,-0.0044690999361828,-0.003105885272963958,0.0013632146632188424,0.0013632146632188424,True,15.131721496582031,5.0575708860124,0.025675143988337368
GRASIM,2026-01-01,2824.2018731460116,2846.0337634463767,2813.535151599178,2842.84375,2824.13671875,2837.4521484375,2797.9384765625,2813.060791015625,2820.21435546875,0.008023998065029618,-0.0025365321750289442,-0.010560530240058562,0.010560530240058562,False,14.522476196289062,6.055247045005672,0.04631999699631706
GRASIM,2026-01-02,2848.0274999319117,2873.0496466012196,2836.2643407759833,2847.529052734375,2832.262939453125,2856.128173828125,2821.1279296875,2843.720703125,2842.84375,0.001648104203537391,0.00030847742687229997,-0.001339626776665091,0.001339626776665091,True,15.055946350097656,6.288240052002948,0.05451476600137539
GRASIM,2026-01-05,2862.0839548468803,2884.015632661799,2833.6724631320994,2840.052490234375,2846.034423828125,2867.30615234375,2829.533203125,2850.71484375,2847.529052734375,-0.0026256316833082136,0.0011187914000616798,0.0037444230833698936,0.0037444230833698936,False,14.71288776397705,7.605800991004799,0.02557258401066065
GRASIM,2026-01-06,2851.1180222607372,2871.0559105282946,2836.6630532667577,2856.401611328125,2844.58935546875,2865.48095703125,2821.329833984375,2831.42236328125,2840.052490234375,0.005756626382775337,-0.003038720933081346,-0.008795347315856683,0.008795347315856683,False,13.464609146118164,4.915954736992717,0.030442146002314985
GRASIM,2026-01-07,2871.055980666328,2871.055980666328,2820.314151138774,2828.289306640625,2833.604248046875,2861.875732421875,2824.74853515625,2852.43603515625,2856.401611328125,-0.009841859973755154,-0.0013883118382751326,0.008453548135480021,0.008453548135480021,True,13.330059051513672,5.819024121010443,0.050437491008779034
GRASIM,2026-01-08,2812.2390385056633,2823.105089865817,2778.444416466449,2783.3291015625,2840.138671875,2864.35595703125,2829.32177734375,2849.357421875,2828.289306640625,-0.01589660752616841,0.007449066538175052,0.023345674064343465,0.023345674064343465,False,12.932275772094727,6.967867242987268,0.04103188600856811
GRASIM,2026-01-09,2791.105152164369,2799.179851244648,2758.107848251837,2768.276123046875,2778.974365234375,2799.734130859375,2757.100830078125,2786.025390625,2783.3291015625,-0.005408263976823505,0.0009687280821324228,0.0063769920589559275,0.0063769920589559275,False,12.368024826049805,7.670063240017043,0.026099643000634387
GRASIM,2026-01-12,2754.4191628517246,2812.8372706799396,2729.795920423453,2797.9833984375,2777.26611328125,2801.740966796875,2758.423095703125,2779.80126953125,2768.276123046875,0.010731326670523022,0.0041632936788437,-0.006568032991679322,0.006568032991679322,True,12.42402172088623,7.965895611006999,0.04153746401425451
GRASIM,2026-01-13,2790.307503139762,2806.05848377395,2750.531512827397,2765.58447265625,2807.46484375,2825.13525390625,2794.098388671875,2810.06787109375,2797.9833984375,-0.011579384566521298,0.004318993694886977,0.015898378261408275,0.015898378261408275,False,11.774917602539062,8.007995772990398,0.05774605300393887
GRASIM,2026-01-14,2765.3850848925263,2812.3389088130652,2746.5438779540505,2787.117431640625,2757.464111328125,2798.9326171875,2733.159912109375,2762.77099609375,2765.58447265625,0.007786042768635204,-0.0010173171676067993,-0.008803359936242004,0.008803359936242004,False,12.253710746765137,7.808595390000846,0.025990562979131937
GRASIM,2026-01-15,2787.117431640625,2787.117431640625,2787.117431640625,2787.117431640625,2792.32861328125,2828.658447265625,2781.108642578125,2815.240478515625,2787.117431640625,0.0,0.010090370271354331,0.010090370271354331,0.010090370271354331,False,12.221845626831055,11.22752440100885,0.04104224598268047
GRASIM,2026-01-16,2802.070980527922,2818.51973902214,2782.332421658373,2800.874755859375,2781.583740234375,2793.314208984375,2752.9833984375,2765.431640625,2787.117431640625,0.004936040391614145,-0.007780723829372252,-0.012716764220986398,0.012716764220986398,False,14.022048950195312,5.35969519399805,0.0352788970049005
GRASIM,2026-01-19,2787.3167656109486,2812.837359816436,2760.201286381633,2771.366455078125,2801.935302734375,2828.69580078125,2789.664306640625,2816.1708984375,2800.874755859375,-0.010535387460477915,0.005461201914196902,0.015996589374674818,0.015996589374674818,False,14.359354972839355,7.154376444988884,0.03427968101459555
GRASIM,2026-01-20,2774.357228392215,2782.1330537059484,2697.5963564604144,2705.1728515625,2779.706298828125,2803.451416015625,2769.08740234375,2789.496337890625,2771.366455078125,-0.023884825261680884,0.006541856916568949,0.03042668217824983,0.03042668217824983,False,15.017096519470215,5.027574147999985,0.040765997022390366
GRASIM,2026-01-21,2710.4561605486224,2743.4534634393267,2699.889225650588,2727.1044921875,2715.51708984375,2746.19580078125,2704.612548828125,2729.63330078125,2705.1728515625,0.008107297325689317,0.009042102135773585,0.0009348048100842679,0.0009348048100842679,True,14.932857513427734,7.0390696359972935,0.02562659399700351
GRASIM,2026-01-22,2733.982837201929,2790.3073696729994,2733.982837201929,2778.94287109375,2697.63671875,2745.888671875,2658.078857421875,2714.283935546875,2727.1044921875,0.01900857816587319,-0.004701160764962552,-0.02370973893083574,0.02370973893083574,False,12.85155963897705,10.346148590993835,0.02701024801353924
GRASIM,2026-01-23,2781.235580131514,2796.2887828753624,2743.9518270461444,2750.431640625,2800.364990234375,2860.5087890625,2782.563720703125,2827.42041015625,2778.94287109375,-0.010259739689261194,0.01744459721239968,0.027704336901660874,0.027704336901660874,False,12.970155715942383,7.122465893015033,0.04652446598629467
GRASIM,2026-01-27,2789.310626596558,2857.9965557527007,2764.3882657441945,2847.329833984375,2756.5419921875,2785.017578125,2738.931396484375,2752.433349609375,2750.431640625,0.03523017693955707,0.0007277799436310068,-0.03450239699592607,0.03450239699592607,True,14.556574821472168,8.896830059995409,0.057053215976338834
GRASIM,2026-01-28,2861.1866850632637,2882.2210106552493,2822.307803867242,2830.282958984375,2860.835205078125,2903.965576171875,2850.238037109375,2875.68701171875,2847.329833984375,-0.005986968842364732,0.009959217718972074,0.015946186561336805,0.015946186561336805,False,14.959558486938477,7.9039870430133305,0.045457050000550225
GRASIM,2026-01-29,2817.821746420017,2844.0398738574586,2799.977191023023,2822.90576171875,2877.953857421875,2909.6376953125,2858.929931640625,2870.261962890625,2830.282958984375,-0.0026065228715761515,0.01412544416428107,0.01673196703585722,0.01673196703585722,False,12.908860206604004,8.972024139016867,0.02626677099033259
GRASIM,2026-01-30,2828.687908041346,2830.7814836698712,2799.179735947222,2810.245361328125,2815.39697265625,2856.096923828125,2808.223388671875,2840.05908203125,2822.90576171875,-0.004484882408159672,0.006076476425502797,0.010561358833662469,0.010561358833662469,False,11.150214195251465,10.887551676016301,0.025791382999159396
GRASIM,2026-02-02,2731.4907536119103,2773.2605331116165,2704.574603850041,2765.9833984375,2832.470458984375,2889.777587890625,2808.2353515625,2826.75,2810.245361328125,-0.015750212952831546,0.0058730240778957785,0.021623237030727323,0.021623237030727323,False,13.437870979309082,6.065310347999912,0.050413150020176545
GRASIM,2026-02-03,2860.0902123499404,2860.0902123499404,2792.401175712479,2800.1767578125,2746.03564453125,2825.3466796875,2732.687255859375,2802.337890625,2765.9833984375,0.01236209855573095,0.013143423857148456,0.0007813253014175067,0.0007813253014175067,True,13.147296905517578,7.720201282994822,0.026023972022812814
GRASIM,2026-02-04,2800.176740979053,2854.9063926599897,2800.176740979053,2836.06494140625,2848.351318359375,2850.448974609375,2805.736083984375,2815.773193359375,2800.1767578125,0.012816399355369936,0.005569803943040705,-0.00724659541232923,0.00724659541232923,True,14.254453659057617,7.6326762799872085,0.025960833008866757
GRASIM,2026-02-05,2821.3110223628646,2868.3643907601454,2816.2267634192954,2855.005859375,2837.02734375,2863.60302734375,2841.475341796875,2857.08349609375,2836.06494140625,0.006678591061937472,0.0074111683342053675,0.0007325772722678956,0.0007325772722678956,True,13.593114852905273,10.879972315015038,0.025449515000218526
GRASIM,2026-02-06,2855.1055349501744,2870.0589508105977,2811.9399591566016,2828.089599609375,2837.140869140625,2842.43408203125,2768.38525390625,2819.129150390625,2855.005859375,-0.009427742390524319,-0.012566247059201799,-0.00313850466867748,0.00313850466867748,True,13.468324661254883,8.218363565014442,0.04756003100192174
GRASIM,2026-02-09,2851.0182234054073,2930.670232726793,2837.659935675625,2917.212158203125,2837.529541015625,2870.3310546875,2816.664794921875,2828.49755859375,2828.089599609375,0.03151334335590354,0.00014425249625448522,-0.031369090859649056,0.031369090859649056,True,14.68775749206543,5.361509765993105,0.053562928980682045
GRASIM,2026-02-10,2933.8602665768753,2952.8012604827404,2910.134130797254,2944.726318359375,2901.1552734375,2916.607177734375,2850.869140625,2880.576416015625,2917.212158203125,0.009431662376313939,-0.012558477135261226,-0.021990139511575163,0.021990139511575163,False,13.835606575012207,7.394466353987809,0.025914803001796827
GRASIM,2026-02-11,2969.748479553244,2969.748479553244,2885.9095614112744,2923.49267578125,2940.711181640625,2951.38818359375,2900.06982421875,2916.78125,2944.726318359375,-0.007210735492035509,-0.00948986946092305,-0.0022791339688875405,0.0022791339688875405,True,14.175025939941406,11.306947573000798,0.05170206699403934
GRASIM,2026-02-12,2931.2681799046586,2931.3679666970656,2898.5702384746783,2916.41455078125,2928.710205078125,2965.21875,2904.46533203125,2928.017333984375,2923.49267578125,-0.002421119457092021,0.0015476892555976278,0.003968808712689649,0.003968808712689649,False,13.138070106506348,9.692546517006122,0.059060708998003975
GRASIM,2026-02-13,2920.202792950676,2924.888147919462,2868.4638279447345,2879.031005859375,2899.677001953125,2931.475341796875,2877.60205078125,2884.35205078125,2916.41455078125,-0.01281832341422816,-0.010993807444627886,0.0018245159696002738,0.0018245159696002738,True,14.619817733764648,8.664238241995918,0.04369798599509522
GRASIM,2026-02-16,2861.0869542804826,2908.937885920017,2852.414021597302,2903.654296875,2872.65869140625,2899.860595703125,2828.593505859375,2879.183349609375,2879.031005859375,0.008552631411579774,5.2914938981188995e-05,-0.008499716472598584,0.008499716472598584,True,14.177206039428711,8.36032839200925,0.04456771299010143
GRASIM,2026-02-17,2893.0874934033905,2907.9411234206486,2871.255358823051,2891.392578125,2899.1962890625,2919.118408203125,2875.009033203125,2902.324951171875,2903.654296875,-0.004222857646379058,-0.00045781817227887,0.003765039474100188,0.003765039474100188,True,15.177751541137695,6.466873272001976,0.025800963019719347
GRASIM,2026-02-18,2890.993884001999,2929.772980472363,2890.993884001999,2924.68896484375,2890.459716796875,2904.0146484375,2866.4638671875,2885.652099609375,2891.392578125,0.011515692116890583,-0.00198536807455858,-0.013501060191449164,0.013501060191449164,False,15.053947448730469,6.378476372978184,0.05618506998871453
GRASIM,2026-02-19,2919.00669892627,2950.8075341200647,2838.058675919464,2855.40478515625,2890.71435546875,2895.888671875,2861.29541015625,2876.0458984375,2924.68896484375,-0.023689418095507286,-0.016631876753721308,0.0070575413417859785,0.0070575413417859785,True,14.306791305541992,9.711183286999585,0.045279539976036176
GRASIM,2026-02-20,2856.0026048962245,2881.0247511257508,2813.933710840007,2824.00244140625,2880.668212890625,2914.006591796875,2863.629150390625,2897.634033203125,2855.40478515625,-0.010997510375146912,0.014789233479751342,0.025786743854898254,0.025786743854898254,False,13.739418029785156,8.97540051600663,0.02606656201533042
GRASIM,2026-02-23,2835.167719873986,2874.744379523449,2830.8810252075364,2864.476318359375,2806.386962890625,2818.6689453125,2748.822998046875,2765.13330078125,2824.00244140625,0.014332097012271169,-0.020845994947400016,-0.035178091959671184,0.035178091959671184,False,15.185871124267578,7.946227193984669,0.03775896900333464
GRASIM,2026-02-24,2841.348429300535,2877.7350756573383,2838.5570762459934,2870.358154296875,2869.895751953125,2899.39013671875,2856.95068359375,2877.422607421875,2864.476318359375,0.0020533721643294345,0.004519600661217884,0.0024662284968884492,0.0024662284968884492,True,14.00601577758789,8.677427262999117,0.04831062801531516
GRASIM,2026-02-25,2883.0185543149296,2901.6604305920036,2858.1959815425707,2869.460693359375,2872.463134765625,2881.36474609375,2852.4404296875,2859.594482421875,2870.358154296875,-0.00031266514116244236,-0.0037499403546163656,-0.003437275213453923,0.003437275213453923,True,13.10236930847168,7.472637911007041,0.04712148301769048
GRASIM,2026-02-26,2872.551277332496,2880.9250931253146,2837.7597593535547,2854.607177734375,2868.460205078125,2909.89404296875,2835.1796875,2880.21728515625,2869.460693359375,-0.005176413693128685,0.0037486458071261794,0.008925059500254864,0.008925059500254864,False,14.447842597961426,2.820331894996343,0.026865268999245018
GRASIM,2026-02-27,2836.164558521679,2855.7037860493483,2775.3540003249045,2791.10498046875,2828.50244140625,2883.22607421875,2822.454833984375,2846.608154296875,2854.607177734375,-0.02224551166301802,-0.0028021450726711233,0.0194433665903469,0.0194433665903469,True,13.73498821258545,5.0309136860014405,0.02567797398660332
GRASIM,2026-03-02,2721.322321732643,2777.6468540894725,2688.0259034780943,2768.6748046875,2806.177978515625,2826.118408203125,2782.232666015625,2792.70361328125,2791.10498046875,-0.008036306745252908,0.0005727598294176376,0.008609066574670546,0.008609066574670546,False,13.837270736694336,7.462167520017829,0.02584767300868407
GRASIM,2026-03-04,2718.5309657430626,2733.6837115951066,2636.785626839164,2674.866943359375,2748.6767578125,2830.35009765625,2779.4970703125,2802.142578125,2768.6748046875,-0.03388186332656467,0.012088011701785072,0.04596987502834974,0.04596987502834974,False,12.467475891113281,7.800221151992446,0.026215621997835115
GRASIM,2026-03-05,2676.6614682636914,2723.4157183451985,2648.549094815395,2715.64013671875,2628.052490234375,2718.162353515625,2639.052978515625,2713.790771484375,2674.866943359375,0.015243073477205486,0.014551687597632585,-0.0006913858795729016,0.0006913858795729016,True,11.553831100463867,8.299870488990564,0.04628812600276433
GRASIM,2026-03-06,2693.1103448935505,2750.830435943071,2678.854705644427,2709.957763671875,2691.55712890625,2751.612060546875,2678.880859375,2722.75244140625,2715.64013671875,-0.0020924617257060026,0.002619015896595801,0.004711477622301803,0.004711477622301803,False,13.150335311889648,6.992161423026118,0.025362544984091073
GRASIM,2026-03-09,2650.7422833959877,2684.4373637305343,2622.8292394188957,2672.873291015625,2690.9775390625,2720.96630859375,2643.00537109375,2675.16064453125,2709.957763671875,-0.013684520531420443,-0.012840465488833455,0.0008440550425869876,0.0008440550425869876,True,13.624462127685547,7.977071720990352,0.025456795003265142
GRASIM,2026-03-10,2692.611746012595,2744.450254266077,2685.832815487579,2735.37841796875,2641.24462890625,2683.01416015625,2615.888916015625,2653.754150390625,2672.873291015625,0.023384994404046223,-0.007153029172488459,-0.030538023576534682,0.030538023576534682,False,11.671184539794922,8.18763447998208,0.036404564016265795
GRASIM,2026-03-11,2718.132442343403,2754.2199719287282,2706.3690394268797,2727.1044921875,2735.47119140625,2762.013427734375,2705.62939453125,2727.970458984375,2735.37841796875,-0.003024782869857579,-0.00270820261493327,0.000316580254924309,0.000316580254924309,True,12.830734252929688,6.537411946977954,0.05652361799729988
GRASIM,2026-03-12,2702.7801155355014,2718.929756538949,2652.337403675785,2664.798583984375,2699.630615234375,2731.722900390625,2673.728515625,2700.75537109375,2727.1044921875,-0.022846909013430353,-0.00966194040941002,0.013184968604020332,0.013184968604020332,True,13.329381942749023,8.566493649996119,0.025936271995306015
GRASIM,2026-03-13,2646.754625469514,2655.726675047377,2555.1401276885285,2560.623046875,2656.34716796875,2691.26904296875,2584.861328125,2654.74755859375,2664.798583984375,-0.03909321242343689,-0.0037717767680575795,0.03532143565537931,0.03532143565537931,True,13.432088851928711,8.553441978001501,0.05644177898648195
GRASIM,2026-03-16,2562.018701076908,2653.134755194142,2557.034228895825,2646.156494140625,2560.68310546875,2603.779296875,2530.5498046875,2563.75146484375,2560.623046875,0.03340337320247529,0.0012217409245644103,-0.03218163227791088,0.03218163227791088,True,15.515959739685059,7.479193716018926,0.03618449400528334
GRASIM,2026-03-17,2646.854423422316,2690.6179903058896,2641.7701646204546,2674.966796875,2681.6044921875,2727.734619140625,2664.106689453125,2706.4375,2646.156494140625,0.010887603510287298,0.022780589883045474,0.011892986372758176,0.011892986372758176,True,14.152165412902832,8.530466024007183,0.026100312010385096
GRASIM,2026-03-18,2690.6180575117864,2724.412681222042,2678.3562073875814,2714.643310546875,2683.7021484375,2721.995361328125,2605.881591796875,2664.612548828125,2674.966796875,0.014832525666571504,-0.0038707949792016988,-0.0187033206457732,0.0187033206457732,False,13.596302032470703,7.807072647003224,0.025474444002611563
GRASIM,2026-03-19,2691.6148518838963,2691.6148518838963,2592.02519971716,2599.80078125,2699.5703125,2702.741943359375,2685.98828125,2674.389892578125,2714.643310546875,-0.04230483203840859,-0.014828253057172657,0.027476578981235934,0.027476578981235934,True,13.93000602722168,9.703600125998491,0.026287751010386273
GRASIM,2026-03-20,2613.9568407449656,2654.4306063823915,2600.1996496792485,2608.1748046875,2621.901611328125,2678.34619140625,2571.0986328125,2633.320556640625,2599.80078125,0.0032210250484938,0.012893209215249366,0.009672184166755566,0.009672184166755566,True,13.512716293334961,7.935078396985773,0.038946312997723
GRASIM,2026-03-23,2582.953378894159,2589.9316396630743,2494.7282248871606,2523.239501953125,2609.269775390625,2648.8447265625,2580.88916015625,2608.06640625,2608.1748046875,-0.03256503459113492,-4.156103237604422e-05,0.03252347355875888,0.03252347355875888,True,12.493165016174316,8.516759195015766,0.0567535079899244
GRASIM,2026-03-24,2557.532518662959,2592.623151980994,2515.1645077320777,2541.482421875,2591.585205078125,2617.131591796875,2568.18359375,2573.537353515625,2523.239501953125,0.007229959703688051,0.01993383962305866,0.012703879919370609,0.012703879919370609,True,15.46282958984375,10.703135268006008,0.05154835700523108
GRASIM,2026-03-25,2553.844226547838,2660.113027883937,2553.844226547838,2639.5771484375,2558.202392578125,2604.4501953125,2519.735107421875,2550.93017578125,2541.482421875,0.03859744443564941,0.003717418552625613,-0.034880025883023795,0.034880025883023795,True,13.173315048217773,7.098338593990775,0.02581773401470855
GRASIM,2026-03-27,2642.7670830396764,2646.7546606828896,2596.511279731371,2620.037841796875,2602.464599609375,2646.604248046875,2595.509033203125,2630.677001953125,2639.5771484375,-0.0074024381716561345,-0.0033718076736811613,0.004030630497974973,0.004030630497974973,True,14.464136123657227,6.750625957996817,0.02618095200159587
GRASIM,2026-03-30,2611.9631944234275,2611.9631944234275,2532.1118531960446,2549.7568359375,2636.75048828125,2670.299072265625,2604.802734375,2627.22900390625,2620.037841796875,-0.026824423959913062,0.0027446787197711446,0.029569102679684208,0.029569102679684208,False,14.326000213623047,8.285507353022695,0.025381154991919175
GRASIM,2026-04-01,2593.91918237374,2605.184137568603,2567.999928437646,2584.747802734375,2537.27685546875,2572.65771484375,2490.161865234375,2523.37255859375,2549.7568359375,0.013723256392019613,-0.010347762175544466,-0.02407101856756408,0.02407101856756408,False,13.080266952514648,6.039731474011205,0.04359742600354366
GRASIM,2026-04-02,2566.9032274287965,2566.9032274287965,2506.391787575918,2556.136962890625,2595.5693359375,2656.371337890625,2575.545166015625,2623.0869140625,2584.747802734375,-0.011069103072061003,0.014832824806956598,0.0259019278790176,0.0259019278790176,False,14.745450973510742,8.498404015001142,0.025916042999597266
GRASIM,2026-04-06,2537.0963840030363,2617.1470572906996,2525.1336505617646,2606.28076171875,2530.31884765625,2543.921142578125,2515.391845703125,2515.396728515625,2556.136962890625,0.019617023483522393,-0.015938204785759455,-0.03555522826928185,0.03555522826928185,False,14.465557098388672,7.024434891005512,0.025743964011780918
GRASIM,2026-04-07,2583.950412533384,2624.623754740489,2568.5983353674483,2612.8603515625,2579.528564453125,2608.7626953125,2524.904296875,2558.51318359375,2606.28076171875,0.002524513068734388,-0.018327871205057345,-0.020852384273791734,0.020852384273791734,False,14.428884506225586,5.244262775988318,0.05265110297477804
GRASIM,2026-04-08,2689.621173676712,2786.220146645932,2682.14446544744,2747.640380859375,2598.540771484375,2623.915771484375,2558.09033203125,2581.092041015625,2612.8603515625,0.051583326761522504,-0.012158441811816478,-0.06374176857333898,0.06374176857333898,False,14.733296394348145,6.662133809993975,0.05349111897521652
GRASIM,2026-04-09,2731.590597382907,2763.889880417864,2714.543604825192,2731.9892578125,2690.08154296875,2767.68310546875,2657.873046875,2656.693359375,2747.640380859375,-0.005696205062315988,-0.03310004544915359,-0.027403840386837602,0.027403840386837602,True,13.747320175170898,5.929641216003802,0.05195351497968659
GRASIM,2026-04-10,2741.459685107921,2770.4694104014893,2718.730443405813,2734.082763671875,2712.834716796875,2747.577392578125,2691.2880859375,2720.329833984375,2731.9892578125,0.0007662935911582857,-0.004267741461568076,-0.0050340350527263615,0.0050340350527263615,False,15.189844131469727,9.097424028994283,0.026039312011562288
GRASIM,2026-04-13,2685.7332563922714,2730.4937168659867,2674.567844589258,2704.574462890625,2721.470703125,2750.584228515625,2695.4072265625,2724.601806640625,2734.082763671875,-0.010792760619148314,-0.003467692038158007,0.007325068580990308,0.007325068580990308,True,12.741859436035156,8.06654253398301,0.05819011200219393
GRASIM,2026-04-15,2730.4937812445064,2784.525409436752,2723.5155203943013,2732.88623046875,2646.6689453125,2750.347900390625,2575.171875,2680.790771484375,2704.574462890625,0.01046810430498025,-0.008793875610594283,-0.01926197991557453,0.01926197991557453,False,12.074858665466309,8.594126485986635,0.02584366302471608
GRASIM,2026-04-16,2737.372363265167,2746.7433170916374,2687.6274277382668,2708.861328125,2747.29052734375,2785.209228515625,2731.689697265625,2762.5576171875,2732.88623046875,-0.008791036405357132,0.010857161336592012,0.019648197741949144,0.019648197741949144,False,12.541749954223633,10.443681411008583,0.026411161001306027
GRASIM,2026-04-17,2711.5528223212646,2728.1013670457546,2683.938895564552,2712.05126953125,2674.65185546875,2715.9130859375,2567.833740234375,2710.347412109375,2708.861328125,0.0011775949448316685,0.0005486009818758891,-0.0006289939629557795,0.0006289939629557795,True,12.490646362304688,8.423901143978583,0.025844273011898622
GRASIM,2026-04-20,2722.0201488319267,2763.291479481757,2688.9233035544758,2751.5283203125,2690.59326171875,2703.24072265625,2565.00537109375,2580.57958984375,2712.05126953125,0.01455615947410655,-0.04847684155699,-0.06303300103109655,0.06303300103109655,False,15.356178283691406,6.874517233984079,0.057918483013054356
GRASIM,2026-04-21,2763.3912370064354,2783.3291247193247,2746.4440324504794,2769.073486328125,2724.134033203125,2777.857177734375,2711.0078125,2720.096923828125,2751.5283203125,0.00637651660210146,-0.011423250217829934,-0.017799766819931395,0.017799766819931395,False,15.597618103027344,3.003925536002498,0.025576924002962187
GRASIM,2026-04-22,2765.7836884251165,2801.2732259358477,2747.0422686657153,2767.97705078125,2769.537841796875,2810.68212890625,2758.990234375,2794.361572265625,2769.073486328125,-0.0003959575476376781,0.009132327495949832,0.009528285043587511,0.009528285043587511,False,13.389055252075195,10.799352486996213,0.02562475300510414
GRASIM,2026-04-23,2753.721615086308,2759.8025252618563,2718.531191977548,2726.50634765625,2770.727294921875,2799.114501953125,2750.576171875,2770.637939453125,2767.97705078125,-0.014982314652245785,0.0009613116810791387,0.015943626333324926,0.015943626333324926,False,15.931516647338867,3.518228298984468,0.0261645819991827
GRASIM,2026-04-24,2752.1264122613265,2760.3008979347123,2723.615377509526,2730.79296875,2693.791015625,2723.156982421875,2590.747802734375,2615.82568359375,2726.50634765625,0.0015722028659257846,-0.04059431739729597,-0.042166520263221756,0.042166520263221756,False,14.919187545776367,7.2506649540155195,0.025212706008460373
GRASIM,2026-04-27,2757.4099582697213,2802.1704202538117,2743.6527666344064,2769.572021484375,2779.099609375,2791.509765625,2719.851806640625,2732.398193359375,2730.79296875,0.014200656431353645,0.0005878236203712577,-0.013612832810982387,0.013612832810982387,True,14.087424278259277,4.284874953009421,0.024888616986572742
GRASIM,2026-04-28,2771.3664944669645,2839.354645402942,2763.3913390872035,2774.357177734375,2763.26904296875,2804.30322265625,2747.9189453125,2791.9736328125,2769.572021484375,0.0017277601784247358,0.008088474014883596,0.00636071383645886,0.00636071383645886,True,14.300410270690918,6.573997121013235,0.04100567600107752
GRASIM,2026-04-29,2789.3105824668323,2829.784593203703,2768.3757996820564,2794.494384765625,2803.441650390625,2820.42236328125,2772.979736328125,2785.5087890625,2774.357177734375,0.007258332558208911,0.004019529791485517,-0.003238802766723394,0.003238802766723394,True,14.10446834564209,6.983084236999275,0.05133009699056856
GRASIM,2026-04-30,2774.3572470582562,2792.700007537073,2718.5311580049815,2785.821533203125,2784.74609375,2817.869873046875,2770.077392578125,2796.72216796875,2794.494384765625,-0.003103549468476529,0.0007972043942080938,0.003900753862684623,0.003900753862684623,False,14.402673721313477,4.40162201601197,0.033349774981616065
GRASIM,2026-05-01,2785.821533203125,2785.821533203125,2785.821533203125,2785.821533203125,2758.827880859375,2798.1484375,2743.8037109375,2765.929931640625,2785.821533203125,0.0,-0.00714030002475741,-0.00714030002475741,0.00714030002475741,False,14.173212051391602,8.19019612998818,0.02523368500987999
GRASIM,2026-05-04,2796.2887573242188,2856.8999847690848,2796.2887573242188,2847.13037109375,2753.317138671875,2776.151123046875,2747.407958984375,2759.806640625,2785.821533203125,0.022007453514128156,-0.009338319870122187,-0.03134577338425035,0.03134577338425035,False,13.837553024291992,7.710840368003119,0.02651108001009561
GRASIM,2026-05-05,2822.2080521089533,2870.9560910145956,2814.8311308869997,2862.582275390625,2839.81298828125,2884.162109375,2839.039794921875,2869.391357421875,2847.13037109375,0.005427185370137798,0.007818744991144627,0.002391559621006829,0.002391559621006829,True,15.266683578491211,4.784675809001783,0.024952756997663528
GRASIM,2026-05-06,2876.5387485707583,2914.2214050087996,2863.3797913622534,2905.747802734375,2783.1435546875,2831.6171875,2773.216064453125,2818.61962890625,2862.582275390625,0.015079226792829798,-0.015357688357927076,-0.030436915150756874,0.030436915150756874,False,15.685144424438477,5.665437026007567,0.025099435995798558
GRASIM,2026-05-07,2893.2867674797008,2965.7609442302874,2890.9938616026334,2951.40576171875,2849.123046875,2920.49072265625,2845.9970703125,2875.572021484375,2905.747802734375,0.01571298064526103,-0.01038485900999526,-0.02609783965525629,0.02609783965525629,False,15.627089500427246,6.658747262990801,0.058253571012755856
GRASIM,2026-05-08,2951.405704050545,2971.14401877263,2922.994213207175,2959.380859375,2908.137939453125,2941.9912109375,2894.842529296875,2920.52197265625,2951.40576171875,0.0027021352874251033,-0.01046409458945924,-0.013166229876884344,0.013166229876884344,False,12.826111793518066,7.6144754989945795,0.02540272500482388
GRASIM,2026-05-11,2944.9259960906534,2997.9607322260704,2918.9069535574035,2974.932373046875,2925.06787109375,2970.419189453125,2928.578125,2966.88623046875,2959.380859375,0.005254988935475972,0.0025361288223426167,-0.0027188601131333556,0.0027188601131333556,True,13.835968971252441,7.209498907002853,0.02534863501205109
GRASIM,2026-05-12,2970.745492607324,2974.932400665384,2884.713451980497,2893.984619140625,2961.564697265625,2999.758544921875,2941.896240234375,2974.28466796875,2974.932373046875,-0.027209947573814827,-0.00021772094182484944,0.02699222663198998,0.02699222663198998,True,12.081275939941406,7.97612832300365,0.02566814300371334
GRASIM,2026-05-13,2901.261969777029,2960.078742393231,2900.9628527652058,2936.452392578125,2866.988525390625,2898.73583984375,2851.107421875,2872.9658203125,2893.984619140625,0.0146744986675537,-0.0072629269309546565,-0.021937425598508357,0.021937425598508357,False,12.758578300476074,9.494306920998497,0.05735756398644298
GRASIM,2026-05-14,2945.822913512308,2974.035073340195,2923.9910237905137,2929.573486328125,2923.458251953125,2961.57275390625,2907.9267578125,2933.8525390625,2936.452392578125,-0.002342590762712999,-0.0008853722683180978,0.001457218494394901,0.001457218494394901,True,16.012405395507812,1.8665099019999616,0.030262715998105705
GRASIM,2026-05-15,2929.772980472363,2959.1813665337627,2915.2184676375364,2924.68896484375,2934.013671875,2982.057861328125,2894.766357421875,2899.90576171875,2929.573486328125,-0.00166731488633766,-0.010126977441538766,-0.008459662555201107,0.008459662555201107,True,13.350704193115234,7.835555690020556,0.02575955301290378
GRASIM,2026-05-18,2896.9752997332434,2946.321575485754,2876.239846296105,2934.657958984375,2909.0341796875,2953.562744140625,2882.61474609375,2925.342529296875,2924.68896484375,0.0034085655809754077,0.00022346460118705865,-0.003185100979788349,0.003185100979788349,True,14.361356735229492,3.980168616020819,0.043910704989684746
GRASIM,2026-05-19,2945.823030981955,2960.7764473828784,2910.8319392508224,2926.08447265625,2877.317626953125,2916.855712890625,2870.333251953125,2901.5126953125,2934.657958984375,-0.002921460166039966,-0.011294421406215904,-0.008372961240175938,0.008372961240175938,True,14.561042785644531,6.992802160006249,0.047476771986112
GRASIM,2026-05-20,2899.16824313462,2978.7204648688466,2871.6541037456054,2961.873046875,2931.44677734375,2971.912353515625,2927.35986328125,2958.2626953125,2926.08447265625,0.01223087527143799,0.01099702450730657,-0.0012338507641314212,0.0012338507641314212,True,14.864961624145508,7.208974559005583,0.05715576600050554
GRASIM,2026-05-21,3051.1946262097767,3170.1241762140394,3011.6179674033374,3144.703369140625,2955.16357421875,3023.182373046875,2936.9228515625,2974.33837890625,2961.873046875,0.06172794018248851,0.00420859767922932,-0.05751934250325919,0.05751934250325919,True,15.117121696472168,2.6812548759917263,0.025402475002920255
GRASIM,2026-05-22,3168.130430964332,3177.700714641171,3132.242232249821,3145.5009765625,3125.152587890625,3192.767578125,3035.57958984375,3065.74853515625,3144.703369140625,0.000253635185341175,-0.025107243741705133,-0.025360878927046308,0.025360878927046308,False,14.539027214050293,6.661804541014135,0.025434994022361934
GRASIM,2026-05-25,3170.1243041846146,3182.3861544150222,3118.385580346649,3161.75048828125,3074.819091796875,3180.734375,3055.204833984375,3089.814208984375,3145.5009765625,0.005165953480805454,-0.017703624317097242,-0.022869577797902697,0.022869577797902697,False,14.524322509765625,7.4688312750076875,0.02550027400138788
GRASIM,2026-05-26,3158.560242176056,3186.2739562479805,3145.2019540506517,3155.1708984375,3143.01611328125,3178.62939453125,3117.514892578125,3155.21923828125,3161.75048828125,-0.0020809959129085838,-0.0020657069633443575,1.5288949564226315e-05,1.5288949564226315e-05,True,15.215971946716309,8.542700938007329,0.025450724991969764
GRASIM,2026-05-27,3148.1925405412067,3187.569869658172,3148.1925405412067,3160.1552734375,3126.65869140625,3158.82470703125,3097.860107421875,3138.628662109375,3155.1708984375,0.001579748026475636,-0.005242897091982252,-0.006822645118457888,0.006822645118457888,False,13.518037796020508,10.376530552020995,0.039236362994415686
GRASIM,2026-05-28,3160.1552734375,3160.1552734375,3160.1552734375,3160.1552734375,3171.88720703125,3198.875244140625,3139.87744140625,3161.266357421875,3160.1552734375,0.0,0.00035159157960184786,0.00035159157960184786,0.00035159157960184786,False,15.94503116607666,1.885825108998688,0.037943157978588715
GRASIM,2026-05-29,3165.139870282696,3180.3924040033794,3101.7372860793353,3112.703125,3140.158447265625,3180.43994140625,3121.015625,3166.982666015625,3160.1552734375,-0.015015764837999023,0.0021604611126270433,0.017176225950626067,0.017176225950626067,False,11.121167182922363,6.67286649000016,0.025592453981516883
GRASIM,2026-06-01,3141.6130986102776,3148.1926993881925,3074.7216264861777,3092.96484375,3079.29150390625,3131.43115234375,3062.888671875,3115.045654296875,3112.703125,-0.00634120263235833,0.000752570740865305,0.007093773373223635,0.007093773373223635,False,11.406618118286133,8.166842578008072,0.05808621199685149
GRASIM,2026-06-02,3066.4472079805987,3094.6593684860336,3051.493791816844,3087.980224609375,3042.616943359375,3117.031005859375,3029.117431640625,3108.326416015625,3092.96484375,-0.0016115990295516918,0.004966617159152765,0.006578216188704457,0.006578216188704457,False,14.227981567382812,8.146075165015645,0.025317624997114763
GRASIM,2026-06-03,3089.375750640302,3105.2262742731937,3050.4968689768716,3091.9677734375,3094.159912109375,3136.994140625,3086.13671875,3119.05859375,3087.980224609375,0.001291312941820869,0.010064303162613798,0.008772990220792929,0.008772990220792929,True,12.745623588562012,9.848297812975943,0.04316470798221417
GRASIM,2026-06-04,3090.4724727488183,3129.052237926022,3076.21683394035,3093.86181640625,3081.89453125,3138.59912109375,3063.310302734375,3116.5458984375,3091.9677734375,0.0006125687935758447,0.007949023664200494,0.00733645487062465,0.00733645487062465,True,12.213335037231445,7.802745303022675,0.0254714050097391
GRASIM,2026-06-05,3099.34473958267,3114.8963898264383,3056.6776098980995,3078.11083984375,3098.878173828125,3134.444580078125,3075.41015625,3109.252685546875,3093.86181640625,-0.0050910407436347395,0.004974646591845086,0.010065687335479825,0.010065687335479825,False,13.038436889648438,7.842908471997362,0.025602453999454156
GRASIM,2026-06-08,3050.4968426849464,3090.272831614047,3025.4746960668176,3040.627685546875,3086.901123046875,3106.497802734375,3069.809814453125,3093.7978515625,3078.11083984375,-0.012177324419798252,0.005096311515392441,0.01727363593519069,0.01727363593519069,False,13.897624969482422,7.71244389101048,0.0248009669885505
GRASIM,2026-06-09,3060.665240907184,3099.843240818325,3058.2727916198714,3085.88671875,3041.54638671875,3063.04638671875,3014.25634765625,3038.091552734375,3040.627685546875,0.014884766529705822,-0.0008340819971333852,-0.015718848526839208,0.015718848526839208,False,14.70852279663086,6.7912239259749185,0.02484220699989237
GRASIM,2026-06-10,3080.4037732414336,3122.273339091317,3055.9798598290013,3061.662109375,3105.20068359375,3158.03173828125,3099.04150390625,3147.00927734375,3085.88671875,-0.007850129179340927,0.01980712973757796,0.027657258916918885,0.027657258916918885,False,12.92509651184082,8.601928095973562,0.024837326986016706
GRASIM,2026-06-11,3048.5030995863003,3099.344714393005,3036.3410364854954,3079.9052734375,3076.62890625,3116.70947265625,3062.1171875,3103.703125,3061.662109375,0.005958581780346792,0.013731435450132721,0.0077728536697859296,0.0077728536697859296,True,16.790565490722656,4.805280942004174,0.02476195801864378
GRASIM,2026-06-12,3110.3106824082274,3110.3106824082274,3065.4504321811855,3095.855712890625,3078.0576171875,3122.946533203125,3033.1455078125,3042.943603515625,3079.9052734375,0.005178873386363154,-0.012000911274982776,-0.01717978466134593,0.01717978466134593,False,14.562434196472168,6.180466065998189,0.02500779600813985
GRASIM,2026-06-15,3158.161493719387,3165.139754595661,3121.276400516225,3154.67236328125,3097.95166015625,3118.00537109375,3056.32421875,3095.039794921875,3095.855712890625,0.018998511508699294,-0.00026355167824929765,-0.01926206318694859,0.01926206318694859,False,13.764667510986328,6.049190808989806,0.024622727010864764
GRASIM,2026-06-16,3170.1242673662828,3173.114950637383,3124.0677936678244,3130.547607421875,3149.234619140625,3177.941650390625,3127.72802734375,3154.747314453125,3154.67236328125,-0.007647309476627318,2.37587816558679e-05,0.007671068258283186,0.007671068258283186,False,14.384881973266602,7.208183583978098,0.05715719601721503
GRASIM,2026-06-17,3140.217306396649,3190.062025545802,3106.223110583959,3140.615966796875,3121.35400390625,3146.058837890625,3111.3955078125,3098.670166015625,3130.547607421875,0.003216165552355767,-0.010182704562829596,-0.013398870115185363,0.013398870115185363,False,15.01901626586914,6.3428739969967864,0.05778527300572023
GRASIM,2026-06-18,3148.691051657581,3159.058656358508,3099.5441076679026,3135.332763671875,3172.261962890625,3214.486328125,3152.0380859375,3190.767333984375,3140.615966796875,-0.001682218768819531,0.015968640457065992,0.017650859225885523,0.017650859225885523,False,14.33967399597168,8.219954319007229,0.05428115601534955
GRASIM,2026-06-19,3125.3638117616943,3157.164646592589,3120.279552837008,3139.718994140625,3124.714111328125,3143.2021484375,3097.7490234375,3118.576904296875,3135.332763671875,0.0013989680838894956,-0.005344204471418449,-0.006743172555307945,0.006743172555307945,False,13.29021167755127,7.399591534980573,0.02555530398967676
GRASIM,2026-06-22,3147.2954683691446,3170.224040011909,3118.485073623345,3165.339111328125,3140.486083984375,3191.5361328125,3117.12841796875,3145.88232421875,3139.718994140625,0.00816000324720541,0.0019630196490918674,-0.006196983598113543,0.006196983598113543,True,13.669591903686523,9.218510503997095,0.025031966011738405
GRASIM,2026-06-23,3175.1087102444567,3176.105604658976,3116.391726582231,3134.53515625,3166.730712890625,3194.6083984375,3131.243408203125,3146.190185546875,3165.339111328125,-0.00973164453940613,-0.006049565341267786,0.003682079198138344,0.003682079198138344,True,12.700682640075684,9.660142607986927,0.025580134009942412
GRASIM,2026-06-24,3125.264083064169,3132.9401216092438,3087.382094178543,3118.18603515625,3132.491455078125,3146.01611328125,3107.8955078125,3125.06201171875,3134.53515625,-0.005215804027959688,-0.003022184808602751,0.0021936192193569366,0.0021936192193569366,True,14.8402099609375,6.038430218992289,0.02513024501968175
GRASIM,2026-06-25,3122.1734823469255,3146.1987348040698,3105.425851088127,3116.89013671875,3116.91259765625,3158.651611328125,3078.45947265625,3088.045654296875,3118.18603515625,-0.0004155936890516744,-0.009665998282191873,-0.009250404593140199,0.009250404593140199,True,16.22620391845703,5.981945879990235,0.025572954007657245
GRASIM,2026-06-26,3116.89013671875,3116.89013671875,3116.89013671875,3116.89013671875,3144.399169921875,3187.942626953125,3127.15625,3172.3828125,3116.89013671875,0.0,0.017803860048679458,0.017803860048679458,0.017803860048679458,False,15.527771949768066,3.454702515999088,0.037368630000855774
GRASIM,2026-06-29,3135.232837968758,3135.232837968758,3062.758664921767,3070.634033203125,3126.669189453125,3150.875,3110.7412109375,3143.886962890625,3116.89013671875,-0.01484046645427172,0.008661462222821695,0.023501928677093414,0.023501928677093414,False,14.806861877441406,6.914251353999134,0.024948587000835687
GRASIM,2026-06-30,3075.4193859469506,3119.1829550585053,3070.9333609107234,3090.372802734375,3068.826171875,3088.325927734375,3018.588134765625,3052.277099609375,3070.634033203125,0.006428239027449177,-0.005978222541421195,-0.012406461568870372,0.012406461568870372,False,14.139425277709961,8.429546603001654,0.056166908994782716
GRASIM,2026-07-01,3105.3261952543553,3135.2330285954886,3073.924020246165,3130.647216796875,3085.446044921875,3098.713623046875,3056.723876953125,3075.81884765625,3090.372802734375,0.01303221864587503,-0.004709449638324412,-0.017741668284199444,0.017741668284199444,False,14.720830917358398,6.3626925720018335,0.041768953000428155
GRASIM,2026-07-02,3143.2080255030355,3164.043020992761,3124.665692414464,3159.357666015625,3125.03955078125,3138.0625,3096.746826171875,3111.949462890625,3130.647216796875,0.009170771163454541,-0.00597248831038223,-0.015143259473836771,0.015143259473836771,False,14.504000663757324,6.617586776992539,0.025004255992826074
GRASIM,2026-07-03,3170.124132644141,3209.3021305070756,3155.1707169241213,3171.021240234375,3164.18017578125,3177.59814453125,3136.080322265625,3159.6337890625,3159.357666015625,0.0036917549235441064,8.739847654641404e-05,-0.0036043564469976923,0.0036043564469976923,True,16.00989532470703,3.7224371019983664,0.025185095990309492
GRASIM,2026-07-06,3172.317332114808,3208.006200548796,3162.1490578436237,3203.021728515625,3193.891845703125,3202.311767578125,3172.94482421875,3189.12451171875,3171.021240234375,0.010091540187502747,0.005708972003933017,-0.0043825681835697305,0.0043825681835697305,True,14.19084358215332,6.480615700013004,0.05315491100191139
GRASIM,2026-07-07,3191.0589651387468,3211.993747477989,3163.0461352270786,3180.990234375,3201.285400390625,3240.8056640625,3184.107177734375,3225.349365234375,3203.021728515625,-0.006878346763771423,0.006970804012964747,0.01384915077673617,0.01384915077673617,False,15.294793128967285,7.006732428009855,0.054930493992287666
GRASIM,2026-07-08,3164.142910112903,3178.896996303463,3111.7061659193714,3125.064697265625,3183.655029296875,3197.602294921875,3154.176513671875,3174.588134765625,3180.990234375,-0.01758117221015714,-0.002012612154602506,0.015568560055554634,0.015568560055554634,True,14.76968002319336,5.398362848995021,0.05813077199854888
GRASIM,2026-07-09,3129.2516855180447,3211.9939250522907,3126.560119173538,3181.9873046875,3125.11572265625,3133.447998046875,3108.8896484375,3125.690185546875,3125.064697265625,0.018214857270533073,0.00020015210622592578,-0.018014705164307147,0.018014705164307147,True,11.106380462646484,8.332268836995354,0.024863896978786215
GRASIM,2026-07-10,3194.8473973090763,3235.9194001689293,3192.0560441592456,3203.6201171875,3189.224365234375,3198.181884765625,3166.29150390625,3178.00390625,3181.9873046875,0.006798522567369117,-0.001251858683292643,-0.008050381250661761,0.008050381250661761,False,12.3731689453125,9.057973945979029,0.040533608000259846
GRASIM,2026-07-13,3192.4545757041246,3206.3115540954004,3115.494375579708,3134.53515625,3204.212890625,3216.771484375,3181.872802734375,3191.41357421875,3203.6201171875,-0.021564654487858128,-0.0038102342107485215,0.017754420277109606,0.017754420277109606,True,14.077939987182617,4.678285158006474,0.02556077399640344
GRASIM,2026-07-14,3128.254590369867,3143.706453387946,3083.4941296898173,3103.63134765625,3129.189453125,3145.406494140625,3102.97021484375,3118.41259765625,3134.53515625,-0.009859136061093588,-0.0051435245706537925,0.004715611490439795,0.004715611490439795,True,14.61693000793457,7.777817825990496,0.050257352006156
GRASIM,2026-07-15,3110.310491551632,3140.217323201167,3070.4347160189186,3076.515869140625,3081.817626953125,3133.07568359375,3009.56396484375,3107.495361328125,3103.63134765625,-0.008736694368067144,0.0012449976298869914,0.009981691997954135,0.009981691997954135,False,14.316851615905762,6.175652892998187,0.02573166400543414
GRASIM,2026-07-16,3077.113880782453,3095.3570968898825,3050.49684910887,3063.356689453125,3084.14404296875,3104.488525390625,3008.199462890625,3058.134033203125,3076.515869140625,-0.004277299467067532,-0.005974887411399788,-0.001697587944332256,0.001697587944332256,True,14.085042953491211,7.098447113006841,0.0529875619977247
GRASIM,2026-07-17,3069.836531341064,3108.316752701174,3055.880009680443,3100.04248046875,3075.75341796875,3096.6201171875,3043.45263671875,3058.19580078125,3063.356689453125,0.011975683779146921,-0.0016847168629247446,-0.013660400642071666,0.013660400642071666,False,12.84951400756836,8.257305528997676,0.025038026011316106
GRASIM,2026-07-20,3125.2639018156783,3146.098897141482,3075.4191824884747,3134.03662109375,3103.271728515625,3112.519775390625,3072.970947265625,3078.138916015625,3100.04248046875,0.010965701547373578,-0.00706556913046334,-0.018031270677836917,0.018031270677836917,False,12.962897300720215,7.879183135984931,0.02529269500519149
GRASIM,2026-07-21,3140.3170902173933,3185.1773374091968,3125.8621216778124,3169.9248046875,3145.994140625,3181.868408203125,3127.198486328125,3136.94482421875,3134.03662109375,0.01145110537388212,0.0009279416537210289,-0.01052316372016109,0.01052316372016109,True,14.746259689331055,7.679239846009295,0.025089446018682793
GRASIM,2026-07-22,3153.276783461905,3167.233305103815,3136.8280258125114,3156.466796875,3175.537109375,3201.490966796875,3151.07666015625,3173.981201171875,3169.9248046875,-0.004245529039868416,0.0012796506965643594,0.005525179736432776,0.005525179736432776,False,13.40807819366455,6.998485468007857,0.02535391499986872
GRASIM,2026-07-23,3156.1676787300735,3170.124200366909,3086.3850705458963,3103.332275390625,3137.13037109375,3144.000244140625,3051.7626953125,3092.072021484375,3156.466796875,-0.016833543611793993,-0.020400903774555088,-0.003567360162761095,0.003567360162761095,True,14.313684463500977,8.124810624984093,0.032573337986832485
GRASIM,2026-07-24,3090.372597770445,3090.372597770445,3056.8768490351913,3079.805419921875,3106.661865234375,3122.248291015625,3058.216064453125,3089.873779296875,3103.332275390625,-0.0075811590190704315,-0.004336788619277303,0.003244370399793128,0.003244370399793128,True,13.832686424255371,9.404472597001586,0.05883362900931388
GRASIM,2026-07-27,3090.372737263294,3110.3106258907987,3076.5160020201492,3102.734130859375,3071.528076171875,3089.09765625,3047.976318359375,3063.199462890625,3079.805419921875,0.007444856999466424,-0.005391885124895728,-0.012836742124362152,0.012836742124362152,False,11.985602378845215,7.769866766000632,0.04671170501387678
GRASIM,2026-07-28,3099.0457525034763,3116.8903093288077,3092.0674912983873,3106.5224609375,3121.13427734375,3129.322265625,3089.357177734375,3102.469970703125,3102.734130859375,0.0012209650967018992,-8.513786393191048e-05,-0.0013061029606338097,0.0013061029606338097,False,15.411914825439453,11.65576306602452,0.05556846098625101
GRASIM,2026-07-29,3122.073938836574,3139.2204738853447,3095.4569069628083,3103.332275390625,3103.331787109375,3133.433349609375,3072.414306640625,3115.502197265625,3106.5224609375,-0.0010269314279840267,0.0028906072436428016,0.003917538671626829,0.003917538671626829,False,14.510391235351562,8.009152060025372,0.02523074601776898
GRASIM,2026-07-30,3105.3262337699916,3105.824680998526,3075.917847286456,3095.157958984375,3118.078857421875,3134.401123046875,3073.58642578125,3089.735595703125,3103.332275390625,-0.0026340448527127427,-0.0043813161082754334,-0.0017472712555626907,0.0017472712555626907,True,15.733634948730469,6.73484775799443,0.025177235016599298
GRASIM,2026-07-31,3106.02379503919,3126.161012993979,3082.995680713077,3091.170166015625,3070.6875,3107.66259765625,3069.48486328125,3098.50146484375,3095.157958984375,-0.0012883972390405976,0.001080237552875045,0.0023686347919156425,0.0023686347919156425,False,14.899456024169922,6.5995012739731465,0.051673487003427
GRASIM,2026-08-03,3110.3105169190953,3249.875732421875,3093.463098972085,3249.875732421875,3098.169677734375,3113.937744140625,3067.002685546875,3080.650634765625,3091.170166015625,0.051341581952058665,-0.0034030903137109362,-0.0547446722657696,0.0547446722657696,False,15.632427215576172,5.903554954013089,0.025528874015435576
GRASIM,2026-08-04,3209.003085367994,3209.102872161329,3105.326067387792,3128.254638671875,3186.868896484375,3221.189208984375,3142.37939453125,3170.2236328125,3249.875732421875,-0.037423305924182346,-0.02450927548236332,0.012914030441819026,0.012914030441819026,True,16.473087310791016,4.387924287002534,0.02501437600585632
GRASIM,2026-08-05,3140.2173631540304,3218.6729038363464,3126.0615113362965,3213.987548828125,3111.721923828125,3120.166748046875,3089.618408203125,3114.700439453125,3128.254638671875,0.02740598834136104,-0.004332831174032732,-0.03173881951539377,0.03173881951539377,False,14.344234466552734,7.171561628987547,0.025628953997511417
GRASIM,2026-08-06,3213.0904700237775,3222.76029712369,3173.7131408312307,3210.0,3193.9208984375,3227.415771484375,3164.69091796875,3210.28466796875,3213.987548828125,-0.0012406858357553155,-0.0011521142515704935,8.8571584184822e-05,8.8571584184822e-05,True,15.314668655395508,7.475177821004763,0.026117422006791458
GRASIM,2026-08-07,3220.0,3349.60009765625,3183.0,3323.0,3201.26806640625,3243.976806640625,3176.551513671875,3228.505859375,3210.0,0.03520249221183801,0.005765065225856698,-0.02943742698598131,0.02943742698598131,True,15.741971969604492,4.769320127001265,0.05682784700184129
GRASIM,2026-08-10,3324.0,3411.10009765625,3290.199951171875,3380.5,3308.00537109375,3374.901123046875,3240.476806640625,3315.050048828125,3323.0,0.017303641287992777,-0.002392401797133614,-0.019696043085126392,0.019696043085126392,False,14.831573486328125,9.15538702099002,0.03284232699661516
GRASIM,2026-08-11,3360.0,3402.800048828125,3301.89990234375,3322.199951171875,3264.49658203125,3315.806640625,3187.242431640625,3241.805908203125,3380.5,-0.017245983975188582,-0.04102768578520189,-0.02378170181001331,0.02378170181001331,True,13.41383171081543,7.740474155987613,0.02511830598814413
GRASIM,2026-08-12,3325.10009765625,3393.89990234375,3270.60009765625,3307.800048828125,3314.21826171875,3385.15380859375,3265.304443359375,3326.174560546875,3322.199951171875,-0.004334447822344519,0.001196378734999979,0.005530826557344498,0.005530826557344498,False,13.503082275390625,7.304374042025302,0.025835563021246344
GRASIM,2026-08-13,3299.300048828125,3299.300048828125,3201.0,3257.0,3291.585693359375,3350.509765625,3252.142333984375,3319.1279296875,3307.800048828125,-0.015357654053521842,0.003424596617739394,0.018782250671261234,0.018782250671261234,False,14.335138320922852,7.079191515978891,0.02506761599215679
GRASIM,2026-08-14,3264.800048828125,3264.800048828125,3221.0,3248.699951171875,3242.0205078125,3289.500244140625,3208.45849609375,3259.9453125,3257.0,-0.0025483723758443354,0.000904302272029475,0.0034526746478738103,0.0034526746478738103,False,15.517181396484375,6.822494107997045,0.02508469598251395
GRASIM,2026-08-17,3240.0,3272.199951171875,3223.5,3250.5,3249.4208984375,3299.77880859375,3221.356689453125,3274.5146484375,3248.699951171875,0.0005540828193369117,0.007946162358365257,0.007392079539028346,0.007392079539028346,True,14.373364448547363,6.330252994026523,0.058138191991019994
GRASIM,2026-08-18,3257.0,3297.699951171875,3250.5,3278.699951171875,3252.4853515625,3296.9873046875,3223.84326171875,3276.65087890625,3250.5,0.008675573349292417,0.008045186557837257,-0.0006303867914551602,0.0006303867914551602,True,14.54823112487793,4.948304375982843,0.06101640101405792
GRASIM,2026-08-19,3278.699951171875,3278.699951171875,3223.0,3270.0,3270.80615234375,3299.15625,3230.830810546875,3268.24267578125,3278.699951171875,-0.0026534758597734623,-0.0031894578785373008,-0.0005359820187638385,0.0005359820187638385,True,13.223302841186523,6.69817409501411,0.05331319000106305
GRASIM,2026-08-20,3280.0,3310.0,3250.0,3300.0,3260.05078125,3298.8037109375,3230.302001953125,3274.92236328125,3270.0,0.009174311926605505,0.001505309871941896,-0.007669002054663609,0.007669002054663609,True,14.674001693725586,7.7605598109948914,0.055008413997711614
GRASIM,2026-08-21,3280.0,3343.10009765625,3258.0,3308.0,3274.06982421875,3302.7021484375,3225.516845703125,3271.589111328125,3300.0,0.0024242424242424242,-0.008609360203598485,-0.01103360262784091,0.01103360262784091,False,14.431741714477539,8.020290436979849,0.025655193981947377
GRASIM,2026-08-24,3316.0,3316.0,3263.0,3288.0,3312.609619140625,3369.51025390625,3285.716064453125,3350.99072265625,3308.0,-0.006045949214026602,0.012995986292699517,0.01904193550672612,0.01904193550672612,False,14.546539306640625,8.797809441020945,0.056991306017152965
GRASIM,2026-08-25,3287.89990234375,3300.199951171875,3222.10009765625,3289.60009765625,3270.830322265625,3314.75439453125,3227.1875,3272.5166015625,3288.0,0.0004866477056721411,-0.004709062785127737,-0.005195710490799878,0.005195710490799878,False,15.080251693725586,5.928121142002055,0.04315100799431093
GRASIM,2026-08-26,3291.0,3310.0,3262.39990234375,3299.89990234375,3258.214599609375,3282.08203125,3204.37451171875,3245.552001953125,3289.60009765625,0.0031310203008682817,-0.013390106516140993,-0.016521126817009277,0.016521126817009277,False,16.15572738647461,5.564443734998349,0.025670094008091837
GRASIM,2026-08-27,3289.0,3299.800048828125,3258.0,3258.0,3295.6474609375,3345.514892578125,3253.325439453125,3296.32421875,3299.89990234375,-0.01269732524734785,-0.0010835733505765962,0.011613751896771253,0.011613751896771253,True,14.533906936645508,5.679442983993795,0.04863183799898252
GRASIM,2026-08-28,3261.0,3292.5,3229.0,3290.0,3261.092529296875,3292.79541015625,3230.309814453125,3272.1513671875,3258.0,0.009821976672805401,0.004343574950122775,-0.005478401722682626,0.005478401722682626,True,15.611862182617188,5.921320547000505,0.025588794000213966
GRASIM,2026-08-31,3290.0,3371.0,3250.0,3371.0,3266.7294921875,3338.25537109375,3243.173828125,3313.88037109375,3290.0,0.024620060790273558,0.0072584714570668694,-0.017361589333206688,0.017361589333206688,True,14.305961608886719,7.10047292598756,0.025147205975372344
GRASIM,2026-09-01,3337.0,3337.0,3287.10009765625,3305.0,3337.8896484375,3395.61181640625,3306.860107421875,3384.096435546875,3371.0,-0.019578760011865915,0.0038850298270172055,0.02346378983888312,0.02346378983888312,False,15.39556884765625,5.836224277009023,0.025550363992806524
GRASIM,2026-09-02,3292.0,3298.300048828125,3235.5,3294.89990234375,3302.839111328125,3332.99658203125,3250.98291015625,3314.150390625,3305.0,-0.0030560053422844175,0.0027686507186081696,0.005824656060892587,0.005824656060892587,False,16.147706985473633,5.263346485007787,0.025124505977146327
GRASIM,2026-09-03,3275.10009765625,3325.199951171875,3275.10009765625,3310.0,3272.573974609375,3327.1357421875,3232.113037109375,3257.48876953125,3294.89990234375,0.004582869921331722,-0.011354254733471103,-0.015937124654802824,0.015937124654802824,False,15.835151672363281,6.030589668022003,0.05830477099516429
GRASIM,2026-09-04,3318.89990234375,3332.60009765625,3268.10009765625,3322.0,3292.270751953125,3308.537109375,3248.893798828125,3276.77880859375,3310.0,0.0036253776435045317,-0.010036613717900301,-0.013661991361404833,0.013661991361404833,False,15.496657371520996,5.31919857498724,0.05216929499874823
