date,feature,daily_rankic,n_stocks
2022-01-03,upper_shadow_ratio,-0.05841985766843976,49
2022-01-04,upper_shadow_ratio,-0.0002040816326530612,49
2022-01-05,upper_shadow_ratio,0.2292857142857143,49
2022-01-06,upper_shadow_ratio,0.08667688724999459,49
2022-01-07,upper_shadow_ratio,0.18449450247081062,49
2022-01-10,upper_shadow_ratio,-0.0013277166031945731,49
2022-01-11,upper_shadow_ratio,0.14551020408163265,49
2022-01-12,upper_shadow_ratio,-0.02664625155741883,49
2022-01-13,upper_shadow_ratio,0.007859147997626473,49
2022-01-14,upper_shadow_ratio,0.1318911197143378,49
2022-01-17,upper_shadow_ratio,0.17316768290540133,49
2022-01-18,upper_shadow_ratio,-0.0904543252102417,49
2022-01-19,upper_shadow_ratio,0.029614713140818753,49
2022-01-20,upper_shadow_ratio,0.009184610722384978,49
2022-01-21,upper_shadow_ratio,0.1531002856680482,49
2022-01-24,upper_shadow_ratio,0.2839765214439352,49
2022-01-25,upper_shadow_ratio,-0.3077551020408163,49
2022-01-27,upper_shadow_ratio,0.13477928481643842,49
2022-01-28,upper_shadow_ratio,-0.039999999999999994,49
2022-01-31,upper_shadow_ratio,0.10826806809819141,49
2022-02-01,upper_shadow_ratio,0.2251077834350709,49
2022-02-02,upper_shadow_ratio,0.19602540887523628,49
2022-02-03,upper_shadow_ratio,0.10569023053950925,49
2022-02-04,upper_shadow_ratio,0.2560450403237534,49
2022-02-07,upper_shadow_ratio,-0.04765792452615317,49
2022-02-08,upper_shadow_ratio,0.4178571428571428,49
2022-02-09,upper_shadow_ratio,0.19857142857142854,49
2022-02-10,upper_shadow_ratio,0.06429227505669485,49
2022-02-11,upper_shadow_ratio,-0.22021772748084517,49
2022-02-14,upper_shadow_ratio,0.022701760086623553,49
2022-02-15,upper_shadow_ratio,0.11255102040816324,49
2022-02-16,upper_shadow_ratio,0.008877551020408162,49
2022-02-17,upper_shadow_ratio,0.03319291507986433,49
2022-02-18,upper_shadow_ratio,0.20336734693877548,49
2022-02-21,upper_shadow_ratio,0.08495114674056961,49
2022-02-22,upper_shadow_ratio,0.18899887842063307,49
2022-02-23,upper_shadow_ratio,-0.059387755102040814,49
2022-02-24,upper_shadow_ratio,-0.2974489795918367,49
2022-02-25,upper_shadow_ratio,-0.26438775510204077,49
2022-02-28,upper_shadow_ratio,-0.3243188097304384,49
2022-03-02,upper_shadow_ratio,0.42602706158562204,49
2022-03-03,upper_shadow_ratio,0.11720266968550504,49
2022-03-04,upper_shadow_ratio,0.10198252823265709,49
2022-03-07,upper_shadow_ratio,0.11122179852914539,49
2022-03-08,upper_shadow_ratio,-0.07163448049475059,49
2022-03-09,upper_shadow_ratio,-0.03913365138139152,49
2022-03-10,upper_shadow_ratio,-0.021498795767112125,49
2022-03-11,upper_shadow_ratio,0.17138192306400796,49
2022-03-14,upper_shadow_ratio,-0.2227778356329601,49
2022-03-15,upper_shadow_ratio,-0.15621332480996517,49
2022-03-16,upper_shadow_ratio,0.16971119590362463,49
2022-03-17,upper_shadow_ratio,-0.12690394286189516,49
2022-03-21,upper_shadow_ratio,0.15695908152841814,49
2022-03-22,upper_shadow_ratio,0.33642857142857135,49
2022-03-23,upper_shadow_ratio,0.05513017563603896,49
2022-03-24,upper_shadow_ratio,0.29459183673469386,49
2022-03-25,upper_shadow_ratio,0.007260472820496722,49
2022-03-28,upper_shadow_ratio,-0.1418403531163865,49
2022-03-29,upper_shadow_ratio,0.2131176816428584,49
2022-03-30,upper_shadow_ratio,0.04034164123501348,49
2022-03-31,upper_shadow_ratio,0.23552836146729977,49
2022-04-01,upper_shadow_ratio,-0.058469387755102034,49
2022-04-04,upper_shadow_ratio,-0.12683673469387752,49
2022-04-05,upper_shadow_ratio,0.024492295259693278,49
2022-04-06,upper_shadow_ratio,-0.09423176317048881,49
2022-04-07,upper_shadow_ratio,0.06581800558278367,49
2022-04-08,upper_shadow_ratio,-0.149374845383459,49
2022-04-11,upper_shadow_ratio,-0.02490050018068816,49
2022-04-12,upper_shadow_ratio,0.005636018071782115,49
2022-04-13,upper_shadow_ratio,0.11091836734693877,49
2022-04-18,upper_shadow_ratio,0.18223585835246212,49
2022-04-19,upper_shadow_ratio,-0.10727226682474576,49
2022-04-20,upper_shadow_ratio,0.2411224489795918,49
2022-04-21,upper_shadow_ratio,0.10091836734693876,49
2022-04-22,upper_shadow_ratio,-0.1340953165468207,49
2022-04-25,upper_shadow_ratio,0.058397149007063484,49
2022-04-26,upper_shadow_ratio,0.35840392063351156,49
2022-04-27,upper_shadow_ratio,-0.05220719741280443,49
2022-04-28,upper_shadow_ratio,0.28683785231322756,49
2022-04-29,upper_shadow_ratio,0.1862720142294586,49
2022-05-02,upper_shadow_ratio,0.23944488387597188,49
2022-05-04,upper_shadow_ratio,0.0873469387755102,49
2022-05-05,upper_shadow_ratio,0.30592617168555875,49
2022-05-06,upper_shadow_ratio,0.10715379176115808,49
2022-05-09,upper_shadow_ratio,0.21927750361990372,49
2022-05-10,upper_shadow_ratio,-0.1683673469387755,49
2022-05-11,upper_shadow_ratio,0.09673469387755101,49
2022-05-12,upper_shadow_ratio,-0.023089131210032976,49
2022-05-13,upper_shadow_ratio,0.13833785684823457,49
2022-05-16,upper_shadow_ratio,0.03960194055946845,49
2022-05-17,upper_shadow_ratio,0.2820408163265306,49
2022-05-18,upper_shadow_ratio,-0.0986249649546673,49
2022-05-19,upper_shadow_ratio,0.18051020408163262,49
2022-05-20,upper_shadow_ratio,-0.08643739202066751,49
2022-05-23,upper_shadow_ratio,0.32135932405322554,49
2022-05-24,upper_shadow_ratio,0.036999235703111644,49
2022-05-25,upper_shadow_ratio,-0.030423689517665945,49
2022-05-26,upper_shadow_ratio,0.29193877551020403,49
2022-05-27,upper_shadow_ratio,-0.09328910740039735,49
2022-05-30,upper_shadow_ratio,-0.03306122448979592,49
2022-05-31,upper_shadow_ratio,-0.12357142857142855,49
2022-06-01,upper_shadow_ratio,-0.09684661750603715,49
2022-06-02,upper_shadow_ratio,0.11293697739446354,49
2022-06-03,upper_shadow_ratio,-0.16689627043511274,49
2022-06-06,upper_shadow_ratio,0.15581632653061223,49
2022-06-07,upper_shadow_ratio,-0.21194489744521644,49
2022-06-08,upper_shadow_ratio,-0.21379732737107254,49
2022-06-09,upper_shadow_ratio,0.2057142857142857,49
2022-06-10,upper_shadow_ratio,0.08387755102040816,49
2022-06-13,upper_shadow_ratio,-0.08422665722172619,49
2022-06-14,upper_shadow_ratio,-0.1223469387755102,49
2022-06-15,upper_shadow_ratio,0.06974667723384904,49
2022-06-16,upper_shadow_ratio,-0.11033873483543609,49
2022-06-17,upper_shadow_ratio,-0.589591836734694,49
2022-06-20,upper_shadow_ratio,0.10221995739770016,49
2022-06-21,upper_shadow_ratio,0.24551020408163265,49
2022-06-22,upper_shadow_ratio,0.3881026410504209,49
2022-06-23,upper_shadow_ratio,0.17826530612244895,49
2022-06-24,upper_shadow_ratio,-0.01408882266254329,49
2022-06-27,upper_shadow_ratio,0.29368515645356363,49
2022-06-28,upper_shadow_ratio,0.1464285714285714,49
2022-06-29,upper_shadow_ratio,-0.08173469387755102,49
2022-06-30,upper_shadow_ratio,-0.312456950534083,49
2022-07-01,upper_shadow_ratio,0.01357142857142857,49
2022-07-04,upper_shadow_ratio,0.2965306122448979,49
2022-07-05,upper_shadow_ratio,-0.10225533270921944,49
2022-07-06,upper_shadow_ratio,0.052297252497948254,49
2022-07-07,upper_shadow_ratio,0.2979667849639198,49
2022-07-08,upper_shadow_ratio,0.13480104491967454,49
2022-07-11,upper_shadow_ratio,0.17734693877551017,49
2022-07-12,upper_shadow_ratio,-0.12393173299269886,49
2022-07-13,upper_shadow_ratio,-0.11113378974085823,49
2022-07-14,upper_shadow_ratio,0.37850801299250986,49
2022-07-15,upper_shadow_ratio,0.27328400991746604,49
2022-07-18,upper_shadow_ratio,-0.20581632653061221,49
2022-07-19,upper_shadow_ratio,-0.09877551020408162,49
2022-07-20,upper_shadow_ratio,0.09023103449843307,49
2022-07-21,upper_shadow_ratio,0.195872343745974,49
2022-07-22,upper_shadow_ratio,-0.10837011151769961,49
2022-07-25,upper_shadow_ratio,0.040954950606232596,49
2022-07-26,upper_shadow_ratio,-0.1234417776603705,49
2022-07-27,upper_shadow_ratio,0.03433761066450652,49
2022-07-28,upper_shadow_ratio,-0.11199265291024041,49
2022-07-29,upper_shadow_ratio,0.29337483108605117,49
2022-08-01,upper_shadow_ratio,0.2840224974434451,49
2022-08-02,upper_shadow_ratio,-0.03500893198942702,49
2022-08-03,upper_shadow_ratio,0.0403674419878087,49
2022-08-04,upper_shadow_ratio,-0.10368404993270153,49
2022-08-05,upper_shadow_ratio,-0.29459183673469386,49
2022-08-08,upper_shadow_ratio,0.05817810855385831,49
2022-08-10,upper_shadow_ratio,-0.29665732019612134,49
2022-08-11,upper_shadow_ratio,-0.08449195135278276,49
2022-08-12,upper_shadow_ratio,-0.007557771433569108,49
2022-08-16,upper_shadow_ratio,-0.06139321455288733,49
2022-08-17,upper_shadow_ratio,0.046554370537099564,49
2022-08-18,upper_shadow_ratio,-0.5779025449683258,49
2022-08-19,upper_shadow_ratio,-0.015722309348055553,49
2022-08-22,upper_shadow_ratio,-0.17663737424807802,49
2022-08-23,upper_shadow_ratio,0.3301020408163265,49
2022-08-24,upper_shadow_ratio,-0.004285823619344053,49
2022-08-25,upper_shadow_ratio,0.03969489018868658,49
2022-08-26,upper_shadow_ratio,-0.21948979591836734,49
2022-08-29,upper_shadow_ratio,0.1366326530612245,49
2022-08-30,upper_shadow_ratio,0.06112244897959183,49
2022-09-01,upper_shadow_ratio,-0.16959183673469388,49
2022-09-02,upper_shadow_ratio,0.09314442631641928,49
2022-09-05,upper_shadow_ratio,-0.27724489795918367,49
2022-09-06,upper_shadow_ratio,0.02561224489795918,49
2022-09-07,upper_shadow_ratio,0.16938775510204077,49
2022-09-08,upper_shadow_ratio,0.203317179367168,49
2022-09-09,upper_shadow_ratio,0.011547414510808793,49
2022-09-12,upper_shadow_ratio,-0.1165870603560573,48
2022-09-13,upper_shadow_ratio,0.12884126231977994,49
2022-09-14,upper_shadow_ratio,-0.05306122448979591,49
2022-09-15,upper_shadow_ratio,0.09745892488752948,49
2022-09-16,upper_shadow_ratio,-0.052036277640587304,49
2022-09-19,upper_shadow_ratio,-0.3152631445705583,49
2022-09-20,upper_shadow_ratio,-0.1803061224489796,49
2022-09-21,upper_shadow_ratio,0.019693877551020405,49
2022-09-22,upper_shadow_ratio,0.18061224489795918,49
2022-09-23,upper_shadow_ratio,0.305745485825171,49
2022-09-26,upper_shadow_ratio,0.3069150393358806,49
2022-09-27,upper_shadow_ratio,-0.0273469387755102,49
2022-09-28,upper_shadow_ratio,-0.2119441823185142,49
2022-09-29,upper_shadow_ratio,0.17091836734693874,49
2022-09-30,upper_shadow_ratio,0.16693877551020406,49
2022-10-03,upper_shadow_ratio,-0.1850909268323812,49
2022-10-04,upper_shadow_ratio,0.047244897959183664,49
2022-10-06,upper_shadow_ratio,0.1874489795918367,49
2022-10-07,upper_shadow_ratio,0.1296461644851576,49
2022-10-10,upper_shadow_ratio,0.3729591836734693,49
2022-10-11,upper_shadow_ratio,-0.12057657409683888,49
2022-10-12,upper_shadow_ratio,-0.14005459327499314,49
2022-10-13,upper_shadow_ratio,-0.1680612244897959,49
2022-10-14,upper_shadow_ratio,-0.05584781543856824,49
2022-10-17,upper_shadow_ratio,-0.10448979591836734,49
2022-10-18,upper_shadow_ratio,-0.06887755102040816,49
2022-10-19,upper_shadow_ratio,-0.023081842486305654,49
2022-10-20,upper_shadow_ratio,0.10479591836734692,49
2022-10-21,upper_shadow_ratio,0.1411368514339825,49
2022-10-24,upper_shadow_ratio,-0.10193911957531705,48
2022-10-25,upper_shadow_ratio,0.29903015636658903,49
2022-10-27,upper_shadow_ratio,-0.07144679997842247,49
2022-10-28,upper_shadow_ratio,0.08572303340892647,49
2022-10-31,upper_shadow_ratio,0.015510599765245143,49
2022-11-01,upper_shadow_ratio,0.06605411784540223,49
2022-11-02,upper_shadow_ratio,-0.1371348225332924,49
2022-11-03,upper_shadow_ratio,-0.06301181154630839,49
2022-11-04,upper_shadow_ratio,0.22148524204253014,49
2022-11-07,upper_shadow_ratio,-0.26479591836734695,49
2022-11-09,upper_shadow_ratio,0.19299488197859252,49
2022-11-10,upper_shadow_ratio,0.1439510141607684,49
2022-11-11,upper_shadow_ratio,0.17275510204081632,49
2022-11-14,upper_shadow_ratio,0.21781167894023526,49
2022-11-15,upper_shadow_ratio,-0.08892293144257393,49
2022-11-16,upper_shadow_ratio,-0.06362407206335755,49
2022-11-17,upper_shadow_ratio,0.06286355783321274,49
2022-11-18,upper_shadow_ratio,-0.05530612244897959,49
2022-11-21,upper_shadow_ratio,0.214285933571024,49
2022-11-22,upper_shadow_ratio,0.09954335573024102,49
2022-11-23,upper_shadow_ratio,-0.2846644644854576,49
2022-11-24,upper_shadow_ratio,0.02357142857142857,49
2022-11-25,upper_shadow_ratio,0.006939483656913094,49
2022-11-28,upper_shadow_ratio,-0.08010204081632652,49
2022-11-29,upper_shadow_ratio,-0.0019387755102040815,49
2022-11-30,upper_shadow_ratio,-0.007448979591836735,49
2022-12-01,upper_shadow_ratio,0.24420625948408367,49
2022-12-02,upper_shadow_ratio,0.3859112294522727,49
2022-12-05,upper_shadow_ratio,0.05778459149999639,49
2022-12-06,upper_shadow_ratio,0.033881008442575695,49
2022-12-07,upper_shadow_ratio,0.3109750277543975,49
2022-12-08,upper_shadow_ratio,0.07726461083380831,49
2022-12-09,upper_shadow_ratio,0.13660161205944166,49
2022-12-12,upper_shadow_ratio,0.25000637779506973,49
2022-12-13,upper_shadow_ratio,-0.016939207638359825,49
2022-12-14,upper_shadow_ratio,-0.005306257814425969,49
2022-12-15,upper_shadow_ratio,0.05362381695155475,49
2022-12-16,upper_shadow_ratio,-0.11397959183673469,49
2022-12-19,upper_shadow_ratio,0.4060204081632653,49
2022-12-20,upper_shadow_ratio,-0.1451071962293641,49
2022-12-21,upper_shadow_ratio,0.13122448979591836,49
2022-12-22,upper_shadow_ratio,0.29645882387253736,49
2022-12-23,upper_shadow_ratio,-0.5851617542461719,49
2022-12-26,upper_shadow_ratio,0.22755102040816325,49
2022-12-27,upper_shadow_ratio,0.10295918367346937,49
2022-12-28,upper_shadow_ratio,0.10551020408163263,49
2022-12-29,upper_shadow_ratio,0.06387918061212802,49
2022-12-30,upper_shadow_ratio,0.0019392702851286105,49
2023-01-02,upper_shadow_ratio,0.055052424824669426,49
2023-01-03,upper_shadow_ratio,-0.10418367346938774,49
2023-01-04,upper_shadow_ratio,-0.05893019077255912,49
2023-01-05,upper_shadow_ratio,0.30222547270546024,49
2023-01-06,upper_shadow_ratio,0.040310235948245184,49
2023-01-09,upper_shadow_ratio,0.025459833167293833,49
2023-01-10,upper_shadow_ratio,-0.05037814270410816,49
2023-01-11,upper_shadow_ratio,-0.03184485941895402,49
2023-01-12,upper_shadow_ratio,0.14954463128925496,49
2023-01-13,upper_shadow_ratio,0.042147158092722174,49
2023-01-16,upper_shadow_ratio,-0.11291476713603533,49
2023-01-17,upper_shadow_ratio,0.07184406609510027,49
2023-01-18,upper_shadow_ratio,0.06755102040816326,49
2023-01-19,upper_shadow_ratio,-0.020528541326316093,49
2023-01-20,upper_shadow_ratio,0.17647677981743368,49
2023-01-23,upper_shadow_ratio,-0.35575058864704484,49
2023-01-24,upper_shadow_ratio,-0.07256953540665485,49
2023-01-25,upper_shadow_ratio,0.2306200636446366,49
2023-01-27,upper_shadow_ratio,-0.017348709142282738,49
2023-01-30,upper_shadow_ratio,0.07216126797820671,49
2023-01-31,upper_shadow_ratio,-0.15501753038972024,49
2023-02-01,upper_shadow_ratio,0.045329255522965364,49
2023-02-02,upper_shadow_ratio,0.059213892349819615,49
2023-02-03,upper_shadow_ratio,-0.19413760561433477,49
2023-02-06,upper_shadow_ratio,-0.04560804053438786,49
2023-02-07,upper_shadow_ratio,0.4271027323515364,49
2023-02-08,upper_shadow_ratio,0.12791142635351832,49
2023-02-09,upper_shadow_ratio,-0.07195713426398265,49
2023-02-10,upper_shadow_ratio,-0.10919481636613251,49
2023-02-13,upper_shadow_ratio,-0.07605922379416485,49
2023-02-14,upper_shadow_ratio,0.2808120615756522,49
2023-02-15,upper_shadow_ratio,0.03520408163265306,49
2023-02-16,upper_shadow_ratio,-0.022403675136091046,49
2023-02-17,upper_shadow_ratio,-0.13609095182744374,49
2023-02-20,upper_shadow_ratio,-0.15011735969587003,49
2023-02-21,upper_shadow_ratio,-0.1799511344866825,49
2023-02-22,upper_shadow_ratio,-0.07872649815056991,49
2023-02-23,upper_shadow_ratio,-0.0905194412306164,49
2023-02-24,upper_shadow_ratio,0.05394233398370898,49
2023-02-27,upper_shadow_ratio,0.06519524349943409,49
2023-02-28,upper_shadow_ratio,0.15817940688551907,49
2023-03-01,upper_shadow_ratio,0.02163486081272906,49
2023-03-02,upper_shadow_ratio,0.004694356591441211,49
2023-03-03,upper_shadow_ratio,0.21795918367346936,49
2023-03-06,upper_shadow_ratio,-0.06959183673469387,49
2023-03-08,upper_shadow_ratio,0.0914379023028549,49
2023-03-09,upper_shadow_ratio,-0.051594796270132234,49
2023-03-10,upper_shadow_ratio,-0.0686804779573899,49
2023-03-13,upper_shadow_ratio,-0.2424489795918367,49
2023-03-14,upper_shadow_ratio,-0.08515523357958599,49
2023-03-15,upper_shadow_ratio,-0.07897959183673468,49
2023-03-16,upper_shadow_ratio,-0.3090111251931302,49
2023-03-17,upper_shadow_ratio,-0.13776916083577467,49
2023-03-20,upper_shadow_ratio,0.05921079425861789,49
2023-03-21,upper_shadow_ratio,-0.2486031388835889,49
2023-03-22,upper_shadow_ratio,-0.06663945335241546,49
2023-03-23,upper_shadow_ratio,-0.20311742653105563,49
2023-03-24,upper_shadow_ratio,-0.013878967313826188,49
2023-03-27,upper_shadow_ratio,0.13326530612244897,49
2023-03-28,upper_shadow_ratio,-0.2783363193445116,49
2023-03-29,upper_shadow_ratio,0.08296130006015986,49
2023-03-31,upper_shadow_ratio,0.2573535039996595,49
2023-04-03,upper_shadow_ratio,-0.1441357245139455,49
2023-04-05,upper_shadow_ratio,0.23439304648704196,49
2023-04-06,upper_shadow_ratio,-0.0912268170403234,49
2023-04-10,upper_shadow_ratio,0.07948979591836733,49
2023-04-11,upper_shadow_ratio,0.011431487996547597,49
2023-04-12,upper_shadow_ratio,-0.023982039108449666,49
2023-04-13,upper_shadow_ratio,0.3100561914937968,49
2023-04-17,upper_shadow_ratio,-0.08650727826692355,49
2023-04-18,upper_shadow_ratio,0.09615787481656345,49
2023-04-19,upper_shadow_ratio,0.1210775410067051,49
2023-04-20,upper_shadow_ratio,0.013776916083577468,49
2023-04-21,upper_shadow_ratio,-0.013986729744698771,49
2023-04-24,upper_shadow_ratio,0.2331717350724374,49
2023-04-25,upper_shadow_ratio,0.04887879794442383,49
2023-04-26,upper_shadow_ratio,0.2154301470550521,49
2023-04-27,upper_shadow_ratio,-0.11178856607122403,49
2023-04-28,upper_shadow_ratio,-0.22581395458947703,49
2023-05-02,upper_shadow_ratio,0.11489795918367346,49
2023-05-03,upper_shadow_ratio,-0.021541605665192996,49
2023-05-04,upper_shadow_ratio,0.10142857142857141,49
2023-05-05,upper_shadow_ratio,0.20112757985064592,49
2023-05-08,upper_shadow_ratio,-0.1911224489795918,49
2023-05-09,upper_shadow_ratio,0.10858250898464018,49
2023-05-10,upper_shadow_ratio,0.15467077053444264,49
2023-05-11,upper_shadow_ratio,0.22929319450218014,49
2023-05-12,upper_shadow_ratio,0.1237366164275541,49
2023-05-15,upper_shadow_ratio,0.10653061224489795,49
2023-05-16,upper_shadow_ratio,-0.26023063713424105,49
2023-05-17,upper_shadow_ratio,-0.2714468064894494,49
2023-05-18,upper_shadow_ratio,-0.23338441019256492,49
2023-05-19,upper_shadow_ratio,0.264624843052987,49
2023-05-22,upper_shadow_ratio,-0.06255102040816325,49
2023-05-23,upper_shadow_ratio,0.0715324370752424,49
2023-05-24,upper_shadow_ratio,-0.034439654084014705,49
2023-05-25,upper_shadow_ratio,0.026843583420464445,49
2023-05-26,upper_shadow_ratio,0.06586902729253775,49
2023-05-29,upper_shadow_ratio,0.27227268230359025,49
2023-05-30,upper_shadow_ratio,0.136616488244455,49
2023-05-31,upper_shadow_ratio,0.1741260582331268,49
2023-06-01,upper_shadow_ratio,0.07667178130123195,49
2023-06-02,upper_shadow_ratio,-0.19087708581404977,49
2023-06-05,upper_shadow_ratio,-0.15735095288163164,49
2023-06-06,upper_shadow_ratio,0.06357305035360344,49
2023-06-07,upper_shadow_ratio,0.1421573637364697,49
2023-06-08,upper_shadow_ratio,0.05899464341075457,49
2023-06-09,upper_shadow_ratio,-0.09543251139975002,49
2023-06-12,upper_shadow_ratio,0.011842778469963924,49
2023-06-13,upper_shadow_ratio,0.06571428571428571,49
2023-06-14,upper_shadow_ratio,-0.03735075027103225,49
2023-06-15,upper_shadow_ratio,-0.010617663455829724,49
2023-06-16,upper_shadow_ratio,-0.16938775510204077,49
2023-06-19,upper_shadow_ratio,-0.06505811355653408,49
2023-06-20,upper_shadow_ratio,-0.025941539785493965,49
2023-06-21,upper_shadow_ratio,-0.22104296471873183,49
2023-06-22,upper_shadow_ratio,-0.02317509235070526,49
2023-06-23,upper_shadow_ratio,-0.30002074437984094,49
2023-06-26,upper_shadow_ratio,-0.09327482444733189,49
2023-06-27,upper_shadow_ratio,0.10318959254026447,49
2023-06-28,upper_shadow_ratio,-0.006633329966166928,49
2023-06-30,upper_shadow_ratio,-0.006633329966166928,49
2023-07-03,upper_shadow_ratio,-0.07115876373762806,49
2023-07-04,upper_shadow_ratio,0.07003574164133838,49
2023-07-05,upper_shadow_ratio,-0.03183673469387755,49
2023-07-06,upper_shadow_ratio,0.12464603692925619,49
2023-07-07,upper_shadow_ratio,-0.0075512130436061866,49
2023-07-10,upper_shadow_ratio,-0.0658499320097132,49
2023-07-11,upper_shadow_ratio,-0.10178831095942124,49
2023-07-12,upper_shadow_ratio,-0.0382152606058178,49
2023-07-13,upper_shadow_ratio,0.08902502436041847,49
2023-07-14,upper_shadow_ratio,-0.09643841258504228,49
2023-07-17,upper_shadow_ratio,0.3571428571428571,49
2023-07-18,upper_shadow_ratio,-0.06061843076774086,49
2023-07-19,upper_shadow_ratio,-0.07817124237052105,49
2023-07-20,upper_shadow_ratio,0.08306970142245969,49
2023-07-21,upper_shadow_ratio,-0.2916624160508475,49
2023-07-24,upper_shadow_ratio,-0.02428819279919583,49
2023-07-25,upper_shadow_ratio,0.22702256464072748,49
2023-07-26,upper_shadow_ratio,0.14134095389447995,49
2023-07-27,upper_shadow_ratio,-0.058979591836734686,49
2023-07-28,upper_shadow_ratio,-0.0048481757128215255,49
2023-07-31,upper_shadow_ratio,-0.017449424735900786,49
2023-08-01,upper_shadow_ratio,-0.04571895115142745,49
2023-08-02,upper_shadow_ratio,-0.05926840318130372,49
2023-08-03,upper_shadow_ratio,-0.024706486118373013,49
2023-08-04,upper_shadow_ratio,-0.03204081632653061,49
2023-08-07,upper_shadow_ratio,-0.021663623231786878,49
2023-08-08,upper_shadow_ratio,-0.19338708132132815,49
2023-08-09,upper_shadow_ratio,0.03280695937188364,49
2023-08-10,upper_shadow_ratio,0.17030612244897955,49
2023-08-11,upper_shadow_ratio,-0.07384537112055524,49
2023-08-14,upper_shadow_ratio,0.021576898100349413,49
2023-08-16,upper_shadow_ratio,0.12691613232961935,49
2023-08-17,upper_shadow_ratio,0.11967338996385767,49
2023-08-18,upper_shadow_ratio,-0.023298613664374565,49
2023-08-21,upper_shadow_ratio,-0.08187471490270867,50
2023-08-22,upper_shadow_ratio,-0.1257174928340922,49
2023-08-23,upper_shadow_ratio,-0.09804676454359926,49
2023-08-24,upper_shadow_ratio,0.08082457435698781,49
2023-08-25,upper_shadow_ratio,-0.07434821805300734,50
2023-08-28,upper_shadow_ratio,0.14348483761248887,50
2023-08-29,upper_shadow_ratio,-0.061134322906008134,50
2023-08-30,upper_shadow_ratio,0.16089360492360222,50
2023-08-31,upper_shadow_ratio,0.009606148211689728,50
2023-09-01,upper_shadow_ratio,-0.32878751500600234,50
2023-09-04,upper_shadow_ratio,-0.02763427626404604,50
2023-09-05,upper_shadow_ratio,0.042693176012129797,50
2023-09-06,upper_shadow_ratio,-0.009798271175923521,50
2023-09-07,upper_shadow_ratio,0.04835534213685474,50
2023-09-08,upper_shadow_ratio,-0.00921990924417599,50
2023-09-11,upper_shadow_ratio,0.33176470588235296,50
2023-09-12,upper_shadow_ratio,-0.011413483716455198,50
2023-09-13,upper_shadow_ratio,0.08715486194477791,50
2023-09-14,upper_shadow_ratio,-0.04076830732292917,50
2023-09-15,upper_shadow_ratio,0.0036015270485062465,50
2023-09-18,upper_shadow_ratio,0.160167476990802,50
2023-09-20,upper_shadow_ratio,-0.40504323934589737,50
2023-09-21,upper_shadow_ratio,0.006578631452581032,50
2023-09-22,upper_shadow_ratio,0.035966386554621844,50
2023-09-25,upper_shadow_ratio,-0.050088844297695584,50
2023-09-26,upper_shadow_ratio,0.10648415292658063,50
2023-09-27,upper_shadow_ratio,-0.07739611750729268,50
2023-09-28,upper_shadow_ratio,0.1947153719783099,50
2023-09-29,upper_shadow_ratio,-0.02012198059514329,50
2023-10-03,upper_shadow_ratio,0.10123679431964926,50
2023-10-04,upper_shadow_ratio,-0.16364369652144825,50
2023-10-05,upper_shadow_ratio,-0.12379648974732138,50
2023-10-06,upper_shadow_ratio,-0.16061479809945226,50
2023-10-09,upper_shadow_ratio,-0.0993517406962785,50
2023-10-10,upper_shadow_ratio,0.0012004801920768309,50
2023-10-11,upper_shadow_ratio,-0.06766068815127069,50
2023-10-12,upper_shadow_ratio,-0.17676294754068658,50
2023-10-13,upper_shadow_ratio,0.26780312124849937,50
2023-10-16,upper_shadow_ratio,-0.07083513455330871,50
2023-10-17,upper_shadow_ratio,-0.10996662588105739,50
2023-10-18,upper_shadow_ratio,-0.019161504194420458,50
2023-10-19,upper_shadow_ratio,0.29126446851919824,50
2023-10-20,upper_shadow_ratio,-0.037800193212999086,50
2023-10-23,upper_shadow_ratio,-0.14834558009164112,50
2023-10-25,upper_shadow_ratio,0.16043217286914768,50
2023-10-26,upper_shadow_ratio,-0.11823831459633208,50
2023-10-27,upper_shadow_ratio,-0.0005282112845138055,50
2023-10-30,upper_shadow_ratio,0.03147904513556549,50
2023-10-31,upper_shadow_ratio,0.14324236534676607,50
2023-11-01,upper_shadow_ratio,-0.2749165647026435,50
2023-11-02,upper_shadow_ratio,-0.10213685474189677,50
2023-11-03,upper_shadow_ratio,-0.10305169394792539,50
2023-11-06,upper_shadow_ratio,0.16575408739270625,50
2023-11-07,upper_shadow_ratio,0.1749507763916635,50
2023-11-08,upper_shadow_ratio,-0.04572526548764311,50
2023-11-09,upper_shadow_ratio,-0.004371847730082951,50
2023-11-10,upper_shadow_ratio,0.2159423769507803,50
2023-11-13,upper_shadow_ratio,-0.009382687686469394,50
2023-11-15,upper_shadow_ratio,0.1811753513178459,50
2023-11-16,upper_shadow_ratio,-0.07082833133253301,50
2023-11-17,upper_shadow_ratio,-0.020698266435576988,50
2023-11-20,upper_shadow_ratio,-0.26216203357729645,50
2023-11-21,upper_shadow_ratio,-0.07267051122143278,50
2023-11-22,upper_shadow_ratio,-0.055750300120048016,50
2023-11-23,upper_shadow_ratio,-0.21412104363856402,50
2023-11-24,upper_shadow_ratio,0.022521008403361343,50
2023-11-28,upper_shadow_ratio,0.016376122632324252,50
2023-11-29,upper_shadow_ratio,0.15528060279849176,50
2023-11-30,upper_shadow_ratio,-0.07155033736365743,50
2023-12-01,upper_shadow_ratio,0.19668588463434716,50
2023-12-04,upper_shadow_ratio,0.04539995719701526,50
2023-12-05,upper_shadow_ratio,0.0050444396885572515,50
2023-12-06,upper_shadow_ratio,-0.15804639173894167,50
2023-12-07,upper_shadow_ratio,0.012872238603664234,50
2023-12-08,upper_shadow_ratio,0.18309723889555823,50
2023-12-11,upper_shadow_ratio,-0.09454981992797118,50
2023-12-12,upper_shadow_ratio,-0.16589000232941134,50
2023-12-13,upper_shadow_ratio,-0.03250978415784972,50
2023-12-14,upper_shadow_ratio,0.19406425676604783,50
2023-12-15,upper_shadow_ratio,0.0700936905295717,50
2023-12-18,upper_shadow_ratio,-0.3009125927311807,50
2023-12-19,upper_shadow_ratio,0.009652787827264442,50
2023-12-20,upper_shadow_ratio,0.01738712826315841,50
2023-12-21,upper_shadow_ratio,0.15721866075745933,50
2023-12-22,upper_shadow_ratio,0.05027611044417767,50
2023-12-26,upper_shadow_ratio,-0.0561344537815126,50
2023-12-27,upper_shadow_ratio,-0.08821128451380551,50
2023-12-28,upper_shadow_ratio,0.17523891931188035,50
2023-12-29,upper_shadow_ratio,0.09763242613347567,50
2022-01-03,lower_shadow_ratio,-0.048829236222354716,49
2022-01-04,lower_shadow_ratio,0.08755102040816326,49
2022-01-05,lower_shadow_ratio,-0.06582304351042567,49
2022-01-06,lower_shadow_ratio,0.30826530612244896,49
2022-01-07,lower_shadow_ratio,-0.0012245210340983007,49
2022-01-10,lower_shadow_ratio,0.11163265306122448,49
2022-01-11,lower_shadow_ratio,-0.010053585425535163,49
2022-01-12,lower_shadow_ratio,0.09122448979591836,49
2022-01-13,lower_shadow_ratio,0.11510204081632652,49
2022-01-14,lower_shadow_ratio,-0.17898415781736826,49
2022-01-17,lower_shadow_ratio,0.14240159192368154,49
2022-01-18,lower_shadow_ratio,-0.18928571428571425,49
2022-01-19,lower_shadow_ratio,0.2994897959183673,49
2022-01-20,lower_shadow_ratio,-0.02826530612244898,49
2022-01-21,lower_shadow_ratio,0.1360204081632653,49
2022-01-24,lower_shadow_ratio,0.06357142857142856,49
2022-01-25,lower_shadow_ratio,-0.4052144188670293,49
2022-01-27,lower_shadow_ratio,-0.07010204081632652,49
2022-01-28,lower_shadow_ratio,0.17836183280327614,49
2022-01-31,lower_shadow_ratio,-0.1973009516190887,49
2022-02-01,lower_shadow_ratio,0.2393877551020408,49
2022-02-02,lower_shadow_ratio,-0.07852241131155353,49
2022-02-03,lower_shadow_ratio,0.10959183673469387,49
2022-02-04,lower_shadow_ratio,-0.391734693877551,49
2022-02-07,lower_shadow_ratio,-0.09163265306122448,49
2022-02-08,lower_shadow_ratio,-0.016326530612244896,49
2022-02-09,lower_shadow_ratio,0.4161649169542882,49
2022-02-10,lower_shadow_ratio,-0.0052552361046718735,49
2022-02-11,lower_shadow_ratio,-0.02551020408163265,49
2022-02-14,lower_shadow_ratio,0.06693877551020408,49
2022-02-15,lower_shadow_ratio,0.17316326530612242,49
2022-02-16,lower_shadow_ratio,0.1871476313780236,49
2022-02-17,lower_shadow_ratio,0.006071583460737408,49
2022-02-18,lower_shadow_ratio,-0.1109211970054044,49
2022-02-21,lower_shadow_ratio,0.02357142857142857,49
2022-02-22,lower_shadow_ratio,-0.3329596044978749,49
2022-02-23,lower_shadow_ratio,0.059300843982090665,49
2022-02-24,lower_shadow_ratio,-0.16826530612244894,49
2022-02-25,lower_shadow_ratio,-0.24205294996701066,49
2022-02-28,lower_shadow_ratio,-0.27241644163201373,49
2022-03-02,lower_shadow_ratio,0.07706047711958426,49
2022-03-03,lower_shadow_ratio,0.11785714285714285,49
2022-03-04,lower_shadow_ratio,-0.2144897959183673,49
2022-03-07,lower_shadow_ratio,-0.06229750760975105,49
2022-03-08,lower_shadow_ratio,0.3529683523569573,49
2022-03-09,lower_shadow_ratio,0.24771626221090196,49
2022-03-10,lower_shadow_ratio,0.4842857142857142,49
2022-03-11,lower_shadow_ratio,0.03418367346938775,49
2022-03-14,lower_shadow_ratio,0.12945381982684703,49
2022-03-15,lower_shadow_ratio,-0.0714814153654883,49
2022-03-16,lower_shadow_ratio,-0.11005382793958478,49
2022-03-17,lower_shadow_ratio,-0.18583529028292275,49
2022-03-21,lower_shadow_ratio,-0.07913467182860269,49
2022-03-22,lower_shadow_ratio,-0.26846938775510204,49
2022-03-23,lower_shadow_ratio,0.27868057867687157,49
2022-03-24,lower_shadow_ratio,-0.011431487996547597,49
2022-03-25,lower_shadow_ratio,0.19581632653061223,49
2022-03-28,lower_shadow_ratio,0.20928571428571427,49
2022-03-29,lower_shadow_ratio,0.23816326530612242,49
2022-03-30,lower_shadow_ratio,-0.0765325646311438,49
2022-03-31,lower_shadow_ratio,-0.07296662962783622,49
2022-04-01,lower_shadow_ratio,-0.030117410764132393,49
2022-04-04,lower_shadow_ratio,-0.0014796295828687798,49
2022-04-05,lower_shadow_ratio,0.3989283110223775,49
2022-04-06,lower_shadow_ratio,-0.08204290928458616,49
2022-04-07,lower_shadow_ratio,0.09000918507937279,49
2022-04-08,lower_shadow_ratio,-0.14164710758522608,49
2022-04-11,lower_shadow_ratio,0.1259726013828627,49
2022-04-12,lower_shadow_ratio,0.1804081632653061,49
2022-04-13,lower_shadow_ratio,0.05419750112648906,49
2022-04-18,lower_shadow_ratio,0.033368198179178694,49
2022-04-19,lower_shadow_ratio,-0.06999999999999999,49
2022-04-20,lower_shadow_ratio,-0.24995535608531563,49
2022-04-21,lower_shadow_ratio,-0.14867346938775508,49
2022-04-22,lower_shadow_ratio,-0.10459183673469387,49
2022-04-25,lower_shadow_ratio,-0.0707142857142857,49
2022-04-26,lower_shadow_ratio,0.14970915477487517,49
2022-04-27,lower_shadow_ratio,-0.023469387755102038,49
2022-04-28,lower_shadow_ratio,-0.10530612244897959,49
2022-04-29,lower_shadow_ratio,0.027551020408163266,49
2022-05-02,lower_shadow_ratio,0.13265644536064924,49
2022-05-04,lower_shadow_ratio,0.21224489795918364,49
2022-05-05,lower_shadow_ratio,0.09173469387755101,49
2022-05-06,lower_shadow_ratio,0.030875224276389716,49
2022-05-09,lower_shadow_ratio,-0.21214285714285713,49
2022-05-10,lower_shadow_ratio,-0.14042249282224145,49
2022-05-11,lower_shadow_ratio,-0.05071557949557128,49
2022-05-12,lower_shadow_ratio,0.4018367346938775,49
2022-05-13,lower_shadow_ratio,-0.26323042449193085,49
2022-05-16,lower_shadow_ratio,-0.10990076281032249,49
2022-05-17,lower_shadow_ratio,-0.0012755427438523965,49
2022-05-18,lower_shadow_ratio,0.16551020408163264,49
2022-05-19,lower_shadow_ratio,0.13817736575676956,49
2022-05-20,lower_shadow_ratio,0.1486603773836748,49
2022-05-23,lower_shadow_ratio,-0.134136074943518,49
2022-05-24,lower_shadow_ratio,-0.0003061224489795918,49
2022-05-25,lower_shadow_ratio,0.13744897959183672,49
2022-05-26,lower_shadow_ratio,-0.08887755102040815,49
2022-05-27,lower_shadow_ratio,0.008775510204081632,49
2022-05-30,lower_shadow_ratio,0.15842240878646766,49
2022-05-31,lower_shadow_ratio,-0.11877551020408163,49
2022-06-01,lower_shadow_ratio,0.012551020408163265,49
2022-06-02,lower_shadow_ratio,-0.07430467197755938,49
2022-06-03,lower_shadow_ratio,-0.08091836734693877,49
2022-06-06,lower_shadow_ratio,-0.2280612244897959,49
2022-06-07,lower_shadow_ratio,-0.15091836734693875,49
2022-06-08,lower_shadow_ratio,0.06566494045352138,49
2022-06-09,lower_shadow_ratio,0.2090009195493826,49
2022-06-10,lower_shadow_ratio,-0.37206251031573595,49
2022-06-13,lower_shadow_ratio,-0.10183673469387754,49
2022-06-14,lower_shadow_ratio,0.27840738696199674,49
2022-06-15,lower_shadow_ratio,0.22031174271818593,49
2022-06-16,lower_shadow_ratio,-0.4320408163265306,49
2022-06-17,lower_shadow_ratio,0.07321615349712755,49
2022-06-20,lower_shadow_ratio,0.04193877551020408,49
2022-06-21,lower_shadow_ratio,0.13932125995792385,49
2022-06-22,lower_shadow_ratio,-0.06826530612244898,49
2022-06-23,lower_shadow_ratio,0.09604491254242223,49
2022-06-24,lower_shadow_ratio,0.05011482684200777,49
2022-06-27,lower_shadow_ratio,0.04204188883737499,49
2022-06-28,lower_shadow_ratio,-0.10877551020408163,49
2022-06-29,lower_shadow_ratio,-0.10964565426155201,49
2022-06-30,lower_shadow_ratio,0.00683673469387755,49
2022-07-01,lower_shadow_ratio,-0.052195209078440066,49
2022-07-04,lower_shadow_ratio,-0.11903490007871345,49
2022-07-05,lower_shadow_ratio,0.3006199138711328,49
2022-07-06,lower_shadow_ratio,0.3385800659281802,49
2022-07-07,lower_shadow_ratio,-0.04464399603483388,49
2022-07-08,lower_shadow_ratio,-0.05837330370226897,49
2022-07-11,lower_shadow_ratio,-0.15719788775236937,49
2022-07-12,lower_shadow_ratio,0.09551995151280379,49
2022-07-13,lower_shadow_ratio,0.0510204081632653,49
2022-07-14,lower_shadow_ratio,0.23020408163265305,49
2022-07-15,lower_shadow_ratio,0.08974718745745461,49
2022-07-18,lower_shadow_ratio,0.019387755102040813,49
2022-07-19,lower_shadow_ratio,0.19640322571459612,49
2022-07-20,lower_shadow_ratio,-0.1193877551020408,49
2022-07-21,lower_shadow_ratio,0.04591953877868628,49
2022-07-22,lower_shadow_ratio,-0.018979591836734692,49
2022-07-25,lower_shadow_ratio,0.031329727686357646,49
2022-07-26,lower_shadow_ratio,0.007448979591836735,49
2022-07-27,lower_shadow_ratio,0.21459183673469387,49
2022-07-28,lower_shadow_ratio,-0.04357254012999786,49
2022-07-29,lower_shadow_ratio,-0.12755102040816327,49
2022-08-01,lower_shadow_ratio,-0.013265306122448977,49
2022-08-02,lower_shadow_ratio,0.11377551020408162,49
2022-08-03,lower_shadow_ratio,-0.34918367346938767,49
2022-08-04,lower_shadow_ratio,0.036224489795918365,49
2022-08-05,lower_shadow_ratio,0.13531993130980535,49
2022-08-08,lower_shadow_ratio,-0.20367866533835066,49
2022-08-10,lower_shadow_ratio,0.25237269240508947,49
2022-08-11,lower_shadow_ratio,-0.1662287303788443,49
2022-08-12,lower_shadow_ratio,0.045204081632653055,49
2022-08-16,lower_shadow_ratio,-0.14133013601884553,49
2022-08-17,lower_shadow_ratio,0.09603020766404738,49
2022-08-18,lower_shadow_ratio,0.11357142857142856,49
2022-08-19,lower_shadow_ratio,0.283469387755102,49
2022-08-22,lower_shadow_ratio,0.3849999999999999,49
2022-08-23,lower_shadow_ratio,0.4171072774958951,49
2022-08-24,lower_shadow_ratio,0.13552403377030278,49
2022-08-25,lower_shadow_ratio,-0.4939921938391561,49
2022-08-26,lower_shadow_ratio,0.1826486408019815,49
2022-08-29,lower_shadow_ratio,0.03375464133506203,49
2022-08-30,lower_shadow_ratio,-0.14387217041421985,49
2022-09-01,lower_shadow_ratio,0.008700143369910656,49
2022-09-02,lower_shadow_ratio,0.21459183673469387,49
2022-09-05,lower_shadow_ratio,0.012659521812720056,49
2022-09-06,lower_shadow_ratio,0.010972187139543453,49
2022-09-07,lower_shadow_ratio,0.08431000430285539,49
2022-09-08,lower_shadow_ratio,-0.21980152562064498,49
2022-09-09,lower_shadow_ratio,-0.0038267258533598654,49
2022-09-12,lower_shadow_ratio,-0.10603181888040515,48
2022-09-13,lower_shadow_ratio,-0.006071583460737408,49
2022-09-14,lower_shadow_ratio,0.03073527015264936,49
2022-09-15,lower_shadow_ratio,0.06510204081632652,49
2022-09-16,lower_shadow_ratio,-0.1536734693877551,49
2022-09-19,lower_shadow_ratio,0.3144897959183673,49
2022-09-20,lower_shadow_ratio,0.07623226899579533,49
2022-09-21,lower_shadow_ratio,-0.31785714285714284,49
2022-09-22,lower_shadow_ratio,-0.20632653061224487,49
2022-09-23,lower_shadow_ratio,-0.151734693877551,49
2022-09-26,lower_shadow_ratio,-0.0979591836734694,49
2022-09-27,lower_shadow_ratio,0.06316326530612244,49
2022-09-28,lower_shadow_ratio,0.05419750112648906,49
2022-09-29,lower_shadow_ratio,0.07811423763352075,49
2022-09-30,lower_shadow_ratio,-0.11222250939467933,49
2022-10-03,lower_shadow_ratio,0.015102040816326528,49
2022-10-04,lower_shadow_ratio,-0.089951274296471,49
2022-10-06,lower_shadow_ratio,0.051288595698796145,49
2022-10-07,lower_shadow_ratio,-0.16281027582531987,49
2022-10-10,lower_shadow_ratio,0.1314419845603539,49
2022-10-11,lower_shadow_ratio,-0.05948979591836734,49
2022-10-12,lower_shadow_ratio,-0.16920093975238104,49
2022-10-13,lower_shadow_ratio,-0.014285714285714284,49
2022-10-14,lower_shadow_ratio,-0.009795918367346938,49
2022-10-17,lower_shadow_ratio,0.13765306122448978,49
2022-10-18,lower_shadow_ratio,-0.12367346938775509,49
2022-10-19,lower_shadow_ratio,-0.2673469387755102,49
2022-10-20,lower_shadow_ratio,0.04061638963899134,49
2022-10-21,lower_shadow_ratio,-0.11807327339777132,49
2022-10-24,lower_shadow_ratio,0.25892954229241694,48
2022-10-25,lower_shadow_ratio,0.28275510204081633,49
2022-10-27,lower_shadow_ratio,0.11948979591836732,49
2022-10-28,lower_shadow_ratio,0.1351020408163265,49
2022-10-31,lower_shadow_ratio,0.024949616069752878,49
2022-11-01,lower_shadow_ratio,-0.16441872537709942,49
2022-11-02,lower_shadow_ratio,0.02188831348450713,49
2022-11-03,lower_shadow_ratio,-0.07266047593709005,49
2022-11-04,lower_shadow_ratio,-0.18255102040816323,49
2022-11-07,lower_shadow_ratio,0.22418939265949722,49
2022-11-09,lower_shadow_ratio,0.3964285714285714,49
2022-11-10,lower_shadow_ratio,-0.07969591063589773,49
2022-11-11,lower_shadow_ratio,-0.021941014503475225,49
2022-11-14,lower_shadow_ratio,-0.07418367346938774,49
2022-11-15,lower_shadow_ratio,0.04082049209948879,49
2022-11-16,lower_shadow_ratio,0.1857142857142857,49
2022-11-17,lower_shadow_ratio,0.3062833236538375,49
2022-11-18,lower_shadow_ratio,-0.09163265306122448,49
2022-11-21,lower_shadow_ratio,-0.19255102040816324,49
2022-11-22,lower_shadow_ratio,0.20214285714285712,49
2022-11-23,lower_shadow_ratio,0.044696158025423045,49
2022-11-24,lower_shadow_ratio,-0.0776530612244898,49
2022-11-25,lower_shadow_ratio,-0.012448979591836733,49
2022-11-28,lower_shadow_ratio,0.10674558684016319,49
2022-11-29,lower_shadow_ratio,0.2289944147252507,49
2022-11-30,lower_shadow_ratio,0.134707623928313,49
2022-12-01,lower_shadow_ratio,0.045,49
2022-12-02,lower_shadow_ratio,-0.22464858804728408,49
2022-12-05,lower_shadow_ratio,0.2854081632653061,49
2022-12-06,lower_shadow_ratio,-0.3620214866766558,49
2022-12-07,lower_shadow_ratio,-0.1711224489795918,49
2022-12-08,lower_shadow_ratio,0.034133523825490134,49
2022-12-09,lower_shadow_ratio,-0.29673469387755097,49
2022-12-12,lower_shadow_ratio,0.11403352130040426,49
2022-12-13,lower_shadow_ratio,0.07092017655819324,49
2022-12-14,lower_shadow_ratio,0.2311460365133553,49
2022-12-15,lower_shadow_ratio,-0.10683673469387754,49
2022-12-16,lower_shadow_ratio,-0.13846938775510204,49
2022-12-19,lower_shadow_ratio,0.3161224489795918,49
2022-12-20,lower_shadow_ratio,0.1980612244897959,49
2022-12-21,lower_shadow_ratio,0.03510204081632653,49
2022-12-22,lower_shadow_ratio,-0.14448979591836736,49
2022-12-23,lower_shadow_ratio,-0.19653061224489793,49
2022-12-26,lower_shadow_ratio,0.18418367346938774,49
2022-12-27,lower_shadow_ratio,0.13561224489795917,49
2022-12-28,lower_shadow_ratio,0.041636901941478566,49
2022-12-29,lower_shadow_ratio,-0.14826530612244895,49
2022-12-30,lower_shadow_ratio,-0.06918367346938775,49
2023-01-02,lower_shadow_ratio,0.16551020408163264,49
2023-01-03,lower_shadow_ratio,-0.0752570218872914,49
2023-01-04,lower_shadow_ratio,-0.09785714285714284,49
2023-01-05,lower_shadow_ratio,-0.10658435167630624,49
2023-01-06,lower_shadow_ratio,-0.44061224489795914,49
2023-01-09,lower_shadow_ratio,-0.09193877551020407,49
2023-01-10,lower_shadow_ratio,0.06428735429016079,49
2023-01-11,lower_shadow_ratio,-0.14897959183673468,49
2023-01-12,lower_shadow_ratio,0.18091350423107694,49
2023-01-13,lower_shadow_ratio,0.048163265306122444,49
2023-01-16,lower_shadow_ratio,0.11775510204081631,49
2023-01-17,lower_shadow_ratio,-0.0386734693877551,49
2023-01-18,lower_shadow_ratio,-0.06867522132901303,49
2023-01-19,lower_shadow_ratio,-0.20428571428571424,49
2023-01-20,lower_shadow_ratio,0.017857142857142853,49
2023-01-23,lower_shadow_ratio,0.004999999999999999,49
2023-01-24,lower_shadow_ratio,-0.021122448979591837,49
2023-01-25,lower_shadow_ratio,0.1221459731513055,49
2023-01-27,lower_shadow_ratio,0.05255102040816326,49
2023-01-30,lower_shadow_ratio,0.17061224489795915,49
2023-01-31,lower_shadow_ratio,0.1464285714285714,49
2023-02-01,lower_shadow_ratio,0.283469387755102,49
2023-02-02,lower_shadow_ratio,-0.03633023796854502,49
2023-02-03,lower_shadow_ratio,0.0986249649546673,49
2023-02-06,lower_shadow_ratio,0.03811321718630961,49
2023-02-07,lower_shadow_ratio,-0.4866326530612244,49
2023-02-08,lower_shadow_ratio,-0.28939115347321714,49
2023-02-09,lower_shadow_ratio,-0.14591836734693878,49
2023-02-10,lower_shadow_ratio,0.19693877551020406,49
2023-02-13,lower_shadow_ratio,-0.1380612244897959,49
2023-02-14,lower_shadow_ratio,-0.16683673469387753,49
2023-02-15,lower_shadow_ratio,0.10286764009071177,49
2023-02-16,lower_shadow_ratio,0.059387755102040814,49
2023-02-17,lower_shadow_ratio,-0.057148688939284306,49
2023-02-20,lower_shadow_ratio,-0.11765306122448978,49
2023-02-21,lower_shadow_ratio,0.03387841527671965,49
2023-02-22,lower_shadow_ratio,-0.03428571428571428,49
2023-02-23,lower_shadow_ratio,0.033265306122448976,49
2023-02-24,lower_shadow_ratio,0.11786014953196144,49
2023-02-27,lower_shadow_ratio,-0.13622448979591836,49
2023-02-28,lower_shadow_ratio,-0.19643358255326906,49
2023-03-01,lower_shadow_ratio,-0.08426238878999014,49
2023-03-02,lower_shadow_ratio,-0.22326530612244896,49
2023-03-03,lower_shadow_ratio,-0.17398403026146686,49
2023-03-06,lower_shadow_ratio,-0.13952539367214792,49
2023-03-08,lower_shadow_ratio,-0.21143396522097324,49
2023-03-09,lower_shadow_ratio,0.030204081632653056,49
2023-03-10,lower_shadow_ratio,-0.04418480064704701,49
2023-03-13,lower_shadow_ratio,0.4815306122448979,49
2023-03-14,lower_shadow_ratio,0.007653061224489796,49
2023-03-15,lower_shadow_ratio,-0.16561224489795917,49
2023-03-16,lower_shadow_ratio,-0.015918773443277908,49
2023-03-17,lower_shadow_ratio,-0.15776315138653887,49
2023-03-20,lower_shadow_ratio,0.0831717526527084,49
2023-03-21,lower_shadow_ratio,-0.29010944166178904,49
2023-03-22,lower_shadow_ratio,-0.013979948472622265,49
2023-03-23,lower_shadow_ratio,0.052556383578091816,49
2023-03-24,lower_shadow_ratio,-0.17632653061224488,49
2023-03-27,lower_shadow_ratio,-0.018879477596013567,49
2023-03-28,lower_shadow_ratio,-0.1554081632653061,49
2023-03-29,lower_shadow_ratio,0.10378610116295026,49
2023-03-31,lower_shadow_ratio,0.10824190196731008,49
2023-04-03,lower_shadow_ratio,0.0583673469387755,49
2023-04-05,lower_shadow_ratio,-0.093296641559535,49
2023-04-06,lower_shadow_ratio,-0.1946938775510204,49
2023-04-10,lower_shadow_ratio,0.06826704765098027,49
2023-04-11,lower_shadow_ratio,-0.06852215619975074,49
2023-04-12,lower_shadow_ratio,-0.125615449414584,49
2023-04-13,lower_shadow_ratio,-0.20265306122448978,49
2023-04-17,lower_shadow_ratio,-0.09262567282916916,49
2023-04-18,lower_shadow_ratio,-0.026020408163265306,49
2023-04-19,lower_shadow_ratio,-0.10521481838643235,49
2023-04-20,lower_shadow_ratio,0.19224489795918365,49
2023-04-21,lower_shadow_ratio,0.13964641959696036,49
2023-04-24,lower_shadow_ratio,-0.13368711162582578,49
2023-04-25,lower_shadow_ratio,0.10582712576792469,49
2023-04-26,lower_shadow_ratio,0.2873542693350679,49
2023-04-27,lower_shadow_ratio,-0.055205489953931715,49
2023-04-28,lower_shadow_ratio,0.19296410628999053,49
2023-05-02,lower_shadow_ratio,0.09647780736306817,49
2023-05-03,lower_shadow_ratio,-0.11867346938775508,49
2023-05-04,lower_shadow_ratio,0.039295739988132364,49
2023-05-05,lower_shadow_ratio,-0.2730612244897959,49
2023-05-08,lower_shadow_ratio,0.3080180617854767,49
2023-05-09,lower_shadow_ratio,-0.035051914601063855,49
2023-05-10,lower_shadow_ratio,0.07693877551020407,49
2023-05-11,lower_shadow_ratio,0.14260931698750848,49
2023-05-12,lower_shadow_ratio,-0.07469387755102042,49
2023-05-15,lower_shadow_ratio,0.044439909195817494,49
2023-05-16,lower_shadow_ratio,-0.1883673469387755,49
2023-05-17,lower_shadow_ratio,-0.15795918367346937,49
2023-05-18,lower_shadow_ratio,0.16948979591836733,49
2023-05-19,lower_shadow_ratio,-0.4045918367346938,49
2023-05-22,lower_shadow_ratio,0.3453237414566931,49
2023-05-23,lower_shadow_ratio,0.09816326530612243,49
2023-05-24,lower_shadow_ratio,0.20418888243589164,49
2023-05-25,lower_shadow_ratio,0.12648281848040363,49
2023-05-26,lower_shadow_ratio,0.16144504625347816,49
2023-05-29,lower_shadow_ratio,-0.2891836734693877,49
2023-05-30,lower_shadow_ratio,-0.08530612244897957,49
2023-05-31,lower_shadow_ratio,-0.11826530612244897,49
2023-06-01,lower_shadow_ratio,-0.002755102040816326,49
2023-06-02,lower_shadow_ratio,-0.058981096475734816,49
2023-06-05,lower_shadow_ratio,-0.05694458647878686,49
2023-06-06,lower_shadow_ratio,0.05867945739301514,49
2023-06-07,lower_shadow_ratio,-0.21645065935753935,49
2023-06-08,lower_shadow_ratio,0.02561289829655612,49
2023-06-09,lower_shadow_ratio,-0.2097959183673469,49
2023-06-12,lower_shadow_ratio,0.053367346938775505,49
2023-06-13,lower_shadow_ratio,-0.051014957176591484,49
2023-06-14,lower_shadow_ratio,-0.10260465831548676,49
2023-06-15,lower_shadow_ratio,-0.10122448979591836,49
2023-06-16,lower_shadow_ratio,-0.020867879289425205,49
2023-06-19,lower_shadow_ratio,-0.01489795918367347,49
2023-06-20,lower_shadow_ratio,-0.08520408163265306,49
2023-06-21,lower_shadow_ratio,-0.26510204081632655,49
2023-06-22,lower_shadow_ratio,-0.10806122448979592,49
2023-06-23,lower_shadow_ratio,0.10918367346938775,49
2023-06-26,lower_shadow_ratio,0.20949466741694805,49
2023-06-27,lower_shadow_ratio,-0.03132653061224489,49
2023-06-28,lower_shadow_ratio,0.3360204081632652,49
2023-06-30,lower_shadow_ratio,0.3811224489795918,49
2023-07-03,lower_shadow_ratio,-0.20887755102040814,49
2023-07-04,lower_shadow_ratio,-0.07368098823957726,49
2023-07-05,lower_shadow_ratio,0.16816326530612244,49
2023-07-06,lower_shadow_ratio,-0.26676191587015924,49
2023-07-07,lower_shadow_ratio,0.08204081632653061,49
2023-07-10,lower_shadow_ratio,0.16204081632653058,49
2023-07-11,lower_shadow_ratio,-0.31972650436924593,49
2023-07-12,lower_shadow_ratio,-0.03959183673469387,49
2023-07-13,lower_shadow_ratio,-0.1444024908019416,49
2023-07-14,lower_shadow_ratio,0.011632653061224489,49
2023-07-17,lower_shadow_ratio,0.03392943698647375,49
2023-07-18,lower_shadow_ratio,-0.047346938775510196,49
2023-07-19,lower_shadow_ratio,0.03515395802057205,49
2023-07-20,lower_shadow_ratio,-0.11959183673469387,49
2023-07-21,lower_shadow_ratio,0.017653061224489792,49
2023-07-24,lower_shadow_ratio,0.3160794919266239,49
2023-07-25,lower_shadow_ratio,-0.06576698387302957,49
2023-07-26,lower_shadow_ratio,-0.11867346938775508,49
2023-07-27,lower_shadow_ratio,-0.16622448979591833,49
2023-07-28,lower_shadow_ratio,-0.021990356904015317,49
2023-07-31,lower_shadow_ratio,0.2589436164932255,49
2023-08-01,lower_shadow_ratio,0.10785714285714285,49
2023-08-02,lower_shadow_ratio,-0.17510204081632652,49
2023-08-03,lower_shadow_ratio,0.11775510204081631,49
2023-08-04,lower_shadow_ratio,0.06015459580007902,49
2023-08-07,lower_shadow_ratio,0.17418367346938776,49
2023-08-08,lower_shadow_ratio,-0.2804081632653061,49
2023-08-09,lower_shadow_ratio,-0.27397959183673465,49
2023-08-10,lower_shadow_ratio,0.025204081632653058,49
2023-08-11,lower_shadow_ratio,-0.35438775510204074,49
2023-08-14,lower_shadow_ratio,0.022959183673469385,49
2023-08-16,lower_shadow_ratio,0.11918367346938775,49
2023-08-17,lower_shadow_ratio,-0.17961016523775067,49
2023-08-18,lower_shadow_ratio,-0.2144897959183673,49
2023-08-21,lower_shadow_ratio,0.14377295977636936,50
2023-08-22,lower_shadow_ratio,-0.0029591836734693872,49
2023-08-23,lower_shadow_ratio,0.022346938775510205,49
2023-08-24,lower_shadow_ratio,0.11132653061224489,49
2023-08-25,lower_shadow_ratio,-0.2749099639855942,50
2023-08-28,lower_shadow_ratio,-0.1709167755086276,50
2023-08-29,lower_shadow_ratio,0.1011764705882353,50
2023-08-30,lower_shadow_ratio,-0.3203361344537815,50
2023-08-31,lower_shadow_ratio,-0.14861944777911165,50
2023-09-01,lower_shadow_ratio,-0.36759586075087086,50
2023-09-04,lower_shadow_ratio,-0.2691476590636255,50
2023-09-05,lower_shadow_ratio,-0.23236494597839136,50
2023-09-06,lower_shadow_ratio,0.22199812726992504,50
2023-09-07,lower_shadow_ratio,-0.11981943099017305,50
2023-09-08,lower_shadow_ratio,-0.02280912364945978,50
2023-09-11,lower_shadow_ratio,0.11664985886778771,50
2023-09-12,lower_shadow_ratio,-0.15755102040816327,50
2023-09-13,lower_shadow_ratio,0.1351773152206011,50
2023-09-14,lower_shadow_ratio,-0.12600542633707187,50
2023-09-15,lower_shadow_ratio,-0.05354655934029778,50
2023-09-18,lower_shadow_ratio,0.47553421368547416,50
2023-09-20,lower_shadow_ratio,0.1650847634208663,50
2023-09-21,lower_shadow_ratio,0.12326530612244897,50
2023-09-22,lower_shadow_ratio,-0.058727490996398554,50
2023-09-25,lower_shadow_ratio,0.017238895558223288,50
2023-09-26,lower_shadow_ratio,-0.03212484993997599,50
2023-09-27,lower_shadow_ratio,0.04777911164465786,50
2023-09-28,lower_shadow_ratio,0.03942376950780312,50
2023-09-29,lower_shadow_ratio,0.3079471788715486,50
2023-10-03,lower_shadow_ratio,-0.016566626650660263,50
2023-10-04,lower_shadow_ratio,-0.2403361344537815,50
2023-10-05,lower_shadow_ratio,-0.1388235294117647,50
2023-10-06,lower_shadow_ratio,-0.12355342136854741,50
2023-10-09,lower_shadow_ratio,0.3290756302521008,50
2023-10-10,lower_shadow_ratio,0.01435912219080631,50
2023-10-11,lower_shadow_ratio,0.02426135278782297,50
2023-10-12,lower_shadow_ratio,-0.0022569569503972475,50
2023-10-13,lower_shadow_ratio,0.08293713720241637,50
2023-10-16,lower_shadow_ratio,0.11025474804493789,50
2023-10-17,lower_shadow_ratio,-0.005042501103794858,50
2023-10-18,lower_shadow_ratio,0.07831932773109243,50
2023-10-19,lower_shadow_ratio,-0.1271679224343909,50
2023-10-20,lower_shadow_ratio,0.15150060024009604,50
2023-10-23,lower_shadow_ratio,-0.4027370948379352,50
2023-10-25,lower_shadow_ratio,-0.03250900360144057,50
2023-10-26,lower_shadow_ratio,0.021368547418967588,50
2023-10-27,lower_shadow_ratio,0.3188839400254932,50
2023-10-30,lower_shadow_ratio,0.22458583433373347,50
2023-10-31,lower_shadow_ratio,-0.15265306122448982,50
2023-11-01,lower_shadow_ratio,-0.09656894526061416,50
2023-11-02,lower_shadow_ratio,0.06354467042032755,50
2023-11-03,lower_shadow_ratio,-0.03721488595438175,50
2023-11-06,lower_shadow_ratio,-0.12633853541416568,50
2023-11-07,lower_shadow_ratio,-0.362016806722689,50
2023-11-08,lower_shadow_ratio,0.25349339735894355,50
2023-11-09,lower_shadow_ratio,0.006770870851191743,50
2023-11-10,lower_shadow_ratio,0.05998175122514074,50
2023-11-13,lower_shadow_ratio,-0.0007202881152460984,50
2023-11-15,lower_shadow_ratio,0.07831932773109243,50
2023-11-16,lower_shadow_ratio,0.04701080432172868,50
2023-11-17,lower_shadow_ratio,0.018247737045764982,50
2023-11-20,lower_shadow_ratio,-0.015991932072035118,50
2023-11-21,lower_shadow_ratio,-0.05387884464565345,50
2023-11-22,lower_shadow_ratio,0.06257503750709237,50
2023-11-23,lower_shadow_ratio,0.16820365518668715,50
2023-11-24,lower_shadow_ratio,0.06996398559423768,50
2023-11-28,lower_shadow_ratio,0.11440922520122467,50
2023-11-29,lower_shadow_ratio,-0.08576436411509542,50
2023-11-30,lower_shadow_ratio,0.008503484046425081,50
2023-12-01,lower_shadow_ratio,-0.3738295318127251,50
2023-12-04,lower_shadow_ratio,0.28941176470588237,50
2023-12-05,lower_shadow_ratio,-0.04062522510715046,50
2023-12-06,lower_shadow_ratio,-0.07274909963985594,50
2023-12-07,lower_shadow_ratio,-0.03807923169267707,50
2023-12-08,lower_shadow_ratio,0.004898076785968495,50
2023-12-11,lower_shadow_ratio,0.02914765906362545,50
2023-12-12,lower_shadow_ratio,0.2252581032412965,50
2023-12-13,lower_shadow_ratio,0.07659063625450178,50
2023-12-14,lower_shadow_ratio,-0.08509207906604091,50
2023-12-15,lower_shadow_ratio,-0.028428053502875972,50
2023-12-18,lower_shadow_ratio,-0.035966386554621844,50
2023-12-19,lower_shadow_ratio,0.00773109243697479,50
2023-12-20,lower_shadow_ratio,-0.17166866746698678,50
2023-12-21,lower_shadow_ratio,-0.13623376315482963,50
2023-12-22,lower_shadow_ratio,0.09733493397358943,50
2023-12-26,lower_shadow_ratio,-0.09287137749081442,50
2023-12-27,lower_shadow_ratio,0.09272509003601441,50
2023-12-28,lower_shadow_ratio,0.11394957983193275,50
2023-12-29,lower_shadow_ratio,-0.21229291716686674,50
2022-01-03,body_ratio,0.06489795918367347,49
2022-01-04,body_ratio,-0.02020408163265306,49
2022-01-05,body_ratio,-0.03948979591836734,49
2022-01-06,body_ratio,-0.23020408163265305,49
2022-01-07,body_ratio,-0.08928571428571427,49
2022-01-10,body_ratio,-0.08928571428571427,49
2022-01-11,body_ratio,-0.1223469387755102,49
2022-01-12,body_ratio,0.1140816326530612,49
2022-01-13,body_ratio,0.041734693877551014,49
2022-01-14,body_ratio,0.026224489795918363,49
2022-01-17,body_ratio,-0.28112244897959177,49
2022-01-18,body_ratio,0.1714285714285714,49
2022-01-19,body_ratio,-0.20122448979591834,49
2022-01-20,body_ratio,0.046938775510204075,49
2022-01-21,body_ratio,-0.1433673469387755,49
2022-01-24,body_ratio,-0.18428571428571427,49
2022-01-25,body_ratio,0.4814285714285713,49
2022-01-27,body_ratio,-0.003775510204081632,49
2022-01-28,body_ratio,-0.015714285714285712,49
2022-01-31,body_ratio,0.04265306122448979,49
2022-02-01,body_ratio,-0.2994897959183673,49
2022-02-02,body_ratio,-0.06459183673469387,49
2022-02-03,body_ratio,-0.17153061224489793,49
2022-02-04,body_ratio,-0.0059183673469387745,49
2022-02-07,body_ratio,0.09265306122448978,49
2022-02-08,body_ratio,-0.28928571428571426,49
2022-02-09,body_ratio,-0.3549999999999999,49
2022-02-10,body_ratio,-0.02290874767958904,49
2022-02-11,body_ratio,0.1404081632653061,49
2022-02-14,body_ratio,-0.06857142857142856,49
2022-02-15,body_ratio,-0.2556122448979592,49
2022-02-16,body_ratio,-0.21397959183673468,49
2022-02-17,body_ratio,-0.008061224489795918,49
2022-02-18,body_ratio,-0.075,49
2022-02-21,body_ratio,-0.09489795918367347,49
2022-02-22,body_ratio,0.21959183673469382,49
2022-02-23,body_ratio,-0.008673469387755102,49
2022-02-24,body_ratio,0.2978571428571428,49
2022-02-25,body_ratio,0.28306122448979587,49
2022-02-28,body_ratio,0.3223469387755102,49
2022-03-02,body_ratio,-0.34704081632653055,49
2022-03-03,body_ratio,-0.08214285714285713,49
2022-03-04,body_ratio,0.0583673469387755,49
2022-03-07,body_ratio,-0.0680612244897959,49
2022-03-08,body_ratio,-0.3146938775510204,49
2022-03-09,body_ratio,-0.06857142857142856,49
2022-03-10,body_ratio,-0.28214285714285714,49
2022-03-11,body_ratio,-0.15520408163265306,49
2022-03-14,body_ratio,0.014285714285714284,49
2022-03-15,body_ratio,0.15244897959183673,49
2022-03-16,body_ratio,-0.057653061224489786,49
2022-03-17,body_ratio,0.22826530612244894,49
2022-03-21,body_ratio,-0.018469387755102037,49
2022-03-22,body_ratio,0.07846938775510202,49
2022-03-23,body_ratio,-0.2970408163265306,49
2022-03-24,body_ratio,-0.24183673469387756,49
2022-03-25,body_ratio,-0.10775510204081633,49
2022-03-28,body_ratio,-0.11061224489795918,49
2022-03-29,body_ratio,-0.2861224489795918,49
2022-03-30,body_ratio,0.10336734693877549,49
2022-03-31,body_ratio,-0.13357142857142856,49
2022-04-01,body_ratio,0.07326530612244898,49
2022-04-04,body_ratio,0.1354081632653061,49
2022-04-05,body_ratio,-0.21663265306122448,49
2022-04-06,body_ratio,0.12,49
2022-04-07,body_ratio,-0.0680612244897959,49
2022-04-08,body_ratio,0.18387755102040815,49
2022-04-11,body_ratio,-0.1363265306122449,49
2022-04-12,body_ratio,-0.10806122448979592,49
2022-04-13,body_ratio,-0.1007142857142857,49
2022-04-18,body_ratio,-0.23061224489795915,49
2022-04-19,body_ratio,0.10336734693877549,49
2022-04-20,body_ratio,0.004897959183673469,49
2022-04-21,body_ratio,0.0013265306122448978,49
2022-04-22,body_ratio,0.250204081632653,49
2022-04-25,body_ratio,0.0639795918367347,49
2022-04-26,body_ratio,-0.31622448979591833,49
2022-04-27,body_ratio,0.043979591836734694,49
2022-04-28,body_ratio,-0.14785714285714285,49
2022-04-29,body_ratio,-0.16346938775510203,49
2022-05-02,body_ratio,-0.20112244897959183,49
2022-05-04,body_ratio,-0.22163265306122445,49
2022-05-05,body_ratio,-0.2513265306122449,49
2022-05-06,body_ratio,-0.16999999999999996,49
2022-05-09,body_ratio,-0.05255102040816326,49
2022-05-10,body_ratio,0.1330612244897959,49
2022-05-11,body_ratio,-0.04285714285714285,49
2022-05-12,body_ratio,-0.23673469387755097,49
2022-05-13,body_ratio,-0.02173469387755102,49
2022-05-16,body_ratio,0.08591836734693876,49
2022-05-17,body_ratio,-0.14295918367346938,49
2022-05-18,body_ratio,-0.035816326530612244,49
2022-05-19,body_ratio,-0.18816326530612243,49
2022-05-20,body_ratio,-0.05061224489795918,49
2022-05-23,body_ratio,-0.1430612244897959,49
2022-05-24,body_ratio,-0.026836734693877547,49
2022-05-25,body_ratio,-0.015918367346938776,49
2022-05-26,body_ratio,-0.002040816326530612,49
2022-05-27,body_ratio,0.09857142857142856,49
2022-05-30,body_ratio,-0.060816326530612246,49
2022-05-31,body_ratio,0.2160204081632653,49
2022-06-01,body_ratio,0.11377551020408162,49
2022-06-02,body_ratio,-0.0022448979591836735,49
2022-06-03,body_ratio,0.24040816326530606,49
2022-06-06,body_ratio,0.09448979591836733,49
2022-06-07,body_ratio,0.24193877551020404,49
2022-06-08,body_ratio,0.09979591836734694,49
2022-06-09,body_ratio,-0.2977551020408163,49
2022-06-10,body_ratio,0.21061224489795918,49
2022-06-13,body_ratio,0.08928571428571427,49
2022-06-14,body_ratio,-0.03642857142857142,49
2022-06-15,body_ratio,-0.22326530612244896,49
2022-06-16,body_ratio,0.24346938775510202,49
2022-06-17,body_ratio,0.4749999999999999,49
2022-06-20,body_ratio,-0.05795918367346938,49
2022-06-21,body_ratio,-0.2988775510204081,49
2022-06-22,body_ratio,-0.19438775510204082,49
2022-06-23,body_ratio,-0.1046938775510204,49
2022-06-24,body_ratio,-0.004489795918367347,49
2022-06-27,body_ratio,-0.3258163265306122,49
2022-06-28,body_ratio,0.08122448979591836,49
2022-06-29,body_ratio,0.11122448979591835,49
2022-06-30,body_ratio,0.2183673469387755,49
2022-07-01,body_ratio,0.05051020408163265,49
2022-07-04,body_ratio,-0.07693877551020407,49
2022-07-05,body_ratio,0.022653061224489793,49
2022-07-06,body_ratio,-0.29826530612244895,49
2022-07-07,body_ratio,-0.1814285714285714,49
2022-07-08,body_ratio,-0.03295918367346938,49
2022-07-11,body_ratio,-0.012551020408163265,49
2022-07-12,body_ratio,0.03724489795918367,49
2022-07-13,body_ratio,0.07653061224489796,49
2022-07-14,body_ratio,-0.36520408163265305,49
2022-07-15,body_ratio,-0.20714285714285713,49
2022-07-18,body_ratio,0.16040816326530613,49
2022-07-19,body_ratio,-0.05653061224489796,49
2022-07-20,body_ratio,-0.09581632653061223,49
2022-07-21,body_ratio,-0.17591836734693878,49
2022-07-22,body_ratio,0.10867346938775509,49
2022-07-25,body_ratio,-0.07663265306122448,49
2022-07-26,body_ratio,0.10397959183673468,49
2022-07-27,body_ratio,-0.21346938775510202,49
2022-07-28,body_ratio,0.06214285714285714,49
2022-07-29,body_ratio,-0.1757142857142857,49
2022-08-01,body_ratio,-0.10214285714285712,49
2022-08-02,body_ratio,-0.04755102040816325,49
2022-08-03,body_ratio,0.20020408163265305,49
2022-08-04,body_ratio,0.04234693877551019,49
2022-08-05,body_ratio,0.19948979591836732,49
2022-08-08,body_ratio,0.15663265306122448,49
2022-08-10,body_ratio,0.0633673469387755,49
2022-08-11,body_ratio,0.1607142857142857,49
2022-08-12,body_ratio,-0.0031632653061224487,49
2022-08-16,body_ratio,0.11448979591836735,49
2022-08-17,body_ratio,-0.09020408163265305,49
2022-08-18,body_ratio,0.25255102040816324,49
2022-08-19,body_ratio,-0.13183673469387752,49
2022-08-22,body_ratio,-0.021224489795918365,49
2022-08-23,body_ratio,-0.5024489795918367,49
2022-08-24,body_ratio,-0.09785714285714284,49
2022-08-25,body_ratio,0.20755102040816326,49
2022-08-26,body_ratio,0.145,49
2022-08-29,body_ratio,-0.16857142857142854,49
2022-08-30,body_ratio,-0.005816326530612244,49
2022-09-01,body_ratio,0.13887755102040814,49
2022-09-02,body_ratio,-0.12755102040816327,49
2022-09-05,body_ratio,0.1476530612244898,49
2022-09-06,body_ratio,-0.025204081632653058,49
2022-09-07,body_ratio,-0.22193877551020405,49
2022-09-08,body_ratio,-0.054387755102040816,49
2022-09-09,body_ratio,0.03265389424262135,49
2022-09-12,body_ratio,0.12342596613113331,48
2022-09-13,body_ratio,-0.09193877551020407,49
2022-09-14,body_ratio,0.04989795918367347,49
2022-09-15,body_ratio,-0.1223469387755102,49
2022-09-16,body_ratio,0.10112244897959183,49
2022-09-19,body_ratio,-0.16673469387755102,49
2022-09-20,body_ratio,0.10816326530612244,49
2022-09-21,body_ratio,0.19857142857142854,49
2022-09-22,body_ratio,0.005408163265306122,49
2022-09-23,body_ratio,-0.2633673469387755,49
2022-09-26,body_ratio,-0.15081632653061225,49
2022-09-27,body_ratio,0.054387755102040816,49
2022-09-28,body_ratio,0.11163265306122448,49
2022-09-29,body_ratio,-0.19795918367346935,49
2022-09-30,body_ratio,-0.028061224489795915,49
2022-10-03,body_ratio,0.18346938775510202,49
2022-10-04,body_ratio,0.0733673469387755,49
2022-10-06,body_ratio,-0.16336734693877547,49
2022-10-07,body_ratio,0.03448979591836734,49
2022-10-10,body_ratio,-0.3876530612244898,49
2022-10-11,body_ratio,0.16285714285714284,49
2022-10-12,body_ratio,0.20775510204081632,49
2022-10-13,body_ratio,0.08418367346938775,49
2022-10-14,body_ratio,0.0736734693877551,49
2022-10-17,body_ratio,-0.09122448979591836,49
2022-10-18,body_ratio,0.17275510204081632,49
2022-10-19,body_ratio,0.21561224489795913,49
2022-10-20,body_ratio,-0.12448979591836733,49
2022-10-21,body_ratio,0.016836734693877548,49
2022-10-24,body_ratio,-0.03506296135475467,48
2022-10-25,body_ratio,-0.46020408163265303,49
2022-10-27,body_ratio,-0.13153061224489795,49
2022-10-28,body_ratio,-0.15040816326530612,49
2022-10-31,body_ratio,-0.007959386721638954,49
2022-11-01,body_ratio,0.014387755102040815,49
2022-11-02,body_ratio,0.021428571428571425,49
2022-11-03,body_ratio,0.03704081632653061,49
2022-11-04,body_ratio,-0.0017346938775510202,49
2022-11-07,body_ratio,0.06999999999999999,49
2022-11-09,body_ratio,-0.33408163265306123,49
2022-11-10,body_ratio,0.053775510204081625,49
2022-11-11,body_ratio,-0.06540816326530612,49
2022-11-14,body_ratio,-0.1540816326530612,49
2022-11-15,body_ratio,0.002040816326530612,49
2022-11-16,body_ratio,-0.05428571428571428,49
2022-11-17,body_ratio,-0.30326530612244895,49
2022-11-18,body_ratio,0.06479591836734692,49
2022-11-21,body_ratio,-0.0360204081632653,49
2022-11-22,body_ratio,-0.23224489795918365,49
2022-11-23,body_ratio,0.22989795918367345,49
2022-11-24,body_ratio,0.05724489795918367,49
2022-11-25,body_ratio,-0.10091836734693876,49
2022-11-28,body_ratio,0.008979591836734694,49
2022-11-29,body_ratio,-0.10030612244897957,49
2022-11-30,body_ratio,-0.13122448979591836,49
2022-12-01,body_ratio,-0.1880612244897959,49
2022-12-02,body_ratio,-0.15010204081632653,49
2022-12-05,body_ratio,-0.2820408163265306,49
2022-12-06,body_ratio,0.3745918367346938,49
2022-12-07,body_ratio,-0.20928571428571427,49
2022-12-08,body_ratio,-0.07326530612244898,49
2022-12-09,body_ratio,0.15459183673469387,49
2022-12-12,body_ratio,-0.2937755102040816,49
2022-12-13,body_ratio,-0.16459183673469385,49
2022-12-14,body_ratio,-0.13418367346938775,49
2022-12-15,body_ratio,-0.00846938775510204,49
2022-12-16,body_ratio,0.15010204081632653,49
2022-12-19,body_ratio,-0.45897959183673465,49
2022-12-20,body_ratio,-0.09214285714285714,49
2022-12-21,body_ratio,-0.12816326530612243,49
2022-12-22,body_ratio,-0.10459183673469387,49
2022-12-23,body_ratio,0.5932653061224489,49
2022-12-26,body_ratio,-0.23306122448979588,49
2022-12-27,body_ratio,-0.13153061224489795,49
2022-12-28,body_ratio,-0.13755102040816325,49
2022-12-29,body_ratio,0.027551020408163266,49
2022-12-30,body_ratio,0.04040816326530612,49
2023-01-02,body_ratio,-0.1313265306122449,49
2023-01-03,body_ratio,0.09683673469387753,49
2023-01-04,body_ratio,0.10255102040816326,49
2023-01-05,body_ratio,-0.055409576792948105,49
2023-01-06,body_ratio,0.20714285714285713,49
2023-01-09,body_ratio,0.10051020408163265,49
2023-01-10,body_ratio,-0.06306122448979591,49
2023-01-11,body_ratio,0.1874489795918367,49
2023-01-12,body_ratio,-0.2181632653061224,49
2023-01-13,body_ratio,-0.13887755102040814,49
2023-01-16,body_ratio,0.042755102040816326,49
2023-01-17,body_ratio,0.0021428571428571425,49
2023-01-18,body_ratio,-0.012755102040816325,49
2023-01-19,body_ratio,0.1611224489795918,49
2023-01-20,body_ratio,-0.14938775510204083,49
2023-01-23,body_ratio,0.3028571428571428,49
2023-01-24,body_ratio,0.008673469387755102,49
2023-01-25,body_ratio,-0.15724489795918364,49
2023-01-27,body_ratio,-0.08081632653061224,49
2023-01-30,body_ratio,-0.19306122448979587,49
2023-01-31,body_ratio,0.053367346938775505,49
2023-02-01,body_ratio,-0.18,49
2023-02-02,body_ratio,-0.03734693877551021,49
2023-02-03,body_ratio,-0.034897959183673465,49
2023-02-06,body_ratio,0.011938775510204083,49
2023-02-07,body_ratio,0.05989795918367346,49
2023-02-08,body_ratio,0.18285714285714283,49
2023-02-09,body_ratio,0.06448979591836734,49
2023-02-10,body_ratio,-0.1551020408163265,49
2023-02-13,body_ratio,0.07622448979591837,49
2023-02-14,body_ratio,-0.10734693877551019,49
2023-02-15,body_ratio,-0.10224489795918366,49
2023-02-16,body_ratio,-0.007959183673469388,49
2023-02-17,body_ratio,0.17520408163265302,49
2023-02-20,body_ratio,0.21897959183673468,49
2023-02-21,body_ratio,0.15346938775510202,49
2023-02-22,body_ratio,0.0683673469387755,49
2023-02-23,body_ratio,0.16938775510204077,49
2023-02-24,body_ratio,-0.11153061224489795,49
2023-02-27,body_ratio,0.06846938775510204,49
2023-02-28,body_ratio,0.002040816326530612,49
2023-03-01,body_ratio,0.029489795918367343,49
2023-03-02,body_ratio,0.11193877551020406,49
2023-03-03,body_ratio,-0.06622448979591836,49
2023-03-06,body_ratio,0.10142857142857141,49
2023-03-08,body_ratio,0.10867346938775509,49
2023-03-09,body_ratio,0.05989795918367346,49
2023-03-10,body_ratio,0.07081632653061223,49
2023-03-13,body_ratio,0.014591836734693876,49
2023-03-14,body_ratio,0.04714285714285714,49
2023-03-15,body_ratio,0.15693877551020405,49
2023-03-16,body_ratio,0.27836734693877546,49
2023-03-17,body_ratio,0.22428571428571425,49
2023-03-20,body_ratio,-0.08591836734693876,49
2023-03-21,body_ratio,0.36429500764424444,49
2023-03-22,body_ratio,0.039999999999999994,49
2023-03-23,body_ratio,0.13591836734693877,49
2023-03-24,body_ratio,0.04785714285714285,49
2023-03-27,body_ratio,-0.10540816326530611,49
2023-03-28,body_ratio,0.24387755102040812,49
2023-03-29,body_ratio,-0.15581632653061223,49
2023-03-31,body_ratio,-0.2731632653061224,49
2023-04-03,body_ratio,0.030153830464670656,49
2023-04-05,body_ratio,-0.12857142857142856,49
2023-04-06,body_ratio,0.15061224489795916,49
2023-04-10,body_ratio,-0.09693877551020408,49
2023-04-11,body_ratio,0.035306122448979585,49
2023-04-12,body_ratio,0.14561224489795918,49
2023-04-13,body_ratio,-0.14153061224489794,49
2023-04-17,body_ratio,0.14448979591836736,49
2023-04-18,body_ratio,-0.03091836734693877,49
2023-04-19,body_ratio,0.0006122448979591836,49
2023-04-20,body_ratio,-0.13887755102040814,49
2023-04-21,body_ratio,-0.07030612244897959,49
2023-04-24,body_ratio,0.013367346938775507,49
2023-04-25,body_ratio,-0.15581632653061223,49
2023-04-26,body_ratio,-0.34765306122448975,49
2023-04-27,body_ratio,0.09642857142857142,49
2023-04-28,body_ratio,-0.1446938775510204,49
2023-05-02,body_ratio,-0.11744897959183671,49
2023-05-03,body_ratio,0.04244897959183673,49
2023-05-04,body_ratio,-0.0951020408163265,49
2023-05-05,body_ratio,-0.042142857142857135,49
2023-05-08,body_ratio,-0.09193877551020407,49
2023-05-09,body_ratio,-0.002551020408163265,49
2023-05-10,body_ratio,-0.19336734693877547,49
2023-05-11,body_ratio,-0.29193877551020403,49
2023-05-12,body_ratio,-0.0004081632653061224,49
2023-05-15,body_ratio,-0.10744897959183673,49
2023-05-16,body_ratio,0.28316326530612246,49
2023-05-17,body_ratio,0.36999999999999994,49
2023-05-18,body_ratio,0.11765306122448978,49
2023-05-19,body_ratio,0.2437755102040816,49
2023-05-22,body_ratio,-0.19377551020408162,49
2023-05-23,body_ratio,-0.13142857142857142,49
2023-05-24,body_ratio,-0.0730612244897959,49
2023-05-25,body_ratio,-0.0807142857142857,49
2023-05-26,body_ratio,-0.10408163265306122,49
2023-05-29,body_ratio,-0.034897959183673465,49
2023-05-30,body_ratio,-0.03,49
2023-05-31,body_ratio,-0.0011224489795918367,49
2023-06-01,body_ratio,-0.04326530612244898,49
2023-06-02,body_ratio,0.06928571428571427,49
2023-06-05,body_ratio,0.15255102040816323,49
2023-06-06,body_ratio,-0.09061224489795917,49
2023-06-07,body_ratio,0.08142857142857142,49
2023-06-08,body_ratio,-0.07346938775510203,49
2023-06-09,body_ratio,0.06561224489795918,49
2023-06-12,body_ratio,-0.10193877551020408,49
2023-06-13,body_ratio,-0.015306122448979591,49
2023-06-14,body_ratio,0.07591836734693877,49
2023-06-15,body_ratio,0.12244897959183673,49
2023-06-16,body_ratio,0.17428571428571424,49
2023-06-19,body_ratio,0.10979591836734691,49
2023-06-20,body_ratio,0.15112244897959182,49
2023-06-21,body_ratio,0.37540816326530607,49
2023-06-22,body_ratio,0.09704081632653061,49
2023-06-23,body_ratio,0.233469387755102,49
2023-06-26,body_ratio,-0.16602040816326527,49
2023-06-27,body_ratio,-0.08489795918367346,49
2023-06-28,body_ratio,-0.14193877551020406,49
2023-06-30,body_ratio,-0.42581632653061224,49
2023-07-03,body_ratio,0.17653061224489794,49
2023-07-04,body_ratio,-0.02020408163265306,49
2023-07-05,body_ratio,-0.04551020408163265,49
2023-07-06,body_ratio,0.12959183673469385,49
2023-07-07,body_ratio,-0.043877551020408155,49
2023-07-10,body_ratio,0.01357142857142857,49
2023-07-11,body_ratio,0.261734693877551,49
2023-07-12,body_ratio,0.08444092964302864,49
2023-07-13,body_ratio,-0.024795918367346938,49
2023-07-14,body_ratio,0.050816326530612244,49
2023-07-17,body_ratio,-0.2770408163265306,49
2023-07-18,body_ratio,0.09153061224489796,49
2023-07-19,body_ratio,0.07295918367346939,49
2023-07-20,body_ratio,-0.07918367346938773,49
2023-07-21,body_ratio,0.2187755102040816,49
2023-07-24,body_ratio,-0.2278571428571428,49
2023-07-25,body_ratio,-0.15999999999999998,49
2023-07-26,body_ratio,-0.02448979591836735,49
2023-07-27,body_ratio,0.19816326530612244,49
2023-07-28,body_ratio,0.002551020408163265,49
2023-07-31,body_ratio,-0.21102040816326526,49
2023-08-01,body_ratio,0.04377551020408163,49
2023-08-02,body_ratio,0.18591836734693873,49
2023-08-03,body_ratio,-0.08816326530612244,49
2023-08-04,body_ratio,0.08081632653061224,49
2023-08-07,body_ratio,-0.03479591836734693,49
2023-08-08,body_ratio,0.3111224489795918,49
2023-08-09,body_ratio,0.2970408163265306,49
2023-08-10,body_ratio,-0.15234693877551017,49
2023-08-11,body_ratio,0.25448979591836735,49
2023-08-14,body_ratio,-0.03163265306122449,49
2023-08-16,body_ratio,-0.07938775510204081,49
2023-08-17,body_ratio,0.026530612244897955,49
2023-08-18,body_ratio,0.21897959183673468,49
2023-08-21,body_ratio,-0.08283313325330133,50
2023-08-22,body_ratio,0.043877551020408155,49
2023-08-23,body_ratio,0.036224489795918365,49
2023-08-24,body_ratio,-0.14520408163265305,49
2023-08-25,body_ratio,0.2221848739495798,50
2023-08-28,body_ratio,0.003793517406962785,50
2023-08-29,body_ratio,-0.04643457382953182,50
2023-08-30,body_ratio,0.05767106842737095,50
2023-08-31,body_ratio,0.09867947178871549,50
2023-09-01,body_ratio,0.4689075630252101,50
2023-09-04,body_ratio,0.20057623049219686,50
2023-09-05,body_ratio,0.19078031212484994,50
2023-09-06,body_ratio,-0.16840336134453782,50
2023-09-07,body_ratio,0.0060984393757503004,50
2023-09-08,body_ratio,0.020984393757503002,50
2023-09-11,body_ratio,-0.211812725090036,50
2023-09-12,body_ratio,0.11558223289315725,50
2023-09-13,body_ratio,-0.16240485970730834,50
2023-09-14,body_ratio,0.1140456182472989,50
2023-09-15,body_ratio,-0.02069627851140456,50
2023-09-18,body_ratio,-0.3241776710684274,50
2023-09-20,body_ratio,0.2571428571428571,50
2023-09-21,body_ratio,-0.10031212484993997,50
2023-09-22,body_ratio,-0.010804321728691477,50
2023-09-25,body_ratio,-0.009939975990396158,50
2023-09-26,body_ratio,-0.07466986794717888,50
2023-09-27,body_ratio,-0.0059063625450180065,50
2023-09-28,body_ratio,-0.17652284573745283,50
2023-09-29,body_ratio,-0.1735894357743097,50
2023-10-03,body_ratio,-0.08533013205282113,50
2023-10-04,body_ratio,0.2887394957983193,50
2023-10-05,body_ratio,0.27222088835534214,50
2023-10-06,body_ratio,0.2163265306122449,50
2023-10-09,body_ratio,-0.21623049219687873,50
2023-10-10,body_ratio,-0.09301320528211285,50
2023-10-11,body_ratio,-0.0017767106842737094,50
2023-10-12,body_ratio,0.022232893157262904,50
2023-10-13,body_ratio,-0.26088835534213684,50
2023-10-16,body_ratio,-0.015702280912364946,50
2023-10-17,body_ratio,0.1208192273872229,50
2023-10-18,body_ratio,0.025402160864345734,50
2023-10-19,body_ratio,-0.1673469387755102,50
2023-10-20,body_ratio,-0.09157262905162064,50
2023-10-23,body_ratio,0.3137094837935174,50
2023-10-25,body_ratio,-0.12921968787515006,50
2023-10-26,body_ratio,0.058727490996398554,50
2023-10-27,body_ratio,-0.200672268907563,50
2023-10-30,body_ratio,-0.2456182472989196,50
2023-10-31,body_ratio,-0.0015846338535414166,50
2023-11-01,body_ratio,0.3021848739495798,50
2023-11-02,body_ratio,0.07899159663865546,50
2023-11-03,body_ratio,0.07735894357743096,50
2023-11-06,body_ratio,0.02424969987995198,50
2023-11-07,body_ratio,0.12633853541416568,50
2023-11-08,body_ratio,-0.1797358943577431,50
2023-11-09,body_ratio,0.006002400960384154,50
2023-11-10,body_ratio,-0.18857142857142856,50
2023-11-13,body_ratio,0.06881152460984392,50
2023-11-15,body_ratio,-0.10194477791116446,50
2023-11-16,body_ratio,0.013013205282112843,50
2023-11-17,body_ratio,-0.011956782713085232,50
2023-11-20,body_ratio,0.21334933973589434,50
2023-11-21,body_ratio,0.08504201680672267,50
2023-11-22,body_ratio,0.03884753901560624,50
2023-11-23,body_ratio,-0.024537815126050418,50
2023-11-24,body_ratio,0.006002400960384154,50
2023-11-28,body_ratio,-0.0803361344537815,50
2023-11-29,body_ratio,0.01205282112845138,50
2023-11-30,body_ratio,-0.00849939975990396,50
2023-12-01,body_ratio,0.15342136854741897,50
2023-12-04,body_ratio,-0.24897959183673468,50
2023-12-05,body_ratio,-0.0008163265306122449,50
2023-12-06,body_ratio,0.18924369747899158,50
2023-12-07,body_ratio,0.03692677070828331,50
2023-12-08,body_ratio,-0.13546218487394956,50
2023-12-11,body_ratio,0.1156782713085234,50
2023-12-12,body_ratio,0.057478991596638655,50
2023-12-13,body_ratio,-0.09435774309723889,50
2023-12-14,body_ratio,-0.015606242496998797,50
2023-12-15,body_ratio,0.009267707082833133,50
2023-12-18,body_ratio,0.3254261704681872,50
2023-12-19,body_ratio,0.0005282112845138055,50
2023-12-20,body_ratio,0.12009603841536615,50
2023-12-21,body_ratio,-0.016566626650660263,50
2023-12-22,body_ratio,-0.18031212484993997,50
2023-12-26,body_ratio,0.11126050420168068,50
2023-12-27,body_ratio,0.006578631452581032,50
2023-12-28,body_ratio,-0.15563025210084033,50
2023-12-29,body_ratio,0.08725090036014405,50
2022-01-03,candle_direction,0.1798457606051794,49
2022-01-04,candle_direction,0.2813657169355688,49
2022-01-05,candle_direction,0.23947373603569982,49
2022-01-06,candle_direction,-0.18079567149113934,49
2022-01-07,candle_direction,-0.060621778264910706,49
2022-01-10,candle_direction,-0.05783149319662401,49
2022-01-11,candle_direction,-0.17204749383834228,49
2022-01-12,candle_direction,0.24661001260390525,49
2022-01-13,candle_direction,-0.1044465935734187,49
2022-01-14,candle_direction,0.10296097094754662,49
2022-01-17,candle_direction,0.005923488777590922,49
2022-01-18,candle_direction,-0.0660338179744218,49
2022-01-19,candle_direction,0.03194382824999699,49
2022-01-20,candle_direction,-0.018190171877724974,49
2022-01-21,candle_direction,0.23387383286073216,49
2022-01-24,candle_direction,-0.051052747024263094,49
2022-01-25,candle_direction,0.2861465445558277,49
2022-01-27,candle_direction,0.3233161507461904,49
2022-01-28,candle_direction,0.048507125007266595,49
2022-01-31,candle_direction,-0.33467711593388716,49
2022-02-01,candle_direction,0.06165812304904387,49
2022-02-02,candle_direction,-0.14288690166235202,49
2022-02-03,candle_direction,-0.07627700713964738,49
2022-02-04,candle_direction,0.13735846147498706,49
2022-02-07,candle_direction,-0.17888543819998318,49
2022-02-08,candle_direction,-0.07046642634176442,49
2022-02-09,candle_direction,-0.339934634239519,49
2022-02-10,candle_direction,-0.10019588657362392,49
2022-02-11,candle_direction,-0.04308202184276645,49
2022-02-14,candle_direction,-0.041502867831964475,49
2022-02-15,candle_direction,-0.32819623087026273,49
2022-02-16,candle_direction,-0.2178900561178135,49
2022-02-17,candle_direction,-0.12298373876248844,49
2022-02-18,candle_direction,0.26564799684000673,49
2022-02-21,candle_direction,0.005872202195147035,49
2022-02-22,candle_direction,0.10807661891248983,49
2022-02-23,candle_direction,-0.09731762800603352,49
2022-02-24,candle_direction,-0.10488088481701514,49
2022-02-25,candle_direction,0.1936800498825009,49
2022-02-28,candle_direction,-0.008804509063256239,49
2022-03-02,candle_direction,0.25952927036631285,49
2022-03-03,candle_direction,0.19671558577828321,49
2022-03-04,candle_direction,0.17540537464554914,49
2022-03-07,candle_direction,0.05181369597808181,49
2022-03-08,candle_direction,0.17292861596651865,49
2022-03-09,candle_direction,0.08725028717782315,49
2022-03-10,candle_direction,-0.04383570037596047,49
2022-03-11,candle_direction,0.15694165099864923,49
2022-03-14,candle_direction,0.23170298770150527,49
2022-03-15,candle_direction,-0.17888543819998318,49
2022-03-16,candle_direction,-0.2614881801842453,49
2022-03-17,candle_direction,-0.060633906259083235,49
2022-03-21,candle_direction,-0.13227806207094792,49
2022-03-22,candle_direction,-0.11067431421857193,49
2022-03-23,candle_direction,0.3856950657717619,49
2022-03-24,candle_direction,0.17888543819998318,49
2022-03-25,candle_direction,-0.030202022484631098,49
2022-03-28,candle_direction,-0.1379967515859553,49
2022-03-29,candle_direction,0.043373619897468026,49
2022-03-30,candle_direction,-0.07794228634059948,49
2022-03-31,candle_direction,0.03523321317088221,49
2022-04-01,candle_direction,0.031127150873973358,49
2022-04-04,candle_direction,0.057735026918962574,49
2022-04-05,candle_direction,0.16329931618554522,49
2022-04-06,candle_direction,-0.13301243435223523,49
2022-04-07,candle_direction,-0.06415330278717847,49
2022-04-08,candle_direction,0.10704367377936407,49
2022-04-11,candle_direction,-0.011547005383792514,49
2022-04-12,candle_direction,-0.2831104292524652,49
2022-04-13,candle_direction,0.0594913076530892,49
2022-04-18,candle_direction,-0.2671851998791901,49
2022-04-19,candle_direction,-0.10011357187078719,49
2022-04-20,candle_direction,0.24926026923314878,49
2022-04-21,candle_direction,-0.08300573566392895,49
2022-04-22,candle_direction,0.02728525781658746,49
2022-04-25,candle_direction,-0.0031311214554257476,49
2022-04-26,candle_direction,-0.008674723979493603,49
2022-04-27,candle_direction,-0.19965487463499915,49
2022-04-28,candle_direction,0.18371173070873836,49
2022-04-29,candle_direction,0.20124611797498107,49
2022-05-02,candle_direction,-0.06154574548966635,49
2022-05-04,candle_direction,0.10013879257199867,49
2022-05-05,candle_direction,0.07519206177414045,49
2022-05-06,candle_direction,-0.22805335632990215,49
2022-05-09,candle_direction,0.3887734316343918,49
2022-05-10,candle_direction,0.10860901604998976,49
2022-05-11,candle_direction,-0.13401269234442573,49
2022-05-12,candle_direction,0.003022597378771466,49
2022-05-13,candle_direction,-0.006388765649999398,49
2022-05-16,candle_direction,-0.17117636168976955,49
2022-05-17,candle_direction,-0.04216370213557839,49
2022-05-18,candle_direction,0.15104896382856853,49
2022-05-19,candle_direction,-0.354708351615637,49
2022-05-20,candle_direction,-0.10332700802904968,49
2022-05-23,candle_direction,-0.16329931618554522,49
2022-05-24,candle_direction,0.18304172612897177,49
2022-05-25,candle_direction,0.0659828879073858,49
2022-05-26,candle_direction,-0.062196632164704696,49
2022-05-27,candle_direction,-0.040824829046386304,49
2022-05-30,candle_direction,0.019166296949998197,49
2022-05-31,candle_direction,0.05331139899831831,49
2022-06-01,candle_direction,-0.2061782473903823,49
2022-06-02,candle_direction,0.08725028717782315,49
2022-06-03,candle_direction,-0.2580712407575134,49
2022-06-06,candle_direction,0.18954384914393635,49
2022-06-07,candle_direction,-0.18568283301941102,49
2022-06-08,candle_direction,-0.27248048376918244,49
2022-06-09,candle_direction,-0.06269527317837895,49
2022-06-10,candle_direction,0.3323470256441983,49
2022-06-13,candle_direction,-0.15405143917850414,49
2022-06-14,candle_direction,0.0637598252453323,49
2022-06-15,candle_direction,0.02916059217599021,49
2022-06-16,candle_direction,-0.06123724356957945,49
2022-06-17,candle_direction,-0.26111648393354675,49
2022-06-20,candle_direction,-0.31624107498618437,49
2022-06-21,candle_direction,-0.11547005383792515,49
2022-06-22,candle_direction,0.1396424004376894,49
2022-06-23,candle_direction,0.20189094663055818,49
2022-06-24,candle_direction,-0.08096409047527364,49
2022-06-27,candle_direction,-0.07404360971988654,49
2022-06-28,candle_direction,0.2943254168100203,49
2022-06-29,candle_direction,-0.33467711593388716,49
2022-06-30,candle_direction,-0.2786698095328915,49
2022-07-01,candle_direction,-0.06537204504606133,49
2022-07-04,candle_direction,-0.20805837711634753,49
2022-07-05,candle_direction,-0.1046277673324328,49
2022-07-06,candle_direction,-0.07718294634961279,49
2022-07-07,candle_direction,-0.10120511309409204,49
2022-07-08,candle_direction,0.06123724356957945,49
2022-07-11,candle_direction,0.07985957062499248,49
2022-07-12,candle_direction,-0.18121213490778657,49
2022-07-13,candle_direction,0.26424909878161656,49
2022-07-14,candle_direction,0.18796510940315805,49
2022-07-15,candle_direction,-0.11157184170779366,49
2022-07-18,candle_direction,0.14248967970884563,49
2022-07-19,candle_direction,0.01634301126151533,49
2022-07-20,candle_direction,-0.22999556339997837,49
2022-07-21,candle_direction,0.08593378488473194,49
2022-07-22,candle_direction,-0.1516350793151491,49
2022-07-25,candle_direction,-0.026244532958391194,49
2022-07-26,candle_direction,-0.25497721341265056,49
2022-07-27,candle_direction,-0.0686406472983644,49
2022-07-28,candle_direction,0.10776318121606494,49
2022-07-29,candle_direction,0.09706476511819817,49
2022-08-01,candle_direction,-0.014808721943977305,49
2022-08-02,candle_direction,0.026794370283268757,49
2022-08-03,candle_direction,0.11450794280536719,49
2022-08-04,candle_direction,-0.12924606552829937,49
2022-08-05,candle_direction,-0.22745261897272367,49
2022-08-08,candle_direction,0.07201579347479219,49
2022-08-10,candle_direction,-0.26602486870447045,49
2022-08-11,candle_direction,-0.02013468165642073,49
2022-08-12,candle_direction,-0.026024171938480813,49
2022-08-16,candle_direction,-0.08808303292720554,49
2022-08-17,candle_direction,0.026244532958391194,49
2022-08-18,candle_direction,-0.008703882797784892,49
2022-08-19,candle_direction,-0.004123930494211612,49
2022-08-22,candle_direction,0.19335101599064686,49
2022-08-23,candle_direction,-0.013206763594884359,49
2022-08-24,candle_direction,-0.2624453295839119,49
2022-08-25,candle_direction,0.05533715710928597,49
2022-08-26,candle_direction,-0.04029415677191514,49
2022-08-29,candle_direction,-0.10383665673571776,49
2022-08-30,candle_direction,-0.32504180333157684,49
2022-09-01,candle_direction,0.0,49
2022-09-02,candle_direction,0.2583950812573993,49
2022-09-05,candle_direction,-0.03638034375544995,49
2022-09-06,candle_direction,-0.040131478361487734,49
2022-09-07,candle_direction,-0.09805806756909202,49
2022-09-08,candle_direction,0.06639528095680695,49
2022-09-09,candle_direction,0.09270840810368192,49
2022-09-12,candle_direction,-0.006154255574894269,49
2022-09-13,candle_direction,0.031807321258143215,49
2022-09-14,candle_direction,0.010375716957991119,49
2022-09-15,candle_direction,0.1002560823655206,49
2022-09-16,candle_direction,-0.2097617696340303,49
2022-09-19,candle_direction,-0.052048343876961625,49
2022-09-20,candle_direction,-0.05959644690807759,49
2022-09-21,candle_direction,-0.14953902821290413,49
2022-09-22,candle_direction,-0.05627314338711377,49
2022-09-23,candle_direction,0.0,49
2022-09-26,candle_direction,0.294174202707276,49
2022-09-27,candle_direction,0.3415788874676483,49
2022-09-28,candle_direction,-0.17062503692543618,49
2022-09-29,candle_direction,-0.3318988742751292,49
2022-09-30,candle_direction,-0.010741723110591492,49
2022-10-03,candle_direction,-0.15226941784139092,49
2022-10-04,candle_direction,0.14055284429998677,49
2022-10-06,candle_direction,-0.16881943016134132,49
2022-10-07,candle_direction,-0.1632993161855452,49
2022-10-10,candle_direction,-0.20767331347143553,49
2022-10-11,candle_direction,-0.14446302370292302,49
2022-10-12,candle_direction,0.06445033866354896,49
2022-10-13,candle_direction,0.058834840541455206,49
2022-10-14,candle_direction,0.009534625892455923,49
2022-10-17,candle_direction,0.1288433535581,49
2022-10-18,candle_direction,0.0,49
2022-10-19,candle_direction,-0.22134862843714387,49
2022-10-20,candle_direction,-0.2729397809609434,49
2022-10-21,candle_direction,-0.10374488333026356,49
2022-10-24,candle_direction,0.20733666648629293,49
2022-10-25,candle_direction,0.3613328154330463,49
2022-10-27,candle_direction,-0.15171309218636836,49
2022-10-28,candle_direction,-0.0202072594216369,49
2022-10-31,candle_direction,0.20191538711653886,49
2022-11-01,candle_direction,0.17223626336483683,49
2022-11-02,candle_direction,-0.0686406472983644,49
2022-11-03,candle_direction,-0.08885397679137777,49
2022-11-04,candle_direction,0.30022213997860536,49
2022-11-07,candle_direction,-0.2662743477679748,49
2022-11-09,candle_direction,-0.026413527189768717,49
2022-11-10,candle_direction,0.17117446208200512,49
2022-11-11,candle_direction,0.22314368341558732,49
2022-11-14,candle_direction,0.17029386365926402,49
2022-11-15,candle_direction,-0.07253235664820742,49
2022-11-16,candle_direction,0.1975658322294524,49
2022-11-17,candle_direction,-0.032579188276750076,49
2022-11-18,candle_direction,0.23547178182112094,49
2022-11-21,candle_direction,0.030772872744833174,49
2022-11-22,candle_direction,0.0,49
2022-11-23,candle_direction,-0.012309149097933271,49
2022-11-24,candle_direction,-0.01037707562270757,49
2022-11-25,candle_direction,-0.18424393648086154,49
2022-11-28,candle_direction,-0.16164477182409742,49
2022-11-29,candle_direction,-0.014680505487867585,49
2022-11-30,candle_direction,-0.12838084656150386,49
2022-12-01,candle_direction,0.2724013747406086,49
2022-12-02,candle_direction,0.014967108502231239,49
2022-12-05,candle_direction,-0.164421661464117,49
2022-12-06,candle_direction,0.21650635094610965,49
2022-12-07,candle_direction,0.22557618532242138,49
2022-12-08,candle_direction,-0.09814954576223636,49
2022-12-09,candle_direction,-0.07453559924999298,49
2022-12-12,candle_direction,-0.3001378359824621,49
2022-12-13,candle_direction,0.01174440439029407,49
2022-12-14,candle_direction,-0.3120183362830953,49
2022-12-15,candle_direction,-0.22451498111303408,49
2022-12-16,candle_direction,-0.017292861596651863,49
2022-12-19,candle_direction,-0.37091268448543935,49
2022-12-20,candle_direction,-0.20241022618818408,49
2022-12-21,candle_direction,0.20497289793748072,49
2022-12-22,candle_direction,0.1443375672974064,49
2022-12-23,candle_direction,-0.21130821751814974,49
2022-12-26,candle_direction,0.3365739907985334,49
2022-12-27,candle_direction,-0.1703183294109396,49
2022-12-28,candle_direction,0.021221867190679138,49
2022-12-29,candle_direction,-0.20059719452116162,49
2022-12-30,candle_direction,-0.17638718828584904,49
2023-01-02,candle_direction,-0.2216205005375256,49
2023-01-03,candle_direction,0.07581753965757455,49
2023-01-04,candle_direction,-0.12784184532055998,49
2023-01-05,candle_direction,0.44820550623361394,49
2023-01-06,candle_direction,-0.057735026918962574,49
2023-01-09,candle_direction,-0.02187044413199266,49
2023-01-10,candle_direction,-0.009231861823449955,49
2023-01-11,candle_direction,0.015655607277128735,49
2023-01-12,candle_direction,0.16463819352454365,49
2023-01-13,candle_direction,-0.011973686801784993,49
2023-01-16,candle_direction,0.08370943146586568,49
2023-01-17,candle_direction,-0.28497935941769126,49
2023-01-18,candle_direction,0.2246419710372822,49
2023-01-19,candle_direction,-0.01443375672974064,49
2023-01-20,candle_direction,-0.09760860118037877,49
2023-01-23,candle_direction,0.1131504763712036,49
2023-01-24,candle_direction,0.09152086306448588,49
2023-01-25,candle_direction,0.20763488362498042,49
2023-01-27,candle_direction,-0.18618986725025252,49
2023-01-30,candle_direction,-0.21028385160447774,49
2023-01-31,candle_direction,0.07216878364870322,49
2023-02-01,candle_direction,0.1723280873710658,49
2023-02-02,candle_direction,-0.07505553499465134,49
2023-02-03,candle_direction,0.1538643637241659,49
2023-02-06,candle_direction,0.026111648393354676,49
2023-02-07,candle_direction,0.15342495131586162,49
2023-02-08,candle_direction,-0.03607302218298586,49
2023-02-09,candle_direction,-0.274109566454308,49
2023-02-10,candle_direction,-0.11258330249197702,49
2023-02-13,candle_direction,-0.3077287274483318,49
2023-02-14,candle_direction,0.17927762890953447,49
2023-02-15,candle_direction,0.03355780276070121,49
2023-02-16,candle_direction,0.2185197841325761,49
2023-02-17,candle_direction,0.01174440439029407,49
2023-02-20,candle_direction,-0.18259872372722113,49
2023-02-21,candle_direction,-0.18557687223952254,49
2023-02-22,candle_direction,-0.04290581651605166,49
2023-02-23,candle_direction,-0.18155994919451576,49
2023-02-24,candle_direction,0.18771452374348238,49
2023-02-27,candle_direction,0.12001420370484941,49
2023-02-28,candle_direction,-0.2459674775249768,49
2023-03-01,candle_direction,0.07027819284987273,49
2023-03-02,candle_direction,-0.04026936331284146,49
2023-03-03,candle_direction,-0.13470397652008118,49
2023-03-06,candle_direction,0.1972880100831242,49
2023-03-08,candle_direction,0.014426252826592587,49
2023-03-09,candle_direction,-0.09805806756909202,49
2023-03-10,candle_direction,0.21233282193934896,49
2023-03-13,candle_direction,0.0,49
2023-03-14,candle_direction,-0.1279671758152238,49
2023-03-15,candle_direction,0.02506402059138015,49
2023-03-16,candle_direction,-0.3290896534380867,49
2023-03-17,candle_direction,0.02478650334959168,49
2023-03-20,candle_direction,-0.04026936331284146,49
2023-03-21,candle_direction,0.11217558823795414,49
2023-03-22,candle_direction,0.11566298639324803,49
2023-03-23,candle_direction,-0.1452771337827816,49
2023-03-24,candle_direction,0.350317316474967,49
2023-03-27,candle_direction,0.0,49
2023-03-28,candle_direction,-0.21615323782497967,49
2023-03-29,candle_direction,-0.123950136601927,49
2023-03-31,candle_direction,0.08389450690175303,49
2023-04-03,candle_direction,-0.12188715343416485,49
2023-04-05,candle_direction,-0.26641453133971604,49
2023-04-06,candle_direction,-0.0748355425111562,49
2023-04-10,candle_direction,0.02095395190312374,49
2023-04-11,candle_direction,-0.13199565598628887,49
2023-04-12,candle_direction,-0.1364262890829373,49
2023-04-13,candle_direction,0.2923680376611194,49
2023-04-17,candle_direction,0.10680979980008073,49
2023-04-18,candle_direction,-0.2813816398419473,49
2023-04-19,candle_direction,-0.25544079548889603,49
2023-04-20,candle_direction,-0.023132597278649608,49
2023-04-21,candle_direction,-0.10177633781517242,49
2023-04-24,candle_direction,-0.06753032524419089,49
2023-04-25,candle_direction,-0.07228936649578002,49
2023-04-26,candle_direction,-0.21287232288472854,49
2023-04-27,candle_direction,0.02288021576612147,49
2023-04-28,candle_direction,-0.2516823734273361,49
2023-05-02,candle_direction,-0.10569963951264663,49
2023-05-03,candle_direction,-0.14168715833172885,49
2023-05-04,candle_direction,-0.21141415739241767,49
2023-05-05,candle_direction,-0.20253426600311597,49
2023-05-08,candle_direction,-0.08979991308594847,49
2023-05-09,candle_direction,-0.12871713311918867,49
2023-05-10,candle_direction,0.023132597278649608,49
2023-05-11,candle_direction,-0.011664236870396085,49
2023-05-12,candle_direction,0.16454482671904336,49
2023-05-15,candle_direction,0.05817236512443966,49
2023-05-16,candle_direction,-0.062254301747946716,49
2023-05-17,candle_direction,-0.1037571695799112,49
2023-05-18,candle_direction,0.05244044240850757,49
2023-05-19,candle_direction,-0.017349447958987206,49
2023-05-22,candle_direction,-0.2131521177840854,49
2023-05-23,candle_direction,0.06939779183594882,49
2023-05-24,candle_direction,-0.13624024188459122,49
2023-05-25,candle_direction,-0.10958454238543205,49
2023-05-26,candle_direction,0.08725028717782315,49
2023-05-29,candle_direction,-0.1327905619136139,49
2023-05-30,candle_direction,-0.11024918210527529,49
2023-05-31,candle_direction,0.011664236870396085,49
2023-06-01,candle_direction,-0.02332847374079217,49
2023-06-02,candle_direction,0.11566298639324803,49
2023-06-05,candle_direction,0.21028385160447774,49
2023-06-06,candle_direction,-0.18506077822919687,49
2023-06-07,candle_direction,0.10019588657362392,49
2023-06-08,candle_direction,0.36521858576011074,49
2023-06-09,candle_direction,-0.3046514401738485,49
2023-06-12,candle_direction,-0.2727216609972599,49
2023-06-13,candle_direction,0.15104896382856853,49
2023-06-14,candle_direction,-0.1616580753730952,49
2023-06-15,candle_direction,-0.09574271077563382,49
2023-06-16,candle_direction,-0.07579238282385405,49
2023-06-19,candle_direction,-0.21125365493914225,49
2023-06-20,candle_direction,0.18796510940315805,49
2023-06-21,candle_direction,-0.0007501500450150052,49
2023-06-22,candle_direction,0.23478713763747794,49
2023-06-23,candle_direction,-0.11074074911031402,49
2023-06-26,candle_direction,-0.23079654558624887,49
2023-06-27,candle_direction,-0.11067687440216113,49
2023-06-28,candle_direction,-0.009231861823449955,49
2023-06-30,candle_direction,-0.2182820625326997,49
2023-07-03,candle_direction,-0.11895306490306018,49
2023-07-04,candle_direction,-0.017616606585441105,49
2023-07-05,candle_direction,-0.21939310229205777,49
2023-07-06,candle_direction,0.25048971643405976,49
2023-07-07,candle_direction,-0.19938473739048707,49
2023-07-10,candle_direction,-0.22544074479065385,49
2023-07-11,candle_direction,0.22434545315860796,49
2023-07-12,candle_direction,-0.21898601873966503,49
2023-07-13,candle_direction,0.19805173514998137,49
2023-07-14,candle_direction,-0.10680979980008073,49
2023-07-17,candle_direction,-0.017496355305594128,49
2023-07-18,candle_direction,-0.10541463322499009,49
2023-07-19,candle_direction,0.030818249807428918,49
2023-07-20,candle_direction,0.041464421443136466,49
2023-07-21,candle_direction,-0.17559271836676216,49
2023-07-24,candle_direction,0.02031202828216906,49
2023-07-25,candle_direction,-0.20530180084801525,49
2023-07-26,candle_direction,0.2602417193848081,49
2023-07-27,candle_direction,0.0861640436855329,49
2023-07-28,candle_direction,-0.19457241052900612,49
2023-07-31,candle_direction,0.06669729688499157,49
2023-08-01,candle_direction,0.15260709905434877,49
2023-08-02,candle_direction,-0.20124611797498107,49
2023-08-03,candle_direction,-0.0532290647422377,49
2023-08-04,candle_direction,0.07144345083117602,49
2023-08-07,candle_direction,-0.11450794280536719,49
2023-08-08,candle_direction,-0.07873359887517357,49
2023-08-09,candle_direction,0.3075371921883995,49
2023-08-10,candle_direction,0.16268868772890535,49
2023-08-11,candle_direction,-0.09067792136314398,49
2023-08-14,candle_direction,-0.052048343876961625,49
2023-08-16,candle_direction,-0.1108102502687628,49
2023-08-17,candle_direction,-0.008808303292720553,49
2023-08-18,candle_direction,-0.3592106040535498,49
2023-08-21,candle_direction,0.04504233036389041,50
2023-08-22,candle_direction,0.06715101999305273,50
2023-08-23,candle_direction,-0.0012193736172050938,50
2023-08-24,candle_direction,0.019065447152407232,50
2023-08-25,candle_direction,-0.2555091730337945,50
2023-08-28,candle_direction,-0.1558446262510447,50
2023-08-29,candle_direction,0.07072482449833388,50
2023-08-30,candle_direction,0.23452893149823129,50
2023-08-31,candle_direction,-0.14692236470342696,50
2023-09-01,candle_direction,0.13549830799325563,50
2023-09-04,candle_direction,-0.26592534011373536,50
2023-09-05,candle_direction,-0.024966502630091272,50
2023-09-06,candle_direction,-0.4861891796687768,50
2023-09-07,candle_direction,0.018559368899764037,50
2023-09-08,candle_direction,0.01675206653558795,50
2023-09-11,candle_direction,0.19658084606641485,50
2023-09-12,candle_direction,0.09008466072778082,50
2023-09-13,candle_direction,-0.2719854503217008,50
2023-09-14,candle_direction,0.15739223074946332,50
2023-09-15,candle_direction,-0.031978606516421496,50
2023-09-18,candle_direction,0.37679140721522714,50
2023-09-20,candle_direction,-0.2711229682913996,50
2023-09-21,candle_direction,-0.03780400885892594,50
2023-09-22,candle_direction,-0.13848144486747016,50
2023-09-25,candle_direction,-0.10818817806372885,50
2023-09-26,candle_direction,-0.1988235100803597,50
2023-09-27,candle_direction,0.045882348480083004,50
2023-09-28,candle_direction,-0.1429762897859917,50
2023-09-29,candle_direction,-0.3327561323230812,50
2023-10-03,candle_direction,-0.14482090705558057,50
2023-10-04,candle_direction,0.08014449878092299,50
2023-10-05,candle_direction,-0.09709195467257715,50
2023-10-06,candle_direction,-0.14969028868848555,50
2023-10-09,candle_direction,-0.24689097045312483,50
2023-10-10,candle_direction,-0.25706726024069637,50
2023-10-11,candle_direction,0.1558446262510447,50
2023-10-12,candle_direction,-0.1122593464453884,50
2023-10-13,candle_direction,-0.03569585253333429,50
2023-10-16,candle_direction,0.19237152263546814,50
2023-10-17,candle_direction,0.18111672780526814,50
2023-10-18,candle_direction,-0.05392100965738487,50
2023-10-19,candle_direction,-0.41775523985850005,50
2023-10-20,candle_direction,0.12706029477530767,50
2023-10-23,candle_direction,-0.05543978583538453,50
2023-10-25,candle_direction,0.297972339330352,50
2023-10-26,candle_direction,0.20241105268128312,50
2023-10-27,candle_direction,-0.19137443266778187,50
2023-10-30,candle_direction,-0.057005342051012216,50
2023-10-31,candle_direction,-0.045347960795181795,50
2023-11-01,candle_direction,-0.1419874823019027,50
2023-11-02,candle_direction,-0.02779391145511142,50
2023-11-03,candle_direction,-0.042434894699000324,50
2023-11-06,candle_direction,0.0015121603543570377,50
2023-11-07,candle_direction,-0.19071326382786352,50
2023-11-08,candle_direction,-0.20250607688851807,50
2023-11-09,candle_direction,0.086307409255346,50
2023-11-10,candle_direction,-0.21985673028489292,50
2023-11-13,candle_direction,-0.024269943945845283,50
2023-11-15,candle_direction,0.06380328449912215,50
2023-11-16,candle_direction,-0.07817631049941043,50
2023-11-17,candle_direction,-0.26937344401228497,50
2023-11-20,candle_direction,-0.16822630617567438,50
2023-11-21,candle_direction,0.024966502630091272,50
2023-11-22,candle_direction,-0.26908341723542817,50
2023-11-23,candle_direction,0.0386011731127542,50
2023-11-24,candle_direction,-0.19345103425517032,50
2023-11-28,candle_direction,-0.24329339627426858,50
2023-11-29,candle_direction,-0.20590786308713294,50
2023-11-30,candle_direction,-0.10136270706794206,50
2023-12-01,candle_direction,0.10421799459098267,50
2023-12-04,candle_direction,-0.0429634535778647,50
2023-12-05,candle_direction,-0.17753957425842684,50
2023-12-06,candle_direction,-0.22809898068893217,50
2023-12-07,candle_direction,-0.08203207758560295,50
2023-12-08,candle_direction,-0.24412708321997312,50
2023-12-11,candle_direction,0.11289940203818825,50
2023-12-12,candle_direction,-0.2033344048558151,50
2023-12-13,candle_direction,-0.3983126094641667,50
2023-12-14,candle_direction,0.21360230027966975,50
2023-12-15,candle_direction,-0.15924498796647396,50
2023-12-18,candle_direction,0.007020028209506518,50
2023-12-19,candle_direction,0.004171122589098455,50
2023-12-20,candle_direction,-0.09901475429766743,50
2023-12-21,candle_direction,0.19371621988023455,50
2023-12-22,candle_direction,0.0528228191762515,50
2023-12-26,candle_direction,-0.16359427308697483,50
2023-12-27,candle_direction,-0.1395383326303068,50
2023-12-28,candle_direction,-0.408698719374932,50
2023-12-29,candle_direction,-0.14147684823718387,50
2022-01-03,consecutive_up_days,,49
2022-01-04,consecutive_up_days,0.26846242208560966,49
2022-01-05,consecutive_up_days,0.16537483850121315,49
2022-01-06,consecutive_up_days,-0.16684437347997327,49
2022-01-07,consecutive_up_days,-0.08043707468382533,49
2022-01-10,consecutive_up_days,0.12882700147462595,49
2022-01-11,consecutive_up_days,-0.13547327761292752,49
2022-01-12,consecutive_up_days,-0.007833639855901124,49
2022-01-13,consecutive_up_days,-0.06257858192017696,49
2022-01-14,consecutive_up_days,0.08293563661707262,49
2022-01-17,consecutive_up_days,-0.13402601417179022,49
2022-01-18,consecutive_up_days,-0.054709668620195114,49
2022-01-19,consecutive_up_days,-0.005251953794012969,49
2022-01-20,consecutive_up_days,0.0386288733773003,49
2022-01-21,consecutive_up_days,0.10489537706549418,49
2022-01-24,consecutive_up_days,-0.051052747024263094,49
2022-01-25,consecutive_up_days,0.4655931279393132,49
2022-01-27,consecutive_up_days,0.11255239970154013,49
2022-01-28,consecutive_up_days,-0.059352295612617484,49
2022-01-31,consecutive_up_days,-0.08893402230170787,49
2022-02-01,consecutive_up_days,0.2202223520538882,49
2022-02-02,consecutive_up_days,-0.002601275145461535,49
2022-02-03,consecutive_up_days,-0.09736420272543685,49
2022-02-04,consecutive_up_days,0.02515101075179156,49
2022-02-07,consecutive_up_days,-0.19730158730158726,49
2022-02-08,consecutive_up_days,0.04854017938144723,49
2022-02-09,consecutive_up_days,-0.1738794726575657,49
2022-02-10,consecutive_up_days,-0.17231881818420644,49
2022-02-11,consecutive_up_days,-0.303281078625599,49
2022-02-14,consecutive_up_days,-0.09185586535436918,49
2022-02-15,consecutive_up_days,-0.22421133281768532,49
2022-02-16,consecutive_up_days,0.014939162531478898,49
2022-02-17,consecutive_up_days,-0.17194012962331,49
2022-02-18,consecutive_up_days,-0.06552665820996759,49
2022-02-21,consecutive_up_days,0.02178551004751495,49
2022-02-22,consecutive_up_days,0.07257270038184675,49
2022-02-23,consecutive_up_days,0.07389464418687292,49
2022-02-24,consecutive_up_days,,49
2022-02-25,consecutive_up_days,0.160451490647684,49
2022-02-28,consecutive_up_days,0.35332067120206745,49
2022-03-02,consecutive_up_days,0.19684753612769082,49
2022-03-03,consecutive_up_days,-0.004291081494186505,49
2022-03-04,consecutive_up_days,0.15625446853513683,49
2022-03-07,consecutive_up_days,-0.17692753787507637,49
2022-03-08,consecutive_up_days,-0.04950589500321405,49
2022-03-09,consecutive_up_days,-0.022913263493993738,49
2022-03-10,consecutive_up_days,0.03145583926864405,49
2022-03-11,consecutive_up_days,0.24917093227977907,49
2022-03-14,consecutive_up_days,0.28908559695307107,49
2022-03-15,consecutive_up_days,-0.1391893561183281,49
2022-03-16,consecutive_up_days,0.17344878627027982,49
2022-03-17,consecutive_up_days,-0.16355691232990213,49
2022-03-21,consecutive_up_days,-0.2897917176966589,49
2022-03-22,consecutive_up_days,-0.046817121465632404,49
2022-03-23,consecutive_up_days,0.35014129658974386,49
2022-03-24,consecutive_up_days,-0.06791599404885805,49
2022-03-25,consecutive_up_days,-0.0015675580495465417,49
2022-03-28,consecutive_up_days,-0.09345914438641725,49
2022-03-29,consecutive_up_days,0.0837592307525045,49
2022-03-30,consecutive_up_days,-0.003570656454119488,49
2022-03-31,consecutive_up_days,0.10229927986645658,49
2022-04-01,consecutive_up_days,0.03158609460687357,49
2022-04-04,consecutive_up_days,0.20899467897101257,49
2022-04-05,consecutive_up_days,0.30442309945927987,49
2022-04-06,consecutive_up_days,-0.2927741687393542,49
2022-04-07,consecutive_up_days,-0.1098367406187518,49
2022-04-08,consecutive_up_days,-0.02518717071610622,49
2022-04-11,consecutive_up_days,-0.050476464779996864,49
2022-04-12,consecutive_up_days,-0.2611622855808054,49
2022-04-13,consecutive_up_days,0.10323156428094869,49
2022-04-18,consecutive_up_days,-0.19916703726799723,49
2022-04-19,consecutive_up_days,-0.23625813319070427,49
2022-04-20,consecutive_up_days,0.315259827623023,49
2022-04-21,consecutive_up_days,0.0870580950835849,49
2022-04-22,consecutive_up_days,0.039707558624362246,49
2022-04-25,consecutive_up_days,-0.15004892199483755,49
2022-04-26,consecutive_up_days,-0.06234999618210321,49
2022-04-27,consecutive_up_days,-0.24194565669712598,49
2022-04-28,consecutive_up_days,0.13516493189081227,49
2022-04-29,consecutive_up_days,0.15803431031908452,49
2022-05-02,consecutive_up_days,-0.07895173335778366,49
2022-05-04,consecutive_up_days,0.08865700523995468,49
2022-05-05,consecutive_up_days,0.2707901294986724,49
2022-05-06,consecutive_up_days,-0.21159119700415074,49
2022-05-09,consecutive_up_days,0.24270898522809614,49
2022-05-10,consecutive_up_days,0.1639596447257209,49
2022-05-11,consecutive_up_days,-0.22063614000044374,49
2022-05-12,consecutive_up_days,-0.11226827987756231,49
2022-05-13,consecutive_up_days,-0.11547005383792512,49
2022-05-16,consecutive_up_days,0.2185512153082719,49
2022-05-17,consecutive_up_days,-0.08434178124956442,49
2022-05-18,consecutive_up_days,0.1707279033265047,49
2022-05-19,consecutive_up_days,-0.1063884062879456,49
2022-05-20,consecutive_up_days,-0.22148131854490496,49
2022-05-23,consecutive_up_days,-0.04074079235906323,49
2022-05-24,consecutive_up_days,0.13452141514169932,49
2022-05-25,consecutive_up_days,-0.10603462818327475,49
2022-05-26,consecutive_up_days,-0.08100383817892234,49
2022-05-27,consecutive_up_days,0.14041398670115762,49
2022-05-30,consecutive_up_days,-0.21434603866565485,49
2022-05-31,consecutive_up_days,-0.20988529749135879,49
2022-06-01,consecutive_up_days,-0.13782454937561828,49
2022-06-02,consecutive_up_days,-0.10288227275824414,49
2022-06-03,consecutive_up_days,-0.3299884729365558,49
2022-06-06,consecutive_up_days,0.3596267205602903,49
2022-06-07,consecutive_up_days,-0.22201673187854845,49
2022-06-08,consecutive_up_days,-0.030035948552940377,49
2022-06-09,consecutive_up_days,-0.13563772489183187,49
2022-06-10,consecutive_up_days,0.40549921448583315,49
2022-06-13,consecutive_up_days,-0.18962448894726291,49
2022-06-14,consecutive_up_days,-0.03229680944345366,49
2022-06-15,consecutive_up_days,0.12217705290782743,49
2022-06-16,consecutive_up_days,-0.06563924617405255,49
2022-06-17,consecutive_up_days,-0.09231861823449955,49
2022-06-20,consecutive_up_days,-0.360149390039448,49
2022-06-21,consecutive_up_days,0.03256240859901986,49
2022-06-22,consecutive_up_days,0.04106647332460372,49
2022-06-23,consecutive_up_days,0.08487394957983194,49
2022-06-24,consecutive_up_days,-0.3143091947226337,49
2022-06-27,consecutive_up_days,-0.1634844068148422,49
2022-06-28,consecutive_up_days,0.2760492723888346,49
2022-06-29,consecutive_up_days,-0.2176241164250357,49
2022-06-30,consecutive_up_days,-0.31971417473749564,49
2022-07-01,consecutive_up_days,0.056786079793992285,49
2022-07-04,consecutive_up_days,-0.3863933233276344,49
2022-07-05,consecutive_up_days,0.03656179258579855,49
2022-07-06,consecutive_up_days,-0.27942240283505154,49
2022-07-07,consecutive_up_days,-0.07173044163659766,49
2022-07-08,consecutive_up_days,-0.0032610664241850664,49
2022-07-11,consecutive_up_days,0.13476350204430654,49
2022-07-12,consecutive_up_days,-0.21582780332131923,49
2022-07-13,consecutive_up_days,0.17287746711190158,49
2022-07-14,consecutive_up_days,0.13080984893980696,49
2022-07-15,consecutive_up_days,-0.04573738195261851,49
2022-07-18,consecutive_up_days,-0.062387811030880695,49
2022-07-19,consecutive_up_days,-0.17726710250361538,49
2022-07-20,consecutive_up_days,-0.07570437723471711,49
2022-07-21,consecutive_up_days,0.1320047506671089,49
2022-07-22,consecutive_up_days,-0.06335496470514498,49
2022-07-25,consecutive_up_days,0.06614042710923516,49
2022-07-26,consecutive_up_days,-0.1699900502112864,49
2022-07-27,consecutive_up_days,-0.008835515087650564,49
2022-07-28,consecutive_up_days,0.05981447353067514,49
2022-07-29,consecutive_up_days,-0.26247503032344416,49
2022-08-01,consecutive_up_days,-0.2010026062541811,49
2022-08-02,consecutive_up_days,0.010353266884467539,49
2022-08-03,consecutive_up_days,-0.02590720305401589,49
2022-08-04,consecutive_up_days,-0.016635205902980846,49
2022-08-05,consecutive_up_days,-0.3876109292203887,49
2022-08-08,consecutive_up_days,0.06040635666550846,49
2022-08-10,consecutive_up_days,-0.17414509710923248,49
2022-08-11,consecutive_up_days,-0.05348006087399343,49
2022-08-12,consecutive_up_days,0.11136683920599633,49
2022-08-16,consecutive_up_days,0.057911940669452565,49
2022-08-17,consecutive_up_days,0.03893805987383738,49
2022-08-18,consecutive_up_days,0.1277588370139571,49
2022-08-19,consecutive_up_days,-0.08855393259196985,49
2022-08-22,consecutive_up_days,0.2553307628344309,49
2022-08-23,consecutive_up_days,-0.2516481953080787,49
2022-08-24,consecutive_up_days,-0.08196262797848279,49
2022-08-25,consecutive_up_days,0.06522324238800169,49
2022-08-26,consecutive_up_days,-0.04446769513473369,49
2022-08-29,consecutive_up_days,-0.29260413447915046,49
2022-08-30,consecutive_up_days,-0.0003386191214217704,49
2022-09-01,consecutive_up_days,0.12035612775116505,49
2022-09-02,consecutive_up_days,0.0932612615809038,49
2022-09-05,consecutive_up_days,-0.14686501988198414,49
2022-09-06,consecutive_up_days,-0.07292429443827919,49
2022-09-07,consecutive_up_days,-0.244116867751313,49
2022-09-08,consecutive_up_days,5.357410734376674e-05,49
2022-09-09,consecutive_up_days,0.1202462089666481,49
2022-09-12,consecutive_up_days,-0.1464876256502333,49
2022-09-13,consecutive_up_days,-0.08024125581524029,49
2022-09-14,consecutive_up_days,0.09782373058717432,49
2022-09-15,consecutive_up_days,0.22631180621378216,49
2022-09-16,consecutive_up_days,-0.1632993161855452,49
2022-09-19,consecutive_up_days,-0.08980265101338746,49
2022-09-20,consecutive_up_days,0.12629357995964766,49
2022-09-21,consecutive_up_days,0.011733820023482909,49
2022-09-22,consecutive_up_days,-0.13927340718439332,49
2022-09-23,consecutive_up_days,-0.06353480362984132,49
2022-09-26,consecutive_up_days,0.33016908987210897,49
2022-09-27,consecutive_up_days,0.24759211634513717,49
2022-09-28,consecutive_up_days,0.04779860299496628,49
2022-09-29,consecutive_up_days,-0.18579708111797993,49
2022-09-30,consecutive_up_days,0.14038582126639745,49
2022-10-03,consecutive_up_days,-0.2773001438996812,49
2022-10-04,consecutive_up_days,-0.08290020754461959,49
2022-10-06,consecutive_up_days,-0.0009169302871974726,49
2022-10-07,consecutive_up_days,-0.2200131276309658,49
2022-10-10,consecutive_up_days,-0.2655915394738847,49
2022-10-11,consecutive_up_days,-0.13371639728283644,49
2022-10-12,consecutive_up_days,0.15923198091991725,49
2022-10-13,consecutive_up_days,-0.04028545752759831,49
2022-10-14,consecutive_up_days,0.11779558245850019,49
2022-10-17,consecutive_up_days,-0.20185724325738197,49
2022-10-18,consecutive_up_days,-0.11808429108854783,49
2022-10-19,consecutive_up_days,-0.2926673485446863,49
2022-10-20,consecutive_up_days,-0.25657405259098665,49
2022-10-21,consecutive_up_days,-0.11217071600244448,49
2022-10-24,consecutive_up_days,0.016963876059412648,49
2022-10-25,consecutive_up_days,0.2366088224308636,49
2022-10-27,consecutive_up_days,-0.17014672627804844,49
2022-10-28,consecutive_up_days,-0.013207465832044742,49
2022-10-31,consecutive_up_days,-0.13357250198134754,49
2022-11-01,consecutive_up_days,0.1572421260362602,49
2022-11-02,consecutive_up_days,-0.08408695556999511,49
2022-11-03,consecutive_up_days,-0.041239304942116126,49
2022-11-04,consecutive_up_days,0.15273530128146942,49
2022-11-07,consecutive_up_days,0.07512495586135313,49
2022-11-09,consecutive_up_days,0.21807134114823895,49
2022-11-10,consecutive_up_days,-0.31098729234605726,49
2022-11-11,consecutive_up_days,0.16187339955950136,49
2022-11-14,consecutive_up_days,0.044009216589861753,49
2022-11-15,consecutive_up_days,-0.18617957807872143,49
2022-11-16,consecutive_up_days,0.18200085159440707,49
2022-11-17,consecutive_up_days,-0.06580690121236096,49
2022-11-18,consecutive_up_days,0.3701304140510976,49
2022-11-21,consecutive_up_days,0.050457861973407125,49
2022-11-22,consecutive_up_days,0.09456504505598794,49
2022-11-23,consecutive_up_days,-0.03497390001424123,49
2022-11-24,consecutive_up_days,0.044177115137448604,49
2022-11-25,consecutive_up_days,-0.19228448690073843,49
2022-11-28,consecutive_up_days,-0.24234892449380882,49
2022-11-29,consecutive_up_days,0.10694619069807232,49
2022-11-30,consecutive_up_days,-0.18050471218336672,49
2022-12-01,consecutive_up_days,0.16282131137883954,49
2022-12-02,consecutive_up_days,-0.1904464955625681,49
2022-12-05,consecutive_up_days,0.000948168932889199,49
2022-12-06,consecutive_up_days,0.1650781620129106,49
2022-12-07,consecutive_up_days,0.2531910964445682,49
2022-12-08,consecutive_up_days,-0.1959993534267328,49
2022-12-09,consecutive_up_days,-0.2104232499518576,49
2022-12-12,consecutive_up_days,-0.3614646459913464,49
2022-12-13,consecutive_up_days,0.0585482657323929,49
2022-12-14,consecutive_up_days,-0.13281759633649784,49
2022-12-15,consecutive_up_days,-0.17279204684009633,49
2022-12-16,consecutive_up_days,-0.08364283610093426,49
2022-12-19,consecutive_up_days,-0.315828386158792,49
2022-12-20,consecutive_up_days,-0.21351102523246435,49
2022-12-21,consecutive_up_days,0.3691771962289983,49
2022-12-22,consecutive_up_days,0.20774350945224293,49
2022-12-23,consecutive_up_days,-0.1632993161855452,49
2022-12-26,consecutive_up_days,0.3365739907985334,49
2022-12-27,consecutive_up_days,-0.18198250927322526,49
2022-12-28,consecutive_up_days,-0.07609317096226617,49
2022-12-29,consecutive_up_days,-0.35377430175727126,49
2022-12-30,consecutive_up_days,-0.15796783599563197,49
2023-01-02,consecutive_up_days,-0.3381281378542342,49
2023-01-03,consecutive_up_days,0.12619997843847855,49
2023-01-04,consecutive_up_days,0.154790123063089,49
2023-01-05,consecutive_up_days,0.4888863100142001,49
2023-01-06,consecutive_up_days,-0.0038924947208076144,49
2023-01-09,consecutive_up_days,0.07958771854265266,49
2023-01-10,consecutive_up_days,-0.02128343676198652,49
2023-01-11,consecutive_up_days,-0.04879358710282393,49
2023-01-12,consecutive_up_days,0.11651648816884455,49
2023-01-13,consecutive_up_days,0.0393343161111087,49
2023-01-16,consecutive_up_days,0.05385093815322943,49
2023-01-17,consecutive_up_days,-0.33684126194633723,49
2023-01-18,consecutive_up_days,0.007691389666402557,49
2023-01-19,consecutive_up_days,0.08295567443499928,49
2023-01-20,consecutive_up_days,0.05265838011362573,49
2023-01-23,consecutive_up_days,0.009734477539134066,49
2023-01-24,consecutive_up_days,0.12848765165878517,49
2023-01-25,consecutive_up_days,0.18427652587772747,49
2023-01-27,consecutive_up_days,-0.1054873742702504,49
2023-01-30,consecutive_up_days,-0.07406675055391493,49
2023-01-31,consecutive_up_days,-0.04929736805762873,49
2023-02-01,consecutive_up_days,0.07427805565025933,49
2023-02-02,consecutive_up_days,-0.07514589044532162,49
2023-02-03,consecutive_up_days,-0.07486819346287661,49
2023-02-06,consecutive_up_days,0.10543259417573193,49
2023-02-07,consecutive_up_days,0.04477821885792061,49
2023-02-08,consecutive_up_days,0.011352913514295796,49
2023-02-09,consecutive_up_days,-0.23827307937345882,49
2023-02-10,consecutive_up_days,0.06412333092513135,49
2023-02-13,consecutive_up_days,-0.3136162336087498,49
2023-02-14,consecutive_up_days,0.005073203344341385,49
2023-02-15,consecutive_up_days,0.1271789222547613,49
2023-02-16,consecutive_up_days,0.12150390839102769,49
2023-02-17,consecutive_up_days,0.022982611739310228,49
2023-02-20,consecutive_up_days,-0.19519309406321464,49
2023-02-21,consecutive_up_days,-0.2877706485858853,49
2023-02-22,consecutive_up_days,-0.006019292654288459,49
2023-02-23,consecutive_up_days,-0.22274266947686244,49
2023-02-24,consecutive_up_days,0.2692287327298626,49
2023-02-27,consecutive_up_days,0.10883170231434051,49
2023-02-28,consecutive_up_days,-0.27399345542394987,49
2023-03-01,consecutive_up_days,0.05779539973674642,49
2023-03-02,consecutive_up_days,0.012445860573091714,49
2023-03-03,consecutive_up_days,0.026041587755404744,49
2023-03-06,consecutive_up_days,0.04011075120842695,49
2023-03-08,consecutive_up_days,-0.21648247188068312,49
2023-03-09,consecutive_up_days,-0.10710254836203696,49
2023-03-10,consecutive_up_days,0.3434838697254619,49
2023-03-13,consecutive_up_days,0.0076117465193746275,49
2023-03-14,consecutive_up_days,-0.06096255226721383,49
2023-03-15,consecutive_up_days,-0.13951971912065594,49
2023-03-16,consecutive_up_days,-0.28296307752554517,49
2023-03-17,consecutive_up_days,-0.2226074780974235,49
2023-03-20,consecutive_up_days,0.13271675190841384,49
2023-03-21,consecutive_up_days,0.029629138021993198,49
2023-03-22,consecutive_up_days,0.14483761362621417,49
2023-03-23,consecutive_up_days,-0.10676442710867486,49
2023-03-24,consecutive_up_days,0.2584462747596032,49
2023-03-27,consecutive_up_days,0.15320216411257384,49
2023-03-28,consecutive_up_days,-0.23294444597431127,49
2023-03-29,consecutive_up_days,-0.21603751521445286,49
2023-03-31,consecutive_up_days,-0.009282162056392502,49
2023-04-03,consecutive_up_days,-0.1826620184331745,49
2023-04-05,consecutive_up_days,-0.13657809160719547,49
2023-04-06,consecutive_up_days,-0.15170078275465812,49
2023-04-10,consecutive_up_days,0.1578461344996675,49
2023-04-11,consecutive_up_days,0.020796260246404887,49
2023-04-12,consecutive_up_days,-0.0809679805502843,49
2023-04-13,consecutive_up_days,0.22291961627630125,49
2023-04-17,consecutive_up_days,-0.07574551371054165,49
2023-04-18,consecutive_up_days,-0.25743324141920343,49
2023-04-19,consecutive_up_days,-0.2311296513059265,49
2023-04-20,consecutive_up_days,-0.011009897982820765,49
2023-04-21,consecutive_up_days,-0.14081652067857253,49
2023-04-24,consecutive_up_days,-0.15527842501844025,49
2023-04-25,consecutive_up_days,-0.13452775025991995,49
2023-04-26,consecutive_up_days,-0.2109286354965674,49
2023-04-27,consecutive_up_days,0.030086738437976858,49
2023-04-28,consecutive_up_days,-0.1322862267414728,49
2023-05-02,consecutive_up_days,-0.20428236764804333,49
2023-05-03,consecutive_up_days,-0.2612345861450356,49
2023-05-04,consecutive_up_days,-0.05142857142857143,49
2023-05-05,consecutive_up_days,-0.333647865340793,49
2023-05-08,consecutive_up_days,-0.03658213980126408,49
2023-05-09,consecutive_up_days,0.09929115646857549,49
2023-05-10,consecutive_up_days,0.28764695945639296,49
2023-05-11,consecutive_up_days,0.14664072021651287,49
2023-05-12,consecutive_up_days,0.24756960134499598,49
2023-05-15,consecutive_up_days,-0.23528448987290393,49
2023-05-16,consecutive_up_days,-0.1681800268110395,49
2023-05-17,consecutive_up_days,-0.04345242925377758,49
2023-05-18,consecutive_up_days,0.10160487657536392,49
2023-05-19,consecutive_up_days,-0.023388789115798343,49
2023-05-22,consecutive_up_days,-0.07308733571715693,49
2023-05-23,consecutive_up_days,-0.011255844411779509,49
2023-05-24,consecutive_up_days,-0.053725438381729065,49
2023-05-25,consecutive_up_days,-0.2158082899014638,49
2023-05-26,consecutive_up_days,0.20527914008778286,49
2023-05-29,consecutive_up_days,0.04698477911478729,49
2023-05-30,consecutive_up_days,-0.20212931065070705,49
2023-05-31,consecutive_up_days,-0.04516817631339184,49
2023-06-01,consecutive_up_days,0.07425966997986645,49
2023-06-02,consecutive_up_days,0.10770626739104969,49
2023-06-05,consecutive_up_days,0.31503320144445096,49
2023-06-06,consecutive_up_days,-0.18370836599124143,49
2023-06-07,consecutive_up_days,0.07859540560975962,49
2023-06-08,consecutive_up_days,0.2756708336438243,49
2023-06-09,consecutive_up_days,-0.2649616963415067,49
2023-06-12,consecutive_up_days,-0.34894610090547873,49
2023-06-13,consecutive_up_days,0.02444653744733278,49
2023-06-14,consecutive_up_days,-0.1471120212460666,49
2023-06-15,consecutive_up_days,-0.011393080383481895,49
2023-06-16,consecutive_up_days,-0.04736499818243556,49
2023-06-19,consecutive_up_days,-0.32956700103208564,49
2023-06-20,consecutive_up_days,0.3518890380055084,49
2023-06-21,consecutive_up_days,0.136222195931031,49
2023-06-22,consecutive_up_days,0.2276610644257703,49
2023-06-23,consecutive_up_days,-0.12094852500189936,49
2023-06-26,consecutive_up_days,-0.2934203546355484,49
2023-06-27,consecutive_up_days,-0.18179843570732587,49
2023-06-28,consecutive_up_days,0.06771954275807493,49
2023-06-30,consecutive_up_days,0.00020766181651335228,49
2023-07-03,consecutive_up_days,-0.13973235483644092,49
2023-07-04,consecutive_up_days,-0.25678262601631785,49
2023-07-05,consecutive_up_days,-0.3749468674093975,49
2023-07-06,consecutive_up_days,0.14433579655347425,49
2023-07-07,consecutive_up_days,-0.12336610736403647,49
2023-07-10,consecutive_up_days,-0.01165213902206371,49
2023-07-11,consecutive_up_days,-0.012897654747998038,49
2023-07-12,consecutive_up_days,-0.22860178749326268,49
2023-07-13,consecutive_up_days,0.15164192298307425,49
2023-07-14,consecutive_up_days,-0.21885217714851035,49
2023-07-17,consecutive_up_days,0.06551364427121334,49
2023-07-18,consecutive_up_days,-0.1615998198068819,49
2023-07-19,consecutive_up_days,-0.08774315736667324,49
2023-07-20,consecutive_up_days,0.08500298292222619,49
2023-07-21,consecutive_up_days,-0.09205451628604565,49
2023-07-24,consecutive_up_days,0.06189816932401477,49
2023-07-25,consecutive_up_days,-0.22158471105368854,49
2023-07-26,consecutive_up_days,0.0446440659177012,49
2023-07-27,consecutive_up_days,-0.027825698356498656,49
2023-07-28,consecutive_up_days,-0.1288766542871269,49
2023-07-31,consecutive_up_days,0.11162634684483543,49
2023-08-01,consecutive_up_days,-0.07773874919358811,49
2023-08-02,consecutive_up_days,-0.07877683109001461,49
2023-08-03,consecutive_up_days,-0.1749635530559413,49
2023-08-04,consecutive_up_days,0.1437309562525311,49
2023-08-07,consecutive_up_days,-0.17513529250336088,49
2023-08-08,consecutive_up_days,-0.11469871344730555,49
2023-08-09,consecutive_up_days,0.30068019249871497,49
2023-08-10,consecutive_up_days,0.060084558803491096,49
2023-08-11,consecutive_up_days,-0.08594018343405187,49
2023-08-14,consecutive_up_days,0.14607227954198798,49
2023-08-16,consecutive_up_days,-0.22123769785739975,49
2023-08-17,consecutive_up_days,-0.03988861796551048,49
2023-08-18,consecutive_up_days,-0.07947625341235452,49
2023-08-21,consecutive_up_days,-0.010987075321970824,50
2023-08-22,consecutive_up_days,0.11771951878236284,50
2023-08-23,consecutive_up_days,-0.09143786419422259,50
2023-08-24,consecutive_up_days,0.20842868056886169,50
2023-08-25,consecutive_up_days,-0.18576617498217554,50
2023-08-28,consecutive_up_days,-0.05039255557116118,50
2023-08-29,consecutive_up_days,0.010980453394794986,50
2023-08-30,consecutive_up_days,0.12503245084918327,50
2023-08-31,consecutive_up_days,-0.058518670726047176,50
2023-09-01,consecutive_up_days,0.37718314229265526,50
2023-09-04,consecutive_up_days,-0.365293026455234,50
2023-09-05,consecutive_up_days,0.13947122265957845,50
2023-09-06,consecutive_up_days,-0.23433534035376155,50
2023-09-07,consecutive_up_days,0.16278699857201015,50
2023-09-08,consecutive_up_days,0.19961205398673734,50
2023-09-11,consecutive_up_days,-0.18652975942929567,50
2023-09-12,consecutive_up_days,0.11722482751570594,50
2023-09-13,consecutive_up_days,-0.32227620938299323,50
2023-09-14,consecutive_up_days,-0.02746984350516557,50
2023-09-15,consecutive_up_days,-0.3445896883164026,50
2023-09-18,consecutive_up_days,0.33293830028709803,50
2023-09-20,consecutive_up_days,-0.1340397304948965,50
2023-09-21,consecutive_up_days,0.07842063050952426,50
2023-09-22,consecutive_up_days,0.1111220413527334,50
2023-09-25,consecutive_up_days,-0.11600292256532498,50
2023-09-26,consecutive_up_days,-0.3774670608888156,50
2023-09-27,consecutive_up_days,0.07117056201468733,50
2023-09-28,consecutive_up_days,-0.0600744685144862,50
2023-09-29,consecutive_up_days,-0.06838039217255087,50
2023-10-03,consecutive_up_days,-0.3526499465544147,50
2023-10-04,consecutive_up_days,0.137538650275634,50
2023-10-05,consecutive_up_days,-0.16691582410602432,50
2023-10-06,consecutive_up_days,-0.19528580658126046,50
2023-10-09,consecutive_up_days,-0.40155630071904436,50
2023-10-10,consecutive_up_days,-0.2882337769190984,50
2023-10-11,consecutive_up_days,0.1046595982410019,50
2023-10-12,consecutive_up_days,0.016749182241037792,50
2023-10-13,consecutive_up_days,-0.07291327265653356,50
2023-10-16,consecutive_up_days,0.2406644557528518,50
2023-10-17,consecutive_up_days,0.16451290436070087,50
2023-10-18,consecutive_up_days,-0.1083048958890707,50
2023-10-19,consecutive_up_days,0.003711754106896389,50
2023-10-20,consecutive_up_days,-0.02221533821298107,50
2023-10-23,consecutive_up_days,-0.11379745513578932,50
2023-10-25,consecutive_up_days,0.09811049102515927,50
2023-10-26,consecutive_up_days,0.3218393429334682,50
2023-10-27,consecutive_up_days,-0.15617707607802775,50
2023-10-30,consecutive_up_days,-0.1543559329549584,50
2023-10-31,consecutive_up_days,-0.042366383175464116,50
2023-11-01,consecutive_up_days,-0.1360942748215621,50
2023-11-02,consecutive_up_days,-0.09605860497015603,50
2023-11-03,consecutive_up_days,-0.08107644287802733,50
2023-11-06,consecutive_up_days,-0.053314970164186314,50
2023-11-07,consecutive_up_days,-0.25778942392705667,50
2023-11-08,consecutive_up_days,-0.1497381851364302,50
2023-11-09,consecutive_up_days,0.0576793740360377,50
2023-11-10,consecutive_up_days,-0.24539986292835367,50
2023-11-13,consecutive_up_days,-0.12295145367501534,50
2023-11-15,consecutive_up_days,-0.06258030698386259,50
2023-11-16,consecutive_up_days,-0.04051752230641977,50
2023-11-17,consecutive_up_days,-0.21317107224160195,50
2023-11-20,consecutive_up_days,-0.2218071877746742,50
2023-11-21,consecutive_up_days,0.02967895114276147,50
2023-11-22,consecutive_up_days,-0.3432414116569064,50
2023-11-23,consecutive_up_days,0.10169643757390665,50
2023-11-24,consecutive_up_days,0.05395663731273001,50
2023-11-28,consecutive_up_days,-0.01946083505585386,50
2023-11-29,consecutive_up_days,-0.04010558449841798,50
2023-11-30,consecutive_up_days,-0.21943539982192717,50
2023-12-01,consecutive_up_days,0.10281896915157182,50
2023-12-04,consecutive_up_days,0.10715723074613867,50
2023-12-05,consecutive_up_days,-0.13133568558197692,50
2023-12-06,consecutive_up_days,-0.08060772863649228,50
2023-12-07,consecutive_up_days,-0.19458451479062236,50
2023-12-08,consecutive_up_days,-0.10195788000285781,50
2023-12-11,consecutive_up_days,0.1508156070798052,50
2023-12-12,consecutive_up_days,-0.004735312407731332,50
2023-12-13,consecutive_up_days,-0.3569675529517756,50
2023-12-14,consecutive_up_days,0.16861900210535669,50
2023-12-15,consecutive_up_days,0.012840770153562662,50
2023-12-18,consecutive_up_days,-0.013464154016756585,50
2023-12-19,consecutive_up_days,0.054308773114035334,50
2023-12-20,consecutive_up_days,0.03149974012821591,50
2023-12-21,consecutive_up_days,0.039965804102080234,50
2023-12-22,consecutive_up_days,0.20139402484988816,50
2023-12-26,consecutive_up_days,-0.17344989903958977,50
2023-12-27,consecutive_up_days,0.08433271892022086,50
2023-12-28,consecutive_up_days,-0.2011243264716603,50
2023-12-29,consecutive_up_days,-0.204396449343328,50
2022-01-03,consecutive_down_days,,49
2022-01-04,consecutive_down_days,-0.26846242208560966,49
2022-01-05,consecutive_down_days,-0.18012009385161992,49
2022-01-06,consecutive_down_days,0.05947775455268813,49
2022-01-07,consecutive_down_days,0.07524438272108515,49
2022-01-10,consecutive_down_days,-0.14011647806345354,49
2022-01-11,consecutive_down_days,0.19778500239321942,49
2022-01-12,consecutive_down_days,-0.16698565744134386,49
2022-01-13,consecutive_down_days,0.1791219995103381,49
2022-01-14,consecutive_down_days,-0.004679057986923656,49
2022-01-17,consecutive_down_days,0.2264331911613492,49
2022-01-18,consecutive_down_days,0.09331045723904832,49
2022-01-19,consecutive_down_days,0.15080351904106193,49
2022-01-20,consecutive_down_days,-0.011329992396468603,49
2022-01-21,consecutive_down_days,-0.08984470588154377,49
2022-01-24,consecutive_down_days,-0.10756395368631204,49
2022-01-25,consecutive_down_days,-0.44611849135679543,49
2022-01-27,consecutive_down_days,-0.08293273754019344,49
2022-01-28,consecutive_down_days,0.06850653247575335,49
2022-01-31,consecutive_down_days,0.11182448348237722,49
2022-02-01,consecutive_down_days,-0.3240795453207148,49
2022-02-02,consecutive_down_days,0.07728676524476473,49
2022-02-03,consecutive_down_days,0.18721499788890048,49
2022-02-04,consecutive_down_days,-0.045423331926224005,49
2022-02-07,consecutive_down_days,0.1136467096018415,49
2022-02-08,consecutive_down_days,-0.018281152268076813,49
2022-02-09,consecutive_down_days,0.33211458754791157,49
2022-02-10,consecutive_down_days,0.2333194901762903,49
2022-02-11,consecutive_down_days,0.19805173514998137,49
2022-02-14,consecutive_down_days,0.04289214257131185,49
2022-02-15,consecutive_down_days,0.29172998299578906,49
2022-02-16,consecutive_down_days,-0.026655699499159156,49
2022-02-17,consecutive_down_days,0.14970677325101472,49
2022-02-18,consecutive_down_days,0.10869430843423611,49
2022-02-21,consecutive_down_days,0.1779644521370495,49
2022-02-22,consecutive_down_days,0.04830853003615448,49
2022-02-23,consecutive_down_days,-0.15833485414882922,49
2022-02-24,consecutive_down_days,-0.07760976627246721,49
2022-02-25,consecutive_down_days,-0.1595238095238095,49
2022-02-28,consecutive_down_days,-0.3266314177943987,49
2022-03-02,consecutive_down_days,-0.2558980643955135,49
2022-03-03,consecutive_down_days,-0.1403024143564221,49
2022-03-04,consecutive_down_days,-0.4505199841231176,49
2022-03-07,consecutive_down_days,-0.10583539084082431,49
2022-03-08,consecutive_down_days,0.04061049914029723,49
2022-03-09,consecutive_down_days,-0.068468637147819,49
2022-03-10,consecutive_down_days,0.06419998886553768,49
2022-03-11,consecutive_down_days,-0.20329676891488008,49
2022-03-14,consecutive_down_days,-0.3129344196910108,49
2022-03-15,consecutive_down_days,0.041647841710515124,49
2022-03-16,consecutive_down_days,0.09780092090037382,49
2022-03-17,consecutive_down_days,0.12698357801092905,49
2022-03-21,consecutive_down_days,0.29801978033963483,49
2022-03-22,consecutive_down_days,0.020802938855408258,49
2022-03-23,consecutive_down_days,-0.30930200266541913,49
2022-03-24,consecutive_down_days,0.09368671887760532,49
2022-03-25,consecutive_down_days,0.11886793174497381,49
2022-03-28,consecutive_down_days,0.1931577518549944,49
2022-03-29,consecutive_down_days,-0.1903361510530195,49
2022-03-30,consecutive_down_days,0.13232335280278265,49
2022-03-31,consecutive_down_days,0.017127495794441682,49
2022-04-01,consecutive_down_days,-0.09322356426999415,49
2022-04-04,consecutive_down_days,-0.012250786178611917,49
2022-04-05,consecutive_down_days,-0.31410729064113185,49
2022-04-06,consecutive_down_days,0.21963239855514693,49
2022-04-07,consecutive_down_days,-0.0039123039821797575,49
2022-04-08,consecutive_down_days,0.016186464669946492,49
2022-04-11,consecutive_down_days,0.10848228272273325,49
2022-04-12,consecutive_down_days,-0.02341225798145697,49
2022-04-13,consecutive_down_days,-0.1511552444594802,49
2022-04-18,consecutive_down_days,0.20065585466187763,49
2022-04-19,consecutive_down_days,0.14746957704580815,49
2022-04-20,consecutive_down_days,-0.22452685294259947,49
2022-04-21,consecutive_down_days,-0.01907567565296838,49
2022-04-22,consecutive_down_days,-0.052393950456317506,49
2022-04-25,consecutive_down_days,-0.015686898382322782,49
2022-04-26,consecutive_down_days,0.16725496588268626,49
2022-04-27,consecutive_down_days,0.06105041078051552,49
2022-04-28,consecutive_down_days,-0.173261570607444,49
2022-04-29,consecutive_down_days,-0.14785571580659207,49
2022-05-02,consecutive_down_days,-0.005498378259857463,49
2022-05-04,consecutive_down_days,0.12709204647411929,49
2022-05-05,consecutive_down_days,-0.31174673232254957,49
2022-05-06,consecutive_down_days,-0.07603693834799051,49
2022-05-09,consecutive_down_days,-0.11274293277398884,49
2022-05-10,consecutive_down_days,0.04841910530323881,49
2022-05-11,consecutive_down_days,0.10484475942494031,49
2022-05-12,consecutive_down_days,0.20777264294530493,49
2022-05-13,consecutive_down_days,0.10325732273622097,49
2022-05-16,consecutive_down_days,-0.27584930159446003,49
2022-05-17,consecutive_down_days,0.34255952380952376,49
2022-05-18,consecutive_down_days,-0.21361959960016147,49
2022-05-19,consecutive_down_days,-0.08644529550904582,49
2022-05-20,consecutive_down_days,,49
2022-05-23,consecutive_down_days,0.07807251581544243,49
2022-05-24,consecutive_down_days,-0.05348405573334051,49
2022-05-25,consecutive_down_days,0.22325033030493588,49
2022-05-26,consecutive_down_days,0.09377504774064079,49
2022-05-27,consecutive_down_days,-0.2245506468469053,49
2022-05-30,consecutive_down_days,0.05408858467275256,49
2022-05-31,consecutive_down_days,0.05660167685599545,49
2022-06-01,consecutive_down_days,0.18529891430997866,49
2022-06-02,consecutive_down_days,0.06512893768126372,49
2022-06-03,consecutive_down_days,0.36109407003664074,49
2022-06-06,consecutive_down_days,-0.26445026862888554,49
2022-06-07,consecutive_down_days,0.3370126711363256,49
2022-06-08,consecutive_down_days,0.018291740868045185,49
2022-06-09,consecutive_down_days,0.22602161089605843,49
2022-06-10,consecutive_down_days,-0.4280131203800731,49
2022-06-13,consecutive_down_days,-0.020507608610745923,49
2022-06-14,consecutive_down_days,-0.02189638567837037,49
2022-06-15,consecutive_down_days,-0.18472076905400678,49
2022-06-16,consecutive_down_days,0.07147124140578509,49
2022-06-17,consecutive_down_days,-0.021951182484606722,49
2022-06-20,consecutive_down_days,0.33711836832037484,49
2022-06-21,consecutive_down_days,0.24067723597152602,49
2022-06-22,consecutive_down_days,0.00428601090572957,49
2022-06-23,consecutive_down_days,-0.12820404029218385,49
2022-06-24,consecutive_down_days,0.2787152951372426,49
2022-06-27,consecutive_down_days,0.10322849630300537,49
2022-06-28,consecutive_down_days,-0.3254680610137003,49
2022-06-29,consecutive_down_days,0.24702695160704952,49
2022-06-30,consecutive_down_days,0.3847532526203074,49
2022-07-01,consecutive_down_days,0.08758685025525861,49
2022-07-04,consecutive_down_days,0.25310841621576546,49
2022-07-05,consecutive_down_days,0.1553152786703572,49
2022-07-06,consecutive_down_days,0.11585901137887443,49
2022-07-07,consecutive_down_days,-0.03079120110733131,49
2022-07-08,consecutive_down_days,-0.01706767213029401,49
2022-07-11,consecutive_down_days,-0.17387655887834597,49
2022-07-12,consecutive_down_days,0.035275849876951294,49
2022-07-13,consecutive_down_days,-0.22733897788695262,49
2022-07-14,consecutive_down_days,-0.26304404203439496,49
2022-07-15,consecutive_down_days,0.12974471849226446,49
2022-07-18,consecutive_down_days,0.009916323454519276,49
2022-07-19,consecutive_down_days,0.20167724369401882,49
2022-07-20,consecutive_down_days,0.1827015171310496,49
2022-07-21,consecutive_down_days,-0.05660936602532508,49
2022-07-22,consecutive_down_days,0.25576183066917607,49
2022-07-25,consecutive_down_days,-0.09939886998115428,49
2022-07-26,consecutive_down_days,0.16195314314667353,49
2022-07-27,consecutive_down_days,-0.00943927627734484,49
2022-07-28,consecutive_down_days,-0.04613311994073586,49
2022-07-29,consecutive_down_days,0.09580895862142066,49
2022-08-01,consecutive_down_days,0.1442041755757817,49
2022-08-02,consecutive_down_days,0.028928466448117234,49
2022-08-03,consecutive_down_days,0.024865486176505358,49
2022-08-04,consecutive_down_days,0.22976783564699502,49
2022-08-05,consecutive_down_days,0.29214857119262927,49
2022-08-08,consecutive_down_days,-0.033567274361835445,49
2022-08-10,consecutive_down_days,0.20452048466527936,49
2022-08-11,consecutive_down_days,0.14466668041257358,49
2022-08-12,consecutive_down_days,0.06863455275992142,49
2022-08-16,consecutive_down_days,0.17564924248210562,49
2022-08-17,consecutive_down_days,-0.033582062207178486,49
2022-08-18,consecutive_down_days,-0.09710802530035698,49
2022-08-19,consecutive_down_days,0.053673707469220205,49
2022-08-22,consecutive_down_days,0.14589179471557337,49
2022-08-23,consecutive_down_days,0.13801658297954564,49
2022-08-24,consecutive_down_days,0.08390452245160546,49
2022-08-25,consecutive_down_days,-0.10834260341734381,49
2022-08-26,consecutive_down_days,0.11368785190260294,49
2022-08-29,consecutive_down_days,0.03710985830394184,49
2022-08-30,consecutive_down_days,0.34285714285714286,49
2022-09-01,consecutive_down_days,-0.10332700802904968,49
2022-09-02,consecutive_down_days,-0.04187212178240191,49
2022-09-05,consecutive_down_days,-0.05530375952824304,49
2022-09-06,consecutive_down_days,0.1305165563530707,49
2022-09-07,consecutive_down_days,0.15105273904913885,49
2022-09-08,consecutive_down_days,-0.05070228624193381,49
2022-09-09,consecutive_down_days,-0.11889094315786233,49
2022-09-12,consecutive_down_days,-0.07486446796054408,49
2022-09-13,consecutive_down_days,0.027395466751966666,49
2022-09-14,consecutive_down_days,-0.1567615492056384,49
2022-09-15,consecutive_down_days,-0.3686717291262893,49
2022-09-16,consecutive_down_days,0.11673872914341488,49
2022-09-19,consecutive_down_days,0.10690359442798962,49
2022-09-20,consecutive_down_days,0.02651245562361445,49
2022-09-21,consecutive_down_days,0.008576471336424118,49
2022-09-22,consecutive_down_days,0.14059956503646379,49
2022-09-23,consecutive_down_days,0.26401268158080216,49
2022-09-26,consecutive_down_days,-0.2530154729913861,49
2022-09-27,consecutive_down_days,-0.1911178334850958,49
2022-09-28,consecutive_down_days,-0.1922331358123556,49
2022-09-29,consecutive_down_days,0.30568221793523237,49
2022-09-30,consecutive_down_days,-0.008780866570414015,49
2022-10-03,consecutive_down_days,0.11810037866964704,49
2022-10-04,consecutive_down_days,-0.06556892208359472,49
2022-10-06,consecutive_down_days,0.04499518299289217,49
2022-10-07,consecutive_down_days,0.277246729964306,49
2022-10-10,consecutive_down_days,0.2769786442406363,49
2022-10-11,consecutive_down_days,-0.1471578344393139,49
2022-10-12,consecutive_down_days,-0.19573606115271486,49
2022-10-13,consecutive_down_days,0.0684045129485209,49
2022-10-14,consecutive_down_days,-0.0969493056275747,49
2022-10-17,consecutive_down_days,0.10597534587853108,49
2022-10-18,consecutive_down_days,0.10997753255398961,49
2022-10-19,consecutive_down_days,0.327210432614482,49
2022-10-20,consecutive_down_days,0.3217845740057986,49
2022-10-21,consecutive_down_days,0.170812354197772,49
2022-10-24,consecutive_down_days,-0.3015205230997388,49
2022-10-25,consecutive_down_days,-0.30250597040754434,49
2022-10-27,consecutive_down_days,0.056707280941256016,49
2022-10-28,consecutive_down_days,-0.0009751490362627993,49
2022-10-31,consecutive_down_days,-0.07762844638189256,49
2022-11-01,consecutive_down_days,-0.1612401809205411,49
2022-11-02,consecutive_down_days,0.056392471943872244,49
2022-11-03,consecutive_down_days,0.10132098671135356,49
2022-11-04,consecutive_down_days,-0.19116835257555376,49
2022-11-07,consecutive_down_days,0.004576553123232255,49
2022-11-09,consecutive_down_days,-0.1894842757044296,49
2022-11-10,consecutive_down_days,0.1819243141221855,49
2022-11-11,consecutive_down_days,-0.16498223906144133,49
2022-11-14,consecutive_down_days,0.07589282565207085,49
2022-11-15,consecutive_down_days,0.051501123071504985,49
2022-11-16,consecutive_down_days,-0.11921314694128711,49
2022-11-17,consecutive_down_days,0.0030263526260623326,49
2022-11-18,consecutive_down_days,-0.2646568120800756,49
2022-11-21,consecutive_down_days,-0.09669722932979621,49
2022-11-22,consecutive_down_days,-0.07811133625055841,49
2022-11-23,consecutive_down_days,0.10982962555440717,49
2022-11-24,consecutive_down_days,0.05890343474285628,49
2022-11-25,consecutive_down_days,0.10395233222076006,49
2022-11-28,consecutive_down_days,0.20971982037426756,49
2022-11-29,consecutive_down_days,-0.19864938436854368,49
2022-11-30,consecutive_down_days,0.1437301587301587,49
2022-12-01,consecutive_down_days,-0.12999745355739264,49
2022-12-02,consecutive_down_days,0.06777137626086614,49
2022-12-05,consecutive_down_days,0.0163728070411479,49
2022-12-06,consecutive_down_days,-0.14960820383191203,49
2022-12-07,consecutive_down_days,-0.22666488858616174,49
2022-12-08,consecutive_down_days,0.08037210844662983,49
2022-12-09,consecutive_down_days,0.12106077664915627,49
2022-12-12,consecutive_down_days,0.34559229996050483,49
2022-12-13,consecutive_down_days,0.009132151934046248,49
2022-12-14,consecutive_down_days,0.27802369483648576,49
2022-12-15,consecutive_down_days,0.2262737750650536,49
2022-12-16,consecutive_down_days,0.26326031545003464,49
2022-12-19,consecutive_down_days,0.2602583460267469,49
2022-12-20,consecutive_down_days,0.22665643636623586,49
2022-12-21,consecutive_down_days,-0.3160756396528944,49
2022-12-22,consecutive_down_days,-0.24489388773829318,49
2022-12-23,consecutive_down_days,0.2732229694331226,49
2022-12-26,consecutive_down_days,-0.35970247120890686,49
2022-12-27,consecutive_down_days,0.05988230686916622,49
2022-12-28,consecutive_down_days,-0.04387971578122711,49
2022-12-29,consecutive_down_days,0.2927437635514833,49
2022-12-30,consecutive_down_days,0.017107176729291927,49
2023-01-02,consecutive_down_days,0.26912981171527683,49
2023-01-03,consecutive_down_days,-0.1035568960166761,49
2023-01-04,consecutive_down_days,0.08866028383349546,49
2023-01-05,consecutive_down_days,-0.4326637182341209,49
2023-01-06,consecutive_down_days,0.013355680986923062,49
2023-01-09,consecutive_down_days,-0.03195494697761043,49
2023-01-10,consecutive_down_days,-0.06887902867509668,49
2023-01-11,consecutive_down_days,0.06456739868712855,49
2023-01-12,consecutive_down_days,-0.1332349992904937,49
2023-01-13,consecutive_down_days,-0.09220727018284076,49
2023-01-16,consecutive_down_days,-0.05088518452680145,49
2023-01-17,consecutive_down_days,0.34689794820920394,49
2023-01-18,consecutive_down_days,-0.1650927412668785,49
2023-01-19,consecutive_down_days,-0.028639934202040102,49
2023-01-20,consecutive_down_days,0.05419989458067037,49
2023-01-23,consecutive_down_days,-0.01899941116253203,49
2023-01-24,consecutive_down_days,-0.17802211956803307,49
2023-01-25,consecutive_down_days,-0.06251511410184803,49
2023-01-27,consecutive_down_days,0.15816353302845518,49
2023-01-30,consecutive_down_days,0.11293634899141895,49
2023-01-31,consecutive_down_days,0.004892882133270149,49
2023-02-01,consecutive_down_days,-0.09998017848892853,49
2023-02-02,consecutive_down_days,0.04168443496801705,49
2023-02-03,consecutive_down_days,-0.002655709396344448,49
2023-02-06,consecutive_down_days,-0.17735023185558685,49
2023-02-07,consecutive_down_days,0.05802538918340047,49
2023-02-08,consecutive_down_days,-0.029535553822060457,49
2023-02-09,consecutive_down_days,0.2726401981974756,49
2023-02-10,consecutive_down_days,0.003537054060515273,49
2023-02-13,consecutive_down_days,0.4252788334349599,49
2023-02-14,consecutive_down_days,-0.050536466099107655,49
2023-02-15,consecutive_down_days,-0.0828607661484512,49
2023-02-16,consecutive_down_days,-0.2971429190958873,49
2023-02-17,consecutive_down_days,0.03815622539896356,49
2023-02-20,consecutive_down_days,0.15624212836962717,49
2023-02-21,consecutive_down_days,0.16224639551444164,49
2023-02-22,consecutive_down_days,0.1427641288714275,49
2023-02-23,consecutive_down_days,0.22746690087012303,49
2023-02-24,consecutive_down_days,-0.28366248995272914,49
2023-02-27,consecutive_down_days,-0.07479446225150277,49
2023-02-28,consecutive_down_days,0.20711783412860352,49
2023-03-01,consecutive_down_days,-0.0780083663589634,49
2023-03-02,consecutive_down_days,0.013366780233626632,49
2023-03-03,consecutive_down_days,-0.0213465894211789,49
2023-03-06,consecutive_down_days,0.1290356203787567,49
2023-03-08,consecutive_down_days,0.1551807388540626,49
2023-03-09,consecutive_down_days,0.15401535189417945,49
2023-03-10,consecutive_down_days,-0.4154920797757648,49
2023-03-13,consecutive_down_days,-0.22536686555687843,49
2023-03-14,consecutive_down_days,0.04375833367937362,49
2023-03-15,consecutive_down_days,-0.017011852933044885,49
2023-03-16,consecutive_down_days,0.20485073915501967,49
2023-03-17,consecutive_down_days,0.23207933075597229,49
2023-03-20,consecutive_down_days,-0.10177370084586265,49
2023-03-21,consecutive_down_days,0.0061460565499939805,49
2023-03-22,consecutive_down_days,-0.10668178952856132,49
2023-03-23,consecutive_down_days,0.05374813231670533,49
2023-03-24,consecutive_down_days,-0.237040416544545,49
2023-03-27,consecutive_down_days,-0.20644218084529622,49
2023-03-28,consecutive_down_days,0.2572247688812262,49
2023-03-29,consecutive_down_days,0.10958296405880888,49
2023-03-31,consecutive_down_days,0.0006831179068535767,49
2023-04-03,consecutive_down_days,0.21543974961525952,49
2023-04-05,consecutive_down_days,0.27566137566137566,49
2023-04-06,consecutive_down_days,0.07874809911319275,49
2023-04-10,consecutive_down_days,-0.09834727472164247,49
2023-04-11,consecutive_down_days,0.16576958284184964,49
2023-04-12,consecutive_down_days,0.19662791369271224,49
2023-04-13,consecutive_down_days,-0.35630710565417395,49
2023-04-17,consecutive_down_days,0.17574222025245223,49
2023-04-18,consecutive_down_days,0.2343272090989273,49
2023-04-19,consecutive_down_days,0.2764252677836598,49
2023-04-20,consecutive_down_days,0.11162016340416747,49
2023-04-21,consecutive_down_days,0.16459391417680214,49
2023-04-24,consecutive_down_days,0.13290256463347253,49
2023-04-25,consecutive_down_days,0.09170227044330405,49
2023-04-26,consecutive_down_days,0.21462150556173418,49
2023-04-27,consecutive_down_days,0.0019032088984663944,49
2023-04-28,consecutive_down_days,0.10424895409169646,49
2023-05-02,consecutive_down_days,0.2844322344322344,49
2023-05-03,consecutive_down_days,0.3360249824319942,49
2023-05-04,consecutive_down_days,0.15411811292636748,49
2023-05-05,consecutive_down_days,0.3483029977111297,49
2023-05-08,consecutive_down_days,0.017026117665099864,49
2023-05-09,consecutive_down_days,0.05661065051040865,49
2023-05-10,consecutive_down_days,-0.2262385973067042,49
2023-05-11,consecutive_down_days,-0.27363753922368167,49
2023-05-12,consecutive_down_days,-0.15961175630049715,49
2023-05-15,consecutive_down_days,-0.002960746739697191,49
2023-05-16,consecutive_down_days,0.2623892708433058,49
2023-05-17,consecutive_down_days,-0.05140101529074089,49
2023-05-18,consecutive_down_days,-0.18923642187879075,49
2023-05-19,consecutive_down_days,-0.04611730271234246,49
2023-05-22,consecutive_down_days,0.20796474684460264,49
2023-05-23,consecutive_down_days,-0.0034153978501319173,49
2023-05-24,consecutive_down_days,-0.055440134416025626,49
2023-05-25,consecutive_down_days,0.33706110257147526,49
2023-05-26,consecutive_down_days,-0.2584382953523688,49
2023-05-29,consecutive_down_days,0.05057088038605633,49
2023-05-30,consecutive_down_days,0.19266908123966273,49
2023-05-31,consecutive_down_days,0.07986019718891303,49
2023-06-01,consecutive_down_days,-0.04724293378384749,49
2023-06-02,consecutive_down_days,-0.21303931106172533,49
2023-06-05,consecutive_down_days,-0.2053890139342359,49
2023-06-06,consecutive_down_days,0.22276263356573936,49
2023-06-07,consecutive_down_days,-0.0438528566824413,49
2023-06-08,consecutive_down_days,-0.22665095734820162,49
2023-06-09,consecutive_down_days,0.2358901975967713,49
2023-06-12,consecutive_down_days,0.3198034165634473,49
2023-06-13,consecutive_down_days,-0.034337301629259805,49
2023-06-14,consecutive_down_days,0.18815413621126575,49
2023-06-15,consecutive_down_days,-0.012817621806333388,49
2023-06-16,consecutive_down_days,0.20890639786520918,49
2023-06-19,consecutive_down_days,0.2424745777813313,49
2023-06-20,consecutive_down_days,-0.2162537605674558,49
2023-06-21,consecutive_down_days,0.019202945030907425,49
2023-06-22,consecutive_down_days,-0.21654087734077598,49
2023-06-23,consecutive_down_days,0.27068507848514006,49
2023-06-26,consecutive_down_days,0.2260598721859628,49
2023-06-27,consecutive_down_days,0.15436589269922557,49
2023-06-28,consecutive_down_days,-0.10807661891248983,49
2023-06-30,consecutive_down_days,-0.03414515634973224,49
2023-07-03,consecutive_down_days,0.15243645212420956,49
2023-07-04,consecutive_down_days,0.18265841837043184,49
2023-07-05,consecutive_down_days,0.2955109329907841,49
2023-07-06,consecutive_down_days,-0.21572183663912686,49
2023-07-07,consecutive_down_days,0.05814670576186185,49
2023-07-10,consecutive_down_days,0.12597435452999464,49
2023-07-11,consecutive_down_days,-0.07767573517450768,49
2023-07-12,consecutive_down_days,0.2735252940640044,49
2023-07-13,consecutive_down_days,-0.047659819591507196,49
2023-07-14,consecutive_down_days,0.2131299666041965,49
2023-07-17,consecutive_down_days,0.08093096504481538,49
2023-07-18,consecutive_down_days,0.040269959880958994,49
2023-07-19,consecutive_down_days,-0.05480000494124622,49
2023-07-20,consecutive_down_days,-0.07563543941445544,49
2023-07-21,consecutive_down_days,0.09989641716126016,49
2023-07-24,consecutive_down_days,-0.07046518551875133,49
2023-07-25,consecutive_down_days,0.24047572006509202,49
2023-07-26,consecutive_down_days,-0.0410735660039952,49
2023-07-27,consecutive_down_days,-0.06454105988551226,49
2023-07-28,consecutive_down_days,0.15065323516638537,49
2023-07-31,consecutive_down_days,-0.2037929822504197,49
2023-08-01,consecutive_down_days,0.1365111467035304,49
2023-08-02,consecutive_down_days,-0.12433390848639238,49
2023-08-03,consecutive_down_days,-0.02220290369564101,49
2023-08-04,consecutive_down_days,-0.04890796542940684,49
2023-08-07,consecutive_down_days,0.16921257258099492,49
2023-08-08,consecutive_down_days,0.1483192107508689,49
2023-08-09,consecutive_down_days,-0.26002211109411394,49
2023-08-10,consecutive_down_days,0.004599963118948743,49
2023-08-11,consecutive_down_days,0.22925638217827,49
2023-08-14,consecutive_down_days,-0.1146635071194161,49
2023-08-16,consecutive_down_days,0.17962917455082772,49
2023-08-17,consecutive_down_days,0.02188671259610337,49
2023-08-18,consecutive_down_days,0.0950531044489213,49
2023-08-21,consecutive_down_days,0.05564459623370771,50
2023-08-22,consecutive_down_days,-0.14468697025949923,50
2023-08-23,consecutive_down_days,0.08116173245625569,50
2023-08-24,consecutive_down_days,-0.056034024206757314,50
2023-08-25,consecutive_down_days,0.24712274379690374,50
2023-08-28,consecutive_down_days,0.017508840231829408,50
2023-08-29,consecutive_down_days,-0.15467889955922748,50
2023-08-30,consecutive_down_days,-0.0935830877761954,50
2023-08-31,consecutive_down_days,-0.04203724388601311,50
2023-09-01,consecutive_down_days,-0.11879309864571073,50
2023-09-04,consecutive_down_days,0.45725947580453935,50
2023-09-05,consecutive_down_days,-0.2664749161903707,50
2023-09-06,consecutive_down_days,0.25924467857965894,50
2023-09-07,consecutive_down_days,-0.10684940986076591,50
2023-09-08,consecutive_down_days,-0.034689243166457655,50
2023-09-11,consecutive_down_days,-0.05759559466306953,50
2023-09-12,consecutive_down_days,-0.0571152767954123,50
2023-09-13,consecutive_down_days,0.28921244165165344,50
2023-09-14,consecutive_down_days,-0.024968486854424238,50
2023-09-15,consecutive_down_days,0.3765721677856943,50
2023-09-18,consecutive_down_days,-0.3375179979532007,50
2023-09-20,consecutive_down_days,0.20648019078334248,50
2023-09-21,consecutive_down_days,0.009146230739933278,50
2023-09-22,consecutive_down_days,-0.07657909521723492,50
2023-09-25,consecutive_down_days,-0.040160119730042146,50
2023-09-26,consecutive_down_days,0.283129065332479,50
2023-09-27,consecutive_down_days,-0.06813303853611807,50
2023-09-28,consecutive_down_days,-0.015404578971863078,50
2023-09-29,consecutive_down_days,0.18974968220770538,50
2023-10-03,consecutive_down_days,0.4223079824519287,50
2023-10-04,consecutive_down_days,-0.2758851216729138,50
2023-10-05,consecutive_down_days,0.1409282817859456,50
2023-10-06,consecutive_down_days,0.238535111909503,50
2023-10-09,consecutive_down_days,0.12777773466274164,50
2023-10-10,consecutive_down_days,0.22067317868919317,50
2023-10-11,consecutive_down_days,-0.04031206570013347,50
2023-10-12,consecutive_down_days,0.01675015289843845,50
2023-10-13,consecutive_down_days,0.06565487197240051,50
2023-10-16,consecutive_down_days,-0.10725764159570295,50
2023-10-17,consecutive_down_days,-0.02645665685707214,50
2023-10-18,consecutive_down_days,0.07370033438187933,50
2023-10-19,consecutive_down_days,-0.006340547785247577,50
2023-10-20,consecutive_down_days,0.08627064218447492,50
2023-10-23,consecutive_down_days,0.13575177886701914,50
2023-10-25,consecutive_down_days,0.06970665846358821,50
2023-10-26,consecutive_down_days,-0.2117916725669387,50
2023-10-27,consecutive_down_days,0.05403705925460804,50
2023-10-30,consecutive_down_days,0.09589843917518422,50
2023-10-31,consecutive_down_days,0.0015267533135105411,50
2023-11-01,consecutive_down_days,0.13577523321338442,50
2023-11-02,consecutive_down_days,-0.005021592190794281,50
2023-11-03,consecutive_down_days,0.09176697508417565,50
2023-11-06,consecutive_down_days,0.06295225364221713,50
2023-11-07,consecutive_down_days,0.2586872915511787,50
2023-11-08,consecutive_down_days,0.1953536105497351,50
2023-11-09,consecutive_down_days,-0.019518005988320045,50
2023-11-10,consecutive_down_days,0.26655367406230895,50
2023-11-13,consecutive_down_days,0.022076607383610405,50
2023-11-15,consecutive_down_days,-0.03799946038421452,50
2023-11-16,consecutive_down_days,0.17260532634017406,50
2023-11-17,consecutive_down_days,0.23427835145594508,50
2023-11-20,consecutive_down_days,0.35603339769821496,50
2023-11-21,consecutive_down_days,0.026814466095310217,50
2023-11-22,consecutive_down_days,0.2643390626438624,50
2023-11-23,consecutive_down_days,-0.055416679043275165,50
2023-11-24,consecutive_down_days,0.04975256637091039,50
2023-11-28,consecutive_down_days,0.10133492586658056,50
2023-11-29,consecutive_down_days,0.17578614111878607,50
2023-11-30,consecutive_down_days,0.22160445009477947,50
2023-12-01,consecutive_down_days,-0.17376614828312503,50
2023-12-04,consecutive_down_days,-0.024300907101892626,50
2023-12-05,consecutive_down_days,0.16376009576326123,50
2023-12-06,consecutive_down_days,0.056380622026713026,50
2023-12-07,consecutive_down_days,0.19636744167455303,50
2023-12-08,consecutive_down_days,0.18489798822155787,50
2023-12-11,consecutive_down_days,-0.10658886880454664,50
2023-12-12,consecutive_down_days,0.15152300961039444,50
2023-12-13,consecutive_down_days,0.3661445699205526,50
2023-12-14,consecutive_down_days,-0.2881398792982633,50
2023-12-15,consecutive_down_days,0.10761087436041909,50
2023-12-18,consecutive_down_days,-0.00590140556065586,50
2023-12-19,consecutive_down_days,-0.011708428987367368,50
2023-12-20,consecutive_down_days,-0.19162251715398715,50
2023-12-21,consecutive_down_days,-0.08585472860119783,50
2023-12-22,consecutive_down_days,-0.10557810754401611,50
2023-12-26,consecutive_down_days,0.13884270834075246,50
2023-12-27,consecutive_down_days,0.072223658829529,50
2023-12-28,consecutive_down_days,0.38488495408446594,50
2023-12-29,consecutive_down_days,0.2013293808405868,50
2022-01-03,bollinger_band_percent_b,,0
2022-01-04,bollinger_band_percent_b,,0
2022-01-05,bollinger_band_percent_b,,0
2022-01-06,bollinger_band_percent_b,,0
2022-01-07,bollinger_band_percent_b,,0
2022-01-10,bollinger_band_percent_b,,0
2022-01-11,bollinger_band_percent_b,,0
2022-01-12,bollinger_band_percent_b,,0
2022-01-13,bollinger_band_percent_b,,0
2022-01-14,bollinger_band_percent_b,,0
2022-01-17,bollinger_band_percent_b,,0
2022-01-18,bollinger_band_percent_b,,0
2022-01-19,bollinger_band_percent_b,,0
2022-01-20,bollinger_band_percent_b,,0
2022-01-21,bollinger_band_percent_b,,0
2022-01-24,bollinger_band_percent_b,,0
2022-01-25,bollinger_band_percent_b,,0
2022-01-27,bollinger_band_percent_b,,0
2022-01-28,bollinger_band_percent_b,,0
2022-01-31,bollinger_band_percent_b,-0.4320408163265306,49
2022-02-01,bollinger_band_percent_b,-0.3366326530612244,49
2022-02-02,bollinger_band_percent_b,0.18887755102040815,49
2022-02-03,bollinger_band_percent_b,0.03673469387755102,49
2022-02-04,bollinger_band_percent_b,0.17295918367346938,49
2022-02-07,bollinger_band_percent_b,0.15346938775510202,49
2022-02-08,bollinger_band_percent_b,-0.0136734693877551,49
2022-02-09,bollinger_band_percent_b,-0.25418367346938775,49
2022-02-10,bollinger_band_percent_b,0.2576530612244898,49
2022-02-11,bollinger_band_percent_b,-0.20836734693877548,49
2022-02-14,bollinger_band_percent_b,-0.24612244897959185,49
2022-02-15,bollinger_band_percent_b,-0.3304081632653061,49
2022-02-16,bollinger_band_percent_b,-0.15836734693877547,49
2022-02-17,bollinger_band_percent_b,-0.20336734693877548,49
2022-02-18,bollinger_band_percent_b,-0.22714285714285712,49
2022-02-21,bollinger_band_percent_b,0.0064285714285714285,49
2022-02-22,bollinger_band_percent_b,-0.0026530612244897956,49
2022-02-23,bollinger_band_percent_b,0.04469387755102041,49
2022-02-24,bollinger_band_percent_b,-0.28091836734693876,49
2022-02-25,bollinger_band_percent_b,0.360204081632653,49
2022-02-28,bollinger_band_percent_b,0.3781632653061224,49
2022-03-02,bollinger_band_percent_b,0.4753061224489795,49
2022-03-03,bollinger_band_percent_b,-0.041020408163265305,49
2022-03-04,bollinger_band_percent_b,0.5343877551020407,49
2022-03-07,bollinger_band_percent_b,-0.06959183673469387,49
2022-03-08,bollinger_band_percent_b,-0.47234693877551015,49
2022-03-09,bollinger_band_percent_b,-0.5180612244897959,49
2022-03-10,bollinger_band_percent_b,0.16683673469387753,49
2022-03-11,bollinger_band_percent_b,-0.1796938775510204,49
2022-03-14,bollinger_band_percent_b,-0.31367346938775503,49
2022-03-15,bollinger_band_percent_b,-0.1723469387755102,49
2022-03-16,bollinger_band_percent_b,-0.1630612244897959,49
2022-03-17,bollinger_band_percent_b,0.17551020408163262,49
2022-03-21,bollinger_band_percent_b,0.11540816326530612,49
2022-03-22,bollinger_band_percent_b,0.03551020408163265,49
2022-03-23,bollinger_band_percent_b,0.2822448979591836,49
2022-03-24,bollinger_band_percent_b,-0.06071428571428571,49
2022-03-25,bollinger_band_percent_b,0.17846938775510204,49
2022-03-28,bollinger_band_percent_b,-0.1477551020408163,49
2022-03-29,bollinger_band_percent_b,-0.21377551020408161,49
2022-03-30,bollinger_band_percent_b,-0.08010204081632652,49
2022-03-31,bollinger_band_percent_b,0.11632653061224489,49
2022-04-01,bollinger_band_percent_b,-0.02224489795918367,49
2022-04-04,bollinger_band_percent_b,-0.050408163265306116,49
2022-04-05,bollinger_band_percent_b,0.13438775510204082,49
2022-04-06,bollinger_band_percent_b,-0.12785714285714284,49
2022-04-07,bollinger_band_percent_b,0.08061224489795918,49
2022-04-08,bollinger_band_percent_b,0.22418367346938772,49
2022-04-11,bollinger_band_percent_b,0.04163265306122448,49
2022-04-12,bollinger_band_percent_b,0.18081632653061222,49
2022-04-13,bollinger_band_percent_b,0.38020408163265307,49
2022-04-18,bollinger_band_percent_b,-0.1107142857142857,49
2022-04-19,bollinger_band_percent_b,-0.2513265306122449,49
2022-04-20,bollinger_band_percent_b,0.2521428571428571,49
2022-04-21,bollinger_band_percent_b,-0.021326530612244893,49
2022-04-22,bollinger_band_percent_b,-0.02897959183673469,49
2022-04-25,bollinger_band_percent_b,0.032755102040816324,49
2022-04-26,bollinger_band_percent_b,-0.006938775510204081,49
2022-04-27,bollinger_band_percent_b,-0.00683673469387755,49
2022-04-28,bollinger_band_percent_b,-0.11255102040816324,49
2022-04-29,bollinger_band_percent_b,0.17887755102040812,49
2022-05-02,bollinger_band_percent_b,0.04234693877551019,49
2022-05-04,bollinger_band_percent_b,0.20010204081632652,49
2022-05-05,bollinger_band_percent_b,0.42132653061224484,49
2022-05-06,bollinger_band_percent_b,0.004999999999999999,49
2022-05-09,bollinger_band_percent_b,0.10663265306122448,49
2022-05-10,bollinger_band_percent_b,-0.18316326530612242,49
2022-05-11,bollinger_band_percent_b,0.2670408163265306,49
2022-05-12,bollinger_band_percent_b,0.18663265306122448,49
2022-05-13,bollinger_band_percent_b,-0.27693877551020407,49
2022-05-16,bollinger_band_percent_b,-0.3189795918367347,49
2022-05-17,bollinger_band_percent_b,-0.040510204081632646,49
2022-05-18,bollinger_band_percent_b,0.015918367346938776,49
2022-05-19,bollinger_band_percent_b,0.10510204081632651,49
2022-05-20,bollinger_band_percent_b,0.06571428571428571,49
2022-05-23,bollinger_band_percent_b,0.3058163265306122,49
2022-05-24,bollinger_band_percent_b,0.1590816326530612,49
2022-05-25,bollinger_band_percent_b,-0.30571428571428566,49
2022-05-26,bollinger_band_percent_b,0.03306122448979592,49
2022-05-27,bollinger_band_percent_b,-0.256734693877551,49
2022-05-30,bollinger_band_percent_b,-0.16367346938775507,49
2022-05-31,bollinger_band_percent_b,0.09632653061224489,49
2022-06-01,bollinger_band_percent_b,-0.45897959183673465,49
2022-06-02,bollinger_band_percent_b,-0.08765306122448979,49
2022-06-03,bollinger_band_percent_b,-0.011530612244897957,49
2022-06-06,bollinger_band_percent_b,0.09612244897959182,49
2022-06-07,bollinger_band_percent_b,-0.14867346938775508,49
2022-06-08,bollinger_band_percent_b,0.01714285714285714,49
2022-06-09,bollinger_band_percent_b,-0.19102040816326532,49
2022-06-10,bollinger_band_percent_b,0.03826530612244898,49
2022-06-13,bollinger_band_percent_b,-0.050816326530612244,49
2022-06-14,bollinger_band_percent_b,-0.10785714285714285,49
2022-06-15,bollinger_band_percent_b,0.0776530612244898,49
2022-06-16,bollinger_band_percent_b,0.0022448979591836735,49
2022-06-17,bollinger_band_percent_b,0.003775510204081632,49
2022-06-20,bollinger_band_percent_b,-0.468469387755102,49
2022-06-21,bollinger_band_percent_b,0.23918367346938774,49
2022-06-22,bollinger_band_percent_b,0.29112244897959183,49
2022-06-23,bollinger_band_percent_b,0.11122448979591835,49
2022-06-24,bollinger_band_percent_b,-0.25224489795918364,49
2022-06-27,bollinger_band_percent_b,-0.1313265306122449,49
2022-06-28,bollinger_band_percent_b,0.10244897959183671,49
2022-06-29,bollinger_band_percent_b,-0.13255102040816327,49
2022-06-30,bollinger_band_percent_b,-0.30153061224489797,49
2022-07-01,bollinger_band_percent_b,0.07775510204081632,49
2022-07-04,bollinger_band_percent_b,-0.2915306122448979,49
2022-07-05,bollinger_band_percent_b,0.3698979591836734,49
2022-07-06,bollinger_band_percent_b,-0.37663265306122445,49
2022-07-07,bollinger_band_percent_b,0.2437755102040816,49
2022-07-08,bollinger_band_percent_b,-0.10275510204081631,49
2022-07-11,bollinger_band_percent_b,-0.030306122448979587,49
2022-07-12,bollinger_band_percent_b,0.11612244897959183,49
2022-07-13,bollinger_band_percent_b,0.07928571428571428,49
2022-07-14,bollinger_band_percent_b,0.17795918367346936,49
2022-07-15,bollinger_band_percent_b,-0.20316326530612241,49
2022-07-18,bollinger_band_percent_b,-0.09673469387755101,49
2022-07-19,bollinger_band_percent_b,-0.23683673469387753,49
2022-07-20,bollinger_band_percent_b,0.13397959183673466,49
2022-07-21,bollinger_band_percent_b,0.08204081632653061,49
2022-07-22,bollinger_band_percent_b,0.11367346938775509,49
2022-07-25,bollinger_band_percent_b,0.07020408163265306,49
2022-07-26,bollinger_band_percent_b,0.071734693877551,49
2022-07-27,bollinger_band_percent_b,-0.16438775510204082,49
2022-07-28,bollinger_band_percent_b,0.1043877551020408,49
2022-07-29,bollinger_band_percent_b,-0.11030612244897958,49
2022-08-01,bollinger_band_percent_b,0.027755102040816323,49
2022-08-02,bollinger_band_percent_b,-0.0973469387755102,49
2022-08-03,bollinger_band_percent_b,0.05775510204081632,49
2022-08-04,bollinger_band_percent_b,-0.14081632653061224,49
2022-08-05,bollinger_band_percent_b,-0.49071428571428566,49
2022-08-08,bollinger_band_percent_b,-0.19489795918367345,49
2022-08-10,bollinger_band_percent_b,-0.17530612244897958,49
2022-08-11,bollinger_band_percent_b,0.08785714285714286,49
2022-08-12,bollinger_band_percent_b,-0.06561224489795918,49
2022-08-16,bollinger_band_percent_b,-0.037959183673469385,49
2022-08-17,bollinger_band_percent_b,0.0496938775510204,49
2022-08-18,bollinger_band_percent_b,0.012244897959183675,49
2022-08-19,bollinger_band_percent_b,-0.16795918367346935,49
2022-08-22,bollinger_band_percent_b,-0.1046938775510204,49
2022-08-23,bollinger_band_percent_b,-0.11622448979591835,49
2022-08-24,bollinger_band_percent_b,0.1196938775510204,49
2022-08-25,bollinger_band_percent_b,0.051632653061224484,49
2022-08-26,bollinger_band_percent_b,0.04979591836734693,49
2022-08-29,bollinger_band_percent_b,-0.45224489795918366,49
2022-08-30,bollinger_band_percent_b,0.14959183673469387,49
2022-09-01,bollinger_band_percent_b,0.3295918367346938,49
2022-09-02,bollinger_band_percent_b,0.03265306122448979,49
2022-09-05,bollinger_band_percent_b,-0.06765306122448979,49
2022-09-06,bollinger_band_percent_b,0.00857142857142857,49
2022-09-07,bollinger_band_percent_b,0.02826530612244898,49
2022-09-08,bollinger_band_percent_b,-0.2211224489795918,49
2022-09-09,bollinger_band_percent_b,0.15735095288163164,49
2022-09-12,bollinger_band_percent_b,-0.018163265306122448,49
2022-09-13,bollinger_band_percent_b,0.11591836734693876,49
2022-09-14,bollinger_band_percent_b,0.2942857142857142,49
2022-09-15,bollinger_band_percent_b,0.3911224489795918,49
2022-09-16,bollinger_band_percent_b,-0.0510204081632653,49
2022-09-19,bollinger_band_percent_b,-0.24918367346938775,49
2022-09-20,bollinger_band_percent_b,0.13081632653061223,49
2022-09-21,bollinger_band_percent_b,0.23714285714285713,49
2022-09-22,bollinger_band_percent_b,-0.09836734693877551,49
2022-09-23,bollinger_band_percent_b,-0.1757142857142857,49
2022-09-26,bollinger_band_percent_b,0.08775510204081631,49
2022-09-27,bollinger_band_percent_b,0.38612244897959175,49
2022-09-28,bollinger_band_percent_b,-0.1610204081632653,49
2022-09-29,bollinger_band_percent_b,-0.5193877551020407,49
2022-09-30,bollinger_band_percent_b,0.04010204081632653,49
2022-10-03,bollinger_band_percent_b,-0.3937755102040816,49
2022-10-04,bollinger_band_percent_b,-0.1283673469387755,49
2022-10-06,bollinger_band_percent_b,-0.06091836734693877,49
2022-10-07,bollinger_band_percent_b,-0.015510204081632652,49
2022-10-10,bollinger_band_percent_b,-0.4410204081632652,49
2022-10-11,bollinger_band_percent_b,-0.1605102040816326,49
2022-10-12,bollinger_band_percent_b,0.05612244897959183,49
2022-10-13,bollinger_band_percent_b,0.07357142857142855,49
2022-10-14,bollinger_band_percent_b,-0.017551020408163264,49
2022-10-17,bollinger_band_percent_b,-0.42479591836734687,49
2022-10-18,bollinger_band_percent_b,0.033673469387755096,49
2022-10-19,bollinger_band_percent_b,-0.041020408163265305,49
2022-10-20,bollinger_band_percent_b,-0.02030612244897959,49
2022-10-21,bollinger_band_percent_b,0.07061224489795917,49
2022-10-24,bollinger_band_percent_b,-0.10112244897959183,49
2022-10-25,bollinger_band_percent_b,0.03295918367346938,49
2022-10-27,bollinger_band_percent_b,-0.19989795918367348,49
2022-10-28,bollinger_band_percent_b,-0.1536734693877551,49
2022-10-31,bollinger_band_percent_b,-0.09969387755102038,49
2022-11-01,bollinger_band_percent_b,0.03561224489795918,49
2022-11-02,bollinger_band_percent_b,-0.41377551020408154,49
2022-11-03,bollinger_band_percent_b,-0.10295918367346937,49
2022-11-04,bollinger_band_percent_b,0.1333673469387755,49
2022-11-07,bollinger_band_percent_b,-0.037959183673469385,49
2022-11-09,bollinger_band_percent_b,0.00520408163265306,49
2022-11-10,bollinger_band_percent_b,-0.1063265306122449,49
2022-11-11,bollinger_band_percent_b,0.018979591836734692,49
2022-11-14,bollinger_band_percent_b,-0.016122448979591836,49
2022-11-15,bollinger_band_percent_b,-0.19346938775510203,49
2022-11-16,bollinger_band_percent_b,0.021224489795918365,49
2022-11-17,bollinger_band_percent_b,0.09826530612244896,49
2022-11-18,bollinger_band_percent_b,-0.2916326530612245,49
2022-11-21,bollinger_band_percent_b,0.10724489795918365,49
2022-11-22,bollinger_band_percent_b,-0.043979591836734694,49
2022-11-23,bollinger_band_percent_b,0.16673469387755102,49
2022-11-24,bollinger_band_percent_b,-0.16193877551020408,49
2022-11-25,bollinger_band_percent_b,-0.23816326530612242,49
2022-11-28,bollinger_band_percent_b,0.0017346938775510202,49
2022-11-29,bollinger_band_percent_b,-0.09897959183673467,49
2022-11-30,bollinger_band_percent_b,0.1396938775510204,49
2022-12-01,bollinger_band_percent_b,0.027755102040816323,49
2022-12-02,bollinger_band_percent_b,-0.22755102040816325,49
2022-12-05,bollinger_band_percent_b,-0.23193877551020406,49
2022-12-06,bollinger_band_percent_b,-0.13489795918367345,49
2022-12-07,bollinger_band_percent_b,0.2519387755102041,49
2022-12-08,bollinger_band_percent_b,-0.18438775510204078,49
2022-12-09,bollinger_band_percent_b,0.29816326530612247,49
2022-12-12,bollinger_band_percent_b,-0.4691836734693877,49
2022-12-13,bollinger_band_percent_b,-0.1274489795918367,49
2022-12-14,bollinger_band_percent_b,-0.022959183673469385,49
2022-12-15,bollinger_band_percent_b,-0.021938775510204078,49
2022-12-16,bollinger_band_percent_b,-0.176734693877551,49
2022-12-19,bollinger_band_percent_b,-0.246734693877551,49
2022-12-20,bollinger_band_percent_b,-0.19459183673469385,49
2022-12-21,bollinger_band_percent_b,-0.11214285714285713,49
2022-12-22,bollinger_band_percent_b,0.2907142857142857,49
2022-12-23,bollinger_band_percent_b,-0.4581632653061224,49
2022-12-26,bollinger_band_percent_b,-0.20775510204081632,49
2022-12-27,bollinger_band_percent_b,-0.3258163265306122,49
2022-12-28,bollinger_band_percent_b,0.12306122448979592,49
2022-12-29,bollinger_band_percent_b,-0.15081632653061225,49
2022-12-30,bollinger_band_percent_b,0.14051020408163264,49
2023-01-02,bollinger_band_percent_b,-0.2280612244897959,49
2023-01-03,bollinger_band_percent_b,-0.13153061224489795,49
2023-01-04,bollinger_band_percent_b,-0.1686734693877551,49
2023-01-05,bollinger_band_percent_b,0.28541544436441224,49
2023-01-06,bollinger_band_percent_b,0.022857142857142854,49
2023-01-09,bollinger_band_percent_b,0.03979591836734694,49
2023-01-10,bollinger_band_percent_b,0.08316326530612243,49
2023-01-11,bollinger_band_percent_b,0.10999999999999999,49
2023-01-12,bollinger_band_percent_b,0.06867346938775509,49
2023-01-13,bollinger_band_percent_b,0.07255102040816327,49
2023-01-16,bollinger_band_percent_b,0.11183673469387753,49
2023-01-17,bollinger_band_percent_b,-0.11540816326530612,49
2023-01-18,bollinger_band_percent_b,0.2729591836734694,49
2023-01-19,bollinger_band_percent_b,0.04571428571428571,49
2023-01-20,bollinger_band_percent_b,0.14877551020408164,49
2023-01-23,bollinger_band_percent_b,0.0386734693877551,49
2023-01-24,bollinger_band_percent_b,0.19653061224489793,49
2023-01-25,bollinger_band_percent_b,0.19765306122448975,49
2023-01-27,bollinger_band_percent_b,-0.18183673469387754,49
2023-01-30,bollinger_band_percent_b,-0.2346938775510204,49
2023-01-31,bollinger_band_percent_b,0.18622448979591832,49
2023-02-01,bollinger_band_percent_b,0.18326530612244896,49
2023-02-02,bollinger_band_percent_b,-0.2720408163265306,49
2023-02-03,bollinger_band_percent_b,-0.21785714285714286,49
2023-02-06,bollinger_band_percent_b,-0.1723469387755102,49
2023-02-07,bollinger_band_percent_b,-0.11255102040816324,49
2023-02-08,bollinger_band_percent_b,0.019795918367346933,49
2023-02-09,bollinger_band_percent_b,-0.17255102040816322,49
2023-02-10,bollinger_band_percent_b,-0.14867346938775508,49
2023-02-13,bollinger_band_percent_b,-0.1536734693877551,49
2023-02-14,bollinger_band_percent_b,-0.01653061224489796,49
2023-02-15,bollinger_band_percent_b,0.009591836734693876,49
2023-02-16,bollinger_band_percent_b,0.06785714285714285,49
2023-02-17,bollinger_band_percent_b,-0.09061224489795917,49
2023-02-20,bollinger_band_percent_b,-0.05397959183673468,49
2023-02-21,bollinger_band_percent_b,-0.1905102040816326,49
2023-02-22,bollinger_band_percent_b,-0.23887755102040814,49
2023-02-23,bollinger_band_percent_b,0.06571428571428571,49
2023-02-24,bollinger_band_percent_b,0.145,49
2023-02-27,bollinger_band_percent_b,-0.1126530612244898,49
2023-02-28,bollinger_band_percent_b,-0.05918367346938774,49
2023-03-01,bollinger_band_percent_b,0.19102040816326532,49
2023-03-02,bollinger_band_percent_b,-0.15448979591836734,49
2023-03-03,bollinger_band_percent_b,0.19795918367346935,49
2023-03-06,bollinger_band_percent_b,0.13265306122448978,49
2023-03-08,bollinger_band_percent_b,-0.1251020408163265,49
2023-03-09,bollinger_band_percent_b,-0.015510204081632652,49
2023-03-10,bollinger_band_percent_b,0.11795918367346937,49
2023-03-13,bollinger_band_percent_b,-0.1327551020408163,49
2023-03-14,bollinger_band_percent_b,0.2040816326530612,49
2023-03-15,bollinger_band_percent_b,0.0030612244897959186,49
2023-03-16,bollinger_band_percent_b,-0.35316326530612235,49
2023-03-17,bollinger_band_percent_b,0.0951020408163265,49
2023-03-20,bollinger_band_percent_b,-0.18918367346938775,49
2023-03-21,bollinger_band_percent_b,-0.15582030158900878,49
2023-03-22,bollinger_band_percent_b,0.024285714285714282,49
2023-03-23,bollinger_band_percent_b,-0.05285714285714285,49
2023-03-24,bollinger_band_percent_b,-0.02530612244897959,49
2023-03-27,bollinger_band_percent_b,-0.029897959183673467,49
2023-03-28,bollinger_band_percent_b,-0.3514285714285714,49
2023-03-29,bollinger_band_percent_b,-0.24081632653061222,49
2023-03-31,bollinger_band_percent_b,-0.3177551020408163,49
2023-04-03,bollinger_band_percent_b,0.2426530612244898,49
2023-04-05,bollinger_band_percent_b,-0.19612244897959183,49
2023-04-06,bollinger_band_percent_b,-0.378469387755102,49
2023-04-10,bollinger_band_percent_b,-0.07826530612244896,49
2023-04-11,bollinger_band_percent_b,-0.19887755102040813,49
2023-04-12,bollinger_band_percent_b,0.04775510204081633,49
2023-04-13,bollinger_band_percent_b,0.2530612244897959,49
2023-04-17,bollinger_band_percent_b,0.013061224489795917,49
2023-04-18,bollinger_band_percent_b,0.21887755102040815,49
2023-04-19,bollinger_band_percent_b,-0.30387755102040814,49
2023-04-20,bollinger_band_percent_b,-0.09979591836734694,49
2023-04-21,bollinger_band_percent_b,-0.0826530612244898,49
2023-04-24,bollinger_band_percent_b,0.10397959183673468,49
2023-04-25,bollinger_band_percent_b,-0.07989795918367347,49
2023-04-26,bollinger_band_percent_b,-0.1251020408163265,49
2023-04-27,bollinger_band_percent_b,0.03346938775510204,49
2023-04-28,bollinger_band_percent_b,-0.3218367346938775,49
2023-05-02,bollinger_band_percent_b,-0.17061224489795915,49
2023-05-03,bollinger_band_percent_b,-0.23173469387755102,49
2023-05-04,bollinger_band_percent_b,0.04010204081632653,49
2023-05-05,bollinger_band_percent_b,-0.22030612244897957,49
2023-05-08,bollinger_band_percent_b,-0.1361224489795918,49
2023-05-09,bollinger_band_percent_b,0.45469387755102036,49
2023-05-10,bollinger_band_percent_b,0.20459183673469383,49
2023-05-11,bollinger_band_percent_b,0.13928571428571426,49
2023-05-12,bollinger_band_percent_b,-0.1363265306122449,49
2023-05-15,bollinger_band_percent_b,-0.04081632653061224,49
2023-05-16,bollinger_band_percent_b,0.054183673469387746,49
2023-05-17,bollinger_band_percent_b,-0.09214285714285714,49
2023-05-18,bollinger_band_percent_b,0.07418367346938774,49
2023-05-19,bollinger_band_percent_b,-0.13826530612244894,49
2023-05-22,bollinger_band_percent_b,-0.02020408163265306,49
2023-05-23,bollinger_band_percent_b,-0.1461224489795918,49
2023-05-24,bollinger_band_percent_b,0.11540816326530612,49
2023-05-25,bollinger_band_percent_b,-0.1437755102040816,49
2023-05-26,bollinger_band_percent_b,-0.2123469387755102,49
2023-05-29,bollinger_band_percent_b,-0.012040816326530611,49
2023-05-30,bollinger_band_percent_b,0.0273469387755102,49
2023-05-31,bollinger_band_percent_b,-0.2080612244897959,49
2023-06-01,bollinger_band_percent_b,-0.09448979591836733,49
2023-06-02,bollinger_band_percent_b,0.02887755102040816,49
2023-06-05,bollinger_band_percent_b,0.34979591836734686,49
2023-06-06,bollinger_band_percent_b,-0.17846938775510204,49
2023-06-07,bollinger_band_percent_b,-0.07877551020408162,49
2023-06-08,bollinger_band_percent_b,0.3625510204081632,49
2023-06-09,bollinger_band_percent_b,-0.33122448979591834,49
2023-06-12,bollinger_band_percent_b,0.11448979591836735,49
2023-06-13,bollinger_band_percent_b,0.1796938775510204,49
2023-06-14,bollinger_band_percent_b,0.18397959183673468,49
2023-06-15,bollinger_band_percent_b,0.07295918367346939,49
2023-06-16,bollinger_band_percent_b,0.05918367346938774,49
2023-06-19,bollinger_band_percent_b,-0.1710204081632653,49
2023-06-20,bollinger_band_percent_b,-0.17897959183673467,49
2023-06-21,bollinger_band_percent_b,-0.20193877551020406,49
2023-06-22,bollinger_band_percent_b,0.04061224489795918,49
2023-06-23,bollinger_band_percent_b,-0.15387755102040815,49
2023-06-26,bollinger_band_percent_b,0.022959183673469385,49
2023-06-27,bollinger_band_percent_b,-0.18653061224489792,49
2023-06-28,bollinger_band_percent_b,-0.07632653061224488,49
2023-06-30,bollinger_band_percent_b,-0.35020408163265304,49
2023-07-03,bollinger_band_percent_b,0.03255102040816326,49
2023-07-04,bollinger_band_percent_b,-0.05183673469387754,49
2023-07-05,bollinger_band_percent_b,-0.20551020408163262,49
2023-07-06,bollinger_band_percent_b,0.026326530612244898,49
2023-07-07,bollinger_band_percent_b,-0.16571428571428568,49
2023-07-10,bollinger_band_percent_b,-0.22010204081632653,49
2023-07-11,bollinger_band_percent_b,0.08469387755102038,49
2023-07-12,bollinger_band_percent_b,-0.06295918367346938,49
2023-07-13,bollinger_band_percent_b,0.058571428571428566,49
2023-07-14,bollinger_band_percent_b,-0.2993877551020408,49
2023-07-17,bollinger_band_percent_b,0.04540816326530611,49
2023-07-18,bollinger_band_percent_b,-0.26999999999999996,49
2023-07-19,bollinger_band_percent_b,0.07969387755102039,49
2023-07-20,bollinger_band_percent_b,-0.07193877551020408,49
2023-07-21,bollinger_band_percent_b,-0.20397959183673467,49
2023-07-24,bollinger_band_percent_b,-0.10122448979591836,49
2023-07-25,bollinger_band_percent_b,0.06826530612244898,49
2023-07-26,bollinger_band_percent_b,0.11857142857142856,49
2023-07-27,bollinger_band_percent_b,0.09999999999999998,49
2023-07-28,bollinger_band_percent_b,0.18122448979591835,49
2023-07-31,bollinger_band_percent_b,-0.05989795918367346,49
2023-08-01,bollinger_band_percent_b,-0.39081632653061216,49
2023-08-02,bollinger_band_percent_b,0.3762244897959184,49
2023-08-03,bollinger_band_percent_b,0.061326530612244884,49
2023-08-04,bollinger_band_percent_b,0.14877551020408164,49
2023-08-07,bollinger_band_percent_b,-0.3325510204081632,49
2023-08-08,bollinger_band_percent_b,0.2679591836734693,49
2023-08-09,bollinger_band_percent_b,0.36428571428571427,49
2023-08-10,bollinger_band_percent_b,-0.06438775510204081,49
2023-08-11,bollinger_band_percent_b,-0.2357142857142857,49
2023-08-14,bollinger_band_percent_b,0.055408163265306114,49
2023-08-16,bollinger_band_percent_b,-0.10785714285714285,49
2023-08-17,bollinger_band_percent_b,-0.2597959183673469,49
2023-08-18,bollinger_band_percent_b,-0.10755102040816325,49
2023-08-21,bollinger_band_percent_b,0.06846938775510204,49
2023-08-22,bollinger_band_percent_b,-0.2540816326530612,49
2023-08-23,bollinger_band_percent_b,0.0059183673469387745,49
2023-08-24,bollinger_band_percent_b,-0.26469387755102036,49
2023-08-25,bollinger_band_percent_b,-0.18693877551020407,49
2023-08-28,bollinger_band_percent_b,0.0496938775510204,49
2023-08-29,bollinger_band_percent_b,0.11163265306122448,49
2023-08-30,bollinger_band_percent_b,0.10540816326530611,49
2023-08-31,bollinger_band_percent_b,-0.01989795918367347,49
2023-09-01,bollinger_band_percent_b,0.2514285714285714,49
2023-09-04,bollinger_band_percent_b,-0.32775510204081626,49
2023-09-05,bollinger_band_percent_b,-0.5016326530612244,49
2023-09-06,bollinger_band_percent_b,-0.021326530612244893,49
2023-09-07,bollinger_band_percent_b,-0.0007142857142857142,49
2023-09-08,bollinger_band_percent_b,-0.16999999999999996,49
2023-09-11,bollinger_band_percent_b,-0.16612244897959183,49
2023-09-12,bollinger_band_percent_b,-0.06724489795918366,49
2023-09-13,bollinger_band_percent_b,-0.34040816326530615,49
2023-09-14,bollinger_band_percent_b,0.2423469387755102,49
2023-09-15,bollinger_band_percent_b,-0.09368547418967586,50
2023-09-18,bollinger_band_percent_b,0.264921968787515,50
2023-09-20,bollinger_band_percent_b,-0.3729651860744298,50
2023-09-21,bollinger_band_percent_b,0.11894357743097239,50
2023-09-22,bollinger_band_percent_b,-0.060168067226890755,50
2023-09-25,bollinger_band_percent_b,-0.21709483793517406,50
2023-09-26,bollinger_band_percent_b,-0.29382953181272503,50
2023-09-27,bollinger_band_percent_b,0.06266506602641056,50
2023-09-28,bollinger_band_percent_b,-0.046626650660264106,50
2023-09-29,bollinger_band_percent_b,-0.10607442977190876,50
2023-10-03,bollinger_band_percent_b,-0.5215366146458583,50
2023-10-04,bollinger_band_percent_b,0.11308523409363744,50
2023-10-05,bollinger_band_percent_b,-0.33042016806722685,50
2023-10-06,bollinger_band_percent_b,0.05315726290516206,50
2023-10-09,bollinger_band_percent_b,-0.24331332533013206,50
2023-10-10,bollinger_band_percent_b,-0.22180072028811523,50
2023-10-11,bollinger_band_percent_b,0.029723889555822326,50
2023-10-12,bollinger_band_percent_b,0.23322929171668666,50
2023-10-13,bollinger_band_percent_b,-0.11798319327731092,50
2023-10-16,bollinger_band_percent_b,0.06487394957983193,50
2023-10-17,bollinger_band_percent_b,0.13939975990396156,50
2023-10-18,bollinger_band_percent_b,-0.006482593037214886,50
2023-10-19,bollinger_band_percent_b,-0.08917166866746698,50
2023-10-20,bollinger_band_percent_b,0.10031212484993997,50
2023-10-23,bollinger_band_percent_b,-0.15563025210084033,50
2023-10-25,bollinger_band_percent_b,-0.15889555822328932,50
2023-10-26,bollinger_band_percent_b,0.07150060024009604,50
2023-10-27,bollinger_band_percent_b,-0.25262905162064825,50
2023-10-30,bollinger_band_percent_b,0.028763505402160862,50
2023-10-31,bollinger_band_percent_b,0.004657863145258102,50
2023-11-01,bollinger_band_percent_b,-0.10626650660264104,50
2023-11-02,bollinger_band_percent_b,0.007250900360144057,50
2023-11-03,bollinger_band_percent_b,-0.1241296518607443,50
2023-11-06,bollinger_band_percent_b,0.17858343337334934,50
2023-11-07,bollinger_band_percent_b,-0.04614645858343337,50
2023-11-08,bollinger_band_percent_b,-0.1822328931572629,50
2023-11-09,bollinger_band_percent_b,-0.11548619447779111,50
2023-11-10,bollinger_band_percent_b,0.16830732292917167,50
2023-11-13,bollinger_band_percent_b,-0.26530612244897955,50
2023-11-15,bollinger_band_percent_b,-0.3011284513805522,50
2023-11-16,bollinger_band_percent_b,-0.2984393757503001,50
2023-11-17,bollinger_band_percent_b,0.18693877551020407,50
2023-11-20,bollinger_band_percent_b,-0.16686674669867946,50
2023-11-21,bollinger_band_percent_b,0.16619447779111643,50
2023-11-22,bollinger_band_percent_b,-0.08177671068427371,50
2023-11-23,bollinger_band_percent_b,-0.29267707082833133,50
2023-11-24,bollinger_band_percent_b,-0.16129651860744296,50
2023-11-28,bollinger_band_percent_b,-0.10165666266506602,50
2023-11-29,bollinger_band_percent_b,-0.14573829531812724,50
2023-11-30,bollinger_band_percent_b,-0.13517406962785114,50
2023-12-01,bollinger_band_percent_b,0.02156062424969988,50
2023-12-04,bollinger_band_percent_b,0.07793517406962785,50
2023-12-05,bollinger_band_percent_b,-0.1456422569027611,50
2023-12-06,bollinger_band_percent_b,0.05392557022809123,50
2023-12-07,bollinger_band_percent_b,-0.19433373349339736,50
2023-12-08,bollinger_band_percent_b,0.306218487394958,50
2023-12-11,bollinger_band_percent_b,0.13517406962785114,50
2023-12-12,bollinger_band_percent_b,-0.0809123649459784,50
2023-12-13,bollinger_band_percent_b,-0.29642256902761105,50
2023-12-14,bollinger_band_percent_b,0.33099639855942375,50
2023-12-15,bollinger_band_percent_b,-0.030876350540216087,50
2023-12-18,bollinger_band_percent_b,-0.19308523409363745,50
2023-12-19,bollinger_band_percent_b,-0.12432172869147658,50
2023-12-20,bollinger_band_percent_b,-0.004273709483793517,50
2023-12-21,bollinger_band_percent_b,0.09714285714285714,50
2023-12-22,bollinger_band_percent_b,0.1833853541416567,50
2023-12-26,bollinger_band_percent_b,-0.19721488595438177,50
2023-12-27,bollinger_band_percent_b,0.2125810324129652,50
2023-12-28,bollinger_band_percent_b,-0.08926770708283314,50
2023-12-29,bollinger_band_percent_b,-0.14496998799519806,50
2022-01-03,bollinger_band_width,,0
2022-01-04,bollinger_band_width,,0
2022-01-05,bollinger_band_width,,0
2022-01-06,bollinger_band_width,,0
2022-01-07,bollinger_band_width,,0
2022-01-10,bollinger_band_width,,0
2022-01-11,bollinger_band_width,,0
2022-01-12,bollinger_band_width,,0
2022-01-13,bollinger_band_width,,0
2022-01-14,bollinger_band_width,,0
2022-01-17,bollinger_band_width,,0
2022-01-18,bollinger_band_width,,0
2022-01-19,bollinger_band_width,,0
2022-01-20,bollinger_band_width,,0
2022-01-21,bollinger_band_width,,0
2022-01-24,bollinger_band_width,,0
2022-01-25,bollinger_band_width,,0
2022-01-27,bollinger_band_width,,0
2022-01-28,bollinger_band_width,,0
2022-01-31,bollinger_band_width,0.17030612244897955,49
2022-02-01,bollinger_band_width,0.18663265306122448,49
2022-02-02,bollinger_band_width,-0.1433673469387755,49
2022-02-03,bollinger_band_width,0.1723469387755102,49
2022-02-04,bollinger_band_width,0.043163265306122446,49
2022-02-07,bollinger_band_width,0.385204081632653,49
2022-02-08,bollinger_band_width,0.08795918367346939,49
2022-02-09,bollinger_band_width,-0.04673469387755102,49
2022-02-10,bollinger_band_width,-0.18999999999999997,49
2022-02-11,bollinger_band_width,-0.17540816326530612,49
2022-02-14,bollinger_band_width,0.18418367346938774,49
2022-02-15,bollinger_band_width,-0.013367346938775507,49
2022-02-16,bollinger_band_width,0.10091836734693876,49
2022-02-17,bollinger_band_width,-0.054387755102040816,49
2022-02-18,bollinger_band_width,-0.18499999999999997,49
2022-02-21,bollinger_band_width,-0.12326530612244896,49
2022-02-22,bollinger_band_width,0.035306122448979585,49
2022-02-23,bollinger_band_width,-0.15653061224489792,49
2022-02-24,bollinger_band_width,0.2927551020408163,49
2022-02-25,bollinger_band_width,0.056020408163265305,49
2022-02-28,bollinger_band_width,0.11540816326530612,49
2022-03-02,bollinger_band_width,-0.06887755102040816,49
2022-03-03,bollinger_band_width,-0.07428571428571427,49
2022-03-04,bollinger_band_width,-0.27959183673469384,49
2022-03-07,bollinger_band_width,-0.3195918367346939,49
2022-03-08,bollinger_band_width,0.22010204081632653,49
2022-03-09,bollinger_band_width,0.2321428571428571,49
2022-03-10,bollinger_band_width,-0.05561224489795918,49
2022-03-11,bollinger_band_width,-0.051632653061224484,49
2022-03-14,bollinger_band_width,0.08377551020408162,49
2022-03-15,bollinger_band_width,0.28295918367346934,49
2022-03-16,bollinger_band_width,-0.011836734693877549,49
2022-03-17,bollinger_band_width,-0.0286734693877551,49
2022-03-21,bollinger_band_width,-0.13224489795918368,49
2022-03-22,bollinger_band_width,0.02163265306122449,49
2022-03-23,bollinger_band_width,0.02061224489795918,49
2022-03-24,bollinger_band_width,-0.11836734693877549,49
2022-03-25,bollinger_band_width,0.41765306122448975,49
2022-03-28,bollinger_band_width,0.003673469387755102,49
2022-03-29,bollinger_band_width,-0.10193877551020408,49
2022-03-30,bollinger_band_width,0.14928571428571427,49
2022-03-31,bollinger_band_width,-0.24938775510204078,49
2022-04-01,bollinger_band_width,-0.3435714285714285,49
2022-04-04,bollinger_band_width,-0.012551020408163265,49
2022-04-05,bollinger_band_width,0.07510204081632653,49
2022-04-06,bollinger_band_width,-0.1737755102040816,49
2022-04-07,bollinger_band_width,0.26102040816326527,49
2022-04-08,bollinger_band_width,0.28510204081632645,49
2022-04-11,bollinger_band_width,-0.06377551020408163,49
2022-04-12,bollinger_band_width,0.16632653061224487,49
2022-04-13,bollinger_band_width,0.31295918367346937,49
2022-04-18,bollinger_band_width,-0.2390816326530612,49
2022-04-19,bollinger_band_width,0.029285714285714283,49
2022-04-20,bollinger_band_width,0.02081632653061224,49
2022-04-21,bollinger_band_width,0.014183673469387753,49
2022-04-22,bollinger_band_width,0.06571428571428571,49
2022-04-25,bollinger_band_width,-0.04836734693877551,49
2022-04-26,bollinger_band_width,0.025204081632653058,49
2022-04-27,bollinger_band_width,-0.21918367346938775,49
2022-04-28,bollinger_band_width,-0.1514285714285714,49
2022-04-29,bollinger_band_width,-0.013163265306122449,49
2022-05-02,bollinger_band_width,-0.26408163265306117,49
2022-05-04,bollinger_band_width,0.2828571428571428,49
2022-05-05,bollinger_band_width,-0.2424489795918367,49
2022-05-06,bollinger_band_width,-0.10336734693877549,49
2022-05-09,bollinger_band_width,-0.3777551020408163,49
2022-05-10,bollinger_band_width,-0.035714285714285705,49
2022-05-11,bollinger_band_width,-0.34642857142857136,49
2022-05-12,bollinger_band_width,-0.08714285714285712,49
2022-05-13,bollinger_band_width,0.20316326530612241,49
2022-05-16,bollinger_band_width,0.3530612244897959,49
2022-05-17,bollinger_band_width,0.033673469387755096,49
2022-05-18,bollinger_band_width,-0.1146938775510204,49
2022-05-19,bollinger_band_width,0.16091836734693876,49
2022-05-20,bollinger_band_width,-0.30428571428571427,49
2022-05-23,bollinger_band_width,-0.10326530612244897,49
2022-05-24,bollinger_band_width,-0.3705102040816326,49
2022-05-25,bollinger_band_width,0.2590816326530612,49
2022-05-26,bollinger_band_width,0.030204081632653056,49
2022-05-27,bollinger_band_width,0.16540816326530608,49
2022-05-30,bollinger_band_width,0.20561224489795915,49
2022-05-31,bollinger_band_width,0.010918367346938775,49
2022-06-01,bollinger_band_width,-0.16520408163265304,49
2022-06-02,bollinger_band_width,-0.061224489795918366,49
2022-06-03,bollinger_band_width,-0.027551020408163266,49
2022-06-06,bollinger_band_width,0.05224489795918367,49
2022-06-07,bollinger_band_width,0.1790816326530612,49
2022-06-08,bollinger_band_width,-0.08653061224489796,49
2022-06-09,bollinger_band_width,0.17653061224489794,49
2022-06-10,bollinger_band_width,-0.11163265306122448,49
2022-06-13,bollinger_band_width,-0.0807142857142857,49
2022-06-14,bollinger_band_width,0.09418367346938775,49
2022-06-15,bollinger_band_width,-0.2887755102040816,49
2022-06-16,bollinger_band_width,0.23418367346938773,49
2022-06-17,bollinger_band_width,-0.02357142857142857,49
2022-06-20,bollinger_band_width,0.14479591836734695,49
2022-06-21,bollinger_band_width,-0.1413265306122449,49
2022-06-22,bollinger_band_width,-0.25510204081632654,49
2022-06-23,bollinger_band_width,-0.20724489795918366,49
2022-06-24,bollinger_band_width,0.23357142857142857,49
2022-06-27,bollinger_band_width,-0.036938775510204074,49
2022-06-28,bollinger_band_width,-0.0022448979591836735,49
2022-06-29,bollinger_band_width,-0.13959183673469386,49
2022-06-30,bollinger_band_width,-0.1307142857142857,49
2022-07-01,bollinger_band_width,-0.3993877551020407,49
2022-07-04,bollinger_band_width,0.07979591836734692,49
2022-07-05,bollinger_band_width,-0.17418367346938776,49
2022-07-06,bollinger_band_width,0.25602040816326527,49
2022-07-07,bollinger_band_width,-0.21581632653061225,49
2022-07-08,bollinger_band_width,0.18948979591836734,49
2022-07-11,bollinger_band_width,-0.13887755102040814,49
2022-07-12,bollinger_band_width,-0.10316326530612244,49
2022-07-13,bollinger_band_width,-0.04204081632653061,49
2022-07-14,bollinger_band_width,0.3327551020408163,49
2022-07-15,bollinger_band_width,-0.034081632653061224,49
2022-07-18,bollinger_band_width,-0.024183673469387754,49
2022-07-19,bollinger_band_width,-0.058979591836734686,49
2022-07-20,bollinger_band_width,0.3279591836734693,49
2022-07-21,bollinger_band_width,0.1430612244897959,49
2022-07-22,bollinger_band_width,0.08581632653061225,49
2022-07-25,bollinger_band_width,-0.19428571428571426,49
2022-07-26,bollinger_band_width,0.17153061224489793,49
2022-07-27,bollinger_band_width,0.019387755102040813,49
2022-07-28,bollinger_band_width,-0.0646938775510204,49
2022-07-29,bollinger_band_width,-0.1573469387755102,49
2022-08-01,bollinger_band_width,0.021122448979591837,49
2022-08-02,bollinger_band_width,-0.18387755102040815,49
2022-08-03,bollinger_band_width,0.03887755102040816,49
2022-08-04,bollinger_band_width,-0.1613265306122449,49
2022-08-05,bollinger_band_width,0.07948979591836733,49
2022-08-08,bollinger_band_width,0.09704081632653061,49
2022-08-10,bollinger_band_width,0.1280612244897959,49
2022-08-11,bollinger_band_width,0.28908163265306114,49
2022-08-12,bollinger_band_width,-0.13173469387755102,49
2022-08-16,bollinger_band_width,-0.06765306122448979,49
2022-08-17,bollinger_band_width,-0.07051020408163265,49
2022-08-18,bollinger_band_width,-0.3503061224489795,49
2022-08-19,bollinger_band_width,-0.2975510204081633,49
2022-08-22,bollinger_band_width,0.3581632653061224,49
2022-08-23,bollinger_band_width,-0.008979591836734694,49
2022-08-24,bollinger_band_width,0.034999999999999996,49
2022-08-25,bollinger_band_width,0.07928571428571428,49
2022-08-26,bollinger_band_width,-0.1271428571428571,49
2022-08-29,bollinger_band_width,-0.024795918367346938,49
2022-08-30,bollinger_band_width,0.328469387755102,49
2022-09-01,bollinger_band_width,0.14918367346938774,49
2022-09-02,bollinger_band_width,-0.03173469387755102,49
2022-09-05,bollinger_band_width,0.0730612244897959,49
2022-09-06,bollinger_band_width,0.20418367346938776,49
2022-09-07,bollinger_band_width,-0.014387755102040815,49
2022-09-08,bollinger_band_width,0.050306122448979584,49
2022-09-09,bollinger_band_width,0.2819459681011337,49
2022-09-12,bollinger_band_width,0.15724489795918364,49
2022-09-13,bollinger_band_width,-0.17510204081632652,49
2022-09-14,bollinger_band_width,0.16255102040816324,49
2022-09-15,bollinger_band_width,0.019999999999999997,49
2022-09-16,bollinger_band_width,0.11489795918367346,49
2022-09-19,bollinger_band_width,-0.20132653061224487,49
2022-09-20,bollinger_band_width,-0.059081632653061225,49
2022-09-21,bollinger_band_width,0.14581632653061224,49
2022-09-22,bollinger_band_width,-0.24795918367346936,49
2022-09-23,bollinger_band_width,-0.18102040816326528,49
2022-09-26,bollinger_band_width,0.01010204081632653,49
2022-09-27,bollinger_band_width,-0.22377551020408162,49
2022-09-28,bollinger_band_width,0.07081632653061223,49
2022-09-29,bollinger_band_width,0.1173469387755102,49
2022-09-30,bollinger_band_width,-0.12479591836734692,49
2022-10-03,bollinger_band_width,0.3563265306122449,49
2022-10-04,bollinger_band_width,0.3385714285714286,49
2022-10-06,bollinger_band_width,-0.01020408163265306,49
2022-10-07,bollinger_band_width,0.045204081632653055,49
2022-10-10,bollinger_band_width,0.03714285714285714,49
2022-10-11,bollinger_band_width,0.15479591836734694,49
2022-10-12,bollinger_band_width,0.009591836734693876,49
2022-10-13,bollinger_band_width,-0.145,49
2022-10-14,bollinger_band_width,0.15275510204081633,49
2022-10-17,bollinger_band_width,0.10448979591836734,49
2022-10-18,bollinger_band_width,-0.34979591836734686,49
2022-10-19,bollinger_band_width,0.10153061224489794,49
2022-10-20,bollinger_band_width,-0.06816326530612245,49
2022-10-21,bollinger_band_width,0.052755102040816314,49
2022-10-24,bollinger_band_width,-0.16357142857142853,49
2022-10-25,bollinger_band_width,0.03857142857142857,49
2022-10-27,bollinger_band_width,-0.2980612244897959,49
2022-10-28,bollinger_band_width,-0.19102040816326532,49
2022-10-31,bollinger_band_width,-0.19295918367346937,49
2022-11-01,bollinger_band_width,-0.18663265306122448,49
2022-11-02,bollinger_band_width,-0.30020408163265305,49
2022-11-03,bollinger_band_width,0.003571428571428571,49
2022-11-04,bollinger_band_width,0.2559183673469388,49
2022-11-07,bollinger_band_width,0.14357142857142857,49
2022-11-09,bollinger_band_width,-0.11989795918367346,49
2022-11-10,bollinger_band_width,-0.2796938775510204,49
2022-11-11,bollinger_band_width,-0.017346938775510204,49
2022-11-14,bollinger_band_width,0.14489795918367346,49
2022-11-15,bollinger_band_width,-0.36,49
2022-11-16,bollinger_band_width,-0.1210204081632653,49
2022-11-17,bollinger_band_width,0.05204081632653061,49
2022-11-18,bollinger_band_width,-0.14316326530612242,49
2022-11-21,bollinger_band_width,0.08061224489795918,49
2022-11-22,bollinger_band_width,-0.08683673469387752,49
2022-11-23,bollinger_band_width,-0.19642857142857142,49
2022-11-24,bollinger_band_width,0.060102040816326516,49
2022-11-25,bollinger_band_width,-0.28428571428571425,49
2022-11-28,bollinger_band_width,-0.14581632653061224,49
2022-11-29,bollinger_band_width,0.06306122448979591,49
2022-11-30,bollinger_band_width,-0.020510204081632653,49
2022-12-01,bollinger_band_width,-0.06765306122448979,49
2022-12-02,bollinger_band_width,-0.18387755102040815,49
2022-12-05,bollinger_band_width,0.06418367346938775,49
2022-12-06,bollinger_band_width,-0.02826530612244898,49
2022-12-07,bollinger_band_width,0.18438775510204078,49
2022-12-08,bollinger_band_width,-0.2909183673469387,49
2022-12-09,bollinger_band_width,0.4051020408163265,49
2022-12-12,bollinger_band_width,-0.23397959183673467,49
2022-12-13,bollinger_band_width,0.07479591836734693,49
2022-12-14,bollinger_band_width,0.19357142857142856,49
2022-12-15,bollinger_band_width,0.22163265306122445,49
2022-12-16,bollinger_band_width,-0.31755102040816324,49
2022-12-19,bollinger_band_width,0.19163265306122446,49
2022-12-20,bollinger_band_width,0.06265306122448978,49
2022-12-21,bollinger_band_width,-0.13051020408163264,49
2022-12-22,bollinger_band_width,-0.22316326530612243,49
2022-12-23,bollinger_band_width,0.4203061224489796,49
2022-12-26,bollinger_band_width,0.4566326530612244,49
2022-12-27,bollinger_band_width,0.10295918367346937,49
2022-12-28,bollinger_band_width,-0.012959183673469385,49
2022-12-29,bollinger_band_width,0.343469387755102,49
2022-12-30,bollinger_band_width,0.10153061224489794,49
2023-01-02,bollinger_band_width,-0.35765306122448975,49
2023-01-03,bollinger_band_width,-0.26999999999999996,49
2023-01-04,bollinger_band_width,-0.009489795918367346,49
2023-01-05,bollinger_band_width,-0.14852419709417303,49
2023-01-06,bollinger_band_width,-0.21387755102040812,49
2023-01-09,bollinger_band_width,0.1992857142857143,49
2023-01-10,bollinger_band_width,-0.13030612244897957,49
2023-01-11,bollinger_band_width,-0.3054081632653061,49
2023-01-12,bollinger_band_width,-0.018877551020408164,49
2023-01-13,bollinger_band_width,-0.3460204081632653,49
2023-01-16,bollinger_band_width,-0.500408163265306,49
2023-01-17,bollinger_band_width,0.1313265306122449,49
2023-01-18,bollinger_band_width,0.042142857142857135,49
2023-01-19,bollinger_band_width,-0.24530612244897954,49
2023-01-20,bollinger_band_width,-0.29826530612244895,49
2023-01-23,bollinger_band_width,0.13081632653061223,49
2023-01-24,bollinger_band_width,-0.20857142857142855,49
2023-01-25,bollinger_band_width,-0.26785714285714285,49
2023-01-27,bollinger_band_width,0.2922448979591836,49
2023-01-30,bollinger_band_width,0.2881632653061224,49
2023-01-31,bollinger_band_width,-0.33877551020408153,49
2023-02-01,bollinger_band_width,-0.11540816326530612,49
2023-02-02,bollinger_band_width,0.3197959183673469,49
2023-02-03,bollinger_band_width,-0.022857142857142854,49
2023-02-06,bollinger_band_width,0.2096938775510204,49
2023-02-07,bollinger_band_width,0.3889795918367346,49
2023-02-08,bollinger_band_width,-0.0933673469387755,49
2023-02-09,bollinger_band_width,-0.1126530612244898,49
2023-02-10,bollinger_band_width,-0.32030612244897955,49
2023-02-13,bollinger_band_width,0.20846938775510201,49
2023-02-14,bollinger_band_width,0.06918367346938775,49
2023-02-15,bollinger_band_width,0.075,49
2023-02-16,bollinger_band_width,-0.022755102040816325,49
2023-02-17,bollinger_band_width,0.15275510204081633,49
2023-02-20,bollinger_band_width,-0.21979591836734694,49
2023-02-21,bollinger_band_width,-0.06153061224489796,49
2023-02-22,bollinger_band_width,0.22295918367346937,49
2023-02-23,bollinger_band_width,-0.10928571428571428,49
2023-02-24,bollinger_band_width,-0.08183673469387753,49
2023-02-27,bollinger_band_width,-0.21693877551020407,49
2023-02-28,bollinger_band_width,0.21102040816326526,49
2023-03-01,bollinger_band_width,0.016122448979591836,49
2023-03-02,bollinger_band_width,0.13448979591836732,49
2023-03-03,bollinger_band_width,-0.0019387755102040815,49
2023-03-06,bollinger_band_width,0.1433673469387755,49
2023-03-08,bollinger_band_width,-0.1574489795918367,49
2023-03-09,bollinger_band_width,-0.008673469387755102,49
2023-03-10,bollinger_band_width,0.034897959183673465,49
2023-03-13,bollinger_band_width,-0.37255102040816324,49
2023-03-14,bollinger_band_width,0.3592857142857142,49
2023-03-15,bollinger_band_width,-0.1293877551020408,49
2023-03-16,bollinger_band_width,0.025408163265306122,49
2023-03-17,bollinger_band_width,-0.5590816326530612,49
2023-03-20,bollinger_band_width,0.02448979591836735,49
2023-03-21,bollinger_band_width,-0.04571545193966989,49
2023-03-22,bollinger_band_width,-0.2393877551020408,49
2023-03-23,bollinger_band_width,-0.2230612244897959,49
2023-03-24,bollinger_band_width,-0.2942857142857142,49
2023-03-27,bollinger_band_width,-0.2909183673469387,49
2023-03-28,bollinger_band_width,0.34295918367346934,49
2023-03-29,bollinger_band_width,-0.017959183673469388,49
2023-03-31,bollinger_band_width,0.21153061224489794,49
2023-04-03,bollinger_band_width,-0.3621428571428571,49
2023-04-05,bollinger_band_width,0.3231632653061224,49
2023-04-06,bollinger_band_width,0.2087755102040816,49
2023-04-10,bollinger_band_width,-0.10683673469387754,49
2023-04-11,bollinger_band_width,0.2527551020408163,49
2023-04-12,bollinger_band_width,0.10826530612244896,49
2023-04-13,bollinger_band_width,0.21683673469387751,49
2023-04-17,bollinger_band_width,-0.10969387755102039,49
2023-04-18,bollinger_band_width,0.18683673469387752,49
2023-04-19,bollinger_band_width,-0.24193877551020404,49
2023-04-20,bollinger_band_width,-0.20989795918367343,49
2023-04-21,bollinger_band_width,-0.10918367346938775,49
2023-04-24,bollinger_band_width,0.0019387755102040815,49
2023-04-25,bollinger_band_width,-0.1496938775510204,49
2023-04-26,bollinger_band_width,0.2340816326530612,49
2023-04-27,bollinger_band_width,0.26510204081632655,49
2023-04-28,bollinger_band_width,0.01540816326530612,49
2023-05-02,bollinger_band_width,0.08346938775510203,49
2023-05-03,bollinger_band_width,-0.2768367346938775,49
2023-05-04,bollinger_band_width,-0.04122448979591836,49
2023-05-05,bollinger_band_width,-0.021428571428571425,49
2023-05-08,bollinger_band_width,-0.3256122448979591,49
2023-05-09,bollinger_band_width,0.10785714285714285,49
2023-05-10,bollinger_band_width,0.036326530612244896,49
2023-05-11,bollinger_band_width,0.03132653061224489,49
2023-05-12,bollinger_band_width,0.1107142857142857,49
2023-05-15,bollinger_band_width,-0.014183673469387753,49
2023-05-16,bollinger_band_width,0.18653061224489792,49
2023-05-17,bollinger_band_width,-0.09459183673469387,49
2023-05-18,bollinger_band_width,-0.16551020408163264,49
2023-05-19,bollinger_band_width,-0.17989795918367346,49
2023-05-22,bollinger_band_width,0.11489795918367346,49
2023-05-23,bollinger_band_width,-0.10163265306122449,49
2023-05-24,bollinger_band_width,0.015510204081632652,49
2023-05-25,bollinger_band_width,0.062244897959183663,49
2023-05-26,bollinger_band_width,-0.2895918367346939,49
2023-05-29,bollinger_band_width,-0.08030612244897958,49
2023-05-30,bollinger_band_width,0.12448979591836733,49
2023-05-31,bollinger_band_width,-0.055918367346938766,49
2023-06-01,bollinger_band_width,0.06602040816326529,49
2023-06-02,bollinger_band_width,-0.18326530612244896,49
2023-06-05,bollinger_band_width,0.007551020408163264,49
2023-06-06,bollinger_band_width,-0.1610204081632653,49
2023-06-07,bollinger_band_width,-0.1414285714285714,49
2023-06-08,bollinger_band_width,0.30612244897959184,49
2023-06-09,bollinger_band_width,-0.062448979591836734,49
2023-06-12,bollinger_band_width,-0.10357142857142856,49
2023-06-13,bollinger_band_width,-0.014795918367346936,49
2023-06-14,bollinger_band_width,0.44122448979591833,49
2023-06-15,bollinger_band_width,-0.06326530612244897,49
2023-06-16,bollinger_band_width,0.05918367346938774,49
2023-06-19,bollinger_band_width,-0.09408163265306121,49
2023-06-20,bollinger_band_width,-0.34530612244897957,49
2023-06-21,bollinger_band_width,-0.15612244897959182,49
2023-06-22,bollinger_band_width,-0.03979591836734694,49
2023-06-23,bollinger_band_width,0.2621428571428571,49
2023-06-26,bollinger_band_width,0.07224489795918368,49
2023-06-27,bollinger_band_width,-0.15306122448979592,49
2023-06-28,bollinger_band_width,-0.19673469387755102,49
2023-06-30,bollinger_band_width,-0.1890816326530612,49
2023-07-03,bollinger_band_width,-0.029081632653061223,49
2023-07-04,bollinger_band_width,-0.07642857142857142,49
2023-07-05,bollinger_band_width,-0.11561224489795917,49
2023-07-06,bollinger_band_width,-0.11714285714285713,49
2023-07-07,bollinger_band_width,0.01653061224489796,49
2023-07-10,bollinger_band_width,0.17010204081632652,49
2023-07-11,bollinger_band_width,0.04357142857142856,49
2023-07-12,bollinger_band_width,-0.07163265306122449,49
2023-07-13,bollinger_band_width,-0.24020408163265303,49
2023-07-14,bollinger_band_width,-0.29306122448979594,49
2023-07-17,bollinger_band_width,0.0586734693877551,49
2023-07-18,bollinger_band_width,0.03448979591836734,49
2023-07-19,bollinger_band_width,-0.3059183673469387,49
2023-07-20,bollinger_band_width,-0.09285714285714285,49
2023-07-21,bollinger_band_width,-0.1414285714285714,49
2023-07-24,bollinger_band_width,-0.07316326530612244,49
2023-07-25,bollinger_band_width,0.05448979591836734,49
2023-07-26,bollinger_band_width,0.07989795918367347,49
2023-07-27,bollinger_band_width,0.035306122448979585,49
2023-07-28,bollinger_band_width,0.2427551020408163,49
2023-07-31,bollinger_band_width,0.24091836734693878,49
2023-08-01,bollinger_band_width,0.12153061224489795,49
2023-08-02,bollinger_band_width,0.255,49
2023-08-03,bollinger_band_width,0.06959183673469387,49
2023-08-04,bollinger_band_width,0.3878571428571428,49
2023-08-07,bollinger_band_width,-0.04948979591836734,49
2023-08-08,bollinger_band_width,0.10142857142857141,49
2023-08-09,bollinger_band_width,0.1510204081632653,49
2023-08-10,bollinger_band_width,-0.24887755102040815,49
2023-08-11,bollinger_band_width,0.019591836734693877,49
2023-08-14,bollinger_band_width,0.24081632653061222,49
2023-08-16,bollinger_band_width,0.12346938775510204,49
2023-08-17,bollinger_band_width,-0.18999999999999997,49
2023-08-18,bollinger_band_width,0.1360204081632653,49
2023-08-21,bollinger_band_width,0.10153061224489794,49
2023-08-22,bollinger_band_width,0.12367346938775509,49
2023-08-23,bollinger_band_width,0.018979591836734692,49
2023-08-24,bollinger_band_width,-0.32020408163265307,49
2023-08-25,bollinger_band_width,0.02255102040816326,49
2023-08-28,bollinger_band_width,0.44632653061224487,49
2023-08-29,bollinger_band_width,-0.07479591836734693,49
2023-08-30,bollinger_band_width,-0.0436734693877551,49
2023-08-31,bollinger_band_width,-0.10653061224489795,49
2023-09-01,bollinger_band_width,-0.06734693877551019,49
2023-09-04,bollinger_band_width,-0.029387755102040815,49
2023-09-05,bollinger_band_width,-0.32744897959183666,49
2023-09-06,bollinger_band_width,0.2290816326530612,49
2023-09-07,bollinger_band_width,0.08642857142857141,49
2023-09-08,bollinger_band_width,0.14581632653061224,49
2023-09-11,bollinger_band_width,-0.4261224489795918,49
2023-09-12,bollinger_band_width,0.016224489795918368,49
2023-09-13,bollinger_band_width,0.2247959183673469,49
2023-09-14,bollinger_band_width,0.03744897959183673,49
2023-09-15,bollinger_band_width,-0.2594477791116447,50
2023-09-18,bollinger_band_width,-0.2864345738295318,50
2023-09-20,bollinger_band_width,0.03759903961584634,50
2023-09-21,bollinger_band_width,0.07159663865546219,50
2023-09-22,bollinger_band_width,-0.07466986794717888,50
2023-09-25,bollinger_band_width,0.23745498199279708,50
2023-09-26,bollinger_band_width,-0.07726290516206481,50
2023-09-27,bollinger_band_width,0.3840096038415366,50
2023-09-28,bollinger_band_width,0.022136854741896757,50
2023-09-29,bollinger_band_width,0.25973589435774314,50
2023-10-03,bollinger_band_width,-0.07169267707082833,50
2023-10-04,bollinger_band_width,0.048931572629051616,50
2023-10-05,bollinger_band_width,-0.25214885954381755,50
2023-10-06,bollinger_band_width,-0.22496998799519805,50
2023-10-09,bollinger_band_width,0.02588235294117647,50
2023-10-10,bollinger_band_width,0.26569027611044416,50
2023-10-11,bollinger_band_width,0.04672268907563025,50
2023-10-12,bollinger_band_width,-0.08273709483793518,50
2023-10-13,bollinger_band_width,0.09704681872749099,50
2023-10-16,bollinger_band_width,0.07851140456182472,50
2023-10-17,bollinger_band_width,0.02895558223289316,50
2023-10-18,bollinger_band_width,-0.06765906362545018,50
2023-10-19,bollinger_band_width,0.0956062424969988,50
2023-10-20,bollinger_band_width,-0.2485954381752701,50
2023-10-23,bollinger_band_width,0.2587755102040816,50
2023-10-25,bollinger_band_width,0.016278511404561824,50
2023-10-26,bollinger_band_width,0.24369747899159666,50
2023-10-27,bollinger_band_width,-0.06228091236494597,50
2023-10-30,bollinger_band_width,-0.008787515006002401,50
2023-10-31,bollinger_band_width,-0.3900600240096038,50
2023-11-01,bollinger_band_width,-0.05181272509003601,50
2023-11-02,bollinger_band_width,0.1408403361344538,50
2023-11-03,bollinger_band_width,0.16763505402160866,50
2023-11-06,bollinger_band_width,-0.3224489795918367,50
2023-11-07,bollinger_band_width,0.11078031212484994,50
2023-11-08,bollinger_band_width,-0.11135654261704682,50
2023-11-09,bollinger_band_width,-0.2064345738295318,50
2023-11-10,bollinger_band_width,0.32216086434573826,50
2023-11-13,bollinger_band_width,-0.18088835534213688,50
2023-11-15,bollinger_band_width,-0.04345738295318128,50
2023-11-16,bollinger_band_width,-0.035006002400960384,50
2023-11-17,bollinger_band_width,-0.17301320528211284,50
2023-11-20,bollinger_band_width,-0.2758703481392557,50
2023-11-21,bollinger_band_width,0.001680672268907563,50
2023-11-22,bollinger_band_width,-0.2173829531812725,50
2023-11-23,bollinger_band_width,-0.1407442977190876,50
2023-11-24,bollinger_band_width,0.17032412965186072,50
2023-11-28,bollinger_band_width,0.004945978391356542,50
2023-11-29,bollinger_band_width,0.3113085234093637,50
2023-11-30,bollinger_band_width,-0.13046818727490997,50
2023-12-01,bollinger_band_width,-0.08955582232893158,50
2023-12-04,bollinger_band_width,-0.17637454981992798,50
2023-12-05,bollinger_band_width,-0.21459783913565425,50
2023-12-06,bollinger_band_width,0.10232893157262904,50
2023-12-07,bollinger_band_width,0.028763505402160862,50
2023-12-08,bollinger_band_width,0.31841536614645854,50
2023-12-11,bollinger_band_width,0.26280912364945974,50
2023-12-12,bollinger_band_width,0.30103241296518607,50
2023-12-13,bollinger_band_width,-0.15975990396158463,50
2023-12-14,bollinger_band_width,-0.043073229291716676,50
2023-12-15,bollinger_band_width,-0.03807923169267707,50
2023-12-18,bollinger_band_width,-0.23611044417767107,50
2023-12-19,bollinger_band_width,-0.48024009603841533,50
2023-12-20,bollinger_band_width,0.28864345738295316,50
2023-12-21,bollinger_band_width,-0.1863625450180072,50
2023-12-22,bollinger_band_width,0.10357743097238895,50
2023-12-26,bollinger_band_width,-0.15659063625450179,50
2023-12-27,bollinger_band_width,-0.41061224489795917,50
2023-12-28,bollinger_band_width,0.1394957983193277,50
2023-12-29,bollinger_band_width,0.23918367346938774,50
2022-01-03,keltner_channel_position,,0
2022-01-04,keltner_channel_position,,0
2022-01-05,keltner_channel_position,,0
2022-01-06,keltner_channel_position,,0
2022-01-07,keltner_channel_position,,0
2022-01-10,keltner_channel_position,,0
2022-01-11,keltner_channel_position,,0
2022-01-12,keltner_channel_position,,0
2022-01-13,keltner_channel_position,,0
2022-01-14,keltner_channel_position,,0
2022-01-17,keltner_channel_position,,0
2022-01-18,keltner_channel_position,,0
2022-01-19,keltner_channel_position,,0
2022-01-20,keltner_channel_position,,0
2022-01-21,keltner_channel_position,,0
2022-01-24,keltner_channel_position,,0
2022-01-25,keltner_channel_position,,0
2022-01-27,keltner_channel_position,,0
2022-01-28,keltner_channel_position,,0
2022-01-31,keltner_channel_position,-0.42775510204081624,49
2022-02-01,keltner_channel_position,-0.35397959183673466,49
2022-02-02,keltner_channel_position,0.1803061224489796,49
2022-02-03,keltner_channel_position,0.03204081632653061,49
2022-02-04,keltner_channel_position,0.1254081632653061,49
2022-02-07,keltner_channel_position,0.061938775510204075,49
2022-02-08,keltner_channel_position,0.013979591836734691,49
2022-02-09,keltner_channel_position,-0.19551020408163264,49
2022-02-10,keltner_channel_position,0.33765306122448974,49
2022-02-11,keltner_channel_position,-0.25857142857142856,49
2022-02-14,keltner_channel_position,-0.22183673469387755,49
2022-02-15,keltner_channel_position,-0.39030612244897955,49
2022-02-16,keltner_channel_position,-0.16795918367346935,49
2022-02-17,keltner_channel_position,-0.13030612244897957,49
2022-02-18,keltner_channel_position,-0.26153061224489793,49
2022-02-21,keltner_channel_position,0.045,49
2022-02-22,keltner_channel_position,-0.019591836734693877,49
2022-02-23,keltner_channel_position,0.09010204081632651,49
2022-02-24,keltner_channel_position,-0.13428571428571426,49
2022-02-25,keltner_channel_position,0.2974489795918367,49
2022-02-28,keltner_channel_position,0.3422448979591836,49
2022-03-02,keltner_channel_position,0.49255102040816323,49
2022-03-03,keltner_channel_position,-0.08755102040816326,49
2022-03-04,keltner_channel_position,0.5904081632653061,49
2022-03-07,keltner_channel_position,-0.10806122448979592,49
2022-03-08,keltner_channel_position,-0.503673469387755,49
2022-03-09,keltner_channel_position,-0.5013265306122449,49
2022-03-10,keltner_channel_position,0.15377551020408162,49
2022-03-11,keltner_channel_position,-0.1627551020408163,49
2022-03-14,keltner_channel_position,-0.31673469387755093,49
2022-03-15,keltner_channel_position,-0.16020408163265304,49
2022-03-16,keltner_channel_position,-0.11612244897959183,49
2022-03-17,keltner_channel_position,0.12591836734693876,49
2022-03-21,keltner_channel_position,0.09653061224489794,49
2022-03-22,keltner_channel_position,-0.07295918367346939,49
2022-03-23,keltner_channel_position,0.2735714285714286,49
2022-03-24,keltner_channel_position,-0.10734693877551019,49
2022-03-25,keltner_channel_position,0.19438775510204082,49
2022-03-28,keltner_channel_position,-0.20775510204081632,49
2022-03-29,keltner_channel_position,-0.33081632653061216,49
2022-03-30,keltner_channel_position,0.018469387755102037,49
2022-03-31,keltner_channel_position,-0.08020408163265307,49
2022-04-01,keltner_channel_position,-0.2198979591836734,49
2022-04-04,keltner_channel_position,0.018877551020408164,49
2022-04-05,keltner_channel_position,0.2181632653061224,49
2022-04-06,keltner_channel_position,-0.220204081632653,49
2022-04-07,keltner_channel_position,0.1324489795918367,49
2022-04-08,keltner_channel_position,0.24346938775510202,49
2022-04-11,keltner_channel_position,0.09367346938775509,49
2022-04-12,keltner_channel_position,0.19632653061224487,49
2022-04-13,keltner_channel_position,0.44469387755102036,49
2022-04-18,keltner_channel_position,-0.06489795918367347,49
2022-04-19,keltner_channel_position,-0.26785714285714285,49
2022-04-20,keltner_channel_position,0.18561224489795913,49
2022-04-21,keltner_channel_position,-0.008979591836734694,49
2022-04-22,keltner_channel_position,-0.07408163265306122,49
2022-04-25,keltner_channel_position,0.1723469387755102,49
2022-04-26,keltner_channel_position,-0.04948979591836734,49
2022-04-27,keltner_channel_position,0.010816326530612244,49
2022-04-28,keltner_channel_position,-0.08051020408163265,49
2022-04-29,keltner_channel_position,0.20448979591836733,49
2022-05-02,keltner_channel_position,0.018979591836734692,49
2022-05-04,keltner_channel_position,-0.060204081632653055,49
2022-05-05,keltner_channel_position,0.49030612244897953,49
2022-05-06,keltner_channel_position,-0.13224489795918368,49
2022-05-09,keltner_channel_position,0.11765306122448978,49
2022-05-10,keltner_channel_position,-0.09010204081632651,49
2022-05-11,keltner_channel_position,0.31622448979591833,49
2022-05-12,keltner_channel_position,0.19765306122448975,49
2022-05-13,keltner_channel_position,-0.1283673469387755,49
2022-05-16,keltner_channel_position,-0.36530612244897953,49
2022-05-17,keltner_channel_position,-0.022448979591836733,49
2022-05-18,keltner_channel_position,0.1956122448979592,49
2022-05-19,keltner_channel_position,0.06714285714285713,49
2022-05-20,keltner_channel_position,0.051734693877551016,49
2022-05-23,keltner_channel_position,0.338469387755102,49
2022-05-24,keltner_channel_position,0.1807142857142857,49
2022-05-25,keltner_channel_position,-0.3677551020408163,49
2022-05-26,keltner_channel_position,-0.05448979591836734,49
2022-05-27,keltner_channel_position,-0.30571428571428566,49
2022-05-30,keltner_channel_position,-0.16377551020408163,49
2022-05-31,keltner_channel_position,0.128265306122449,49
2022-06-01,keltner_channel_position,-0.4591836734693877,49
2022-06-02,keltner_channel_position,-0.01857142857142857,49
2022-06-03,keltner_channel_position,0.02357142857142857,49
2022-06-06,keltner_channel_position,0.17448979591836736,49
2022-06-07,keltner_channel_position,-0.21693877551020407,49
2022-06-08,keltner_channel_position,0.14887755102040814,49
2022-06-09,keltner_channel_position,-0.14265306122448979,49
2022-06-10,keltner_channel_position,0.12999999999999998,49
2022-06-13,keltner_channel_position,-0.0063265306122448975,49
2022-06-14,keltner_channel_position,-0.11551020408163264,49
2022-06-15,keltner_channel_position,0.1803061224489796,49
2022-06-16,keltner_channel_position,-0.14632653061224488,49
2022-06-17,keltner_channel_position,-0.11551020408163264,49
2022-06-20,keltner_channel_position,-0.43663265306122445,49
2022-06-21,keltner_channel_position,0.2343877551020408,49
2022-06-22,keltner_channel_position,0.3113265306122449,49
2022-06-23,keltner_channel_position,0.18193877551020404,49
2022-06-24,keltner_channel_position,-0.3044897959183673,49
2022-06-27,keltner_channel_position,-0.20326530612244897,49
2022-06-28,keltner_channel_position,0.11622448979591835,49
2022-06-29,keltner_channel_position,-0.16489795918367345,49
2022-06-30,keltner_channel_position,-0.39224489795918366,49
2022-07-01,keltner_channel_position,0.1324489795918367,49
2022-07-04,keltner_channel_position,-0.33959183673469384,49
2022-07-05,keltner_channel_position,0.3748979591836734,49
2022-07-06,keltner_channel_position,-0.34102040816326534,49
2022-07-07,keltner_channel_position,0.14959183673469387,49
2022-07-08,keltner_channel_position,-0.0486734693877551,49
2022-07-11,keltner_channel_position,-0.18295918367346936,49
2022-07-12,keltner_channel_position,0.09612244897959182,49
2022-07-13,keltner_channel_position,0.030204081632653056,49
2022-07-14,keltner_channel_position,0.4181632653061224,49
2022-07-15,keltner_channel_position,-0.30326530612244895,49
2022-07-18,keltner_channel_position,-0.05928571428571428,49
2022-07-19,keltner_channel_position,-0.19510204081632648,49
2022-07-20,keltner_channel_position,0.27897959183673465,49
2022-07-21,keltner_channel_position,0.21071428571428566,49
2022-07-22,keltner_channel_position,0.1007142857142857,49
2022-07-25,keltner_channel_position,0.0436734693877551,49
2022-07-26,keltner_channel_position,0.08612244897959181,49
2022-07-27,keltner_channel_position,-0.23693877551020406,49
2022-07-28,keltner_channel_position,-0.143469387755102,49
2022-07-29,keltner_channel_position,-0.1436734693877551,49
2022-08-01,keltner_channel_position,0.05622448979591836,49
2022-08-02,keltner_channel_position,-0.15897959183673466,49
2022-08-03,keltner_channel_position,-0.14397959183673467,49
2022-08-04,keltner_channel_position,-0.1273469387755102,49
2022-08-05,keltner_channel_position,-0.30428571428571427,49
2022-08-08,keltner_channel_position,-0.023265306122448978,49
2022-08-10,keltner_channel_position,-0.16285714285714284,49
2022-08-11,keltner_channel_position,0.15418367346938774,49
2022-08-12,keltner_channel_position,-0.1440816326530612,49
2022-08-16,keltner_channel_position,-0.013061224489795917,49
2022-08-17,keltner_channel_position,0.12448979591836733,49
2022-08-18,keltner_channel_position,-0.15112244897959182,49
2022-08-19,keltner_channel_position,-0.3333673469387755,49
2022-08-22,keltner_channel_position,-0.062346938775510195,49
2022-08-23,keltner_channel_position,-0.08459183673469386,49
2022-08-24,keltner_channel_position,0.06316326530612244,49
2022-08-25,keltner_channel_position,0.09459183673469387,49
2022-08-26,keltner_channel_position,0.07163265306122449,49
2022-08-29,keltner_channel_position,-0.3483673469387755,49
2022-08-30,keltner_channel_position,0.2286734693877551,49
2022-09-01,keltner_channel_position,0.315204081632653,49
2022-09-02,keltner_channel_position,0.023163265306122446,49
2022-09-05,keltner_channel_position,-0.0826530612244898,49
2022-09-06,keltner_channel_position,0.010816326530612244,49
2022-09-07,keltner_channel_position,0.016122448979591836,49
2022-09-08,keltner_channel_position,-0.2804081632653061,49
2022-09-09,keltner_channel_position,0.1602591903376151,49
2022-09-12,keltner_channel_position,0.08459183673469386,49
2022-09-13,keltner_channel_position,0.128265306122449,49
2022-09-14,keltner_channel_position,0.30979591836734693,49
2022-09-15,keltner_channel_position,0.3844897959183673,49
2022-09-16,keltner_channel_position,-0.04306122448979591,49
2022-09-19,keltner_channel_position,-0.1860204081632653,49
2022-09-20,keltner_channel_position,0.08918367346938774,49
2022-09-21,keltner_channel_position,0.17479591836734695,49
2022-09-22,keltner_channel_position,-0.1454081632653061,49
2022-09-23,keltner_channel_position,-0.23622448979591834,49
2022-09-26,keltner_channel_position,0.050408163265306116,49
2022-09-27,keltner_channel_position,0.3145918367346938,49
2022-09-28,keltner_channel_position,-0.16030612244897957,49
2022-09-29,keltner_channel_position,-0.4355102040816326,49
2022-09-30,keltner_channel_position,-0.01806122448979592,49
2022-10-03,keltner_channel_position,-0.47642857142857137,49
2022-10-04,keltner_channel_position,-0.1143877551020408,49
2022-10-06,keltner_channel_position,-0.0633673469387755,49
2022-10-07,keltner_channel_position,-0.007959183673469388,49
2022-10-10,keltner_channel_position,-0.34020408163265303,49
2022-10-11,keltner_channel_position,-0.20795918367346936,49
2022-10-12,keltner_channel_position,0.050306122448979584,49
2022-10-13,keltner_channel_position,0.07142857142857141,49
2022-10-14,keltner_channel_position,-0.010510204081632652,49
2022-10-17,keltner_channel_position,-0.3955102040816326,49
2022-10-18,keltner_channel_position,0.0002040816326530612,49
2022-10-19,keltner_channel_position,-0.050816326530612244,49
2022-10-20,keltner_channel_position,-0.0017346938775510202,49
2022-10-21,keltner_channel_position,0.034591836734693876,49
2022-10-24,keltner_channel_position,-0.09724489795918365,49
2022-10-25,keltner_channel_position,0.05285714285714285,49
2022-10-27,keltner_channel_position,-0.3466326530612245,49
2022-10-28,keltner_channel_position,-0.22948979591836732,49
2022-10-31,keltner_channel_position,-0.19030612244897957,49
2022-11-01,keltner_channel_position,-0.09408163265306121,49
2022-11-02,keltner_channel_position,-0.4231632653061224,49
2022-11-03,keltner_channel_position,-0.16234693877551018,49
2022-11-04,keltner_channel_position,0.12153061224489795,49
2022-11-07,keltner_channel_position,0.04153061224489796,49
2022-11-09,keltner_channel_position,0.005816326530612244,49
2022-11-10,keltner_channel_position,-0.13255102040816327,49
2022-11-11,keltner_channel_position,0.04346938775510204,49
2022-11-14,keltner_channel_position,0.010510204081632652,49
2022-11-15,keltner_channel_position,-0.15020408163265306,49
2022-11-16,keltner_channel_position,0.0860204081632653,49
2022-11-17,keltner_channel_position,0.19306122448979587,49
2022-11-18,keltner_channel_position,-0.33418367346938765,49
2022-11-21,keltner_channel_position,0.0596938775510204,49
2022-11-22,keltner_channel_position,-0.06602040816326529,49
2022-11-23,keltner_channel_position,0.1556122448979592,49
2022-11-24,keltner_channel_position,-0.1680612244897959,49
2022-11-25,keltner_channel_position,-0.2996938775510204,49
2022-11-28,keltner_channel_position,0.03,49
2022-11-29,keltner_channel_position,-0.18857142857142856,49
2022-11-30,keltner_channel_position,0.12857142857142856,49
2022-12-01,keltner_channel_position,-0.0583673469387755,49
2022-12-02,keltner_channel_position,-0.228469387755102,49
2022-12-05,keltner_channel_position,-0.22581632653061223,49
2022-12-06,keltner_channel_position,-0.14153061224489794,49
2022-12-07,keltner_channel_position,0.3179591836734693,49
2022-12-08,keltner_channel_position,-0.22551020408163264,49
2022-12-09,keltner_channel_position,0.26255102040816325,49
2022-12-12,keltner_channel_position,-0.4160204081632653,49
2022-12-13,keltner_channel_position,-0.16010204081632654,49
2022-12-14,keltner_channel_position,-0.03714285714285714,49
2022-12-15,keltner_channel_position,0.016428571428571428,49
2022-12-16,keltner_channel_position,-0.06346938775510204,49
2022-12-19,keltner_channel_position,-0.21755102040816326,49
2022-12-20,keltner_channel_position,-0.19938775510204076,49
2022-12-21,keltner_channel_position,-0.05928571428571428,49
2022-12-22,keltner_channel_position,0.22346938775510203,49
2022-12-23,keltner_channel_position,-0.46744897959183673,49
2022-12-26,keltner_channel_position,-0.27367346938775505,49
2022-12-27,keltner_channel_position,-0.34091836734693876,49
2022-12-28,keltner_channel_position,0.101734693877551,49
2022-12-29,keltner_channel_position,-0.2414285714285714,49
2022-12-30,keltner_channel_position,0.1689795918367347,49
2023-01-02,keltner_channel_position,-0.18163265306122445,49
2023-01-03,keltner_channel_position,-0.1420408163265306,49
2023-01-04,keltner_channel_position,-0.12387755102040815,49
2023-01-05,keltner_channel_position,0.3783259778266208,49
2023-01-06,keltner_channel_position,0.058469387755102034,49
2023-01-09,keltner_channel_position,0.052653061224489796,49
2023-01-10,keltner_channel_position,0.12244897959183673,49
2023-01-11,keltner_channel_position,0.11091836734693877,49
2023-01-12,keltner_channel_position,0.05928571428571428,49
2023-01-13,keltner_channel_position,0.008979591836734694,49
2023-01-16,keltner_channel_position,0.14897959183673468,49
2023-01-17,keltner_channel_position,-0.07887755102040815,49
2023-01-18,keltner_channel_position,0.32091836734693874,49
2023-01-19,keltner_channel_position,0.07816326530612244,49
2023-01-20,keltner_channel_position,0.2040816326530612,49
2023-01-23,keltner_channel_position,-0.07081632653061223,49
2023-01-24,keltner_channel_position,0.22295918367346937,49
2023-01-25,keltner_channel_position,0.2474489795918367,49
2023-01-27,keltner_channel_position,-0.2594897959183673,49
2023-01-30,keltner_channel_position,-0.29387755102040813,49
2023-01-31,keltner_channel_position,0.17326530612244898,49
2023-02-01,keltner_channel_position,0.24897959183673465,49
2023-02-02,keltner_channel_position,-0.32724489795918366,49
2023-02-03,keltner_channel_position,-0.21551020408163266,49
2023-02-06,keltner_channel_position,-0.31571428571428567,49
2023-02-07,keltner_channel_position,-0.20775510204081632,49
2023-02-08,keltner_channel_position,-0.04255102040816327,49
2023-02-09,keltner_channel_position,-0.1610204081632653,49
2023-02-10,keltner_channel_position,-0.0001020408163265306,49
2023-02-13,keltner_channel_position,-0.1793877551020408,49
2023-02-14,keltner_channel_position,-0.15357142857142855,49
2023-02-15,keltner_channel_position,-0.03051020408163265,49
2023-02-16,keltner_channel_position,0.14326530612244898,49
2023-02-17,keltner_channel_position,-0.037551020408163265,49
2023-02-20,keltner_channel_position,-0.1010204081632653,49
2023-02-21,keltner_channel_position,-0.03173469387755102,49
2023-02-22,keltner_channel_position,-0.17836734693877548,49
2023-02-23,keltner_channel_position,0.02826530612244898,49
2023-02-24,keltner_channel_position,0.003775510204081632,49
2023-02-27,keltner_channel_position,-0.09551020408163266,49
2023-02-28,keltner_channel_position,0.0059183673469387745,49
2023-03-01,keltner_channel_position,0.10561224489795919,49
2023-03-02,keltner_channel_position,-0.2562244897959184,49
2023-03-03,keltner_channel_position,0.30224489795918363,49
2023-03-06,keltner_channel_position,0.12265306122448977,49
2023-03-08,keltner_channel_position,-0.14857142857142855,49
2023-03-09,keltner_channel_position,-0.02091836734693877,49
2023-03-10,keltner_channel_position,0.09693877551020408,49
2023-03-13,keltner_channel_position,-0.035714285714285705,49
2023-03-14,keltner_channel_position,0.2213265306122449,49
2023-03-15,keltner_channel_position,0.07887755102040815,49
2023-03-16,keltner_channel_position,-0.28357142857142853,49
2023-03-17,keltner_channel_position,0.14244897959183672,49
2023-03-20,keltner_channel_position,-0.250204081632653,49
2023-03-21,keltner_channel_position,-0.17321870461515543,49
2023-03-22,keltner_channel_position,0.04091836734693877,49
2023-03-23,keltner_channel_position,-0.08081632653061224,49
2023-03-24,keltner_channel_position,-0.012755102040816325,49
2023-03-27,keltner_channel_position,0.04826530612244897,49
2023-03-28,keltner_channel_position,-0.31102040816326526,49
2023-03-29,keltner_channel_position,-0.29795918367346935,49
2023-03-31,keltner_channel_position,-0.273265306122449,49
2023-04-03,keltner_channel_position,0.2004081632653061,49
2023-04-05,keltner_channel_position,-0.25693877551020405,49
2023-04-06,keltner_channel_position,-0.3572448979591836,49
2023-04-10,keltner_channel_position,-0.12959183673469385,49
2023-04-11,keltner_channel_position,-0.16336734693877547,49
2023-04-12,keltner_channel_position,-0.00826530612244898,49
2023-04-13,keltner_channel_position,0.2577551020408163,49
2023-04-17,keltner_channel_position,-0.07030612244897959,49
2023-04-18,keltner_channel_position,0.18397959183673468,49
2023-04-19,keltner_channel_position,-0.23724489795918366,49
2023-04-20,keltner_channel_position,-0.10765306122448977,49
2023-04-21,keltner_channel_position,-0.0546938775510204,49
2023-04-24,keltner_channel_position,0.06938775510204082,49
2023-04-25,keltner_channel_position,-0.02979591836734694,49
2023-04-26,keltner_channel_position,-0.03857142857142857,49
2023-04-27,keltner_channel_position,0.022755102040816325,49
2023-04-28,keltner_channel_position,-0.3054081632653061,49
2023-05-02,keltner_channel_position,0.08010204081632652,49
2023-05-03,keltner_channel_position,-0.3637755102040816,49
2023-05-04,keltner_channel_position,0.057142857142857134,49
2023-05-05,keltner_channel_position,-0.1333673469387755,49
2023-05-08,keltner_channel_position,-0.3480612244897959,49
2023-05-09,keltner_channel_position,0.4806122448979592,49
2023-05-10,keltner_channel_position,0.08214285714285713,49
2023-05-11,keltner_channel_position,0.12193877551020406,49
2023-05-12,keltner_channel_position,-0.13938775510204082,49
2023-05-15,keltner_channel_position,0.011734693877551019,49
2023-05-16,keltner_channel_position,0.11918367346938775,49
2023-05-17,keltner_channel_position,-0.08775510204081631,49
2023-05-18,keltner_channel_position,-0.034081632653061224,49
2023-05-19,keltner_channel_position,-0.28765306122448975,49
2023-05-22,keltner_channel_position,-0.006122448979591837,49
2023-05-23,keltner_channel_position,-0.1913265306122449,49
2023-05-24,keltner_channel_position,0.17816326530612245,49
2023-05-25,keltner_channel_position,-0.10408163265306122,49
2023-05-26,keltner_channel_position,-0.36102040816326525,49
2023-05-29,keltner_channel_position,0.06561224489795918,49
2023-05-30,keltner_channel_position,0.08102040816326529,49
2023-05-31,keltner_channel_position,-0.19785714285714284,49
2023-06-01,keltner_channel_position,-0.17602040816326528,49
2023-06-02,keltner_channel_position,-0.04989795918367347,49
2023-06-05,keltner_channel_position,0.3569387755102041,49
2023-06-06,keltner_channel_position,-0.2583673469387755,49
2023-06-07,keltner_channel_position,-0.22071428571428572,49
2023-06-08,keltner_channel_position,0.3971428571428571,49
2023-06-09,keltner_channel_position,-0.361734693877551,49
2023-06-12,keltner_channel_position,0.11193877551020406,49
2023-06-13,keltner_channel_position,-0.009489795918367346,49
2023-06-14,keltner_channel_position,0.23418367346938773,49
2023-06-15,keltner_channel_position,0.07826530612244896,49
2023-06-16,keltner_channel_position,0.03071428571428571,49
2023-06-19,keltner_channel_position,-0.18367346938775508,49
2023-06-20,keltner_channel_position,-0.26122448979591834,49
2023-06-21,keltner_channel_position,-0.2524489795918367,49
2023-06-22,keltner_channel_position,0.02877551020408163,49
2023-06-23,keltner_channel_position,-0.06499999999999999,49
2023-06-26,keltner_channel_position,-0.07969387755102039,49
2023-06-27,keltner_channel_position,-0.128265306122449,49
2023-06-28,keltner_channel_position,-0.09744897959183672,49
2023-06-30,keltner_channel_position,-0.3774489795918367,49
2023-07-03,keltner_channel_position,0.019999999999999997,49
2023-07-04,keltner_channel_position,-0.0786734693877551,49
2023-07-05,keltner_channel_position,-0.20591836734693875,49
2023-07-06,keltner_channel_position,-0.009081632653061224,49
2023-07-07,keltner_channel_position,-0.11030612244897958,49
2023-07-10,keltner_channel_position,-0.09704081632653061,49
2023-07-11,keltner_channel_position,0.05561224489795918,49
2023-07-12,keltner_channel_position,-0.07857142857142856,49
2023-07-13,keltner_channel_position,-0.11489795918367346,49
2023-07-14,keltner_channel_position,-0.34255102040816326,49
2023-07-17,keltner_channel_position,0.09408163265306121,49
2023-07-18,keltner_channel_position,-0.15122448979591835,49
2023-07-19,keltner_channel_position,-0.02551020408163265,49
2023-07-20,keltner_channel_position,-0.11142857142857142,49
2023-07-21,keltner_channel_position,-0.15479591836734694,49
2023-07-24,keltner_channel_position,-0.11571428571428571,49
2023-07-25,keltner_channel_position,-0.0017346938775510202,49
2023-07-26,keltner_channel_position,0.19622448979591833,49
2023-07-27,keltner_channel_position,0.054183673469387746,49
2023-07-28,keltner_channel_position,0.18265306122448977,49
2023-07-31,keltner_channel_position,-0.08479591836734694,49
2023-08-01,keltner_channel_position,-0.3488775510204081,49
2023-08-02,keltner_channel_position,0.30724489795918364,49
2023-08-03,keltner_channel_position,0.06602040816326529,49
2023-08-04,keltner_channel_position,0.17959183673469387,49
2023-08-07,keltner_channel_position,-0.2774489795918367,49
2023-08-08,keltner_channel_position,0.26448979591836735,49
2023-08-09,keltner_channel_position,0.3297959183673469,49
2023-08-10,keltner_channel_position,-0.06499999999999999,49
2023-08-11,keltner_channel_position,-0.1454081632653061,49
2023-08-14,keltner_channel_position,0.07897959183673468,49
2023-08-16,keltner_channel_position,-0.09857142857142856,49
2023-08-17,keltner_channel_position,-0.1605102040816326,49
2023-08-18,keltner_channel_position,-0.1196938775510204,49
2023-08-21,keltner_channel_position,0.08377551020408162,49
2023-08-22,keltner_channel_position,-0.23887755102040814,49
2023-08-23,keltner_channel_position,-0.08785714285714286,49
2023-08-24,keltner_channel_position,-0.3192857142857143,49
2023-08-25,keltner_channel_position,-0.1286734693877551,49
2023-08-28,keltner_channel_position,0.026734693877551015,49
2023-08-29,keltner_channel_position,0.143469387755102,49
2023-08-30,keltner_channel_position,0.16295918367346937,49
2023-08-31,keltner_channel_position,0.060102040816326516,49
2023-09-01,keltner_channel_position,0.22448979591836732,49
2023-09-04,keltner_channel_position,-0.2762244897959183,49
2023-09-05,keltner_channel_position,-0.4476530612244898,49
2023-09-06,keltner_channel_position,-0.0013265306122448978,49
2023-09-07,keltner_channel_position,0.004591836734693877,49
2023-09-08,keltner_channel_position,-0.15306122448979592,49
2023-09-11,keltner_channel_position,-0.3058163265306122,49
2023-09-12,keltner_channel_position,-0.043877551020408155,49
2023-09-13,keltner_channel_position,-0.16285714285714284,49
2023-09-14,keltner_channel_position,0.2965306122448979,49
2023-09-15,keltner_channel_position,-0.1872268907563025,50
2023-09-18,keltner_channel_position,0.22660264105642255,50
2023-09-20,keltner_channel_position,-0.3151500600240096,50
2023-09-21,keltner_channel_position,0.17829531812725088,50
2023-09-22,keltner_channel_position,-0.06909963985594238,50
2023-09-25,keltner_channel_position,-0.1569747899159664,50
2023-09-26,keltner_channel_position,-0.24974789915966386,50
2023-09-27,keltner_channel_position,0.1592797118847539,50
2023-09-28,keltner_channel_position,0.008115246098439374,50
2023-09-29,keltner_channel_position,-0.07726290516206481,50
2023-10-03,keltner_channel_position,-0.5642737094837935,50
2023-10-04,keltner_channel_position,-0.009651860744297719,50
2023-10-05,keltner_channel_position,-0.16878751500600236,50
2023-10-06,keltner_channel_position,0.07034813925570228,50
2023-10-09,keltner_channel_position,-0.13728691476590635,50
2023-10-10,keltner_channel_position,-0.33186074429771906,50
2023-10-11,keltner_channel_position,0.005426170468187274,50
2023-10-12,keltner_channel_position,0.2385114045618247,50
2023-10-13,keltner_channel_position,-0.06765906362545018,50
2023-10-16,keltner_channel_position,0.05104441776710684,50
2023-10-17,keltner_channel_position,0.1499639855942377,50
2023-10-18,keltner_channel_position,0.019255702280912366,50
2023-10-19,keltner_channel_position,-0.07745498199279711,50
2023-10-20,keltner_channel_position,0.06612244897959184,50
2023-10-23,keltner_channel_position,-0.19846338535414165,50
2023-10-25,keltner_channel_position,-0.18914765906362543,50
2023-10-26,keltner_channel_position,0.17944777911164464,50
2023-10-27,keltner_channel_position,-0.27539015606242495,50
2023-10-30,keltner_channel_position,-0.005426170468187274,50
2023-10-31,keltner_channel_position,0.0385594237695078,50
2023-11-01,keltner_channel_position,-0.08648259303721488,50
2023-11-02,keltner_channel_position,-0.004849939975990396,50
2023-11-03,keltner_channel_position,-0.10453781512605041,50
2023-11-06,keltner_channel_position,0.14487394957983193,50
2023-11-07,keltner_channel_position,-0.0003361344537815126,50
2023-11-08,keltner_channel_position,-0.1348859543817527,50
2023-11-09,keltner_channel_position,-0.15812725090036014,50
2023-11-10,keltner_channel_position,0.13603841536614644,50
2023-11-13,keltner_channel_position,-0.2790396158463385,50
2023-11-15,keltner_channel_position,-0.3468427370948379,50
2023-11-16,keltner_channel_position,-0.09887154861944776,50
2023-11-17,keltner_channel_position,0.11020408163265305,50
2023-11-20,keltner_channel_position,-0.294405762304922,50
2023-11-21,keltner_channel_position,0.211812725090036,50
2023-11-22,keltner_channel_position,-0.09378151260504201,50
2023-11-23,keltner_channel_position,-0.390828331332533,50
2023-11-24,keltner_channel_position,-0.12547418967587035,50
2023-11-28,keltner_channel_position,-0.15889555822328932,50
2023-11-29,keltner_channel_position,0.03923169267707083,50
2023-11-30,keltner_channel_position,-0.18424969987995196,50
2023-12-01,keltner_channel_position,-0.11164465786314526,50
2023-12-04,keltner_channel_position,0.01944777911164466,50
2023-12-05,keltner_channel_position,-0.3589435774309723,50
2023-12-06,keltner_channel_position,-0.012917166866746698,50
2023-12-07,keltner_channel_position,-0.004369747899159664,50
2023-12-08,keltner_channel_position,0.2820168067226891,50
2023-12-11,keltner_channel_position,0.16619447779111643,50
2023-12-12,keltner_channel_position,0.015990396158463382,50
2023-12-13,keltner_channel_position,-0.21930372148859542,50
2023-12-14,keltner_channel_position,0.3145738295318127,50
2023-12-15,keltner_channel_position,-0.03154861944777911,50
2023-12-18,keltner_channel_position,-0.207875150060024,50
2023-12-19,keltner_channel_position,-0.26463385354141655,50
2023-12-20,keltner_channel_position,0.09464585834333733,50
2023-12-21,keltner_channel_position,0.07399759903961585,50
2023-12-22,keltner_channel_position,0.15716686674669866,50
2023-12-26,keltner_channel_position,-0.06737094837935174,50
2023-12-27,keltner_channel_position,0.027803121248499398,50
2023-12-28,keltner_channel_position,0.06900360144057623,50
2023-12-29,keltner_channel_position,-0.21939975990396157,50
2022-01-03,donchian_channel_position,,0
2022-01-04,donchian_channel_position,,0
2022-01-05,donchian_channel_position,,0
2022-01-06,donchian_channel_position,,0
2022-01-07,donchian_channel_position,,0
2022-01-10,donchian_channel_position,,0
2022-01-11,donchian_channel_position,,0
2022-01-12,donchian_channel_position,,0
2022-01-13,donchian_channel_position,,0
2022-01-14,donchian_channel_position,,0
2022-01-17,donchian_channel_position,,0
2022-01-18,donchian_channel_position,,0
2022-01-19,donchian_channel_position,,0
2022-01-20,donchian_channel_position,,0
2022-01-21,donchian_channel_position,,0
2022-01-24,donchian_channel_position,,0
2022-01-25,donchian_channel_position,,0
2022-01-27,donchian_channel_position,,0
2022-01-28,donchian_channel_position,,0
2022-01-31,donchian_channel_position,-0.456734693877551,49
2022-02-01,donchian_channel_position,-0.32428571428571423,49
2022-02-02,donchian_channel_position,0.2694897959183673,49
2022-02-03,donchian_channel_position,0.046530612244897955,49
2022-02-04,donchian_channel_position,0.10091836734693876,49
2022-02-07,donchian_channel_position,0.050714285714285705,49
2022-02-08,donchian_channel_position,0.044387755102040814,49
2022-02-09,donchian_channel_position,-0.19061224489795917,49
2022-02-10,donchian_channel_position,0.27765306122448974,49
2022-02-11,donchian_channel_position,-0.20887755102040814,49
2022-02-14,donchian_channel_position,-0.2104081632653061,49
2022-02-15,donchian_channel_position,-0.2731632653061224,49
2022-02-16,donchian_channel_position,-0.21785714285714286,49
2022-02-17,donchian_channel_position,-0.09959183673469386,49
2022-02-18,donchian_channel_position,-0.21632653061224488,49
2022-02-21,donchian_channel_position,0.058979591836734686,49
2022-02-22,donchian_channel_position,-0.036326530612244896,49
2022-02-23,donchian_channel_position,0.05499999999999999,49
2022-02-24,donchian_channel_position,-0.28275510204081633,49
2022-02-25,donchian_channel_position,0.21153061224489794,49
2022-02-28,donchian_channel_position,0.3595918367346938,49
2022-03-02,donchian_channel_position,0.5064285714285713,49
2022-03-03,donchian_channel_position,-0.07112244897959182,49
2022-03-04,donchian_channel_position,0.6609183673469388,49
2022-03-07,donchian_channel_position,-0.08479591836734694,49
2022-03-08,donchian_channel_position,-0.45204081632653054,49
2022-03-09,donchian_channel_position,-0.4471428571428571,49
2022-03-10,donchian_channel_position,0.13448979591836732,49
2022-03-11,donchian_channel_position,-0.1173469387755102,49
2022-03-14,donchian_channel_position,-0.22387755102040813,49
2022-03-15,donchian_channel_position,-0.18,49
2022-03-16,donchian_channel_position,-0.12214285714285714,49
2022-03-17,donchian_channel_position,0.10530612244897959,49
2022-03-21,donchian_channel_position,0.09275510204081633,49
2022-03-22,donchian_channel_position,0.03438775510204081,49
2022-03-23,donchian_channel_position,0.2726530612244898,49
2022-03-24,donchian_channel_position,-0.04142857142857142,49
2022-03-25,donchian_channel_position,0.17826530612244895,49
2022-03-28,donchian_channel_position,-0.14928571428571427,49
2022-03-29,donchian_channel_position,-0.1496938775510204,49
2022-03-30,donchian_channel_position,-0.05183673469387754,49
2022-03-31,donchian_channel_position,0.005306122448979591,49
2022-04-01,donchian_channel_position,-0.13989795918367345,49
2022-04-04,donchian_channel_position,0.16785714285714284,49
2022-04-05,donchian_channel_position,0.26765306122448973,49
2022-04-06,donchian_channel_position,-0.15265306122448977,49
2022-04-07,donchian_channel_position,0.11581632653061223,49
2022-04-08,donchian_channel_position,0.09551020408163266,49
2022-04-11,donchian_channel_position,0.015204081632653061,49
2022-04-12,donchian_channel_position,0.09183673469387754,49
2022-04-13,donchian_channel_position,0.4342857142857142,49
2022-04-18,donchian_channel_position,-0.06622448979591836,49
2022-04-19,donchian_channel_position,-0.14326530612244898,49
2022-04-20,donchian_channel_position,0.22040816326530613,49
2022-04-21,donchian_channel_position,0.012755102040816325,49
2022-04-22,donchian_channel_position,0.015,49
2022-04-25,donchian_channel_position,0.06510204081632652,49
2022-04-26,donchian_channel_position,0.02040816326530612,49
2022-04-27,donchian_channel_position,0.00826530612244898,49
2022-04-28,donchian_channel_position,-0.07153061224489796,49
2022-04-29,donchian_channel_position,0.19785714285714284,49
2022-05-02,donchian_channel_position,0.02030612244897959,49
2022-05-04,donchian_channel_position,0.0064285714285714285,49
2022-05-05,donchian_channel_position,0.48571428571428565,49
2022-05-06,donchian_channel_position,-0.19183673469387755,49
2022-05-09,donchian_channel_position,0.14030612244897958,49
2022-05-10,donchian_channel_position,-0.09857142857142856,49
2022-05-11,donchian_channel_position,0.13224489795918368,49
2022-05-12,donchian_channel_position,0.3426530612244898,49
2022-05-13,donchian_channel_position,-0.21897959183673468,49
2022-05-16,donchian_channel_position,-0.35857142857142854,49
2022-05-17,donchian_channel_position,-0.08877551020408163,49
2022-05-18,donchian_channel_position,0.04255102040816327,49
2022-05-19,donchian_channel_position,0.03204081632653061,49
2022-05-20,donchian_channel_position,0.04755102040816325,49
2022-05-23,donchian_channel_position,0.2648979591836734,49
2022-05-24,donchian_channel_position,0.1336734693877551,49
2022-05-25,donchian_channel_position,-0.3440816326530612,49
2022-05-26,donchian_channel_position,-0.049591836734693875,49
2022-05-27,donchian_channel_position,-0.23693877551020406,49
2022-05-30,donchian_channel_position,-0.15551020408163263,49
2022-05-31,donchian_channel_position,0.10224489795918366,49
2022-06-01,donchian_channel_position,-0.39265306122448973,49
2022-06-02,donchian_channel_position,-0.10275510204081631,49
2022-06-03,donchian_channel_position,-0.021326530612244893,49
2022-06-06,donchian_channel_position,0.10112244897959183,49
2022-06-07,donchian_channel_position,-0.13744897959183672,49
2022-06-08,donchian_channel_position,0.059795918367346934,49
2022-06-09,donchian_channel_position,-0.19061224489795917,49
2022-06-10,donchian_channel_position,-0.08479591836734694,49
2022-06-13,donchian_channel_position,-0.017448979591836732,49
2022-06-14,donchian_channel_position,-0.007244897959183673,49
2022-06-15,donchian_channel_position,0.05326530612244897,49
2022-06-16,donchian_channel_position,-0.1411224489795918,49
2022-06-17,donchian_channel_position,-0.19540816326530608,49
2022-06-20,donchian_channel_position,-0.26193877551020406,49
2022-06-21,donchian_channel_position,0.10510204081632651,49
2022-06-22,donchian_channel_position,0.3106122448979592,49
2022-06-23,donchian_channel_position,0.1123469387755102,49
2022-06-24,donchian_channel_position,-0.2670408163265306,49
2022-06-27,donchian_channel_position,-0.08244897959183672,49
2022-06-28,donchian_channel_position,0.1571428571428571,49
2022-06-29,donchian_channel_position,-0.1551020408163265,49
2022-06-30,donchian_channel_position,-0.2833673469387755,49
2022-07-01,donchian_channel_position,0.07183673469387755,49
2022-07-04,donchian_channel_position,-0.23102040816326527,49
2022-07-05,donchian_channel_position,0.4193877551020408,49
2022-07-06,donchian_channel_position,-0.3569387755102041,49
2022-07-07,donchian_channel_position,0.18346938775510202,49
2022-07-08,donchian_channel_position,-0.20744897959183672,49
2022-07-11,donchian_channel_position,-0.18193877551020404,49
2022-07-12,donchian_channel_position,0.08561224489795917,49
2022-07-13,donchian_channel_position,0.018265306122448977,49
2022-07-14,donchian_channel_position,0.3422448979591836,49
2022-07-15,donchian_channel_position,-0.1801020408163265,49
2022-07-18,donchian_channel_position,0.1474489795918367,49
2022-07-19,donchian_channel_position,-0.2586734693877551,49
2022-07-20,donchian_channel_position,0.09989795918367346,49
2022-07-21,donchian_channel_position,0.08653061224489796,49
2022-07-22,donchian_channel_position,0.19255102040816324,49
2022-07-25,donchian_channel_position,0.07581632653061224,49
2022-07-26,donchian_channel_position,0.03704081632653061,49
2022-07-27,donchian_channel_position,-0.2174489795918367,49
2022-07-28,donchian_channel_position,-0.06438775510204081,49
2022-07-29,donchian_channel_position,-0.0776530612244898,49
2022-08-01,donchian_channel_position,0.022653061224489793,49
2022-08-02,donchian_channel_position,-0.022653061224489793,49
2022-08-03,donchian_channel_position,-0.13999999999999999,49
2022-08-04,donchian_channel_position,-0.015714285714285712,49
2022-08-05,donchian_channel_position,-0.48316326530612236,49
2022-08-08,donchian_channel_position,-0.07428571428571427,49
2022-08-10,donchian_channel_position,0.04530612244897959,49
2022-08-11,donchian_channel_position,0.14816326530612245,49
2022-08-12,donchian_channel_position,-0.21826530612244896,49
2022-08-16,donchian_channel_position,-0.028367346938775507,49
2022-08-17,donchian_channel_position,0.01010204081632653,49
2022-08-18,donchian_channel_position,0.1354081632653061,49
2022-08-19,donchian_channel_position,-0.2186734693877551,49
2022-08-22,donchian_channel_position,-0.04091836734693877,49
2022-08-23,donchian_channel_position,-0.23112244897959183,49
2022-08-24,donchian_channel_position,0.052755102040816314,49
2022-08-25,donchian_channel_position,-0.0011224489795918367,49
2022-08-26,donchian_channel_position,0.10622448979591836,49
2022-08-29,donchian_channel_position,-0.5146938775510204,49
2022-08-30,donchian_channel_position,0.15153061224489794,49
2022-09-01,donchian_channel_position,0.32418367346938776,49
2022-09-02,donchian_channel_position,0.052448979591836725,49
2022-09-05,donchian_channel_position,-0.010612244897959183,49
2022-09-06,donchian_channel_position,0.007142857142857142,49
2022-09-07,donchian_channel_position,0.04469387755102041,49
2022-09-08,donchian_channel_position,-0.24693877551020407,49
2022-09-09,donchian_channel_position,0.1490854359014681,49
2022-09-12,donchian_channel_position,0.00510204081632653,49
2022-09-13,donchian_channel_position,0.17989795918367346,49
2022-09-14,donchian_channel_position,0.3147959183673469,49
2022-09-15,donchian_channel_position,0.4012244897959183,49
2022-09-16,donchian_channel_position,-0.08551020408163265,49
2022-09-19,donchian_channel_position,-0.2157142857142857,49
2022-09-20,donchian_channel_position,0.07908163265306122,49
2022-09-21,donchian_channel_position,0.19255102040816324,49
2022-09-22,donchian_channel_position,-0.15091836734693875,49
2022-09-23,donchian_channel_position,-0.2477551020408163,49
2022-09-26,donchian_channel_position,0.10183673469387754,49
2022-09-27,donchian_channel_position,0.3447959183673469,49
2022-09-28,donchian_channel_position,-0.041020408163265305,49
2022-09-29,donchian_channel_position,-0.4739795918367346,49
2022-09-30,donchian_channel_position,0.14448979591836736,49
2022-10-03,donchian_channel_position,-0.48,49
2022-10-04,donchian_channel_position,-0.09867346938775509,49
2022-10-06,donchian_channel_position,-0.0022448979591836735,49
2022-10-07,donchian_channel_position,-0.052448979591836725,49
2022-10-10,donchian_channel_position,-0.3427551020408162,49
2022-10-11,donchian_channel_position,-0.22357142857142856,49
2022-10-12,donchian_channel_position,0.0723469387755102,49
2022-10-13,donchian_channel_position,0.0583673469387755,49
2022-10-14,donchian_channel_position,-0.0730612244897959,49
2022-10-17,donchian_channel_position,-0.4815306122448979,49
2022-10-18,donchian_channel_position,-0.019183673469387753,49
2022-10-19,donchian_channel_position,0.055918367346938766,49
2022-10-20,donchian_channel_position,-0.002040816326530612,49
2022-10-21,donchian_channel_position,0.19816326530612244,49
2022-10-24,donchian_channel_position,0.008979591836734694,49
2022-10-25,donchian_channel_position,0.09612244897959182,49
2022-10-27,donchian_channel_position,-0.18061224489795918,49
2022-10-28,donchian_channel_position,-0.14051020408163264,49
2022-10-31,donchian_channel_position,-0.07663265306122448,49
2022-11-01,donchian_channel_position,0.03224489795918367,49
2022-11-02,donchian_channel_position,-0.376938775510204,49
2022-11-03,donchian_channel_position,-0.04673469387755102,49
2022-11-04,donchian_channel_position,0.23091836734693874,49
2022-11-07,donchian_channel_position,0.012142857142857141,49
2022-11-09,donchian_channel_position,0.10816326530612244,49
2022-11-10,donchian_channel_position,-0.12081632653061222,49
2022-11-11,donchian_channel_position,-0.011020408163265305,49
2022-11-14,donchian_channel_position,0.055918367346938766,49
2022-11-15,donchian_channel_position,-0.15785714285714283,49
2022-11-16,donchian_channel_position,0.07469387755102042,49
2022-11-17,donchian_channel_position,0.13561224489795917,49
2022-11-18,donchian_channel_position,-0.31571428571428567,49
2022-11-21,donchian_channel_position,0.15663265306122448,49
2022-11-22,donchian_channel_position,-0.12244897959183673,49
2022-11-23,donchian_channel_position,0.19918367346938773,49
2022-11-24,donchian_channel_position,-0.19653061224489793,49
2022-11-25,donchian_channel_position,-0.3248979591836734,49
2022-11-28,donchian_channel_position,0.11091836734693877,49
2022-11-29,donchian_channel_position,-0.15857142857142856,49
2022-11-30,donchian_channel_position,0.21948979591836734,49
2022-12-01,donchian_channel_position,0.008775510204081632,49
2022-12-02,donchian_channel_position,-0.2511224489795918,49
2022-12-05,donchian_channel_position,-0.24551020408163265,49
2022-12-06,donchian_channel_position,-0.04632653061224489,49
2022-12-07,donchian_channel_position,0.20357142857142857,49
2022-12-08,donchian_channel_position,-0.2094897959183673,49
2022-12-09,donchian_channel_position,0.25510204081632654,49
2022-12-12,donchian_channel_position,-0.43030612244897953,49
2022-12-13,donchian_channel_position,-0.151734693877551,49
2022-12-14,donchian_channel_position,0.031020408163265303,49
2022-12-15,donchian_channel_position,-0.02816326530612245,49
2022-12-16,donchian_channel_position,-0.035714285714285705,49
2022-12-19,donchian_channel_position,-0.20744897959183672,49
2022-12-20,donchian_channel_position,-0.19989795918367348,49
2022-12-21,donchian_channel_position,-0.08438775510204079,49
2022-12-22,donchian_channel_position,0.17724489795918366,49
2022-12-23,donchian_channel_position,-0.4231632653061224,49
2022-12-26,donchian_channel_position,-0.27724489795918367,49
2022-12-27,donchian_channel_position,-0.30969387755102035,49
2022-12-28,donchian_channel_position,0.12724489795918367,49
2022-12-29,donchian_channel_position,-0.1608163265306122,49
2022-12-30,donchian_channel_position,0.2480612244897959,49
2023-01-02,donchian_channel_position,-0.2927551020408163,49
2023-01-03,donchian_channel_position,-0.19438775510204082,49
2023-01-04,donchian_channel_position,-0.22653061224489796,49
2023-01-05,donchian_channel_position,0.26582310781883944,49
2023-01-06,donchian_channel_position,0.09275510204081633,49
2023-01-09,donchian_channel_position,0.04551020408163265,49
2023-01-10,donchian_channel_position,0.08948979591836734,49
2023-01-11,donchian_channel_position,0.06846938775510204,49
2023-01-12,donchian_channel_position,0.11846938775510203,49
2023-01-13,donchian_channel_position,0.1276530612244898,49
2023-01-16,donchian_channel_position,0.19744897959183672,49
2023-01-17,donchian_channel_position,-0.061326530612244884,49
2023-01-18,donchian_channel_position,0.3189795918367347,49
2023-01-19,donchian_channel_position,0.08755102040816326,49
2023-01-20,donchian_channel_position,0.1707142857142857,49
2023-01-23,donchian_channel_position,0.0002040816326530612,49
2023-01-24,donchian_channel_position,0.25693877551020405,49
2023-01-25,donchian_channel_position,0.22632653061224486,49
2023-01-27,donchian_channel_position,-0.29724489795918363,49
2023-01-30,donchian_channel_position,-0.2468367346938775,49
2023-01-31,donchian_channel_position,0.10142857142857141,49
2023-02-01,donchian_channel_position,0.3297959183673469,49
2023-02-02,donchian_channel_position,-0.273265306122449,49
2023-02-03,donchian_channel_position,-0.2340816326530612,49
2023-02-06,donchian_channel_position,-0.14551020408163265,49
2023-02-07,donchian_channel_position,0.017653061224489792,49
2023-02-08,donchian_channel_position,-0.017959183673469388,49
2023-02-09,donchian_channel_position,-0.15132653061224488,49
2023-02-10,donchian_channel_position,-0.17632653061224488,49
2023-02-13,donchian_channel_position,-0.07520408163265306,49
2023-02-14,donchian_channel_position,0.006938775510204081,49
2023-02-15,donchian_channel_position,-0.012959183673469385,49
2023-02-16,donchian_channel_position,0.08551020408163265,49
2023-02-17,donchian_channel_position,-0.13479591836734692,49
2023-02-20,donchian_channel_position,-0.07785714285714285,49
2023-02-21,donchian_channel_position,-0.18948979591836734,49
2023-02-22,donchian_channel_position,-0.25357142857142856,49
2023-02-23,donchian_channel_position,0.06785714285714285,49
2023-02-24,donchian_channel_position,0.1474489795918367,49
2023-02-27,donchian_channel_position,-0.17755102040816326,49
2023-02-28,donchian_channel_position,-0.03448979591836734,49
2023-03-01,donchian_channel_position,0.14816326530612245,49
2023-03-02,donchian_channel_position,-0.1959183673469388,49
2023-03-03,donchian_channel_position,0.2357142857142857,49
2023-03-06,donchian_channel_position,0.10030612244897957,49
2023-03-08,donchian_channel_position,-0.10520408163265305,49
2023-03-09,donchian_channel_position,-0.039693877551020405,49
2023-03-10,donchian_channel_position,0.14918367346938774,49
2023-03-13,donchian_channel_position,-0.06602040816326529,49
2023-03-14,donchian_channel_position,0.24908163265306119,49
2023-03-15,donchian_channel_position,0.03071428571428571,49
2023-03-16,donchian_channel_position,-0.28765306122448975,49
2023-03-17,donchian_channel_position,0.08081632653061224,49
2023-03-20,donchian_channel_position,-0.20775510204081632,49
2023-03-21,donchian_channel_position,-0.159136712723025,49
2023-03-22,donchian_channel_position,0.0016326530612244896,49
2023-03-23,donchian_channel_position,-0.06499999999999999,49
2023-03-24,donchian_channel_position,-0.052653061224489796,49
2023-03-27,donchian_channel_position,-0.024081632653061222,49
2023-03-28,donchian_channel_position,-0.24051020408163262,49
2023-03-29,donchian_channel_position,-0.2840816326530612,49
2023-03-31,donchian_channel_position,-0.35673469387755097,49
2023-04-03,donchian_channel_position,0.30081632653061224,49
2023-04-05,donchian_channel_position,-0.2480612244897959,49
2023-04-06,donchian_channel_position,-0.37520408163265295,49
2023-04-10,donchian_channel_position,-0.05091836734693877,49
2023-04-11,donchian_channel_position,-0.18612244897959182,49
2023-04-12,donchian_channel_position,0.07051020408163265,49
2023-04-13,donchian_channel_position,0.35061224489795917,49
2023-04-17,donchian_channel_position,0.0954081632653061,49
2023-04-18,donchian_channel_position,0.17510204081632652,49
2023-04-19,donchian_channel_position,-0.3458163265306122,49
2023-04-20,donchian_channel_position,-0.13551020408163264,49
2023-04-21,donchian_channel_position,-0.10418367346938774,49
2023-04-24,donchian_channel_position,0.09704081632653061,49
2023-04-25,donchian_channel_position,-0.15489795918367347,49
2023-04-26,donchian_channel_position,-0.12612244897959182,49
2023-04-27,donchian_channel_position,0.05142857142857143,49
2023-04-28,donchian_channel_position,-0.1801020408163265,49
2023-05-02,donchian_channel_position,0.000510204081632653,49
2023-05-03,donchian_channel_position,-0.3361224489795918,49
2023-05-04,donchian_channel_position,-0.0030612244897959186,49
2023-05-05,donchian_channel_position,-0.20428571428571424,49
2023-05-08,donchian_channel_position,-0.250204081632653,49
2023-05-09,donchian_channel_position,0.3866326530612245,49
2023-05-10,donchian_channel_position,0.03857142857142857,49
2023-05-11,donchian_channel_position,0.04244897959183673,49
2023-05-12,donchian_channel_position,-0.15928571428571425,49
2023-05-15,donchian_channel_position,0.007653061224489796,49
2023-05-16,donchian_channel_position,-0.028061224489795915,49
2023-05-17,donchian_channel_position,-0.01040816326530612,49
2023-05-18,donchian_channel_position,-0.03346938775510204,49
2023-05-19,donchian_channel_position,-0.16602040816326527,49
2023-05-22,donchian_channel_position,-0.08510204081632654,49
2023-05-23,donchian_channel_position,-0.11204081632653061,49
2023-05-24,donchian_channel_position,0.12,49
2023-05-25,donchian_channel_position,-0.09142857142857141,49
2023-05-26,donchian_channel_position,-0.28357142857142853,49
2023-05-29,donchian_channel_position,0.18020408163265303,49
2023-05-30,donchian_channel_position,0.05020408163265306,49
2023-05-31,donchian_channel_position,0.05010204081632653,49
2023-06-01,donchian_channel_position,-0.22295918367346937,49
2023-06-02,donchian_channel_position,0.00846938775510204,49
2023-06-05,donchian_channel_position,0.27489795918367343,49
2023-06-06,donchian_channel_position,-0.2723469387755102,49
2023-06-07,donchian_channel_position,-0.11306122448979591,49
2023-06-08,donchian_channel_position,0.36948979591836734,49
2023-06-09,donchian_channel_position,-0.41744897959183663,49
2023-06-12,donchian_channel_position,0.15428571428571428,49
2023-06-13,donchian_channel_position,0.006122448979591837,49
2023-06-14,donchian_channel_position,0.3077551020408163,49
2023-06-15,donchian_channel_position,0.06785714285714285,49
2023-06-16,donchian_channel_position,0.11214285714285713,49
2023-06-19,donchian_channel_position,-0.19204081632653058,49
2023-06-20,donchian_channel_position,-0.25663265306122446,49
2023-06-21,donchian_channel_position,-0.26408163265306117,49
2023-06-22,donchian_channel_position,0.003877551020408163,49
2023-06-23,donchian_channel_position,-0.05663265306122449,49
2023-06-26,donchian_channel_position,-0.11520408163265305,49
2023-06-27,donchian_channel_position,-0.06040816326530611,49
2023-06-28,donchian_channel_position,-0.10612244897959182,49
2023-06-30,donchian_channel_position,-0.38530612244897955,49
2023-07-03,donchian_channel_position,-0.0823469387755102,49
2023-07-04,donchian_channel_position,-0.02724489795918367,49
2023-07-05,donchian_channel_position,-0.23867346938775508,49
2023-07-06,donchian_channel_position,0.018979591836734692,49
2023-07-07,donchian_channel_position,-0.07459183673469387,49
2023-07-10,donchian_channel_position,-0.20306122448979588,49
2023-07-11,donchian_channel_position,0.06602040816326529,49
2023-07-12,donchian_channel_position,-0.09897959183673467,49
2023-07-13,donchian_channel_position,-0.08520408163265306,49
2023-07-14,donchian_channel_position,-0.23367346938775507,49
2023-07-17,donchian_channel_position,0.06948979591836733,49
2023-07-18,donchian_channel_position,-0.08469387755102038,49
2023-07-19,donchian_channel_position,0.07714285714285714,49
2023-07-20,donchian_channel_position,-0.03551020408163265,49
2023-07-21,donchian_channel_position,-0.0873469387755102,49
2023-07-24,donchian_channel_position,-0.12295918367346936,49
2023-07-25,donchian_channel_position,-0.01357142857142857,49
2023-07-26,donchian_channel_position,0.17632653061224488,49
2023-07-27,donchian_channel_position,0.13581632653061224,49
2023-07-28,donchian_channel_position,0.12877551020408162,49
2023-07-31,donchian_channel_position,-0.13561224489795917,49
2023-08-01,donchian_channel_position,-0.3439795918367346,49
2023-08-02,donchian_channel_position,0.3148979591836734,49
2023-08-03,donchian_channel_position,0.003979591836734694,49
2023-08-04,donchian_channel_position,0.23816326530612242,49
2023-08-07,donchian_channel_position,-0.2902040816326531,49
2023-08-08,donchian_channel_position,0.18367346938775508,49
2023-08-09,donchian_channel_position,0.3528571428571428,49
2023-08-10,donchian_channel_position,-0.04775510204081633,49
2023-08-11,donchian_channel_position,-0.19622448979591833,49
2023-08-14,donchian_channel_position,0.1357142857142857,49
2023-08-16,donchian_channel_position,-0.04581632653061224,49
2023-08-17,donchian_channel_position,-0.2423469387755102,49
2023-08-18,donchian_channel_position,-0.16459183673469385,49
2023-08-21,donchian_channel_position,0.018673469387755104,49
2023-08-22,donchian_channel_position,-0.2595918367346939,49
2023-08-23,donchian_channel_position,-0.009795918367346938,49
2023-08-24,donchian_channel_position,-0.18663265306122448,49
2023-08-25,donchian_channel_position,-0.26367346938775504,49
2023-08-28,donchian_channel_position,-0.03765306122448979,49
2023-08-29,donchian_channel_position,0.2227551020408163,49
2023-08-30,donchian_channel_position,0.18020408163265303,49
2023-08-31,donchian_channel_position,0.0029591836734693872,49
2023-09-01,donchian_channel_position,0.1293877551020408,49
2023-09-04,donchian_channel_position,-0.261734693877551,49
2023-09-05,donchian_channel_position,-0.4504081632653061,49
2023-09-06,donchian_channel_position,0.035306122448979585,49
2023-09-07,donchian_channel_position,0.07091836734693877,49
2023-09-08,donchian_channel_position,-0.15663265306122448,49
2023-09-11,donchian_channel_position,-0.0730612244897959,49
2023-09-12,donchian_channel_position,-0.1213265306122449,49
2023-09-13,donchian_channel_position,-0.23704081632653057,49
2023-09-14,donchian_channel_position,0.33836734693877546,49
2023-09-15,donchian_channel_position,-0.14516206482593036,50
2023-09-18,donchian_channel_position,0.27558223289315725,50
2023-09-20,donchian_channel_position,-0.36441776710684276,50
2023-09-21,donchian_channel_position,0.2037454981992797,50
2023-09-22,donchian_channel_position,-0.018583433373349337,50
2023-09-25,donchian_channel_position,-0.20605042016806724,50
2023-09-26,donchian_channel_position,-0.2776950780312125,50
2023-09-27,donchian_channel_position,0.07860744297719087,50
2023-09-28,donchian_channel_position,-0.1007923169267707,50
2023-09-29,donchian_channel_position,-0.08254501800720286,50
2023-10-03,donchian_channel_position,-0.42434573829531813,50
2023-10-04,donchian_channel_position,0.1316206482593037,50
2023-10-05,donchian_channel_position,-0.20432172869147658,50
2023-10-06,donchian_channel_position,0.08014405762304923,50
2023-10-09,donchian_channel_position,-0.17224489795918366,50
2023-10-10,donchian_channel_position,-0.28921968787515,50
2023-10-11,donchian_channel_position,0.0026410564225690276,50
2023-10-12,donchian_channel_position,0.23812725090036013,50
2023-10-13,donchian_channel_position,-0.21008403361344538,50
2023-10-16,donchian_channel_position,0.022232893157262904,50
2023-10-17,donchian_channel_position,0.09503001200480192,50
2023-10-18,donchian_channel_position,0.006578631452581032,50
2023-10-19,donchian_channel_position,-0.08254501800720286,50
2023-10-20,donchian_channel_position,0.09186074429771908,50
2023-10-23,donchian_channel_position,-0.17906362545018004,50
2023-10-25,donchian_channel_position,-0.09887154861944776,50
2023-10-26,donchian_channel_position,0.24177671068427373,50
2023-10-27,donchian_channel_position,-0.19318127250900358,50
2023-10-30,donchian_channel_position,0.004369747899159664,50
2023-10-31,donchian_channel_position,0.043841536614645855,50
2023-11-01,donchian_channel_position,-0.16849939975990394,50
2023-11-02,donchian_channel_position,-0.06871548619447777,50
2023-11-03,donchian_channel_position,-0.11087635054021608,50
2023-11-06,donchian_channel_position,0.17445378151260504,50
2023-11-07,donchian_channel_position,-0.04163265306122449,50
2023-11-08,donchian_channel_position,-0.12921968787515006,50
2023-11-09,donchian_channel_position,-0.1859783913565426,50
2023-11-10,donchian_channel_position,0.1474669867947179,50
2023-11-13,donchian_channel_position,-0.21507803121248498,50
2023-11-15,donchian_channel_position,-0.24024009603841537,50
2023-11-16,donchian_channel_position,-0.07841536614645858,50
2023-11-17,donchian_channel_position,0.07044417767106842,50
2023-11-20,donchian_channel_position,-0.14429771908763506,50
2023-11-21,donchian_channel_position,0.16667466986794718,50
2023-11-22,donchian_channel_position,-0.09406962785114045,50
2023-11-23,donchian_channel_position,-0.34348139255702276,50
2023-11-24,donchian_channel_position,-0.1479471788715486,50
2023-11-28,donchian_channel_position,-0.00773109243697479,50
2023-11-29,donchian_channel_position,0.029243697478991592,50
2023-11-30,donchian_channel_position,-0.09368547418967586,50
2023-12-01,donchian_channel_position,-0.23409363745498196,50
2023-12-04,donchian_channel_position,0.004945978391356542,50
2023-12-05,donchian_channel_position,-0.23447779111644657,50
2023-12-06,donchian_channel_position,-0.15870348139255702,50
2023-12-07,donchian_channel_position,0.0923409363745498,50
2023-12-08,donchian_channel_position,0.024921968787515004,50
2023-12-11,donchian_channel_position,0.15207683073229292,50
2023-12-12,donchian_channel_position,-0.1558223289315726,50
2023-12-13,donchian_channel_position,-0.268859543817527,50
2023-12-14,donchian_channel_position,0.2677070828331332,50
2023-12-15,donchian_channel_position,-0.008211284513805522,50
2023-12-18,donchian_channel_position,-0.1341176470588235,50
2023-12-19,donchian_channel_position,-0.28614645858343335,50
2023-12-20,donchian_channel_position,0.08600240096038414,50
2023-12-21,donchian_channel_position,-0.11500600240096039,50
2023-12-22,donchian_channel_position,0.1725330132052821,50
2023-12-26,donchian_channel_position,-0.05651860744297719,50
2023-12-27,donchian_channel_position,0.09512605042016806,50
2023-12-28,donchian_channel_position,-0.1837695078031212,50
2023-12-29,donchian_channel_position,-0.24830732292917165,50
